segmentation_method,image_id,region,original_image,region_file,pixel_count,tip_ratio,middle_ratio,root_ratio,left_ratio,center_ratio,right_ratio
tip_middle_root_1_2_2,1,舌根,/Users/yuchiwu/Desktop/tongue_project/images_json/1.JPG,/Users/yuchiwu/Desktop/tongue_project/output/tip_middle_root_1_2_2/regions/舌根/1.png,278370,0.2,0.4,0.4,0.25,0.5,0.25
tip_middle_root_1_2_2,1,舌尖,/Users/yuchiwu/Desktop/tongue_project/images_json/1.JPG,/Users/yuchiwu/Desktop/tongue_project/output/tip_middle_root_1_2_2/regions/舌尖/1.png,79063,0.2,0.4,0.4,0.25,0.5,0.25
tip_middle_root_1_2_2,1,舌左邊,/Users/yuchiwu/Desktop/tongue_project/images_json/1.JPG,/Users/yuchiwu/Desktop/tongue_project/output/tip_middle_root_1_2_2/regions/舌左邊/1.png,8342,0.2,0.4,0.4,0.25,0.5,0.25
tip_middle_root_1_2_2,1,舌中,/Users/yuchiwu/Desktop/tongue_project/images_json/1.JPG,/Users/yuchiwu/Desktop/tongue_project/output/tip_middle_root_1_2_2/regions/舌中/1.png,193382,0.2,0.4,0.4,0.25,0.5,0.25
tip_middle_root_1_2_2,1,舌右邊,/Users/yuchiwu/Desktop/tongue_project/images_json/1.JPG,/Users/yuchiwu/Desktop/tongue_project/output/tip_middle_root_1_2_2/regions/舌右邊/1.png,77961,0.2,0.4,0.4,0.25,0.5,0.25
tip_middle_root_1_2_2,10,舌根,/Users/yuchiwu/Desktop/tongue_project/images_json/10.jpg,/Users/yuchiwu/Desktop/tongue_project/output/tip_middle_root_1_2_2/regions/舌根/10.png,499829,0.2,0.4,0.4,0.25,0.5,0.25
tip_middle_root_1_2_2,10,舌尖,/Users/yuchiwu/Desktop/tongue_project/images_json/10.jpg,/Users/yuchiwu/Desktop/tongue_project/output/tip_middle_root_1_2_2/regions/舌尖/10.png,108549,0.2,0.4,0.4,0.25,0.5,0.25
tip_middle_root_1_2_2,10,舌左邊,/Users/yuchiwu/Desktop/tongue_project/images_json/10.jpg,/Users/yuchiwu/Desktop/tongue_project/output/tip_middle_root_1_2_2/regions/舌左邊/10.png,92768,0.2,0.4,0.4,0.25,0.5,0.25
tip_middle_root_1_2_2,10,舌中,/Users/yuchiwu/Desktop/tongue_project/images_json/10.jpg,/Users/yuchiwu/Desktop/tongue_project/output/tip_middle_root_1_2_2/regions/舌中/10.png,284262,0.2,0.4,0.4,0.25,0.5,0.25
tip_middle_root_1_2_2,10,舌右邊,/Users/yuchiwu/Desktop/tongue_project/images_json/10.jpg,/Users/yuchiwu/Desktop/tongue_project/output/tip_middle_root_1_2_2/regions/舌右邊/10.png,63400,0.2,0.4,0.4,0.25,0.5,0.25
tip_middle_root_1_2_2,100,舌根,/Users/yuchiwu/Desktop/tongue_project/images_json/100.JPG,/Users/yuchiwu/Desktop/tongue_project/output/tip_middle_root_1_2_2/regions/舌根/100.png,379244,0.2,0.4,0.4,0.25,0.5,0.25
tip_middle_root_1_2_2,100,舌尖,/Users/yuchiwu/Desktop/tongue_project/images_json/100.JPG,/Users/yuchiwu/Desktop/tongue_project/output/tip_middle_root_1_2_2/regions/舌尖/100.png,140239,0.2,0.4,0.4,0.25,0.5,0.25
tip_middle_root_1_2_2,100,舌左邊,/Users/yuchiwu/Desktop/tongue_project/images_json/100.JPG,/Users/yuchiwu/Desktop/tongue_project/output/tip_middle_root_1_2_2/regions/舌左邊/100.png,112820,0.2,0.4,0.4,0.25,0.5,0.25
tip_middle_root_1_2_2,100,舌中,/Users/yuchiwu/Desktop/tongue_project/images_json/100.JPG,/Users/yuchiwu/Desktop/tongue_project/output/tip_middle_root_1_2_2/regions/舌中/100.png,244500,0.2,0.4,0.4,0.25,0.5,0.25
tip_middle_root_1_2_2,100,舌右邊,/Users/yuchiwu/Desktop/tongue_project/images_json/100.JPG,/Users/yuchiwu/Desktop/tongue_project/output/tip_middle_root_1_2_2/regions/舌右邊/100.png,108295,0.2,0.4,0.4,0.25,0.5,0.25
tip_middle_root_1_2_2,11,舌根,/Users/yuchiwu/Desktop/tongue_project/images_json/11.jpg,/Users/yuchiwu/Desktop/tongue_project/output/tip_middle_root_1_2_2/regions/舌根/11.png,420767,0.2,0.4,0.4,0.25,0.5,0.25
tip_middle_root_1_2_2,11,舌尖,/Users/yuchiwu/Desktop/tongue_project/images_json/11.jpg,/Users/yuchiwu/Desktop/tongue_project/output/tip_middle_root_1_2_2/regions/舌尖/11.png,85645,0.2,0.4,0.4,0.25,0.5,0.25
tip_middle_root_1_2_2,11,舌左邊,/Users/yuchiwu/Desktop/tongue_project/images_json/11.jpg,/Users/yuchiwu/Desktop/tongue_project/output/tip_middle_root_1_2_2/regions/舌左邊/11.png,53479,0.2,0.4,0.4,0.25,0.5,0.25
tip_middle_root_1_2_2,11,舌中,/Users/yuchiwu/Desktop/tongue_project/images_json/11.jpg,/Users/yuchiwu/Desktop/tongue_project/output/tip_middle_root_1_2_2/regions/舌中/11.png,238289,0.2,0.4,0.4,0.25,0.5,0.25
tip_middle_root_1_2_2,11,舌右邊,/Users/yuchiwu/Desktop/tongue_project/images_json/11.jpg,/Users/yuchiwu/Desktop/tongue_project/output/tip_middle_root_1_2_2/regions/舌右邊/11.png,76756,0.2,0.4,0.4,0.25,0.5,0.25
tip_middle_root_1_2_2,12,舌根,/Users/yuchiwu/Desktop/tongue_project/images_json/12.JPG,/Users/yuchiwu/Desktop/tongue_project/output/tip_middle_root_1_2_2/regions/舌根/12.png,414054,0.2,0.4,0.4,0.25,0.5,0.25
tip_middle_root_1_2_2,12,舌尖,/Users/yuchiwu/Desktop/tongue_project/images_json/12.JPG,/Users/yuchiwu/Desktop/tongue_project/output/tip_middle_root_1_2_2/regions/舌尖/12.png,138440,0.2,0.4,0.4,0.25,0.5,0.25
tip_middle_root_1_2_2,12,舌左邊,/Users/yuchiwu/Desktop/tongue_project/images_json/12.JPG,/Users/yuchiwu/Desktop/tongue_project/output/tip_middle_root_1_2_2/regions/舌左邊/12.png,115121,0.2,0.4,0.4,0.25,0.5,0.25
tip_middle_root_1_2_2,12,舌中,/Users/yuchiwu/Desktop/tongue_project/images_json/12.JPG,/Users/yuchiwu/Desktop/tongue_project/output/tip_middle_root_1_2_2/regions/舌中/12.png,255915,0.2,0.4,0.4,0.25,0.5,0.25
tip_middle_root_1_2_2,12,舌右邊,/Users/yuchiwu/Desktop/tongue_project/images_json/12.JPG,/Users/yuchiwu/Desktop/tongue_project/output/tip_middle_root_1_2_2/regions/舌右邊/12.png,114456,0.2,0.4,0.4,0.25,0.5,0.25
tip_middle_root_1_2_2,13,舌根,/Users/yuchiwu/Desktop/tongue_project/images_json/13.jpg,/Users/yuchiwu/Desktop/tongue_project/output/tip_middle_root_1_2_2/regions/舌根/13.png,370127,0.2,0.4,0.4,0.25,0.5,0.25
tip_middle_root_1_2_2,13,舌尖,/Users/yuchiwu/Desktop/tongue_project/images_json/13.jpg,/Users/yuchiwu/Desktop/tongue_project/output/tip_middle_root_1_2_2/regions/舌尖/13.png,145598,0.2,0.4,0.4,0.25,0.5,0.25
tip_middle_root_1_2_2,13,舌左邊,/Users/yuchiwu/Desktop/tongue_project/images_json/13.jpg,/Users/yuchiwu/Desktop/tongue_project/output/tip_middle_root_1_2_2/regions/舌左邊/13.png,105795,0.2,0.4,0.4,0.25,0.5,0.25
tip_middle_root_1_2_2,13,舌中,/Users/yuchiwu/Desktop/tongue_project/images_json/13.jpg,/Users/yuchiwu/Desktop/tongue_project/output/tip_middle_root_1_2_2/regions/舌中/13.png,231976,0.2,0.4,0.4,0.25,0.5,0.25
tip_middle_root_1_2_2,13,舌右邊,/Users/yuchiwu/Desktop/tongue_project/images_json/13.jpg,/Users/yuchiwu/Desktop/tongue_project/output/tip_middle_root_1_2_2/regions/舌右邊/13.png,101428,0.2,0.4,0.4,0.25,0.5,0.25
tip_middle_root_1_2_2,14,舌根,/Users/yuchiwu/Desktop/tongue_project/images_json/14.JPG,/Users/yuchiwu/Desktop/tongue_project/output/tip_middle_root_1_2_2/regions/舌根/14.png,281320,0.2,0.4,0.4,0.25,0.5,0.25
tip_middle_root_1_2_2,14,舌尖,/Users/yuchiwu/Desktop/tongue_project/images_json/14.JPG,/Users/yuchiwu/Desktop/tongue_project/output/tip_middle_root_1_2_2/regions/舌尖/14.png,58462,0.2,0.4,0.4,0.25,0.5,0.25
tip_middle_root_1_2_2,14,舌左邊,/Users/yuchiwu/Desktop/tongue_project/images_json/14.JPG,/Users/yuchiwu/Desktop/tongue_project/output/tip_middle_root_1_2_2/regions/舌左邊/14.png,15914,0.2,0.4,0.4,0.25,0.5,0.25
tip_middle_root_1_2_2,14,舌中,/Users/yuchiwu/Desktop/tongue_project/images_json/14.JPG,/Users/yuchiwu/Desktop/tongue_project/output/tip_middle_root_1_2_2/regions/舌中/14.png,150850,0.2,0.4,0.4,0.25,0.5,0.25
tip_middle_root_1_2_2,14,舌右邊,/Users/yuchiwu/Desktop/tongue_project/images_json/14.JPG,/Users/yuchiwu/Desktop/tongue_project/output/tip_middle_root_1_2_2/regions/舌右邊/14.png,71105,0.2,0.4,0.4,0.25,0.5,0.25
tip_middle_root_1_2_2,15,舌根,/Users/yuchiwu/Desktop/tongue_project/images_json/15.JPG,/Users/yuchiwu/Desktop/tongue_project/output/tip_middle_root_1_2_2/regions/舌根/15.png,399834,0.2,0.4,0.4,0.25,0.5,0.25
tip_middle_root_1_2_2,15,舌尖,/Users/yuchiwu/Desktop/tongue_project/images_json/15.JPG,/Users/yuchiwu/Desktop/tongue_project/output/tip_middle_root_1_2_2/regions/舌尖/15.png,138210,0.2,0.4,0.4,0.25,0.5,0.25
tip_middle_root_1_2_2,15,舌左邊,/Users/yuchiwu/Desktop/tongue_project/images_json/15.JPG,/Users/yuchiwu/Desktop/tongue_project/output/tip_middle_root_1_2_2/regions/舌左邊/15.png,112919,0.2,0.4,0.4,0.25,0.5,0.25
tip_middle_root_1_2_2,15,舌中,/Users/yuchiwu/Desktop/tongue_project/images_json/15.JPG,/Users/yuchiwu/Desktop/tongue_project/output/tip_middle_root_1_2_2/regions/舌中/15.png,245021,0.2,0.4,0.4,0.25,0.5,0.25
tip_middle_root_1_2_2,15,舌右邊,/Users/yuchiwu/Desktop/tongue_project/images_json/15.JPG,/Users/yuchiwu/Desktop/tongue_project/output/tip_middle_root_1_2_2/regions/舌右邊/15.png,106856,0.2,0.4,0.4,0.25,0.5,0.25
tip_middle_root_1_2_2,16,舌根,/Users/yuchiwu/Desktop/tongue_project/images_json/16.JPG,/Users/yuchiwu/Desktop/tongue_project/output/tip_middle_root_1_2_2/regions/舌根/16.png,736428,0.2,0.4,0.4,0.25,0.5,0.25
tip_middle_root_1_2_2,16,舌尖,/Users/yuchiwu/Desktop/tongue_project/images_json/16.JPG,/Users/yuchiwu/Desktop/tongue_project/output/tip_middle_root_1_2_2/regions/舌尖/16.png,217134,0.2,0.4,0.4,0.25,0.5,0.25
tip_middle_root_1_2_2,16,舌左邊,/Users/yuchiwu/Desktop/tongue_project/images_json/16.JPG,/Users/yuchiwu/Desktop/tongue_project/output/tip_middle_root_1_2_2/regions/舌左邊/16.png,139921,0.2,0.4,0.4,0.25,0.5,0.25
tip_middle_root_1_2_2,16,舌中,/Users/yuchiwu/Desktop/tongue_project/images_json/16.JPG,/Users/yuchiwu/Desktop/tongue_project/output/tip_middle_root_1_2_2/regions/舌中/16.png,395148,0.2,0.4,0.4,0.25,0.5,0.25
tip_middle_root_1_2_2,16,舌右邊,/Users/yuchiwu/Desktop/tongue_project/images_json/16.JPG,/Users/yuchiwu/Desktop/tongue_project/output/tip_middle_root_1_2_2/regions/舌右邊/16.png,122430,0.2,0.4,0.4,0.25,0.5,0.25
tip_middle_root_1_2_2,17,舌根,/Users/yuchiwu/Desktop/tongue_project/images_json/17.jpg,/Users/yuchiwu/Desktop/tongue_project/output/tip_middle_root_1_2_2/regions/舌根/17.png,344213,0.2,0.4,0.4,0.25,0.5,0.25
tip_middle_root_1_2_2,17,舌尖,/Users/yuchiwu/Desktop/tongue_project/images_json/17.jpg,/Users/yuchiwu/Desktop/tongue_project/output/tip_middle_root_1_2_2/regions/舌尖/17.png,123238,0.2,0.4,0.4,0.25,0.5,0.25
tip_middle_root_1_2_2,17,舌左邊,/Users/yuchiwu/Desktop/tongue_project/images_json/17.jpg,/Users/yuchiwu/Desktop/tongue_project/output/tip_middle_root_1_2_2/regions/舌左邊/17.png,97514,0.2,0.4,0.4,0.25,0.5,0.25
tip_middle_root_1_2_2,17,舌中,/Users/yuchiwu/Desktop/tongue_project/images_json/17.jpg,/Users/yuchiwu/Desktop/tongue_project/output/tip_middle_root_1_2_2/regions/舌中/17.png,217382,0.2,0.4,0.4,0.25,0.5,0.25
tip_middle_root_1_2_2,17,舌右邊,/Users/yuchiwu/Desktop/tongue_project/images_json/17.jpg,/Users/yuchiwu/Desktop/tongue_project/output/tip_middle_root_1_2_2/regions/舌右邊/17.png,83985,0.2,0.4,0.4,0.25,0.5,0.25
tip_middle_root_1_2_2,18,舌根,/Users/yuchiwu/Desktop/tongue_project/images_json/18.JPG,/Users/yuchiwu/Desktop/tongue_project/output/tip_middle_root_1_2_2/regions/舌根/18.png,856209,0.2,0.4,0.4,0.25,0.5,0.25
tip_middle_root_1_2_2,18,舌尖,/Users/yuchiwu/Desktop/tongue_project/images_json/18.JPG,/Users/yuchiwu/Desktop/tongue_project/output/tip_middle_root_1_2_2/regions/舌尖/18.png,323599,0.2,0.4,0.4,0.25,0.5,0.25
tip_middle_root_1_2_2,18,舌左邊,/Users/yuchiwu/Desktop/tongue_project/images_json/18.JPG,/Users/yuchiwu/Desktop/tongue_project/output/tip_middle_root_1_2_2/regions/舌左邊/18.png,142400,0.2,0.4,0.4,0.25,0.5,0.25
tip_middle_root_1_2_2,18,舌中,/Users/yuchiwu/Desktop/tongue_project/images_json/18.JPG,/Users/yuchiwu/Desktop/tongue_project/output/tip_middle_root_1_2_2/regions/舌中/18.png,443700,0.2,0.4,0.4,0.25,0.5,0.25
tip_middle_root_1_2_2,18,舌右邊,/Users/yuchiwu/Desktop/tongue_project/images_json/18.JPG,/Users/yuchiwu/Desktop/tongue_project/output/tip_middle_root_1_2_2/regions/舌右邊/18.png,216007,0.2,0.4,0.4,0.25,0.5,0.25
tip_middle_root_1_2_2,19,舌根,/Users/yuchiwu/Desktop/tongue_project/images_json/19.jpg,/Users/yuchiwu/Desktop/tongue_project/output/tip_middle_root_1_2_2/regions/舌根/19.png,816392,0.2,0.4,0.4,0.25,0.5,0.25
tip_middle_root_1_2_2,19,舌尖,/Users/yuchiwu/Desktop/tongue_project/images_json/19.jpg,/Users/yuchiwu/Desktop/tongue_project/output/tip_middle_root_1_2_2/regions/舌尖/19.png,333052,0.2,0.4,0.4,0.25,0.5,0.25
tip_middle_root_1_2_2,19,舌左邊,/Users/yuchiwu/Desktop/tongue_project/images_json/19.jpg,/Users/yuchiwu/Desktop/tongue_project/output/tip_middle_root_1_2_2/regions/舌左邊/19.png,255095,0.2,0.4,0.4,0.25,0.5,0.25
tip_middle_root_1_2_2,19,舌中,/Users/yuchiwu/Desktop/tongue_project/images_json/19.jpg,/Users/yuchiwu/Desktop/tongue_project/output/tip_middle_root_1_2_2/regions/舌中/19.png,524475,0.2,0.4,0.4,0.25,0.5,0.25
tip_middle_root_1_2_2,19,舌右邊,/Users/yuchiwu/Desktop/tongue_project/images_json/19.jpg,/Users/yuchiwu/Desktop/tongue_project/output/tip_middle_root_1_2_2/regions/舌右邊/19.png,230693,0.2,0.4,0.4,0.25,0.5,0.25
tip_middle_root_1_2_2,2,舌根,/Users/yuchiwu/Desktop/tongue_project/images_json/2.jpg,/Users/yuchiwu/Desktop/tongue_project/output/tip_middle_root_1_2_2/regions/舌根/2.png,262896,0.2,0.4,0.4,0.25,0.5,0.25
tip_middle_root_1_2_2,2,舌尖,/Users/yuchiwu/Desktop/tongue_project/images_json/2.jpg,/Users/yuchiwu/Desktop/tongue_project/output/tip_middle_root_1_2_2/regions/舌尖/2.png,85333,0.2,0.4,0.4,0.25,0.5,0.25
tip_middle_root_1_2_2,2,舌左邊,/Users/yuchiwu/Desktop/tongue_project/images_json/2.jpg,/Users/yuchiwu/Desktop/tongue_project/output/tip_middle_root_1_2_2/regions/舌左邊/2.png,73423,0.2,0.4,0.4,0.25,0.5,0.25
tip_middle_root_1_2_2,2,舌中,/Users/yuchiwu/Desktop/tongue_project/images_json/2.jpg,/Users/yuchiwu/Desktop/tongue_project/output/tip_middle_root_1_2_2/regions/舌中/2.png,173228,0.2,0.4,0.4,0.25,0.5,0.25
tip_middle_root_1_2_2,2,舌右邊,/Users/yuchiwu/Desktop/tongue_project/images_json/2.jpg,/Users/yuchiwu/Desktop/tongue_project/output/tip_middle_root_1_2_2/regions/舌右邊/2.png,71179,0.2,0.4,0.4,0.25,0.5,0.25
tip_middle_root_1_2_2,20,舌根,/Users/yuchiwu/Desktop/tongue_project/images_json/20.jpg,/Users/yuchiwu/Desktop/tongue_project/output/tip_middle_root_1_2_2/regions/舌根/20.png,705266,0.2,0.4,0.4,0.25,0.5,0.25
tip_middle_root_1_2_2,20,舌尖,/Users/yuchiwu/Desktop/tongue_project/images_json/20.jpg,/Users/yuchiwu/Desktop/tongue_project/output/tip_middle_root_1_2_2/regions/舌尖/20.png,201404,0.2,0.4,0.4,0.25,0.5,0.25
tip_middle_root_1_2_2,20,舌左邊,/Users/yuchiwu/Desktop/tongue_project/images_json/20.jpg,/Users/yuchiwu/Desktop/tongue_project/output/tip_middle_root_1_2_2/regions/舌左邊/20.png,176647,0.2,0.4,0.4,0.25,0.5,0.25
tip_middle_root_1_2_2,20,舌中,/Users/yuchiwu/Desktop/tongue_project/images_json/20.jpg,/Users/yuchiwu/Desktop/tongue_project/output/tip_middle_root_1_2_2/regions/舌中/20.png,400520,0.2,0.4,0.4,0.25,0.5,0.25
tip_middle_root_1_2_2,20,舌右邊,/Users/yuchiwu/Desktop/tongue_project/images_json/20.jpg,/Users/yuchiwu/Desktop/tongue_project/output/tip_middle_root_1_2_2/regions/舌右邊/20.png,132820,0.2,0.4,0.4,0.25,0.5,0.25
tip_middle_root_1_2_2,21,舌根,/Users/yuchiwu/Desktop/tongue_project/images_json/21.JPG,/Users/yuchiwu/Desktop/tongue_project/output/tip_middle_root_1_2_2/regions/舌根/21.png,908125,0.2,0.4,0.4,0.25,0.5,0.25
tip_middle_root_1_2_2,21,舌尖,/Users/yuchiwu/Desktop/tongue_project/images_json/21.JPG,/Users/yuchiwu/Desktop/tongue_project/output/tip_middle_root_1_2_2/regions/舌尖/21.png,334610,0.2,0.4,0.4,0.25,0.5,0.25
tip_middle_root_1_2_2,21,舌左邊,/Users/yuchiwu/Desktop/tongue_project/images_json/21.JPG,/Users/yuchiwu/Desktop/tongue_project/output/tip_middle_root_1_2_2/regions/舌左邊/21.png,263206,0.2,0.4,0.4,0.25,0.5,0.25
tip_middle_root_1_2_2,21,舌中,/Users/yuchiwu/Desktop/tongue_project/images_json/21.JPG,/Users/yuchiwu/Desktop/tongue_project/output/tip_middle_root_1_2_2/regions/舌中/21.png,543899,0.2,0.4,0.4,0.25,0.5,0.25
tip_middle_root_1_2_2,21,舌右邊,/Users/yuchiwu/Desktop/tongue_project/images_json/21.JPG,/Users/yuchiwu/Desktop/tongue_project/output/tip_middle_root_1_2_2/regions/舌右邊/21.png,47952,0.2,0.4,0.4,0.25,0.5,0.25
tip_middle_root_1_2_2,22,舌根,/Users/yuchiwu/Desktop/tongue_project/images_json/22.JPG,/Users/yuchiwu/Desktop/tongue_project/output/tip_middle_root_1_2_2/regions/舌根/22.png,716956,0.2,0.4,0.4,0.25,0.5,0.25
tip_middle_root_1_2_2,22,舌尖,/Users/yuchiwu/Desktop/tongue_project/images_json/22.JPG,/Users/yuchiwu/Desktop/tongue_project/output/tip_middle_root_1_2_2/regions/舌尖/22.png,228551,0.2,0.4,0.4,0.25,0.5,0.25
tip_middle_root_1_2_2,22,舌左邊,/Users/yuchiwu/Desktop/tongue_project/images_json/22.JPG,/Users/yuchiwu/Desktop/tongue_project/output/tip_middle_root_1_2_2/regions/舌左邊/22.png,193942,0.2,0.4,0.4,0.25,0.5,0.25
tip_middle_root_1_2_2,22,舌中,/Users/yuchiwu/Desktop/tongue_project/images_json/22.JPG,/Users/yuchiwu/Desktop/tongue_project/output/tip_middle_root_1_2_2/regions/舌中/22.png,447712,0.2,0.4,0.4,0.25,0.5,0.25
tip_middle_root_1_2_2,22,舌右邊,/Users/yuchiwu/Desktop/tongue_project/images_json/22.JPG,/Users/yuchiwu/Desktop/tongue_project/output/tip_middle_root_1_2_2/regions/舌右邊/22.png,184304,0.2,0.4,0.4,0.25,0.5,0.25
tip_middle_root_1_2_2,23,舌根,/Users/yuchiwu/Desktop/tongue_project/images_json/23.jpg,/Users/yuchiwu/Desktop/tongue_project/output/tip_middle_root_1_2_2/regions/舌根/23.png,784304,0.2,0.4,0.4,0.25,0.5,0.25
tip_middle_root_1_2_2,23,舌尖,/Users/yuchiwu/Desktop/tongue_project/images_json/23.jpg,/Users/yuchiwu/Desktop/tongue_project/output/tip_middle_root_1_2_2/regions/舌尖/23.png,291939,0.2,0.4,0.4,0.25,0.5,0.25
tip_middle_root_1_2_2,23,舌左邊,/Users/yuchiwu/Desktop/tongue_project/images_json/23.jpg,/Users/yuchiwu/Desktop/tongue_project/output/tip_middle_root_1_2_2/regions/舌左邊/23.png,191322,0.2,0.4,0.4,0.25,0.5,0.25
tip_middle_root_1_2_2,23,舌中,/Users/yuchiwu/Desktop/tongue_project/images_json/23.jpg,/Users/yuchiwu/Desktop/tongue_project/output/tip_middle_root_1_2_2/regions/舌中/23.png,486200,0.2,0.4,0.4,0.25,0.5,0.25
tip_middle_root_1_2_2,23,舌右邊,/Users/yuchiwu/Desktop/tongue_project/images_json/23.jpg,/Users/yuchiwu/Desktop/tongue_project/output/tip_middle_root_1_2_2/regions/舌右邊/23.png,223273,0.2,0.4,0.4,0.25,0.5,0.25
tip_middle_root_1_2_2,24,舌根,/Users/yuchiwu/Desktop/tongue_project/images_json/24.jpg,/Users/yuchiwu/Desktop/tongue_project/output/tip_middle_root_1_2_2/regions/舌根/24.png,684236,0.2,0.4,0.4,0.25,0.5,0.25
tip_middle_root_1_2_2,24,舌尖,/Users/yuchiwu/Desktop/tongue_project/images_json/24.jpg,/Users/yuchiwu/Desktop/tongue_project/output/tip_middle_root_1_2_2/regions/舌尖/24.png,210268,0.2,0.4,0.4,0.25,0.5,0.25
tip_middle_root_1_2_2,24,舌左邊,/Users/yuchiwu/Desktop/tongue_project/images_json/24.jpg,/Users/yuchiwu/Desktop/tongue_project/output/tip_middle_root_1_2_2/regions/舌左邊/24.png,145218,0.2,0.4,0.4,0.25,0.5,0.25
tip_middle_root_1_2_2,24,舌中,/Users/yuchiwu/Desktop/tongue_project/images_json/24.jpg,/Users/yuchiwu/Desktop/tongue_project/output/tip_middle_root_1_2_2/regions/舌中/24.png,368764,0.2,0.4,0.4,0.25,0.5,0.25
tip_middle_root_1_2_2,24,舌右邊,/Users/yuchiwu/Desktop/tongue_project/images_json/24.jpg,/Users/yuchiwu/Desktop/tongue_project/output/tip_middle_root_1_2_2/regions/舌右邊/24.png,158277,0.2,0.4,0.4,0.25,0.5,0.25
tip_middle_root_1_2_2,25,舌根,/Users/yuchiwu/Desktop/tongue_project/images_json/25.JPG,/Users/yuchiwu/Desktop/tongue_project/output/tip_middle_root_1_2_2/regions/舌根/25.png,932398,0.2,0.4,0.4,0.25,0.5,0.25
tip_middle_root_1_2_2,25,舌尖,/Users/yuchiwu/Desktop/tongue_project/images_json/25.JPG,/Users/yuchiwu/Desktop/tongue_project/output/tip_middle_root_1_2_2/regions/舌尖/25.png,324193,0.2,0.4,0.4,0.25,0.5,0.25
tip_middle_root_1_2_2,25,舌左邊,/Users/yuchiwu/Desktop/tongue_project/images_json/25.JPG,/Users/yuchiwu/Desktop/tongue_project/output/tip_middle_root_1_2_2/regions/舌左邊/25.png,254094,0.2,0.4,0.4,0.25,0.5,0.25
tip_middle_root_1_2_2,25,舌中,/Users/yuchiwu/Desktop/tongue_project/images_json/25.JPG,/Users/yuchiwu/Desktop/tongue_project/output/tip_middle_root_1_2_2/regions/舌中/25.png,541761,0.2,0.4,0.4,0.25,0.5,0.25
tip_middle_root_1_2_2,25,舌右邊,/Users/yuchiwu/Desktop/tongue_project/images_json/25.JPG,/Users/yuchiwu/Desktop/tongue_project/output/tip_middle_root_1_2_2/regions/舌右邊/25.png,39260,0.2,0.4,0.4,0.25,0.5,0.25
tip_middle_root_1_2_2,26,舌根,/Users/yuchiwu/Desktop/tongue_project/images_json/26.jpg,/Users/yuchiwu/Desktop/tongue_project/output/tip_middle_root_1_2_2/regions/舌根/26.png,861490,0.2,0.4,0.4,0.25,0.5,0.25
tip_middle_root_1_2_2,26,舌尖,/Users/yuchiwu/Desktop/tongue_project/images_json/26.jpg,/Users/yuchiwu/Desktop/tongue_project/output/tip_middle_root_1_2_2/regions/舌尖/26.png,224198,0.2,0.4,0.4,0.25,0.5,0.25
tip_middle_root_1_2_2,26,舌左邊,/Users/yuchiwu/Desktop/tongue_project/images_json/26.jpg,/Users/yuchiwu/Desktop/tongue_project/output/tip_middle_root_1_2_2/regions/舌左邊/26.png,204275,0.2,0.4,0.4,0.25,0.5,0.25
tip_middle_root_1_2_2,26,舌中,/Users/yuchiwu/Desktop/tongue_project/images_json/26.jpg,/Users/yuchiwu/Desktop/tongue_project/output/tip_middle_root_1_2_2/regions/舌中/26.png,508992,0.2,0.4,0.4,0.25,0.5,0.25
tip_middle_root_1_2_2,26,舌右邊,/Users/yuchiwu/Desktop/tongue_project/images_json/26.jpg,/Users/yuchiwu/Desktop/tongue_project/output/tip_middle_root_1_2_2/regions/舌右邊/26.png,212614,0.2,0.4,0.4,0.25,0.5,0.25
tip_middle_root_1_2_2,27,舌根,/Users/yuchiwu/Desktop/tongue_project/images_json/27.jpg,/Users/yuchiwu/Desktop/tongue_project/output/tip_middle_root_1_2_2/regions/舌根/27.png,1168999,0.2,0.4,0.4,0.25,0.5,0.25
tip_middle_root_1_2_2,27,舌尖,/Users/yuchiwu/Desktop/tongue_project/images_json/27.jpg,/Users/yuchiwu/Desktop/tongue_project/output/tip_middle_root_1_2_2/regions/舌尖/27.png,438014,0.2,0.4,0.4,0.25,0.5,0.25
tip_middle_root_1_2_2,27,舌左邊,/Users/yuchiwu/Desktop/tongue_project/images_json/27.jpg,/Users/yuchiwu/Desktop/tongue_project/output/tip_middle_root_1_2_2/regions/舌左邊/27.png,339710,0.2,0.4,0.4,0.25,0.5,0.25
tip_middle_root_1_2_2,27,舌中,/Users/yuchiwu/Desktop/tongue_project/images_json/27.jpg,/Users/yuchiwu/Desktop/tongue_project/output/tip_middle_root_1_2_2/regions/舌中/27.png,709804,0.2,0.4,0.4,0.25,0.5,0.25
tip_middle_root_1_2_2,27,舌右邊,/Users/yuchiwu/Desktop/tongue_project/images_json/27.jpg,/Users/yuchiwu/Desktop/tongue_project/output/tip_middle_root_1_2_2/regions/舌右邊/27.png,265815,0.2,0.4,0.4,0.25,0.5,0.25
tip_middle_root_1_2_2,28,舌根,/Users/yuchiwu/Desktop/tongue_project/images_json/28.JPG,/Users/yuchiwu/Desktop/tongue_project/output/tip_middle_root_1_2_2/regions/舌根/28.png,466057,0.2,0.4,0.4,0.25,0.5,0.25
tip_middle_root_1_2_2,28,舌尖,/Users/yuchiwu/Desktop/tongue_project/images_json/28.JPG,/Users/yuchiwu/Desktop/tongue_project/output/tip_middle_root_1_2_2/regions/舌尖/28.png,156566,0.2,0.4,0.4,0.25,0.5,0.25
tip_middle_root_1_2_2,28,舌左邊,/Users/yuchiwu/Desktop/tongue_project/images_json/28.JPG,/Users/yuchiwu/Desktop/tongue_project/output/tip_middle_root_1_2_2/regions/舌左邊/28.png,130915,0.2,0.4,0.4,0.25,0.5,0.25
tip_middle_root_1_2_2,28,舌中,/Users/yuchiwu/Desktop/tongue_project/images_json/28.JPG,/Users/yuchiwu/Desktop/tongue_project/output/tip_middle_root_1_2_2/regions/舌中/28.png,287736,0.2,0.4,0.4,0.25,0.5,0.25
tip_middle_root_1_2_2,28,舌右邊,/Users/yuchiwu/Desktop/tongue_project/images_json/28.JPG,/Users/yuchiwu/Desktop/tongue_project/output/tip_middle_root_1_2_2/regions/舌右邊/28.png,120178,0.2,0.4,0.4,0.25,0.5,0.25
tip_middle_root_1_2_2,29,舌根,/Users/yuchiwu/Desktop/tongue_project/images_json/29.jpg,/Users/yuchiwu/Desktop/tongue_project/output/tip_middle_root_1_2_2/regions/舌根/29.png,523701,0.2,0.4,0.4,0.25,0.5,0.25
tip_middle_root_1_2_2,29,舌尖,/Users/yuchiwu/Desktop/tongue_project/images_json/29.jpg,/Users/yuchiwu/Desktop/tongue_project/output/tip_middle_root_1_2_2/regions/舌尖/29.png,178950,0.2,0.4,0.4,0.25,0.5,0.25
tip_middle_root_1_2_2,29,舌左邊,/Users/yuchiwu/Desktop/tongue_project/images_json/29.jpg,/Users/yuchiwu/Desktop/tongue_project/output/tip_middle_root_1_2_2/regions/舌左邊/29.png,123394,0.2,0.4,0.4,0.25,0.5,0.25
tip_middle_root_1_2_2,29,舌中,/Users/yuchiwu/Desktop/tongue_project/images_json/29.jpg,/Users/yuchiwu/Desktop/tongue_project/output/tip_middle_root_1_2_2/regions/舌中/29.png,320000,0.2,0.4,0.4,0.25,0.5,0.25
tip_middle_root_1_2_2,29,舌右邊,/Users/yuchiwu/Desktop/tongue_project/images_json/29.jpg,/Users/yuchiwu/Desktop/tongue_project/output/tip_middle_root_1_2_2/regions/舌右邊/29.png,140220,0.2,0.4,0.4,0.25,0.5,0.25
tip_middle_root_1_2_2,3,舌根,/Users/yuchiwu/Desktop/tongue_project/images_json/3.JPG,/Users/yuchiwu/Desktop/tongue_project/output/tip_middle_root_1_2_2/regions/舌根/3.png,570153,0.2,0.4,0.4,0.25,0.5,0.25
tip_middle_root_1_2_2,3,舌尖,/Users/yuchiwu/Desktop/tongue_project/images_json/3.JPG,/Users/yuchiwu/Desktop/tongue_project/output/tip_middle_root_1_2_2/regions/舌尖/3.png,192336,0.2,0.4,0.4,0.25,0.5,0.25
tip_middle_root_1_2_2,3,舌左邊,/Users/yuchiwu/Desktop/tongue_project/images_json/3.JPG,/Users/yuchiwu/Desktop/tongue_project/output/tip_middle_root_1_2_2/regions/舌左邊/3.png,131324,0.2,0.4,0.4,0.25,0.5,0.25
tip_middle_root_1_2_2,3,舌中,/Users/yuchiwu/Desktop/tongue_project/images_json/3.JPG,/Users/yuchiwu/Desktop/tongue_project/output/tip_middle_root_1_2_2/regions/舌中/3.png,310860,0.2,0.4,0.4,0.25,0.5,0.25
tip_middle_root_1_2_2,3,舌右邊,/Users/yuchiwu/Desktop/tongue_project/images_json/3.JPG,/Users/yuchiwu/Desktop/tongue_project/output/tip_middle_root_1_2_2/regions/舌右邊/3.png,64509,0.2,0.4,0.4,0.25,0.5,0.25
tip_middle_root_1_2_2,30,舌根,/Users/yuchiwu/Desktop/tongue_project/images_json/30.jpg,/Users/yuchiwu/Desktop/tongue_project/output/tip_middle_root_1_2_2/regions/舌根/30.png,486587,0.2,0.4,0.4,0.25,0.5,0.25
tip_middle_root_1_2_2,30,舌尖,/Users/yuchiwu/Desktop/tongue_project/images_json/30.jpg,/Users/yuchiwu/Desktop/tongue_project/output/tip_middle_root_1_2_2/regions/舌尖/30.png,132921,0.2,0.4,0.4,0.25,0.5,0.25
tip_middle_root_1_2_2,30,舌左邊,/Users/yuchiwu/Desktop/tongue_project/images_json/30.jpg,/Users/yuchiwu/Desktop/tongue_project/output/tip_middle_root_1_2_2/regions/舌左邊/30.png,102538,0.2,0.4,0.4,0.25,0.5,0.25
tip_middle_root_1_2_2,30,舌中,/Users/yuchiwu/Desktop/tongue_project/images_json/30.jpg,/Users/yuchiwu/Desktop/tongue_project/output/tip_middle_root_1_2_2/regions/舌中/30.png,258230,0.2,0.4,0.4,0.25,0.5,0.25
tip_middle_root_1_2_2,30,舌右邊,/Users/yuchiwu/Desktop/tongue_project/images_json/30.jpg,/Users/yuchiwu/Desktop/tongue_project/output/tip_middle_root_1_2_2/regions/舌右邊/30.png,69202,0.2,0.4,0.4,0.25,0.5,0.25
tip_middle_root_1_2_2,31,舌根,/Users/yuchiwu/Desktop/tongue_project/images_json/31.jpg,/Users/yuchiwu/Desktop/tongue_project/output/tip_middle_root_1_2_2/regions/舌根/31.png,499216,0.2,0.4,0.4,0.25,0.5,0.25
tip_middle_root_1_2_2,31,舌尖,/Users/yuchiwu/Desktop/tongue_project/images_json/31.jpg,/Users/yuchiwu/Desktop/tongue_project/output/tip_middle_root_1_2_2/regions/舌尖/31.png,178799,0.2,0.4,0.4,0.25,0.5,0.25
tip_middle_root_1_2_2,31,舌左邊,/Users/yuchiwu/Desktop/tongue_project/images_json/31.jpg,/Users/yuchiwu/Desktop/tongue_project/output/tip_middle_root_1_2_2/regions/舌左邊/31.png,142363,0.2,0.4,0.4,0.25,0.5,0.25
tip_middle_root_1_2_2,31,舌中,/Users/yuchiwu/Desktop/tongue_project/images_json/31.jpg,/Users/yuchiwu/Desktop/tongue_project/output/tip_middle_root_1_2_2/regions/舌中/31.png,301020,0.2,0.4,0.4,0.25,0.5,0.25
tip_middle_root_1_2_2,31,舌右邊,/Users/yuchiwu/Desktop/tongue_project/images_json/31.jpg,/Users/yuchiwu/Desktop/tongue_project/output/tip_middle_root_1_2_2/regions/舌右邊/31.png,108511,0.2,0.4,0.4,0.25,0.5,0.25
tip_middle_root_1_2_2,32,舌根,/Users/yuchiwu/Desktop/tongue_project/images_json/32.jpg,/Users/yuchiwu/Desktop/tongue_project/output/tip_middle_root_1_2_2/regions/舌根/32.png,475910,0.2,0.4,0.4,0.25,0.5,0.25
tip_middle_root_1_2_2,32,舌尖,/Users/yuchiwu/Desktop/tongue_project/images_json/32.jpg,/Users/yuchiwu/Desktop/tongue_project/output/tip_middle_root_1_2_2/regions/舌尖/32.png,123092,0.2,0.4,0.4,0.25,0.5,0.25
tip_middle_root_1_2_2,32,舌左邊,/Users/yuchiwu/Desktop/tongue_project/images_json/32.jpg,/Users/yuchiwu/Desktop/tongue_project/output/tip_middle_root_1_2_2/regions/舌左邊/32.png,93587,0.2,0.4,0.4,0.25,0.5,0.25
tip_middle_root_1_2_2,32,舌中,/Users/yuchiwu/Desktop/tongue_project/images_json/32.jpg,/Users/yuchiwu/Desktop/tongue_project/output/tip_middle_root_1_2_2/regions/舌中/32.png,254880,0.2,0.4,0.4,0.25,0.5,0.25
tip_middle_root_1_2_2,32,舌右邊,/Users/yuchiwu/Desktop/tongue_project/images_json/32.jpg,/Users/yuchiwu/Desktop/tongue_project/output/tip_middle_root_1_2_2/regions/舌右邊/32.png,75116,0.2,0.4,0.4,0.25,0.5,0.25
tip_middle_root_1_2_2,33,舌根,/Users/yuchiwu/Desktop/tongue_project/images_json/33.JPG,/Users/yuchiwu/Desktop/tongue_project/output/tip_middle_root_1_2_2/regions/舌根/33.png,957403,0.2,0.4,0.4,0.25,0.5,0.25
tip_middle_root_1_2_2,33,舌尖,/Users/yuchiwu/Desktop/tongue_project/images_json/33.JPG,/Users/yuchiwu/Desktop/tongue_project/output/tip_middle_root_1_2_2/regions/舌尖/33.png,202608,0.2,0.4,0.4,0.25,0.5,0.25
tip_middle_root_1_2_2,33,舌左邊,/Users/yuchiwu/Desktop/tongue_project/images_json/33.JPG,/Users/yuchiwu/Desktop/tongue_project/output/tip_middle_root_1_2_2/regions/舌左邊/33.png,113676,0.2,0.4,0.4,0.25,0.5,0.25
tip_middle_root_1_2_2,33,舌中,/Users/yuchiwu/Desktop/tongue_project/images_json/33.JPG,/Users/yuchiwu/Desktop/tongue_project/output/tip_middle_root_1_2_2/regions/舌中/33.png,503868,0.2,0.4,0.4,0.25,0.5,0.25
tip_middle_root_1_2_2,33,舌右邊,/Users/yuchiwu/Desktop/tongue_project/images_json/33.JPG,/Users/yuchiwu/Desktop/tongue_project/output/tip_middle_root_1_2_2/regions/舌右邊/33.png,175865,0.2,0.4,0.4,0.25,0.5,0.25
tip_middle_root_1_2_2,34,舌根,/Users/yuchiwu/Desktop/tongue_project/images_json/34.jpg,/Users/yuchiwu/Desktop/tongue_project/output/tip_middle_root_1_2_2/regions/舌根/34.png,766521,0.2,0.4,0.4,0.25,0.5,0.25
tip_middle_root_1_2_2,34,舌尖,/Users/yuchiwu/Desktop/tongue_project/images_json/34.jpg,/Users/yuchiwu/Desktop/tongue_project/output/tip_middle_root_1_2_2/regions/舌尖/34.png,193362,0.2,0.4,0.4,0.25,0.5,0.25
tip_middle_root_1_2_2,34,舌左邊,/Users/yuchiwu/Desktop/tongue_project/images_json/34.jpg,/Users/yuchiwu/Desktop/tongue_project/output/tip_middle_root_1_2_2/regions/舌左邊/34.png,188136,0.2,0.4,0.4,0.25,0.5,0.25
tip_middle_root_1_2_2,34,舌中,/Users/yuchiwu/Desktop/tongue_project/images_json/34.jpg,/Users/yuchiwu/Desktop/tongue_project/output/tip_middle_root_1_2_2/regions/舌中/34.png,460707,0.2,0.4,0.4,0.25,0.5,0.25
tip_middle_root_1_2_2,34,舌右邊,/Users/yuchiwu/Desktop/tongue_project/images_json/34.jpg,/Users/yuchiwu/Desktop/tongue_project/output/tip_middle_root_1_2_2/regions/舌右邊/34.png,140519,0.2,0.4,0.4,0.25,0.5,0.25
tip_middle_root_1_2_2,35,舌根,/Users/yuchiwu/Desktop/tongue_project/images_json/35.jpg,/Users/yuchiwu/Desktop/tongue_project/output/tip_middle_root_1_2_2/regions/舌根/35.png,523371,0.2,0.4,0.4,0.25,0.5,0.25
tip_middle_root_1_2_2,35,舌尖,/Users/yuchiwu/Desktop/tongue_project/images_json/35.jpg,/Users/yuchiwu/Desktop/tongue_project/output/tip_middle_root_1_2_2/regions/舌尖/35.png,164624,0.2,0.4,0.4,0.25,0.5,0.25
tip_middle_root_1_2_2,35,舌左邊,/Users/yuchiwu/Desktop/tongue_project/images_json/35.jpg,/Users/yuchiwu/Desktop/tongue_project/output/tip_middle_root_1_2_2/regions/舌左邊/35.png,140715,0.2,0.4,0.4,0.25,0.5,0.25
tip_middle_root_1_2_2,35,舌中,/Users/yuchiwu/Desktop/tongue_project/images_json/35.jpg,/Users/yuchiwu/Desktop/tongue_project/output/tip_middle_root_1_2_2/regions/舌中/35.png,306261,0.2,0.4,0.4,0.25,0.5,0.25
tip_middle_root_1_2_2,35,舌右邊,/Users/yuchiwu/Desktop/tongue_project/images_json/35.jpg,/Users/yuchiwu/Desktop/tongue_project/output/tip_middle_root_1_2_2/regions/舌右邊/35.png,136657,0.2,0.4,0.4,0.25,0.5,0.25
tip_middle_root_1_2_2,36,舌根,/Users/yuchiwu/Desktop/tongue_project/images_json/36.jpg,/Users/yuchiwu/Desktop/tongue_project/output/tip_middle_root_1_2_2/regions/舌根/36.png,435930,0.2,0.4,0.4,0.25,0.5,0.25
tip_middle_root_1_2_2,36,舌尖,/Users/yuchiwu/Desktop/tongue_project/images_json/36.jpg,/Users/yuchiwu/Desktop/tongue_project/output/tip_middle_root_1_2_2/regions/舌尖/36.png,113109,0.2,0.4,0.4,0.25,0.5,0.25
tip_middle_root_1_2_2,36,舌左邊,/Users/yuchiwu/Desktop/tongue_project/images_json/36.jpg,/Users/yuchiwu/Desktop/tongue_project/output/tip_middle_root_1_2_2/regions/舌左邊/36.png,78109,0.2,0.4,0.4,0.25,0.5,0.25
tip_middle_root_1_2_2,36,舌中,/Users/yuchiwu/Desktop/tongue_project/images_json/36.jpg,/Users/yuchiwu/Desktop/tongue_project/output/tip_middle_root_1_2_2/regions/舌中/36.png,283008,0.2,0.4,0.4,0.25,0.5,0.25
tip_middle_root_1_2_2,36,舌右邊,/Users/yuchiwu/Desktop/tongue_project/images_json/36.jpg,/Users/yuchiwu/Desktop/tongue_project/output/tip_middle_root_1_2_2/regions/舌右邊/36.png,68103,0.2,0.4,0.4,0.25,0.5,0.25
tip_middle_root_1_2_2,37,舌根,/Users/yuchiwu/Desktop/tongue_project/images_json/37.jpg,/Users/yuchiwu/Desktop/tongue_project/output/tip_middle_root_1_2_2/regions/舌根/37.png,767374,0.2,0.4,0.4,0.25,0.5,0.25
tip_middle_root_1_2_2,37,舌尖,/Users/yuchiwu/Desktop/tongue_project/images_json/37.jpg,/Users/yuchiwu/Desktop/tongue_project/output/tip_middle_root_1_2_2/regions/舌尖/37.png,277888,0.2,0.4,0.4,0.25,0.5,0.25
tip_middle_root_1_2_2,37,舌左邊,/Users/yuchiwu/Desktop/tongue_project/images_json/37.jpg,/Users/yuchiwu/Desktop/tongue_project/output/tip_middle_root_1_2_2/regions/舌左邊/37.png,216352,0.2,0.4,0.4,0.25,0.5,0.25
tip_middle_root_1_2_2,37,舌中,/Users/yuchiwu/Desktop/tongue_project/images_json/37.jpg,/Users/yuchiwu/Desktop/tongue_project/output/tip_middle_root_1_2_2/regions/舌中/37.png,465835,0.2,0.4,0.4,0.25,0.5,0.25
tip_middle_root_1_2_2,37,舌右邊,/Users/yuchiwu/Desktop/tongue_project/images_json/37.jpg,/Users/yuchiwu/Desktop/tongue_project/output/tip_middle_root_1_2_2/regions/舌右邊/37.png,171409,0.2,0.4,0.4,0.25,0.5,0.25
tip_middle_root_1_2_2,38,舌根,/Users/yuchiwu/Desktop/tongue_project/images_json/38.jpg,/Users/yuchiwu/Desktop/tongue_project/output/tip_middle_root_1_2_2/regions/舌根/38.png,652075,0.2,0.4,0.4,0.25,0.5,0.25
tip_middle_root_1_2_2,38,舌尖,/Users/yuchiwu/Desktop/tongue_project/images_json/38.jpg,/Users/yuchiwu/Desktop/tongue_project/output/tip_middle_root_1_2_2/regions/舌尖/38.png,154370,0.2,0.4,0.4,0.25,0.5,0.25
tip_middle_root_1_2_2,38,舌左邊,/Users/yuchiwu/Desktop/tongue_project/images_json/38.jpg,/Users/yuchiwu/Desktop/tongue_project/output/tip_middle_root_1_2_2/regions/舌左邊/38.png,97360,0.2,0.4,0.4,0.25,0.5,0.25
tip_middle_root_1_2_2,38,舌中,/Users/yuchiwu/Desktop/tongue_project/images_json/38.jpg,/Users/yuchiwu/Desktop/tongue_project/output/tip_middle_root_1_2_2/regions/舌中/38.png,369000,0.2,0.4,0.4,0.25,0.5,0.25
tip_middle_root_1_2_2,38,舌右邊,/Users/yuchiwu/Desktop/tongue_project/images_json/38.jpg,/Users/yuchiwu/Desktop/tongue_project/output/tip_middle_root_1_2_2/regions/舌右邊/38.png,101213,0.2,0.4,0.4,0.25,0.5,0.25
tip_middle_root_1_2_2,39,舌根,/Users/yuchiwu/Desktop/tongue_project/images_json/39.jpg,/Users/yuchiwu/Desktop/tongue_project/output/tip_middle_root_1_2_2/regions/舌根/39.png,636097,0.2,0.4,0.4,0.25,0.5,0.25
tip_middle_root_1_2_2,39,舌尖,/Users/yuchiwu/Desktop/tongue_project/images_json/39.jpg,/Users/yuchiwu/Desktop/tongue_project/output/tip_middle_root_1_2_2/regions/舌尖/39.png,153963,0.2,0.4,0.4,0.25,0.5,0.25
tip_middle_root_1_2_2,39,舌左邊,/Users/yuchiwu/Desktop/tongue_project/images_json/39.jpg,/Users/yuchiwu/Desktop/tongue_project/output/tip_middle_root_1_2_2/regions/舌左邊/39.png,100824,0.2,0.4,0.4,0.25,0.5,0.25
tip_middle_root_1_2_2,39,舌中,/Users/yuchiwu/Desktop/tongue_project/images_json/39.jpg,/Users/yuchiwu/Desktop/tongue_project/output/tip_middle_root_1_2_2/regions/舌中/39.png,370172,0.2,0.4,0.4,0.25,0.5,0.25
tip_middle_root_1_2_2,39,舌右邊,/Users/yuchiwu/Desktop/tongue_project/images_json/39.jpg,/Users/yuchiwu/Desktop/tongue_project/output/tip_middle_root_1_2_2/regions/舌右邊/39.png,107961,0.2,0.4,0.4,0.25,0.5,0.25
tip_middle_root_1_2_2,4,舌根,/Users/yuchiwu/Desktop/tongue_project/images_json/4.JPG,/Users/yuchiwu/Desktop/tongue_project/output/tip_middle_root_1_2_2/regions/舌根/4.png,1014890,0.2,0.4,0.4,0.25,0.5,0.25
tip_middle_root_1_2_2,4,舌尖,/Users/yuchiwu/Desktop/tongue_project/images_json/4.JPG,/Users/yuchiwu/Desktop/tongue_project/output/tip_middle_root_1_2_2/regions/舌尖/4.png,350302,0.2,0.4,0.4,0.25,0.5,0.25
tip_middle_root_1_2_2,4,舌左邊,/Users/yuchiwu/Desktop/tongue_project/images_json/4.JPG,/Users/yuchiwu/Desktop/tongue_project/output/tip_middle_root_1_2_2/regions/舌左邊/4.png,120369,0.2,0.4,0.4,0.25,0.5,0.25
tip_middle_root_1_2_2,4,舌中,/Users/yuchiwu/Desktop/tongue_project/images_json/4.JPG,/Users/yuchiwu/Desktop/tongue_project/output/tip_middle_root_1_2_2/regions/舌中/4.png,557714,0.2,0.4,0.4,0.25,0.5,0.25
tip_middle_root_1_2_2,4,舌右邊,/Users/yuchiwu/Desktop/tongue_project/images_json/4.JPG,/Users/yuchiwu/Desktop/tongue_project/output/tip_middle_root_1_2_2/regions/舌右邊/4.png,236690,0.2,0.4,0.4,0.25,0.5,0.25
tip_middle_root_1_2_2,40,舌根,/Users/yuchiwu/Desktop/tongue_project/images_json/40.jpg,/Users/yuchiwu/Desktop/tongue_project/output/tip_middle_root_1_2_2/regions/舌根/40.png,470281,0.2,0.4,0.4,0.25,0.5,0.25
tip_middle_root_1_2_2,40,舌尖,/Users/yuchiwu/Desktop/tongue_project/images_json/40.jpg,/Users/yuchiwu/Desktop/tongue_project/output/tip_middle_root_1_2_2/regions/舌尖/40.png,159037,0.2,0.4,0.4,0.25,0.5,0.25
tip_middle_root_1_2_2,40,舌左邊,/Users/yuchiwu/Desktop/tongue_project/images_json/40.jpg,/Users/yuchiwu/Desktop/tongue_project/output/tip_middle_root_1_2_2/regions/舌左邊/40.png,121044,0.2,0.4,0.4,0.25,0.5,0.25
tip_middle_root_1_2_2,40,舌中,/Users/yuchiwu/Desktop/tongue_project/images_json/40.jpg,/Users/yuchiwu/Desktop/tongue_project/output/tip_middle_root_1_2_2/regions/舌中/40.png,285120,0.2,0.4,0.4,0.25,0.5,0.25
tip_middle_root_1_2_2,40,舌右邊,/Users/yuchiwu/Desktop/tongue_project/images_json/40.jpg,/Users/yuchiwu/Desktop/tongue_project/output/tip_middle_root_1_2_2/regions/舌右邊/40.png,92264,0.2,0.4,0.4,0.25,0.5,0.25
tip_middle_root_1_2_2,41,舌根,/Users/yuchiwu/Desktop/tongue_project/images_json/41.jpg,/Users/yuchiwu/Desktop/tongue_project/output/tip_middle_root_1_2_2/regions/舌根/41.png,836885,0.2,0.4,0.4,0.25,0.5,0.25
tip_middle_root_1_2_2,41,舌尖,/Users/yuchiwu/Desktop/tongue_project/images_json/41.jpg,/Users/yuchiwu/Desktop/tongue_project/output/tip_middle_root_1_2_2/regions/舌尖/41.png,256749,0.2,0.4,0.4,0.25,0.5,0.25
tip_middle_root_1_2_2,41,舌左邊,/Users/yuchiwu/Desktop/tongue_project/images_json/41.jpg,/Users/yuchiwu/Desktop/tongue_project/output/tip_middle_root_1_2_2/regions/舌左邊/41.png,217898,0.2,0.4,0.4,0.25,0.5,0.25
tip_middle_root_1_2_2,41,舌中,/Users/yuchiwu/Desktop/tongue_project/images_json/41.jpg,/Users/yuchiwu/Desktop/tongue_project/output/tip_middle_root_1_2_2/regions/舌中/41.png,463437,0.2,0.4,0.4,0.25,0.5,0.25
tip_middle_root_1_2_2,41,舌右邊,/Users/yuchiwu/Desktop/tongue_project/images_json/41.jpg,/Users/yuchiwu/Desktop/tongue_project/output/tip_middle_root_1_2_2/regions/舌右邊/41.png,92506,0.2,0.4,0.4,0.25,0.5,0.25
tip_middle_root_1_2_2,42,舌根,/Users/yuchiwu/Desktop/tongue_project/images_json/42.jpg,/Users/yuchiwu/Desktop/tongue_project/output/tip_middle_root_1_2_2/regions/舌根/42.png,644821,0.2,0.4,0.4,0.25,0.5,0.25
tip_middle_root_1_2_2,42,舌尖,/Users/yuchiwu/Desktop/tongue_project/images_json/42.jpg,/Users/yuchiwu/Desktop/tongue_project/output/tip_middle_root_1_2_2/regions/舌尖/42.png,131922,0.2,0.4,0.4,0.25,0.5,0.25
tip_middle_root_1_2_2,42,舌左邊,/Users/yuchiwu/Desktop/tongue_project/images_json/42.jpg,/Users/yuchiwu/Desktop/tongue_project/output/tip_middle_root_1_2_2/regions/舌左邊/42.png,118153,0.2,0.4,0.4,0.25,0.5,0.25
tip_middle_root_1_2_2,42,舌中,/Users/yuchiwu/Desktop/tongue_project/images_json/42.jpg,/Users/yuchiwu/Desktop/tongue_project/output/tip_middle_root_1_2_2/regions/舌中/42.png,372455,0.2,0.4,0.4,0.25,0.5,0.25
tip_middle_root_1_2_2,42,舌右邊,/Users/yuchiwu/Desktop/tongue_project/images_json/42.jpg,/Users/yuchiwu/Desktop/tongue_project/output/tip_middle_root_1_2_2/regions/舌右邊/42.png,62908,0.2,0.4,0.4,0.25,0.5,0.25
tip_middle_root_1_2_2,43,舌根,/Users/yuchiwu/Desktop/tongue_project/images_json/43.JPG,/Users/yuchiwu/Desktop/tongue_project/output/tip_middle_root_1_2_2/regions/舌根/43.png,391198,0.2,0.4,0.4,0.25,0.5,0.25
tip_middle_root_1_2_2,43,舌尖,/Users/yuchiwu/Desktop/tongue_project/images_json/43.JPG,/Users/yuchiwu/Desktop/tongue_project/output/tip_middle_root_1_2_2/regions/舌尖/43.png,140905,0.2,0.4,0.4,0.25,0.5,0.25
tip_middle_root_1_2_2,43,舌左邊,/Users/yuchiwu/Desktop/tongue_project/images_json/43.JPG,/Users/yuchiwu/Desktop/tongue_project/output/tip_middle_root_1_2_2/regions/舌左邊/43.png,65867,0.2,0.4,0.4,0.25,0.5,0.25
tip_middle_root_1_2_2,43,舌中,/Users/yuchiwu/Desktop/tongue_project/images_json/43.JPG,/Users/yuchiwu/Desktop/tongue_project/output/tip_middle_root_1_2_2/regions/舌中/43.png,201259,0.2,0.4,0.4,0.25,0.5,0.25
tip_middle_root_1_2_2,43,舌右邊,/Users/yuchiwu/Desktop/tongue_project/images_json/43.JPG,/Users/yuchiwu/Desktop/tongue_project/output/tip_middle_root_1_2_2/regions/舌右邊/43.png,95726,0.2,0.4,0.4,0.25,0.5,0.25
tip_middle_root_1_2_2,44,舌根,/Users/yuchiwu/Desktop/tongue_project/images_json/44.jpg,/Users/yuchiwu/Desktop/tongue_project/output/tip_middle_root_1_2_2/regions/舌根/44.png,483650,0.2,0.4,0.4,0.25,0.5,0.25
tip_middle_root_1_2_2,44,舌尖,/Users/yuchiwu/Desktop/tongue_project/images_json/44.jpg,/Users/yuchiwu/Desktop/tongue_project/output/tip_middle_root_1_2_2/regions/舌尖/44.png,105367,0.2,0.4,0.4,0.25,0.5,0.25
tip_middle_root_1_2_2,44,舌左邊,/Users/yuchiwu/Desktop/tongue_project/images_json/44.jpg,/Users/yuchiwu/Desktop/tongue_project/output/tip_middle_root_1_2_2/regions/舌左邊/44.png,83169,0.2,0.4,0.4,0.25,0.5,0.25
tip_middle_root_1_2_2,44,舌中,/Users/yuchiwu/Desktop/tongue_project/images_json/44.jpg,/Users/yuchiwu/Desktop/tongue_project/output/tip_middle_root_1_2_2/regions/舌中/44.png,289654,0.2,0.4,0.4,0.25,0.5,0.25
tip_middle_root_1_2_2,44,舌右邊,/Users/yuchiwu/Desktop/tongue_project/images_json/44.jpg,/Users/yuchiwu/Desktop/tongue_project/output/tip_middle_root_1_2_2/regions/舌右邊/44.png,86047,0.2,0.4,0.4,0.25,0.5,0.25
tip_middle_root_1_2_2,45,舌根,/Users/yuchiwu/Desktop/tongue_project/images_json/45.jpg,/Users/yuchiwu/Desktop/tongue_project/output/tip_middle_root_1_2_2/regions/舌根/45.png,755935,0.2,0.4,0.4,0.25,0.5,0.25
tip_middle_root_1_2_2,45,舌尖,/Users/yuchiwu/Desktop/tongue_project/images_json/45.jpg,/Users/yuchiwu/Desktop/tongue_project/output/tip_middle_root_1_2_2/regions/舌尖/45.png,286420,0.2,0.4,0.4,0.25,0.5,0.25
tip_middle_root_1_2_2,45,舌左邊,/Users/yuchiwu/Desktop/tongue_project/images_json/45.jpg,/Users/yuchiwu/Desktop/tongue_project/output/tip_middle_root_1_2_2/regions/舌左邊/45.png,194784,0.2,0.4,0.4,0.25,0.5,0.25
tip_middle_root_1_2_2,45,舌中,/Users/yuchiwu/Desktop/tongue_project/images_json/45.jpg,/Users/yuchiwu/Desktop/tongue_project/output/tip_middle_root_1_2_2/regions/舌中/45.png,464041,0.2,0.4,0.4,0.25,0.5,0.25
tip_middle_root_1_2_2,45,舌右邊,/Users/yuchiwu/Desktop/tongue_project/images_json/45.jpg,/Users/yuchiwu/Desktop/tongue_project/output/tip_middle_root_1_2_2/regions/舌右邊/45.png,206070,0.2,0.4,0.4,0.25,0.5,0.25
tip_middle_root_1_2_2,46,舌根,/Users/yuchiwu/Desktop/tongue_project/images_json/46.jpg,/Users/yuchiwu/Desktop/tongue_project/output/tip_middle_root_1_2_2/regions/舌根/46.png,491449,0.2,0.4,0.4,0.25,0.5,0.25
tip_middle_root_1_2_2,46,舌尖,/Users/yuchiwu/Desktop/tongue_project/images_json/46.jpg,/Users/yuchiwu/Desktop/tongue_project/output/tip_middle_root_1_2_2/regions/舌尖/46.png,122980,0.2,0.4,0.4,0.25,0.5,0.25
tip_middle_root_1_2_2,46,舌左邊,/Users/yuchiwu/Desktop/tongue_project/images_json/46.jpg,/Users/yuchiwu/Desktop/tongue_project/output/tip_middle_root_1_2_2/regions/舌左邊/46.png,46307,0.2,0.4,0.4,0.25,0.5,0.25
tip_middle_root_1_2_2,46,舌中,/Users/yuchiwu/Desktop/tongue_project/images_json/46.jpg,/Users/yuchiwu/Desktop/tongue_project/output/tip_middle_root_1_2_2/regions/舌中/46.png,299870,0.2,0.4,0.4,0.25,0.5,0.25
tip_middle_root_1_2_2,46,舌右邊,/Users/yuchiwu/Desktop/tongue_project/images_json/46.jpg,/Users/yuchiwu/Desktop/tongue_project/output/tip_middle_root_1_2_2/regions/舌右邊/46.png,75814,0.2,0.4,0.4,0.25,0.5,0.25
tip_middle_root_1_2_2,47,舌根,/Users/yuchiwu/Desktop/tongue_project/images_json/47.jpg,/Users/yuchiwu/Desktop/tongue_project/output/tip_middle_root_1_2_2/regions/舌根/47.png,668016,0.2,0.4,0.4,0.25,0.5,0.25
tip_middle_root_1_2_2,47,舌尖,/Users/yuchiwu/Desktop/tongue_project/images_json/47.jpg,/Users/yuchiwu/Desktop/tongue_project/output/tip_middle_root_1_2_2/regions/舌尖/47.png,152418,0.2,0.4,0.4,0.25,0.5,0.25
tip_middle_root_1_2_2,47,舌左邊,/Users/yuchiwu/Desktop/tongue_project/images_json/47.jpg,/Users/yuchiwu/Desktop/tongue_project/output/tip_middle_root_1_2_2/regions/舌左邊/47.png,107747,0.2,0.4,0.4,0.25,0.5,0.25
tip_middle_root_1_2_2,47,舌中,/Users/yuchiwu/Desktop/tongue_project/images_json/47.jpg,/Users/yuchiwu/Desktop/tongue_project/output/tip_middle_root_1_2_2/regions/舌中/47.png,424130,0.2,0.4,0.4,0.25,0.5,0.25
tip_middle_root_1_2_2,47,舌右邊,/Users/yuchiwu/Desktop/tongue_project/images_json/47.jpg,/Users/yuchiwu/Desktop/tongue_project/output/tip_middle_root_1_2_2/regions/舌右邊/47.png,80897,0.2,0.4,0.4,0.25,0.5,0.25
tip_middle_root_1_2_2,48,舌根,/Users/yuchiwu/Desktop/tongue_project/images_json/48.jpg,/Users/yuchiwu/Desktop/tongue_project/output/tip_middle_root_1_2_2/regions/舌根/48.png,630457,0.2,0.4,0.4,0.25,0.5,0.25
tip_middle_root_1_2_2,48,舌尖,/Users/yuchiwu/Desktop/tongue_project/images_json/48.jpg,/Users/yuchiwu/Desktop/tongue_project/output/tip_middle_root_1_2_2/regions/舌尖/48.png,118348,0.2,0.4,0.4,0.25,0.5,0.25
tip_middle_root_1_2_2,48,舌左邊,/Users/yuchiwu/Desktop/tongue_project/images_json/48.jpg,/Users/yuchiwu/Desktop/tongue_project/output/tip_middle_root_1_2_2/regions/舌左邊/48.png,105796,0.2,0.4,0.4,0.25,0.5,0.25
tip_middle_root_1_2_2,48,舌中,/Users/yuchiwu/Desktop/tongue_project/images_json/48.jpg,/Users/yuchiwu/Desktop/tongue_project/output/tip_middle_root_1_2_2/regions/舌中/48.png,328655,0.2,0.4,0.4,0.25,0.5,0.25
tip_middle_root_1_2_2,48,舌右邊,/Users/yuchiwu/Desktop/tongue_project/images_json/48.jpg,/Users/yuchiwu/Desktop/tongue_project/output/tip_middle_root_1_2_2/regions/舌右邊/48.png,30579,0.2,0.4,0.4,0.25,0.5,0.25
tip_middle_root_1_2_2,49,舌根,/Users/yuchiwu/Desktop/tongue_project/images_json/49.jpg,/Users/yuchiwu/Desktop/tongue_project/output/tip_middle_root_1_2_2/regions/舌根/49.png,523480,0.2,0.4,0.4,0.25,0.5,0.25
tip_middle_root_1_2_2,49,舌尖,/Users/yuchiwu/Desktop/tongue_project/images_json/49.jpg,/Users/yuchiwu/Desktop/tongue_project/output/tip_middle_root_1_2_2/regions/舌尖/49.png,195532,0.2,0.4,0.4,0.25,0.5,0.25
tip_middle_root_1_2_2,49,舌左邊,/Users/yuchiwu/Desktop/tongue_project/images_json/49.jpg,/Users/yuchiwu/Desktop/tongue_project/output/tip_middle_root_1_2_2/regions/舌左邊/49.png,168433,0.2,0.4,0.4,0.25,0.5,0.25
tip_middle_root_1_2_2,49,舌中,/Users/yuchiwu/Desktop/tongue_project/images_json/49.jpg,/Users/yuchiwu/Desktop/tongue_project/output/tip_middle_root_1_2_2/regions/舌中/49.png,350720,0.2,0.4,0.4,0.25,0.5,0.25
tip_middle_root_1_2_2,49,舌右邊,/Users/yuchiwu/Desktop/tongue_project/images_json/49.jpg,/Users/yuchiwu/Desktop/tongue_project/output/tip_middle_root_1_2_2/regions/舌右邊/49.png,95030,0.2,0.4,0.4,0.25,0.5,0.25
tip_middle_root_1_2_2,5,舌根,/Users/yuchiwu/Desktop/tongue_project/images_json/5.jpg,/Users/yuchiwu/Desktop/tongue_project/output/tip_middle_root_1_2_2/regions/舌根/5.png,320670,0.2,0.4,0.4,0.25,0.5,0.25
tip_middle_root_1_2_2,5,舌尖,/Users/yuchiwu/Desktop/tongue_project/images_json/5.jpg,/Users/yuchiwu/Desktop/tongue_project/output/tip_middle_root_1_2_2/regions/舌尖/5.png,70292,0.2,0.4,0.4,0.25,0.5,0.25
tip_middle_root_1_2_2,5,舌左邊,/Users/yuchiwu/Desktop/tongue_project/images_json/5.jpg,/Users/yuchiwu/Desktop/tongue_project/output/tip_middle_root_1_2_2/regions/舌左邊/5.png,47483,0.2,0.4,0.4,0.25,0.5,0.25
tip_middle_root_1_2_2,5,舌中,/Users/yuchiwu/Desktop/tongue_project/images_json/5.jpg,/Users/yuchiwu/Desktop/tongue_project/output/tip_middle_root_1_2_2/regions/舌中/5.png,167400,0.2,0.4,0.4,0.25,0.5,0.25
tip_middle_root_1_2_2,5,舌右邊,/Users/yuchiwu/Desktop/tongue_project/images_json/5.jpg,/Users/yuchiwu/Desktop/tongue_project/output/tip_middle_root_1_2_2/regions/舌右邊/5.png,68520,0.2,0.4,0.4,0.25,0.5,0.25
tip_middle_root_1_2_2,50,舌根,/Users/yuchiwu/Desktop/tongue_project/images_json/50.jpg,/Users/yuchiwu/Desktop/tongue_project/output/tip_middle_root_1_2_2/regions/舌根/50.png,540654,0.2,0.4,0.4,0.25,0.5,0.25
tip_middle_root_1_2_2,50,舌尖,/Users/yuchiwu/Desktop/tongue_project/images_json/50.jpg,/Users/yuchiwu/Desktop/tongue_project/output/tip_middle_root_1_2_2/regions/舌尖/50.png,134641,0.2,0.4,0.4,0.25,0.5,0.25
tip_middle_root_1_2_2,50,舌左邊,/Users/yuchiwu/Desktop/tongue_project/images_json/50.jpg,/Users/yuchiwu/Desktop/tongue_project/output/tip_middle_root_1_2_2/regions/舌左邊/50.png,66323,0.2,0.4,0.4,0.25,0.5,0.25
tip_middle_root_1_2_2,50,舌中,/Users/yuchiwu/Desktop/tongue_project/images_json/50.jpg,/Users/yuchiwu/Desktop/tongue_project/output/tip_middle_root_1_2_2/regions/舌中/50.png,309666,0.2,0.4,0.4,0.25,0.5,0.25
tip_middle_root_1_2_2,50,舌右邊,/Users/yuchiwu/Desktop/tongue_project/images_json/50.jpg,/Users/yuchiwu/Desktop/tongue_project/output/tip_middle_root_1_2_2/regions/舌右邊/50.png,112089,0.2,0.4,0.4,0.25,0.5,0.25
tip_middle_root_1_2_2,51,舌根,/Users/yuchiwu/Desktop/tongue_project/images_json/51.jpg,/Users/yuchiwu/Desktop/tongue_project/output/tip_middle_root_1_2_2/regions/舌根/51.png,436594,0.2,0.4,0.4,0.25,0.5,0.25
tip_middle_root_1_2_2,51,舌尖,/Users/yuchiwu/Desktop/tongue_project/images_json/51.jpg,/Users/yuchiwu/Desktop/tongue_project/output/tip_middle_root_1_2_2/regions/舌尖/51.png,132867,0.2,0.4,0.4,0.25,0.5,0.25
tip_middle_root_1_2_2,51,舌左邊,/Users/yuchiwu/Desktop/tongue_project/images_json/51.jpg,/Users/yuchiwu/Desktop/tongue_project/output/tip_middle_root_1_2_2/regions/舌左邊/51.png,103736,0.2,0.4,0.4,0.25,0.5,0.25
tip_middle_root_1_2_2,51,舌中,/Users/yuchiwu/Desktop/tongue_project/images_json/51.jpg,/Users/yuchiwu/Desktop/tongue_project/output/tip_middle_root_1_2_2/regions/舌中/51.png,254584,0.2,0.4,0.4,0.25,0.5,0.25
tip_middle_root_1_2_2,51,舌右邊,/Users/yuchiwu/Desktop/tongue_project/images_json/51.jpg,/Users/yuchiwu/Desktop/tongue_project/output/tip_middle_root_1_2_2/regions/舌右邊/51.png,61292,0.2,0.4,0.4,0.25,0.5,0.25
tip_middle_root_1_2_2,52,舌根,/Users/yuchiwu/Desktop/tongue_project/images_json/52.jpg,/Users/yuchiwu/Desktop/tongue_project/output/tip_middle_root_1_2_2/regions/舌根/52.png,814964,0.2,0.4,0.4,0.25,0.5,0.25
tip_middle_root_1_2_2,52,舌尖,/Users/yuchiwu/Desktop/tongue_project/images_json/52.jpg,/Users/yuchiwu/Desktop/tongue_project/output/tip_middle_root_1_2_2/regions/舌尖/52.png,272677,0.2,0.4,0.4,0.25,0.5,0.25
tip_middle_root_1_2_2,52,舌左邊,/Users/yuchiwu/Desktop/tongue_project/images_json/52.jpg,/Users/yuchiwu/Desktop/tongue_project/output/tip_middle_root_1_2_2/regions/舌左邊/52.png,185173,0.2,0.4,0.4,0.25,0.5,0.25
tip_middle_root_1_2_2,52,舌中,/Users/yuchiwu/Desktop/tongue_project/images_json/52.jpg,/Users/yuchiwu/Desktop/tongue_project/output/tip_middle_root_1_2_2/regions/舌中/52.png,474136,0.2,0.4,0.4,0.25,0.5,0.25
tip_middle_root_1_2_2,52,舌右邊,/Users/yuchiwu/Desktop/tongue_project/images_json/52.jpg,/Users/yuchiwu/Desktop/tongue_project/output/tip_middle_root_1_2_2/regions/舌右邊/52.png,210789,0.2,0.4,0.4,0.25,0.5,0.25
tip_middle_root_1_2_2,53,舌根,/Users/yuchiwu/Desktop/tongue_project/images_json/53.jpg,/Users/yuchiwu/Desktop/tongue_project/output/tip_middle_root_1_2_2/regions/舌根/53.png,770339,0.2,0.4,0.4,0.25,0.5,0.25
tip_middle_root_1_2_2,53,舌尖,/Users/yuchiwu/Desktop/tongue_project/images_json/53.jpg,/Users/yuchiwu/Desktop/tongue_project/output/tip_middle_root_1_2_2/regions/舌尖/53.png,223083,0.2,0.4,0.4,0.25,0.5,0.25
tip_middle_root_1_2_2,53,舌左邊,/Users/yuchiwu/Desktop/tongue_project/images_json/53.jpg,/Users/yuchiwu/Desktop/tongue_project/output/tip_middle_root_1_2_2/regions/舌左邊/53.png,174196,0.2,0.4,0.4,0.25,0.5,0.25
tip_middle_root_1_2_2,53,舌中,/Users/yuchiwu/Desktop/tongue_project/images_json/53.jpg,/Users/yuchiwu/Desktop/tongue_project/output/tip_middle_root_1_2_2/regions/舌中/53.png,476346,0.2,0.4,0.4,0.25,0.5,0.25
tip_middle_root_1_2_2,53,舌右邊,/Users/yuchiwu/Desktop/tongue_project/images_json/53.jpg,/Users/yuchiwu/Desktop/tongue_project/output/tip_middle_root_1_2_2/regions/舌右邊/53.png,188758,0.2,0.4,0.4,0.25,0.5,0.25
tip_middle_root_1_2_2,54,舌根,/Users/yuchiwu/Desktop/tongue_project/images_json/54.jpg,/Users/yuchiwu/Desktop/tongue_project/output/tip_middle_root_1_2_2/regions/舌根/54.png,809942,0.2,0.4,0.4,0.25,0.5,0.25
tip_middle_root_1_2_2,54,舌尖,/Users/yuchiwu/Desktop/tongue_project/images_json/54.jpg,/Users/yuchiwu/Desktop/tongue_project/output/tip_middle_root_1_2_2/regions/舌尖/54.png,292282,0.2,0.4,0.4,0.25,0.5,0.25
tip_middle_root_1_2_2,54,舌左邊,/Users/yuchiwu/Desktop/tongue_project/images_json/54.jpg,/Users/yuchiwu/Desktop/tongue_project/output/tip_middle_root_1_2_2/regions/舌左邊/54.png,189270,0.2,0.4,0.4,0.25,0.5,0.25
tip_middle_root_1_2_2,54,舌中,/Users/yuchiwu/Desktop/tongue_project/images_json/54.jpg,/Users/yuchiwu/Desktop/tongue_project/output/tip_middle_root_1_2_2/regions/舌中/54.png,461724,0.2,0.4,0.4,0.25,0.5,0.25
tip_middle_root_1_2_2,54,舌右邊,/Users/yuchiwu/Desktop/tongue_project/images_json/54.jpg,/Users/yuchiwu/Desktop/tongue_project/output/tip_middle_root_1_2_2/regions/舌右邊/54.png,209814,0.2,0.4,0.4,0.25,0.5,0.25
tip_middle_root_1_2_2,55,舌根,/Users/yuchiwu/Desktop/tongue_project/images_json/55.jpg,/Users/yuchiwu/Desktop/tongue_project/output/tip_middle_root_1_2_2/regions/舌根/55.png,911654,0.2,0.4,0.4,0.25,0.5,0.25
tip_middle_root_1_2_2,55,舌尖,/Users/yuchiwu/Desktop/tongue_project/images_json/55.jpg,/Users/yuchiwu/Desktop/tongue_project/output/tip_middle_root_1_2_2/regions/舌尖/55.png,261943,0.2,0.4,0.4,0.25,0.5,0.25
tip_middle_root_1_2_2,55,舌左邊,/Users/yuchiwu/Desktop/tongue_project/images_json/55.jpg,/Users/yuchiwu/Desktop/tongue_project/output/tip_middle_root_1_2_2/regions/舌左邊/55.png,189932,0.2,0.4,0.4,0.25,0.5,0.25
tip_middle_root_1_2_2,55,舌中,/Users/yuchiwu/Desktop/tongue_project/images_json/55.jpg,/Users/yuchiwu/Desktop/tongue_project/output/tip_middle_root_1_2_2/regions/舌中/55.png,529848,0.2,0.4,0.4,0.25,0.5,0.25
tip_middle_root_1_2_2,55,舌右邊,/Users/yuchiwu/Desktop/tongue_project/images_json/55.jpg,/Users/yuchiwu/Desktop/tongue_project/output/tip_middle_root_1_2_2/regions/舌右邊/55.png,153389,0.2,0.4,0.4,0.25,0.5,0.25
tip_middle_root_1_2_2,56,舌根,/Users/yuchiwu/Desktop/tongue_project/images_json/56.jpg,/Users/yuchiwu/Desktop/tongue_project/output/tip_middle_root_1_2_2/regions/舌根/56.png,764288,0.2,0.4,0.4,0.25,0.5,0.25
tip_middle_root_1_2_2,56,舌尖,/Users/yuchiwu/Desktop/tongue_project/images_json/56.jpg,/Users/yuchiwu/Desktop/tongue_project/output/tip_middle_root_1_2_2/regions/舌尖/56.png,209730,0.2,0.4,0.4,0.25,0.5,0.25
tip_middle_root_1_2_2,56,舌左邊,/Users/yuchiwu/Desktop/tongue_project/images_json/56.jpg,/Users/yuchiwu/Desktop/tongue_project/output/tip_middle_root_1_2_2/regions/舌左邊/56.png,156954,0.2,0.4,0.4,0.25,0.5,0.25
tip_middle_root_1_2_2,56,舌中,/Users/yuchiwu/Desktop/tongue_project/images_json/56.jpg,/Users/yuchiwu/Desktop/tongue_project/output/tip_middle_root_1_2_2/regions/舌中/56.png,425376,0.2,0.4,0.4,0.25,0.5,0.25
tip_middle_root_1_2_2,56,舌右邊,/Users/yuchiwu/Desktop/tongue_project/images_json/56.jpg,/Users/yuchiwu/Desktop/tongue_project/output/tip_middle_root_1_2_2/regions/舌右邊/56.png,169548,0.2,0.4,0.4,0.25,0.5,0.25
tip_middle_root_1_2_2,57,舌根,/Users/yuchiwu/Desktop/tongue_project/images_json/57.jpg,/Users/yuchiwu/Desktop/tongue_project/output/tip_middle_root_1_2_2/regions/舌根/57.png,631232,0.2,0.4,0.4,0.25,0.5,0.25
tip_middle_root_1_2_2,57,舌尖,/Users/yuchiwu/Desktop/tongue_project/images_json/57.jpg,/Users/yuchiwu/Desktop/tongue_project/output/tip_middle_root_1_2_2/regions/舌尖/57.png,138156,0.2,0.4,0.4,0.25,0.5,0.25
tip_middle_root_1_2_2,57,舌左邊,/Users/yuchiwu/Desktop/tongue_project/images_json/57.jpg,/Users/yuchiwu/Desktop/tongue_project/output/tip_middle_root_1_2_2/regions/舌左邊/57.png,65135,0.2,0.4,0.4,0.25,0.5,0.25
tip_middle_root_1_2_2,57,舌中,/Users/yuchiwu/Desktop/tongue_project/images_json/57.jpg,/Users/yuchiwu/Desktop/tongue_project/output/tip_middle_root_1_2_2/regions/舌中/57.png,402892,0.2,0.4,0.4,0.25,0.5,0.25
tip_middle_root_1_2_2,57,舌右邊,/Users/yuchiwu/Desktop/tongue_project/images_json/57.jpg,/Users/yuchiwu/Desktop/tongue_project/output/tip_middle_root_1_2_2/regions/舌右邊/57.png,169333,0.2,0.4,0.4,0.25,0.5,0.25
tip_middle_root_1_2_2,58,舌根,/Users/yuchiwu/Desktop/tongue_project/images_json/58.jpg,/Users/yuchiwu/Desktop/tongue_project/output/tip_middle_root_1_2_2/regions/舌根/58.png,659297,0.2,0.4,0.4,0.25,0.5,0.25
tip_middle_root_1_2_2,58,舌尖,/Users/yuchiwu/Desktop/tongue_project/images_json/58.jpg,/Users/yuchiwu/Desktop/tongue_project/output/tip_middle_root_1_2_2/regions/舌尖/58.png,236475,0.2,0.4,0.4,0.25,0.5,0.25
tip_middle_root_1_2_2,58,舌左邊,/Users/yuchiwu/Desktop/tongue_project/images_json/58.jpg,/Users/yuchiwu/Desktop/tongue_project/output/tip_middle_root_1_2_2/regions/舌左邊/58.png,163375,0.2,0.4,0.4,0.25,0.5,0.25
tip_middle_root_1_2_2,58,舌中,/Users/yuchiwu/Desktop/tongue_project/images_json/58.jpg,/Users/yuchiwu/Desktop/tongue_project/output/tip_middle_root_1_2_2/regions/舌中/58.png,385450,0.2,0.4,0.4,0.25,0.5,0.25
tip_middle_root_1_2_2,58,舌右邊,/Users/yuchiwu/Desktop/tongue_project/images_json/58.jpg,/Users/yuchiwu/Desktop/tongue_project/output/tip_middle_root_1_2_2/regions/舌右邊/58.png,176063,0.2,0.4,0.4,0.25,0.5,0.25
tip_middle_root_1_2_2,59,舌根,/Users/yuchiwu/Desktop/tongue_project/images_json/59.jpg,/Users/yuchiwu/Desktop/tongue_project/output/tip_middle_root_1_2_2/regions/舌根/59.png,695195,0.2,0.4,0.4,0.25,0.5,0.25
tip_middle_root_1_2_2,59,舌尖,/Users/yuchiwu/Desktop/tongue_project/images_json/59.jpg,/Users/yuchiwu/Desktop/tongue_project/output/tip_middle_root_1_2_2/regions/舌尖/59.png,161058,0.2,0.4,0.4,0.25,0.5,0.25
tip_middle_root_1_2_2,59,舌左邊,/Users/yuchiwu/Desktop/tongue_project/images_json/59.jpg,/Users/yuchiwu/Desktop/tongue_project/output/tip_middle_root_1_2_2/regions/舌左邊/59.png,138425,0.2,0.4,0.4,0.25,0.5,0.25
tip_middle_root_1_2_2,59,舌中,/Users/yuchiwu/Desktop/tongue_project/images_json/59.jpg,/Users/yuchiwu/Desktop/tongue_project/output/tip_middle_root_1_2_2/regions/舌中/59.png,398412,0.2,0.4,0.4,0.25,0.5,0.25
tip_middle_root_1_2_2,59,舌右邊,/Users/yuchiwu/Desktop/tongue_project/images_json/59.jpg,/Users/yuchiwu/Desktop/tongue_project/output/tip_middle_root_1_2_2/regions/舌右邊/59.png,127554,0.2,0.4,0.4,0.25,0.5,0.25
tip_middle_root_1_2_2,6,舌根,/Users/yuchiwu/Desktop/tongue_project/images_json/6.jpg,/Users/yuchiwu/Desktop/tongue_project/output/tip_middle_root_1_2_2/regions/舌根/6.png,252862,0.2,0.4,0.4,0.25,0.5,0.25
tip_middle_root_1_2_2,6,舌尖,/Users/yuchiwu/Desktop/tongue_project/images_json/6.jpg,/Users/yuchiwu/Desktop/tongue_project/output/tip_middle_root_1_2_2/regions/舌尖/6.png,66238,0.2,0.4,0.4,0.25,0.5,0.25
tip_middle_root_1_2_2,6,舌左邊,/Users/yuchiwu/Desktop/tongue_project/images_json/6.jpg,/Users/yuchiwu/Desktop/tongue_project/output/tip_middle_root_1_2_2/regions/舌左邊/6.png,53889,0.2,0.4,0.4,0.25,0.5,0.25
tip_middle_root_1_2_2,6,舌中,/Users/yuchiwu/Desktop/tongue_project/images_json/6.jpg,/Users/yuchiwu/Desktop/tongue_project/output/tip_middle_root_1_2_2/regions/舌中/6.png,151914,0.2,0.4,0.4,0.25,0.5,0.25
tip_middle_root_1_2_2,6,舌右邊,/Users/yuchiwu/Desktop/tongue_project/images_json/6.jpg,/Users/yuchiwu/Desktop/tongue_project/output/tip_middle_root_1_2_2/regions/舌右邊/6.png,13547,0.2,0.4,0.4,0.25,0.5,0.25
tip_middle_root_1_2_2,60,舌根,/Users/yuchiwu/Desktop/tongue_project/images_json/60.jpg,/Users/yuchiwu/Desktop/tongue_project/output/tip_middle_root_1_2_2/regions/舌根/60.png,601517,0.2,0.4,0.4,0.25,0.5,0.25
tip_middle_root_1_2_2,60,舌尖,/Users/yuchiwu/Desktop/tongue_project/images_json/60.jpg,/Users/yuchiwu/Desktop/tongue_project/output/tip_middle_root_1_2_2/regions/舌尖/60.png,204487,0.2,0.4,0.4,0.25,0.5,0.25
tip_middle_root_1_2_2,60,舌左邊,/Users/yuchiwu/Desktop/tongue_project/images_json/60.jpg,/Users/yuchiwu/Desktop/tongue_project/output/tip_middle_root_1_2_2/regions/舌左邊/60.png,144438,0.2,0.4,0.4,0.25,0.5,0.25
tip_middle_root_1_2_2,60,舌中,/Users/yuchiwu/Desktop/tongue_project/images_json/60.jpg,/Users/yuchiwu/Desktop/tongue_project/output/tip_middle_root_1_2_2/regions/舌中/60.png,372240,0.2,0.4,0.4,0.25,0.5,0.25
tip_middle_root_1_2_2,60,舌右邊,/Users/yuchiwu/Desktop/tongue_project/images_json/60.jpg,/Users/yuchiwu/Desktop/tongue_project/output/tip_middle_root_1_2_2/regions/舌右邊/60.png,149384,0.2,0.4,0.4,0.25,0.5,0.25
tip_middle_root_1_2_2,61,舌根,/Users/yuchiwu/Desktop/tongue_project/images_json/61.JPG,/Users/yuchiwu/Desktop/tongue_project/output/tip_middle_root_1_2_2/regions/舌根/61.png,953389,0.2,0.4,0.4,0.25,0.5,0.25
tip_middle_root_1_2_2,61,舌尖,/Users/yuchiwu/Desktop/tongue_project/images_json/61.JPG,/Users/yuchiwu/Desktop/tongue_project/output/tip_middle_root_1_2_2/regions/舌尖/61.png,238654,0.2,0.4,0.4,0.25,0.5,0.25
tip_middle_root_1_2_2,61,舌左邊,/Users/yuchiwu/Desktop/tongue_project/images_json/61.JPG,/Users/yuchiwu/Desktop/tongue_project/output/tip_middle_root_1_2_2/regions/舌左邊/61.png,231477,0.2,0.4,0.4,0.25,0.5,0.25
tip_middle_root_1_2_2,61,舌中,/Users/yuchiwu/Desktop/tongue_project/images_json/61.JPG,/Users/yuchiwu/Desktop/tongue_project/output/tip_middle_root_1_2_2/regions/舌中/61.png,511483,0.2,0.4,0.4,0.25,0.5,0.25
tip_middle_root_1_2_2,61,舌右邊,/Users/yuchiwu/Desktop/tongue_project/images_json/61.JPG,/Users/yuchiwu/Desktop/tongue_project/output/tip_middle_root_1_2_2/regions/舌右邊/61.png,80572,0.2,0.4,0.4,0.25,0.5,0.25
tip_middle_root_1_2_2,62,舌根,/Users/yuchiwu/Desktop/tongue_project/images_json/62.JPG,/Users/yuchiwu/Desktop/tongue_project/output/tip_middle_root_1_2_2/regions/舌根/62.png,1534231,0.2,0.4,0.4,0.25,0.5,0.25
tip_middle_root_1_2_2,62,舌尖,/Users/yuchiwu/Desktop/tongue_project/images_json/62.JPG,/Users/yuchiwu/Desktop/tongue_project/output/tip_middle_root_1_2_2/regions/舌尖/62.png,330058,0.2,0.4,0.4,0.25,0.5,0.25
tip_middle_root_1_2_2,62,舌左邊,/Users/yuchiwu/Desktop/tongue_project/images_json/62.JPG,/Users/yuchiwu/Desktop/tongue_project/output/tip_middle_root_1_2_2/regions/舌左邊/62.png,252181,0.2,0.4,0.4,0.25,0.5,0.25
tip_middle_root_1_2_2,62,舌中,/Users/yuchiwu/Desktop/tongue_project/images_json/62.JPG,/Users/yuchiwu/Desktop/tongue_project/output/tip_middle_root_1_2_2/regions/舌中/62.png,869196,0.2,0.4,0.4,0.25,0.5,0.25
tip_middle_root_1_2_2,62,舌右邊,/Users/yuchiwu/Desktop/tongue_project/images_json/62.JPG,/Users/yuchiwu/Desktop/tongue_project/output/tip_middle_root_1_2_2/regions/舌右邊/62.png,218319,0.2,0.4,0.4,0.25,0.5,0.25
tip_middle_root_1_2_2,63,舌根,/Users/yuchiwu/Desktop/tongue_project/images_json/63.JPG,/Users/yuchiwu/Desktop/tongue_project/output/tip_middle_root_1_2_2/regions/舌根/63.png,717098,0.2,0.4,0.4,0.25,0.5,0.25
tip_middle_root_1_2_2,63,舌尖,/Users/yuchiwu/Desktop/tongue_project/images_json/63.JPG,/Users/yuchiwu/Desktop/tongue_project/output/tip_middle_root_1_2_2/regions/舌尖/63.png,183756,0.2,0.4,0.4,0.25,0.5,0.25
tip_middle_root_1_2_2,63,舌左邊,/Users/yuchiwu/Desktop/tongue_project/images_json/63.JPG,/Users/yuchiwu/Desktop/tongue_project/output/tip_middle_root_1_2_2/regions/舌左邊/63.png,137477,0.2,0.4,0.4,0.25,0.5,0.25
tip_middle_root_1_2_2,63,舌中,/Users/yuchiwu/Desktop/tongue_project/images_json/63.JPG,/Users/yuchiwu/Desktop/tongue_project/output/tip_middle_root_1_2_2/regions/舌中/63.png,385168,0.2,0.4,0.4,0.25,0.5,0.25
tip_middle_root_1_2_2,63,舌右邊,/Users/yuchiwu/Desktop/tongue_project/images_json/63.JPG,/Users/yuchiwu/Desktop/tongue_project/output/tip_middle_root_1_2_2/regions/舌右邊/63.png,83988,0.2,0.4,0.4,0.25,0.5,0.25
tip_middle_root_1_2_2,64,舌根,/Users/yuchiwu/Desktop/tongue_project/images_json/64.jpg,/Users/yuchiwu/Desktop/tongue_project/output/tip_middle_root_1_2_2/regions/舌根/64.png,699651,0.2,0.4,0.4,0.25,0.5,0.25
tip_middle_root_1_2_2,64,舌尖,/Users/yuchiwu/Desktop/tongue_project/images_json/64.jpg,/Users/yuchiwu/Desktop/tongue_project/output/tip_middle_root_1_2_2/regions/舌尖/64.png,188809,0.2,0.4,0.4,0.25,0.5,0.25
tip_middle_root_1_2_2,64,舌左邊,/Users/yuchiwu/Desktop/tongue_project/images_json/64.jpg,/Users/yuchiwu/Desktop/tongue_project/output/tip_middle_root_1_2_2/regions/舌左邊/64.png,147880,0.2,0.4,0.4,0.25,0.5,0.25
tip_middle_root_1_2_2,64,舌中,/Users/yuchiwu/Desktop/tongue_project/images_json/64.jpg,/Users/yuchiwu/Desktop/tongue_project/output/tip_middle_root_1_2_2/regions/舌中/64.png,393024,0.2,0.4,0.4,0.25,0.5,0.25
tip_middle_root_1_2_2,64,舌右邊,/Users/yuchiwu/Desktop/tongue_project/images_json/64.jpg,/Users/yuchiwu/Desktop/tongue_project/output/tip_middle_root_1_2_2/regions/舌右邊/64.png,134973,0.2,0.4,0.4,0.25,0.5,0.25
tip_middle_root_1_2_2,65,舌根,/Users/yuchiwu/Desktop/tongue_project/images_json/65.JPG,/Users/yuchiwu/Desktop/tongue_project/output/tip_middle_root_1_2_2/regions/舌根/65.png,443142,0.2,0.4,0.4,0.25,0.5,0.25
tip_middle_root_1_2_2,65,舌尖,/Users/yuchiwu/Desktop/tongue_project/images_json/65.JPG,/Users/yuchiwu/Desktop/tongue_project/output/tip_middle_root_1_2_2/regions/舌尖/65.png,177124,0.2,0.4,0.4,0.25,0.5,0.25
tip_middle_root_1_2_2,65,舌左邊,/Users/yuchiwu/Desktop/tongue_project/images_json/65.JPG,/Users/yuchiwu/Desktop/tongue_project/output/tip_middle_root_1_2_2/regions/舌左邊/65.png,139689,0.2,0.4,0.4,0.25,0.5,0.25
tip_middle_root_1_2_2,65,舌中,/Users/yuchiwu/Desktop/tongue_project/images_json/65.JPG,/Users/yuchiwu/Desktop/tongue_project/output/tip_middle_root_1_2_2/regions/舌中/65.png,302806,0.2,0.4,0.4,0.25,0.5,0.25
tip_middle_root_1_2_2,65,舌右邊,/Users/yuchiwu/Desktop/tongue_project/images_json/65.JPG,/Users/yuchiwu/Desktop/tongue_project/output/tip_middle_root_1_2_2/regions/舌右邊/65.png,140592,0.2,0.4,0.4,0.25,0.5,0.25
tip_middle_root_1_2_2,66,舌根,/Users/yuchiwu/Desktop/tongue_project/images_json/66.JPG,/Users/yuchiwu/Desktop/tongue_project/output/tip_middle_root_1_2_2/regions/舌根/66.png,896134,0.2,0.4,0.4,0.25,0.5,0.25
tip_middle_root_1_2_2,66,舌尖,/Users/yuchiwu/Desktop/tongue_project/images_json/66.JPG,/Users/yuchiwu/Desktop/tongue_project/output/tip_middle_root_1_2_2/regions/舌尖/66.png,277020,0.2,0.4,0.4,0.25,0.5,0.25
tip_middle_root_1_2_2,66,舌左邊,/Users/yuchiwu/Desktop/tongue_project/images_json/66.JPG,/Users/yuchiwu/Desktop/tongue_project/output/tip_middle_root_1_2_2/regions/舌左邊/66.png,137352,0.2,0.4,0.4,0.25,0.5,0.25
tip_middle_root_1_2_2,66,舌中,/Users/yuchiwu/Desktop/tongue_project/images_json/66.JPG,/Users/yuchiwu/Desktop/tongue_project/output/tip_middle_root_1_2_2/regions/舌中/66.png,482760,0.2,0.4,0.4,0.25,0.5,0.25
tip_middle_root_1_2_2,66,舌右邊,/Users/yuchiwu/Desktop/tongue_project/images_json/66.JPG,/Users/yuchiwu/Desktop/tongue_project/output/tip_middle_root_1_2_2/regions/舌右邊/66.png,160905,0.2,0.4,0.4,0.25,0.5,0.25
tip_middle_root_1_2_2,67,舌根,/Users/yuchiwu/Desktop/tongue_project/images_json/67.JPG,/Users/yuchiwu/Desktop/tongue_project/output/tip_middle_root_1_2_2/regions/舌根/67.png,518408,0.2,0.4,0.4,0.25,0.5,0.25
tip_middle_root_1_2_2,67,舌尖,/Users/yuchiwu/Desktop/tongue_project/images_json/67.JPG,/Users/yuchiwu/Desktop/tongue_project/output/tip_middle_root_1_2_2/regions/舌尖/67.png,199180,0.2,0.4,0.4,0.25,0.5,0.25
tip_middle_root_1_2_2,67,舌左邊,/Users/yuchiwu/Desktop/tongue_project/images_json/67.JPG,/Users/yuchiwu/Desktop/tongue_project/output/tip_middle_root_1_2_2/regions/舌左邊/67.png,121023,0.2,0.4,0.4,0.25,0.5,0.25
tip_middle_root_1_2_2,67,舌中,/Users/yuchiwu/Desktop/tongue_project/images_json/67.JPG,/Users/yuchiwu/Desktop/tongue_project/output/tip_middle_root_1_2_2/regions/舌中/67.png,286000,0.2,0.4,0.4,0.25,0.5,0.25
tip_middle_root_1_2_2,67,舌右邊,/Users/yuchiwu/Desktop/tongue_project/images_json/67.JPG,/Users/yuchiwu/Desktop/tongue_project/output/tip_middle_root_1_2_2/regions/舌右邊/67.png,127673,0.2,0.4,0.4,0.25,0.5,0.25
tip_middle_root_1_2_2,68,舌根,/Users/yuchiwu/Desktop/tongue_project/images_json/68.jpg,/Users/yuchiwu/Desktop/tongue_project/output/tip_middle_root_1_2_2/regions/舌根/68.png,431271,0.2,0.4,0.4,0.25,0.5,0.25
tip_middle_root_1_2_2,68,舌尖,/Users/yuchiwu/Desktop/tongue_project/images_json/68.jpg,/Users/yuchiwu/Desktop/tongue_project/output/tip_middle_root_1_2_2/regions/舌尖/68.png,125699,0.2,0.4,0.4,0.25,0.5,0.25
tip_middle_root_1_2_2,68,舌左邊,/Users/yuchiwu/Desktop/tongue_project/images_json/68.jpg,/Users/yuchiwu/Desktop/tongue_project/output/tip_middle_root_1_2_2/regions/舌左邊/68.png,71210,0.2,0.4,0.4,0.25,0.5,0.25
tip_middle_root_1_2_2,68,舌中,/Users/yuchiwu/Desktop/tongue_project/images_json/68.jpg,/Users/yuchiwu/Desktop/tongue_project/output/tip_middle_root_1_2_2/regions/舌中/68.png,246942,0.2,0.4,0.4,0.25,0.5,0.25
tip_middle_root_1_2_2,68,舌右邊,/Users/yuchiwu/Desktop/tongue_project/images_json/68.jpg,/Users/yuchiwu/Desktop/tongue_project/output/tip_middle_root_1_2_2/regions/舌右邊/68.png,116488,0.2,0.4,0.4,0.25,0.5,0.25
tip_middle_root_1_2_2,69,舌根,/Users/yuchiwu/Desktop/tongue_project/images_json/69.JPG,/Users/yuchiwu/Desktop/tongue_project/output/tip_middle_root_1_2_2/regions/舌根/69.png,480273,0.2,0.4,0.4,0.25,0.5,0.25
tip_middle_root_1_2_2,69,舌尖,/Users/yuchiwu/Desktop/tongue_project/images_json/69.JPG,/Users/yuchiwu/Desktop/tongue_project/output/tip_middle_root_1_2_2/regions/舌尖/69.png,134826,0.2,0.4,0.4,0.25,0.5,0.25
tip_middle_root_1_2_2,69,舌左邊,/Users/yuchiwu/Desktop/tongue_project/images_json/69.JPG,/Users/yuchiwu/Desktop/tongue_project/output/tip_middle_root_1_2_2/regions/舌左邊/69.png,67954,0.2,0.4,0.4,0.25,0.5,0.25
tip_middle_root_1_2_2,69,舌中,/Users/yuchiwu/Desktop/tongue_project/images_json/69.JPG,/Users/yuchiwu/Desktop/tongue_project/output/tip_middle_root_1_2_2/regions/舌中/69.png,262128,0.2,0.4,0.4,0.25,0.5,0.25
tip_middle_root_1_2_2,69,舌右邊,/Users/yuchiwu/Desktop/tongue_project/images_json/69.JPG,/Users/yuchiwu/Desktop/tongue_project/output/tip_middle_root_1_2_2/regions/舌右邊/69.png,89091,0.2,0.4,0.4,0.25,0.5,0.25
tip_middle_root_1_2_2,7,舌根,/Users/yuchiwu/Desktop/tongue_project/images_json/7.jpg,/Users/yuchiwu/Desktop/tongue_project/output/tip_middle_root_1_2_2/regions/舌根/7.png,430751,0.2,0.4,0.4,0.25,0.5,0.25
tip_middle_root_1_2_2,7,舌尖,/Users/yuchiwu/Desktop/tongue_project/images_json/7.jpg,/Users/yuchiwu/Desktop/tongue_project/output/tip_middle_root_1_2_2/regions/舌尖/7.png,129100,0.2,0.4,0.4,0.25,0.5,0.25
tip_middle_root_1_2_2,7,舌左邊,/Users/yuchiwu/Desktop/tongue_project/images_json/7.jpg,/Users/yuchiwu/Desktop/tongue_project/output/tip_middle_root_1_2_2/regions/舌左邊/7.png,76451,0.2,0.4,0.4,0.25,0.5,0.25
tip_middle_root_1_2_2,7,舌中,/Users/yuchiwu/Desktop/tongue_project/images_json/7.jpg,/Users/yuchiwu/Desktop/tongue_project/output/tip_middle_root_1_2_2/regions/舌中/7.png,275456,0.2,0.4,0.4,0.25,0.5,0.25
tip_middle_root_1_2_2,7,舌右邊,/Users/yuchiwu/Desktop/tongue_project/images_json/7.jpg,/Users/yuchiwu/Desktop/tongue_project/output/tip_middle_root_1_2_2/regions/舌右邊/7.png,115027,0.2,0.4,0.4,0.25,0.5,0.25
tip_middle_root_1_2_2,70,舌根,/Users/yuchiwu/Desktop/tongue_project/images_json/70.jpg,/Users/yuchiwu/Desktop/tongue_project/output/tip_middle_root_1_2_2/regions/舌根/70.png,253731,0.2,0.4,0.4,0.25,0.5,0.25
tip_middle_root_1_2_2,70,舌尖,/Users/yuchiwu/Desktop/tongue_project/images_json/70.jpg,/Users/yuchiwu/Desktop/tongue_project/output/tip_middle_root_1_2_2/regions/舌尖/70.png,64140,0.2,0.4,0.4,0.25,0.5,0.25
tip_middle_root_1_2_2,70,舌左邊,/Users/yuchiwu/Desktop/tongue_project/images_json/70.jpg,/Users/yuchiwu/Desktop/tongue_project/output/tip_middle_root_1_2_2/regions/舌左邊/70.png,55981,0.2,0.4,0.4,0.25,0.5,0.25
tip_middle_root_1_2_2,70,舌中,/Users/yuchiwu/Desktop/tongue_project/images_json/70.jpg,/Users/yuchiwu/Desktop/tongue_project/output/tip_middle_root_1_2_2/regions/舌中/70.png,151864,0.2,0.4,0.4,0.25,0.5,0.25
tip_middle_root_1_2_2,70,舌右邊,/Users/yuchiwu/Desktop/tongue_project/images_json/70.jpg,/Users/yuchiwu/Desktop/tongue_project/output/tip_middle_root_1_2_2/regions/舌右邊/70.png,46275,0.2,0.4,0.4,0.25,0.5,0.25
tip_middle_root_1_2_2,71,舌根,/Users/yuchiwu/Desktop/tongue_project/images_json/71.JPG,/Users/yuchiwu/Desktop/tongue_project/output/tip_middle_root_1_2_2/regions/舌根/71.png,1611010,0.2,0.4,0.4,0.25,0.5,0.25
tip_middle_root_1_2_2,71,舌尖,/Users/yuchiwu/Desktop/tongue_project/images_json/71.JPG,/Users/yuchiwu/Desktop/tongue_project/output/tip_middle_root_1_2_2/regions/舌尖/71.png,526681,0.2,0.4,0.4,0.25,0.5,0.25
tip_middle_root_1_2_2,71,舌左邊,/Users/yuchiwu/Desktop/tongue_project/images_json/71.JPG,/Users/yuchiwu/Desktop/tongue_project/output/tip_middle_root_1_2_2/regions/舌左邊/71.png,305247,0.2,0.4,0.4,0.25,0.5,0.25
tip_middle_root_1_2_2,71,舌中,/Users/yuchiwu/Desktop/tongue_project/images_json/71.JPG,/Users/yuchiwu/Desktop/tongue_project/output/tip_middle_root_1_2_2/regions/舌中/71.png,832810,0.2,0.4,0.4,0.25,0.5,0.25
tip_middle_root_1_2_2,71,舌右邊,/Users/yuchiwu/Desktop/tongue_project/images_json/71.JPG,/Users/yuchiwu/Desktop/tongue_project/output/tip_middle_root_1_2_2/regions/舌右邊/71.png,336065,0.2,0.4,0.4,0.25,0.5,0.25
tip_middle_root_1_2_2,72,舌根,/Users/yuchiwu/Desktop/tongue_project/images_json/72.jpg,/Users/yuchiwu/Desktop/tongue_project/output/tip_middle_root_1_2_2/regions/舌根/72.png,687661,0.2,0.4,0.4,0.25,0.5,0.25
tip_middle_root_1_2_2,72,舌尖,/Users/yuchiwu/Desktop/tongue_project/images_json/72.jpg,/Users/yuchiwu/Desktop/tongue_project/output/tip_middle_root_1_2_2/regions/舌尖/72.png,251532,0.2,0.4,0.4,0.25,0.5,0.25
tip_middle_root_1_2_2,72,舌左邊,/Users/yuchiwu/Desktop/tongue_project/images_json/72.jpg,/Users/yuchiwu/Desktop/tongue_project/output/tip_middle_root_1_2_2/regions/舌左邊/72.png,203761,0.2,0.4,0.4,0.25,0.5,0.25
tip_middle_root_1_2_2,72,舌中,/Users/yuchiwu/Desktop/tongue_project/images_json/72.jpg,/Users/yuchiwu/Desktop/tongue_project/output/tip_middle_root_1_2_2/regions/舌中/72.png,474780,0.2,0.4,0.4,0.25,0.5,0.25
tip_middle_root_1_2_2,72,舌右邊,/Users/yuchiwu/Desktop/tongue_project/images_json/72.jpg,/Users/yuchiwu/Desktop/tongue_project/output/tip_middle_root_1_2_2/regions/舌右邊/72.png,194567,0.2,0.4,0.4,0.25,0.5,0.25
tip_middle_root_1_2_2,73,舌根,/Users/yuchiwu/Desktop/tongue_project/images_json/73.JPG,/Users/yuchiwu/Desktop/tongue_project/output/tip_middle_root_1_2_2/regions/舌根/73.png,764761,0.2,0.4,0.4,0.25,0.5,0.25
tip_middle_root_1_2_2,73,舌尖,/Users/yuchiwu/Desktop/tongue_project/images_json/73.JPG,/Users/yuchiwu/Desktop/tongue_project/output/tip_middle_root_1_2_2/regions/舌尖/73.png,174103,0.2,0.4,0.4,0.25,0.5,0.25
tip_middle_root_1_2_2,73,舌左邊,/Users/yuchiwu/Desktop/tongue_project/images_json/73.JPG,/Users/yuchiwu/Desktop/tongue_project/output/tip_middle_root_1_2_2/regions/舌左邊/73.png,193601,0.2,0.4,0.4,0.25,0.5,0.25
tip_middle_root_1_2_2,73,舌中,/Users/yuchiwu/Desktop/tongue_project/images_json/73.JPG,/Users/yuchiwu/Desktop/tongue_project/output/tip_middle_root_1_2_2/regions/舌中/73.png,422651,0.2,0.4,0.4,0.25,0.5,0.25
tip_middle_root_1_2_2,73,舌右邊,/Users/yuchiwu/Desktop/tongue_project/images_json/73.JPG,/Users/yuchiwu/Desktop/tongue_project/output/tip_middle_root_1_2_2/regions/舌右邊/73.png,24359,0.2,0.4,0.4,0.25,0.5,0.25
tip_middle_root_1_2_2,74,舌根,/Users/yuchiwu/Desktop/tongue_project/images_json/74.jpg,/Users/yuchiwu/Desktop/tongue_project/output/tip_middle_root_1_2_2/regions/舌根/74.png,934817,0.2,0.4,0.4,0.25,0.5,0.25
tip_middle_root_1_2_2,74,舌尖,/Users/yuchiwu/Desktop/tongue_project/images_json/74.jpg,/Users/yuchiwu/Desktop/tongue_project/output/tip_middle_root_1_2_2/regions/舌尖/74.png,394385,0.2,0.4,0.4,0.25,0.5,0.25
tip_middle_root_1_2_2,74,舌左邊,/Users/yuchiwu/Desktop/tongue_project/images_json/74.jpg,/Users/yuchiwu/Desktop/tongue_project/output/tip_middle_root_1_2_2/regions/舌左邊/74.png,224786,0.2,0.4,0.4,0.25,0.5,0.25
tip_middle_root_1_2_2,74,舌中,/Users/yuchiwu/Desktop/tongue_project/images_json/74.jpg,/Users/yuchiwu/Desktop/tongue_project/output/tip_middle_root_1_2_2/regions/舌中/74.png,565348,0.2,0.4,0.4,0.25,0.5,0.25
tip_middle_root_1_2_2,74,舌右邊,/Users/yuchiwu/Desktop/tongue_project/images_json/74.jpg,/Users/yuchiwu/Desktop/tongue_project/output/tip_middle_root_1_2_2/regions/舌右邊/74.png,252236,0.2,0.4,0.4,0.25,0.5,0.25
tip_middle_root_1_2_2,75,舌根,/Users/yuchiwu/Desktop/tongue_project/images_json/75.JPG,/Users/yuchiwu/Desktop/tongue_project/output/tip_middle_root_1_2_2/regions/舌根/75.png,1133348,0.2,0.4,0.4,0.25,0.5,0.25
tip_middle_root_1_2_2,75,舌尖,/Users/yuchiwu/Desktop/tongue_project/images_json/75.JPG,/Users/yuchiwu/Desktop/tongue_project/output/tip_middle_root_1_2_2/regions/舌尖/75.png,258226,0.2,0.4,0.4,0.25,0.5,0.25
tip_middle_root_1_2_2,75,舌左邊,/Users/yuchiwu/Desktop/tongue_project/images_json/75.JPG,/Users/yuchiwu/Desktop/tongue_project/output/tip_middle_root_1_2_2/regions/舌左邊/75.png,254800,0.2,0.4,0.4,0.25,0.5,0.25
tip_middle_root_1_2_2,75,舌中,/Users/yuchiwu/Desktop/tongue_project/images_json/75.JPG,/Users/yuchiwu/Desktop/tongue_project/output/tip_middle_root_1_2_2/regions/舌中/75.png,596721,0.2,0.4,0.4,0.25,0.5,0.25
tip_middle_root_1_2_2,75,舌右邊,/Users/yuchiwu/Desktop/tongue_project/images_json/75.JPG,/Users/yuchiwu/Desktop/tongue_project/output/tip_middle_root_1_2_2/regions/舌右邊/75.png,106257,0.2,0.4,0.4,0.25,0.5,0.25
tip_middle_root_1_2_2,76,舌根,/Users/yuchiwu/Desktop/tongue_project/images_json/76.JPG,/Users/yuchiwu/Desktop/tongue_project/output/tip_middle_root_1_2_2/regions/舌根/76.png,765800,0.2,0.4,0.4,0.25,0.5,0.25
tip_middle_root_1_2_2,76,舌尖,/Users/yuchiwu/Desktop/tongue_project/images_json/76.JPG,/Users/yuchiwu/Desktop/tongue_project/output/tip_middle_root_1_2_2/regions/舌尖/76.png,263318,0.2,0.4,0.4,0.25,0.5,0.25
tip_middle_root_1_2_2,76,舌左邊,/Users/yuchiwu/Desktop/tongue_project/images_json/76.JPG,/Users/yuchiwu/Desktop/tongue_project/output/tip_middle_root_1_2_2/regions/舌左邊/76.png,141460,0.2,0.4,0.4,0.25,0.5,0.25
tip_middle_root_1_2_2,76,舌中,/Users/yuchiwu/Desktop/tongue_project/images_json/76.JPG,/Users/yuchiwu/Desktop/tongue_project/output/tip_middle_root_1_2_2/regions/舌中/76.png,418760,0.2,0.4,0.4,0.25,0.5,0.25
tip_middle_root_1_2_2,76,舌右邊,/Users/yuchiwu/Desktop/tongue_project/images_json/76.JPG,/Users/yuchiwu/Desktop/tongue_project/output/tip_middle_root_1_2_2/regions/舌右邊/76.png,119326,0.2,0.4,0.4,0.25,0.5,0.25
tip_middle_root_1_2_2,77,舌根,/Users/yuchiwu/Desktop/tongue_project/images_json/77.JPG,/Users/yuchiwu/Desktop/tongue_project/output/tip_middle_root_1_2_2/regions/舌根/77.png,890816,0.2,0.4,0.4,0.25,0.5,0.25
tip_middle_root_1_2_2,77,舌尖,/Users/yuchiwu/Desktop/tongue_project/images_json/77.JPG,/Users/yuchiwu/Desktop/tongue_project/output/tip_middle_root_1_2_2/regions/舌尖/77.png,302943,0.2,0.4,0.4,0.25,0.5,0.25
tip_middle_root_1_2_2,77,舌左邊,/Users/yuchiwu/Desktop/tongue_project/images_json/77.JPG,/Users/yuchiwu/Desktop/tongue_project/output/tip_middle_root_1_2_2/regions/舌左邊/77.png,21591,0.2,0.4,0.4,0.25,0.5,0.25
tip_middle_root_1_2_2,77,舌中,/Users/yuchiwu/Desktop/tongue_project/images_json/77.JPG,/Users/yuchiwu/Desktop/tongue_project/output/tip_middle_root_1_2_2/regions/舌中/77.png,540246,0.2,0.4,0.4,0.25,0.5,0.25
tip_middle_root_1_2_2,77,舌右邊,/Users/yuchiwu/Desktop/tongue_project/images_json/77.JPG,/Users/yuchiwu/Desktop/tongue_project/output/tip_middle_root_1_2_2/regions/舌右邊/77.png,222073,0.2,0.4,0.4,0.25,0.5,0.25
tip_middle_root_1_2_2,78,舌根,/Users/yuchiwu/Desktop/tongue_project/images_json/78.JPG,/Users/yuchiwu/Desktop/tongue_project/output/tip_middle_root_1_2_2/regions/舌根/78.png,495880,0.2,0.4,0.4,0.25,0.5,0.25
tip_middle_root_1_2_2,78,舌尖,/Users/yuchiwu/Desktop/tongue_project/images_json/78.JPG,/Users/yuchiwu/Desktop/tongue_project/output/tip_middle_root_1_2_2/regions/舌尖/78.png,143514,0.2,0.4,0.4,0.25,0.5,0.25
tip_middle_root_1_2_2,78,舌左邊,/Users/yuchiwu/Desktop/tongue_project/images_json/78.JPG,/Users/yuchiwu/Desktop/tongue_project/output/tip_middle_root_1_2_2/regions/舌左邊/78.png,127226,0.2,0.4,0.4,0.25,0.5,0.25
tip_middle_root_1_2_2,78,舌中,/Users/yuchiwu/Desktop/tongue_project/images_json/78.JPG,/Users/yuchiwu/Desktop/tongue_project/output/tip_middle_root_1_2_2/regions/舌中/78.png,262801,0.2,0.4,0.4,0.25,0.5,0.25
tip_middle_root_1_2_2,78,舌右邊,/Users/yuchiwu/Desktop/tongue_project/images_json/78.JPG,/Users/yuchiwu/Desktop/tongue_project/output/tip_middle_root_1_2_2/regions/舌右邊/78.png,81941,0.2,0.4,0.4,0.25,0.5,0.25
tip_middle_root_1_2_2,79,舌根,/Users/yuchiwu/Desktop/tongue_project/images_json/79.JPG,/Users/yuchiwu/Desktop/tongue_project/output/tip_middle_root_1_2_2/regions/舌根/79.png,521432,0.2,0.4,0.4,0.25,0.5,0.25
tip_middle_root_1_2_2,79,舌尖,/Users/yuchiwu/Desktop/tongue_project/images_json/79.JPG,/Users/yuchiwu/Desktop/tongue_project/output/tip_middle_root_1_2_2/regions/舌尖/79.png,200050,0.2,0.4,0.4,0.25,0.5,0.25
tip_middle_root_1_2_2,79,舌左邊,/Users/yuchiwu/Desktop/tongue_project/images_json/79.JPG,/Users/yuchiwu/Desktop/tongue_project/output/tip_middle_root_1_2_2/regions/舌左邊/79.png,123671,0.2,0.4,0.4,0.25,0.5,0.25
tip_middle_root_1_2_2,79,舌中,/Users/yuchiwu/Desktop/tongue_project/images_json/79.JPG,/Users/yuchiwu/Desktop/tongue_project/output/tip_middle_root_1_2_2/regions/舌中/79.png,278857,0.2,0.4,0.4,0.25,0.5,0.25
tip_middle_root_1_2_2,79,舌右邊,/Users/yuchiwu/Desktop/tongue_project/images_json/79.JPG,/Users/yuchiwu/Desktop/tongue_project/output/tip_middle_root_1_2_2/regions/舌右邊/79.png,96296,0.2,0.4,0.4,0.25,0.5,0.25
tip_middle_root_1_2_2,8,舌根,/Users/yuchiwu/Desktop/tongue_project/images_json/8.jpg,/Users/yuchiwu/Desktop/tongue_project/output/tip_middle_root_1_2_2/regions/舌根/8.png,524837,0.2,0.4,0.4,0.25,0.5,0.25
tip_middle_root_1_2_2,8,舌尖,/Users/yuchiwu/Desktop/tongue_project/images_json/8.jpg,/Users/yuchiwu/Desktop/tongue_project/output/tip_middle_root_1_2_2/regions/舌尖/8.png,151026,0.2,0.4,0.4,0.25,0.5,0.25
tip_middle_root_1_2_2,8,舌左邊,/Users/yuchiwu/Desktop/tongue_project/images_json/8.jpg,/Users/yuchiwu/Desktop/tongue_project/output/tip_middle_root_1_2_2/regions/舌左邊/8.png,87112,0.2,0.4,0.4,0.25,0.5,0.25
tip_middle_root_1_2_2,8,舌中,/Users/yuchiwu/Desktop/tongue_project/images_json/8.jpg,/Users/yuchiwu/Desktop/tongue_project/output/tip_middle_root_1_2_2/regions/舌中/8.png,304200,0.2,0.4,0.4,0.25,0.5,0.25
tip_middle_root_1_2_2,8,舌右邊,/Users/yuchiwu/Desktop/tongue_project/images_json/8.jpg,/Users/yuchiwu/Desktop/tongue_project/output/tip_middle_root_1_2_2/regions/舌右邊/8.png,136506,0.2,0.4,0.4,0.25,0.5,0.25
tip_middle_root_1_2_2,80,舌根,/Users/yuchiwu/Desktop/tongue_project/images_json/80.JPG,/Users/yuchiwu/Desktop/tongue_project/output/tip_middle_root_1_2_2/regions/舌根/80.png,966170,0.2,0.4,0.4,0.25,0.5,0.25
tip_middle_root_1_2_2,80,舌尖,/Users/yuchiwu/Desktop/tongue_project/images_json/80.JPG,/Users/yuchiwu/Desktop/tongue_project/output/tip_middle_root_1_2_2/regions/舌尖/80.png,155909,0.2,0.4,0.4,0.25,0.5,0.25
tip_middle_root_1_2_2,80,舌左邊,/Users/yuchiwu/Desktop/tongue_project/images_json/80.JPG,/Users/yuchiwu/Desktop/tongue_project/output/tip_middle_root_1_2_2/regions/舌左邊/80.png,201484,0.2,0.4,0.4,0.25,0.5,0.25
tip_middle_root_1_2_2,80,舌中,/Users/yuchiwu/Desktop/tongue_project/images_json/80.JPG,/Users/yuchiwu/Desktop/tongue_project/output/tip_middle_root_1_2_2/regions/舌中/80.png,485161,0.2,0.4,0.4,0.25,0.5,0.25
tip_middle_root_1_2_2,80,舌右邊,/Users/yuchiwu/Desktop/tongue_project/images_json/80.JPG,/Users/yuchiwu/Desktop/tongue_project/output/tip_middle_root_1_2_2/regions/舌右邊/80.png,102909,0.2,0.4,0.4,0.25,0.5,0.25
tip_middle_root_1_2_2,81,舌根,/Users/yuchiwu/Desktop/tongue_project/images_json/81.JPG,/Users/yuchiwu/Desktop/tongue_project/output/tip_middle_root_1_2_2/regions/舌根/81.png,231720,0.2,0.4,0.4,0.25,0.5,0.25
tip_middle_root_1_2_2,81,舌尖,/Users/yuchiwu/Desktop/tongue_project/images_json/81.JPG,/Users/yuchiwu/Desktop/tongue_project/output/tip_middle_root_1_2_2/regions/舌尖/81.png,87261,0.2,0.4,0.4,0.25,0.5,0.25
tip_middle_root_1_2_2,81,舌左邊,/Users/yuchiwu/Desktop/tongue_project/images_json/81.JPG,/Users/yuchiwu/Desktop/tongue_project/output/tip_middle_root_1_2_2/regions/舌左邊/81.png,66752,0.2,0.4,0.4,0.25,0.5,0.25
tip_middle_root_1_2_2,81,舌中,/Users/yuchiwu/Desktop/tongue_project/images_json/81.JPG,/Users/yuchiwu/Desktop/tongue_project/output/tip_middle_root_1_2_2/regions/舌中/81.png,152862,0.2,0.4,0.4,0.25,0.5,0.25
tip_middle_root_1_2_2,81,舌右邊,/Users/yuchiwu/Desktop/tongue_project/images_json/81.JPG,/Users/yuchiwu/Desktop/tongue_project/output/tip_middle_root_1_2_2/regions/舌右邊/81.png,70412,0.2,0.4,0.4,0.25,0.5,0.25
tip_middle_root_1_2_2,82,舌根,/Users/yuchiwu/Desktop/tongue_project/images_json/82.JPG,/Users/yuchiwu/Desktop/tongue_project/output/tip_middle_root_1_2_2/regions/舌根/82.png,400087,0.2,0.4,0.4,0.25,0.5,0.25
tip_middle_root_1_2_2,82,舌尖,/Users/yuchiwu/Desktop/tongue_project/images_json/82.JPG,/Users/yuchiwu/Desktop/tongue_project/output/tip_middle_root_1_2_2/regions/舌尖/82.png,152263,0.2,0.4,0.4,0.25,0.5,0.25
tip_middle_root_1_2_2,82,舌左邊,/Users/yuchiwu/Desktop/tongue_project/images_json/82.JPG,/Users/yuchiwu/Desktop/tongue_project/output/tip_middle_root_1_2_2/regions/舌左邊/82.png,102156,0.2,0.4,0.4,0.25,0.5,0.25
tip_middle_root_1_2_2,82,舌中,/Users/yuchiwu/Desktop/tongue_project/images_json/82.JPG,/Users/yuchiwu/Desktop/tongue_project/output/tip_middle_root_1_2_2/regions/舌中/82.png,227430,0.2,0.4,0.4,0.25,0.5,0.25
tip_middle_root_1_2_2,82,舌右邊,/Users/yuchiwu/Desktop/tongue_project/images_json/82.JPG,/Users/yuchiwu/Desktop/tongue_project/output/tip_middle_root_1_2_2/regions/舌右邊/82.png,69215,0.2,0.4,0.4,0.25,0.5,0.25
tip_middle_root_1_2_2,83,舌根,/Users/yuchiwu/Desktop/tongue_project/images_json/83.jpg,/Users/yuchiwu/Desktop/tongue_project/output/tip_middle_root_1_2_2/regions/舌根/83.png,495612,0.2,0.4,0.4,0.25,0.5,0.25
tip_middle_root_1_2_2,83,舌尖,/Users/yuchiwu/Desktop/tongue_project/images_json/83.jpg,/Users/yuchiwu/Desktop/tongue_project/output/tip_middle_root_1_2_2/regions/舌尖/83.png,131466,0.2,0.4,0.4,0.25,0.5,0.25
tip_middle_root_1_2_2,83,舌左邊,/Users/yuchiwu/Desktop/tongue_project/images_json/83.jpg,/Users/yuchiwu/Desktop/tongue_project/output/tip_middle_root_1_2_2/regions/舌左邊/83.png,65348,0.2,0.4,0.4,0.25,0.5,0.25
tip_middle_root_1_2_2,83,舌中,/Users/yuchiwu/Desktop/tongue_project/images_json/83.jpg,/Users/yuchiwu/Desktop/tongue_project/output/tip_middle_root_1_2_2/regions/舌中/83.png,288134,0.2,0.4,0.4,0.25,0.5,0.25
tip_middle_root_1_2_2,83,舌右邊,/Users/yuchiwu/Desktop/tongue_project/images_json/83.jpg,/Users/yuchiwu/Desktop/tongue_project/output/tip_middle_root_1_2_2/regions/舌右邊/83.png,79430,0.2,0.4,0.4,0.25,0.5,0.25
tip_middle_root_1_2_2,84,舌根,/Users/yuchiwu/Desktop/tongue_project/images_json/84.JPG,/Users/yuchiwu/Desktop/tongue_project/output/tip_middle_root_1_2_2/regions/舌根/84.png,287008,0.2,0.4,0.4,0.25,0.5,0.25
tip_middle_root_1_2_2,84,舌尖,/Users/yuchiwu/Desktop/tongue_project/images_json/84.JPG,/Users/yuchiwu/Desktop/tongue_project/output/tip_middle_root_1_2_2/regions/舌尖/84.png,104682,0.2,0.4,0.4,0.25,0.5,0.25
tip_middle_root_1_2_2,84,舌左邊,/Users/yuchiwu/Desktop/tongue_project/images_json/84.JPG,/Users/yuchiwu/Desktop/tongue_project/output/tip_middle_root_1_2_2/regions/舌左邊/84.png,81837,0.2,0.4,0.4,0.25,0.5,0.25
tip_middle_root_1_2_2,84,舌中,/Users/yuchiwu/Desktop/tongue_project/images_json/84.JPG,/Users/yuchiwu/Desktop/tongue_project/output/tip_middle_root_1_2_2/regions/舌中/84.png,192920,0.2,0.4,0.4,0.25,0.5,0.25
tip_middle_root_1_2_2,84,舌右邊,/Users/yuchiwu/Desktop/tongue_project/images_json/84.JPG,/Users/yuchiwu/Desktop/tongue_project/output/tip_middle_root_1_2_2/regions/舌右邊/84.png,87822,0.2,0.4,0.4,0.25,0.5,0.25
tip_middle_root_1_2_2,85,舌根,/Users/yuchiwu/Desktop/tongue_project/images_json/85.jpg,/Users/yuchiwu/Desktop/tongue_project/output/tip_middle_root_1_2_2/regions/舌根/85.png,540771,0.2,0.4,0.4,0.25,0.5,0.25
tip_middle_root_1_2_2,85,舌尖,/Users/yuchiwu/Desktop/tongue_project/images_json/85.jpg,/Users/yuchiwu/Desktop/tongue_project/output/tip_middle_root_1_2_2/regions/舌尖/85.png,157723,0.2,0.4,0.4,0.25,0.5,0.25
tip_middle_root_1_2_2,85,舌左邊,/Users/yuchiwu/Desktop/tongue_project/images_json/85.jpg,/Users/yuchiwu/Desktop/tongue_project/output/tip_middle_root_1_2_2/regions/舌左邊/85.png,89707,0.2,0.4,0.4,0.25,0.5,0.25
tip_middle_root_1_2_2,85,舌中,/Users/yuchiwu/Desktop/tongue_project/images_json/85.jpg,/Users/yuchiwu/Desktop/tongue_project/output/tip_middle_root_1_2_2/regions/舌中/85.png,322000,0.2,0.4,0.4,0.25,0.5,0.25
tip_middle_root_1_2_2,85,舌右邊,/Users/yuchiwu/Desktop/tongue_project/images_json/85.jpg,/Users/yuchiwu/Desktop/tongue_project/output/tip_middle_root_1_2_2/regions/舌右邊/85.png,56154,0.2,0.4,0.4,0.25,0.5,0.25
tip_middle_root_1_2_2,86,舌根,/Users/yuchiwu/Desktop/tongue_project/images_json/86.JPG,/Users/yuchiwu/Desktop/tongue_project/output/tip_middle_root_1_2_2/regions/舌根/86.png,715582,0.2,0.4,0.4,0.25,0.5,0.25
tip_middle_root_1_2_2,86,舌尖,/Users/yuchiwu/Desktop/tongue_project/images_json/86.JPG,/Users/yuchiwu/Desktop/tongue_project/output/tip_middle_root_1_2_2/regions/舌尖/86.png,305796,0.2,0.4,0.4,0.25,0.5,0.25
tip_middle_root_1_2_2,86,舌左邊,/Users/yuchiwu/Desktop/tongue_project/images_json/86.JPG,/Users/yuchiwu/Desktop/tongue_project/output/tip_middle_root_1_2_2/regions/舌左邊/86.png,94967,0.2,0.4,0.4,0.25,0.5,0.25
tip_middle_root_1_2_2,86,舌中,/Users/yuchiwu/Desktop/tongue_project/images_json/86.JPG,/Users/yuchiwu/Desktop/tongue_project/output/tip_middle_root_1_2_2/regions/舌中/86.png,420656,0.2,0.4,0.4,0.25,0.5,0.25
tip_middle_root_1_2_2,86,舌右邊,/Users/yuchiwu/Desktop/tongue_project/images_json/86.JPG,/Users/yuchiwu/Desktop/tongue_project/output/tip_middle_root_1_2_2/regions/舌右邊/86.png,181175,0.2,0.4,0.4,0.25,0.5,0.25
tip_middle_root_1_2_2,87,舌根,/Users/yuchiwu/Desktop/tongue_project/images_json/87.jpg,/Users/yuchiwu/Desktop/tongue_project/output/tip_middle_root_1_2_2/regions/舌根/87.png,272212,0.2,0.4,0.4,0.25,0.5,0.25
tip_middle_root_1_2_2,87,舌尖,/Users/yuchiwu/Desktop/tongue_project/images_json/87.jpg,/Users/yuchiwu/Desktop/tongue_project/output/tip_middle_root_1_2_2/regions/舌尖/87.png,71647,0.2,0.4,0.4,0.25,0.5,0.25
tip_middle_root_1_2_2,87,舌左邊,/Users/yuchiwu/Desktop/tongue_project/images_json/87.jpg,/Users/yuchiwu/Desktop/tongue_project/output/tip_middle_root_1_2_2/regions/舌左邊/87.png,52738,0.2,0.4,0.4,0.25,0.5,0.25
tip_middle_root_1_2_2,87,舌中,/Users/yuchiwu/Desktop/tongue_project/images_json/87.jpg,/Users/yuchiwu/Desktop/tongue_project/output/tip_middle_root_1_2_2/regions/舌中/87.png,163800,0.2,0.4,0.4,0.25,0.5,0.25
tip_middle_root_1_2_2,87,舌右邊,/Users/yuchiwu/Desktop/tongue_project/images_json/87.jpg,/Users/yuchiwu/Desktop/tongue_project/output/tip_middle_root_1_2_2/regions/舌右邊/87.png,67624,0.2,0.4,0.4,0.25,0.5,0.25
tip_middle_root_1_2_2,88,舌根,/Users/yuchiwu/Desktop/tongue_project/images_json/88.JPG,/Users/yuchiwu/Desktop/tongue_project/output/tip_middle_root_1_2_2/regions/舌根/88.png,1129613,0.2,0.4,0.4,0.25,0.5,0.25
tip_middle_root_1_2_2,88,舌尖,/Users/yuchiwu/Desktop/tongue_project/images_json/88.JPG,/Users/yuchiwu/Desktop/tongue_project/output/tip_middle_root_1_2_2/regions/舌尖/88.png,341972,0.2,0.4,0.4,0.25,0.5,0.25
tip_middle_root_1_2_2,88,舌左邊,/Users/yuchiwu/Desktop/tongue_project/images_json/88.JPG,/Users/yuchiwu/Desktop/tongue_project/output/tip_middle_root_1_2_2/regions/舌左邊/88.png,187640,0.2,0.4,0.4,0.25,0.5,0.25
tip_middle_root_1_2_2,88,舌中,/Users/yuchiwu/Desktop/tongue_project/images_json/88.JPG,/Users/yuchiwu/Desktop/tongue_project/output/tip_middle_root_1_2_2/regions/舌中/88.png,593124,0.2,0.4,0.4,0.25,0.5,0.25
tip_middle_root_1_2_2,88,舌右邊,/Users/yuchiwu/Desktop/tongue_project/images_json/88.JPG,/Users/yuchiwu/Desktop/tongue_project/output/tip_middle_root_1_2_2/regions/舌右邊/88.png,188543,0.2,0.4,0.4,0.25,0.5,0.25
tip_middle_root_1_2_2,89,舌根,/Users/yuchiwu/Desktop/tongue_project/images_json/89.JPG,/Users/yuchiwu/Desktop/tongue_project/output/tip_middle_root_1_2_2/regions/舌根/89.png,387147,0.2,0.4,0.4,0.25,0.5,0.25
tip_middle_root_1_2_2,89,舌尖,/Users/yuchiwu/Desktop/tongue_project/images_json/89.JPG,/Users/yuchiwu/Desktop/tongue_project/output/tip_middle_root_1_2_2/regions/舌尖/89.png,112759,0.2,0.4,0.4,0.25,0.5,0.25
tip_middle_root_1_2_2,89,舌左邊,/Users/yuchiwu/Desktop/tongue_project/images_json/89.JPG,/Users/yuchiwu/Desktop/tongue_project/output/tip_middle_root_1_2_2/regions/舌左邊/89.png,38254,0.2,0.4,0.4,0.25,0.5,0.25
tip_middle_root_1_2_2,89,舌中,/Users/yuchiwu/Desktop/tongue_project/images_json/89.JPG,/Users/yuchiwu/Desktop/tongue_project/output/tip_middle_root_1_2_2/regions/舌中/89.png,197257,0.2,0.4,0.4,0.25,0.5,0.25
tip_middle_root_1_2_2,89,舌右邊,/Users/yuchiwu/Desktop/tongue_project/images_json/89.JPG,/Users/yuchiwu/Desktop/tongue_project/output/tip_middle_root_1_2_2/regions/舌右邊/89.png,98267,0.2,0.4,0.4,0.25,0.5,0.25
tip_middle_root_1_2_2,9,舌根,/Users/yuchiwu/Desktop/tongue_project/images_json/9.jpg,/Users/yuchiwu/Desktop/tongue_project/output/tip_middle_root_1_2_2/regions/舌根/9.png,410109,0.2,0.4,0.4,0.25,0.5,0.25
tip_middle_root_1_2_2,9,舌尖,/Users/yuchiwu/Desktop/tongue_project/images_json/9.jpg,/Users/yuchiwu/Desktop/tongue_project/output/tip_middle_root_1_2_2/regions/舌尖/9.png,129485,0.2,0.4,0.4,0.25,0.5,0.25
tip_middle_root_1_2_2,9,舌左邊,/Users/yuchiwu/Desktop/tongue_project/images_json/9.jpg,/Users/yuchiwu/Desktop/tongue_project/output/tip_middle_root_1_2_2/regions/舌左邊/9.png,99185,0.2,0.4,0.4,0.25,0.5,0.25
tip_middle_root_1_2_2,9,舌中,/Users/yuchiwu/Desktop/tongue_project/images_json/9.jpg,/Users/yuchiwu/Desktop/tongue_project/output/tip_middle_root_1_2_2/regions/舌中/9.png,243904,0.2,0.4,0.4,0.25,0.5,0.25
tip_middle_root_1_2_2,9,舌右邊,/Users/yuchiwu/Desktop/tongue_project/images_json/9.jpg,/Users/yuchiwu/Desktop/tongue_project/output/tip_middle_root_1_2_2/regions/舌右邊/9.png,96878,0.2,0.4,0.4,0.25,0.5,0.25
tip_middle_root_1_2_2,90,舌根,/Users/yuchiwu/Desktop/tongue_project/images_json/90.JPG,/Users/yuchiwu/Desktop/tongue_project/output/tip_middle_root_1_2_2/regions/舌根/90.png,143160,0.2,0.4,0.4,0.25,0.5,0.25
tip_middle_root_1_2_2,90,舌尖,/Users/yuchiwu/Desktop/tongue_project/images_json/90.JPG,/Users/yuchiwu/Desktop/tongue_project/output/tip_middle_root_1_2_2/regions/舌尖/90.png,56933,0.2,0.4,0.4,0.25,0.5,0.25
tip_middle_root_1_2_2,90,舌左邊,/Users/yuchiwu/Desktop/tongue_project/images_json/90.JPG,/Users/yuchiwu/Desktop/tongue_project/output/tip_middle_root_1_2_2/regions/舌左邊/90.png,641,0.2,0.4,0.4,0.25,0.5,0.25
tip_middle_root_1_2_2,90,舌中,/Users/yuchiwu/Desktop/tongue_project/images_json/90.JPG,/Users/yuchiwu/Desktop/tongue_project/output/tip_middle_root_1_2_2/regions/舌中/90.png,97535,0.2,0.4,0.4,0.25,0.5,0.25
tip_middle_root_1_2_2,90,舌右邊,/Users/yuchiwu/Desktop/tongue_project/images_json/90.JPG,/Users/yuchiwu/Desktop/tongue_project/output/tip_middle_root_1_2_2/regions/舌右邊/90.png,48422,0.2,0.4,0.4,0.25,0.5,0.25
tip_middle_root_1_2_2,91,舌根,/Users/yuchiwu/Desktop/tongue_project/images_json/91.JPG,/Users/yuchiwu/Desktop/tongue_project/output/tip_middle_root_1_2_2/regions/舌根/91.png,450299,0.2,0.4,0.4,0.25,0.5,0.25
tip_middle_root_1_2_2,91,舌尖,/Users/yuchiwu/Desktop/tongue_project/images_json/91.JPG,/Users/yuchiwu/Desktop/tongue_project/output/tip_middle_root_1_2_2/regions/舌尖/91.png,188937,0.2,0.4,0.4,0.25,0.5,0.25
tip_middle_root_1_2_2,91,舌左邊,/Users/yuchiwu/Desktop/tongue_project/images_json/91.JPG,/Users/yuchiwu/Desktop/tongue_project/output/tip_middle_root_1_2_2/regions/舌左邊/91.png,10963,0.2,0.4,0.4,0.25,0.5,0.25
tip_middle_root_1_2_2,91,舌中,/Users/yuchiwu/Desktop/tongue_project/images_json/91.JPG,/Users/yuchiwu/Desktop/tongue_project/output/tip_middle_root_1_2_2/regions/舌中/91.png,307828,0.2,0.4,0.4,0.25,0.5,0.25
tip_middle_root_1_2_2,91,舌右邊,/Users/yuchiwu/Desktop/tongue_project/images_json/91.JPG,/Users/yuchiwu/Desktop/tongue_project/output/tip_middle_root_1_2_2/regions/舌右邊/91.png,107335,0.2,0.4,0.4,0.25,0.5,0.25
tip_middle_root_1_2_2,92,舌根,/Users/yuchiwu/Desktop/tongue_project/images_json/92.JPG,/Users/yuchiwu/Desktop/tongue_project/output/tip_middle_root_1_2_2/regions/舌根/92.png,308261,0.2,0.4,0.4,0.25,0.5,0.25
tip_middle_root_1_2_2,92,舌尖,/Users/yuchiwu/Desktop/tongue_project/images_json/92.JPG,/Users/yuchiwu/Desktop/tongue_project/output/tip_middle_root_1_2_2/regions/舌尖/92.png,120271,0.2,0.4,0.4,0.25,0.5,0.25
tip_middle_root_1_2_2,92,舌左邊,/Users/yuchiwu/Desktop/tongue_project/images_json/92.JPG,/Users/yuchiwu/Desktop/tongue_project/output/tip_middle_root_1_2_2/regions/舌左邊/92.png,92900,0.2,0.4,0.4,0.25,0.5,0.25
tip_middle_root_1_2_2,92,舌中,/Users/yuchiwu/Desktop/tongue_project/images_json/92.JPG,/Users/yuchiwu/Desktop/tongue_project/output/tip_middle_root_1_2_2/regions/舌中/92.png,207553,0.2,0.4,0.4,0.25,0.5,0.25
tip_middle_root_1_2_2,92,舌右邊,/Users/yuchiwu/Desktop/tongue_project/images_json/92.JPG,/Users/yuchiwu/Desktop/tongue_project/output/tip_middle_root_1_2_2/regions/舌右邊/92.png,95170,0.2,0.4,0.4,0.25,0.5,0.25
tip_middle_root_1_2_2,93,舌根,/Users/yuchiwu/Desktop/tongue_project/images_json/93.JPG,/Users/yuchiwu/Desktop/tongue_project/output/tip_middle_root_1_2_2/regions/舌根/93.png,180209,0.2,0.4,0.4,0.25,0.5,0.25
tip_middle_root_1_2_2,93,舌尖,/Users/yuchiwu/Desktop/tongue_project/images_json/93.JPG,/Users/yuchiwu/Desktop/tongue_project/output/tip_middle_root_1_2_2/regions/舌尖/93.png,49639,0.2,0.4,0.4,0.25,0.5,0.25
tip_middle_root_1_2_2,93,舌左邊,/Users/yuchiwu/Desktop/tongue_project/images_json/93.JPG,/Users/yuchiwu/Desktop/tongue_project/output/tip_middle_root_1_2_2/regions/舌左邊/93.png,10635,0.2,0.4,0.4,0.25,0.5,0.25
tip_middle_root_1_2_2,93,舌中,/Users/yuchiwu/Desktop/tongue_project/images_json/93.JPG,/Users/yuchiwu/Desktop/tongue_project/output/tip_middle_root_1_2_2/regions/舌中/93.png,96738,0.2,0.4,0.4,0.25,0.5,0.25
tip_middle_root_1_2_2,93,舌右邊,/Users/yuchiwu/Desktop/tongue_project/images_json/93.JPG,/Users/yuchiwu/Desktop/tongue_project/output/tip_middle_root_1_2_2/regions/舌右邊/93.png,47111,0.2,0.4,0.4,0.25,0.5,0.25
tip_middle_root_1_2_2,94,舌根,/Users/yuchiwu/Desktop/tongue_project/images_json/94.JPG,/Users/yuchiwu/Desktop/tongue_project/output/tip_middle_root_1_2_2/regions/舌根/94.png,709343,0.2,0.4,0.4,0.25,0.5,0.25
tip_middle_root_1_2_2,94,舌尖,/Users/yuchiwu/Desktop/tongue_project/images_json/94.JPG,/Users/yuchiwu/Desktop/tongue_project/output/tip_middle_root_1_2_2/regions/舌尖/94.png,297934,0.2,0.4,0.4,0.25,0.5,0.25
tip_middle_root_1_2_2,94,舌左邊,/Users/yuchiwu/Desktop/tongue_project/images_json/94.JPG,/Users/yuchiwu/Desktop/tongue_project/output/tip_middle_root_1_2_2/regions/舌左邊/94.png,151354,0.2,0.4,0.4,0.25,0.5,0.25
tip_middle_root_1_2_2,94,舌中,/Users/yuchiwu/Desktop/tongue_project/images_json/94.JPG,/Users/yuchiwu/Desktop/tongue_project/output/tip_middle_root_1_2_2/regions/舌中/94.png,380142,0.2,0.4,0.4,0.25,0.5,0.25
tip_middle_root_1_2_2,94,舌右邊,/Users/yuchiwu/Desktop/tongue_project/images_json/94.JPG,/Users/yuchiwu/Desktop/tongue_project/output/tip_middle_root_1_2_2/regions/舌右邊/94.png,142656,0.2,0.4,0.4,0.25,0.5,0.25
tip_middle_root_1_2_2,95,舌根,/Users/yuchiwu/Desktop/tongue_project/images_json/95.JPG,/Users/yuchiwu/Desktop/tongue_project/output/tip_middle_root_1_2_2/regions/舌根/95.png,373354,0.2,0.4,0.4,0.25,0.5,0.25
tip_middle_root_1_2_2,95,舌尖,/Users/yuchiwu/Desktop/tongue_project/images_json/95.JPG,/Users/yuchiwu/Desktop/tongue_project/output/tip_middle_root_1_2_2/regions/舌尖/95.png,142416,0.2,0.4,0.4,0.25,0.5,0.25
tip_middle_root_1_2_2,95,舌左邊,/Users/yuchiwu/Desktop/tongue_project/images_json/95.JPG,/Users/yuchiwu/Desktop/tongue_project/output/tip_middle_root_1_2_2/regions/舌左邊/95.png,109612,0.2,0.4,0.4,0.25,0.5,0.25
tip_middle_root_1_2_2,95,舌中,/Users/yuchiwu/Desktop/tongue_project/images_json/95.JPG,/Users/yuchiwu/Desktop/tongue_project/output/tip_middle_root_1_2_2/regions/舌中/95.png,242000,0.2,0.4,0.4,0.25,0.5,0.25
tip_middle_root_1_2_2,95,舌右邊,/Users/yuchiwu/Desktop/tongue_project/images_json/95.JPG,/Users/yuchiwu/Desktop/tongue_project/output/tip_middle_root_1_2_2/regions/舌右邊/95.png,109823,0.2,0.4,0.4,0.25,0.5,0.25
tip_middle_root_1_2_2,96,舌根,/Users/yuchiwu/Desktop/tongue_project/images_json/96.jpg,/Users/yuchiwu/Desktop/tongue_project/output/tip_middle_root_1_2_2/regions/舌根/96.png,319190,0.2,0.4,0.4,0.25,0.5,0.25
tip_middle_root_1_2_2,96,舌尖,/Users/yuchiwu/Desktop/tongue_project/images_json/96.jpg,/Users/yuchiwu/Desktop/tongue_project/output/tip_middle_root_1_2_2/regions/舌尖/96.png,72528,0.2,0.4,0.4,0.25,0.5,0.25
tip_middle_root_1_2_2,96,舌左邊,/Users/yuchiwu/Desktop/tongue_project/images_json/96.jpg,/Users/yuchiwu/Desktop/tongue_project/output/tip_middle_root_1_2_2/regions/舌左邊/96.png,70200,0.2,0.4,0.4,0.25,0.5,0.25
tip_middle_root_1_2_2,96,舌中,/Users/yuchiwu/Desktop/tongue_project/images_json/96.jpg,/Users/yuchiwu/Desktop/tongue_project/output/tip_middle_root_1_2_2/regions/舌中/96.png,184962,0.2,0.4,0.4,0.25,0.5,0.25
tip_middle_root_1_2_2,96,舌右邊,/Users/yuchiwu/Desktop/tongue_project/images_json/96.jpg,/Users/yuchiwu/Desktop/tongue_project/output/tip_middle_root_1_2_2/regions/舌右邊/96.png,45618,0.2,0.4,0.4,0.25,0.5,0.25
tip_middle_root_1_2_2,97,舌根,/Users/yuchiwu/Desktop/tongue_project/images_json/97.JPG,/Users/yuchiwu/Desktop/tongue_project/output/tip_middle_root_1_2_2/regions/舌根/97.png,519423,0.2,0.4,0.4,0.25,0.5,0.25
tip_middle_root_1_2_2,97,舌尖,/Users/yuchiwu/Desktop/tongue_project/images_json/97.JPG,/Users/yuchiwu/Desktop/tongue_project/output/tip_middle_root_1_2_2/regions/舌尖/97.png,200250,0.2,0.4,0.4,0.25,0.5,0.25
tip_middle_root_1_2_2,97,舌中,/Users/yuchiwu/Desktop/tongue_project/images_json/97.JPG,/Users/yuchiwu/Desktop/tongue_project/output/tip_middle_root_1_2_2/regions/舌中/97.png,273452,0.2,0.4,0.4,0.25,0.5,0.25
tip_middle_root_1_2_2,97,舌右邊,/Users/yuchiwu/Desktop/tongue_project/images_json/97.JPG,/Users/yuchiwu/Desktop/tongue_project/output/tip_middle_root_1_2_2/regions/舌右邊/97.png,207507,0.2,0.4,0.4,0.25,0.5,0.25
tip_middle_root_1_2_2,98,舌根,/Users/yuchiwu/Desktop/tongue_project/images_json/98.JPG,/Users/yuchiwu/Desktop/tongue_project/output/tip_middle_root_1_2_2/regions/舌根/98.png,884922,0.2,0.4,0.4,0.25,0.5,0.25
tip_middle_root_1_2_2,98,舌尖,/Users/yuchiwu/Desktop/tongue_project/images_json/98.JPG,/Users/yuchiwu/Desktop/tongue_project/output/tip_middle_root_1_2_2/regions/舌尖/98.png,306384,0.2,0.4,0.4,0.25,0.5,0.25
tip_middle_root_1_2_2,98,舌左邊,/Users/yuchiwu/Desktop/tongue_project/images_json/98.JPG,/Users/yuchiwu/Desktop/tongue_project/output/tip_middle_root_1_2_2/regions/舌左邊/98.png,170422,0.2,0.4,0.4,0.25,0.5,0.25
tip_middle_root_1_2_2,98,舌中,/Users/yuchiwu/Desktop/tongue_project/images_json/98.JPG,/Users/yuchiwu/Desktop/tongue_project/output/tip_middle_root_1_2_2/regions/舌中/98.png,528750,0.2,0.4,0.4,0.25,0.5,0.25
tip_middle_root_1_2_2,98,舌右邊,/Users/yuchiwu/Desktop/tongue_project/images_json/98.JPG,/Users/yuchiwu/Desktop/tongue_project/output/tip_middle_root_1_2_2/regions/舌右邊/98.png,105347,0.2,0.4,0.4,0.25,0.5,0.25
tip_middle_root_1_2_2,99,舌根,/Users/yuchiwu/Desktop/tongue_project/images_json/99.JPG,/Users/yuchiwu/Desktop/tongue_project/output/tip_middle_root_1_2_2/regions/舌根/99.png,342379,0.2,0.4,0.4,0.25,0.5,0.25
tip_middle_root_1_2_2,99,舌尖,/Users/yuchiwu/Desktop/tongue_project/images_json/99.JPG,/Users/yuchiwu/Desktop/tongue_project/output/tip_middle_root_1_2_2/regions/舌尖/99.png,123361,0.2,0.4,0.4,0.25,0.5,0.25
tip_middle_root_1_2_2,99,舌左邊,/Users/yuchiwu/Desktop/tongue_project/images_json/99.JPG,/Users/yuchiwu/Desktop/tongue_project/output/tip_middle_root_1_2_2/regions/舌左邊/99.png,102889,0.2,0.4,0.4,0.25,0.5,0.25
tip_middle_root_1_2_2,99,舌中,/Users/yuchiwu/Desktop/tongue_project/images_json/99.JPG,/Users/yuchiwu/Desktop/tongue_project/output/tip_middle_root_1_2_2/regions/舌中/99.png,224796,0.2,0.4,0.4,0.25,0.5,0.25
tip_middle_root_1_2_2,99,舌右邊,/Users/yuchiwu/Desktop/tongue_project/images_json/99.JPG,/Users/yuchiwu/Desktop/tongue_project/output/tip_middle_root_1_2_2/regions/舌右邊/99.png,100492,0.2,0.4,0.4,0.25,0.5,0.25
