segmentation_method,model,color,fold,image_id,region,true,pred,probability
tip_middle_root_1_2_2,CNN,淡紅,1,17,舌右邊,0,0,0.18376575410366058
tip_middle_root_1_2_2,CNN,淡紅,1,17,舌尖,1,0,0.4502997398376465
tip_middle_root_1_2_2,CNN,淡紅,1,17,舌左邊,0,0,0.21553583443164825
tip_middle_root_1_2_2,CNN,淡紅,1,19,舌中,1,1,0.5873969197273254
tip_middle_root_1_2_2,CNN,淡紅,1,19,舌右邊,1,1,0.7020494341850281
tip_middle_root_1_2_2,CNN,淡紅,1,19,舌尖,1,1,0.7152440547943115
tip_middle_root_1_2_2,CNN,淡紅,1,19,舌左邊,1,0,0.48546186089515686
tip_middle_root_1_2_2,CNN,淡紅,1,19,舌根,1,1,0.768145740032196
tip_middle_root_1_2_2,CNN,淡紅,1,21,舌中,1,0,0.4655749201774597
tip_middle_root_1_2_2,CNN,淡紅,1,21,舌右邊,1,0,0.2358541637659073
tip_middle_root_1_2_2,CNN,淡紅,1,21,舌尖,1,1,0.8323903679847717
tip_middle_root_1_2_2,CNN,淡紅,1,21,舌左邊,1,0,0.4407106339931488
tip_middle_root_1_2_2,CNN,淡紅,1,21,舌根,1,1,0.7676637768745422
tip_middle_root_1_2_2,CNN,淡紅,1,3,舌中,0,1,0.5213258862495422
tip_middle_root_1_2_2,CNN,淡紅,1,3,舌右邊,0,1,0.5456684827804565
tip_middle_root_1_2_2,CNN,淡紅,1,3,舌尖,0,0,0.4466988742351532
tip_middle_root_1_2_2,CNN,淡紅,1,3,舌左邊,0,0,0.19359353184700012
tip_middle_root_1_2_2,CNN,淡紅,1,3,舌根,0,1,0.6437360644340515
tip_middle_root_1_2_2,CNN,淡紅,1,31,舌中,0,0,0.49677774310112
tip_middle_root_1_2_2,CNN,淡紅,1,31,舌右邊,0,1,0.5275278687477112
tip_middle_root_1_2_2,CNN,淡紅,1,31,舌尖,0,0,0.4332505762577057
tip_middle_root_1_2_2,CNN,淡紅,1,31,舌左邊,0,1,0.6263712644577026
tip_middle_root_1_2_2,CNN,淡紅,1,31,舌根,0,1,0.5157666206359863
tip_middle_root_1_2_2,CNN,淡紅,1,40,舌中,0,1,0.5684735178947449
tip_middle_root_1_2_2,CNN,淡紅,1,40,舌右邊,0,0,0.23471252620220184
tip_middle_root_1_2_2,CNN,淡紅,1,40,舌尖,0,0,0.4164491295814514
tip_middle_root_1_2_2,CNN,淡紅,1,40,舌左邊,0,0,0.30542582273483276
tip_middle_root_1_2_2,CNN,淡紅,1,40,舌根,0,0,0.4023815989494324
tip_middle_root_1_2_2,CNN,淡紅,1,45,舌中,0,1,0.6072235107421875
tip_middle_root_1_2_2,CNN,淡紅,1,45,舌右邊,1,1,0.6545833945274353
tip_middle_root_1_2_2,CNN,淡紅,1,45,舌左邊,1,1,0.5494980216026306
tip_middle_root_1_2_2,CNN,淡紅,1,45,舌根,0,1,0.66420978307724
tip_middle_root_1_2_2,CNN,淡紅,1,55,舌中,1,1,0.7227474451065063
tip_middle_root_1_2_2,CNN,淡紅,1,55,舌右邊,1,0,0.28955602645874023
tip_middle_root_1_2_2,CNN,淡紅,1,55,舌尖,1,1,0.820081353187561
tip_middle_root_1_2_2,CNN,淡紅,1,55,舌左邊,1,0,0.4319368302822113
tip_middle_root_1_2_2,CNN,淡紅,1,66,舌中,0,0,0.45262375473976135
tip_middle_root_1_2_2,CNN,淡紅,1,66,舌右邊,0,0,0.060177817940711975
tip_middle_root_1_2_2,CNN,淡紅,1,66,舌尖,0,0,0.15468251705169678
tip_middle_root_1_2_2,CNN,淡紅,1,66,舌左邊,0,0,0.15899056196212769
tip_middle_root_1_2_2,CNN,淡紅,1,66,舌根,0,0,0.36726483702659607
tip_middle_root_1_2_2,CNN,淡紅,1,67,舌中,0,0,0.2527700960636139
tip_middle_root_1_2_2,CNN,淡紅,1,67,舌右邊,0,0,0.20736484229564667
tip_middle_root_1_2_2,CNN,淡紅,1,67,舌尖,0,0,0.3176411986351013
tip_middle_root_1_2_2,CNN,淡紅,1,67,舌左邊,0,0,0.2600547969341278
tip_middle_root_1_2_2,CNN,淡紅,1,7,舌中,0,0,0.39530321955680847
tip_middle_root_1_2_2,CNN,淡紅,1,7,舌根,0,1,0.6472868919372559
tip_middle_root_1_2_2,CNN,淡紅,1,73,舌中,0,0,0.2750517725944519
tip_middle_root_1_2_2,CNN,淡紅,1,73,舌右邊,0,0,0.11437393724918365
tip_middle_root_1_2_2,CNN,淡紅,1,73,舌尖,0,0,0.06721462309360504
tip_middle_root_1_2_2,CNN,淡紅,1,73,舌左邊,0,0,0.16882945597171783
tip_middle_root_1_2_2,CNN,淡紅,1,73,舌根,0,1,0.581483781337738
tip_middle_root_1_2_2,CNN,淡紅,1,74,舌中,0,1,0.5059252977371216
tip_middle_root_1_2_2,CNN,淡紅,1,74,舌右邊,0,0,0.3473239839076996
tip_middle_root_1_2_2,CNN,淡紅,1,74,舌左邊,0,0,0.20166058838367462
tip_middle_root_1_2_2,CNN,淡紅,1,74,舌根,0,1,0.5807901620864868
tip_middle_root_1_2_2,CNN,淡紅,1,83,舌中,0,0,0.45042717456817627
tip_middle_root_1_2_2,CNN,淡紅,1,83,舌右邊,0,0,0.17195643484592438
tip_middle_root_1_2_2,CNN,淡紅,1,83,舌尖,0,0,0.13095204532146454
tip_middle_root_1_2_2,CNN,淡紅,1,83,舌左邊,0,0,0.3645491302013397
tip_middle_root_1_2_2,CNN,淡紅,1,83,舌根,0,1,0.7850317358970642
tip_middle_root_1_2_2,CNN,淡紅,1,86,舌右邊,1,1,0.526333749294281
tip_middle_root_1_2_2,CNN,淡紅,1,86,舌尖,1,0,0.49513909220695496
tip_middle_root_1_2_2,CNN,淡紅,1,86,舌左邊,1,0,0.27830448746681213
tip_middle_root_1_2_2,CNN,淡紅,1,87,舌中,0,0,0.20948784053325653
tip_middle_root_1_2_2,CNN,淡紅,1,87,舌右邊,0,0,0.09938599169254303
tip_middle_root_1_2_2,CNN,淡紅,1,87,舌尖,0,0,0.3235965967178345
tip_middle_root_1_2_2,CNN,淡紅,1,87,舌左邊,0,0,0.11514966189861298
tip_middle_root_1_2_2,CNN,淡紅,1,87,舌根,0,1,0.6678995490074158
tip_middle_root_1_2_2,CNN,淡紅,1,89,舌中,0,0,0.3665374219417572
tip_middle_root_1_2_2,CNN,淡紅,1,89,舌右邊,0,0,0.06632493436336517
tip_middle_root_1_2_2,CNN,淡紅,1,89,舌尖,0,0,0.07222495973110199
tip_middle_root_1_2_2,CNN,淡紅,1,89,舌左邊,0,0,0.14287729561328888
tip_middle_root_1_2_2,CNN,淡紅,1,89,舌根,0,1,0.7192972302436829
tip_middle_root_1_2_2,CNN,淡紅,1,92,舌中,0,0,0.4625270962715149
tip_middle_root_1_2_2,CNN,淡紅,1,92,舌左邊,0,1,0.6350651979446411
tip_middle_root_1_2_2,CNN,淡紅,1,92,舌根,0,1,0.8527913093566895
tip_middle_root_1_2_2,CNN,淡紅,1,93,舌中,0,0,0.2569494843482971
tip_middle_root_1_2_2,CNN,淡紅,1,93,舌右邊,0,0,0.04265422746539116
tip_middle_root_1_2_2,CNN,淡紅,1,93,舌尖,0,0,0.10077474266290665
tip_middle_root_1_2_2,CNN,淡紅,1,93,舌左邊,0,0,0.22932952642440796
tip_middle_root_1_2_2,CNN,淡紅,1,93,舌根,0,0,0.1898992955684662
tip_middle_root_1_2_2,CNN,淡紅,2,100,舌尖,0,0,0.4086269438266754
tip_middle_root_1_2_2,CNN,淡紅,2,12,舌中,1,0,0.4909220039844513
tip_middle_root_1_2_2,CNN,淡紅,2,12,舌右邊,1,0,0.02986931800842285
tip_middle_root_1_2_2,CNN,淡紅,2,12,舌尖,0,0,0.07462392002344131
tip_middle_root_1_2_2,CNN,淡紅,2,12,舌左邊,1,0,0.19939649105072021
tip_middle_root_1_2_2,CNN,淡紅,2,12,舌根,1,0,0.10430816560983658
tip_middle_root_1_2_2,CNN,淡紅,2,14,舌中,1,0,0.41788414120674133
tip_middle_root_1_2_2,CNN,淡紅,2,14,舌右邊,1,0,0.32243889570236206
tip_middle_root_1_2_2,CNN,淡紅,2,14,舌左邊,1,0,0.04364411532878876
tip_middle_root_1_2_2,CNN,淡紅,2,14,舌根,1,1,0.6906509399414062
tip_middle_root_1_2_2,CNN,淡紅,2,24,舌中,0,1,0.6405133008956909
tip_middle_root_1_2_2,CNN,淡紅,2,24,舌右邊,0,1,0.7291234135627747
tip_middle_root_1_2_2,CNN,淡紅,2,24,舌尖,0,1,0.9521434903144836
tip_middle_root_1_2_2,CNN,淡紅,2,24,舌左邊,0,0,0.4500161111354828
tip_middle_root_1_2_2,CNN,淡紅,2,24,舌根,0,1,0.9037047624588013
tip_middle_root_1_2_2,CNN,淡紅,2,32,舌右邊,0,0,0.28043556213378906
tip_middle_root_1_2_2,CNN,淡紅,2,32,舌尖,0,0,0.2868414521217346
tip_middle_root_1_2_2,CNN,淡紅,2,32,舌左邊,0,1,0.5351486206054688
tip_middle_root_1_2_2,CNN,淡紅,2,46,舌中,1,1,0.5624179244041443
tip_middle_root_1_2_2,CNN,淡紅,2,46,舌右邊,1,0,0.11826158314943314
tip_middle_root_1_2_2,CNN,淡紅,2,46,舌左邊,1,0,0.15473219752311707
tip_middle_root_1_2_2,CNN,淡紅,2,46,舌根,1,1,0.834128201007843
tip_middle_root_1_2_2,CNN,淡紅,2,47,舌左邊,0,0,0.06899699568748474
tip_middle_root_1_2_2,CNN,淡紅,2,48,舌中,0,1,0.5706725716590881
tip_middle_root_1_2_2,CNN,淡紅,2,48,舌右邊,0,0,0.39094841480255127
tip_middle_root_1_2_2,CNN,淡紅,2,48,舌尖,0,1,0.8762006163597107
tip_middle_root_1_2_2,CNN,淡紅,2,48,舌左邊,0,1,0.6643549203872681
tip_middle_root_1_2_2,CNN,淡紅,2,48,舌根,0,1,0.8982279300689697
tip_middle_root_1_2_2,CNN,淡紅,2,50,舌中,0,1,0.6352640390396118
tip_middle_root_1_2_2,CNN,淡紅,2,50,舌右邊,0,1,0.8966172933578491
tip_middle_root_1_2_2,CNN,淡紅,2,50,舌尖,0,1,0.8057894110679626
tip_middle_root_1_2_2,CNN,淡紅,2,50,舌左邊,0,1,0.7098639011383057
tip_middle_root_1_2_2,CNN,淡紅,2,50,舌根,0,1,0.897252082824707
tip_middle_root_1_2_2,CNN,淡紅,2,53,舌尖,0,1,0.5598379969596863
tip_middle_root_1_2_2,CNN,淡紅,2,53,舌左邊,1,1,0.7428857088088989
tip_middle_root_1_2_2,CNN,淡紅,2,54,舌中,1,0,0.24593719840049744
tip_middle_root_1_2_2,CNN,淡紅,2,54,舌右邊,1,0,0.39795318245887756
tip_middle_root_1_2_2,CNN,淡紅,2,54,舌尖,1,1,0.7535265684127808
tip_middle_root_1_2_2,CNN,淡紅,2,54,舌左邊,1,0,0.031591854989528656
tip_middle_root_1_2_2,CNN,淡紅,2,54,舌根,1,1,0.8108628392219543
tip_middle_root_1_2_2,CNN,淡紅,2,57,舌右邊,0,1,0.7588396668434143
tip_middle_root_1_2_2,CNN,淡紅,2,57,舌尖,0,1,0.7543561458587646
tip_middle_root_1_2_2,CNN,淡紅,2,57,舌左邊,0,1,0.6372671723365784
tip_middle_root_1_2_2,CNN,淡紅,2,61,舌中,0,1,0.6008821725845337
tip_middle_root_1_2_2,CNN,淡紅,2,61,舌右邊,0,1,0.5457208156585693
tip_middle_root_1_2_2,CNN,淡紅,2,61,舌尖,0,1,0.6806357502937317
tip_middle_root_1_2_2,CNN,淡紅,2,61,舌左邊,0,0,0.446128785610199
tip_middle_root_1_2_2,CNN,淡紅,2,61,舌根,0,1,0.6922469139099121
tip_middle_root_1_2_2,CNN,淡紅,2,64,舌中,0,1,0.5415043830871582
tip_middle_root_1_2_2,CNN,淡紅,2,64,舌右邊,0,0,0.0985013023018837
tip_middle_root_1_2_2,CNN,淡紅,2,64,舌尖,0,1,0.5227034091949463
tip_middle_root_1_2_2,CNN,淡紅,2,64,舌左邊,0,1,0.5890334248542786
tip_middle_root_1_2_2,CNN,淡紅,2,64,舌根,0,1,0.8260786533355713
tip_middle_root_1_2_2,CNN,淡紅,2,72,舌中,0,1,0.5172532796859741
tip_middle_root_1_2_2,CNN,淡紅,2,72,舌右邊,0,0,0.030851874500513077
tip_middle_root_1_2_2,CNN,淡紅,2,72,舌尖,0,0,0.13160978257656097
tip_middle_root_1_2_2,CNN,淡紅,2,72,舌左邊,0,0,0.05860590189695358
tip_middle_root_1_2_2,CNN,淡紅,2,72,舌根,0,0,0.3567500710487366
tip_middle_root_1_2_2,CNN,淡紅,2,80,舌中,0,1,0.5968379974365234
tip_middle_root_1_2_2,CNN,淡紅,2,80,舌右邊,0,0,0.13170619308948517
tip_middle_root_1_2_2,CNN,淡紅,2,80,舌尖,0,1,0.6934806108474731
tip_middle_root_1_2_2,CNN,淡紅,2,80,舌左邊,0,0,0.3008807301521301
tip_middle_root_1_2_2,CNN,淡紅,2,80,舌根,0,1,0.8593508005142212
tip_middle_root_1_2_2,CNN,淡紅,2,9,舌右邊,1,0,0.28738322854042053
tip_middle_root_1_2_2,CNN,淡紅,2,9,舌左邊,1,0,0.380355566740036
tip_middle_root_1_2_2,CNN,淡紅,2,90,舌中,0,0,0.3470645248889923
tip_middle_root_1_2_2,CNN,淡紅,2,90,舌右邊,0,0,0.0205068401992321
tip_middle_root_1_2_2,CNN,淡紅,2,90,舌尖,0,0,0.373058021068573
tip_middle_root_1_2_2,CNN,淡紅,2,90,舌左邊,0,0,0.008989968337118626
tip_middle_root_1_2_2,CNN,淡紅,2,90,舌根,0,1,0.7377462983131409
tip_middle_root_1_2_2,CNN,淡紅,2,95,舌中,0,0,0.2672417461872101
tip_middle_root_1_2_2,CNN,淡紅,2,95,舌右邊,0,0,0.07215020060539246
tip_middle_root_1_2_2,CNN,淡紅,2,95,舌尖,0,0,0.31270986795425415
tip_middle_root_1_2_2,CNN,淡紅,2,95,舌左邊,0,0,0.03266417980194092
tip_middle_root_1_2_2,CNN,淡紅,2,95,舌根,0,0,0.39840346574783325
tip_middle_root_1_2_2,CNN,淡紅,2,96,舌中,0,0,0.4453934133052826
tip_middle_root_1_2_2,CNN,淡紅,2,96,舌右邊,0,0,0.06925837695598602
tip_middle_root_1_2_2,CNN,淡紅,2,96,舌尖,0,0,0.1600891649723053
tip_middle_root_1_2_2,CNN,淡紅,2,96,舌左邊,0,0,0.03586794435977936
tip_middle_root_1_2_2,CNN,淡紅,2,96,舌根,0,1,0.8000025749206543
tip_middle_root_1_2_2,CNN,淡紅,3,13,舌右邊,0,0,0.4401829242706299
tip_middle_root_1_2_2,CNN,淡紅,3,13,舌尖,0,0,0.4646267890930176
tip_middle_root_1_2_2,CNN,淡紅,3,13,舌左邊,0,1,0.6550458073616028
tip_middle_root_1_2_2,CNN,淡紅,3,15,舌中,1,0,0.40254801511764526
tip_middle_root_1_2_2,CNN,淡紅,3,15,舌右邊,0,0,0.2227395623922348
tip_middle_root_1_2_2,CNN,淡紅,3,15,舌尖,0,0,0.47368794679641724
tip_middle_root_1_2_2,CNN,淡紅,3,15,舌左邊,0,0,0.2319679856300354
tip_middle_root_1_2_2,CNN,淡紅,3,15,舌根,1,0,0.4681609869003296
tip_middle_root_1_2_2,CNN,淡紅,3,16,舌中,0,1,0.5105741024017334
tip_middle_root_1_2_2,CNN,淡紅,3,16,舌右邊,0,0,0.2818828523159027
tip_middle_root_1_2_2,CNN,淡紅,3,16,舌尖,0,0,0.4127373695373535
tip_middle_root_1_2_2,CNN,淡紅,3,16,舌左邊,0,1,0.6100202202796936
tip_middle_root_1_2_2,CNN,淡紅,3,16,舌根,0,1,0.6725620627403259
tip_middle_root_1_2_2,CNN,淡紅,3,23,舌中,1,0,0.4913170039653778
tip_middle_root_1_2_2,CNN,淡紅,3,23,舌右邊,1,0,0.452260822057724
tip_middle_root_1_2_2,CNN,淡紅,3,23,舌左邊,1,0,0.49857813119888306
tip_middle_root_1_2_2,CNN,淡紅,3,23,舌根,1,1,0.7260755896568298
tip_middle_root_1_2_2,CNN,淡紅,3,29,舌中,1,1,0.7729939818382263
tip_middle_root_1_2_2,CNN,淡紅,3,29,舌右邊,1,1,0.9300644993782043
tip_middle_root_1_2_2,CNN,淡紅,3,29,舌尖,1,1,0.9435349702835083
tip_middle_root_1_2_2,CNN,淡紅,3,29,舌根,1,1,0.822381317615509
tip_middle_root_1_2_2,CNN,淡紅,3,41,舌右邊,1,0,0.3903825879096985
tip_middle_root_1_2_2,CNN,淡紅,3,41,舌左邊,1,0,0.37867653369903564
tip_middle_root_1_2_2,CNN,淡紅,3,41,舌根,1,1,0.899472177028656
tip_middle_root_1_2_2,CNN,淡紅,3,43,舌右邊,0,0,0.34001851081848145
tip_middle_root_1_2_2,CNN,淡紅,3,43,舌尖,0,0,0.26808908581733704
tip_middle_root_1_2_2,CNN,淡紅,3,43,舌左邊,0,0,0.25619181990623474
tip_middle_root_1_2_2,CNN,淡紅,3,43,舌根,0,1,0.6678699254989624
tip_middle_root_1_2_2,CNN,淡紅,3,49,舌尖,1,1,0.6361865401268005
tip_middle_root_1_2_2,CNN,淡紅,3,49,舌左邊,1,1,0.6402955651283264
tip_middle_root_1_2_2,CNN,淡紅,3,51,舌中,0,1,0.6244906783103943
tip_middle_root_1_2_2,CNN,淡紅,3,51,舌右邊,0,1,0.5146692395210266
tip_middle_root_1_2_2,CNN,淡紅,3,51,舌尖,0,1,0.6281566023826599
tip_middle_root_1_2_2,CNN,淡紅,3,51,舌左邊,0,0,0.36250627040863037
tip_middle_root_1_2_2,CNN,淡紅,3,51,舌根,0,1,0.8556198477745056
tip_middle_root_1_2_2,CNN,淡紅,3,60,舌中,0,0,0.3805808126926422
tip_middle_root_1_2_2,CNN,淡紅,3,60,舌右邊,0,0,0.48203322291374207
tip_middle_root_1_2_2,CNN,淡紅,3,60,舌尖,0,1,0.5371707081794739
tip_middle_root_1_2_2,CNN,淡紅,3,60,舌左邊,0,0,0.385372132062912
tip_middle_root_1_2_2,CNN,淡紅,3,60,舌根,0,1,0.6624244451522827
tip_middle_root_1_2_2,CNN,淡紅,3,68,舌中,0,1,0.5539692640304565
tip_middle_root_1_2_2,CNN,淡紅,3,68,舌右邊,0,0,0.39519253373146057
tip_middle_root_1_2_2,CNN,淡紅,3,68,舌尖,0,1,0.7686622738838196
tip_middle_root_1_2_2,CNN,淡紅,3,68,舌左邊,0,0,0.1967569887638092
tip_middle_root_1_2_2,CNN,淡紅,3,68,舌根,0,0,0.4862540662288666
tip_middle_root_1_2_2,CNN,淡紅,3,69,舌中,0,0,0.41473403573036194
tip_middle_root_1_2_2,CNN,淡紅,3,69,舌右邊,0,0,0.2951498031616211
tip_middle_root_1_2_2,CNN,淡紅,3,69,舌尖,0,0,0.13790182769298553
tip_middle_root_1_2_2,CNN,淡紅,3,69,舌左邊,0,0,0.1866409331560135
tip_middle_root_1_2_2,CNN,淡紅,3,69,舌根,0,1,0.6013223528862
tip_middle_root_1_2_2,CNN,淡紅,3,71,舌中,0,0,0.18307463824748993
tip_middle_root_1_2_2,CNN,淡紅,3,71,舌右邊,0,0,0.1563718616962433
tip_middle_root_1_2_2,CNN,淡紅,3,71,舌尖,0,0,0.20363672077655792
tip_middle_root_1_2_2,CNN,淡紅,3,71,舌左邊,0,0,0.47265857458114624
tip_middle_root_1_2_2,CNN,淡紅,3,71,舌根,0,1,0.5520037412643433
tip_middle_root_1_2_2,CNN,淡紅,3,77,舌中,0,1,0.7019411325454712
tip_middle_root_1_2_2,CNN,淡紅,3,77,舌右邊,0,0,0.44130584597587585
tip_middle_root_1_2_2,CNN,淡紅,3,77,舌尖,0,0,0.24543198943138123
tip_middle_root_1_2_2,CNN,淡紅,3,77,舌左邊,0,0,0.47469452023506165
tip_middle_root_1_2_2,CNN,淡紅,3,77,舌根,0,1,0.6309223771095276
tip_middle_root_1_2_2,CNN,淡紅,3,78,舌中,0,0,0.3325599133968353
tip_middle_root_1_2_2,CNN,淡紅,3,78,舌右邊,0,0,0.4940410852432251
tip_middle_root_1_2_2,CNN,淡紅,3,78,舌尖,0,1,0.580152690410614
tip_middle_root_1_2_2,CNN,淡紅,3,78,舌左邊,0,1,0.75663161277771
tip_middle_root_1_2_2,CNN,淡紅,3,78,舌根,0,1,0.6563095450401306
tip_middle_root_1_2_2,CNN,淡紅,3,8,舌中,1,0,0.3693060874938965
tip_middle_root_1_2_2,CNN,淡紅,3,8,舌右邊,1,0,0.4894596338272095
tip_middle_root_1_2_2,CNN,淡紅,3,8,舌尖,1,1,0.6612715721130371
tip_middle_root_1_2_2,CNN,淡紅,3,8,舌左邊,1,1,0.5465778112411499
tip_middle_root_1_2_2,CNN,淡紅,3,8,舌根,1,1,0.8228767514228821
tip_middle_root_1_2_2,CNN,淡紅,3,94,舌中,0,1,0.5735613107681274
tip_middle_root_1_2_2,CNN,淡紅,3,94,舌右邊,0,0,0.307405024766922
tip_middle_root_1_2_2,CNN,淡紅,3,94,舌尖,0,1,0.5756644010543823
tip_middle_root_1_2_2,CNN,淡紅,3,94,舌左邊,0,1,0.5517924427986145
tip_middle_root_1_2_2,CNN,淡紅,3,94,舌根,0,1,0.6330414414405823
tip_middle_root_1_2_2,CNN,淡紅,3,97,舌中,0,0,0.34959402680397034
tip_middle_root_1_2_2,CNN,淡紅,3,97,舌右邊,0,0,0.3454572856426239
tip_middle_root_1_2_2,CNN,淡紅,3,97,舌左邊,0,0,0.2598936855792999
tip_middle_root_1_2_2,CNN,淡紅,3,97,舌根,0,0,0.19809386134147644
tip_middle_root_1_2_2,CNN,淡紅,4,1,舌中,0,1,0.8175318241119385
tip_middle_root_1_2_2,CNN,淡紅,4,1,舌右邊,0,0,0.3963157534599304
tip_middle_root_1_2_2,CNN,淡紅,4,1,舌尖,0,0,0.3627455234527588
tip_middle_root_1_2_2,CNN,淡紅,4,1,舌左邊,0,1,0.7130860686302185
tip_middle_root_1_2_2,CNN,淡紅,4,1,舌根,0,1,0.7734475135803223
tip_middle_root_1_2_2,CNN,淡紅,4,18,舌中,1,0,0.39307960867881775
tip_middle_root_1_2_2,CNN,淡紅,4,18,舌尖,1,0,0.30803221464157104
tip_middle_root_1_2_2,CNN,淡紅,4,18,舌根,1,1,0.6637359261512756
tip_middle_root_1_2_2,CNN,淡紅,4,2,舌右邊,0,1,0.5404554009437561
tip_middle_root_1_2_2,CNN,淡紅,4,2,舌尖,0,0,0.09425599128007889
tip_middle_root_1_2_2,CNN,淡紅,4,2,舌左邊,0,0,0.1757732778787613
tip_middle_root_1_2_2,CNN,淡紅,4,20,舌尖,1,0,0.20751778781414032
tip_middle_root_1_2_2,CNN,淡紅,4,20,舌根,1,1,0.6804085373878479
tip_middle_root_1_2_2,CNN,淡紅,4,22,舌中,0,1,0.5416342616081238
tip_middle_root_1_2_2,CNN,淡紅,4,22,舌右邊,0,0,0.2312615066766739
tip_middle_root_1_2_2,CNN,淡紅,4,22,舌尖,0,0,0.24889740347862244
tip_middle_root_1_2_2,CNN,淡紅,4,22,舌左邊,0,1,0.6521088480949402
tip_middle_root_1_2_2,CNN,淡紅,4,22,舌根,0,0,0.4948745667934418
tip_middle_root_1_2_2,CNN,淡紅,4,25,舌右邊,0,0,0.159621462225914
tip_middle_root_1_2_2,CNN,淡紅,4,25,舌左邊,0,1,0.5209449529647827
tip_middle_root_1_2_2,CNN,淡紅,4,25,舌根,0,1,0.6123304963111877
tip_middle_root_1_2_2,CNN,淡紅,4,30,舌右邊,0,1,0.6047356128692627
tip_middle_root_1_2_2,CNN,淡紅,4,30,舌左邊,0,1,0.6283186674118042
tip_middle_root_1_2_2,CNN,淡紅,4,35,舌中,0,1,0.7150619029998779
tip_middle_root_1_2_2,CNN,淡紅,4,35,舌右邊,0,1,0.5190161466598511
tip_middle_root_1_2_2,CNN,淡紅,4,35,舌左邊,0,0,0.34646502137184143
tip_middle_root_1_2_2,CNN,淡紅,4,35,舌根,0,1,0.6821312308311462
tip_middle_root_1_2_2,CNN,淡紅,4,38,舌中,1,0,0.4493831694126129
tip_middle_root_1_2_2,CNN,淡紅,4,38,舌右邊,1,1,0.6178709864616394
tip_middle_root_1_2_2,CNN,淡紅,4,38,舌尖,1,0,0.46713289618492126
tip_middle_root_1_2_2,CNN,淡紅,4,38,舌左邊,1,1,0.5970127582550049
tip_middle_root_1_2_2,CNN,淡紅,4,4,舌中,0,1,0.5349878072738647
tip_middle_root_1_2_2,CNN,淡紅,4,4,舌右邊,0,0,0.29384204745292664
tip_middle_root_1_2_2,CNN,淡紅,4,4,舌尖,0,1,0.5247704982757568
tip_middle_root_1_2_2,CNN,淡紅,4,4,舌左邊,0,0,0.41814109683036804
tip_middle_root_1_2_2,CNN,淡紅,4,4,舌根,0,0,0.3481220006942749
tip_middle_root_1_2_2,CNN,淡紅,4,44,舌根,0,1,0.7536119222640991
tip_middle_root_1_2_2,CNN,淡紅,4,52,舌中,1,0,0.42166775465011597
tip_middle_root_1_2_2,CNN,淡紅,4,52,舌右邊,1,1,0.6784018278121948
tip_middle_root_1_2_2,CNN,淡紅,4,52,舌左邊,1,1,0.5290087461471558
tip_middle_root_1_2_2,CNN,淡紅,4,52,舌根,1,1,0.6193564534187317
tip_middle_root_1_2_2,CNN,淡紅,4,58,舌根,0,1,0.7604119181632996
tip_middle_root_1_2_2,CNN,淡紅,4,62,舌中,0,0,0.4111100137233734
tip_middle_root_1_2_2,CNN,淡紅,4,62,舌右邊,0,0,0.334384948015213
tip_middle_root_1_2_2,CNN,淡紅,4,62,舌尖,0,0,0.20366087555885315
tip_middle_root_1_2_2,CNN,淡紅,4,62,舌左邊,0,1,0.5954840183258057
tip_middle_root_1_2_2,CNN,淡紅,4,62,舌根,0,0,0.15445202589035034
tip_middle_root_1_2_2,CNN,淡紅,4,70,舌中,0,0,0.2391463667154312
tip_middle_root_1_2_2,CNN,淡紅,4,70,舌右邊,0,0,0.27752748131752014
tip_middle_root_1_2_2,CNN,淡紅,4,70,舌尖,0,0,0.11157862842082977
tip_middle_root_1_2_2,CNN,淡紅,4,70,舌左邊,0,0,0.2306690663099289
tip_middle_root_1_2_2,CNN,淡紅,4,70,舌根,0,1,0.6446600556373596
tip_middle_root_1_2_2,CNN,淡紅,4,75,舌根,1,1,0.829896092414856
tip_middle_root_1_2_2,CNN,淡紅,4,76,舌中,0,0,0.18838350474834442
tip_middle_root_1_2_2,CNN,淡紅,4,76,舌右邊,0,0,0.18238599598407745
tip_middle_root_1_2_2,CNN,淡紅,4,76,舌尖,0,1,0.6837776899337769
tip_middle_root_1_2_2,CNN,淡紅,4,76,舌左邊,0,1,0.6053884029388428
tip_middle_root_1_2_2,CNN,淡紅,4,76,舌根,0,0,0.3321135938167572
tip_middle_root_1_2_2,CNN,淡紅,4,79,舌中,0,0,0.4310424327850342
tip_middle_root_1_2_2,CNN,淡紅,4,79,舌右邊,0,0,0.2148376852273941
tip_middle_root_1_2_2,CNN,淡紅,4,79,舌尖,0,0,0.21572990715503693
tip_middle_root_1_2_2,CNN,淡紅,4,79,舌左邊,0,0,0.4301671087741852
tip_middle_root_1_2_2,CNN,淡紅,4,79,舌根,0,0,0.41956156492233276
tip_middle_root_1_2_2,CNN,淡紅,4,81,舌中,0,1,0.6001991629600525
tip_middle_root_1_2_2,CNN,淡紅,4,81,舌右邊,0,0,0.3665969967842102
tip_middle_root_1_2_2,CNN,淡紅,4,81,舌尖,0,1,0.5017626881599426
tip_middle_root_1_2_2,CNN,淡紅,4,81,舌左邊,0,0,0.4578285813331604
tip_middle_root_1_2_2,CNN,淡紅,4,81,舌根,0,1,0.7124601006507874
tip_middle_root_1_2_2,CNN,淡紅,4,84,舌中,1,1,0.7520905137062073
tip_middle_root_1_2_2,CNN,淡紅,4,84,舌右邊,1,1,0.707522988319397
tip_middle_root_1_2_2,CNN,淡紅,4,84,舌尖,1,1,0.9251531958580017
tip_middle_root_1_2_2,CNN,淡紅,4,84,舌左邊,1,1,0.5931897163391113
tip_middle_root_1_2_2,CNN,淡紅,4,84,舌根,1,1,0.816929042339325
tip_middle_root_1_2_2,CNN,淡紅,4,85,舌中,0,1,0.5492602586746216
tip_middle_root_1_2_2,CNN,淡紅,4,85,舌右邊,0,1,0.5006952285766602
tip_middle_root_1_2_2,CNN,淡紅,4,85,舌尖,0,0,0.2529003322124481
tip_middle_root_1_2_2,CNN,淡紅,4,85,舌左邊,0,0,0.29782482981681824
tip_middle_root_1_2_2,CNN,淡紅,4,85,舌根,0,1,0.5790828466415405
tip_middle_root_1_2_2,CNN,淡紅,5,10,舌中,0,0,0.4629848599433899
tip_middle_root_1_2_2,CNN,淡紅,5,10,舌右邊,0,0,0.14791059494018555
tip_middle_root_1_2_2,CNN,淡紅,5,10,舌尖,0,0,0.3787829577922821
tip_middle_root_1_2_2,CNN,淡紅,5,10,舌左邊,0,0,0.22458679974079132
tip_middle_root_1_2_2,CNN,淡紅,5,10,舌根,0,0,0.21952730417251587
tip_middle_root_1_2_2,CNN,淡紅,5,11,舌中,0,0,0.36042121052742004
tip_middle_root_1_2_2,CNN,淡紅,5,11,舌右邊,0,0,0.20232440531253815
tip_middle_root_1_2_2,CNN,淡紅,5,11,舌尖,0,0,0.29396766424179077
tip_middle_root_1_2_2,CNN,淡紅,5,11,舌左邊,0,0,0.14283494651317596
tip_middle_root_1_2_2,CNN,淡紅,5,11,舌根,0,0,0.2667666971683502
tip_middle_root_1_2_2,CNN,淡紅,5,26,舌中,1,1,0.5905990600585938
tip_middle_root_1_2_2,CNN,淡紅,5,26,舌尖,1,0,0.35839641094207764
tip_middle_root_1_2_2,CNN,淡紅,5,27,舌中,1,0,0.2695019543170929
tip_middle_root_1_2_2,CNN,淡紅,5,27,舌右邊,1,0,0.44802117347717285
tip_middle_root_1_2_2,CNN,淡紅,5,27,舌尖,1,1,0.7677063345909119
tip_middle_root_1_2_2,CNN,淡紅,5,27,舌根,1,1,0.8590288162231445
tip_middle_root_1_2_2,CNN,淡紅,5,28,舌中,0,0,0.2492961436510086
tip_middle_root_1_2_2,CNN,淡紅,5,28,舌右邊,0,1,0.5707887411117554
tip_middle_root_1_2_2,CNN,淡紅,5,28,舌尖,1,1,0.74872225522995
tip_middle_root_1_2_2,CNN,淡紅,5,28,舌左邊,0,1,0.768080472946167
tip_middle_root_1_2_2,CNN,淡紅,5,28,舌根,0,1,0.9368916153907776
tip_middle_root_1_2_2,CNN,淡紅,5,34,舌右邊,0,0,0.47755858302116394
tip_middle_root_1_2_2,CNN,淡紅,5,34,舌尖,0,1,0.5217979550361633
tip_middle_root_1_2_2,CNN,淡紅,5,34,舌左邊,0,0,0.4235270023345947
tip_middle_root_1_2_2,CNN,淡紅,5,34,舌根,0,1,0.622805655002594
tip_middle_root_1_2_2,CNN,淡紅,5,36,舌中,1,1,0.7576125860214233
tip_middle_root_1_2_2,CNN,淡紅,5,36,舌右邊,1,0,0.451303631067276
tip_middle_root_1_2_2,CNN,淡紅,5,36,舌尖,1,0,0.34611934423446655
tip_middle_root_1_2_2,CNN,淡紅,5,36,舌左邊,1,1,0.6828755736351013
tip_middle_root_1_2_2,CNN,淡紅,5,36,舌根,1,1,0.9535584449768066
tip_middle_root_1_2_2,CNN,淡紅,5,37,舌中,1,1,0.7548940777778625
tip_middle_root_1_2_2,CNN,淡紅,5,37,舌右邊,1,0,0.4102715253829956
tip_middle_root_1_2_2,CNN,淡紅,5,37,舌尖,1,1,0.9301596879959106
tip_middle_root_1_2_2,CNN,淡紅,5,37,舌左邊,1,1,0.7636539340019226
tip_middle_root_1_2_2,CNN,淡紅,5,37,舌根,1,1,0.5836718082427979
tip_middle_root_1_2_2,CNN,淡紅,5,39,舌尖,1,1,0.802343487739563
tip_middle_root_1_2_2,CNN,淡紅,5,39,舌左邊,1,1,0.6851245760917664
tip_middle_root_1_2_2,CNN,淡紅,5,42,舌右邊,0,0,0.3244020342826843
tip_middle_root_1_2_2,CNN,淡紅,5,42,舌尖,0,1,0.5967797040939331
tip_middle_root_1_2_2,CNN,淡紅,5,42,舌左邊,0,1,0.5381009578704834
tip_middle_root_1_2_2,CNN,淡紅,5,5,舌中,0,1,0.7309225797653198
tip_middle_root_1_2_2,CNN,淡紅,5,5,舌右邊,0,1,0.5738255977630615
tip_middle_root_1_2_2,CNN,淡紅,5,5,舌尖,0,1,0.5702959299087524
tip_middle_root_1_2_2,CNN,淡紅,5,5,舌左邊,0,1,0.5136380195617676
tip_middle_root_1_2_2,CNN,淡紅,5,5,舌根,0,1,0.7686976194381714
tip_middle_root_1_2_2,CNN,淡紅,5,59,舌中,0,1,0.6344625949859619
tip_middle_root_1_2_2,CNN,淡紅,5,59,舌右邊,0,1,0.7381109595298767
tip_middle_root_1_2_2,CNN,淡紅,5,59,舌尖,0,1,0.8358364701271057
tip_middle_root_1_2_2,CNN,淡紅,5,59,舌左邊,0,1,0.7680525183677673
tip_middle_root_1_2_2,CNN,淡紅,5,59,舌根,0,1,0.875874400138855
tip_middle_root_1_2_2,CNN,淡紅,5,6,舌中,0,0,0.15112900733947754
tip_middle_root_1_2_2,CNN,淡紅,5,6,舌右邊,0,0,0.38757628202438354
tip_middle_root_1_2_2,CNN,淡紅,5,6,舌尖,0,1,0.690763533115387
tip_middle_root_1_2_2,CNN,淡紅,5,6,舌左邊,0,0,0.4414439797401428
tip_middle_root_1_2_2,CNN,淡紅,5,6,舌根,0,1,0.7398428916931152
tip_middle_root_1_2_2,CNN,淡紅,5,63,舌中,0,0,0.44487497210502625
tip_middle_root_1_2_2,CNN,淡紅,5,63,舌右邊,0,0,0.11798764020204544
tip_middle_root_1_2_2,CNN,淡紅,5,63,舌尖,0,0,0.2754411995410919
tip_middle_root_1_2_2,CNN,淡紅,5,63,舌左邊,0,0,0.08727586269378662
tip_middle_root_1_2_2,CNN,淡紅,5,63,舌根,0,1,0.5383248925209045
tip_middle_root_1_2_2,CNN,淡紅,5,65,舌中,0,0,0.111265629529953
tip_middle_root_1_2_2,CNN,淡紅,5,65,舌右邊,0,0,0.27654558420181274
tip_middle_root_1_2_2,CNN,淡紅,5,65,舌尖,0,0,0.29825466871261597
tip_middle_root_1_2_2,CNN,淡紅,5,65,舌左邊,0,0,0.18209689855575562
tip_middle_root_1_2_2,CNN,淡紅,5,65,舌根,0,0,0.42688387632369995
tip_middle_root_1_2_2,CNN,淡紅,5,82,舌中,0,0,0.43803977966308594
tip_middle_root_1_2_2,CNN,淡紅,5,82,舌右邊,0,0,0.27229422330856323
tip_middle_root_1_2_2,CNN,淡紅,5,82,舌尖,0,0,0.3801572024822235
tip_middle_root_1_2_2,CNN,淡紅,5,82,舌左邊,0,0,0.4675018787384033
tip_middle_root_1_2_2,CNN,淡紅,5,82,舌根,0,1,0.5638441443443298
tip_middle_root_1_2_2,CNN,淡紅,5,91,舌中,0,1,0.5677891373634338
tip_middle_root_1_2_2,CNN,淡紅,5,91,舌右邊,0,1,0.7030512690544128
tip_middle_root_1_2_2,CNN,淡紅,5,91,舌尖,0,1,0.5477616190910339
tip_middle_root_1_2_2,CNN,淡紅,5,91,舌左邊,0,1,0.6386259198188782
tip_middle_root_1_2_2,CNN,淡紅,5,91,舌根,0,1,0.8470766544342041
tip_middle_root_1_2_2,CNN,淡紅,5,98,舌中,0,1,0.5441080927848816
tip_middle_root_1_2_2,CNN,淡紅,5,98,舌右邊,0,0,0.14886057376861572
tip_middle_root_1_2_2,CNN,淡紅,5,98,舌左邊,0,1,0.6157913208007812
tip_middle_root_1_2_2,CNN,淡紅,5,98,舌根,0,1,0.576604962348938
tip_middle_root_1_3_1,CNN,淡紅,1,17,舌右邊,0,0,0.12333936244249344
tip_middle_root_1_3_1,CNN,淡紅,1,17,舌尖,1,0,0.20958349108695984
tip_middle_root_1_3_1,CNN,淡紅,1,17,舌左邊,0,0,0.17160455882549286
tip_middle_root_1_3_1,CNN,淡紅,1,19,舌中,1,1,0.5210328698158264
tip_middle_root_1_3_1,CNN,淡紅,1,19,舌右邊,1,0,0.4885088801383972
tip_middle_root_1_3_1,CNN,淡紅,1,19,舌尖,1,0,0.4346611797809601
tip_middle_root_1_3_1,CNN,淡紅,1,19,舌左邊,1,1,0.5885266661643982
tip_middle_root_1_3_1,CNN,淡紅,1,19,舌根,1,0,0.3505057394504547
tip_middle_root_1_3_1,CNN,淡紅,1,21,舌中,1,1,0.5534517765045166
tip_middle_root_1_3_1,CNN,淡紅,1,21,舌右邊,1,0,0.40718916058540344
tip_middle_root_1_3_1,CNN,淡紅,1,21,舌尖,1,1,0.6969015002250671
tip_middle_root_1_3_1,CNN,淡紅,1,21,舌左邊,1,0,0.17173969745635986
tip_middle_root_1_3_1,CNN,淡紅,1,21,舌根,1,1,0.6849304437637329
tip_middle_root_1_3_1,CNN,淡紅,1,3,舌中,0,0,0.4001597464084625
tip_middle_root_1_3_1,CNN,淡紅,1,3,舌右邊,0,0,0.14820371568202972
tip_middle_root_1_3_1,CNN,淡紅,1,3,舌尖,0,0,0.3067295551300049
tip_middle_root_1_3_1,CNN,淡紅,1,3,舌左邊,0,0,0.26677873730659485
tip_middle_root_1_3_1,CNN,淡紅,1,3,舌根,0,1,0.5102071166038513
tip_middle_root_1_3_1,CNN,淡紅,1,31,舌中,0,1,0.5457505583763123
tip_middle_root_1_3_1,CNN,淡紅,1,31,舌右邊,0,0,0.30770179629325867
tip_middle_root_1_3_1,CNN,淡紅,1,31,舌尖,0,0,0.24858617782592773
tip_middle_root_1_3_1,CNN,淡紅,1,31,舌左邊,0,0,0.39476141333580017
tip_middle_root_1_3_1,CNN,淡紅,1,31,舌根,0,0,0.48724666237831116
tip_middle_root_1_3_1,CNN,淡紅,1,40,舌中,0,0,0.4500892162322998
tip_middle_root_1_3_1,CNN,淡紅,1,40,舌右邊,0,0,0.09258408844470978
tip_middle_root_1_3_1,CNN,淡紅,1,40,舌尖,0,0,0.1391570270061493
tip_middle_root_1_3_1,CNN,淡紅,1,40,舌左邊,0,0,0.14590559899806976
tip_middle_root_1_3_1,CNN,淡紅,1,40,舌根,0,0,0.13188545405864716
tip_middle_root_1_3_1,CNN,淡紅,1,45,舌中,0,0,0.48564717173576355
tip_middle_root_1_3_1,CNN,淡紅,1,45,舌右邊,1,1,0.5026254653930664
tip_middle_root_1_3_1,CNN,淡紅,1,45,舌左邊,1,0,0.16278748214244843
tip_middle_root_1_3_1,CNN,淡紅,1,45,舌根,0,0,0.23379451036453247
tip_middle_root_1_3_1,CNN,淡紅,1,55,舌中,1,1,0.5684010982513428
tip_middle_root_1_3_1,CNN,淡紅,1,55,舌右邊,1,0,0.07549652457237244
tip_middle_root_1_3_1,CNN,淡紅,1,55,舌尖,1,0,0.46213358640670776
tip_middle_root_1_3_1,CNN,淡紅,1,55,舌左邊,1,0,0.2040976583957672
tip_middle_root_1_3_1,CNN,淡紅,1,66,舌中,0,0,0.15150609612464905
tip_middle_root_1_3_1,CNN,淡紅,1,66,舌右邊,0,0,0.053391579538583755
tip_middle_root_1_3_1,CNN,淡紅,1,66,舌尖,0,0,0.07260393351316452
tip_middle_root_1_3_1,CNN,淡紅,1,66,舌左邊,0,0,0.3044341206550598
tip_middle_root_1_3_1,CNN,淡紅,1,66,舌根,0,0,0.21665023267269135
tip_middle_root_1_3_1,CNN,淡紅,1,67,舌中,0,0,0.3428780138492584
tip_middle_root_1_3_1,CNN,淡紅,1,67,舌右邊,0,0,0.32194605469703674
tip_middle_root_1_3_1,CNN,淡紅,1,67,舌尖,0,0,0.12234198302030563
tip_middle_root_1_3_1,CNN,淡紅,1,67,舌左邊,0,0,0.310626745223999
tip_middle_root_1_3_1,CNN,淡紅,1,7,舌中,0,1,0.5139994025230408
tip_middle_root_1_3_1,CNN,淡紅,1,7,舌根,0,0,0.27098625898361206
tip_middle_root_1_3_1,CNN,淡紅,1,73,舌中,0,0,0.28975075483322144
tip_middle_root_1_3_1,CNN,淡紅,1,73,舌右邊,0,0,0.08905355632305145
tip_middle_root_1_3_1,CNN,淡紅,1,73,舌尖,0,0,0.07149811834096909
tip_middle_root_1_3_1,CNN,淡紅,1,73,舌左邊,0,0,0.08872038871049881
tip_middle_root_1_3_1,CNN,淡紅,1,73,舌根,0,0,0.24714228510856628
tip_middle_root_1_3_1,CNN,淡紅,1,74,舌中,0,0,0.47750771045684814
tip_middle_root_1_3_1,CNN,淡紅,1,74,舌右邊,0,0,0.2204299420118332
tip_middle_root_1_3_1,CNN,淡紅,1,74,舌左邊,0,0,0.1644294708967209
tip_middle_root_1_3_1,CNN,淡紅,1,74,舌根,0,0,0.2156558334827423
tip_middle_root_1_3_1,CNN,淡紅,1,83,舌中,0,1,0.5254406332969666
tip_middle_root_1_3_1,CNN,淡紅,1,83,舌右邊,0,0,0.28371092677116394
tip_middle_root_1_3_1,CNN,淡紅,1,83,舌尖,0,0,0.04530393332242966
tip_middle_root_1_3_1,CNN,淡紅,1,83,舌左邊,0,0,0.41624554991722107
tip_middle_root_1_3_1,CNN,淡紅,1,83,舌根,0,0,0.4747574031352997
tip_middle_root_1_3_1,CNN,淡紅,1,86,舌右邊,1,0,0.26704108715057373
tip_middle_root_1_3_1,CNN,淡紅,1,86,舌尖,1,0,0.1222694143652916
tip_middle_root_1_3_1,CNN,淡紅,1,86,舌左邊,1,0,0.15673783421516418
tip_middle_root_1_3_1,CNN,淡紅,1,87,舌中,0,0,0.39919397234916687
tip_middle_root_1_3_1,CNN,淡紅,1,87,舌右邊,0,0,0.16616348922252655
tip_middle_root_1_3_1,CNN,淡紅,1,87,舌尖,0,0,0.19127407670021057
tip_middle_root_1_3_1,CNN,淡紅,1,87,舌左邊,0,0,0.16509275138378143
tip_middle_root_1_3_1,CNN,淡紅,1,87,舌根,0,1,0.527303159236908
tip_middle_root_1_3_1,CNN,淡紅,1,89,舌中,0,0,0.47340127825737
tip_middle_root_1_3_1,CNN,淡紅,1,89,舌右邊,0,0,0.16216109693050385
tip_middle_root_1_3_1,CNN,淡紅,1,89,舌尖,0,0,0.032973092049360275
tip_middle_root_1_3_1,CNN,淡紅,1,89,舌左邊,0,0,0.12518417835235596
tip_middle_root_1_3_1,CNN,淡紅,1,89,舌根,0,0,0.28827348351478577
tip_middle_root_1_3_1,CNN,淡紅,1,92,舌中,0,0,0.25702357292175293
tip_middle_root_1_3_1,CNN,淡紅,1,92,舌左邊,0,1,0.5441723465919495
tip_middle_root_1_3_1,CNN,淡紅,1,92,舌根,0,0,0.4936520755290985
tip_middle_root_1_3_1,CNN,淡紅,1,93,舌中,0,0,0.16703766584396362
tip_middle_root_1_3_1,CNN,淡紅,1,93,舌右邊,0,0,0.08090326189994812
tip_middle_root_1_3_1,CNN,淡紅,1,93,舌尖,0,0,0.03033379279077053
tip_middle_root_1_3_1,CNN,淡紅,1,93,舌左邊,0,0,0.18234863877296448
tip_middle_root_1_3_1,CNN,淡紅,1,93,舌根,0,0,0.35715293884277344
tip_middle_root_1_3_1,CNN,淡紅,2,100,舌尖,0,0,0.3071480393409729
tip_middle_root_1_3_1,CNN,淡紅,2,12,舌中,1,1,0.5315279960632324
tip_middle_root_1_3_1,CNN,淡紅,2,12,舌右邊,1,0,0.05504114553332329
tip_middle_root_1_3_1,CNN,淡紅,2,12,舌尖,0,0,0.03666556626558304
tip_middle_root_1_3_1,CNN,淡紅,2,12,舌左邊,1,0,0.06867960840463638
tip_middle_root_1_3_1,CNN,淡紅,2,12,舌根,1,0,0.44905179738998413
tip_middle_root_1_3_1,CNN,淡紅,2,14,舌中,1,0,0.14774520695209503
tip_middle_root_1_3_1,CNN,淡紅,2,14,舌右邊,1,0,0.08193258196115494
tip_middle_root_1_3_1,CNN,淡紅,2,14,舌左邊,1,0,0.07386705279350281
tip_middle_root_1_3_1,CNN,淡紅,2,14,舌根,1,1,0.8274844884872437
tip_middle_root_1_3_1,CNN,淡紅,2,24,舌中,0,1,0.595706582069397
tip_middle_root_1_3_1,CNN,淡紅,2,24,舌右邊,0,0,0.2774769365787506
tip_middle_root_1_3_1,CNN,淡紅,2,24,舌尖,0,1,0.8850100040435791
tip_middle_root_1_3_1,CNN,淡紅,2,24,舌左邊,0,0,0.32128196954727173
tip_middle_root_1_3_1,CNN,淡紅,2,24,舌根,0,1,0.8707948327064514
tip_middle_root_1_3_1,CNN,淡紅,2,32,舌右邊,0,0,0.06921099126338959
tip_middle_root_1_3_1,CNN,淡紅,2,32,舌尖,0,0,0.38083139061927795
tip_middle_root_1_3_1,CNN,淡紅,2,32,舌左邊,0,0,0.45706963539123535
tip_middle_root_1_3_1,CNN,淡紅,2,46,舌中,1,0,0.3193287253379822
tip_middle_root_1_3_1,CNN,淡紅,2,46,舌右邊,1,0,0.03648832440376282
tip_middle_root_1_3_1,CNN,淡紅,2,46,舌左邊,1,0,0.09106377512216568
tip_middle_root_1_3_1,CNN,淡紅,2,46,舌根,1,1,0.7550294399261475
tip_middle_root_1_3_1,CNN,淡紅,2,47,舌左邊,0,0,0.03625042736530304
tip_middle_root_1_3_1,CNN,淡紅,2,48,舌中,0,1,0.6375092267990112
tip_middle_root_1_3_1,CNN,淡紅,2,48,舌右邊,0,0,0.1543012410402298
tip_middle_root_1_3_1,CNN,淡紅,2,48,舌尖,0,1,0.7466561794281006
tip_middle_root_1_3_1,CNN,淡紅,2,48,舌左邊,0,1,0.5338761806488037
tip_middle_root_1_3_1,CNN,淡紅,2,48,舌根,0,1,0.7513113617897034
tip_middle_root_1_3_1,CNN,淡紅,2,50,舌中,0,1,0.7536383271217346
tip_middle_root_1_3_1,CNN,淡紅,2,50,舌右邊,0,1,0.8667649030685425
tip_middle_root_1_3_1,CNN,淡紅,2,50,舌尖,0,0,0.4942384362220764
tip_middle_root_1_3_1,CNN,淡紅,2,50,舌左邊,0,1,0.8242446184158325
tip_middle_root_1_3_1,CNN,淡紅,2,50,舌根,0,1,0.7203325033187866
tip_middle_root_1_3_1,CNN,淡紅,2,53,舌尖,0,1,0.5830691456794739
tip_middle_root_1_3_1,CNN,淡紅,2,53,舌左邊,1,1,0.7197155356407166
tip_middle_root_1_3_1,CNN,淡紅,2,54,舌中,1,1,0.5136054158210754
tip_middle_root_1_3_1,CNN,淡紅,2,54,舌右邊,1,0,0.24500298500061035
tip_middle_root_1_3_1,CNN,淡紅,2,54,舌尖,1,1,0.7076455950737
tip_middle_root_1_3_1,CNN,淡紅,2,54,舌左邊,1,0,0.11930563300848007
tip_middle_root_1_3_1,CNN,淡紅,2,54,舌根,1,0,0.4212590157985687
tip_middle_root_1_3_1,CNN,淡紅,2,57,舌右邊,0,1,0.78117436170578
tip_middle_root_1_3_1,CNN,淡紅,2,57,舌尖,0,1,0.5272311568260193
tip_middle_root_1_3_1,CNN,淡紅,2,57,舌左邊,0,1,0.5373722314834595
tip_middle_root_1_3_1,CNN,淡紅,2,61,舌中,0,0,0.26595625281333923
tip_middle_root_1_3_1,CNN,淡紅,2,61,舌右邊,0,1,0.7098137140274048
tip_middle_root_1_3_1,CNN,淡紅,2,61,舌尖,0,1,0.5986754894256592
tip_middle_root_1_3_1,CNN,淡紅,2,61,舌左邊,0,0,0.4374234676361084
tip_middle_root_1_3_1,CNN,淡紅,2,61,舌根,0,1,0.7712016701698303
tip_middle_root_1_3_1,CNN,淡紅,2,64,舌中,0,0,0.18147015571594238
tip_middle_root_1_3_1,CNN,淡紅,2,64,舌右邊,0,0,0.33169856667518616
tip_middle_root_1_3_1,CNN,淡紅,2,64,舌尖,0,1,0.5006077289581299
tip_middle_root_1_3_1,CNN,淡紅,2,64,舌左邊,0,0,0.31956079602241516
tip_middle_root_1_3_1,CNN,淡紅,2,64,舌根,0,1,0.6420841217041016
tip_middle_root_1_3_1,CNN,淡紅,2,72,舌中,0,0,0.26559144258499146
tip_middle_root_1_3_1,CNN,淡紅,2,72,舌右邊,0,0,0.05026299133896828
tip_middle_root_1_3_1,CNN,淡紅,2,72,舌尖,0,0,0.1387600302696228
tip_middle_root_1_3_1,CNN,淡紅,2,72,舌左邊,0,0,0.06295419484376907
tip_middle_root_1_3_1,CNN,淡紅,2,72,舌根,0,0,0.31481361389160156
tip_middle_root_1_3_1,CNN,淡紅,2,80,舌中,0,0,0.1495823711156845
tip_middle_root_1_3_1,CNN,淡紅,2,80,舌右邊,0,0,0.21715927124023438
tip_middle_root_1_3_1,CNN,淡紅,2,80,舌尖,0,1,0.5132468938827515
tip_middle_root_1_3_1,CNN,淡紅,2,80,舌左邊,0,0,0.47785723209381104
tip_middle_root_1_3_1,CNN,淡紅,2,80,舌根,0,1,0.8161169290542603
tip_middle_root_1_3_1,CNN,淡紅,2,9,舌右邊,1,0,0.08675149828195572
tip_middle_root_1_3_1,CNN,淡紅,2,9,舌左邊,1,0,0.23766078054904938
tip_middle_root_1_3_1,CNN,淡紅,2,90,舌中,0,0,0.23420625925064087
tip_middle_root_1_3_1,CNN,淡紅,2,90,舌右邊,0,0,0.04142902418971062
tip_middle_root_1_3_1,CNN,淡紅,2,90,舌尖,0,0,0.16736455261707306
tip_middle_root_1_3_1,CNN,淡紅,2,90,舌左邊,0,0,0.026169510558247566
tip_middle_root_1_3_1,CNN,淡紅,2,90,舌根,0,1,0.6215162873268127
tip_middle_root_1_3_1,CNN,淡紅,2,95,舌中,0,0,0.4017428755760193
tip_middle_root_1_3_1,CNN,淡紅,2,95,舌右邊,0,0,0.05973429977893829
tip_middle_root_1_3_1,CNN,淡紅,2,95,舌尖,0,0,0.19907931983470917
tip_middle_root_1_3_1,CNN,淡紅,2,95,舌左邊,0,0,0.05261911824345589
tip_middle_root_1_3_1,CNN,淡紅,2,95,舌根,0,1,0.7855119705200195
tip_middle_root_1_3_1,CNN,淡紅,2,96,舌中,0,0,0.40258726477622986
tip_middle_root_1_3_1,CNN,淡紅,2,96,舌右邊,0,0,0.2551332116127014
tip_middle_root_1_3_1,CNN,淡紅,2,96,舌尖,0,0,0.09417317807674408
tip_middle_root_1_3_1,CNN,淡紅,2,96,舌左邊,0,0,0.09212757647037506
tip_middle_root_1_3_1,CNN,淡紅,2,96,舌根,0,1,0.8926819562911987
tip_middle_root_1_3_1,CNN,淡紅,3,13,舌右邊,0,1,0.6539530158042908
tip_middle_root_1_3_1,CNN,淡紅,3,13,舌尖,0,0,0.13895981013774872
tip_middle_root_1_3_1,CNN,淡紅,3,13,舌左邊,0,1,0.7624363303184509
tip_middle_root_1_3_1,CNN,淡紅,3,15,舌中,1,0,0.4139639139175415
tip_middle_root_1_3_1,CNN,淡紅,3,15,舌右邊,0,0,0.0830596387386322
tip_middle_root_1_3_1,CNN,淡紅,3,15,舌尖,0,0,0.0916469618678093
tip_middle_root_1_3_1,CNN,淡紅,3,15,舌左邊,0,0,0.06100950762629509
tip_middle_root_1_3_1,CNN,淡紅,3,15,舌根,1,1,0.5137676000595093
tip_middle_root_1_3_1,CNN,淡紅,3,16,舌中,0,1,0.6401490569114685
tip_middle_root_1_3_1,CNN,淡紅,3,16,舌右邊,0,1,0.5360625386238098
tip_middle_root_1_3_1,CNN,淡紅,3,16,舌尖,0,0,0.09281087666749954
tip_middle_root_1_3_1,CNN,淡紅,3,16,舌左邊,0,1,0.5382980704307556
tip_middle_root_1_3_1,CNN,淡紅,3,16,舌根,0,1,0.7103610634803772
tip_middle_root_1_3_1,CNN,淡紅,3,23,舌中,1,0,0.32871773838996887
tip_middle_root_1_3_1,CNN,淡紅,3,23,舌右邊,1,0,0.3704795241355896
tip_middle_root_1_3_1,CNN,淡紅,3,23,舌左邊,1,1,0.5018459558486938
tip_middle_root_1_3_1,CNN,淡紅,3,23,舌根,1,1,0.5309222340583801
tip_middle_root_1_3_1,CNN,淡紅,3,29,舌中,1,1,0.5591921210289001
tip_middle_root_1_3_1,CNN,淡紅,3,29,舌右邊,1,1,0.791601300239563
tip_middle_root_1_3_1,CNN,淡紅,3,29,舌尖,1,1,0.7283448576927185
tip_middle_root_1_3_1,CNN,淡紅,3,29,舌根,1,0,0.47918736934661865
tip_middle_root_1_3_1,CNN,淡紅,3,41,舌右邊,1,0,0.37473011016845703
tip_middle_root_1_3_1,CNN,淡紅,3,41,舌左邊,1,0,0.3211510181427002
tip_middle_root_1_3_1,CNN,淡紅,3,41,舌根,1,1,0.7530941367149353
tip_middle_root_1_3_1,CNN,淡紅,3,43,舌右邊,0,0,0.29040297865867615
tip_middle_root_1_3_1,CNN,淡紅,3,43,舌尖,0,0,0.03320753574371338
tip_middle_root_1_3_1,CNN,淡紅,3,43,舌左邊,0,0,0.1405116319656372
tip_middle_root_1_3_1,CNN,淡紅,3,43,舌根,0,1,0.6932542324066162
tip_middle_root_1_3_1,CNN,淡紅,3,49,舌尖,1,0,0.3132548928260803
tip_middle_root_1_3_1,CNN,淡紅,3,49,舌左邊,1,0,0.3737540543079376
tip_middle_root_1_3_1,CNN,淡紅,3,51,舌中,0,0,0.2904081642627716
tip_middle_root_1_3_1,CNN,淡紅,3,51,舌右邊,0,0,0.31795811653137207
tip_middle_root_1_3_1,CNN,淡紅,3,51,舌尖,0,0,0.27521803975105286
tip_middle_root_1_3_1,CNN,淡紅,3,51,舌左邊,0,0,0.34162235260009766
tip_middle_root_1_3_1,CNN,淡紅,3,51,舌根,0,1,0.5266993045806885
tip_middle_root_1_3_1,CNN,淡紅,3,60,舌中,0,0,0.3764527440071106
tip_middle_root_1_3_1,CNN,淡紅,3,60,舌右邊,0,0,0.18509845435619354
tip_middle_root_1_3_1,CNN,淡紅,3,60,舌尖,0,0,0.16196002066135406
tip_middle_root_1_3_1,CNN,淡紅,3,60,舌左邊,0,0,0.36644139885902405
tip_middle_root_1_3_1,CNN,淡紅,3,60,舌根,0,0,0.47624948620796204
tip_middle_root_1_3_1,CNN,淡紅,3,68,舌中,0,0,0.3516770005226135
tip_middle_root_1_3_1,CNN,淡紅,3,68,舌右邊,0,0,0.1599288433790207
tip_middle_root_1_3_1,CNN,淡紅,3,68,舌尖,0,0,0.23793983459472656
tip_middle_root_1_3_1,CNN,淡紅,3,68,舌左邊,0,0,0.13101686537265778
tip_middle_root_1_3_1,CNN,淡紅,3,68,舌根,0,0,0.41843506693840027
tip_middle_root_1_3_1,CNN,淡紅,3,69,舌中,0,0,0.4910793602466583
tip_middle_root_1_3_1,CNN,淡紅,3,69,舌右邊,0,1,0.6206573843955994
tip_middle_root_1_3_1,CNN,淡紅,3,69,舌尖,0,0,0.007459075190126896
tip_middle_root_1_3_1,CNN,淡紅,3,69,舌左邊,0,0,0.21256010234355927
tip_middle_root_1_3_1,CNN,淡紅,3,69,舌根,0,1,0.688859760761261
tip_middle_root_1_3_1,CNN,淡紅,3,71,舌中,0,1,0.7219462394714355
tip_middle_root_1_3_1,CNN,淡紅,3,71,舌右邊,0,0,0.2845214009284973
tip_middle_root_1_3_1,CNN,淡紅,3,71,舌尖,0,0,0.023858025670051575
tip_middle_root_1_3_1,CNN,淡紅,3,71,舌左邊,0,1,0.505334734916687
tip_middle_root_1_3_1,CNN,淡紅,3,71,舌根,0,0,0.35423585772514343
tip_middle_root_1_3_1,CNN,淡紅,3,77,舌中,0,0,0.30947327613830566
tip_middle_root_1_3_1,CNN,淡紅,3,77,舌右邊,0,1,0.5482320785522461
tip_middle_root_1_3_1,CNN,淡紅,3,77,舌尖,0,0,0.05022336542606354
tip_middle_root_1_3_1,CNN,淡紅,3,77,舌左邊,0,1,0.7101130485534668
tip_middle_root_1_3_1,CNN,淡紅,3,77,舌根,0,1,0.5579919815063477
tip_middle_root_1_3_1,CNN,淡紅,3,78,舌中,0,0,0.4403526186943054
tip_middle_root_1_3_1,CNN,淡紅,3,78,舌右邊,0,0,0.3526287078857422
tip_middle_root_1_3_1,CNN,淡紅,3,78,舌尖,0,0,0.1429528445005417
tip_middle_root_1_3_1,CNN,淡紅,3,78,舌左邊,0,1,0.7943333387374878
tip_middle_root_1_3_1,CNN,淡紅,3,78,舌根,0,1,0.6173346638679504
tip_middle_root_1_3_1,CNN,淡紅,3,8,舌中,1,0,0.21378111839294434
tip_middle_root_1_3_1,CNN,淡紅,3,8,舌右邊,1,0,0.3511655628681183
tip_middle_root_1_3_1,CNN,淡紅,3,8,舌尖,1,0,0.3973170518875122
tip_middle_root_1_3_1,CNN,淡紅,3,8,舌左邊,1,0,0.21741707623004913
tip_middle_root_1_3_1,CNN,淡紅,3,8,舌根,1,1,0.5491887927055359
tip_middle_root_1_3_1,CNN,淡紅,3,94,舌中,0,0,0.4965791404247284
tip_middle_root_1_3_1,CNN,淡紅,3,94,舌右邊,0,0,0.12024140357971191
tip_middle_root_1_3_1,CNN,淡紅,3,94,舌尖,0,0,0.30944910645484924
tip_middle_root_1_3_1,CNN,淡紅,3,94,舌左邊,0,0,0.1436290740966797
tip_middle_root_1_3_1,CNN,淡紅,3,94,舌根,0,0,0.36497756838798523
tip_middle_root_1_3_1,CNN,淡紅,3,97,舌中,0,0,0.36550265550613403
tip_middle_root_1_3_1,CNN,淡紅,3,97,舌右邊,0,0,0.12487760186195374
tip_middle_root_1_3_1,CNN,淡紅,3,97,舌左邊,0,0,0.175641268491745
tip_middle_root_1_3_1,CNN,淡紅,3,97,舌根,0,0,0.2517915666103363
tip_middle_root_1_3_1,CNN,淡紅,4,1,舌中,0,1,0.7172814011573792
tip_middle_root_1_3_1,CNN,淡紅,4,1,舌右邊,0,0,0.3464885354042053
tip_middle_root_1_3_1,CNN,淡紅,4,1,舌尖,0,0,0.14695940911769867
tip_middle_root_1_3_1,CNN,淡紅,4,1,舌左邊,0,1,0.5439730286598206
tip_middle_root_1_3_1,CNN,淡紅,4,1,舌根,0,1,0.8897497057914734
tip_middle_root_1_3_1,CNN,淡紅,4,18,舌中,1,0,0.49420878291130066
tip_middle_root_1_3_1,CNN,淡紅,4,18,舌尖,1,0,0.2619853913784027
tip_middle_root_1_3_1,CNN,淡紅,4,18,舌根,1,1,0.669366180896759
tip_middle_root_1_3_1,CNN,淡紅,4,2,舌右邊,0,0,0.2825583517551422
tip_middle_root_1_3_1,CNN,淡紅,4,2,舌尖,0,0,0.07681316882371902
tip_middle_root_1_3_1,CNN,淡紅,4,2,舌左邊,0,0,0.15131032466888428
tip_middle_root_1_3_1,CNN,淡紅,4,20,舌尖,1,0,0.055036138743162155
tip_middle_root_1_3_1,CNN,淡紅,4,20,舌根,1,1,0.7491771578788757
tip_middle_root_1_3_1,CNN,淡紅,4,22,舌中,0,0,0.49696192145347595
tip_middle_root_1_3_1,CNN,淡紅,4,22,舌右邊,0,0,0.08506876975297928
tip_middle_root_1_3_1,CNN,淡紅,4,22,舌尖,0,0,0.09432307630777359
tip_middle_root_1_3_1,CNN,淡紅,4,22,舌左邊,0,0,0.36259016394615173
tip_middle_root_1_3_1,CNN,淡紅,4,22,舌根,0,1,0.7502555847167969
tip_middle_root_1_3_1,CNN,淡紅,4,25,舌右邊,0,0,0.10603038966655731
tip_middle_root_1_3_1,CNN,淡紅,4,25,舌左邊,0,0,0.2173166573047638
tip_middle_root_1_3_1,CNN,淡紅,4,25,舌根,0,1,0.5915167331695557
tip_middle_root_1_3_1,CNN,淡紅,4,30,舌右邊,0,0,0.2577260434627533
tip_middle_root_1_3_1,CNN,淡紅,4,30,舌左邊,0,0,0.3947805166244507
tip_middle_root_1_3_1,CNN,淡紅,4,35,舌中,0,1,0.6592384576797485
tip_middle_root_1_3_1,CNN,淡紅,4,35,舌右邊,0,0,0.16171298921108246
tip_middle_root_1_3_1,CNN,淡紅,4,35,舌左邊,0,0,0.32117629051208496
tip_middle_root_1_3_1,CNN,淡紅,4,35,舌根,0,1,0.6413319706916809
tip_middle_root_1_3_1,CNN,淡紅,4,38,舌中,1,0,0.16954821348190308
tip_middle_root_1_3_1,CNN,淡紅,4,38,舌右邊,1,0,0.31202757358551025
tip_middle_root_1_3_1,CNN,淡紅,4,38,舌尖,1,0,0.3112421929836273
tip_middle_root_1_3_1,CNN,淡紅,4,38,舌左邊,1,0,0.245999276638031
tip_middle_root_1_3_1,CNN,淡紅,4,4,舌中,0,0,0.46395444869995117
tip_middle_root_1_3_1,CNN,淡紅,4,4,舌右邊,0,0,0.040923260152339935
tip_middle_root_1_3_1,CNN,淡紅,4,4,舌尖,0,0,0.3289180397987366
tip_middle_root_1_3_1,CNN,淡紅,4,4,舌左邊,0,0,0.23208996653556824
tip_middle_root_1_3_1,CNN,淡紅,4,4,舌根,0,0,0.4007534086704254
tip_middle_root_1_3_1,CNN,淡紅,4,44,舌根,0,1,0.7801049947738647
tip_middle_root_1_3_1,CNN,淡紅,4,52,舌中,1,1,0.5447621941566467
tip_middle_root_1_3_1,CNN,淡紅,4,52,舌右邊,1,0,0.3328409790992737
tip_middle_root_1_3_1,CNN,淡紅,4,52,舌左邊,1,1,0.5622798204421997
tip_middle_root_1_3_1,CNN,淡紅,4,52,舌根,1,0,0.47937116026878357
tip_middle_root_1_3_1,CNN,淡紅,4,58,舌根,0,1,0.697812020778656
tip_middle_root_1_3_1,CNN,淡紅,4,62,舌中,0,0,0.4325677454471588
tip_middle_root_1_3_1,CNN,淡紅,4,62,舌右邊,0,0,0.13269543647766113
tip_middle_root_1_3_1,CNN,淡紅,4,62,舌尖,0,0,0.16220958530902863
tip_middle_root_1_3_1,CNN,淡紅,4,62,舌左邊,0,0,0.2196156531572342
tip_middle_root_1_3_1,CNN,淡紅,4,62,舌根,0,0,0.47778332233428955
tip_middle_root_1_3_1,CNN,淡紅,4,70,舌中,0,0,0.20558729767799377
tip_middle_root_1_3_1,CNN,淡紅,4,70,舌右邊,0,0,0.07167491316795349
tip_middle_root_1_3_1,CNN,淡紅,4,70,舌尖,0,0,0.09605073928833008
tip_middle_root_1_3_1,CNN,淡紅,4,70,舌左邊,0,0,0.056524552404880524
tip_middle_root_1_3_1,CNN,淡紅,4,70,舌根,0,0,0.3807930052280426
tip_middle_root_1_3_1,CNN,淡紅,4,75,舌根,1,1,0.8274874091148376
tip_middle_root_1_3_1,CNN,淡紅,4,76,舌中,0,0,0.09305478632450104
tip_middle_root_1_3_1,CNN,淡紅,4,76,舌右邊,0,0,0.08846557885408401
tip_middle_root_1_3_1,CNN,淡紅,4,76,舌尖,0,1,0.5531265139579773
tip_middle_root_1_3_1,CNN,淡紅,4,76,舌左邊,0,0,0.46090129017829895
tip_middle_root_1_3_1,CNN,淡紅,4,76,舌根,0,0,0.47072091698646545
tip_middle_root_1_3_1,CNN,淡紅,4,79,舌中,0,0,0.1515880972146988
tip_middle_root_1_3_1,CNN,淡紅,4,79,舌右邊,0,0,0.1252276450395584
tip_middle_root_1_3_1,CNN,淡紅,4,79,舌尖,0,0,0.16272450983524323
tip_middle_root_1_3_1,CNN,淡紅,4,79,舌左邊,0,0,0.11013530939817429
tip_middle_root_1_3_1,CNN,淡紅,4,79,舌根,0,1,0.7097588181495667
tip_middle_root_1_3_1,CNN,淡紅,4,81,舌中,0,0,0.3351782262325287
tip_middle_root_1_3_1,CNN,淡紅,4,81,舌右邊,0,0,0.16229405999183655
tip_middle_root_1_3_1,CNN,淡紅,4,81,舌尖,0,0,0.34930381178855896
tip_middle_root_1_3_1,CNN,淡紅,4,81,舌左邊,0,0,0.15674081444740295
tip_middle_root_1_3_1,CNN,淡紅,4,81,舌根,0,1,0.6621513962745667
tip_middle_root_1_3_1,CNN,淡紅,4,84,舌中,1,1,0.6346049308776855
tip_middle_root_1_3_1,CNN,淡紅,4,84,舌右邊,1,0,0.3258698284626007
tip_middle_root_1_3_1,CNN,淡紅,4,84,舌尖,1,1,0.8995139598846436
tip_middle_root_1_3_1,CNN,淡紅,4,84,舌左邊,1,0,0.20033282041549683
tip_middle_root_1_3_1,CNN,淡紅,4,84,舌根,1,0,0.4368182420730591
tip_middle_root_1_3_1,CNN,淡紅,4,85,舌中,0,0,0.2214968353509903
tip_middle_root_1_3_1,CNN,淡紅,4,85,舌右邊,0,0,0.08745455741882324
tip_middle_root_1_3_1,CNN,淡紅,4,85,舌尖,0,0,0.11196942627429962
tip_middle_root_1_3_1,CNN,淡紅,4,85,舌左邊,0,0,0.11296176165342331
tip_middle_root_1_3_1,CNN,淡紅,4,85,舌根,0,1,0.5514914393424988
tip_middle_root_1_3_1,CNN,淡紅,5,10,舌中,0,0,0.39569324254989624
tip_middle_root_1_3_1,CNN,淡紅,5,10,舌右邊,0,0,0.14433962106704712
tip_middle_root_1_3_1,CNN,淡紅,5,10,舌尖,0,0,0.288872629404068
tip_middle_root_1_3_1,CNN,淡紅,5,10,舌左邊,0,0,0.19691485166549683
tip_middle_root_1_3_1,CNN,淡紅,5,10,舌根,0,1,0.5539941191673279
tip_middle_root_1_3_1,CNN,淡紅,5,11,舌中,0,0,0.2485785186290741
tip_middle_root_1_3_1,CNN,淡紅,5,11,舌右邊,0,0,0.13534240424633026
tip_middle_root_1_3_1,CNN,淡紅,5,11,舌尖,0,0,0.17467035353183746
tip_middle_root_1_3_1,CNN,淡紅,5,11,舌左邊,0,0,0.16588586568832397
tip_middle_root_1_3_1,CNN,淡紅,5,11,舌根,0,0,0.411223441362381
tip_middle_root_1_3_1,CNN,淡紅,5,26,舌中,1,0,0.37273862957954407
tip_middle_root_1_3_1,CNN,淡紅,5,26,舌尖,1,0,0.21640358865261078
tip_middle_root_1_3_1,CNN,淡紅,5,27,舌中,1,0,0.37725645303726196
tip_middle_root_1_3_1,CNN,淡紅,5,27,舌右邊,1,0,0.4325440526008606
tip_middle_root_1_3_1,CNN,淡紅,5,27,舌尖,1,1,0.5823466181755066
tip_middle_root_1_3_1,CNN,淡紅,5,27,舌根,1,1,0.8039911985397339
tip_middle_root_1_3_1,CNN,淡紅,5,28,舌中,0,1,0.5266839265823364
tip_middle_root_1_3_1,CNN,淡紅,5,28,舌右邊,0,1,0.6212276220321655
tip_middle_root_1_3_1,CNN,淡紅,5,28,舌尖,1,1,0.5303069353103638
tip_middle_root_1_3_1,CNN,淡紅,5,28,舌左邊,0,1,0.6131978631019592
tip_middle_root_1_3_1,CNN,淡紅,5,28,舌根,0,1,0.8090013861656189
tip_middle_root_1_3_1,CNN,淡紅,5,34,舌右邊,0,0,0.23033706843852997
tip_middle_root_1_3_1,CNN,淡紅,5,34,舌尖,0,0,0.27679288387298584
tip_middle_root_1_3_1,CNN,淡紅,5,34,舌左邊,0,0,0.367603063583374
tip_middle_root_1_3_1,CNN,淡紅,5,34,舌根,0,1,0.6596793532371521
tip_middle_root_1_3_1,CNN,淡紅,5,36,舌中,1,0,0.4747614860534668
tip_middle_root_1_3_1,CNN,淡紅,5,36,舌右邊,1,0,0.4311940670013428
tip_middle_root_1_3_1,CNN,淡紅,5,36,舌尖,1,0,0.21433129906654358
tip_middle_root_1_3_1,CNN,淡紅,5,36,舌左邊,1,0,0.4804910123348236
tip_middle_root_1_3_1,CNN,淡紅,5,36,舌根,1,1,0.6350006461143494
tip_middle_root_1_3_1,CNN,淡紅,5,37,舌中,1,1,0.5712742209434509
tip_middle_root_1_3_1,CNN,淡紅,5,37,舌右邊,1,0,0.34851568937301636
tip_middle_root_1_3_1,CNN,淡紅,5,37,舌尖,1,1,0.6376402974128723
tip_middle_root_1_3_1,CNN,淡紅,5,37,舌左邊,1,0,0.4780827462673187
tip_middle_root_1_3_1,CNN,淡紅,5,37,舌根,1,1,0.6185569167137146
tip_middle_root_1_3_1,CNN,淡紅,5,39,舌尖,1,1,0.53500896692276
tip_middle_root_1_3_1,CNN,淡紅,5,39,舌左邊,1,0,0.39276647567749023
tip_middle_root_1_3_1,CNN,淡紅,5,42,舌右邊,0,0,0.1624544858932495
tip_middle_root_1_3_1,CNN,淡紅,5,42,舌尖,0,0,0.45028170943260193
tip_middle_root_1_3_1,CNN,淡紅,5,42,舌左邊,0,0,0.26476961374282837
tip_middle_root_1_3_1,CNN,淡紅,5,5,舌中,0,1,0.5698495507240295
tip_middle_root_1_3_1,CNN,淡紅,5,5,舌右邊,0,0,0.41586560010910034
tip_middle_root_1_3_1,CNN,淡紅,5,5,舌尖,0,0,0.3205625116825104
tip_middle_root_1_3_1,CNN,淡紅,5,5,舌左邊,0,0,0.29105737805366516
tip_middle_root_1_3_1,CNN,淡紅,5,5,舌根,0,1,0.5703138709068298
tip_middle_root_1_3_1,CNN,淡紅,5,59,舌中,0,1,0.6654018759727478
tip_middle_root_1_3_1,CNN,淡紅,5,59,舌右邊,0,0,0.42674538493156433
tip_middle_root_1_3_1,CNN,淡紅,5,59,舌尖,0,1,0.5438717007637024
tip_middle_root_1_3_1,CNN,淡紅,5,59,舌左邊,0,1,0.5324897766113281
tip_middle_root_1_3_1,CNN,淡紅,5,59,舌根,0,1,0.8467531204223633
tip_middle_root_1_3_1,CNN,淡紅,5,6,舌中,0,0,0.3198176324367523
tip_middle_root_1_3_1,CNN,淡紅,5,6,舌右邊,0,0,0.23131166398525238
tip_middle_root_1_3_1,CNN,淡紅,5,6,舌尖,0,0,0.39507317543029785
tip_middle_root_1_3_1,CNN,淡紅,5,6,舌左邊,0,0,0.3493509590625763
tip_middle_root_1_3_1,CNN,淡紅,5,6,舌根,0,1,0.6786556243896484
tip_middle_root_1_3_1,CNN,淡紅,5,63,舌中,0,0,0.36012545228004456
tip_middle_root_1_3_1,CNN,淡紅,5,63,舌右邊,0,0,0.2516374886035919
tip_middle_root_1_3_1,CNN,淡紅,5,63,舌尖,0,0,0.14100906252861023
tip_middle_root_1_3_1,CNN,淡紅,5,63,舌左邊,0,0,0.16093981266021729
tip_middle_root_1_3_1,CNN,淡紅,5,63,舌根,0,1,0.7430089116096497
tip_middle_root_1_3_1,CNN,淡紅,5,65,舌中,0,0,0.34227487444877625
tip_middle_root_1_3_1,CNN,淡紅,5,65,舌右邊,0,0,0.49058619141578674
tip_middle_root_1_3_1,CNN,淡紅,5,65,舌尖,0,0,0.2622355818748474
tip_middle_root_1_3_1,CNN,淡紅,5,65,舌左邊,0,0,0.25236350297927856
tip_middle_root_1_3_1,CNN,淡紅,5,65,舌根,0,1,0.6389890909194946
tip_middle_root_1_3_1,CNN,淡紅,5,82,舌中,0,0,0.3225034177303314
tip_middle_root_1_3_1,CNN,淡紅,5,82,舌右邊,0,0,0.17651839554309845
tip_middle_root_1_3_1,CNN,淡紅,5,82,舌尖,0,0,0.25631704926490784
tip_middle_root_1_3_1,CNN,淡紅,5,82,舌左邊,0,1,0.5976953506469727
tip_middle_root_1_3_1,CNN,淡紅,5,82,舌根,0,1,0.7046635746955872
tip_middle_root_1_3_1,CNN,淡紅,5,91,舌中,0,0,0.42964956164360046
tip_middle_root_1_3_1,CNN,淡紅,5,91,舌右邊,0,1,0.6908007860183716
tip_middle_root_1_3_1,CNN,淡紅,5,91,舌尖,0,0,0.3353574872016907
tip_middle_root_1_3_1,CNN,淡紅,5,91,舌左邊,0,1,0.7708154916763306
tip_middle_root_1_3_1,CNN,淡紅,5,91,舌根,0,1,0.8106253147125244
tip_middle_root_1_3_1,CNN,淡紅,5,98,舌中,0,0,0.419892281293869
tip_middle_root_1_3_1,CNN,淡紅,5,98,舌右邊,0,0,0.22452759742736816
tip_middle_root_1_3_1,CNN,淡紅,5,98,舌左邊,0,1,0.5034134984016418
tip_middle_root_1_3_1,CNN,淡紅,5,98,舌根,0,1,0.6883166432380676
tip_middle_root_1_2_2,CNN,淡白,1,11,舌中,0,0,0.13825182616710663
tip_middle_root_1_2_2,CNN,淡白,1,11,舌右邊,0,0,0.12916617095470428
tip_middle_root_1_2_2,CNN,淡白,1,11,舌尖,0,0,0.14173205196857452
tip_middle_root_1_2_2,CNN,淡白,1,11,舌左邊,0,0,0.05792979523539543
tip_middle_root_1_2_2,CNN,淡白,1,11,舌根,0,0,0.3974153995513916
tip_middle_root_1_2_2,CNN,淡白,1,2,舌中,0,0,0.3743863105773926
tip_middle_root_1_2_2,CNN,淡白,1,2,舌右邊,0,0,0.3342442810535431
tip_middle_root_1_2_2,CNN,淡白,1,2,舌尖,0,0,0.1775827556848526
tip_middle_root_1_2_2,CNN,淡白,1,2,舌左邊,0,0,0.15299740433692932
tip_middle_root_1_2_2,CNN,淡白,1,2,舌根,0,0,0.47438880801200867
tip_middle_root_1_2_2,CNN,淡白,1,23,舌中,0,1,0.6484834551811218
tip_middle_root_1_2_2,CNN,淡白,1,23,舌右邊,0,0,0.40047648549079895
tip_middle_root_1_2_2,CNN,淡白,1,23,舌尖,0,0,0.11810968071222305
tip_middle_root_1_2_2,CNN,淡白,1,23,舌左邊,0,0,0.3634783923625946
tip_middle_root_1_2_2,CNN,淡白,1,23,舌根,0,0,0.4544732868671417
tip_middle_root_1_2_2,CNN,淡白,1,28,舌中,1,0,0.12151192873716354
tip_middle_root_1_2_2,CNN,淡白,1,28,舌右邊,1,0,0.07860952615737915
tip_middle_root_1_2_2,CNN,淡白,1,28,舌尖,0,0,0.13629166781902313
tip_middle_root_1_2_2,CNN,淡白,1,28,舌左邊,1,0,0.27584636211395264
tip_middle_root_1_2_2,CNN,淡白,1,28,舌根,1,0,0.38643354177474976
tip_middle_root_1_2_2,CNN,淡白,1,34,舌中,0,1,0.5810059905052185
tip_middle_root_1_2_2,CNN,淡白,1,34,舌右邊,0,0,0.15423981845378876
tip_middle_root_1_2_2,CNN,淡白,1,34,舌尖,0,0,0.19543659687042236
tip_middle_root_1_2_2,CNN,淡白,1,34,舌左邊,0,0,0.1506614238023758
tip_middle_root_1_2_2,CNN,淡白,1,34,舌根,0,1,0.5987843871116638
tip_middle_root_1_2_2,CNN,淡白,1,42,舌中,0,0,0.32181739807128906
tip_middle_root_1_2_2,CNN,淡白,1,42,舌右邊,0,0,0.07465235888957977
tip_middle_root_1_2_2,CNN,淡白,1,42,舌尖,0,0,0.18520179390907288
tip_middle_root_1_2_2,CNN,淡白,1,42,舌左邊,0,0,0.27881622314453125
tip_middle_root_1_2_2,CNN,淡白,1,42,舌根,0,0,0.37213462591171265
tip_middle_root_1_2_2,CNN,淡白,1,49,舌中,0,0,0.19866062700748444
tip_middle_root_1_2_2,CNN,淡白,1,49,舌右邊,0,0,0.24717505276203156
tip_middle_root_1_2_2,CNN,淡白,1,49,舌尖,0,0,0.322741836309433
tip_middle_root_1_2_2,CNN,淡白,1,49,舌左邊,0,1,0.8657300472259521
tip_middle_root_1_2_2,CNN,淡白,1,49,舌根,0,0,0.31263136863708496
tip_middle_root_1_2_2,CNN,淡白,1,53,舌中,0,0,0.3749428391456604
tip_middle_root_1_2_2,CNN,淡白,1,53,舌右邊,0,0,0.16963982582092285
tip_middle_root_1_2_2,CNN,淡白,1,53,舌尖,0,0,0.02814897522330284
tip_middle_root_1_2_2,CNN,淡白,1,53,舌左邊,0,0,0.31784775853157043
tip_middle_root_1_2_2,CNN,淡白,1,53,舌根,0,0,0.11577054858207703
tip_middle_root_1_2_2,CNN,淡白,1,57,舌中,0,1,0.5288942456245422
tip_middle_root_1_2_2,CNN,淡白,1,57,舌右邊,0,0,0.33344903588294983
tip_middle_root_1_2_2,CNN,淡白,1,57,舌尖,0,0,0.01806318201124668
tip_middle_root_1_2_2,CNN,淡白,1,57,舌左邊,0,0,0.30369046330451965
tip_middle_root_1_2_2,CNN,淡白,1,57,舌根,0,0,0.42819106578826904
tip_middle_root_1_2_2,CNN,淡白,1,63,舌中,0,1,0.5336140394210815
tip_middle_root_1_2_2,CNN,淡白,1,63,舌右邊,0,0,0.11822230368852615
tip_middle_root_1_2_2,CNN,淡白,1,63,舌尖,0,0,0.1622593104839325
tip_middle_root_1_2_2,CNN,淡白,1,63,舌左邊,0,0,0.15466585755348206
tip_middle_root_1_2_2,CNN,淡白,1,63,舌根,0,0,0.11292065680027008
tip_middle_root_1_2_2,CNN,淡白,1,65,舌中,0,0,0.15045543015003204
tip_middle_root_1_2_2,CNN,淡白,1,65,舌右邊,0,0,0.05586802959442139
tip_middle_root_1_2_2,CNN,淡白,1,65,舌尖,0,0,0.06950242817401886
tip_middle_root_1_2_2,CNN,淡白,1,65,舌左邊,0,0,0.1327076107263565
tip_middle_root_1_2_2,CNN,淡白,1,65,舌根,0,0,0.1449602246284485
tip_middle_root_1_2_2,CNN,淡白,1,66,舌中,0,0,0.35142800211906433
tip_middle_root_1_2_2,CNN,淡白,1,66,舌右邊,0,0,0.04723236337304115
tip_middle_root_1_2_2,CNN,淡白,1,66,舌尖,0,0,0.1954992562532425
tip_middle_root_1_2_2,CNN,淡白,1,66,舌左邊,0,0,0.3610037565231323
tip_middle_root_1_2_2,CNN,淡白,1,66,舌根,0,0,0.1209108904004097
tip_middle_root_1_2_2,CNN,淡白,1,68,舌中,0,0,0.2326989769935608
tip_middle_root_1_2_2,CNN,淡白,1,68,舌右邊,0,0,0.476936012506485
tip_middle_root_1_2_2,CNN,淡白,1,68,舌尖,0,0,0.3711308240890503
tip_middle_root_1_2_2,CNN,淡白,1,68,舌左邊,0,0,0.24135272204875946
tip_middle_root_1_2_2,CNN,淡白,1,68,舌根,0,0,0.11259068548679352
tip_middle_root_1_2_2,CNN,淡白,1,72,舌中,0,0,0.06498580425977707
tip_middle_root_1_2_2,CNN,淡白,1,72,舌右邊,0,0,0.14238502085208893
tip_middle_root_1_2_2,CNN,淡白,1,72,舌尖,0,0,0.1148134246468544
tip_middle_root_1_2_2,CNN,淡白,1,72,舌左邊,0,0,0.17223836481571198
tip_middle_root_1_2_2,CNN,淡白,1,72,舌根,0,0,0.2033936083316803
tip_middle_root_1_2_2,CNN,淡白,1,79,舌中,0,0,0.3192604184150696
tip_middle_root_1_2_2,CNN,淡白,1,79,舌右邊,0,0,0.1691296547651291
tip_middle_root_1_2_2,CNN,淡白,1,79,舌尖,0,0,0.1626683622598648
tip_middle_root_1_2_2,CNN,淡白,1,79,舌左邊,0,0,0.14384908974170685
tip_middle_root_1_2_2,CNN,淡白,1,79,舌根,0,0,0.3491680324077606
tip_middle_root_1_2_2,CNN,淡白,1,83,舌中,0,0,0.2773115634918213
tip_middle_root_1_2_2,CNN,淡白,1,83,舌右邊,0,0,0.07789003849029541
tip_middle_root_1_2_2,CNN,淡白,1,83,舌尖,0,0,0.1608455777168274
tip_middle_root_1_2_2,CNN,淡白,1,83,舌左邊,0,0,0.1679333746433258
tip_middle_root_1_2_2,CNN,淡白,1,83,舌根,0,0,0.03444492071866989
tip_middle_root_1_2_2,CNN,淡白,1,89,舌中,0,0,0.3664960563182831
tip_middle_root_1_2_2,CNN,淡白,1,89,舌右邊,0,0,0.029970699921250343
tip_middle_root_1_2_2,CNN,淡白,1,89,舌尖,0,0,0.0055558569729328156
tip_middle_root_1_2_2,CNN,淡白,1,89,舌左邊,0,0,0.23411478102207184
tip_middle_root_1_2_2,CNN,淡白,1,89,舌根,0,0,0.03433365374803543
tip_middle_root_1_2_2,CNN,淡白,1,90,舌中,0,0,0.25900405645370483
tip_middle_root_1_2_2,CNN,淡白,1,90,舌右邊,0,0,0.2425016611814499
tip_middle_root_1_2_2,CNN,淡白,1,90,舌尖,0,0,0.2950378358364105
tip_middle_root_1_2_2,CNN,淡白,1,90,舌左邊,0,0,0.05329879745841026
tip_middle_root_1_2_2,CNN,淡白,1,90,舌根,0,1,0.563027560710907
tip_middle_root_1_2_2,CNN,淡白,1,94,舌中,0,1,0.6100991368293762
tip_middle_root_1_2_2,CNN,淡白,1,94,舌右邊,0,0,0.46720531582832336
tip_middle_root_1_2_2,CNN,淡白,1,94,舌尖,0,0,0.3063417971134186
tip_middle_root_1_2_2,CNN,淡白,1,94,舌左邊,0,0,0.24323762953281403
tip_middle_root_1_2_2,CNN,淡白,1,94,舌根,0,0,0.20513701438903809
tip_middle_root_1_2_2,CNN,淡白,2,19,舌中,0,1,0.7212370038032532
tip_middle_root_1_2_2,CNN,淡白,2,19,舌右邊,0,0,0.3927913010120392
tip_middle_root_1_2_2,CNN,淡白,2,19,舌尖,0,0,0.34475570917129517
tip_middle_root_1_2_2,CNN,淡白,2,19,舌左邊,0,0,0.3298899233341217
tip_middle_root_1_2_2,CNN,淡白,2,19,舌根,0,1,0.7174909710884094
tip_middle_root_1_2_2,CNN,淡白,2,22,舌中,0,0,0.2967376708984375
tip_middle_root_1_2_2,CNN,淡白,2,22,舌右邊,0,0,0.2662431001663208
tip_middle_root_1_2_2,CNN,淡白,2,22,舌尖,0,0,0.06945661455392838
tip_middle_root_1_2_2,CNN,淡白,2,22,舌左邊,0,0,0.361709326505661
tip_middle_root_1_2_2,CNN,淡白,2,22,舌根,0,0,0.4989994466304779
tip_middle_root_1_2_2,CNN,淡白,2,24,舌中,0,1,0.6405038833618164
tip_middle_root_1_2_2,CNN,淡白,2,24,舌右邊,0,0,0.42706629633903503
tip_middle_root_1_2_2,CNN,淡白,2,24,舌尖,0,0,0.23738278448581696
tip_middle_root_1_2_2,CNN,淡白,2,24,舌左邊,0,1,0.543178379535675
tip_middle_root_1_2_2,CNN,淡白,2,24,舌根,0,1,0.8160136938095093
tip_middle_root_1_2_2,CNN,淡白,2,26,舌中,0,1,0.5170775055885315
tip_middle_root_1_2_2,CNN,淡白,2,26,舌右邊,0,0,0.22249570488929749
tip_middle_root_1_2_2,CNN,淡白,2,26,舌尖,0,0,0.05142439529299736
tip_middle_root_1_2_2,CNN,淡白,2,26,舌左邊,0,0,0.24417561292648315
tip_middle_root_1_2_2,CNN,淡白,2,26,舌根,0,1,0.6393246054649353
tip_middle_root_1_2_2,CNN,淡白,2,3,舌中,0,1,0.6315057873725891
tip_middle_root_1_2_2,CNN,淡白,2,3,舌右邊,0,1,0.6825578212738037
tip_middle_root_1_2_2,CNN,淡白,2,3,舌尖,0,0,0.07661102712154388
tip_middle_root_1_2_2,CNN,淡白,2,3,舌左邊,0,0,0.33584463596343994
tip_middle_root_1_2_2,CNN,淡白,2,3,舌根,0,0,0.28640782833099365
tip_middle_root_1_2_2,CNN,淡白,2,46,舌中,0,1,0.6715216636657715
tip_middle_root_1_2_2,CNN,淡白,2,46,舌右邊,0,1,0.5656667351722717
tip_middle_root_1_2_2,CNN,淡白,2,46,舌尖,0,0,0.34329017996788025
tip_middle_root_1_2_2,CNN,淡白,2,46,舌左邊,0,1,0.6014256477355957
tip_middle_root_1_2_2,CNN,淡白,2,46,舌根,0,1,0.8595549464225769
tip_middle_root_1_2_2,CNN,淡白,2,48,舌中,0,1,0.6265135407447815
tip_middle_root_1_2_2,CNN,淡白,2,48,舌右邊,0,1,0.5340118408203125
tip_middle_root_1_2_2,CNN,淡白,2,48,舌尖,0,0,0.09921318292617798
tip_middle_root_1_2_2,CNN,淡白,2,48,舌左邊,0,1,0.5918748378753662
tip_middle_root_1_2_2,CNN,淡白,2,48,舌根,0,1,0.849077582359314
tip_middle_root_1_2_2,CNN,淡白,2,52,舌中,0,1,0.6031012535095215
tip_middle_root_1_2_2,CNN,淡白,2,52,舌右邊,0,1,0.5907111167907715
tip_middle_root_1_2_2,CNN,淡白,2,52,舌尖,0,0,0.32041284441947937
tip_middle_root_1_2_2,CNN,淡白,2,52,舌左邊,0,0,0.30054357647895813
tip_middle_root_1_2_2,CNN,淡白,2,52,舌根,0,1,0.7510180473327637
tip_middle_root_1_2_2,CNN,淡白,2,55,舌中,0,1,0.6476214528083801
tip_middle_root_1_2_2,CNN,淡白,2,55,舌右邊,0,1,0.5602511763572693
tip_middle_root_1_2_2,CNN,淡白,2,55,舌尖,0,0,0.17363490164279938
tip_middle_root_1_2_2,CNN,淡白,2,55,舌左邊,0,0,0.4879130423069
tip_middle_root_1_2_2,CNN,淡白,2,55,舌根,0,1,0.6056375503540039
tip_middle_root_1_2_2,CNN,淡白,2,56,舌中,0,1,0.6530564427375793
tip_middle_root_1_2_2,CNN,淡白,2,56,舌右邊,0,1,0.5219470858573914
tip_middle_root_1_2_2,CNN,淡白,2,56,舌尖,0,0,0.17589913308620453
tip_middle_root_1_2_2,CNN,淡白,2,56,舌左邊,0,0,0.35617077350616455
tip_middle_root_1_2_2,CNN,淡白,2,56,舌根,0,1,0.638691246509552
tip_middle_root_1_2_2,CNN,淡白,2,61,舌中,0,0,0.45481929183006287
tip_middle_root_1_2_2,CNN,淡白,2,61,舌右邊,0,0,0.20303188264369965
tip_middle_root_1_2_2,CNN,淡白,2,61,舌尖,0,0,0.2445700466632843
tip_middle_root_1_2_2,CNN,淡白,2,61,舌左邊,0,0,0.2130388617515564
tip_middle_root_1_2_2,CNN,淡白,2,61,舌根,0,0,0.3520442843437195
tip_middle_root_1_2_2,CNN,淡白,2,67,舌中,0,0,0.2709473967552185
tip_middle_root_1_2_2,CNN,淡白,2,67,舌右邊,0,0,0.19089022278785706
tip_middle_root_1_2_2,CNN,淡白,2,67,舌尖,0,0,0.05299874767661095
tip_middle_root_1_2_2,CNN,淡白,2,67,舌左邊,0,0,0.1269693821668625
tip_middle_root_1_2_2,CNN,淡白,2,67,舌根,0,1,0.6072277426719666
tip_middle_root_1_2_2,CNN,淡白,2,73,舌中,0,0,0.38607555627822876
tip_middle_root_1_2_2,CNN,淡白,2,73,舌右邊,0,0,0.10639036446809769
tip_middle_root_1_2_2,CNN,淡白,2,73,舌尖,0,0,0.006159433629363775
tip_middle_root_1_2_2,CNN,淡白,2,73,舌左邊,0,0,0.10270807147026062
tip_middle_root_1_2_2,CNN,淡白,2,73,舌根,0,0,0.3348868191242218
tip_middle_root_1_2_2,CNN,淡白,2,76,舌中,0,0,0.024135176092386246
tip_middle_root_1_2_2,CNN,淡白,2,76,舌右邊,0,0,0.07793740183115005
tip_middle_root_1_2_2,CNN,淡白,2,76,舌尖,0,0,0.4982466399669647
tip_middle_root_1_2_2,CNN,淡白,2,76,舌左邊,0,0,0.27110812067985535
tip_middle_root_1_2_2,CNN,淡白,2,76,舌根,0,0,0.42946484684944153
tip_middle_root_1_2_2,CNN,淡白,2,85,舌中,0,0,0.42071282863616943
tip_middle_root_1_2_2,CNN,淡白,2,85,舌右邊,0,1,0.5890028476715088
tip_middle_root_1_2_2,CNN,淡白,2,85,舌尖,0,0,0.10739175230264664
tip_middle_root_1_2_2,CNN,淡白,2,85,舌左邊,0,0,0.18055064976215363
tip_middle_root_1_2_2,CNN,淡白,2,85,舌根,0,0,0.3506786525249481
tip_middle_root_1_2_2,CNN,淡白,2,88,舌中,0,1,0.5932393074035645
tip_middle_root_1_2_2,CNN,淡白,2,88,舌右邊,0,0,0.47474396228790283
tip_middle_root_1_2_2,CNN,淡白,2,88,舌尖,0,0,0.3365204930305481
tip_middle_root_1_2_2,CNN,淡白,2,88,舌左邊,0,1,0.8101091980934143
tip_middle_root_1_2_2,CNN,淡白,2,88,舌根,0,1,0.6187962889671326
tip_middle_root_1_2_2,CNN,淡白,2,91,舌右邊,1,0,0.3614729046821594
tip_middle_root_1_2_2,CNN,淡白,2,91,舌尖,1,1,0.5652009844779968
tip_middle_root_1_2_2,CNN,淡白,2,91,舌左邊,1,0,0.23712360858917236
tip_middle_root_1_2_2,CNN,淡白,2,92,舌中,0,1,0.5858066082000732
tip_middle_root_1_2_2,CNN,淡白,2,92,舌右邊,0,0,0.3023436367511749
tip_middle_root_1_2_2,CNN,淡白,2,92,舌尖,0,0,0.15704582631587982
tip_middle_root_1_2_2,CNN,淡白,2,92,舌左邊,0,1,0.6633039712905884
tip_middle_root_1_2_2,CNN,淡白,2,92,舌根,0,1,0.6808861494064331
tip_middle_root_1_2_2,CNN,淡白,2,97,舌中,0,0,0.3217941224575043
tip_middle_root_1_2_2,CNN,淡白,2,97,舌右邊,0,0,0.12289085239171982
tip_middle_root_1_2_2,CNN,淡白,2,97,舌尖,0,0,0.14523418247699738
tip_middle_root_1_2_2,CNN,淡白,2,97,舌左邊,0,0,0.42046305537223816
tip_middle_root_1_2_2,CNN,淡白,2,97,舌根,0,0,0.12773174047470093
tip_middle_root_1_2_2,CNN,淡白,3,1,舌中,0,1,0.5746092796325684
tip_middle_root_1_2_2,CNN,淡白,3,1,舌右邊,0,0,0.15316246449947357
tip_middle_root_1_2_2,CNN,淡白,3,1,舌尖,0,0,0.22505934536457062
tip_middle_root_1_2_2,CNN,淡白,3,1,舌左邊,0,0,0.09708672761917114
tip_middle_root_1_2_2,CNN,淡白,3,1,舌根,0,0,0.20105864107608795
tip_middle_root_1_2_2,CNN,淡白,3,33,舌中,0,0,0.3093160390853882
tip_middle_root_1_2_2,CNN,淡白,3,33,舌右邊,0,0,0.12133316695690155
tip_middle_root_1_2_2,CNN,淡白,3,33,舌尖,0,0,0.2314748615026474
tip_middle_root_1_2_2,CNN,淡白,3,33,舌左邊,0,0,0.41939786076545715
tip_middle_root_1_2_2,CNN,淡白,3,33,舌根,0,0,0.20976516604423523
tip_middle_root_1_2_2,CNN,淡白,3,35,舌中,0,1,0.573572039604187
tip_middle_root_1_2_2,CNN,淡白,3,35,舌右邊,0,0,0.2569950520992279
tip_middle_root_1_2_2,CNN,淡白,3,35,舌尖,0,0,0.11675932258367538
tip_middle_root_1_2_2,CNN,淡白,3,35,舌左邊,0,0,0.07163908332586288
tip_middle_root_1_2_2,CNN,淡白,3,35,舌根,0,0,0.09044170379638672
tip_middle_root_1_2_2,CNN,淡白,3,36,舌中,0,1,0.5168756246566772
tip_middle_root_1_2_2,CNN,淡白,3,36,舌尖,0,0,0.13494057953357697
tip_middle_root_1_2_2,CNN,淡白,3,36,舌根,0,1,0.5183493494987488
tip_middle_root_1_2_2,CNN,淡白,3,39,舌中,0,0,0.39809074997901917
tip_middle_root_1_2_2,CNN,淡白,3,39,舌右邊,0,0,0.25901103019714355
tip_middle_root_1_2_2,CNN,淡白,3,39,舌尖,0,0,0.22580395638942719
tip_middle_root_1_2_2,CNN,淡白,3,39,舌左邊,0,0,0.305122047662735
tip_middle_root_1_2_2,CNN,淡白,3,39,舌根,0,0,0.045017845928668976
tip_middle_root_1_2_2,CNN,淡白,3,40,舌中,0,0,0.40965771675109863
tip_middle_root_1_2_2,CNN,淡白,3,40,舌右邊,0,0,0.17028318345546722
tip_middle_root_1_2_2,CNN,淡白,3,40,舌尖,0,0,0.10738444328308105
tip_middle_root_1_2_2,CNN,淡白,3,40,舌左邊,0,0,0.13267889618873596
tip_middle_root_1_2_2,CNN,淡白,3,40,舌根,0,0,0.014321224763989449
tip_middle_root_1_2_2,CNN,淡白,3,44,舌中,0,1,0.6777563691139221
tip_middle_root_1_2_2,CNN,淡白,3,44,舌右邊,0,1,0.5285364389419556
tip_middle_root_1_2_2,CNN,淡白,3,44,舌尖,0,0,0.05305100232362747
tip_middle_root_1_2_2,CNN,淡白,3,44,舌左邊,0,1,0.5441282987594604
tip_middle_root_1_2_2,CNN,淡白,3,44,舌根,0,0,0.38382798433303833
tip_middle_root_1_2_2,CNN,淡白,3,45,舌中,0,0,0.27646535634994507
tip_middle_root_1_2_2,CNN,淡白,3,45,舌右邊,0,1,0.6473055481910706
tip_middle_root_1_2_2,CNN,淡白,3,45,舌尖,0,0,0.36459001898765564
tip_middle_root_1_2_2,CNN,淡白,3,45,舌左邊,0,0,0.34749913215637207
tip_middle_root_1_2_2,CNN,淡白,3,45,舌根,0,1,0.7110565900802612
tip_middle_root_1_2_2,CNN,淡白,3,5,舌左邊,1,0,0.10282804071903229
tip_middle_root_1_2_2,CNN,淡白,3,60,舌中,0,0,0.3003385663032532
tip_middle_root_1_2_2,CNN,淡白,3,60,舌右邊,0,0,0.4761010408401489
tip_middle_root_1_2_2,CNN,淡白,3,60,舌尖,0,0,0.10829024761915207
tip_middle_root_1_2_2,CNN,淡白,3,60,舌左邊,0,0,0.3208579421043396
tip_middle_root_1_2_2,CNN,淡白,3,60,舌根,0,0,0.46917182207107544
tip_middle_root_1_2_2,CNN,淡白,3,64,舌中,0,0,0.29413631558418274
tip_middle_root_1_2_2,CNN,淡白,3,64,舌右邊,0,0,0.12958253920078278
tip_middle_root_1_2_2,CNN,淡白,3,64,舌尖,0,0,0.09334481507539749
tip_middle_root_1_2_2,CNN,淡白,3,64,舌左邊,0,0,0.3169996738433838
tip_middle_root_1_2_2,CNN,淡白,3,64,舌根,0,0,0.15997114777565002
tip_middle_root_1_2_2,CNN,淡白,3,69,舌中,0,0,0.2598296105861664
tip_middle_root_1_2_2,CNN,淡白,3,69,舌右邊,0,0,0.2271842062473297
tip_middle_root_1_2_2,CNN,淡白,3,69,舌尖,0,0,0.29779917001724243
tip_middle_root_1_2_2,CNN,淡白,3,69,舌左邊,0,0,0.2434045821428299
tip_middle_root_1_2_2,CNN,淡白,3,69,舌根,0,0,0.2818157374858856
tip_middle_root_1_2_2,CNN,淡白,3,70,舌中,0,0,0.3518531620502472
tip_middle_root_1_2_2,CNN,淡白,3,70,舌右邊,0,0,0.04436028376221657
tip_middle_root_1_2_2,CNN,淡白,3,70,舌尖,0,0,0.05886736512184143
tip_middle_root_1_2_2,CNN,淡白,3,70,舌左邊,0,0,0.09869251400232315
tip_middle_root_1_2_2,CNN,淡白,3,70,舌根,0,1,0.5919861197471619
tip_middle_root_1_2_2,CNN,淡白,3,77,舌中,0,0,0.37190595269203186
tip_middle_root_1_2_2,CNN,淡白,3,77,舌右邊,0,0,0.15761394798755646
tip_middle_root_1_2_2,CNN,淡白,3,77,舌尖,0,0,0.11009155958890915
tip_middle_root_1_2_2,CNN,淡白,3,77,舌左邊,0,0,0.23396186530590057
tip_middle_root_1_2_2,CNN,淡白,3,77,舌根,0,0,0.09229346364736557
tip_middle_root_1_2_2,CNN,淡白,3,80,舌中,0,0,0.24162888526916504
tip_middle_root_1_2_2,CNN,淡白,3,80,舌右邊,0,0,0.015498160384595394
tip_middle_root_1_2_2,CNN,淡白,3,80,舌尖,0,0,0.20277784764766693
tip_middle_root_1_2_2,CNN,淡白,3,80,舌左邊,0,0,0.15072689950466156
tip_middle_root_1_2_2,CNN,淡白,3,80,舌根,0,0,0.04145447909832001
tip_middle_root_1_2_2,CNN,淡白,3,82,舌中,0,0,0.40476152300834656
tip_middle_root_1_2_2,CNN,淡白,3,82,舌右邊,0,0,0.03470058739185333
tip_middle_root_1_2_2,CNN,淡白,3,82,舌尖,0,0,0.02954711765050888
tip_middle_root_1_2_2,CNN,淡白,3,82,舌左邊,0,0,0.06003328040242195
tip_middle_root_1_2_2,CNN,淡白,3,82,舌根,0,0,0.13562937080860138
tip_middle_root_1_2_2,CNN,淡白,3,84,舌中,0,0,0.48425209522247314
tip_middle_root_1_2_2,CNN,淡白,3,84,舌尖,0,1,0.5759881734848022
tip_middle_root_1_2_2,CNN,淡白,3,84,舌左邊,0,0,0.4566318392753601
tip_middle_root_1_2_2,CNN,淡白,3,84,舌根,0,1,0.6830129623413086
tip_middle_root_1_2_2,CNN,淡白,3,9,舌中,0,0,0.4814094603061676
tip_middle_root_1_2_2,CNN,淡白,3,9,舌右邊,0,0,0.33832353353500366
tip_middle_root_1_2_2,CNN,淡白,3,9,舌尖,0,0,0.19458475708961487
tip_middle_root_1_2_2,CNN,淡白,3,9,舌左邊,0,0,0.202728271484375
tip_middle_root_1_2_2,CNN,淡白,3,9,舌根,0,0,0.39049720764160156
tip_middle_root_1_2_2,CNN,淡白,3,93,舌中,0,0,0.1680043339729309
tip_middle_root_1_2_2,CNN,淡白,3,93,舌右邊,0,0,0.02321476861834526
tip_middle_root_1_2_2,CNN,淡白,3,93,舌尖,0,0,0.1378304809331894
tip_middle_root_1_2_2,CNN,淡白,3,93,舌左邊,0,0,0.04519238322973251
tip_middle_root_1_2_2,CNN,淡白,3,93,舌根,0,0,0.012249419465661049
tip_middle_root_1_2_2,CNN,淡白,3,96,舌中,0,0,0.21608592569828033
tip_middle_root_1_2_2,CNN,淡白,3,96,舌右邊,0,0,0.035592786967754364
tip_middle_root_1_2_2,CNN,淡白,3,96,舌尖,0,0,0.022130271419882774
tip_middle_root_1_2_2,CNN,淡白,3,96,舌左邊,0,0,0.04227496311068535
tip_middle_root_1_2_2,CNN,淡白,3,96,舌根,0,0,0.32751914858818054
tip_middle_root_1_2_2,CNN,淡白,4,10,舌中,0,0,0.3358250558376312
tip_middle_root_1_2_2,CNN,淡白,4,10,舌右邊,0,0,0.1709529161453247
tip_middle_root_1_2_2,CNN,淡白,4,10,舌尖,0,0,0.006671505514532328
tip_middle_root_1_2_2,CNN,淡白,4,10,舌左邊,0,0,0.27330920100212097
tip_middle_root_1_2_2,CNN,淡白,4,10,舌根,0,0,0.0708673819899559
tip_middle_root_1_2_2,CNN,淡白,4,12,舌中,0,0,0.10586254298686981
tip_middle_root_1_2_2,CNN,淡白,4,12,舌右邊,0,0,0.17402155697345734
tip_middle_root_1_2_2,CNN,淡白,4,12,舌尖,0,0,0.024562116712331772
tip_middle_root_1_2_2,CNN,淡白,4,12,舌左邊,0,0,0.42328888177871704
tip_middle_root_1_2_2,CNN,淡白,4,12,舌根,0,0,0.039224278181791306
tip_middle_root_1_2_2,CNN,淡白,4,13,舌右邊,0,1,0.5294564962387085
tip_middle_root_1_2_2,CNN,淡白,4,13,舌尖,0,0,0.08335477858781815
tip_middle_root_1_2_2,CNN,淡白,4,13,舌左邊,0,1,0.7029454708099365
tip_middle_root_1_2_2,CNN,淡白,4,15,舌中,0,0,0.10133925080299377
tip_middle_root_1_2_2,CNN,淡白,4,15,舌右邊,0,0,0.23527273535728455
tip_middle_root_1_2_2,CNN,淡白,4,15,舌尖,0,0,0.1608327180147171
tip_middle_root_1_2_2,CNN,淡白,4,15,舌左邊,0,0,0.07764603197574615
tip_middle_root_1_2_2,CNN,淡白,4,15,舌根,0,0,0.19268850982189178
tip_middle_root_1_2_2,CNN,淡白,4,16,舌中,1,0,0.1521746665239334
tip_middle_root_1_2_2,CNN,淡白,4,16,舌右邊,1,1,0.692823052406311
tip_middle_root_1_2_2,CNN,淡白,4,16,舌尖,1,0,0.4242345988750458
tip_middle_root_1_2_2,CNN,淡白,4,16,舌左邊,1,1,0.7192702293395996
tip_middle_root_1_2_2,CNN,淡白,4,16,舌根,1,1,0.7040470242500305
tip_middle_root_1_2_2,CNN,淡白,4,20,舌中,0,1,0.5839312672615051
tip_middle_root_1_2_2,CNN,淡白,4,20,舌尖,0,0,0.021853184327483177
tip_middle_root_1_2_2,CNN,淡白,4,20,舌根,0,1,0.7235172390937805
tip_middle_root_1_2_2,CNN,淡白,4,21,舌中,0,1,0.6331109404563904
tip_middle_root_1_2_2,CNN,淡白,4,21,舌右邊,0,0,0.3761396110057831
tip_middle_root_1_2_2,CNN,淡白,4,21,舌尖,0,0,0.14001524448394775
tip_middle_root_1_2_2,CNN,淡白,4,21,舌左邊,0,0,0.46057796478271484
tip_middle_root_1_2_2,CNN,淡白,4,21,舌根,0,1,0.6199080348014832
tip_middle_root_1_2_2,CNN,淡白,4,25,舌中,0,0,0.14446794986724854
tip_middle_root_1_2_2,CNN,淡白,4,25,舌右邊,0,0,0.07923134416341782
tip_middle_root_1_2_2,CNN,淡白,4,25,舌尖,0,0,0.15351609885692596
tip_middle_root_1_2_2,CNN,淡白,4,25,舌左邊,0,1,0.5096394419670105
tip_middle_root_1_2_2,CNN,淡白,4,25,舌根,0,0,0.3345678746700287
tip_middle_root_1_2_2,CNN,淡白,4,32,舌中,0,0,0.1251341998577118
tip_middle_root_1_2_2,CNN,淡白,4,32,舌右邊,0,0,0.4461260437965393
tip_middle_root_1_2_2,CNN,淡白,4,32,舌尖,0,0,0.008216622285544872
tip_middle_root_1_2_2,CNN,淡白,4,32,舌左邊,0,1,0.5764207243919373
tip_middle_root_1_2_2,CNN,淡白,4,32,舌根,0,0,0.4831688702106476
tip_middle_root_1_2_2,CNN,淡白,4,38,舌中,0,1,0.5325231552124023
tip_middle_root_1_2_2,CNN,淡白,4,38,舌右邊,0,1,0.8292836546897888
tip_middle_root_1_2_2,CNN,淡白,4,38,舌尖,0,0,0.061458028852939606
tip_middle_root_1_2_2,CNN,淡白,4,38,舌左邊,0,1,0.6145195960998535
tip_middle_root_1_2_2,CNN,淡白,4,38,舌根,0,1,0.6355774402618408
tip_middle_root_1_2_2,CNN,淡白,4,4,舌中,0,0,0.26176267862319946
tip_middle_root_1_2_2,CNN,淡白,4,4,舌右邊,0,0,0.2544366717338562
tip_middle_root_1_2_2,CNN,淡白,4,4,舌尖,0,0,0.07768983393907547
tip_middle_root_1_2_2,CNN,淡白,4,4,舌左邊,0,1,0.5648333430290222
tip_middle_root_1_2_2,CNN,淡白,4,4,舌根,0,0,0.30767622590065
tip_middle_root_1_2_2,CNN,淡白,4,50,舌中,0,0,0.15902221202850342
tip_middle_root_1_2_2,CNN,淡白,4,50,舌右邊,0,1,0.7476669549942017
tip_middle_root_1_2_2,CNN,淡白,4,50,舌尖,0,0,0.0080355703830719
tip_middle_root_1_2_2,CNN,淡白,4,50,舌左邊,0,1,0.5447714924812317
tip_middle_root_1_2_2,CNN,淡白,4,50,舌根,0,0,0.3013331890106201
tip_middle_root_1_2_2,CNN,淡白,4,54,舌中,0,0,0.30022600293159485
tip_middle_root_1_2_2,CNN,淡白,4,54,舌右邊,0,1,0.7046268582344055
tip_middle_root_1_2_2,CNN,淡白,4,54,舌尖,0,0,0.42012280225753784
tip_middle_root_1_2_2,CNN,淡白,4,54,舌左邊,0,0,0.3548378050327301
tip_middle_root_1_2_2,CNN,淡白,4,54,舌根,0,1,0.757908284664154
tip_middle_root_1_2_2,CNN,淡白,4,59,舌中,0,0,0.16243678331375122
tip_middle_root_1_2_2,CNN,淡白,4,59,舌右邊,0,1,0.7774171233177185
tip_middle_root_1_2_2,CNN,淡白,4,59,舌尖,0,0,0.010459250770509243
tip_middle_root_1_2_2,CNN,淡白,4,59,舌左邊,0,1,0.7350712418556213
tip_middle_root_1_2_2,CNN,淡白,4,59,舌根,0,1,0.6006173491477966
tip_middle_root_1_2_2,CNN,淡白,4,62,舌中,0,0,0.11639828979969025
tip_middle_root_1_2_2,CNN,淡白,4,62,舌右邊,0,0,0.44385623931884766
tip_middle_root_1_2_2,CNN,淡白,4,62,舌尖,0,0,0.35841771960258484
tip_middle_root_1_2_2,CNN,淡白,4,62,舌左邊,0,0,0.3781089782714844
tip_middle_root_1_2_2,CNN,淡白,4,62,舌根,0,1,0.5724478363990784
tip_middle_root_1_2_2,CNN,淡白,4,71,舌中,0,0,0.28134068846702576
tip_middle_root_1_2_2,CNN,淡白,4,71,舌右邊,0,0,0.19471921026706696
tip_middle_root_1_2_2,CNN,淡白,4,71,舌尖,0,0,0.0017826170660555363
tip_middle_root_1_2_2,CNN,淡白,4,71,舌左邊,0,0,0.41616755723953247
tip_middle_root_1_2_2,CNN,淡白,4,71,舌根,0,0,0.3387109637260437
tip_middle_root_1_2_2,CNN,淡白,4,78,舌中,0,0,0.2418075054883957
tip_middle_root_1_2_2,CNN,淡白,4,78,舌右邊,0,0,0.20069482922554016
tip_middle_root_1_2_2,CNN,淡白,4,78,舌尖,0,0,0.026556501165032387
tip_middle_root_1_2_2,CNN,淡白,4,78,舌左邊,0,0,0.2757156491279602
tip_middle_root_1_2_2,CNN,淡白,4,78,舌根,0,0,0.3137476444244385
tip_middle_root_1_2_2,CNN,淡白,4,81,舌中,0,1,0.530366837978363
tip_middle_root_1_2_2,CNN,淡白,4,81,舌右邊,0,0,0.10704800486564636
tip_middle_root_1_2_2,CNN,淡白,4,81,舌尖,0,0,0.1780184507369995
tip_middle_root_1_2_2,CNN,淡白,4,81,舌左邊,0,0,0.126814067363739
tip_middle_root_1_2_2,CNN,淡白,4,81,舌根,0,1,0.5603384375572205
tip_middle_root_1_2_2,CNN,淡白,4,95,舌中,0,0,0.04714369773864746
tip_middle_root_1_2_2,CNN,淡白,4,95,舌右邊,0,0,0.3033945560455322
tip_middle_root_1_2_2,CNN,淡白,4,95,舌尖,0,0,0.04738989844918251
tip_middle_root_1_2_2,CNN,淡白,4,95,舌左邊,0,1,0.5848885178565979
tip_middle_root_1_2_2,CNN,淡白,4,95,舌根,0,0,0.14220312237739563
tip_middle_root_1_2_2,CNN,淡白,4,98,舌中,0,0,0.15261361002922058
tip_middle_root_1_2_2,CNN,淡白,4,98,舌右邊,0,1,0.5913762450218201
tip_middle_root_1_2_2,CNN,淡白,4,98,舌尖,0,0,0.1941024661064148
tip_middle_root_1_2_2,CNN,淡白,4,98,舌左邊,0,1,0.8225064277648926
tip_middle_root_1_2_2,CNN,淡白,4,98,舌根,0,1,0.653249979019165
tip_middle_root_1_2_2,CNN,淡白,5,100,舌中,0,1,0.532780647277832
tip_middle_root_1_2_2,CNN,淡白,5,100,舌右邊,0,0,0.01093598548322916
tip_middle_root_1_2_2,CNN,淡白,5,100,舌尖,0,0,0.12531016767024994
tip_middle_root_1_2_2,CNN,淡白,5,100,舌左邊,0,0,0.25637978315353394
tip_middle_root_1_2_2,CNN,淡白,5,100,舌根,0,0,0.3036746680736542
tip_middle_root_1_2_2,CNN,淡白,5,14,舌中,0,0,0.4961032569408417
tip_middle_root_1_2_2,CNN,淡白,5,14,舌右邊,0,0,0.12463340908288956
tip_middle_root_1_2_2,CNN,淡白,5,14,舌左邊,0,0,0.12772130966186523
tip_middle_root_1_2_2,CNN,淡白,5,14,舌根,0,0,0.04849115386605263
tip_middle_root_1_2_2,CNN,淡白,5,17,舌中,0,1,0.6590550541877747
tip_middle_root_1_2_2,CNN,淡白,5,17,舌右邊,0,0,0.08820850402116776
tip_middle_root_1_2_2,CNN,淡白,5,17,舌尖,0,0,0.0654682144522667
tip_middle_root_1_2_2,CNN,淡白,5,17,舌左邊,0,0,0.023585321381688118
tip_middle_root_1_2_2,CNN,淡白,5,17,舌根,0,0,0.32082271575927734
tip_middle_root_1_2_2,CNN,淡白,5,18,舌中,0,0,0.1504574567079544
tip_middle_root_1_2_2,CNN,淡白,5,18,舌右邊,0,0,0.3885173201560974
tip_middle_root_1_2_2,CNN,淡白,5,18,舌尖,0,0,0.011151730082929134
tip_middle_root_1_2_2,CNN,淡白,5,18,舌左邊,0,0,0.4251389503479004
tip_middle_root_1_2_2,CNN,淡白,5,18,舌根,0,0,0.046938322484493256
tip_middle_root_1_2_2,CNN,淡白,5,27,舌中,0,0,0.3048909902572632
tip_middle_root_1_2_2,CNN,淡白,5,27,舌根,0,0,0.18109920620918274
tip_middle_root_1_2_2,CNN,淡白,5,29,舌中,0,1,0.6024875044822693
tip_middle_root_1_2_2,CNN,淡白,5,29,舌右邊,0,0,0.22563064098358154
tip_middle_root_1_2_2,CNN,淡白,5,29,舌尖,0,0,0.3271735608577728
tip_middle_root_1_2_2,CNN,淡白,5,29,舌左邊,0,0,0.18926936388015747
tip_middle_root_1_2_2,CNN,淡白,5,29,舌根,0,0,0.017613718286156654
tip_middle_root_1_2_2,CNN,淡白,5,31,舌中,0,1,0.589256227016449
tip_middle_root_1_2_2,CNN,淡白,5,31,舌右邊,0,0,0.14619103074073792
tip_middle_root_1_2_2,CNN,淡白,5,31,舌尖,0,0,0.07178112864494324
tip_middle_root_1_2_2,CNN,淡白,5,31,舌左邊,0,0,0.06011401489377022
tip_middle_root_1_2_2,CNN,淡白,5,31,舌根,0,0,0.09362536668777466
tip_middle_root_1_2_2,CNN,淡白,5,37,舌中,0,1,0.6442862153053284
tip_middle_root_1_2_2,CNN,淡白,5,37,舌右邊,0,0,0.11292079836130142
tip_middle_root_1_2_2,CNN,淡白,5,37,舌尖,0,0,0.014476989395916462
tip_middle_root_1_2_2,CNN,淡白,5,37,舌左邊,0,1,0.5378387570381165
tip_middle_root_1_2_2,CNN,淡白,5,37,舌根,0,0,0.26571303606033325
tip_middle_root_1_2_2,CNN,淡白,5,41,舌中,0,1,0.8531855344772339
tip_middle_root_1_2_2,CNN,淡白,5,41,舌右邊,0,1,0.5160117149353027
tip_middle_root_1_2_2,CNN,淡白,5,41,舌尖,0,1,0.6810570955276489
tip_middle_root_1_2_2,CNN,淡白,5,41,舌左邊,0,0,0.4682564437389374
tip_middle_root_1_2_2,CNN,淡白,5,41,舌根,0,1,0.5099186301231384
tip_middle_root_1_2_2,CNN,淡白,5,43,舌中,0,0,0.20518825948238373
tip_middle_root_1_2_2,CNN,淡白,5,43,舌右邊,0,0,0.13100463151931763
tip_middle_root_1_2_2,CNN,淡白,5,43,舌尖,0,0,0.028612252324819565
tip_middle_root_1_2_2,CNN,淡白,5,43,舌左邊,0,0,0.1605152189731598
tip_middle_root_1_2_2,CNN,淡白,5,43,舌根,0,1,0.5169646739959717
tip_middle_root_1_2_2,CNN,淡白,5,47,舌中,0,0,0.40210017561912537
tip_middle_root_1_2_2,CNN,淡白,5,47,舌右邊,0,0,0.028255635872483253
tip_middle_root_1_2_2,CNN,淡白,5,47,舌尖,0,0,0.09238773584365845
tip_middle_root_1_2_2,CNN,淡白,5,47,舌左邊,0,0,0.18351994454860687
tip_middle_root_1_2_2,CNN,淡白,5,47,舌根,0,0,0.02920200489461422
tip_middle_root_1_2_2,CNN,淡白,5,51,舌中,0,1,0.7290781140327454
tip_middle_root_1_2_2,CNN,淡白,5,51,舌右邊,0,0,0.2880164384841919
tip_middle_root_1_2_2,CNN,淡白,5,51,舌尖,0,1,0.5602285265922546
tip_middle_root_1_2_2,CNN,淡白,5,51,舌左邊,0,0,0.06663645058870316
tip_middle_root_1_2_2,CNN,淡白,5,51,舌根,0,0,0.03275701776146889
tip_middle_root_1_2_2,CNN,淡白,5,58,舌中,1,1,0.6609868407249451
tip_middle_root_1_2_2,CNN,淡白,5,58,舌右邊,1,0,0.06963352859020233
tip_middle_root_1_2_2,CNN,淡白,5,58,舌左邊,1,0,0.1246587261557579
tip_middle_root_1_2_2,CNN,淡白,5,58,舌根,1,0,0.051287610083818436
tip_middle_root_1_2_2,CNN,淡白,5,6,舌中,0,1,0.5193909406661987
tip_middle_root_1_2_2,CNN,淡白,5,6,舌右邊,0,0,0.24689796566963196
tip_middle_root_1_2_2,CNN,淡白,5,6,舌尖,0,0,0.01111870352178812
tip_middle_root_1_2_2,CNN,淡白,5,6,舌左邊,0,0,0.1762142926454544
tip_middle_root_1_2_2,CNN,淡白,5,6,舌根,0,0,0.1107461228966713
tip_middle_root_1_2_2,CNN,淡白,5,74,舌中,0,0,0.4860856831073761
tip_middle_root_1_2_2,CNN,淡白,5,74,舌右邊,0,0,0.018090231344103813
tip_middle_root_1_2_2,CNN,淡白,5,74,舌尖,0,0,0.15855920314788818
tip_middle_root_1_2_2,CNN,淡白,5,74,舌左邊,0,0,0.03125844895839691
tip_middle_root_1_2_2,CNN,淡白,5,74,舌根,0,0,0.11971794813871384
tip_middle_root_1_2_2,CNN,淡白,5,75,舌中,0,0,0.48504045605659485
tip_middle_root_1_2_2,CNN,淡白,5,75,舌右邊,0,0,0.036280810832977295
tip_middle_root_1_2_2,CNN,淡白,5,75,舌尖,0,0,0.008517549373209476
tip_middle_root_1_2_2,CNN,淡白,5,75,舌左邊,0,0,0.12196137756109238
tip_middle_root_1_2_2,CNN,淡白,5,75,舌根,0,0,0.030773941427469254
tip_middle_root_1_2_2,CNN,淡白,5,8,舌中,0,1,0.7588666081428528
tip_middle_root_1_2_2,CNN,淡白,5,8,舌右邊,0,0,0.39091095328330994
tip_middle_root_1_2_2,CNN,淡白,5,8,舌尖,0,0,0.23805832862854004
tip_middle_root_1_2_2,CNN,淡白,5,8,舌左邊,0,1,0.6569895148277283
tip_middle_root_1_2_2,CNN,淡白,5,8,舌根,0,0,0.3870491087436676
tip_middle_root_1_2_2,CNN,淡白,5,86,舌中,0,0,0.49210408329963684
tip_middle_root_1_2_2,CNN,淡白,5,86,舌右邊,0,1,0.6616666913032532
tip_middle_root_1_2_2,CNN,淡白,5,86,舌尖,0,0,0.028285620734095573
tip_middle_root_1_2_2,CNN,淡白,5,86,舌左邊,0,0,0.3329499065876007
tip_middle_root_1_2_2,CNN,淡白,5,86,舌根,0,0,0.014575186185538769
tip_middle_root_1_2_2,CNN,淡白,5,87,舌中,0,0,0.07788572460412979
tip_middle_root_1_2_2,CNN,淡白,5,87,舌右邊,0,0,0.008004508912563324
tip_middle_root_1_2_2,CNN,淡白,5,87,舌尖,0,0,0.009592851623892784
tip_middle_root_1_2_2,CNN,淡白,5,87,舌左邊,0,0,0.03523267060518265
tip_middle_root_1_2_2,CNN,淡白,5,87,舌根,0,0,0.008302194997668266
tip_middle_root_1_2_2,CNN,淡白,5,99,舌中,0,0,0.277324378490448
tip_middle_root_1_2_2,CNN,淡白,5,99,舌右邊,0,0,0.023412900045514107
tip_middle_root_1_2_2,CNN,淡白,5,99,舌尖,0,0,0.005089751444756985
tip_middle_root_1_2_2,CNN,淡白,5,99,舌左邊,0,0,0.2457970529794693
tip_middle_root_1_2_2,CNN,淡白,5,99,舌根,0,0,0.15009456872940063
tip_middle_root_1_3_1,CNN,淡白,1,11,舌中,0,0,0.19675090909004211
tip_middle_root_1_3_1,CNN,淡白,1,11,舌右邊,0,0,0.08510496467351913
tip_middle_root_1_3_1,CNN,淡白,1,11,舌尖,0,0,0.09861646592617035
tip_middle_root_1_3_1,CNN,淡白,1,11,舌左邊,0,0,0.06833405792713165
tip_middle_root_1_3_1,CNN,淡白,1,11,舌根,0,1,0.5276464223861694
tip_middle_root_1_3_1,CNN,淡白,1,2,舌中,0,1,0.6304544806480408
tip_middle_root_1_3_1,CNN,淡白,1,2,舌右邊,0,0,0.10550634562969208
tip_middle_root_1_3_1,CNN,淡白,1,2,舌尖,0,0,0.062405556440353394
tip_middle_root_1_3_1,CNN,淡白,1,2,舌左邊,0,0,0.04925514757633209
tip_middle_root_1_3_1,CNN,淡白,1,2,舌根,0,0,0.2409396767616272
tip_middle_root_1_3_1,CNN,淡白,1,23,舌中,0,1,0.8028258681297302
tip_middle_root_1_3_1,CNN,淡白,1,23,舌右邊,0,1,0.6460420489311218
tip_middle_root_1_3_1,CNN,淡白,1,23,舌尖,0,0,0.06677643209695816
tip_middle_root_1_3_1,CNN,淡白,1,23,舌左邊,0,1,0.6897075772285461
tip_middle_root_1_3_1,CNN,淡白,1,23,舌根,0,1,0.5593911409378052
tip_middle_root_1_3_1,CNN,淡白,1,28,舌中,1,0,0.07430367171764374
tip_middle_root_1_3_1,CNN,淡白,1,28,舌右邊,1,0,0.4285510778427124
tip_middle_root_1_3_1,CNN,淡白,1,28,舌尖,0,0,0.20800839364528656
tip_middle_root_1_3_1,CNN,淡白,1,28,舌左邊,1,0,0.3296601176261902
tip_middle_root_1_3_1,CNN,淡白,1,28,舌根,1,0,0.4778468906879425
tip_middle_root_1_3_1,CNN,淡白,1,34,舌中,0,0,0.4876684248447418
tip_middle_root_1_3_1,CNN,淡白,1,34,舌右邊,0,0,0.3171631693840027
tip_middle_root_1_3_1,CNN,淡白,1,34,舌尖,0,0,0.11147517710924149
tip_middle_root_1_3_1,CNN,淡白,1,34,舌左邊,0,0,0.25831785798072815
tip_middle_root_1_3_1,CNN,淡白,1,34,舌根,0,1,0.5778912305831909
tip_middle_root_1_3_1,CNN,淡白,1,42,舌中,0,1,0.613400399684906
tip_middle_root_1_3_1,CNN,淡白,1,42,舌右邊,0,0,0.25034260749816895
tip_middle_root_1_3_1,CNN,淡白,1,42,舌尖,0,0,0.20474305748939514
tip_middle_root_1_3_1,CNN,淡白,1,42,舌左邊,0,0,0.4402265250682831
tip_middle_root_1_3_1,CNN,淡白,1,42,舌根,0,1,0.5059995055198669
tip_middle_root_1_3_1,CNN,淡白,1,49,舌中,0,1,0.7355385422706604
tip_middle_root_1_3_1,CNN,淡白,1,49,舌右邊,0,0,0.2785324156284332
tip_middle_root_1_3_1,CNN,淡白,1,49,舌尖,0,0,0.4378986060619354
tip_middle_root_1_3_1,CNN,淡白,1,49,舌左邊,0,0,0.47229844331741333
tip_middle_root_1_3_1,CNN,淡白,1,49,舌根,0,1,0.6612716913223267
tip_middle_root_1_3_1,CNN,淡白,1,53,舌中,0,0,0.24815843999385834
tip_middle_root_1_3_1,CNN,淡白,1,53,舌右邊,0,0,0.4921506345272064
tip_middle_root_1_3_1,CNN,淡白,1,53,舌尖,0,0,0.027747303247451782
tip_middle_root_1_3_1,CNN,淡白,1,53,舌左邊,0,0,0.3822171986103058
tip_middle_root_1_3_1,CNN,淡白,1,53,舌根,0,0,0.21578335762023926
tip_middle_root_1_3_1,CNN,淡白,1,57,舌中,0,1,0.6316216588020325
tip_middle_root_1_3_1,CNN,淡白,1,57,舌右邊,0,1,0.6004725694656372
tip_middle_root_1_3_1,CNN,淡白,1,57,舌尖,0,0,0.003219881560653448
tip_middle_root_1_3_1,CNN,淡白,1,57,舌左邊,0,0,0.09135393798351288
tip_middle_root_1_3_1,CNN,淡白,1,57,舌根,0,0,0.3461841940879822
tip_middle_root_1_3_1,CNN,淡白,1,63,舌中,0,0,0.4458530843257904
tip_middle_root_1_3_1,CNN,淡白,1,63,舌右邊,0,1,0.551443874835968
tip_middle_root_1_3_1,CNN,淡白,1,63,舌尖,0,0,0.17157049477100372
tip_middle_root_1_3_1,CNN,淡白,1,63,舌左邊,0,0,0.04191116988658905
tip_middle_root_1_3_1,CNN,淡白,1,63,舌根,0,0,0.21768906712532043
tip_middle_root_1_3_1,CNN,淡白,1,65,舌中,0,0,0.029605265706777573
tip_middle_root_1_3_1,CNN,淡白,1,65,舌右邊,0,0,0.11856338381767273
tip_middle_root_1_3_1,CNN,淡白,1,65,舌尖,0,0,0.047537703067064285
tip_middle_root_1_3_1,CNN,淡白,1,65,舌左邊,0,0,0.3336135745048523
tip_middle_root_1_3_1,CNN,淡白,1,65,舌根,0,0,0.13249975442886353
tip_middle_root_1_3_1,CNN,淡白,1,66,舌中,0,0,0.040827441960573196
tip_middle_root_1_3_1,CNN,淡白,1,66,舌右邊,0,0,0.0447978749871254
tip_middle_root_1_3_1,CNN,淡白,1,66,舌尖,0,0,0.151536762714386
tip_middle_root_1_3_1,CNN,淡白,1,66,舌左邊,0,0,0.09973185509443283
tip_middle_root_1_3_1,CNN,淡白,1,66,舌根,0,1,0.9100014567375183
tip_middle_root_1_3_1,CNN,淡白,1,68,舌中,0,0,0.3355795443058014
tip_middle_root_1_3_1,CNN,淡白,1,68,舌右邊,0,1,0.5080938339233398
tip_middle_root_1_3_1,CNN,淡白,1,68,舌尖,0,0,0.3111094534397125
tip_middle_root_1_3_1,CNN,淡白,1,68,舌左邊,0,0,0.2465674728155136
tip_middle_root_1_3_1,CNN,淡白,1,68,舌根,0,0,0.048447851091623306
tip_middle_root_1_3_1,CNN,淡白,1,72,舌中,0,0,0.05592110753059387
tip_middle_root_1_3_1,CNN,淡白,1,72,舌右邊,0,0,0.09785596281290054
tip_middle_root_1_3_1,CNN,淡白,1,72,舌尖,0,0,0.044178880751132965
tip_middle_root_1_3_1,CNN,淡白,1,72,舌左邊,0,0,0.15193986892700195
tip_middle_root_1_3_1,CNN,淡白,1,72,舌根,0,0,0.04434774070978165
tip_middle_root_1_3_1,CNN,淡白,1,79,舌中,0,1,0.6387090682983398
tip_middle_root_1_3_1,CNN,淡白,1,79,舌右邊,0,0,0.05383675545454025
tip_middle_root_1_3_1,CNN,淡白,1,79,舌尖,0,0,0.07168553024530411
tip_middle_root_1_3_1,CNN,淡白,1,79,舌左邊,0,0,0.020308643579483032
tip_middle_root_1_3_1,CNN,淡白,1,79,舌根,0,0,0.47274646162986755
tip_middle_root_1_3_1,CNN,淡白,1,83,舌中,0,0,0.12236691266298294
tip_middle_root_1_3_1,CNN,淡白,1,83,舌右邊,0,0,0.046743232756853104
tip_middle_root_1_3_1,CNN,淡白,1,83,舌尖,0,0,0.06282226741313934
tip_middle_root_1_3_1,CNN,淡白,1,83,舌左邊,0,1,0.5288883447647095
tip_middle_root_1_3_1,CNN,淡白,1,83,舌根,0,0,0.026093199849128723
tip_middle_root_1_3_1,CNN,淡白,1,89,舌中,0,0,0.43916597962379456
tip_middle_root_1_3_1,CNN,淡白,1,89,舌右邊,0,0,0.06769454479217529
tip_middle_root_1_3_1,CNN,淡白,1,89,舌尖,0,0,0.0019827065989375114
tip_middle_root_1_3_1,CNN,淡白,1,89,舌左邊,0,0,0.21554645895957947
tip_middle_root_1_3_1,CNN,淡白,1,89,舌根,0,0,0.049943212419748306
tip_middle_root_1_3_1,CNN,淡白,1,90,舌中,0,1,0.554731547832489
tip_middle_root_1_3_1,CNN,淡白,1,90,舌右邊,0,0,0.1408795714378357
tip_middle_root_1_3_1,CNN,淡白,1,90,舌尖,0,0,0.21874164044857025
tip_middle_root_1_3_1,CNN,淡白,1,90,舌左邊,0,0,0.02792464569211006
tip_middle_root_1_3_1,CNN,淡白,1,90,舌根,0,1,0.6794440746307373
tip_middle_root_1_3_1,CNN,淡白,1,94,舌中,0,0,0.15179096162319183
tip_middle_root_1_3_1,CNN,淡白,1,94,舌右邊,0,0,0.09703224152326584
tip_middle_root_1_3_1,CNN,淡白,1,94,舌尖,0,0,0.15290284156799316
tip_middle_root_1_3_1,CNN,淡白,1,94,舌左邊,0,0,0.22279973328113556
tip_middle_root_1_3_1,CNN,淡白,1,94,舌根,0,0,0.4172227382659912
tip_middle_root_1_3_1,CNN,淡白,2,19,舌中,0,1,0.5733481049537659
tip_middle_root_1_3_1,CNN,淡白,2,19,舌右邊,0,0,0.11770549416542053
tip_middle_root_1_3_1,CNN,淡白,2,19,舌尖,0,0,0.13466854393482208
tip_middle_root_1_3_1,CNN,淡白,2,19,舌左邊,0,0,0.38125959038734436
tip_middle_root_1_3_1,CNN,淡白,2,19,舌根,0,0,0.17038847506046295
tip_middle_root_1_3_1,CNN,淡白,2,22,舌中,0,0,0.38257259130477905
tip_middle_root_1_3_1,CNN,淡白,2,22,舌右邊,0,0,0.415321946144104
tip_middle_root_1_3_1,CNN,淡白,2,22,舌尖,0,0,0.0814509317278862
tip_middle_root_1_3_1,CNN,淡白,2,22,舌左邊,0,0,0.23996049165725708
tip_middle_root_1_3_1,CNN,淡白,2,22,舌根,0,0,0.39646169543266296
tip_middle_root_1_3_1,CNN,淡白,2,24,舌中,0,1,0.6943284273147583
tip_middle_root_1_3_1,CNN,淡白,2,24,舌右邊,0,0,0.4776276648044586
tip_middle_root_1_3_1,CNN,淡白,2,24,舌尖,0,0,0.09969951957464218
tip_middle_root_1_3_1,CNN,淡白,2,24,舌左邊,0,0,0.43034568428993225
tip_middle_root_1_3_1,CNN,淡白,2,24,舌根,0,0,0.17822076380252838
tip_middle_root_1_3_1,CNN,淡白,2,26,舌中,0,0,0.44003918766975403
tip_middle_root_1_3_1,CNN,淡白,2,26,舌右邊,0,0,0.19922682642936707
tip_middle_root_1_3_1,CNN,淡白,2,26,舌尖,0,0,0.01979804039001465
tip_middle_root_1_3_1,CNN,淡白,2,26,舌左邊,0,0,0.09936923533678055
tip_middle_root_1_3_1,CNN,淡白,2,26,舌根,0,0,0.4314442276954651
tip_middle_root_1_3_1,CNN,淡白,2,3,舌中,0,1,0.7532763481140137
tip_middle_root_1_3_1,CNN,淡白,2,3,舌右邊,0,0,0.1292060911655426
tip_middle_root_1_3_1,CNN,淡白,2,3,舌尖,0,0,0.08059623092412949
tip_middle_root_1_3_1,CNN,淡白,2,3,舌左邊,0,0,0.3454626500606537
tip_middle_root_1_3_1,CNN,淡白,2,3,舌根,0,0,0.14490532875061035
tip_middle_root_1_3_1,CNN,淡白,2,46,舌中,0,1,0.552470862865448
tip_middle_root_1_3_1,CNN,淡白,2,46,舌右邊,0,0,0.3044906258583069
tip_middle_root_1_3_1,CNN,淡白,2,46,舌尖,0,0,0.12604916095733643
tip_middle_root_1_3_1,CNN,淡白,2,46,舌左邊,0,0,0.4483778476715088
tip_middle_root_1_3_1,CNN,淡白,2,46,舌根,0,0,0.2916809916496277
tip_middle_root_1_3_1,CNN,淡白,2,48,舌中,0,1,0.601411759853363
tip_middle_root_1_3_1,CNN,淡白,2,48,舌右邊,0,1,0.6520496010780334
tip_middle_root_1_3_1,CNN,淡白,2,48,舌尖,0,0,0.11075251549482346
tip_middle_root_1_3_1,CNN,淡白,2,48,舌左邊,0,1,0.7652353644371033
tip_middle_root_1_3_1,CNN,淡白,2,48,舌根,0,1,0.5113077163696289
tip_middle_root_1_3_1,CNN,淡白,2,52,舌中,0,1,0.5923261046409607
tip_middle_root_1_3_1,CNN,淡白,2,52,舌右邊,0,0,0.4882841110229492
tip_middle_root_1_3_1,CNN,淡白,2,52,舌尖,0,0,0.1658465415239334
tip_middle_root_1_3_1,CNN,淡白,2,52,舌左邊,0,0,0.39971911907196045
tip_middle_root_1_3_1,CNN,淡白,2,52,舌根,0,1,0.6618508100509644
tip_middle_root_1_3_1,CNN,淡白,2,55,舌中,0,1,0.5933946371078491
tip_middle_root_1_3_1,CNN,淡白,2,55,舌右邊,0,0,0.12844765186309814
tip_middle_root_1_3_1,CNN,淡白,2,55,舌尖,0,0,0.07593364268541336
tip_middle_root_1_3_1,CNN,淡白,2,55,舌左邊,0,0,0.31669750809669495
tip_middle_root_1_3_1,CNN,淡白,2,55,舌根,0,0,0.4060026705265045
tip_middle_root_1_3_1,CNN,淡白,2,56,舌中,0,1,0.7153968811035156
tip_middle_root_1_3_1,CNN,淡白,2,56,舌右邊,0,1,0.5209082961082458
tip_middle_root_1_3_1,CNN,淡白,2,56,舌尖,0,0,0.09143637865781784
tip_middle_root_1_3_1,CNN,淡白,2,56,舌左邊,0,1,0.6268934607505798
tip_middle_root_1_3_1,CNN,淡白,2,56,舌根,0,1,0.5667321085929871
tip_middle_root_1_3_1,CNN,淡白,2,61,舌中,0,1,0.556449830532074
tip_middle_root_1_3_1,CNN,淡白,2,61,舌右邊,0,0,0.340298593044281
tip_middle_root_1_3_1,CNN,淡白,2,61,舌尖,0,0,0.22853466868400574
tip_middle_root_1_3_1,CNN,淡白,2,61,舌左邊,0,0,0.4170486629009247
tip_middle_root_1_3_1,CNN,淡白,2,61,舌根,0,1,0.5198876857757568
tip_middle_root_1_3_1,CNN,淡白,2,67,舌中,0,1,0.6083061099052429
tip_middle_root_1_3_1,CNN,淡白,2,67,舌右邊,0,0,0.41000911593437195
tip_middle_root_1_3_1,CNN,淡白,2,67,舌尖,0,0,0.08593039214611053
tip_middle_root_1_3_1,CNN,淡白,2,67,舌左邊,0,0,0.1542898714542389
tip_middle_root_1_3_1,CNN,淡白,2,67,舌根,0,1,0.8661749362945557
tip_middle_root_1_3_1,CNN,淡白,2,73,舌中,0,0,0.41981586813926697
tip_middle_root_1_3_1,CNN,淡白,2,73,舌右邊,0,0,0.06478511542081833
tip_middle_root_1_3_1,CNN,淡白,2,73,舌尖,0,0,0.03701340779662132
tip_middle_root_1_3_1,CNN,淡白,2,73,舌左邊,0,0,0.08275997638702393
tip_middle_root_1_3_1,CNN,淡白,2,73,舌根,0,0,0.2024727463722229
tip_middle_root_1_3_1,CNN,淡白,2,76,舌中,0,0,0.18202859163284302
tip_middle_root_1_3_1,CNN,淡白,2,76,舌右邊,0,0,0.1029956117272377
tip_middle_root_1_3_1,CNN,淡白,2,76,舌尖,0,1,0.5063373446464539
tip_middle_root_1_3_1,CNN,淡白,2,76,舌左邊,0,1,0.7418138384819031
tip_middle_root_1_3_1,CNN,淡白,2,76,舌根,0,0,0.2552753984928131
tip_middle_root_1_3_1,CNN,淡白,2,85,舌中,0,0,0.23066365718841553
tip_middle_root_1_3_1,CNN,淡白,2,85,舌右邊,0,0,0.35779640078544617
tip_middle_root_1_3_1,CNN,淡白,2,85,舌尖,0,0,0.06298792362213135
tip_middle_root_1_3_1,CNN,淡白,2,85,舌左邊,0,0,0.34987473487854004
tip_middle_root_1_3_1,CNN,淡白,2,85,舌根,0,0,0.48266568779945374
tip_middle_root_1_3_1,CNN,淡白,2,88,舌中,0,1,0.5329002737998962
tip_middle_root_1_3_1,CNN,淡白,2,88,舌右邊,0,1,0.604149341583252
tip_middle_root_1_3_1,CNN,淡白,2,88,舌尖,0,0,0.30961713194847107
tip_middle_root_1_3_1,CNN,淡白,2,88,舌左邊,0,1,0.7009089589118958
tip_middle_root_1_3_1,CNN,淡白,2,88,舌根,0,0,0.48528435826301575
tip_middle_root_1_3_1,CNN,淡白,2,91,舌右邊,1,1,0.5491684079170227
tip_middle_root_1_3_1,CNN,淡白,2,91,舌尖,1,0,0.24733546376228333
tip_middle_root_1_3_1,CNN,淡白,2,91,舌左邊,1,1,0.5034552812576294
tip_middle_root_1_3_1,CNN,淡白,2,92,舌中,0,0,0.4758547842502594
tip_middle_root_1_3_1,CNN,淡白,2,92,舌右邊,0,0,0.37431448698043823
tip_middle_root_1_3_1,CNN,淡白,2,92,舌尖,0,0,0.057901531457901
tip_middle_root_1_3_1,CNN,淡白,2,92,舌左邊,0,1,0.5104964971542358
tip_middle_root_1_3_1,CNN,淡白,2,92,舌根,0,0,0.4380422830581665
tip_middle_root_1_3_1,CNN,淡白,2,97,舌中,0,0,0.3754078149795532
tip_middle_root_1_3_1,CNN,淡白,2,97,舌右邊,0,0,0.36992767453193665
tip_middle_root_1_3_1,CNN,淡白,2,97,舌尖,0,0,0.11364906281232834
tip_middle_root_1_3_1,CNN,淡白,2,97,舌左邊,0,0,0.4817028343677521
tip_middle_root_1_3_1,CNN,淡白,2,97,舌根,0,0,0.19038978219032288
tip_middle_root_1_3_1,CNN,淡白,3,1,舌中,0,1,0.5193817615509033
tip_middle_root_1_3_1,CNN,淡白,3,1,舌右邊,0,0,0.23890997469425201
tip_middle_root_1_3_1,CNN,淡白,3,1,舌尖,0,1,0.549543023109436
tip_middle_root_1_3_1,CNN,淡白,3,1,舌左邊,0,0,0.1403634250164032
tip_middle_root_1_3_1,CNN,淡白,3,1,舌根,0,0,0.27185332775115967
tip_middle_root_1_3_1,CNN,淡白,3,33,舌中,0,0,0.43855342268943787
tip_middle_root_1_3_1,CNN,淡白,3,33,舌右邊,0,0,0.27768006920814514
tip_middle_root_1_3_1,CNN,淡白,3,33,舌尖,0,0,0.11412222683429718
tip_middle_root_1_3_1,CNN,淡白,3,33,舌左邊,0,0,0.32208558917045593
tip_middle_root_1_3_1,CNN,淡白,3,33,舌根,0,1,0.561052143573761
tip_middle_root_1_3_1,CNN,淡白,3,35,舌中,0,1,0.5635145306587219
tip_middle_root_1_3_1,CNN,淡白,3,35,舌右邊,0,0,0.35670793056488037
tip_middle_root_1_3_1,CNN,淡白,3,35,舌尖,0,0,0.033390626311302185
tip_middle_root_1_3_1,CNN,淡白,3,35,舌左邊,0,0,0.4742733836174011
tip_middle_root_1_3_1,CNN,淡白,3,35,舌根,0,0,0.3545458912849426
tip_middle_root_1_3_1,CNN,淡白,3,36,舌中,0,1,0.6891533732414246
tip_middle_root_1_3_1,CNN,淡白,3,36,舌尖,0,0,0.07065152376890182
tip_middle_root_1_3_1,CNN,淡白,3,36,舌根,0,0,0.42960891127586365
tip_middle_root_1_3_1,CNN,淡白,3,39,舌中,0,1,0.6685769557952881
tip_middle_root_1_3_1,CNN,淡白,3,39,舌右邊,0,0,0.4484308660030365
tip_middle_root_1_3_1,CNN,淡白,3,39,舌尖,0,0,0.25591591000556946
tip_middle_root_1_3_1,CNN,淡白,3,39,舌左邊,0,0,0.29716676473617554
tip_middle_root_1_3_1,CNN,淡白,3,39,舌根,0,0,0.15482886135578156
tip_middle_root_1_3_1,CNN,淡白,3,40,舌中,0,0,0.3421470522880554
tip_middle_root_1_3_1,CNN,淡白,3,40,舌右邊,0,0,0.1362149715423584
tip_middle_root_1_3_1,CNN,淡白,3,40,舌尖,0,0,0.07469473779201508
tip_middle_root_1_3_1,CNN,淡白,3,40,舌左邊,0,0,0.283372700214386
tip_middle_root_1_3_1,CNN,淡白,3,40,舌根,0,0,0.3312973976135254
tip_middle_root_1_3_1,CNN,淡白,3,44,舌中,0,1,0.5240281224250793
tip_middle_root_1_3_1,CNN,淡白,3,44,舌右邊,0,1,0.5786418318748474
tip_middle_root_1_3_1,CNN,淡白,3,44,舌尖,0,0,0.07720552384853363
tip_middle_root_1_3_1,CNN,淡白,3,44,舌左邊,0,1,0.8020347356796265
tip_middle_root_1_3_1,CNN,淡白,3,44,舌根,0,1,0.7218464016914368
tip_middle_root_1_3_1,CNN,淡白,3,45,舌中,0,1,0.6645001769065857
tip_middle_root_1_3_1,CNN,淡白,3,45,舌右邊,0,1,0.6528782248497009
tip_middle_root_1_3_1,CNN,淡白,3,45,舌尖,0,0,0.2018536478281021
tip_middle_root_1_3_1,CNN,淡白,3,45,舌左邊,0,0,0.2881072461605072
tip_middle_root_1_3_1,CNN,淡白,3,45,舌根,0,1,0.8073070645332336
tip_middle_root_1_3_1,CNN,淡白,3,5,舌左邊,1,0,0.394341379404068
tip_middle_root_1_3_1,CNN,淡白,3,60,舌中,0,1,0.7335706949234009
tip_middle_root_1_3_1,CNN,淡白,3,60,舌右邊,0,0,0.3359014093875885
tip_middle_root_1_3_1,CNN,淡白,3,60,舌尖,0,0,0.06323779374361038
tip_middle_root_1_3_1,CNN,淡白,3,60,舌左邊,0,1,0.5995259881019592
tip_middle_root_1_3_1,CNN,淡白,3,60,舌根,0,1,0.5920761823654175
tip_middle_root_1_3_1,CNN,淡白,3,64,舌中,0,0,0.4769352376461029
tip_middle_root_1_3_1,CNN,淡白,3,64,舌右邊,0,0,0.4218875467777252
tip_middle_root_1_3_1,CNN,淡白,3,64,舌尖,0,0,0.16102389991283417
tip_middle_root_1_3_1,CNN,淡白,3,64,舌左邊,0,0,0.43706008791923523
tip_middle_root_1_3_1,CNN,淡白,3,64,舌根,0,0,0.33736467361450195
tip_middle_root_1_3_1,CNN,淡白,3,69,舌中,0,1,0.6159483790397644
tip_middle_root_1_3_1,CNN,淡白,3,69,舌右邊,0,1,0.5200353264808655
tip_middle_root_1_3_1,CNN,淡白,3,69,舌尖,0,0,0.2680826783180237
tip_middle_root_1_3_1,CNN,淡白,3,69,舌左邊,0,1,0.5610167384147644
tip_middle_root_1_3_1,CNN,淡白,3,69,舌根,0,0,0.47843873500823975
tip_middle_root_1_3_1,CNN,淡白,3,70,舌中,0,1,0.56039959192276
tip_middle_root_1_3_1,CNN,淡白,3,70,舌右邊,0,1,0.7677868008613586
tip_middle_root_1_3_1,CNN,淡白,3,70,舌尖,0,0,0.09950423240661621
tip_middle_root_1_3_1,CNN,淡白,3,70,舌左邊,0,0,0.49626702070236206
tip_middle_root_1_3_1,CNN,淡白,3,70,舌根,0,0,0.452629417181015
tip_middle_root_1_3_1,CNN,淡白,3,77,舌中,0,1,0.6150667667388916
tip_middle_root_1_3_1,CNN,淡白,3,77,舌右邊,0,0,0.40297266840934753
tip_middle_root_1_3_1,CNN,淡白,3,77,舌尖,0,0,0.11305046826601028
tip_middle_root_1_3_1,CNN,淡白,3,77,舌左邊,0,0,0.22742371261119843
tip_middle_root_1_3_1,CNN,淡白,3,77,舌根,0,1,0.7674906253814697
tip_middle_root_1_3_1,CNN,淡白,3,80,舌中,0,0,0.18782661855220795
tip_middle_root_1_3_1,CNN,淡白,3,80,舌右邊,0,0,0.2506544291973114
tip_middle_root_1_3_1,CNN,淡白,3,80,舌尖,0,0,0.13869066536426544
tip_middle_root_1_3_1,CNN,淡白,3,80,舌左邊,0,0,0.1298070102930069
tip_middle_root_1_3_1,CNN,淡白,3,80,舌根,0,0,0.2963884174823761
tip_middle_root_1_3_1,CNN,淡白,3,82,舌中,0,0,0.41016480326652527
tip_middle_root_1_3_1,CNN,淡白,3,82,舌右邊,0,0,0.13514843583106995
tip_middle_root_1_3_1,CNN,淡白,3,82,舌尖,0,0,0.09495843201875687
tip_middle_root_1_3_1,CNN,淡白,3,82,舌左邊,0,0,0.469504714012146
tip_middle_root_1_3_1,CNN,淡白,3,82,舌根,0,1,0.7483242750167847
tip_middle_root_1_3_1,CNN,淡白,3,84,舌中,0,1,0.7028098106384277
tip_middle_root_1_3_1,CNN,淡白,3,84,舌尖,0,1,0.5326074361801147
tip_middle_root_1_3_1,CNN,淡白,3,84,舌左邊,0,1,0.883254885673523
tip_middle_root_1_3_1,CNN,淡白,3,84,舌根,0,1,0.5007323026657104
tip_middle_root_1_3_1,CNN,淡白,3,9,舌中,0,1,0.6181547045707703
tip_middle_root_1_3_1,CNN,淡白,3,9,舌右邊,0,1,0.7117749452590942
tip_middle_root_1_3_1,CNN,淡白,3,9,舌尖,0,0,0.0730709359049797
tip_middle_root_1_3_1,CNN,淡白,3,9,舌左邊,0,1,0.5704551339149475
tip_middle_root_1_3_1,CNN,淡白,3,9,舌根,0,0,0.4242113530635834
tip_middle_root_1_3_1,CNN,淡白,3,93,舌中,0,0,0.1775573343038559
tip_middle_root_1_3_1,CNN,淡白,3,93,舌右邊,0,0,0.29460999369621277
tip_middle_root_1_3_1,CNN,淡白,3,93,舌尖,0,0,0.24855205416679382
tip_middle_root_1_3_1,CNN,淡白,3,93,舌左邊,0,0,0.3222871422767639
tip_middle_root_1_3_1,CNN,淡白,3,93,舌根,0,0,0.10997684299945831
tip_middle_root_1_3_1,CNN,淡白,3,96,舌中,0,1,0.558696985244751
tip_middle_root_1_3_1,CNN,淡白,3,96,舌右邊,0,1,0.5710476040840149
tip_middle_root_1_3_1,CNN,淡白,3,96,舌尖,0,0,0.08093133568763733
tip_middle_root_1_3_1,CNN,淡白,3,96,舌左邊,0,1,0.5013659000396729
tip_middle_root_1_3_1,CNN,淡白,3,96,舌根,0,1,0.6419041752815247
tip_middle_root_1_3_1,CNN,淡白,4,10,舌中,0,0,0.2256818264722824
tip_middle_root_1_3_1,CNN,淡白,4,10,舌右邊,0,0,0.041841380298137665
tip_middle_root_1_3_1,CNN,淡白,4,10,舌尖,0,0,0.0033483426086604595
tip_middle_root_1_3_1,CNN,淡白,4,10,舌左邊,0,0,0.17744697630405426
tip_middle_root_1_3_1,CNN,淡白,4,10,舌根,0,0,0.17354319989681244
tip_middle_root_1_3_1,CNN,淡白,4,12,舌中,0,0,0.2891136705875397
tip_middle_root_1_3_1,CNN,淡白,4,12,舌右邊,0,0,0.06756005436182022
tip_middle_root_1_3_1,CNN,淡白,4,12,舌尖,0,0,0.020534122362732887
tip_middle_root_1_3_1,CNN,淡白,4,12,舌左邊,0,0,0.09317699074745178
tip_middle_root_1_3_1,CNN,淡白,4,12,舌根,0,1,0.7794302105903625
tip_middle_root_1_3_1,CNN,淡白,4,13,舌右邊,0,0,0.2633751332759857
tip_middle_root_1_3_1,CNN,淡白,4,13,舌尖,0,0,0.07844259589910507
tip_middle_root_1_3_1,CNN,淡白,4,13,舌左邊,0,0,0.056981008499860764
tip_middle_root_1_3_1,CNN,淡白,4,15,舌中,0,0,0.06572888046503067
tip_middle_root_1_3_1,CNN,淡白,4,15,舌右邊,0,0,0.10372207313776016
tip_middle_root_1_3_1,CNN,淡白,4,15,舌尖,0,0,0.1429183930158615
tip_middle_root_1_3_1,CNN,淡白,4,15,舌左邊,0,0,0.037023767828941345
tip_middle_root_1_3_1,CNN,淡白,4,15,舌根,0,1,0.7101776599884033
tip_middle_root_1_3_1,CNN,淡白,4,16,舌中,1,0,0.047305211424827576
tip_middle_root_1_3_1,CNN,淡白,4,16,舌右邊,1,0,0.3320249021053314
tip_middle_root_1_3_1,CNN,淡白,4,16,舌尖,1,0,0.23057910799980164
tip_middle_root_1_3_1,CNN,淡白,4,16,舌左邊,1,1,0.5435323715209961
tip_middle_root_1_3_1,CNN,淡白,4,16,舌根,1,1,0.8296645283699036
tip_middle_root_1_3_1,CNN,淡白,4,20,舌中,0,1,0.7267444729804993
tip_middle_root_1_3_1,CNN,淡白,4,20,舌尖,0,0,0.003883122466504574
tip_middle_root_1_3_1,CNN,淡白,4,20,舌根,0,1,0.5291699767112732
tip_middle_root_1_3_1,CNN,淡白,4,21,舌中,0,0,0.46307289600372314
tip_middle_root_1_3_1,CNN,淡白,4,21,舌右邊,0,1,0.686417281627655
tip_middle_root_1_3_1,CNN,淡白,4,21,舌尖,0,0,0.33278849720954895
tip_middle_root_1_3_1,CNN,淡白,4,21,舌左邊,0,0,0.09823386371135712
tip_middle_root_1_3_1,CNN,淡白,4,21,舌根,0,1,0.6700431108474731
tip_middle_root_1_3_1,CNN,淡白,4,25,舌中,0,1,0.5031740069389343
tip_middle_root_1_3_1,CNN,淡白,4,25,舌右邊,0,0,0.10031026601791382
tip_middle_root_1_3_1,CNN,淡白,4,25,舌尖,0,0,0.24580730497837067
tip_middle_root_1_3_1,CNN,淡白,4,25,舌左邊,0,0,0.22351913154125214
tip_middle_root_1_3_1,CNN,淡白,4,25,舌根,0,1,0.7670809030532837
tip_middle_root_1_3_1,CNN,淡白,4,32,舌中,0,1,0.572992205619812
tip_middle_root_1_3_1,CNN,淡白,4,32,舌右邊,0,0,0.22512510418891907
tip_middle_root_1_3_1,CNN,淡白,4,32,舌尖,0,0,0.030794626101851463
tip_middle_root_1_3_1,CNN,淡白,4,32,舌左邊,0,1,0.5762448906898499
tip_middle_root_1_3_1,CNN,淡白,4,32,舌根,0,1,0.7246293425559998
tip_middle_root_1_3_1,CNN,淡白,4,38,舌中,0,0,0.1974283754825592
tip_middle_root_1_3_1,CNN,淡白,4,38,舌右邊,0,1,0.72892826795578
tip_middle_root_1_3_1,CNN,淡白,4,38,舌尖,0,0,0.07141748815774918
tip_middle_root_1_3_1,CNN,淡白,4,38,舌左邊,0,1,0.6033803820610046
tip_middle_root_1_3_1,CNN,淡白,4,38,舌根,0,0,0.4646502435207367
tip_middle_root_1_3_1,CNN,淡白,4,4,舌中,0,0,0.06578066945075989
tip_middle_root_1_3_1,CNN,淡白,4,4,舌右邊,0,0,0.03330489993095398
tip_middle_root_1_3_1,CNN,淡白,4,4,舌尖,0,0,0.12760592997074127
tip_middle_root_1_3_1,CNN,淡白,4,4,舌左邊,0,1,0.5876736044883728
tip_middle_root_1_3_1,CNN,淡白,4,4,舌根,0,0,0.33682960271835327
tip_middle_root_1_3_1,CNN,淡白,4,50,舌中,0,1,0.915557324886322
tip_middle_root_1_3_1,CNN,淡白,4,50,舌右邊,0,1,0.6910470724105835
tip_middle_root_1_3_1,CNN,淡白,4,50,舌尖,0,0,0.018306512385606766
tip_middle_root_1_3_1,CNN,淡白,4,50,舌左邊,0,1,0.6841731071472168
tip_middle_root_1_3_1,CNN,淡白,4,50,舌根,0,1,0.6707964539527893
tip_middle_root_1_3_1,CNN,淡白,4,54,舌中,0,0,0.1191059872508049
tip_middle_root_1_3_1,CNN,淡白,4,54,舌右邊,0,1,0.9077249765396118
tip_middle_root_1_3_1,CNN,淡白,4,54,舌尖,0,1,0.6415408253669739
tip_middle_root_1_3_1,CNN,淡白,4,54,舌左邊,0,1,0.8686227798461914
tip_middle_root_1_3_1,CNN,淡白,4,54,舌根,0,0,0.477940171957016
tip_middle_root_1_3_1,CNN,淡白,4,59,舌中,0,1,0.8147735595703125
tip_middle_root_1_3_1,CNN,淡白,4,59,舌右邊,0,0,0.2528979778289795
tip_middle_root_1_3_1,CNN,淡白,4,59,舌尖,0,0,0.010158858262002468
tip_middle_root_1_3_1,CNN,淡白,4,59,舌左邊,0,0,0.41823500394821167
tip_middle_root_1_3_1,CNN,淡白,4,59,舌根,0,1,0.9601190090179443
tip_middle_root_1_3_1,CNN,淡白,4,62,舌中,0,0,0.1592835932970047
tip_middle_root_1_3_1,CNN,淡白,4,62,舌右邊,0,0,0.21036379039287567
tip_middle_root_1_3_1,CNN,淡白,4,62,舌尖,0,0,0.24235162138938904
tip_middle_root_1_3_1,CNN,淡白,4,62,舌左邊,0,0,0.12058444321155548
tip_middle_root_1_3_1,CNN,淡白,4,62,舌根,0,0,0.3877059817314148
tip_middle_root_1_3_1,CNN,淡白,4,71,舌中,0,0,0.059403691440820694
tip_middle_root_1_3_1,CNN,淡白,4,71,舌右邊,0,1,0.5099803805351257
tip_middle_root_1_3_1,CNN,淡白,4,71,舌尖,0,0,0.0063191866502165794
tip_middle_root_1_3_1,CNN,淡白,4,71,舌左邊,0,1,0.604164183139801
tip_middle_root_1_3_1,CNN,淡白,4,71,舌根,0,1,0.507270872592926
tip_middle_root_1_3_1,CNN,淡白,4,78,舌中,0,1,0.6511881351470947
tip_middle_root_1_3_1,CNN,淡白,4,78,舌右邊,0,0,0.2796690762042999
tip_middle_root_1_3_1,CNN,淡白,4,78,舌尖,0,0,0.15874168276786804
tip_middle_root_1_3_1,CNN,淡白,4,78,舌左邊,0,1,0.8160800933837891
tip_middle_root_1_3_1,CNN,淡白,4,78,舌根,0,0,0.40176790952682495
tip_middle_root_1_3_1,CNN,淡白,4,81,舌中,0,0,0.2604169547557831
tip_middle_root_1_3_1,CNN,淡白,4,81,舌右邊,0,0,0.19340254366397858
tip_middle_root_1_3_1,CNN,淡白,4,81,舌尖,0,1,0.6819677948951721
tip_middle_root_1_3_1,CNN,淡白,4,81,舌左邊,0,0,0.08190710842609406
tip_middle_root_1_3_1,CNN,淡白,4,81,舌根,0,0,0.42311617732048035
tip_middle_root_1_3_1,CNN,淡白,4,95,舌中,0,0,0.1453857570886612
tip_middle_root_1_3_1,CNN,淡白,4,95,舌右邊,0,0,0.36401018500328064
tip_middle_root_1_3_1,CNN,淡白,4,95,舌尖,0,0,0.04791861027479172
tip_middle_root_1_3_1,CNN,淡白,4,95,舌左邊,0,1,0.688356876373291
tip_middle_root_1_3_1,CNN,淡白,4,95,舌根,0,0,0.11179539561271667
tip_middle_root_1_3_1,CNN,淡白,4,98,舌中,0,0,0.0397656224668026
tip_middle_root_1_3_1,CNN,淡白,4,98,舌右邊,0,1,0.5726186633110046
tip_middle_root_1_3_1,CNN,淡白,4,98,舌尖,0,0,0.08199787139892578
tip_middle_root_1_3_1,CNN,淡白,4,98,舌左邊,0,1,0.7800056338310242
tip_middle_root_1_3_1,CNN,淡白,4,98,舌根,0,1,0.8176846504211426
tip_middle_root_1_3_1,CNN,淡白,5,100,舌中,0,0,0.1511232554912567
tip_middle_root_1_3_1,CNN,淡白,5,100,舌右邊,0,1,0.7198495864868164
tip_middle_root_1_3_1,CNN,淡白,5,100,舌尖,0,0,0.08048069477081299
tip_middle_root_1_3_1,CNN,淡白,5,100,舌左邊,0,1,0.7227603197097778
tip_middle_root_1_3_1,CNN,淡白,5,100,舌根,0,0,0.19629164040088654
tip_middle_root_1_3_1,CNN,淡白,5,14,舌中,0,0,0.19622088968753815
tip_middle_root_1_3_1,CNN,淡白,5,14,舌右邊,0,0,0.292634516954422
tip_middle_root_1_3_1,CNN,淡白,5,14,舌左邊,0,0,0.2855675220489502
tip_middle_root_1_3_1,CNN,淡白,5,14,舌根,0,0,0.3456454277038574
tip_middle_root_1_3_1,CNN,淡白,5,17,舌中,0,1,0.6847338676452637
tip_middle_root_1_3_1,CNN,淡白,5,17,舌右邊,0,0,0.038822390139102936
tip_middle_root_1_3_1,CNN,淡白,5,17,舌尖,0,0,0.052448663860559464
tip_middle_root_1_3_1,CNN,淡白,5,17,舌左邊,0,0,0.07141993939876556
tip_middle_root_1_3_1,CNN,淡白,5,17,舌根,0,1,0.5036135315895081
tip_middle_root_1_3_1,CNN,淡白,5,18,舌中,0,1,0.6861454844474792
tip_middle_root_1_3_1,CNN,淡白,5,18,舌右邊,0,0,0.09622938185930252
tip_middle_root_1_3_1,CNN,淡白,5,18,舌尖,0,0,0.03097258135676384
tip_middle_root_1_3_1,CNN,淡白,5,18,舌左邊,0,0,0.2168944925069809
tip_middle_root_1_3_1,CNN,淡白,5,18,舌根,0,0,0.31535738706588745
tip_middle_root_1_3_1,CNN,淡白,5,27,舌中,0,0,0.36972320079803467
tip_middle_root_1_3_1,CNN,淡白,5,27,舌根,0,1,0.694438099861145
tip_middle_root_1_3_1,CNN,淡白,5,29,舌中,0,1,0.5954381227493286
tip_middle_root_1_3_1,CNN,淡白,5,29,舌右邊,0,0,0.3119564652442932
tip_middle_root_1_3_1,CNN,淡白,5,29,舌尖,0,0,0.4092128574848175
tip_middle_root_1_3_1,CNN,淡白,5,29,舌左邊,0,1,0.7037873268127441
tip_middle_root_1_3_1,CNN,淡白,5,29,舌根,0,0,0.3145520091056824
tip_middle_root_1_3_1,CNN,淡白,5,31,舌中,0,0,0.4931679368019104
tip_middle_root_1_3_1,CNN,淡白,5,31,舌右邊,0,0,0.3839493691921234
tip_middle_root_1_3_1,CNN,淡白,5,31,舌尖,0,0,0.07111767679452896
tip_middle_root_1_3_1,CNN,淡白,5,31,舌左邊,0,0,0.042842328548431396
tip_middle_root_1_3_1,CNN,淡白,5,31,舌根,0,0,0.17766712605953217
tip_middle_root_1_3_1,CNN,淡白,5,37,舌中,0,0,0.44577157497406006
tip_middle_root_1_3_1,CNN,淡白,5,37,舌右邊,0,0,0.19204294681549072
tip_middle_root_1_3_1,CNN,淡白,5,37,舌尖,0,0,0.008658974431455135
tip_middle_root_1_3_1,CNN,淡白,5,37,舌左邊,0,0,0.0691605880856514
tip_middle_root_1_3_1,CNN,淡白,5,37,舌根,0,1,0.7216280698776245
tip_middle_root_1_3_1,CNN,淡白,5,41,舌中,0,1,0.7767351269721985
tip_middle_root_1_3_1,CNN,淡白,5,41,舌右邊,0,1,0.6693734526634216
tip_middle_root_1_3_1,CNN,淡白,5,41,舌尖,0,1,0.5241804122924805
tip_middle_root_1_3_1,CNN,淡白,5,41,舌左邊,0,0,0.2562287747859955
tip_middle_root_1_3_1,CNN,淡白,5,41,舌根,0,0,0.3670027256011963
tip_middle_root_1_3_1,CNN,淡白,5,43,舌中,0,1,0.5530964136123657
tip_middle_root_1_3_1,CNN,淡白,5,43,舌右邊,0,0,0.2705099582672119
tip_middle_root_1_3_1,CNN,淡白,5,43,舌尖,0,0,0.02910211868584156
tip_middle_root_1_3_1,CNN,淡白,5,43,舌左邊,0,0,0.09612669050693512
tip_middle_root_1_3_1,CNN,淡白,5,43,舌根,0,1,0.580086886882782
tip_middle_root_1_3_1,CNN,淡白,5,47,舌中,0,0,0.20488639175891876
tip_middle_root_1_3_1,CNN,淡白,5,47,舌右邊,0,0,0.13238507509231567
tip_middle_root_1_3_1,CNN,淡白,5,47,舌尖,0,0,0.10165435075759888
tip_middle_root_1_3_1,CNN,淡白,5,47,舌左邊,0,0,0.07200253754854202
tip_middle_root_1_3_1,CNN,淡白,5,47,舌根,0,0,0.2420600950717926
tip_middle_root_1_3_1,CNN,淡白,5,51,舌中,0,1,0.5177398324012756
tip_middle_root_1_3_1,CNN,淡白,5,51,舌右邊,0,1,0.5018103122711182
tip_middle_root_1_3_1,CNN,淡白,5,51,舌尖,0,0,0.43232277035713196
tip_middle_root_1_3_1,CNN,淡白,5,51,舌左邊,0,0,0.2717493176460266
tip_middle_root_1_3_1,CNN,淡白,5,51,舌根,0,0,0.17463135719299316
tip_middle_root_1_3_1,CNN,淡白,5,58,舌中,1,1,0.5293324589729309
tip_middle_root_1_3_1,CNN,淡白,5,58,舌右邊,1,1,0.775927722454071
tip_middle_root_1_3_1,CNN,淡白,5,58,舌左邊,1,0,0.47279053926467896
tip_middle_root_1_3_1,CNN,淡白,5,58,舌根,1,0,0.15615294873714447
tip_middle_root_1_3_1,CNN,淡白,5,6,舌中,0,0,0.044468361884355545
tip_middle_root_1_3_1,CNN,淡白,5,6,舌右邊,0,0,0.20265167951583862
tip_middle_root_1_3_1,CNN,淡白,5,6,舌尖,0,0,0.04955282062292099
tip_middle_root_1_3_1,CNN,淡白,5,6,舌左邊,0,0,0.4003307819366455
tip_middle_root_1_3_1,CNN,淡白,5,6,舌根,0,0,0.42243969440460205
tip_middle_root_1_3_1,CNN,淡白,5,74,舌中,0,1,0.6628754138946533
tip_middle_root_1_3_1,CNN,淡白,5,74,舌右邊,0,0,0.32031089067459106
tip_middle_root_1_3_1,CNN,淡白,5,74,舌尖,0,0,0.024476710706949234
tip_middle_root_1_3_1,CNN,淡白,5,74,舌左邊,0,0,0.14140348136425018
tip_middle_root_1_3_1,CNN,淡白,5,74,舌根,0,0,0.3118610382080078
tip_middle_root_1_3_1,CNN,淡白,5,75,舌中,0,1,0.8013234734535217
tip_middle_root_1_3_1,CNN,淡白,5,75,舌右邊,0,0,0.2563229501247406
tip_middle_root_1_3_1,CNN,淡白,5,75,舌尖,0,0,0.02374882809817791
tip_middle_root_1_3_1,CNN,淡白,5,75,舌左邊,0,0,0.4777158498764038
tip_middle_root_1_3_1,CNN,淡白,5,75,舌根,0,1,0.5523310303688049
tip_middle_root_1_3_1,CNN,淡白,5,8,舌中,0,0,0.05986643210053444
tip_middle_root_1_3_1,CNN,淡白,5,8,舌右邊,0,1,0.5802332758903503
tip_middle_root_1_3_1,CNN,淡白,5,8,舌尖,0,0,0.22016125917434692
tip_middle_root_1_3_1,CNN,淡白,5,8,舌左邊,0,0,0.18367066979408264
tip_middle_root_1_3_1,CNN,淡白,5,8,舌根,0,1,0.7865913510322571
tip_middle_root_1_3_1,CNN,淡白,5,86,舌中,0,0,0.20279964804649353
tip_middle_root_1_3_1,CNN,淡白,5,86,舌右邊,0,1,0.5329276919364929
tip_middle_root_1_3_1,CNN,淡白,5,86,舌尖,0,0,0.01340449694544077
tip_middle_root_1_3_1,CNN,淡白,5,86,舌左邊,0,0,0.18342958390712738
tip_middle_root_1_3_1,CNN,淡白,5,86,舌根,0,0,0.0994899645447731
tip_middle_root_1_3_1,CNN,淡白,5,87,舌中,0,0,0.018672825768589973
tip_middle_root_1_3_1,CNN,淡白,5,87,舌右邊,0,0,0.4200247824192047
tip_middle_root_1_3_1,CNN,淡白,5,87,舌尖,0,0,0.01652715355157852
tip_middle_root_1_3_1,CNN,淡白,5,87,舌左邊,0,0,0.41092804074287415
tip_middle_root_1_3_1,CNN,淡白,5,87,舌根,0,0,0.04706328734755516
tip_middle_root_1_3_1,CNN,淡白,5,99,舌中,0,0,0.24978628754615784
tip_middle_root_1_3_1,CNN,淡白,5,99,舌右邊,0,0,0.20426547527313232
tip_middle_root_1_3_1,CNN,淡白,5,99,舌尖,0,0,0.014737840741872787
tip_middle_root_1_3_1,CNN,淡白,5,99,舌左邊,0,0,0.35361477732658386
tip_middle_root_1_3_1,CNN,淡白,5,99,舌根,0,0,0.19128933548927307
tip_middle_root_1_2_2,CNN,鮮紅,1,1,舌中,0,0,0.04642179608345032
tip_middle_root_1_2_2,CNN,鮮紅,1,1,舌右邊,0,1,0.6105534434318542
tip_middle_root_1_2_2,CNN,鮮紅,1,1,舌尖,0,0,0.26350703835487366
tip_middle_root_1_2_2,CNN,鮮紅,1,1,舌左邊,0,0,0.4093921184539795
tip_middle_root_1_2_2,CNN,鮮紅,1,1,舌根,0,0,0.07031641155481339
tip_middle_root_1_2_2,CNN,鮮紅,1,12,舌中,0,1,0.5266780853271484
tip_middle_root_1_2_2,CNN,鮮紅,1,12,舌右邊,0,1,0.8880559802055359
tip_middle_root_1_2_2,CNN,鮮紅,1,12,舌尖,0,1,0.889333963394165
tip_middle_root_1_2_2,CNN,鮮紅,1,12,舌左邊,0,1,0.7359932065010071
tip_middle_root_1_2_2,CNN,鮮紅,1,12,舌根,0,1,0.8034493327140808
tip_middle_root_1_2_2,CNN,鮮紅,1,24,舌中,0,0,0.3140972852706909
tip_middle_root_1_2_2,CNN,鮮紅,1,24,舌右邊,0,0,0.35494962334632874
tip_middle_root_1_2_2,CNN,鮮紅,1,24,舌尖,0,0,0.09708993881940842
tip_middle_root_1_2_2,CNN,鮮紅,1,24,舌左邊,0,0,0.3967513144016266
tip_middle_root_1_2_2,CNN,鮮紅,1,24,舌根,0,0,0.1166834682226181
tip_middle_root_1_2_2,CNN,鮮紅,1,27,舌中,0,1,0.5672949552536011
tip_middle_root_1_2_2,CNN,鮮紅,1,27,舌右邊,0,1,0.6342644691467285
tip_middle_root_1_2_2,CNN,鮮紅,1,27,舌尖,0,0,0.38210156559944153
tip_middle_root_1_2_2,CNN,鮮紅,1,27,舌左邊,0,1,0.8029811978340149
tip_middle_root_1_2_2,CNN,鮮紅,1,27,舌根,0,0,0.10509822517633438
tip_middle_root_1_2_2,CNN,鮮紅,1,3,舌中,0,0,0.2593507766723633
tip_middle_root_1_2_2,CNN,鮮紅,1,3,舌右邊,0,1,0.7776207327842712
tip_middle_root_1_2_2,CNN,鮮紅,1,3,舌尖,0,1,0.7835001945495605
tip_middle_root_1_2_2,CNN,鮮紅,1,3,舌左邊,0,1,0.8342095613479614
tip_middle_root_1_2_2,CNN,鮮紅,1,3,舌根,0,0,0.3172699511051178
tip_middle_root_1_2_2,CNN,鮮紅,1,31,舌右邊,1,1,0.6775497794151306
tip_middle_root_1_2_2,CNN,鮮紅,1,31,舌尖,1,1,0.7439373135566711
tip_middle_root_1_2_2,CNN,鮮紅,1,31,舌左邊,1,1,0.7220092415809631
tip_middle_root_1_2_2,CNN,鮮紅,1,37,舌中,0,0,0.2352926880121231
tip_middle_root_1_2_2,CNN,鮮紅,1,37,舌右邊,0,1,0.7575637102127075
tip_middle_root_1_2_2,CNN,鮮紅,1,37,舌尖,0,0,0.4643014073371887
tip_middle_root_1_2_2,CNN,鮮紅,1,37,舌左邊,0,0,0.4599519968032837
tip_middle_root_1_2_2,CNN,鮮紅,1,37,舌根,0,0,0.3014332950115204
tip_middle_root_1_2_2,CNN,鮮紅,1,40,舌右邊,1,1,0.7805880308151245
tip_middle_root_1_2_2,CNN,鮮紅,1,40,舌左邊,1,1,0.7140167355537415
tip_middle_root_1_2_2,CNN,鮮紅,1,42,舌右邊,1,1,0.9113077521324158
tip_middle_root_1_2_2,CNN,鮮紅,1,42,舌尖,1,1,0.5387811064720154
tip_middle_root_1_2_2,CNN,鮮紅,1,42,舌左邊,1,1,0.5082056522369385
tip_middle_root_1_2_2,CNN,鮮紅,1,48,舌尖,1,0,0.48354876041412354
tip_middle_root_1_2_2,CNN,鮮紅,1,50,舌中,0,0,0.4632388651371002
tip_middle_root_1_2_2,CNN,鮮紅,1,50,舌右邊,0,0,0.3646640181541443
tip_middle_root_1_2_2,CNN,鮮紅,1,50,舌左邊,0,1,0.5889636278152466
tip_middle_root_1_2_2,CNN,鮮紅,1,50,舌根,0,0,0.3909052610397339
tip_middle_root_1_2_2,CNN,鮮紅,1,54,舌中,0,0,0.1786084920167923
tip_middle_root_1_2_2,CNN,鮮紅,1,54,舌右邊,0,0,0.4605900049209595
tip_middle_root_1_2_2,CNN,鮮紅,1,54,舌尖,0,0,0.05475461110472679
tip_middle_root_1_2_2,CNN,鮮紅,1,54,舌左邊,0,1,0.6867771148681641
tip_middle_root_1_2_2,CNN,鮮紅,1,54,舌根,0,0,0.11399577558040619
tip_middle_root_1_2_2,CNN,鮮紅,1,63,舌尖,1,1,0.8442714214324951
tip_middle_root_1_2_2,CNN,鮮紅,1,64,舌中,0,0,0.2711241543292999
tip_middle_root_1_2_2,CNN,鮮紅,1,64,舌右邊,0,1,0.7504960298538208
tip_middle_root_1_2_2,CNN,鮮紅,1,64,舌左邊,0,0,0.32088467478752136
tip_middle_root_1_2_2,CNN,鮮紅,1,64,舌根,0,0,0.279324471950531
tip_middle_root_1_2_2,CNN,鮮紅,1,65,舌中,1,1,0.6639465689659119
tip_middle_root_1_2_2,CNN,鮮紅,1,65,舌右邊,1,1,0.9148069620132446
tip_middle_root_1_2_2,CNN,鮮紅,1,65,舌尖,1,1,0.878469705581665
tip_middle_root_1_2_2,CNN,鮮紅,1,65,舌左邊,1,1,0.9379380345344543
tip_middle_root_1_2_2,CNN,鮮紅,1,65,舌根,1,0,0.27560174465179443
tip_middle_root_1_2_2,CNN,鮮紅,1,85,舌中,1,0,0.3773791790008545
tip_middle_root_1_2_2,CNN,鮮紅,1,85,舌右邊,1,1,0.7730676531791687
tip_middle_root_1_2_2,CNN,鮮紅,1,85,舌尖,1,1,0.8303998708724976
tip_middle_root_1_2_2,CNN,鮮紅,1,85,舌左邊,1,1,0.860442578792572
tip_middle_root_1_2_2,CNN,鮮紅,1,85,舌根,1,0,0.4060869812965393
tip_middle_root_1_2_2,CNN,鮮紅,1,90,舌尖,1,1,0.8383466601371765
tip_middle_root_1_2_2,CNN,鮮紅,1,98,舌中,0,0,0.19963841140270233
tip_middle_root_1_2_2,CNN,鮮紅,1,98,舌右邊,0,1,0.6091151833534241
tip_middle_root_1_2_2,CNN,鮮紅,1,98,舌尖,0,1,0.701762855052948
tip_middle_root_1_2_2,CNN,鮮紅,1,98,舌左邊,0,0,0.3230370879173279
tip_middle_root_1_2_2,CNN,鮮紅,1,98,舌根,0,0,0.2665702700614929
tip_middle_root_1_2_2,CNN,鮮紅,2,10,舌中,1,1,0.5503517985343933
tip_middle_root_1_2_2,CNN,鮮紅,2,10,舌右邊,1,1,0.8137712478637695
tip_middle_root_1_2_2,CNN,鮮紅,2,10,舌尖,1,1,0.8304662108421326
tip_middle_root_1_2_2,CNN,鮮紅,2,10,舌左邊,1,1,0.7553894519805908
tip_middle_root_1_2_2,CNN,鮮紅,2,10,舌根,1,1,0.7083225846290588
tip_middle_root_1_2_2,CNN,鮮紅,2,15,舌中,0,1,0.5174171924591064
tip_middle_root_1_2_2,CNN,鮮紅,2,15,舌右邊,1,1,0.7732182741165161
tip_middle_root_1_2_2,CNN,鮮紅,2,15,舌尖,1,1,0.8869590163230896
tip_middle_root_1_2_2,CNN,鮮紅,2,15,舌左邊,1,1,0.8612802624702454
tip_middle_root_1_2_2,CNN,鮮紅,2,15,舌根,0,0,0.40684521198272705
tip_middle_root_1_2_2,CNN,鮮紅,2,19,舌中,0,0,0.3795204758644104
tip_middle_root_1_2_2,CNN,鮮紅,2,19,舌右邊,0,0,0.38367313146591187
tip_middle_root_1_2_2,CNN,鮮紅,2,19,舌尖,0,1,0.7503705024719238
tip_middle_root_1_2_2,CNN,鮮紅,2,19,舌左邊,0,1,0.5372767448425293
tip_middle_root_1_2_2,CNN,鮮紅,2,19,舌根,0,0,0.11523265391588211
tip_middle_root_1_2_2,CNN,鮮紅,2,20,舌中,0,0,0.4696880578994751
tip_middle_root_1_2_2,CNN,鮮紅,2,20,舌右邊,0,0,0.383116751909256
tip_middle_root_1_2_2,CNN,鮮紅,2,20,舌尖,0,1,0.812691867351532
tip_middle_root_1_2_2,CNN,鮮紅,2,20,舌左邊,0,0,0.37610384821891785
tip_middle_root_1_2_2,CNN,鮮紅,2,20,舌根,0,0,0.16970598697662354
tip_middle_root_1_2_2,CNN,鮮紅,2,25,舌中,0,1,0.5293301343917847
tip_middle_root_1_2_2,CNN,鮮紅,2,25,舌右邊,0,1,0.9017789959907532
tip_middle_root_1_2_2,CNN,鮮紅,2,25,舌尖,0,1,0.8213846683502197
tip_middle_root_1_2_2,CNN,鮮紅,2,25,舌左邊,0,1,0.5903967022895813
tip_middle_root_1_2_2,CNN,鮮紅,2,25,舌根,0,0,0.1958833634853363
tip_middle_root_1_2_2,CNN,鮮紅,2,35,舌右邊,1,1,0.5820484757423401
tip_middle_root_1_2_2,CNN,鮮紅,2,35,舌左邊,1,1,0.7163144946098328
tip_middle_root_1_2_2,CNN,鮮紅,2,38,舌中,0,0,0.13764120638370514
tip_middle_root_1_2_2,CNN,鮮紅,2,38,舌右邊,0,0,0.43181076645851135
tip_middle_root_1_2_2,CNN,鮮紅,2,38,舌尖,0,1,0.6995717287063599
tip_middle_root_1_2_2,CNN,鮮紅,2,38,舌左邊,0,1,0.5702973008155823
tip_middle_root_1_2_2,CNN,鮮紅,2,38,舌根,0,0,0.20978379249572754
tip_middle_root_1_2_2,CNN,鮮紅,2,41,舌中,0,0,0.18385137617588043
tip_middle_root_1_2_2,CNN,鮮紅,2,41,舌右邊,0,1,0.7014891505241394
tip_middle_root_1_2_2,CNN,鮮紅,2,41,舌尖,0,1,0.5389838218688965
tip_middle_root_1_2_2,CNN,鮮紅,2,41,舌左邊,0,0,0.47212088108062744
tip_middle_root_1_2_2,CNN,鮮紅,2,41,舌根,0,0,0.2010960429906845
tip_middle_root_1_2_2,CNN,鮮紅,2,45,舌中,0,0,0.3286212682723999
tip_middle_root_1_2_2,CNN,鮮紅,2,45,舌右邊,0,0,0.3105006814002991
tip_middle_root_1_2_2,CNN,鮮紅,2,45,舌尖,0,1,0.741388738155365
tip_middle_root_1_2_2,CNN,鮮紅,2,45,舌左邊,0,1,0.5308205485343933
tip_middle_root_1_2_2,CNN,鮮紅,2,45,舌根,0,0,0.19625289738178253
tip_middle_root_1_2_2,CNN,鮮紅,2,5,舌中,0,0,0.27425727248191833
tip_middle_root_1_2_2,CNN,鮮紅,2,5,舌右邊,0,0,0.3785373866558075
tip_middle_root_1_2_2,CNN,鮮紅,2,5,舌尖,0,1,0.6676574945449829
tip_middle_root_1_2_2,CNN,鮮紅,2,5,舌左邊,0,1,0.5523295402526855
tip_middle_root_1_2_2,CNN,鮮紅,2,5,舌根,0,0,0.35903453826904297
tip_middle_root_1_2_2,CNN,鮮紅,2,6,舌中,0,0,0.46791526675224304
tip_middle_root_1_2_2,CNN,鮮紅,2,6,舌尖,0,1,0.7950575947761536
tip_middle_root_1_2_2,CNN,鮮紅,2,6,舌根,0,0,0.13561226427555084
tip_middle_root_1_2_2,CNN,鮮紅,2,67,舌右邊,1,1,0.8664676547050476
tip_middle_root_1_2_2,CNN,鮮紅,2,67,舌尖,1,1,0.8434844613075256
tip_middle_root_1_2_2,CNN,鮮紅,2,67,舌左邊,1,1,0.7789872884750366
tip_middle_root_1_2_2,CNN,鮮紅,2,7,舌中,0,0,0.30835142731666565
tip_middle_root_1_2_2,CNN,鮮紅,2,7,舌右邊,0,1,0.582992672920227
tip_middle_root_1_2_2,CNN,鮮紅,2,7,舌尖,0,1,0.7588268518447876
tip_middle_root_1_2_2,CNN,鮮紅,2,7,舌左邊,0,1,0.6528512835502625
tip_middle_root_1_2_2,CNN,鮮紅,2,7,舌根,0,0,0.3263065218925476
tip_middle_root_1_2_2,CNN,鮮紅,2,82,舌中,1,1,0.533976137638092
tip_middle_root_1_2_2,CNN,鮮紅,2,82,舌右邊,1,1,0.8060994744300842
tip_middle_root_1_2_2,CNN,鮮紅,2,82,舌尖,1,1,0.9022898077964783
tip_middle_root_1_2_2,CNN,鮮紅,2,82,舌左邊,1,1,0.8495118021965027
tip_middle_root_1_2_2,CNN,鮮紅,2,82,舌根,1,1,0.5370603799819946
tip_middle_root_1_2_2,CNN,鮮紅,2,86,舌中,0,0,0.4557572603225708
tip_middle_root_1_2_2,CNN,鮮紅,2,86,舌右邊,0,0,0.47270363569259644
tip_middle_root_1_2_2,CNN,鮮紅,2,86,舌左邊,0,1,0.6701163649559021
tip_middle_root_1_2_2,CNN,鮮紅,2,86,舌根,0,0,0.2148934006690979
tip_middle_root_1_2_2,CNN,鮮紅,2,96,舌中,1,0,0.4426235258579254
tip_middle_root_1_2_2,CNN,鮮紅,2,96,舌右邊,1,1,0.8044735193252563
tip_middle_root_1_2_2,CNN,鮮紅,2,96,舌尖,1,1,0.9595856070518494
tip_middle_root_1_2_2,CNN,鮮紅,2,96,舌左邊,1,1,0.856024980545044
tip_middle_root_1_2_2,CNN,鮮紅,3,16,舌中,0,1,0.661946177482605
tip_middle_root_1_2_2,CNN,鮮紅,3,16,舌右邊,0,1,0.5597571730613708
tip_middle_root_1_2_2,CNN,鮮紅,3,16,舌尖,0,1,0.8833889961242676
tip_middle_root_1_2_2,CNN,鮮紅,3,16,舌左邊,0,0,0.283418744802475
tip_middle_root_1_2_2,CNN,鮮紅,3,16,舌根,0,0,0.20408275723457336
tip_middle_root_1_2_2,CNN,鮮紅,3,2,舌中,0,0,0.49651095271110535
tip_middle_root_1_2_2,CNN,鮮紅,3,2,舌右邊,1,0,0.24435825645923615
tip_middle_root_1_2_2,CNN,鮮紅,3,2,舌尖,0,1,0.8964652419090271
tip_middle_root_1_2_2,CNN,鮮紅,3,2,舌左邊,1,1,0.8826790452003479
tip_middle_root_1_2_2,CNN,鮮紅,3,2,舌根,0,0,0.16587811708450317
tip_middle_root_1_2_2,CNN,鮮紅,3,23,舌中,0,1,0.6824473738670349
tip_middle_root_1_2_2,CNN,鮮紅,3,23,舌右邊,0,1,0.6232914328575134
tip_middle_root_1_2_2,CNN,鮮紅,3,23,舌尖,0,0,0.49908727407455444
tip_middle_root_1_2_2,CNN,鮮紅,3,23,舌左邊,0,1,0.731629490852356
tip_middle_root_1_2_2,CNN,鮮紅,3,23,舌根,0,0,0.42585813999176025
tip_middle_root_1_2_2,CNN,鮮紅,3,26,舌中,0,0,0.42565953731536865
tip_middle_root_1_2_2,CNN,鮮紅,3,26,舌尖,0,1,0.8916370868682861
tip_middle_root_1_2_2,CNN,鮮紅,3,26,舌根,0,1,0.5376946926116943
tip_middle_root_1_2_2,CNN,鮮紅,3,30,舌中,0,0,0.35906490683555603
tip_middle_root_1_2_2,CNN,鮮紅,3,30,舌右邊,0,1,0.5404789447784424
tip_middle_root_1_2_2,CNN,鮮紅,3,30,舌尖,0,1,0.7629434466362
tip_middle_root_1_2_2,CNN,鮮紅,3,30,舌左邊,0,1,0.5096048712730408
tip_middle_root_1_2_2,CNN,鮮紅,3,30,舌根,0,0,0.18300937116146088
tip_middle_root_1_2_2,CNN,鮮紅,3,46,舌中,0,1,0.7070424556732178
tip_middle_root_1_2_2,CNN,鮮紅,3,46,舌右邊,0,1,0.6933000683784485
tip_middle_root_1_2_2,CNN,鮮紅,3,46,舌左邊,0,1,0.8157320022583008
tip_middle_root_1_2_2,CNN,鮮紅,3,46,舌根,0,0,0.1649371236562729
tip_middle_root_1_2_2,CNN,鮮紅,3,47,舌中,0,0,0.4899629056453705
tip_middle_root_1_2_2,CNN,鮮紅,3,47,舌右邊,0,1,0.9572886228561401
tip_middle_root_1_2_2,CNN,鮮紅,3,47,舌尖,0,1,0.841547966003418
tip_middle_root_1_2_2,CNN,鮮紅,3,47,舌左邊,0,1,0.7431331276893616
tip_middle_root_1_2_2,CNN,鮮紅,3,47,舌根,0,0,0.096360944211483
tip_middle_root_1_2_2,CNN,鮮紅,3,51,舌右邊,1,1,0.8230795860290527
tip_middle_root_1_2_2,CNN,鮮紅,3,51,舌左邊,1,1,0.7716166377067566
tip_middle_root_1_2_2,CNN,鮮紅,3,57,舌中,0,1,0.5505125522613525
tip_middle_root_1_2_2,CNN,鮮紅,3,57,舌右邊,0,0,0.4512987732887268
tip_middle_root_1_2_2,CNN,鮮紅,3,57,舌尖,0,1,0.8864445090293884
tip_middle_root_1_2_2,CNN,鮮紅,3,57,舌左邊,0,1,0.6389951109886169
tip_middle_root_1_2_2,CNN,鮮紅,3,57,舌根,0,0,0.060278717428445816
tip_middle_root_1_2_2,CNN,鮮紅,3,72,舌中,1,1,0.5444537401199341
tip_middle_root_1_2_2,CNN,鮮紅,3,72,舌右邊,1,1,0.8237026333808899
tip_middle_root_1_2_2,CNN,鮮紅,3,72,舌尖,1,1,0.9301832914352417
tip_middle_root_1_2_2,CNN,鮮紅,3,72,舌左邊,1,1,0.6665011048316956
tip_middle_root_1_2_2,CNN,鮮紅,3,76,舌右邊,1,1,0.725287139415741
tip_middle_root_1_2_2,CNN,鮮紅,3,76,舌左邊,1,0,0.4562922418117523
tip_middle_root_1_2_2,CNN,鮮紅,3,79,舌中,1,1,0.8018857836723328
tip_middle_root_1_2_2,CNN,鮮紅,3,79,舌右邊,1,1,0.8692476153373718
tip_middle_root_1_2_2,CNN,鮮紅,3,79,舌尖,1,1,0.9307398796081543
tip_middle_root_1_2_2,CNN,鮮紅,3,79,舌左邊,1,1,0.9281979203224182
tip_middle_root_1_2_2,CNN,鮮紅,3,79,舌根,1,0,0.2537190616130829
tip_middle_root_1_2_2,CNN,鮮紅,3,84,舌中,0,0,0.4821867048740387
tip_middle_root_1_2_2,CNN,鮮紅,3,84,舌右邊,0,0,0.23871251940727234
tip_middle_root_1_2_2,CNN,鮮紅,3,84,舌尖,0,0,0.04563369229435921
tip_middle_root_1_2_2,CNN,鮮紅,3,84,舌左邊,0,0,0.4171608090400696
tip_middle_root_1_2_2,CNN,鮮紅,3,84,舌根,0,0,0.09062060713768005
tip_middle_root_1_2_2,CNN,鮮紅,3,88,舌中,0,1,0.6743867993354797
tip_middle_root_1_2_2,CNN,鮮紅,3,88,舌右邊,0,0,0.31618747115135193
tip_middle_root_1_2_2,CNN,鮮紅,3,88,舌尖,0,1,0.9316117763519287
tip_middle_root_1_2_2,CNN,鮮紅,3,88,舌左邊,0,0,0.27008718252182007
tip_middle_root_1_2_2,CNN,鮮紅,3,88,舌根,0,0,0.23236630856990814
tip_middle_root_1_2_2,CNN,鮮紅,3,93,舌中,1,1,0.6977004408836365
tip_middle_root_1_2_2,CNN,鮮紅,3,93,舌右邊,1,1,0.8847144246101379
tip_middle_root_1_2_2,CNN,鮮紅,3,93,舌尖,1,1,0.8336399793624878
tip_middle_root_1_2_2,CNN,鮮紅,3,93,舌左邊,1,1,0.7502699494361877
tip_middle_root_1_2_2,CNN,鮮紅,3,93,舌根,1,1,0.8444051742553711
tip_middle_root_1_2_2,CNN,鮮紅,3,94,舌中,0,0,0.28265148401260376
tip_middle_root_1_2_2,CNN,鮮紅,3,94,舌右邊,0,1,0.6788582801818848
tip_middle_root_1_2_2,CNN,鮮紅,3,94,舌尖,0,1,0.710493803024292
tip_middle_root_1_2_2,CNN,鮮紅,3,94,舌左邊,0,1,0.6287786960601807
tip_middle_root_1_2_2,CNN,鮮紅,3,94,舌根,0,0,0.1705150604248047
tip_middle_root_1_2_2,CNN,鮮紅,4,11,舌中,0,1,0.8275815844535828
tip_middle_root_1_2_2,CNN,鮮紅,4,11,舌右邊,0,1,0.8544960021972656
tip_middle_root_1_2_2,CNN,鮮紅,4,11,舌尖,0,1,0.8790145516395569
tip_middle_root_1_2_2,CNN,鮮紅,4,11,舌左邊,0,1,0.8846886157989502
tip_middle_root_1_2_2,CNN,鮮紅,4,11,舌根,0,0,0.4371006190776825
tip_middle_root_1_2_2,CNN,鮮紅,4,21,舌中,0,0,0.3574148714542389
tip_middle_root_1_2_2,CNN,鮮紅,4,21,舌右邊,0,1,0.7955241203308105
tip_middle_root_1_2_2,CNN,鮮紅,4,21,舌尖,0,0,0.49771687388420105
tip_middle_root_1_2_2,CNN,鮮紅,4,21,舌左邊,0,0,0.4719332456588745
tip_middle_root_1_2_2,CNN,鮮紅,4,21,舌根,0,0,0.3403693437576294
tip_middle_root_1_2_2,CNN,鮮紅,4,29,舌中,0,0,0.31383684277534485
tip_middle_root_1_2_2,CNN,鮮紅,4,29,舌右邊,0,0,0.14443597197532654
tip_middle_root_1_2_2,CNN,鮮紅,4,29,舌尖,0,0,0.4455857574939728
tip_middle_root_1_2_2,CNN,鮮紅,4,29,舌左邊,0,0,0.193740114569664
tip_middle_root_1_2_2,CNN,鮮紅,4,29,舌根,0,0,0.2168022096157074
tip_middle_root_1_2_2,CNN,鮮紅,4,32,舌右邊,1,1,0.6658742427825928
tip_middle_root_1_2_2,CNN,鮮紅,4,32,舌尖,1,1,0.8460049033164978
tip_middle_root_1_2_2,CNN,鮮紅,4,32,舌左邊,1,0,0.4767191708087921
tip_middle_root_1_2_2,CNN,鮮紅,4,34,舌右邊,1,1,0.6612175703048706
tip_middle_root_1_2_2,CNN,鮮紅,4,34,舌尖,1,1,0.8329414129257202
tip_middle_root_1_2_2,CNN,鮮紅,4,34,舌左邊,1,1,0.5081559419631958
tip_middle_root_1_2_2,CNN,鮮紅,4,36,舌中,0,0,0.4973452091217041
tip_middle_root_1_2_2,CNN,鮮紅,4,36,舌右邊,0,1,0.7388740181922913
tip_middle_root_1_2_2,CNN,鮮紅,4,36,舌尖,0,1,0.7012596726417542
tip_middle_root_1_2_2,CNN,鮮紅,4,36,舌左邊,0,0,0.4791859984397888
tip_middle_root_1_2_2,CNN,鮮紅,4,36,舌根,0,0,0.19996601343154907
tip_middle_root_1_2_2,CNN,鮮紅,4,43,舌尖,1,1,0.8757254481315613
tip_middle_root_1_2_2,CNN,鮮紅,4,49,舌中,0,0,0.07107862830162048
tip_middle_root_1_2_2,CNN,鮮紅,4,49,舌右邊,0,0,0.31169790029525757
tip_middle_root_1_2_2,CNN,鮮紅,4,49,舌尖,0,1,0.5118088722229004
tip_middle_root_1_2_2,CNN,鮮紅,4,49,舌左邊,0,0,0.10470952093601227
tip_middle_root_1_2_2,CNN,鮮紅,4,49,舌根,0,0,0.1146383211016655
tip_middle_root_1_2_2,CNN,鮮紅,4,53,舌尖,1,1,0.7535706162452698
tip_middle_root_1_2_2,CNN,鮮紅,4,60,舌尖,1,1,0.7546683549880981
tip_middle_root_1_2_2,CNN,鮮紅,4,70,舌中,1,0,0.3497523069381714
tip_middle_root_1_2_2,CNN,鮮紅,4,70,舌右邊,1,1,0.9171546101570129
tip_middle_root_1_2_2,CNN,鮮紅,4,70,舌尖,1,1,0.8017669916152954
tip_middle_root_1_2_2,CNN,鮮紅,4,70,舌左邊,1,1,0.9275102019309998
tip_middle_root_1_2_2,CNN,鮮紅,4,70,舌根,1,0,0.41813769936561584
tip_middle_root_1_2_2,CNN,鮮紅,4,75,舌中,0,0,0.27551618218421936
tip_middle_root_1_2_2,CNN,鮮紅,4,75,舌右邊,0,1,0.5184007883071899
tip_middle_root_1_2_2,CNN,鮮紅,4,75,舌左邊,0,1,0.5240962505340576
tip_middle_root_1_2_2,CNN,鮮紅,4,75,舌根,0,0,0.1906132847070694
tip_middle_root_1_2_2,CNN,鮮紅,4,8,舌中,0,0,0.17225268483161926
tip_middle_root_1_2_2,CNN,鮮紅,4,8,舌右邊,0,0,0.2589981257915497
tip_middle_root_1_2_2,CNN,鮮紅,4,8,舌尖,0,0,0.4900760352611542
tip_middle_root_1_2_2,CNN,鮮紅,4,8,舌左邊,0,0,0.46787455677986145
tip_middle_root_1_2_2,CNN,鮮紅,4,8,舌根,0,0,0.09417837858200073
tip_middle_root_1_2_2,CNN,鮮紅,4,80,舌右邊,1,1,0.9295759797096252
tip_middle_root_1_2_2,CNN,鮮紅,4,80,舌左邊,1,1,0.6965020298957825
tip_middle_root_1_2_2,CNN,鮮紅,4,87,舌中,1,0,0.49876412749290466
tip_middle_root_1_2_2,CNN,鮮紅,4,87,舌右邊,1,1,0.9331803321838379
tip_middle_root_1_2_2,CNN,鮮紅,4,87,舌尖,1,1,0.8457297086715698
tip_middle_root_1_2_2,CNN,鮮紅,4,87,舌左邊,1,1,0.9141416549682617
tip_middle_root_1_2_2,CNN,鮮紅,4,87,舌根,1,0,0.3567763864994049
tip_middle_root_1_2_2,CNN,鮮紅,4,9,舌中,0,1,0.5709807872772217
tip_middle_root_1_2_2,CNN,鮮紅,4,9,舌右邊,0,1,0.6090108752250671
tip_middle_root_1_2_2,CNN,鮮紅,4,9,舌左邊,0,1,0.8484746813774109
tip_middle_root_1_2_2,CNN,鮮紅,4,9,舌根,0,0,0.1521466225385666
tip_middle_root_1_2_2,CNN,鮮紅,4,91,舌中,0,0,0.25290077924728394
tip_middle_root_1_2_2,CNN,鮮紅,4,91,舌右邊,0,0,0.2588295042514801
tip_middle_root_1_2_2,CNN,鮮紅,4,91,舌尖,0,0,0.4823227822780609
tip_middle_root_1_2_2,CNN,鮮紅,4,91,舌左邊,0,0,0.1301153153181076
tip_middle_root_1_2_2,CNN,鮮紅,4,91,舌根,0,0,0.23824618756771088
tip_middle_root_1_2_2,CNN,鮮紅,4,97,舌中,0,0,0.3785300850868225
tip_middle_root_1_2_2,CNN,鮮紅,4,97,舌右邊,0,1,0.9065470695495605
tip_middle_root_1_2_2,CNN,鮮紅,4,97,舌尖,0,1,0.799886167049408
tip_middle_root_1_2_2,CNN,鮮紅,4,97,舌左邊,0,0,0.3951658010482788
tip_middle_root_1_2_2,CNN,鮮紅,4,97,舌根,0,1,0.8587986826896667
tip_middle_root_1_2_2,CNN,鮮紅,5,100,舌根,0,0,0.401784747838974
tip_middle_root_1_2_2,CNN,鮮紅,5,13,舌中,0,0,0.21132439374923706
tip_middle_root_1_2_2,CNN,鮮紅,5,13,舌右邊,0,1,0.8151319622993469
tip_middle_root_1_2_2,CNN,鮮紅,5,13,舌左邊,0,1,0.6388902068138123
tip_middle_root_1_2_2,CNN,鮮紅,5,13,舌根,0,0,0.38510754704475403
tip_middle_root_1_2_2,CNN,鮮紅,5,14,舌中,0,0,0.17488521337509155
tip_middle_root_1_2_2,CNN,鮮紅,5,14,舌右邊,0,1,0.7335171699523926
tip_middle_root_1_2_2,CNN,鮮紅,5,14,舌尖,0,0,0.4308852255344391
tip_middle_root_1_2_2,CNN,鮮紅,5,14,舌左邊,0,1,0.8040945529937744
tip_middle_root_1_2_2,CNN,鮮紅,5,14,舌根,0,0,0.33291786909103394
tip_middle_root_1_2_2,CNN,鮮紅,5,17,舌中,0,0,0.26117846369743347
tip_middle_root_1_2_2,CNN,鮮紅,5,17,舌右邊,0,1,0.6170427203178406
tip_middle_root_1_2_2,CNN,鮮紅,5,17,舌尖,0,1,0.7103245854377747
tip_middle_root_1_2_2,CNN,鮮紅,5,17,舌左邊,0,1,0.7547739744186401
tip_middle_root_1_2_2,CNN,鮮紅,5,17,舌根,0,0,0.36805811524391174
tip_middle_root_1_2_2,CNN,鮮紅,5,18,舌中,0,0,0.4624989628791809
tip_middle_root_1_2_2,CNN,鮮紅,5,18,舌右邊,0,1,0.8042194247245789
tip_middle_root_1_2_2,CNN,鮮紅,5,18,舌尖,0,1,0.881291389465332
tip_middle_root_1_2_2,CNN,鮮紅,5,18,舌左邊,0,1,0.7348513603210449
tip_middle_root_1_2_2,CNN,鮮紅,5,18,舌根,0,0,0.25765010714530945
tip_middle_root_1_2_2,CNN,鮮紅,5,22,舌中,1,1,0.525438129901886
tip_middle_root_1_2_2,CNN,鮮紅,5,22,舌右邊,1,1,0.9363108277320862
tip_middle_root_1_2_2,CNN,鮮紅,5,22,舌尖,1,1,0.9084526300430298
tip_middle_root_1_2_2,CNN,鮮紅,5,22,舌左邊,1,1,0.7592820525169373
tip_middle_root_1_2_2,CNN,鮮紅,5,22,舌根,1,0,0.05412222445011139
tip_middle_root_1_2_2,CNN,鮮紅,5,28,舌中,0,0,0.3676113784313202
tip_middle_root_1_2_2,CNN,鮮紅,5,28,舌右邊,0,1,0.5780158042907715
tip_middle_root_1_2_2,CNN,鮮紅,5,28,舌尖,0,1,0.8303792476654053
tip_middle_root_1_2_2,CNN,鮮紅,5,28,舌左邊,0,1,0.6207389831542969
tip_middle_root_1_2_2,CNN,鮮紅,5,28,舌根,0,0,0.06689544022083282
tip_middle_root_1_2_2,CNN,鮮紅,5,33,舌尖,1,1,0.6996773481369019
tip_middle_root_1_2_2,CNN,鮮紅,5,4,舌中,0,0,0.27358078956604004
tip_middle_root_1_2_2,CNN,鮮紅,5,4,舌尖,0,1,0.8869879841804504
tip_middle_root_1_2_2,CNN,鮮紅,5,55,舌中,0,0,0.19376058876514435
tip_middle_root_1_2_2,CNN,鮮紅,5,55,舌右邊,0,1,0.8138088583946228
tip_middle_root_1_2_2,CNN,鮮紅,5,55,舌尖,0,0,0.4108026325702667
tip_middle_root_1_2_2,CNN,鮮紅,5,55,舌左邊,0,1,0.6149265766143799
tip_middle_root_1_2_2,CNN,鮮紅,5,55,舌根,0,0,0.2860884666442871
tip_middle_root_1_2_2,CNN,鮮紅,5,56,舌中,0,0,0.32234513759613037
tip_middle_root_1_2_2,CNN,鮮紅,5,56,舌右邊,0,1,0.6754214763641357
tip_middle_root_1_2_2,CNN,鮮紅,5,56,舌尖,0,1,0.8069594502449036
tip_middle_root_1_2_2,CNN,鮮紅,5,56,舌左邊,0,0,0.2200964391231537
tip_middle_root_1_2_2,CNN,鮮紅,5,56,舌根,0,0,0.09485284984111786
tip_middle_root_1_2_2,CNN,鮮紅,5,58,舌中,0,0,0.3423783481121063
tip_middle_root_1_2_2,CNN,鮮紅,5,58,舌右邊,0,0,0.4653916358947754
tip_middle_root_1_2_2,CNN,鮮紅,5,58,舌尖,0,1,0.5037862658500671
tip_middle_root_1_2_2,CNN,鮮紅,5,58,舌左邊,0,1,0.5960151553153992
tip_middle_root_1_2_2,CNN,鮮紅,5,58,舌根,0,0,0.1586368978023529
tip_middle_root_1_2_2,CNN,鮮紅,5,59,舌中,1,0,0.28537866473197937
tip_middle_root_1_2_2,CNN,鮮紅,5,59,舌右邊,1,1,0.6670515537261963
tip_middle_root_1_2_2,CNN,鮮紅,5,59,舌尖,1,1,0.7502224445343018
tip_middle_root_1_2_2,CNN,鮮紅,5,59,舌左邊,1,1,0.6593329310417175
tip_middle_root_1_2_2,CNN,鮮紅,5,66,舌中,1,1,0.5176921486854553
tip_middle_root_1_2_2,CNN,鮮紅,5,66,舌尖,1,1,0.8047097325325012
tip_middle_root_1_2_2,CNN,鮮紅,5,73,舌中,0,0,0.4609878659248352
tip_middle_root_1_2_2,CNN,鮮紅,5,73,舌根,0,0,0.49528491497039795
tip_middle_root_1_2_2,CNN,鮮紅,5,74,舌中,0,0,0.27825412154197693
tip_middle_root_1_2_2,CNN,鮮紅,5,74,舌右邊,0,1,0.8956359028816223
tip_middle_root_1_2_2,CNN,鮮紅,5,74,舌尖,0,1,0.8888924717903137
tip_middle_root_1_2_2,CNN,鮮紅,5,74,舌左邊,0,1,0.8688330054283142
tip_middle_root_1_2_2,CNN,鮮紅,5,74,舌根,0,0,0.44190889596939087
tip_middle_root_1_2_2,CNN,鮮紅,5,89,舌右邊,1,1,0.9173855185508728
tip_middle_root_1_2_2,CNN,鮮紅,5,89,舌尖,1,1,0.9488592147827148
tip_middle_root_1_2_2,CNN,鮮紅,5,89,舌左邊,1,1,0.811709463596344
tip_middle_root_1_2_2,CNN,鮮紅,5,95,舌中,1,0,0.327847957611084
tip_middle_root_1_2_2,CNN,鮮紅,5,95,舌右邊,1,1,0.5105176568031311
tip_middle_root_1_2_2,CNN,鮮紅,5,95,舌尖,1,1,0.7773452997207642
tip_middle_root_1_2_2,CNN,鮮紅,5,95,舌左邊,1,0,0.4990558624267578
tip_middle_root_1_2_2,CNN,鮮紅,5,95,舌根,1,1,0.7992338538169861
tip_middle_root_1_3_1,CNN,鮮紅,1,1,舌中,0,0,0.1986735761165619
tip_middle_root_1_3_1,CNN,鮮紅,1,1,舌右邊,0,1,0.8124160766601562
tip_middle_root_1_3_1,CNN,鮮紅,1,1,舌尖,0,0,0.4520832896232605
tip_middle_root_1_3_1,CNN,鮮紅,1,1,舌左邊,0,1,0.6452571153640747
tip_middle_root_1_3_1,CNN,鮮紅,1,1,舌根,0,0,0.3077901005744934
tip_middle_root_1_3_1,CNN,鮮紅,1,12,舌中,0,0,0.3172643780708313
tip_middle_root_1_3_1,CNN,鮮紅,1,12,舌右邊,0,1,0.877588152885437
tip_middle_root_1_3_1,CNN,鮮紅,1,12,舌尖,0,1,0.9141392707824707
tip_middle_root_1_3_1,CNN,鮮紅,1,12,舌左邊,0,1,0.8895689845085144
tip_middle_root_1_3_1,CNN,鮮紅,1,12,舌根,0,1,0.7409080266952515
tip_middle_root_1_3_1,CNN,鮮紅,1,24,舌中,0,0,0.22275522351264954
tip_middle_root_1_3_1,CNN,鮮紅,1,24,舌右邊,0,1,0.6119762659072876
tip_middle_root_1_3_1,CNN,鮮紅,1,24,舌尖,0,0,0.14202655851840973
tip_middle_root_1_3_1,CNN,鮮紅,1,24,舌左邊,0,1,0.6230977773666382
tip_middle_root_1_3_1,CNN,鮮紅,1,24,舌根,0,0,0.4064105749130249
tip_middle_root_1_3_1,CNN,鮮紅,1,27,舌中,0,0,0.4569779336452484
tip_middle_root_1_3_1,CNN,鮮紅,1,27,舌右邊,0,1,0.5647897720336914
tip_middle_root_1_3_1,CNN,鮮紅,1,27,舌尖,0,0,0.45815137028694153
tip_middle_root_1_3_1,CNN,鮮紅,1,27,舌左邊,0,1,0.7819369435310364
tip_middle_root_1_3_1,CNN,鮮紅,1,27,舌根,0,0,0.08846892416477203
tip_middle_root_1_3_1,CNN,鮮紅,1,3,舌中,0,0,0.3529389500617981
tip_middle_root_1_3_1,CNN,鮮紅,1,3,舌右邊,0,1,0.9189378619194031
tip_middle_root_1_3_1,CNN,鮮紅,1,3,舌尖,0,1,0.7403467297554016
tip_middle_root_1_3_1,CNN,鮮紅,1,3,舌左邊,0,1,0.7661714553833008
tip_middle_root_1_3_1,CNN,鮮紅,1,3,舌根,0,0,0.316460520029068
tip_middle_root_1_3_1,CNN,鮮紅,1,31,舌右邊,1,1,0.6471002697944641
tip_middle_root_1_3_1,CNN,鮮紅,1,31,舌尖,1,1,0.705086350440979
tip_middle_root_1_3_1,CNN,鮮紅,1,31,舌左邊,1,1,0.6966676115989685
tip_middle_root_1_3_1,CNN,鮮紅,1,37,舌中,0,0,0.20969904959201813
tip_middle_root_1_3_1,CNN,鮮紅,1,37,舌右邊,0,1,0.8139482736587524
tip_middle_root_1_3_1,CNN,鮮紅,1,37,舌尖,0,1,0.5491570830345154
tip_middle_root_1_3_1,CNN,鮮紅,1,37,舌左邊,0,1,0.5446019172668457
tip_middle_root_1_3_1,CNN,鮮紅,1,37,舌根,0,0,0.22363795340061188
tip_middle_root_1_3_1,CNN,鮮紅,1,40,舌右邊,1,1,0.9261260628700256
tip_middle_root_1_3_1,CNN,鮮紅,1,40,舌左邊,1,1,0.8422002196311951
tip_middle_root_1_3_1,CNN,鮮紅,1,42,舌右邊,1,1,0.9076902270317078
tip_middle_root_1_3_1,CNN,鮮紅,1,42,舌尖,1,0,0.44772258400917053
tip_middle_root_1_3_1,CNN,鮮紅,1,42,舌左邊,1,1,0.7886442542076111
tip_middle_root_1_3_1,CNN,鮮紅,1,48,舌尖,1,0,0.3018709421157837
tip_middle_root_1_3_1,CNN,鮮紅,1,50,舌中,0,0,0.23593556880950928
tip_middle_root_1_3_1,CNN,鮮紅,1,50,舌右邊,0,0,0.24956534802913666
tip_middle_root_1_3_1,CNN,鮮紅,1,50,舌左邊,0,0,0.3221682012081146
tip_middle_root_1_3_1,CNN,鮮紅,1,50,舌根,0,0,0.3766440749168396
tip_middle_root_1_3_1,CNN,鮮紅,1,54,舌中,0,0,0.15429851412773132
tip_middle_root_1_3_1,CNN,鮮紅,1,54,舌右邊,0,0,0.4735308289527893
tip_middle_root_1_3_1,CNN,鮮紅,1,54,舌尖,0,0,0.12231041491031647
tip_middle_root_1_3_1,CNN,鮮紅,1,54,舌左邊,0,0,0.32128363847732544
tip_middle_root_1_3_1,CNN,鮮紅,1,54,舌根,0,1,0.6736358404159546
tip_middle_root_1_3_1,CNN,鮮紅,1,63,舌尖,1,1,0.8873016238212585
tip_middle_root_1_3_1,CNN,鮮紅,1,64,舌中,0,0,0.315116822719574
tip_middle_root_1_3_1,CNN,鮮紅,1,64,舌右邊,0,1,0.5803512334823608
tip_middle_root_1_3_1,CNN,鮮紅,1,64,舌左邊,0,1,0.5503239035606384
tip_middle_root_1_3_1,CNN,鮮紅,1,64,舌根,0,1,0.5027816295623779
tip_middle_root_1_3_1,CNN,鮮紅,1,65,舌中,1,0,0.4271000027656555
tip_middle_root_1_3_1,CNN,鮮紅,1,65,舌右邊,1,1,0.8359023928642273
tip_middle_root_1_3_1,CNN,鮮紅,1,65,舌尖,1,1,0.9033082127571106
tip_middle_root_1_3_1,CNN,鮮紅,1,65,舌左邊,1,1,0.7119373679161072
tip_middle_root_1_3_1,CNN,鮮紅,1,65,舌根,1,0,0.48507943749427795
tip_middle_root_1_3_1,CNN,鮮紅,1,85,舌中,1,1,0.6534279584884644
tip_middle_root_1_3_1,CNN,鮮紅,1,85,舌右邊,1,1,0.8863640427589417
tip_middle_root_1_3_1,CNN,鮮紅,1,85,舌尖,1,1,0.8382244110107422
tip_middle_root_1_3_1,CNN,鮮紅,1,85,舌左邊,1,1,0.8611884713172913
tip_middle_root_1_3_1,CNN,鮮紅,1,85,舌根,1,0,0.3323497772216797
tip_middle_root_1_3_1,CNN,鮮紅,1,90,舌尖,1,1,0.8861432671546936
tip_middle_root_1_3_1,CNN,鮮紅,1,98,舌中,0,0,0.3459135591983795
tip_middle_root_1_3_1,CNN,鮮紅,1,98,舌右邊,0,0,0.44741037487983704
tip_middle_root_1_3_1,CNN,鮮紅,1,98,舌尖,0,1,0.8107032179832458
tip_middle_root_1_3_1,CNN,鮮紅,1,98,舌左邊,0,0,0.24402280151844025
tip_middle_root_1_3_1,CNN,鮮紅,1,98,舌根,0,0,0.24177171289920807
tip_middle_root_1_3_1,CNN,鮮紅,2,10,舌中,1,0,0.4552922248840332
tip_middle_root_1_3_1,CNN,鮮紅,2,10,舌右邊,1,1,0.7281252145767212
tip_middle_root_1_3_1,CNN,鮮紅,2,10,舌尖,1,1,0.7079058885574341
tip_middle_root_1_3_1,CNN,鮮紅,2,10,舌左邊,1,1,0.7235486507415771
tip_middle_root_1_3_1,CNN,鮮紅,2,10,舌根,1,0,0.3839963674545288
tip_middle_root_1_3_1,CNN,鮮紅,2,15,舌中,0,0,0.31352919340133667
tip_middle_root_1_3_1,CNN,鮮紅,2,15,舌右邊,1,1,0.6409403681755066
tip_middle_root_1_3_1,CNN,鮮紅,2,15,舌尖,1,1,0.7273351550102234
tip_middle_root_1_3_1,CNN,鮮紅,2,15,舌左邊,1,1,0.7746291160583496
tip_middle_root_1_3_1,CNN,鮮紅,2,15,舌根,0,0,0.3110445737838745
tip_middle_root_1_3_1,CNN,鮮紅,2,19,舌中,0,0,0.22672507166862488
tip_middle_root_1_3_1,CNN,鮮紅,2,19,舌右邊,0,0,0.21075083315372467
tip_middle_root_1_3_1,CNN,鮮紅,2,19,舌尖,0,1,0.5160799622535706
tip_middle_root_1_3_1,CNN,鮮紅,2,19,舌左邊,0,0,0.2754383087158203
tip_middle_root_1_3_1,CNN,鮮紅,2,19,舌根,0,0,0.21525894105434418
tip_middle_root_1_3_1,CNN,鮮紅,2,20,舌中,0,0,0.1928577870130539
tip_middle_root_1_3_1,CNN,鮮紅,2,20,舌右邊,0,0,0.4622540771961212
tip_middle_root_1_3_1,CNN,鮮紅,2,20,舌尖,0,1,0.7357165217399597
tip_middle_root_1_3_1,CNN,鮮紅,2,20,舌左邊,0,0,0.4858402907848358
tip_middle_root_1_3_1,CNN,鮮紅,2,20,舌根,0,0,0.15128010511398315
tip_middle_root_1_3_1,CNN,鮮紅,2,25,舌中,0,0,0.2769439220428467
tip_middle_root_1_3_1,CNN,鮮紅,2,25,舌右邊,0,1,0.7930528521537781
tip_middle_root_1_3_1,CNN,鮮紅,2,25,舌尖,0,1,0.6896764636039734
tip_middle_root_1_3_1,CNN,鮮紅,2,25,舌左邊,0,1,0.5821112394332886
tip_middle_root_1_3_1,CNN,鮮紅,2,25,舌根,0,0,0.2333887815475464
tip_middle_root_1_3_1,CNN,鮮紅,2,35,舌右邊,1,0,0.3388543426990509
tip_middle_root_1_3_1,CNN,鮮紅,2,35,舌左邊,1,0,0.4154984951019287
tip_middle_root_1_3_1,CNN,鮮紅,2,38,舌中,0,0,0.3148157298564911
tip_middle_root_1_3_1,CNN,鮮紅,2,38,舌右邊,0,0,0.49933725595474243
tip_middle_root_1_3_1,CNN,鮮紅,2,38,舌尖,0,1,0.6244634389877319
tip_middle_root_1_3_1,CNN,鮮紅,2,38,舌左邊,0,1,0.5438539385795593
tip_middle_root_1_3_1,CNN,鮮紅,2,38,舌根,0,0,0.3784177005290985
tip_middle_root_1_3_1,CNN,鮮紅,2,41,舌中,0,0,0.11654037982225418
tip_middle_root_1_3_1,CNN,鮮紅,2,41,舌右邊,0,1,0.5306938290596008
tip_middle_root_1_3_1,CNN,鮮紅,2,41,舌尖,0,0,0.30566123127937317
tip_middle_root_1_3_1,CNN,鮮紅,2,41,舌左邊,0,0,0.3027315139770508
tip_middle_root_1_3_1,CNN,鮮紅,2,41,舌根,0,0,0.15440033376216888
tip_middle_root_1_3_1,CNN,鮮紅,2,45,舌中,0,0,0.20409362018108368
tip_middle_root_1_3_1,CNN,鮮紅,2,45,舌右邊,0,0,0.26297053694725037
tip_middle_root_1_3_1,CNN,鮮紅,2,45,舌尖,0,1,0.5060145854949951
tip_middle_root_1_3_1,CNN,鮮紅,2,45,舌左邊,0,1,0.5052306652069092
tip_middle_root_1_3_1,CNN,鮮紅,2,45,舌根,0,0,0.1837087720632553
tip_middle_root_1_3_1,CNN,鮮紅,2,5,舌中,0,0,0.17325903475284576
tip_middle_root_1_3_1,CNN,鮮紅,2,5,舌右邊,0,0,0.2541557848453522
tip_middle_root_1_3_1,CNN,鮮紅,2,5,舌尖,0,1,0.537463366985321
tip_middle_root_1_3_1,CNN,鮮紅,2,5,舌左邊,0,1,0.5090875625610352
tip_middle_root_1_3_1,CNN,鮮紅,2,5,舌根,0,0,0.24775834381580353
tip_middle_root_1_3_1,CNN,鮮紅,2,6,舌中,0,0,0.4317672848701477
tip_middle_root_1_3_1,CNN,鮮紅,2,6,舌尖,0,1,0.6284247040748596
tip_middle_root_1_3_1,CNN,鮮紅,2,6,舌根,0,0,0.23799243569374084
tip_middle_root_1_3_1,CNN,鮮紅,2,67,舌右邊,1,1,0.7677767276763916
tip_middle_root_1_3_1,CNN,鮮紅,2,67,舌尖,1,1,0.6943773627281189
tip_middle_root_1_3_1,CNN,鮮紅,2,67,舌左邊,1,1,0.6978570222854614
tip_middle_root_1_3_1,CNN,鮮紅,2,7,舌中,0,0,0.34749728441238403
tip_middle_root_1_3_1,CNN,鮮紅,2,7,舌右邊,0,1,0.5883374810218811
tip_middle_root_1_3_1,CNN,鮮紅,2,7,舌尖,0,1,0.5941207408905029
tip_middle_root_1_3_1,CNN,鮮紅,2,7,舌左邊,0,0,0.45289361476898193
tip_middle_root_1_3_1,CNN,鮮紅,2,7,舌根,0,0,0.22991308569908142
tip_middle_root_1_3_1,CNN,鮮紅,2,82,舌中,1,1,0.5555770397186279
tip_middle_root_1_3_1,CNN,鮮紅,2,82,舌右邊,1,1,0.6696034669876099
tip_middle_root_1_3_1,CNN,鮮紅,2,82,舌尖,1,1,0.8472581505775452
tip_middle_root_1_3_1,CNN,鮮紅,2,82,舌左邊,1,0,0.36823493242263794
tip_middle_root_1_3_1,CNN,鮮紅,2,82,舌根,1,0,0.2884136438369751
tip_middle_root_1_3_1,CNN,鮮紅,2,86,舌中,0,0,0.34200525283813477
tip_middle_root_1_3_1,CNN,鮮紅,2,86,舌右邊,0,1,0.7228913903236389
tip_middle_root_1_3_1,CNN,鮮紅,2,86,舌左邊,0,1,0.7777906060218811
tip_middle_root_1_3_1,CNN,鮮紅,2,86,舌根,0,0,0.3882054090499878
tip_middle_root_1_3_1,CNN,鮮紅,2,96,舌中,1,0,0.2932809591293335
tip_middle_root_1_3_1,CNN,鮮紅,2,96,舌右邊,1,0,0.4894152581691742
tip_middle_root_1_3_1,CNN,鮮紅,2,96,舌尖,1,1,0.9007078409194946
tip_middle_root_1_3_1,CNN,鮮紅,2,96,舌左邊,1,0,0.4473324120044708
tip_middle_root_1_3_1,CNN,鮮紅,3,16,舌中,0,0,0.4584823548793793
tip_middle_root_1_3_1,CNN,鮮紅,3,16,舌右邊,0,1,0.6596053838729858
tip_middle_root_1_3_1,CNN,鮮紅,3,16,舌尖,0,1,0.8167712092399597
tip_middle_root_1_3_1,CNN,鮮紅,3,16,舌左邊,0,0,0.3667096793651581
tip_middle_root_1_3_1,CNN,鮮紅,3,16,舌根,0,0,0.25899821519851685
tip_middle_root_1_3_1,CNN,鮮紅,3,2,舌中,0,0,0.4721399247646332
tip_middle_root_1_3_1,CNN,鮮紅,3,2,舌右邊,1,1,0.7161678075790405
tip_middle_root_1_3_1,CNN,鮮紅,3,2,舌尖,0,1,0.9020608067512512
tip_middle_root_1_3_1,CNN,鮮紅,3,2,舌左邊,1,1,0.7629891037940979
tip_middle_root_1_3_1,CNN,鮮紅,3,2,舌根,0,1,0.5099287629127502
tip_middle_root_1_3_1,CNN,鮮紅,3,23,舌中,0,0,0.37889450788497925
tip_middle_root_1_3_1,CNN,鮮紅,3,23,舌右邊,0,0,0.49800291657447815
tip_middle_root_1_3_1,CNN,鮮紅,3,23,舌尖,0,1,0.5080306529998779
tip_middle_root_1_3_1,CNN,鮮紅,3,23,舌左邊,0,0,0.4517463445663452
tip_middle_root_1_3_1,CNN,鮮紅,3,23,舌根,0,0,0.3602970838546753
tip_middle_root_1_3_1,CNN,鮮紅,3,26,舌中,0,1,0.5685776472091675
tip_middle_root_1_3_1,CNN,鮮紅,3,26,舌尖,0,1,0.8636994957923889
tip_middle_root_1_3_1,CNN,鮮紅,3,26,舌根,0,1,0.7223697304725647
tip_middle_root_1_3_1,CNN,鮮紅,3,30,舌中,0,0,0.4806536138057709
tip_middle_root_1_3_1,CNN,鮮紅,3,30,舌右邊,0,1,0.7669082880020142
tip_middle_root_1_3_1,CNN,鮮紅,3,30,舌尖,0,1,0.713871419429779
tip_middle_root_1_3_1,CNN,鮮紅,3,30,舌左邊,0,1,0.6780030727386475
tip_middle_root_1_3_1,CNN,鮮紅,3,30,舌根,0,0,0.3117789626121521
tip_middle_root_1_3_1,CNN,鮮紅,3,46,舌中,0,0,0.48377421498298645
tip_middle_root_1_3_1,CNN,鮮紅,3,46,舌右邊,0,1,0.7240382432937622
tip_middle_root_1_3_1,CNN,鮮紅,3,46,舌左邊,0,1,0.8350405693054199
tip_middle_root_1_3_1,CNN,鮮紅,3,46,舌根,0,0,0.1730552315711975
tip_middle_root_1_3_1,CNN,鮮紅,3,47,舌中,0,0,0.3070885241031647
tip_middle_root_1_3_1,CNN,鮮紅,3,47,舌右邊,0,1,0.9358198642730713
tip_middle_root_1_3_1,CNN,鮮紅,3,47,舌尖,0,1,0.7766650915145874
tip_middle_root_1_3_1,CNN,鮮紅,3,47,舌左邊,0,1,0.937099277973175
tip_middle_root_1_3_1,CNN,鮮紅,3,47,舌根,0,0,0.3574301302433014
tip_middle_root_1_3_1,CNN,鮮紅,3,51,舌右邊,1,1,0.8571006059646606
tip_middle_root_1_3_1,CNN,鮮紅,3,51,舌左邊,1,1,0.8339769244194031
tip_middle_root_1_3_1,CNN,鮮紅,3,57,舌中,0,0,0.11557218432426453
tip_middle_root_1_3_1,CNN,鮮紅,3,57,舌右邊,0,0,0.23446939885616302
tip_middle_root_1_3_1,CNN,鮮紅,3,57,舌尖,0,1,0.8489924073219299
tip_middle_root_1_3_1,CNN,鮮紅,3,57,舌左邊,0,1,0.6748941540718079
tip_middle_root_1_3_1,CNN,鮮紅,3,57,舌根,0,0,0.36646604537963867
tip_middle_root_1_3_1,CNN,鮮紅,3,72,舌中,1,0,0.28820446133613586
tip_middle_root_1_3_1,CNN,鮮紅,3,72,舌右邊,1,1,0.7527154088020325
tip_middle_root_1_3_1,CNN,鮮紅,3,72,舌尖,1,1,0.9313530921936035
tip_middle_root_1_3_1,CNN,鮮紅,3,72,舌左邊,1,1,0.6380330324172974
tip_middle_root_1_3_1,CNN,鮮紅,3,76,舌右邊,1,1,0.5316706299781799
tip_middle_root_1_3_1,CNN,鮮紅,3,76,舌左邊,1,0,0.25928208231925964
tip_middle_root_1_3_1,CNN,鮮紅,3,79,舌中,1,0,0.43051838874816895
tip_middle_root_1_3_1,CNN,鮮紅,3,79,舌右邊,1,1,0.9380186796188354
tip_middle_root_1_3_1,CNN,鮮紅,3,79,舌尖,1,1,0.8980996608734131
tip_middle_root_1_3_1,CNN,鮮紅,3,79,舌左邊,1,1,0.932748019695282
tip_middle_root_1_3_1,CNN,鮮紅,3,79,舌根,1,0,0.27642321586608887
tip_middle_root_1_3_1,CNN,鮮紅,3,84,舌中,0,0,0.11474509537220001
tip_middle_root_1_3_1,CNN,鮮紅,3,84,舌右邊,0,0,0.13061721622943878
tip_middle_root_1_3_1,CNN,鮮紅,3,84,舌尖,0,0,0.12371153384447098
tip_middle_root_1_3_1,CNN,鮮紅,3,84,舌左邊,0,0,0.27277958393096924
tip_middle_root_1_3_1,CNN,鮮紅,3,84,舌根,0,1,0.5335149168968201
tip_middle_root_1_3_1,CNN,鮮紅,3,88,舌中,0,0,0.3642053008079529
tip_middle_root_1_3_1,CNN,鮮紅,3,88,舌右邊,0,0,0.3594595491886139
tip_middle_root_1_3_1,CNN,鮮紅,3,88,舌尖,0,1,0.8668525218963623
tip_middle_root_1_3_1,CNN,鮮紅,3,88,舌左邊,0,0,0.38836222887039185
tip_middle_root_1_3_1,CNN,鮮紅,3,88,舌根,0,0,0.4158252775669098
tip_middle_root_1_3_1,CNN,鮮紅,3,93,舌中,1,0,0.4599514901638031
tip_middle_root_1_3_1,CNN,鮮紅,3,93,舌右邊,1,1,0.8003080487251282
tip_middle_root_1_3_1,CNN,鮮紅,3,93,舌尖,1,1,0.8912209272384644
tip_middle_root_1_3_1,CNN,鮮紅,3,93,舌左邊,1,1,0.834929347038269
tip_middle_root_1_3_1,CNN,鮮紅,3,93,舌根,1,1,0.9180130958557129
tip_middle_root_1_3_1,CNN,鮮紅,3,94,舌中,0,0,0.2384185492992401
tip_middle_root_1_3_1,CNN,鮮紅,3,94,舌右邊,0,1,0.8919761776924133
tip_middle_root_1_3_1,CNN,鮮紅,3,94,舌尖,0,1,0.7818167209625244
tip_middle_root_1_3_1,CNN,鮮紅,3,94,舌左邊,0,1,0.7039219737052917
tip_middle_root_1_3_1,CNN,鮮紅,3,94,舌根,0,0,0.4167557954788208
tip_middle_root_1_3_1,CNN,鮮紅,4,11,舌中,0,0,0.4135421812534332
tip_middle_root_1_3_1,CNN,鮮紅,4,11,舌右邊,0,1,0.8369961380958557
tip_middle_root_1_3_1,CNN,鮮紅,4,11,舌尖,0,1,0.9001970887184143
tip_middle_root_1_3_1,CNN,鮮紅,4,11,舌左邊,0,1,0.8442074060440063
tip_middle_root_1_3_1,CNN,鮮紅,4,11,舌根,0,1,0.7224564552307129
tip_middle_root_1_3_1,CNN,鮮紅,4,21,舌中,0,0,0.29874178767204285
tip_middle_root_1_3_1,CNN,鮮紅,4,21,舌右邊,0,0,0.48227640986442566
tip_middle_root_1_3_1,CNN,鮮紅,4,21,舌尖,0,1,0.6714654564857483
tip_middle_root_1_3_1,CNN,鮮紅,4,21,舌左邊,0,1,0.813453733921051
tip_middle_root_1_3_1,CNN,鮮紅,4,21,舌根,0,0,0.38890501856803894
tip_middle_root_1_3_1,CNN,鮮紅,4,29,舌中,0,0,0.32096216082572937
tip_middle_root_1_3_1,CNN,鮮紅,4,29,舌右邊,0,0,0.4040325880050659
tip_middle_root_1_3_1,CNN,鮮紅,4,29,舌尖,0,0,0.3786015212535858
tip_middle_root_1_3_1,CNN,鮮紅,4,29,舌左邊,0,0,0.29049307107925415
tip_middle_root_1_3_1,CNN,鮮紅,4,29,舌根,0,1,0.5140164494514465
tip_middle_root_1_3_1,CNN,鮮紅,4,32,舌右邊,1,1,0.7287318110466003
tip_middle_root_1_3_1,CNN,鮮紅,4,32,舌尖,1,1,0.7703027725219727
tip_middle_root_1_3_1,CNN,鮮紅,4,32,舌左邊,1,1,0.6847336888313293
tip_middle_root_1_3_1,CNN,鮮紅,4,34,舌右邊,1,1,0.7063422203063965
tip_middle_root_1_3_1,CNN,鮮紅,4,34,舌尖,1,1,0.7967028617858887
tip_middle_root_1_3_1,CNN,鮮紅,4,34,舌左邊,1,1,0.5937557816505432
tip_middle_root_1_3_1,CNN,鮮紅,4,36,舌中,0,0,0.359605997800827
tip_middle_root_1_3_1,CNN,鮮紅,4,36,舌右邊,0,1,0.5002331137657166
tip_middle_root_1_3_1,CNN,鮮紅,4,36,舌尖,0,1,0.6604006886482239
tip_middle_root_1_3_1,CNN,鮮紅,4,36,舌左邊,0,1,0.6536639332771301
tip_middle_root_1_3_1,CNN,鮮紅,4,36,舌根,0,0,0.42621809244155884
tip_middle_root_1_3_1,CNN,鮮紅,4,43,舌尖,1,1,0.915647029876709
tip_middle_root_1_3_1,CNN,鮮紅,4,49,舌中,0,0,0.1047128215432167
tip_middle_root_1_3_1,CNN,鮮紅,4,49,舌右邊,0,1,0.6921547055244446
tip_middle_root_1_3_1,CNN,鮮紅,4,49,舌尖,0,1,0.6314888596534729
tip_middle_root_1_3_1,CNN,鮮紅,4,49,舌左邊,0,0,0.4480290710926056
tip_middle_root_1_3_1,CNN,鮮紅,4,49,舌根,0,0,0.3477292060852051
tip_middle_root_1_3_1,CNN,鮮紅,4,53,舌尖,1,1,0.6552214026451111
tip_middle_root_1_3_1,CNN,鮮紅,4,60,舌尖,1,1,0.6075968146324158
tip_middle_root_1_3_1,CNN,鮮紅,4,70,舌中,1,0,0.334549218416214
tip_middle_root_1_3_1,CNN,鮮紅,4,70,舌右邊,1,1,0.6236830949783325
tip_middle_root_1_3_1,CNN,鮮紅,4,70,舌尖,1,1,0.8751973509788513
tip_middle_root_1_3_1,CNN,鮮紅,4,70,舌左邊,1,1,0.6539586782455444
tip_middle_root_1_3_1,CNN,鮮紅,4,70,舌根,1,1,0.5204646587371826
tip_middle_root_1_3_1,CNN,鮮紅,4,75,舌中,0,0,0.2972954213619232
tip_middle_root_1_3_1,CNN,鮮紅,4,75,舌右邊,0,0,0.4312940835952759
tip_middle_root_1_3_1,CNN,鮮紅,4,75,舌左邊,0,0,0.31928473711013794
tip_middle_root_1_3_1,CNN,鮮紅,4,75,舌根,0,0,0.33680376410484314
tip_middle_root_1_3_1,CNN,鮮紅,4,8,舌中,0,0,0.21831098198890686
tip_middle_root_1_3_1,CNN,鮮紅,4,8,舌右邊,0,0,0.4011998772621155
tip_middle_root_1_3_1,CNN,鮮紅,4,8,舌尖,0,1,0.6331578493118286
tip_middle_root_1_3_1,CNN,鮮紅,4,8,舌左邊,0,1,0.7318691611289978
tip_middle_root_1_3_1,CNN,鮮紅,4,8,舌根,0,0,0.41049960255622864
tip_middle_root_1_3_1,CNN,鮮紅,4,80,舌右邊,1,1,0.7946251034736633
tip_middle_root_1_3_1,CNN,鮮紅,4,80,舌左邊,1,1,0.6546061038970947
tip_middle_root_1_3_1,CNN,鮮紅,4,87,舌中,1,0,0.40442579984664917
tip_middle_root_1_3_1,CNN,鮮紅,4,87,舌右邊,1,1,0.7574557662010193
tip_middle_root_1_3_1,CNN,鮮紅,4,87,舌尖,1,1,0.8446844816207886
tip_middle_root_1_3_1,CNN,鮮紅,4,87,舌左邊,1,1,0.7503495812416077
tip_middle_root_1_3_1,CNN,鮮紅,4,87,舌根,1,0,0.44963377714157104
tip_middle_root_1_3_1,CNN,鮮紅,4,9,舌中,0,0,0.4140782058238983
tip_middle_root_1_3_1,CNN,鮮紅,4,9,舌右邊,0,1,0.6367804408073425
tip_middle_root_1_3_1,CNN,鮮紅,4,9,舌左邊,0,1,0.5834804773330688
tip_middle_root_1_3_1,CNN,鮮紅,4,9,舌根,0,0,0.4340376853942871
tip_middle_root_1_3_1,CNN,鮮紅,4,91,舌中,0,1,0.5060259699821472
tip_middle_root_1_3_1,CNN,鮮紅,4,91,舌右邊,0,0,0.14484502375125885
tip_middle_root_1_3_1,CNN,鮮紅,4,91,舌尖,0,1,0.6240221858024597
tip_middle_root_1_3_1,CNN,鮮紅,4,91,舌左邊,0,0,0.28726810216903687
tip_middle_root_1_3_1,CNN,鮮紅,4,91,舌根,0,1,0.5257543325424194
tip_middle_root_1_3_1,CNN,鮮紅,4,97,舌中,0,1,0.55524742603302
tip_middle_root_1_3_1,CNN,鮮紅,4,97,舌右邊,0,1,0.8419603705406189
tip_middle_root_1_3_1,CNN,鮮紅,4,97,舌尖,0,1,0.8242883682250977
tip_middle_root_1_3_1,CNN,鮮紅,4,97,舌左邊,0,1,0.5087250471115112
tip_middle_root_1_3_1,CNN,鮮紅,4,97,舌根,0,1,0.5032988786697388
tip_middle_root_1_3_1,CNN,鮮紅,5,100,舌根,0,1,0.7541101574897766
tip_middle_root_1_3_1,CNN,鮮紅,5,13,舌中,0,0,0.32852280139923096
tip_middle_root_1_3_1,CNN,鮮紅,5,13,舌右邊,0,1,0.7447511553764343
tip_middle_root_1_3_1,CNN,鮮紅,5,13,舌左邊,0,1,0.9169130921363831
tip_middle_root_1_3_1,CNN,鮮紅,5,13,舌根,0,1,0.5517421364784241
tip_middle_root_1_3_1,CNN,鮮紅,5,14,舌中,0,1,0.7659233212471008
tip_middle_root_1_3_1,CNN,鮮紅,5,14,舌右邊,0,1,0.865462601184845
tip_middle_root_1_3_1,CNN,鮮紅,5,14,舌尖,0,0,0.4989994466304779
tip_middle_root_1_3_1,CNN,鮮紅,5,14,舌左邊,0,1,0.8791577219963074
tip_middle_root_1_3_1,CNN,鮮紅,5,14,舌根,0,0,0.23813496530056
tip_middle_root_1_3_1,CNN,鮮紅,5,17,舌中,0,0,0.3696146607398987
tip_middle_root_1_3_1,CNN,鮮紅,5,17,舌右邊,0,1,0.8924298882484436
tip_middle_root_1_3_1,CNN,鮮紅,5,17,舌尖,0,1,0.7628974318504333
tip_middle_root_1_3_1,CNN,鮮紅,5,17,舌左邊,0,1,0.7809593081474304
tip_middle_root_1_3_1,CNN,鮮紅,5,17,舌根,0,0,0.403506338596344
tip_middle_root_1_3_1,CNN,鮮紅,5,18,舌中,0,0,0.3872487246990204
tip_middle_root_1_3_1,CNN,鮮紅,5,18,舌右邊,0,1,0.9047624468803406
tip_middle_root_1_3_1,CNN,鮮紅,5,18,舌尖,0,1,0.8622108697891235
tip_middle_root_1_3_1,CNN,鮮紅,5,18,舌左邊,0,1,0.6550973653793335
tip_middle_root_1_3_1,CNN,鮮紅,5,18,舌根,0,1,0.5495073795318604
tip_middle_root_1_3_1,CNN,鮮紅,5,22,舌中,1,1,0.543242871761322
tip_middle_root_1_3_1,CNN,鮮紅,5,22,舌右邊,1,1,0.900515079498291
tip_middle_root_1_3_1,CNN,鮮紅,5,22,舌尖,1,1,0.8086169362068176
tip_middle_root_1_3_1,CNN,鮮紅,5,22,舌左邊,1,1,0.8329920172691345
tip_middle_root_1_3_1,CNN,鮮紅,5,22,舌根,1,0,0.23384016752243042
tip_middle_root_1_3_1,CNN,鮮紅,5,28,舌中,0,0,0.3160133957862854
tip_middle_root_1_3_1,CNN,鮮紅,5,28,舌右邊,0,0,0.4334971308708191
tip_middle_root_1_3_1,CNN,鮮紅,5,28,舌尖,0,1,0.849829912185669
tip_middle_root_1_3_1,CNN,鮮紅,5,28,舌左邊,0,1,0.5310099124908447
tip_middle_root_1_3_1,CNN,鮮紅,5,28,舌根,0,0,0.37810516357421875
tip_middle_root_1_3_1,CNN,鮮紅,5,33,舌尖,1,1,0.7698327898979187
tip_middle_root_1_3_1,CNN,鮮紅,5,4,舌中,0,0,0.4025525748729706
tip_middle_root_1_3_1,CNN,鮮紅,5,4,舌尖,0,1,0.8985934257507324
tip_middle_root_1_3_1,CNN,鮮紅,5,55,舌中,0,0,0.30955246090888977
tip_middle_root_1_3_1,CNN,鮮紅,5,55,舌右邊,0,1,0.9402020573616028
tip_middle_root_1_3_1,CNN,鮮紅,5,55,舌尖,0,1,0.6724057197570801
tip_middle_root_1_3_1,CNN,鮮紅,5,55,舌左邊,0,1,0.611277163028717
tip_middle_root_1_3_1,CNN,鮮紅,5,55,舌根,0,1,0.6953409314155579
tip_middle_root_1_3_1,CNN,鮮紅,5,56,舌中,0,0,0.49292677640914917
tip_middle_root_1_3_1,CNN,鮮紅,5,56,舌右邊,0,0,0.4041456878185272
tip_middle_root_1_3_1,CNN,鮮紅,5,56,舌尖,0,1,0.8397358059883118
tip_middle_root_1_3_1,CNN,鮮紅,5,56,舌左邊,0,0,0.28285765647888184
tip_middle_root_1_3_1,CNN,鮮紅,5,56,舌根,0,1,0.5007352828979492
tip_middle_root_1_3_1,CNN,鮮紅,5,58,舌中,0,0,0.29169362783432007
tip_middle_root_1_3_1,CNN,鮮紅,5,58,舌右邊,0,0,0.34944212436676025
tip_middle_root_1_3_1,CNN,鮮紅,5,58,舌尖,0,1,0.7927915453910828
tip_middle_root_1_3_1,CNN,鮮紅,5,58,舌左邊,0,1,0.6334753036499023
tip_middle_root_1_3_1,CNN,鮮紅,5,58,舌根,0,0,0.49900123476982117
tip_middle_root_1_3_1,CNN,鮮紅,5,59,舌中,1,0,0.2281235158443451
tip_middle_root_1_3_1,CNN,鮮紅,5,59,舌右邊,1,1,0.5293965935707092
tip_middle_root_1_3_1,CNN,鮮紅,5,59,舌尖,1,1,0.8346883654594421
tip_middle_root_1_3_1,CNN,鮮紅,5,59,舌左邊,1,1,0.5801140666007996
tip_middle_root_1_3_1,CNN,鮮紅,5,66,舌中,1,1,0.7493710517883301
tip_middle_root_1_3_1,CNN,鮮紅,5,66,舌尖,1,1,0.8294338583946228
tip_middle_root_1_3_1,CNN,鮮紅,5,73,舌中,0,1,0.7593125104904175
tip_middle_root_1_3_1,CNN,鮮紅,5,73,舌根,0,1,0.6432353854179382
tip_middle_root_1_3_1,CNN,鮮紅,5,74,舌中,0,0,0.2802700996398926
tip_middle_root_1_3_1,CNN,鮮紅,5,74,舌右邊,0,1,0.8651125431060791
tip_middle_root_1_3_1,CNN,鮮紅,5,74,舌尖,0,1,0.8526172637939453
tip_middle_root_1_3_1,CNN,鮮紅,5,74,舌左邊,0,1,0.955328106880188
tip_middle_root_1_3_1,CNN,鮮紅,5,74,舌根,0,1,0.7715670466423035
tip_middle_root_1_3_1,CNN,鮮紅,5,89,舌右邊,1,1,0.7817007303237915
tip_middle_root_1_3_1,CNN,鮮紅,5,89,舌尖,1,1,0.9485107064247131
tip_middle_root_1_3_1,CNN,鮮紅,5,89,舌左邊,1,1,0.8492147922515869
tip_middle_root_1_3_1,CNN,鮮紅,5,95,舌中,1,0,0.437678724527359
tip_middle_root_1_3_1,CNN,鮮紅,5,95,舌右邊,1,0,0.3304002583026886
tip_middle_root_1_3_1,CNN,鮮紅,5,95,舌尖,1,1,0.7598698735237122
tip_middle_root_1_3_1,CNN,鮮紅,5,95,舌左邊,1,0,0.3902726471424103
tip_middle_root_1_3_1,CNN,鮮紅,5,95,舌根,1,1,0.6132633686065674
tip_middle_root_1_2_2,CNN,暗紅,1,100,舌中,0,0,0.3304092288017273
tip_middle_root_1_2_2,CNN,暗紅,1,100,舌右邊,0,1,0.5864639282226562
tip_middle_root_1_2_2,CNN,暗紅,1,100,舌尖,0,0,0.2816564440727234
tip_middle_root_1_2_2,CNN,暗紅,1,100,舌左邊,0,1,0.5816649198532104
tip_middle_root_1_2_2,CNN,暗紅,1,13,舌中,0,0,0.405552476644516
tip_middle_root_1_2_2,CNN,暗紅,1,13,舌右邊,0,1,0.5437155961990356
tip_middle_root_1_2_2,CNN,暗紅,1,13,舌尖,0,0,0.24855273962020874
tip_middle_root_1_2_2,CNN,暗紅,1,13,舌左邊,0,1,0.5051764249801636
tip_middle_root_1_2_2,CNN,暗紅,1,13,舌根,0,1,0.5347644090652466
tip_middle_root_1_2_2,CNN,暗紅,1,14,舌中,0,1,0.6430304050445557
tip_middle_root_1_2_2,CNN,暗紅,1,14,舌右邊,0,1,0.7004625201225281
tip_middle_root_1_2_2,CNN,暗紅,1,14,舌尖,0,0,0.34699204564094543
tip_middle_root_1_2_2,CNN,暗紅,1,14,舌左邊,0,0,0.4454486668109894
tip_middle_root_1_2_2,CNN,暗紅,1,14,舌根,0,0,0.3899044096469879
tip_middle_root_1_2_2,CNN,暗紅,1,20,舌中,0,1,0.6399408578872681
tip_middle_root_1_2_2,CNN,暗紅,1,20,舌右邊,0,1,0.59869384765625
tip_middle_root_1_2_2,CNN,暗紅,1,20,舌尖,0,0,0.16816814243793488
tip_middle_root_1_2_2,CNN,暗紅,1,20,舌左邊,0,1,0.5252833366394043
tip_middle_root_1_2_2,CNN,暗紅,1,20,舌根,0,0,0.351936012506485
tip_middle_root_1_2_2,CNN,暗紅,1,3,舌中,1,1,0.6195887327194214
tip_middle_root_1_2_2,CNN,暗紅,1,3,舌右邊,1,1,0.5971716046333313
tip_middle_root_1_2_2,CNN,暗紅,1,3,舌尖,1,0,0.21253500878810883
tip_middle_root_1_2_2,CNN,暗紅,1,3,舌左邊,1,0,0.4105883836746216
tip_middle_root_1_2_2,CNN,暗紅,1,3,舌根,0,1,0.5769196152687073
tip_middle_root_1_2_2,CNN,暗紅,1,30,舌中,0,1,0.5435351729393005
tip_middle_root_1_2_2,CNN,暗紅,1,30,舌尖,0,0,0.23711878061294556
tip_middle_root_1_2_2,CNN,暗紅,1,30,舌根,0,0,0.35241827368736267
tip_middle_root_1_2_2,CNN,暗紅,1,32,舌中,0,0,0.3743286728858948
tip_middle_root_1_2_2,CNN,暗紅,1,32,舌右邊,0,0,0.39704474806785583
tip_middle_root_1_2_2,CNN,暗紅,1,32,舌尖,0,0,0.29894185066223145
tip_middle_root_1_2_2,CNN,暗紅,1,32,舌左邊,0,1,0.5270947813987732
tip_middle_root_1_2_2,CNN,暗紅,1,32,舌根,0,0,0.37114906311035156
tip_middle_root_1_2_2,CNN,暗紅,1,33,舌尖,0,0,0.23534977436065674
tip_middle_root_1_2_2,CNN,暗紅,1,39,舌尖,0,0,0.36486053466796875
tip_middle_root_1_2_2,CNN,暗紅,1,39,舌左邊,0,0,0.4758135974407196
tip_middle_root_1_2_2,CNN,暗紅,1,55,舌中,0,0,0.3276931345462799
tip_middle_root_1_2_2,CNN,暗紅,1,55,舌右邊,0,0,0.4449148178100586
tip_middle_root_1_2_2,CNN,暗紅,1,55,舌尖,0,0,0.23885443806648254
tip_middle_root_1_2_2,CNN,暗紅,1,55,舌左邊,0,0,0.42791229486465454
tip_middle_root_1_2_2,CNN,暗紅,1,55,舌根,0,0,0.28278985619544983
tip_middle_root_1_2_2,CNN,暗紅,1,56,舌中,1,0,0.4280279874801636
tip_middle_root_1_2_2,CNN,暗紅,1,56,舌右邊,1,0,0.3707534968852997
tip_middle_root_1_2_2,CNN,暗紅,1,56,舌左邊,1,0,0.4646475911140442
tip_middle_root_1_2_2,CNN,暗紅,1,56,舌根,1,0,0.20505188405513763
tip_middle_root_1_2_2,CNN,暗紅,1,57,舌中,1,0,0.45116060972213745
tip_middle_root_1_2_2,CNN,暗紅,1,57,舌右邊,1,1,0.5171653032302856
tip_middle_root_1_2_2,CNN,暗紅,1,57,舌尖,1,0,0.18364037573337555
tip_middle_root_1_2_2,CNN,暗紅,1,57,舌左邊,1,1,0.5951664447784424
tip_middle_root_1_2_2,CNN,暗紅,1,57,舌根,1,1,0.5214296579360962
tip_middle_root_1_2_2,CNN,暗紅,1,72,舌中,0,1,0.5700364708900452
tip_middle_root_1_2_2,CNN,暗紅,1,72,舌右邊,0,0,0.4730645716190338
tip_middle_root_1_2_2,CNN,暗紅,1,72,舌尖,0,0,0.35048970580101013
tip_middle_root_1_2_2,CNN,暗紅,1,72,舌左邊,0,1,0.6271401643753052
tip_middle_root_1_2_2,CNN,暗紅,1,8,舌中,0,1,0.6251241564750671
tip_middle_root_1_2_2,CNN,暗紅,1,8,舌右邊,0,1,0.6075736880302429
tip_middle_root_1_2_2,CNN,暗紅,1,8,舌尖,0,0,0.22134941816329956
tip_middle_root_1_2_2,CNN,暗紅,1,8,舌左邊,0,1,0.5610241293907166
tip_middle_root_1_2_2,CNN,暗紅,1,8,舌根,0,0,0.21480144560337067
tip_middle_root_1_2_2,CNN,暗紅,1,82,舌中,0,0,0.3854738473892212
tip_middle_root_1_2_2,CNN,暗紅,1,82,舌右邊,0,0,0.42518264055252075
tip_middle_root_1_2_2,CNN,暗紅,1,82,舌尖,0,0,0.26042670011520386
tip_middle_root_1_2_2,CNN,暗紅,1,82,舌左邊,0,0,0.35311347246170044
tip_middle_root_1_2_2,CNN,暗紅,1,82,舌根,0,0,0.33181363344192505
tip_middle_root_1_2_2,CNN,暗紅,1,83,舌中,1,0,0.37335896492004395
tip_middle_root_1_2_2,CNN,暗紅,1,83,舌右邊,1,1,0.6224240660667419
tip_middle_root_1_2_2,CNN,暗紅,1,83,舌尖,1,0,0.34202840924263
tip_middle_root_1_2_2,CNN,暗紅,1,83,舌左邊,1,1,0.6242753863334656
tip_middle_root_1_2_2,CNN,暗紅,1,83,舌根,1,0,0.3381495773792267
tip_middle_root_1_2_2,CNN,暗紅,1,91,舌中,0,0,0.34931910037994385
tip_middle_root_1_2_2,CNN,暗紅,1,91,舌右邊,0,0,0.4492010176181793
tip_middle_root_1_2_2,CNN,暗紅,1,91,舌尖,0,0,0.40937501192092896
tip_middle_root_1_2_2,CNN,暗紅,1,91,舌左邊,0,1,0.5796768665313721
tip_middle_root_1_2_2,CNN,暗紅,1,91,舌根,0,0,0.10208780318498611
tip_middle_root_1_2_2,CNN,暗紅,1,96,舌中,0,1,0.5234081745147705
tip_middle_root_1_2_2,CNN,暗紅,1,96,舌右邊,0,0,0.3376825749874115
tip_middle_root_1_2_2,CNN,暗紅,1,96,舌尖,0,0,0.2611997723579407
tip_middle_root_1_2_2,CNN,暗紅,1,96,舌左邊,0,0,0.4215310215950012
tip_middle_root_1_2_2,CNN,暗紅,1,97,舌尖,0,0,0.3525029122829437
tip_middle_root_1_2_2,CNN,暗紅,2,16,舌中,0,1,0.6363106966018677
tip_middle_root_1_2_2,CNN,暗紅,2,16,舌右邊,0,1,0.6199958324432373
tip_middle_root_1_2_2,CNN,暗紅,2,16,舌尖,0,0,0.31969133019447327
tip_middle_root_1_2_2,CNN,暗紅,2,16,舌左邊,0,1,0.5032549500465393
tip_middle_root_1_2_2,CNN,暗紅,2,16,舌根,0,0,0.31976836919784546
tip_middle_root_1_2_2,CNN,暗紅,2,19,舌中,0,1,0.6645839810371399
tip_middle_root_1_2_2,CNN,暗紅,2,19,舌右邊,0,0,0.3976118564605713
tip_middle_root_1_2_2,CNN,暗紅,2,19,舌尖,0,0,0.1415938138961792
tip_middle_root_1_2_2,CNN,暗紅,2,19,舌左邊,0,1,0.5216145515441895
tip_middle_root_1_2_2,CNN,暗紅,2,19,舌根,0,0,0.40308481454849243
tip_middle_root_1_2_2,CNN,暗紅,2,2,舌中,0,1,0.6678555607795715
tip_middle_root_1_2_2,CNN,暗紅,2,2,舌右邊,0,1,0.6290934085845947
tip_middle_root_1_2_2,CNN,暗紅,2,2,舌左邊,0,0,0.48109200596809387
tip_middle_root_1_2_2,CNN,暗紅,2,2,舌根,0,0,0.41664668917655945
tip_middle_root_1_2_2,CNN,暗紅,2,23,舌中,0,0,0.4795401990413666
tip_middle_root_1_2_2,CNN,暗紅,2,23,舌右邊,0,1,0.5790731906890869
tip_middle_root_1_2_2,CNN,暗紅,2,23,舌尖,0,0,0.4314957857131958
tip_middle_root_1_2_2,CNN,暗紅,2,23,舌左邊,0,0,0.40301093459129333
tip_middle_root_1_2_2,CNN,暗紅,2,23,舌根,0,0,0.3691732585430145
tip_middle_root_1_2_2,CNN,暗紅,2,24,舌中,0,1,0.5790624022483826
tip_middle_root_1_2_2,CNN,暗紅,2,24,舌根,0,0,0.41574540734291077
tip_middle_root_1_2_2,CNN,暗紅,2,35,舌中,1,1,0.5949460864067078
tip_middle_root_1_2_2,CNN,暗紅,2,35,舌尖,0,0,0.23125609755516052
tip_middle_root_1_2_2,CNN,暗紅,2,35,舌根,1,0,0.363475501537323
tip_middle_root_1_2_2,CNN,暗紅,2,40,舌根,1,0,0.16040821373462677
tip_middle_root_1_2_2,CNN,暗紅,2,44,舌中,0,1,0.5669964551925659
tip_middle_root_1_2_2,CNN,暗紅,2,44,舌右邊,0,0,0.44770675897598267
tip_middle_root_1_2_2,CNN,暗紅,2,44,舌尖,0,0,0.1636016070842743
tip_middle_root_1_2_2,CNN,暗紅,2,44,舌左邊,0,1,0.5898090600967407
tip_middle_root_1_2_2,CNN,暗紅,2,47,舌中,1,1,0.5036872625350952
tip_middle_root_1_2_2,CNN,暗紅,2,47,舌右邊,1,0,0.32617223262786865
tip_middle_root_1_2_2,CNN,暗紅,2,47,舌尖,1,0,0.1853753626346588
tip_middle_root_1_2_2,CNN,暗紅,2,47,舌左邊,1,0,0.3640483617782593
tip_middle_root_1_2_2,CNN,暗紅,2,47,舌根,1,0,0.3457011580467224
tip_middle_root_1_2_2,CNN,暗紅,2,66,舌中,0,1,0.7032809853553772
tip_middle_root_1_2_2,CNN,暗紅,2,66,舌尖,0,0,0.43696966767311096
tip_middle_root_1_2_2,CNN,暗紅,2,69,舌中,1,1,0.6254667043685913
tip_middle_root_1_2_2,CNN,暗紅,2,69,舌尖,1,0,0.4512234628200531
tip_middle_root_1_2_2,CNN,暗紅,2,7,舌中,0,0,0.45180872082710266
tip_middle_root_1_2_2,CNN,暗紅,2,7,舌右邊,0,0,0.4221706986427307
tip_middle_root_1_2_2,CNN,暗紅,2,7,舌尖,0,1,0.5452065467834473
tip_middle_root_1_2_2,CNN,暗紅,2,7,舌左邊,0,0,0.4715854823589325
tip_middle_root_1_2_2,CNN,暗紅,2,7,舌根,0,0,0.33336374163627625
tip_middle_root_1_2_2,CNN,暗紅,2,71,舌根,1,0,0.36018994450569153
tip_middle_root_1_2_2,CNN,暗紅,2,74,舌中,1,1,0.5937124490737915
tip_middle_root_1_2_2,CNN,暗紅,2,74,舌右邊,1,1,0.6189665794372559
tip_middle_root_1_2_2,CNN,暗紅,2,74,舌左邊,1,0,0.40662023425102234
tip_middle_root_1_2_2,CNN,暗紅,2,74,舌根,1,0,0.4536049962043762
tip_middle_root_1_2_2,CNN,暗紅,2,76,舌中,1,0,0.3734045624732971
tip_middle_root_1_2_2,CNN,暗紅,2,76,舌右邊,1,1,0.5608736872673035
tip_middle_root_1_2_2,CNN,暗紅,2,76,舌尖,1,0,0.2883073389530182
tip_middle_root_1_2_2,CNN,暗紅,2,76,舌左邊,1,0,0.29730424284935
tip_middle_root_1_2_2,CNN,暗紅,2,76,舌根,1,0,0.41936632990837097
tip_middle_root_1_2_2,CNN,暗紅,2,80,舌右邊,0,0,0.20876003801822662
tip_middle_root_1_2_2,CNN,暗紅,2,80,舌左邊,0,0,0.2473578155040741
tip_middle_root_1_2_2,CNN,暗紅,2,80,舌根,0,0,0.281534880399704
tip_middle_root_1_2_2,CNN,暗紅,2,84,舌中,0,0,0.4553011655807495
tip_middle_root_1_2_2,CNN,暗紅,2,84,舌右邊,0,0,0.483481228351593
tip_middle_root_1_2_2,CNN,暗紅,2,84,舌尖,0,0,0.23781363666057587
tip_middle_root_1_2_2,CNN,暗紅,2,84,舌左邊,0,0,0.44286036491394043
tip_middle_root_1_2_2,CNN,暗紅,2,84,舌根,0,0,0.18034537136554718
tip_middle_root_1_2_2,CNN,暗紅,2,85,舌中,0,1,0.6290669441223145
tip_middle_root_1_2_2,CNN,暗紅,2,85,舌右邊,0,1,0.6130925416946411
tip_middle_root_1_2_2,CNN,暗紅,2,85,舌尖,0,0,0.30724650621414185
tip_middle_root_1_2_2,CNN,暗紅,2,85,舌左邊,0,0,0.42316100001335144
tip_middle_root_1_2_2,CNN,暗紅,2,85,舌根,0,0,0.1735125333070755
tip_middle_root_1_2_2,CNN,暗紅,2,87,舌中,0,1,0.6747429370880127
tip_middle_root_1_2_2,CNN,暗紅,2,87,舌右邊,0,0,0.16076721251010895
tip_middle_root_1_2_2,CNN,暗紅,2,87,舌尖,0,0,0.17998959124088287
tip_middle_root_1_2_2,CNN,暗紅,2,87,舌左邊,0,0,0.252842515707016
tip_middle_root_1_2_2,CNN,暗紅,2,87,舌根,0,0,0.25308454036712646
tip_middle_root_1_2_2,CNN,暗紅,2,93,舌中,0,1,0.5751899480819702
tip_middle_root_1_2_2,CNN,暗紅,2,93,舌右邊,0,0,0.25974568724632263
tip_middle_root_1_2_2,CNN,暗紅,2,93,舌尖,0,0,0.26320576667785645
tip_middle_root_1_2_2,CNN,暗紅,2,93,舌左邊,0,0,0.10947790741920471
tip_middle_root_1_2_2,CNN,暗紅,2,93,舌根,0,0,0.34397849440574646
tip_middle_root_1_2_2,CNN,暗紅,2,94,舌右邊,0,0,0.4868590235710144
tip_middle_root_1_2_2,CNN,暗紅,2,94,舌尖,0,0,0.1976039856672287
tip_middle_root_1_2_2,CNN,暗紅,2,94,舌左邊,0,0,0.3730848431587219
tip_middle_root_1_2_2,CNN,暗紅,2,94,舌根,0,0,0.2500153183937073
tip_middle_root_1_2_2,CNN,暗紅,3,12,舌中,0,1,0.6115370392799377
tip_middle_root_1_2_2,CNN,暗紅,3,12,舌右邊,0,1,0.6689212322235107
tip_middle_root_1_2_2,CNN,暗紅,3,12,舌尖,1,0,0.17755427956581116
tip_middle_root_1_2_2,CNN,暗紅,3,12,舌左邊,0,1,0.6335390210151672
tip_middle_root_1_2_2,CNN,暗紅,3,12,舌根,0,1,0.6560248136520386
tip_middle_root_1_2_2,CNN,暗紅,3,15,舌中,0,1,0.6397463083267212
tip_middle_root_1_2_2,CNN,暗紅,3,15,舌右邊,0,1,0.7512779831886292
tip_middle_root_1_2_2,CNN,暗紅,3,15,舌尖,0,0,0.27133145928382874
tip_middle_root_1_2_2,CNN,暗紅,3,15,舌左邊,0,1,0.756719708442688
tip_middle_root_1_2_2,CNN,暗紅,3,15,舌根,0,0,0.17874692380428314
tip_middle_root_1_2_2,CNN,暗紅,3,18,舌中,0,1,0.5302203893661499
tip_middle_root_1_2_2,CNN,暗紅,3,18,舌右邊,0,1,0.5538681745529175
tip_middle_root_1_2_2,CNN,暗紅,3,18,舌尖,0,0,0.4324907064437866
tip_middle_root_1_2_2,CNN,暗紅,3,18,舌左邊,0,1,0.6051412224769592
tip_middle_root_1_2_2,CNN,暗紅,3,18,舌根,0,0,0.46714484691619873
tip_middle_root_1_2_2,CNN,暗紅,3,21,舌中,0,1,0.6192392706871033
tip_middle_root_1_2_2,CNN,暗紅,3,21,舌右邊,0,1,0.5903036594390869
tip_middle_root_1_2_2,CNN,暗紅,3,21,舌尖,0,0,0.26376885175704956
tip_middle_root_1_2_2,CNN,暗紅,3,21,舌左邊,0,1,0.5271884799003601
tip_middle_root_1_2_2,CNN,暗紅,3,21,舌根,0,0,0.3510970175266266
tip_middle_root_1_2_2,CNN,暗紅,3,28,舌中,0,1,0.6013811826705933
tip_middle_root_1_2_2,CNN,暗紅,3,28,舌右邊,0,1,0.7325716614723206
tip_middle_root_1_2_2,CNN,暗紅,3,28,舌尖,0,0,0.34626877307891846
tip_middle_root_1_2_2,CNN,暗紅,3,28,舌左邊,0,1,0.6537486910820007
tip_middle_root_1_2_2,CNN,暗紅,3,28,舌根,0,0,0.35794907808303833
tip_middle_root_1_2_2,CNN,暗紅,3,29,舌中,0,1,0.5113940238952637
tip_middle_root_1_2_2,CNN,暗紅,3,29,舌尖,0,0,0.345798522233963
tip_middle_root_1_2_2,CNN,暗紅,3,38,舌中,0,0,0.22732529044151306
tip_middle_root_1_2_2,CNN,暗紅,3,38,舌右邊,0,1,0.5523361563682556
tip_middle_root_1_2_2,CNN,暗紅,3,38,舌尖,0,0,0.19762960076332092
tip_middle_root_1_2_2,CNN,暗紅,3,38,舌左邊,0,1,0.5367088317871094
tip_middle_root_1_2_2,CNN,暗紅,3,41,舌中,1,1,0.5429534912109375
tip_middle_root_1_2_2,CNN,暗紅,3,41,舌右邊,1,1,0.704521656036377
tip_middle_root_1_2_2,CNN,暗紅,3,41,舌尖,1,0,0.3262934982776642
tip_middle_root_1_2_2,CNN,暗紅,3,41,舌左邊,1,1,0.5099217295646667
tip_middle_root_1_2_2,CNN,暗紅,3,5,舌中,0,1,0.5120214223861694
tip_middle_root_1_2_2,CNN,暗紅,3,5,舌右邊,0,1,0.7437670826911926
tip_middle_root_1_2_2,CNN,暗紅,3,5,舌尖,0,0,0.39348095655441284
tip_middle_root_1_2_2,CNN,暗紅,3,5,舌左邊,0,1,0.6706956028938293
tip_middle_root_1_2_2,CNN,暗紅,3,5,舌根,0,0,0.34809714555740356
tip_middle_root_1_2_2,CNN,暗紅,3,50,舌中,1,1,0.6086127161979675
tip_middle_root_1_2_2,CNN,暗紅,3,50,舌右邊,1,1,0.6873170733451843
tip_middle_root_1_2_2,CNN,暗紅,3,50,舌左邊,1,1,0.6693123579025269
tip_middle_root_1_2_2,CNN,暗紅,3,50,舌根,1,0,0.18305227160453796
tip_middle_root_1_2_2,CNN,暗紅,3,51,舌中,0,0,0.43888697028160095
tip_middle_root_1_2_2,CNN,暗紅,3,51,舌右邊,0,0,0.36624592542648315
tip_middle_root_1_2_2,CNN,暗紅,3,51,舌尖,0,0,0.3028855621814728
tip_middle_root_1_2_2,CNN,暗紅,3,51,舌左邊,0,1,0.5268988013267517
tip_middle_root_1_2_2,CNN,暗紅,3,51,舌根,0,0,0.1578763872385025
tip_middle_root_1_2_2,CNN,暗紅,3,53,舌中,0,0,0.4513082802295685
tip_middle_root_1_2_2,CNN,暗紅,3,53,舌右邊,0,1,0.5435035824775696
tip_middle_root_1_2_2,CNN,暗紅,3,53,舌尖,0,0,0.36270004510879517
tip_middle_root_1_2_2,CNN,暗紅,3,53,舌左邊,0,1,0.5324682593345642
tip_middle_root_1_2_2,CNN,暗紅,3,53,舌根,0,0,0.1469423472881317
tip_middle_root_1_2_2,CNN,暗紅,3,60,舌中,0,1,0.5880880951881409
tip_middle_root_1_2_2,CNN,暗紅,3,60,舌右邊,0,1,0.5871774554252625
tip_middle_root_1_2_2,CNN,暗紅,3,60,舌尖,0,0,0.30373454093933105
tip_middle_root_1_2_2,CNN,暗紅,3,60,舌左邊,0,1,0.5290747880935669
tip_middle_root_1_2_2,CNN,暗紅,3,60,舌根,0,1,0.6121776700019836
tip_middle_root_1_2_2,CNN,暗紅,3,62,舌右邊,1,1,0.6526426076889038
tip_middle_root_1_2_2,CNN,暗紅,3,62,舌尖,1,0,0.47784721851348877
tip_middle_root_1_2_2,CNN,暗紅,3,64,舌中,1,0,0.35685956478118896
tip_middle_root_1_2_2,CNN,暗紅,3,68,舌右邊,1,1,0.7498946189880371
tip_middle_root_1_2_2,CNN,暗紅,3,68,舌左邊,1,1,0.7860382199287415
tip_middle_root_1_2_2,CNN,暗紅,3,68,舌根,0,1,0.6133214235305786
tip_middle_root_1_2_2,CNN,暗紅,3,78,舌中,0,1,0.6566017866134644
tip_middle_root_1_2_2,CNN,暗紅,3,78,舌尖,0,0,0.179005429148674
tip_middle_root_1_2_2,CNN,暗紅,3,78,舌根,0,0,0.38815411925315857
tip_middle_root_1_2_2,CNN,暗紅,3,81,舌中,1,0,0.3442099392414093
tip_middle_root_1_2_2,CNN,暗紅,3,81,舌右邊,1,0,0.32586854696273804
tip_middle_root_1_2_2,CNN,暗紅,3,81,舌尖,1,0,0.21808268129825592
tip_middle_root_1_2_2,CNN,暗紅,3,81,舌左邊,1,0,0.441333144903183
tip_middle_root_1_2_2,CNN,暗紅,3,81,舌根,1,0,0.25583648681640625
tip_middle_root_1_2_2,CNN,暗紅,3,95,舌中,0,1,0.511437714099884
tip_middle_root_1_2_2,CNN,暗紅,3,95,舌右邊,0,1,0.7312951683998108
tip_middle_root_1_2_2,CNN,暗紅,3,95,舌尖,0,0,0.33774974942207336
tip_middle_root_1_2_2,CNN,暗紅,3,95,舌左邊,0,1,0.681939959526062
tip_middle_root_1_2_2,CNN,暗紅,3,95,舌根,0,1,0.5045769214630127
tip_middle_root_1_2_2,CNN,暗紅,4,17,舌右邊,1,1,0.6907855868339539
tip_middle_root_1_2_2,CNN,暗紅,4,17,舌左邊,1,1,0.6023322939872742
tip_middle_root_1_2_2,CNN,暗紅,4,17,舌根,1,0,0.39463692903518677
tip_middle_root_1_2_2,CNN,暗紅,4,25,舌中,0,1,0.6982811093330383
tip_middle_root_1_2_2,CNN,暗紅,4,25,舌尖,0,0,0.19415439665317535
tip_middle_root_1_2_2,CNN,暗紅,4,31,舌右邊,0,0,0.24939623475074768
tip_middle_root_1_2_2,CNN,暗紅,4,31,舌尖,0,0,0.3833225965499878
tip_middle_root_1_2_2,CNN,暗紅,4,31,舌左邊,0,0,0.24266278743743896
tip_middle_root_1_2_2,CNN,暗紅,4,34,舌中,0,1,0.5211417078971863
tip_middle_root_1_2_2,CNN,暗紅,4,34,舌右邊,0,0,0.4547808766365051
tip_middle_root_1_2_2,CNN,暗紅,4,34,舌尖,0,0,0.3803376853466034
tip_middle_root_1_2_2,CNN,暗紅,4,34,舌左邊,0,0,0.3534327447414398
tip_middle_root_1_2_2,CNN,暗紅,4,36,舌中,0,0,0.44169896841049194
tip_middle_root_1_2_2,CNN,暗紅,4,36,舌右邊,0,0,0.39301151037216187
tip_middle_root_1_2_2,CNN,暗紅,4,36,舌尖,0,0,0.28975045680999756
tip_middle_root_1_2_2,CNN,暗紅,4,36,舌左邊,0,0,0.4762186110019684
tip_middle_root_1_2_2,CNN,暗紅,4,36,舌根,0,0,0.24823378026485443
tip_middle_root_1_2_2,CNN,暗紅,4,37,舌中,0,1,0.5433562397956848
tip_middle_root_1_2_2,CNN,暗紅,4,37,舌右邊,0,0,0.47683101892471313
tip_middle_root_1_2_2,CNN,暗紅,4,37,舌尖,0,0,0.2697772979736328
tip_middle_root_1_2_2,CNN,暗紅,4,37,舌左邊,0,1,0.5380126237869263
tip_middle_root_1_2_2,CNN,暗紅,4,37,舌根,0,0,0.41763508319854736
tip_middle_root_1_2_2,CNN,暗紅,4,42,舌尖,0,0,0.2972111105918884
tip_middle_root_1_2_2,CNN,暗紅,4,46,舌中,0,0,0.34417223930358887
tip_middle_root_1_2_2,CNN,暗紅,4,46,舌右邊,0,0,0.36161354184150696
tip_middle_root_1_2_2,CNN,暗紅,4,46,舌尖,0,0,0.3060128390789032
tip_middle_root_1_2_2,CNN,暗紅,4,46,舌左邊,0,0,0.36860570311546326
tip_middle_root_1_2_2,CNN,暗紅,4,48,舌中,1,0,0.3821719288825989
tip_middle_root_1_2_2,CNN,暗紅,4,48,舌右邊,1,0,0.37387144565582275
tip_middle_root_1_2_2,CNN,暗紅,4,48,舌左邊,1,0,0.3858117163181305
tip_middle_root_1_2_2,CNN,暗紅,4,48,舌根,1,0,0.18623441457748413
tip_middle_root_1_2_2,CNN,暗紅,4,49,舌中,0,1,0.6017952561378479
tip_middle_root_1_2_2,CNN,暗紅,4,49,舌右邊,0,0,0.38549551367759705
tip_middle_root_1_2_2,CNN,暗紅,4,49,舌尖,0,0,0.37297993898391724
tip_middle_root_1_2_2,CNN,暗紅,4,49,舌左邊,0,0,0.34343698620796204
tip_middle_root_1_2_2,CNN,暗紅,4,49,舌根,0,0,0.184745192527771
tip_middle_root_1_2_2,CNN,暗紅,4,54,舌中,0,1,0.6703579425811768
tip_middle_root_1_2_2,CNN,暗紅,4,54,舌右邊,0,1,0.5076764225959778
tip_middle_root_1_2_2,CNN,暗紅,4,54,舌尖,0,0,0.2672972083091736
tip_middle_root_1_2_2,CNN,暗紅,4,54,舌左邊,0,0,0.40858277678489685
tip_middle_root_1_2_2,CNN,暗紅,4,54,舌根,0,0,0.0661059096455574
tip_middle_root_1_2_2,CNN,暗紅,4,58,舌根,1,0,0.22489596903324127
tip_middle_root_1_2_2,CNN,暗紅,4,6,舌中,1,0,0.4163818955421448
tip_middle_root_1_2_2,CNN,暗紅,4,6,舌右邊,1,1,0.6181986927986145
tip_middle_root_1_2_2,CNN,暗紅,4,6,舌尖,1,0,0.2532901465892792
tip_middle_root_1_2_2,CNN,暗紅,4,6,舌左邊,1,0,0.29595959186553955
tip_middle_root_1_2_2,CNN,暗紅,4,6,舌根,1,0,0.06902077049016953
tip_middle_root_1_2_2,CNN,暗紅,4,65,舌中,0,0,0.3780767023563385
tip_middle_root_1_2_2,CNN,暗紅,4,65,舌右邊,0,0,0.169760063290596
tip_middle_root_1_2_2,CNN,暗紅,4,65,舌尖,0,0,0.2500768005847931
tip_middle_root_1_2_2,CNN,暗紅,4,65,舌左邊,0,0,0.20612961053848267
tip_middle_root_1_2_2,CNN,暗紅,4,65,舌根,0,0,0.11994944512844086
tip_middle_root_1_2_2,CNN,暗紅,4,67,舌右邊,0,0,0.2688882648944855
tip_middle_root_1_2_2,CNN,暗紅,4,67,舌尖,0,0,0.45502421259880066
tip_middle_root_1_2_2,CNN,暗紅,4,67,舌左邊,0,0,0.42550599575042725
tip_middle_root_1_2_2,CNN,暗紅,4,67,舌根,0,0,0.24942275881767273
tip_middle_root_1_2_2,CNN,暗紅,4,75,舌根,0,0,0.1193612590432167
tip_middle_root_1_2_2,CNN,暗紅,4,77,舌右邊,1,1,0.5029084086418152
tip_middle_root_1_2_2,CNN,暗紅,4,77,舌尖,1,0,0.36974695324897766
tip_middle_root_1_2_2,CNN,暗紅,4,77,舌左邊,1,0,0.4031383991241455
tip_middle_root_1_2_2,CNN,暗紅,4,77,舌根,1,0,0.4748184382915497
tip_middle_root_1_2_2,CNN,暗紅,4,79,舌中,0,0,0.29434576630592346
tip_middle_root_1_2_2,CNN,暗紅,4,79,舌右邊,0,0,0.3458573520183563
tip_middle_root_1_2_2,CNN,暗紅,4,79,舌尖,0,0,0.46043530106544495
tip_middle_root_1_2_2,CNN,暗紅,4,79,舌左邊,0,0,0.24440690875053406
tip_middle_root_1_2_2,CNN,暗紅,4,79,舌根,0,0,0.2058456540107727
tip_middle_root_1_2_2,CNN,暗紅,4,9,舌中,0,0,0.4189935624599457
tip_middle_root_1_2_2,CNN,暗紅,4,9,舌右邊,0,0,0.4918692111968994
tip_middle_root_1_2_2,CNN,暗紅,4,9,舌尖,0,0,0.4206600785255432
tip_middle_root_1_2_2,CNN,暗紅,4,9,舌左邊,0,1,0.5534020066261292
tip_middle_root_1_2_2,CNN,暗紅,4,9,舌根,0,0,0.11126762628555298
tip_middle_root_1_2_2,CNN,暗紅,4,98,舌右邊,1,1,0.5076735019683838
tip_middle_root_1_2_2,CNN,暗紅,4,98,舌左邊,1,0,0.44871094822883606
tip_middle_root_1_2_2,CNN,暗紅,4,99,舌中,0,0,0.4531569182872772
tip_middle_root_1_2_2,CNN,暗紅,4,99,舌右邊,0,1,0.5369518995285034
tip_middle_root_1_2_2,CNN,暗紅,4,99,舌尖,0,0,0.3042651116847992
tip_middle_root_1_2_2,CNN,暗紅,4,99,舌左邊,0,0,0.34552791714668274
tip_middle_root_1_2_2,CNN,暗紅,4,99,舌根,0,0,0.273959219455719
tip_middle_root_1_2_2,CNN,暗紅,5,1,舌中,1,0,0.4013778269290924
tip_middle_root_1_2_2,CNN,暗紅,5,1,舌右邊,1,1,0.6503851413726807
tip_middle_root_1_2_2,CNN,暗紅,5,1,舌尖,0,0,0.33879950642585754
tip_middle_root_1_2_2,CNN,暗紅,5,1,舌左邊,1,0,0.4544375538825989
tip_middle_root_1_2_2,CNN,暗紅,5,1,舌根,1,0,0.19502674043178558
tip_middle_root_1_2_2,CNN,暗紅,5,10,舌右邊,0,1,0.5671510696411133
tip_middle_root_1_2_2,CNN,暗紅,5,10,舌尖,0,0,0.3573339879512787
tip_middle_root_1_2_2,CNN,暗紅,5,10,舌左邊,0,1,0.6341589093208313
tip_middle_root_1_2_2,CNN,暗紅,5,11,舌中,1,0,0.24850298464298248
tip_middle_root_1_2_2,CNN,暗紅,5,11,舌右邊,1,1,0.5631312727928162
tip_middle_root_1_2_2,CNN,暗紅,5,11,舌尖,1,0,0.2275305986404419
tip_middle_root_1_2_2,CNN,暗紅,5,11,舌左邊,1,1,0.5123776793479919
tip_middle_root_1_2_2,CNN,暗紅,5,11,舌根,1,1,0.5991347432136536
tip_middle_root_1_2_2,CNN,暗紅,5,22,舌中,0,0,0.3967958092689514
tip_middle_root_1_2_2,CNN,暗紅,5,22,舌右邊,0,1,0.5254048109054565
tip_middle_root_1_2_2,CNN,暗紅,5,22,舌尖,0,0,0.26800334453582764
tip_middle_root_1_2_2,CNN,暗紅,5,22,舌左邊,0,1,0.5332684516906738
tip_middle_root_1_2_2,CNN,暗紅,5,22,舌根,0,0,0.47153618931770325
tip_middle_root_1_2_2,CNN,暗紅,5,26,舌中,0,0,0.44134652614593506
tip_middle_root_1_2_2,CNN,暗紅,5,26,舌右邊,0,0,0.4739641547203064
tip_middle_root_1_2_2,CNN,暗紅,5,26,舌尖,0,0,0.2988532781600952
tip_middle_root_1_2_2,CNN,暗紅,5,26,舌左邊,0,1,0.5567770600318909
tip_middle_root_1_2_2,CNN,暗紅,5,26,舌根,0,0,0.4253689646720886
tip_middle_root_1_2_2,CNN,暗紅,5,27,舌中,0,1,0.5391640663146973
tip_middle_root_1_2_2,CNN,暗紅,5,27,舌右邊,0,1,0.6537871956825256
tip_middle_root_1_2_2,CNN,暗紅,5,27,舌尖,0,0,0.37352970242500305
tip_middle_root_1_2_2,CNN,暗紅,5,27,舌左邊,0,1,0.7154658436775208
tip_middle_root_1_2_2,CNN,暗紅,5,27,舌根,0,0,0.4328128397464752
tip_middle_root_1_2_2,CNN,暗紅,5,43,舌中,0,1,0.5460911393165588
tip_middle_root_1_2_2,CNN,暗紅,5,43,舌右邊,0,1,0.5621047019958496
tip_middle_root_1_2_2,CNN,暗紅,5,43,舌尖,0,0,0.28582751750946045
tip_middle_root_1_2_2,CNN,暗紅,5,43,舌左邊,0,0,0.4072725772857666
tip_middle_root_1_2_2,CNN,暗紅,5,43,舌根,0,1,0.5038626194000244
tip_middle_root_1_2_2,CNN,暗紅,5,45,舌中,1,0,0.3458006680011749
tip_middle_root_1_2_2,CNN,暗紅,5,45,舌右邊,0,1,0.5956031084060669
tip_middle_root_1_2_2,CNN,暗紅,5,45,舌尖,0,0,0.4494081735610962
tip_middle_root_1_2_2,CNN,暗紅,5,45,舌左邊,0,0,0.4461999833583832
tip_middle_root_1_2_2,CNN,暗紅,5,45,舌根,1,1,0.5005537867546082
tip_middle_root_1_2_2,CNN,暗紅,5,52,舌中,0,0,0.49806660413742065
tip_middle_root_1_2_2,CNN,暗紅,5,52,舌右邊,0,1,0.512079119682312
tip_middle_root_1_2_2,CNN,暗紅,5,52,舌尖,0,0,0.3545413017272949
tip_middle_root_1_2_2,CNN,暗紅,5,52,舌左邊,0,1,0.5812209844589233
tip_middle_root_1_2_2,CNN,暗紅,5,52,舌根,0,0,0.31117719411849976
tip_middle_root_1_2_2,CNN,暗紅,5,59,舌中,0,1,0.5587229132652283
tip_middle_root_1_2_2,CNN,暗紅,5,59,舌右邊,0,1,0.5759355425834656
tip_middle_root_1_2_2,CNN,暗紅,5,59,舌尖,0,0,0.38171929121017456
tip_middle_root_1_2_2,CNN,暗紅,5,59,舌左邊,0,0,0.4735371172428131
tip_middle_root_1_2_2,CNN,暗紅,5,59,舌根,0,0,0.26054564118385315
tip_middle_root_1_2_2,CNN,暗紅,5,61,舌中,1,0,0.3136627674102783
tip_middle_root_1_2_2,CNN,暗紅,5,61,舌右邊,1,1,0.6558960676193237
tip_middle_root_1_2_2,CNN,暗紅,5,61,舌尖,1,0,0.32748034596443176
tip_middle_root_1_2_2,CNN,暗紅,5,61,舌左邊,1,1,0.6114999055862427
tip_middle_root_1_2_2,CNN,暗紅,5,61,舌根,1,0,0.2523932158946991
tip_middle_root_1_2_2,CNN,暗紅,5,63,舌中,1,0,0.3680088520050049
tip_middle_root_1_2_2,CNN,暗紅,5,63,舌右邊,1,1,0.7256931662559509
tip_middle_root_1_2_2,CNN,暗紅,5,63,舌左邊,1,1,0.5051022171974182
tip_middle_root_1_2_2,CNN,暗紅,5,70,舌中,0,1,0.5903655290603638
tip_middle_root_1_2_2,CNN,暗紅,5,70,舌右邊,0,0,0.2978523373603821
tip_middle_root_1_2_2,CNN,暗紅,5,70,舌尖,0,0,0.38824909925460815
tip_middle_root_1_2_2,CNN,暗紅,5,70,舌左邊,0,1,0.5926141738891602
tip_middle_root_1_2_2,CNN,暗紅,5,70,舌根,0,0,0.3451530635356903
tip_middle_root_1_2_2,CNN,暗紅,5,73,舌右邊,0,0,0.4488585591316223
tip_middle_root_1_2_2,CNN,暗紅,5,73,舌左邊,0,0,0.3521108627319336
tip_middle_root_1_2_2,CNN,暗紅,5,86,舌中,0,0,0.35988324880599976
tip_middle_root_1_2_2,CNN,暗紅,5,86,舌右邊,0,1,0.6756268739700317
tip_middle_root_1_2_2,CNN,暗紅,5,86,舌尖,0,0,0.375502347946167
tip_middle_root_1_2_2,CNN,暗紅,5,86,舌左邊,0,1,0.5887593626976013
tip_middle_root_1_2_2,CNN,暗紅,5,89,舌中,0,0,0.29294994473457336
tip_middle_root_1_2_2,CNN,暗紅,5,89,舌右邊,0,1,0.7031435370445251
tip_middle_root_1_2_2,CNN,暗紅,5,89,舌尖,0,0,0.35353970527648926
tip_middle_root_1_2_2,CNN,暗紅,5,89,舌左邊,0,0,0.46043893694877625
tip_middle_root_1_2_2,CNN,暗紅,5,90,舌中,0,0,0.4333328306674957
tip_middle_root_1_2_2,CNN,暗紅,5,90,舌右邊,0,0,0.2945156395435333
tip_middle_root_1_2_2,CNN,暗紅,5,90,舌尖,0,0,0.40975186228752136
tip_middle_root_1_2_2,CNN,暗紅,5,90,舌左邊,0,0,0.339499294757843
tip_middle_root_1_2_2,CNN,暗紅,5,90,舌根,0,0,0.36563363671302795
tip_middle_root_1_2_2,CNN,暗紅,5,92,舌右邊,0,1,0.6046071648597717
tip_middle_root_1_2_2,CNN,暗紅,5,92,舌尖,0,0,0.3151460289955139
tip_middle_root_1_2_2,CNN,暗紅,5,92,舌左邊,0,0,0.3689058721065521
tip_middle_root_1_2_2,CNN,暗紅,5,92,舌根,0,0,0.26555755734443665
tip_middle_root_1_3_1,CNN,暗紅,1,100,舌中,0,1,0.6946099996566772
tip_middle_root_1_3_1,CNN,暗紅,1,100,舌右邊,0,0,0.4075414836406708
tip_middle_root_1_3_1,CNN,暗紅,1,100,舌尖,0,0,0.31563958525657654
tip_middle_root_1_3_1,CNN,暗紅,1,100,舌左邊,0,1,0.5390581488609314
tip_middle_root_1_3_1,CNN,暗紅,1,13,舌中,0,1,0.7222245335578918
tip_middle_root_1_3_1,CNN,暗紅,1,13,舌右邊,0,1,0.5865117907524109
tip_middle_root_1_3_1,CNN,暗紅,1,13,舌尖,0,0,0.22625170648097992
tip_middle_root_1_3_1,CNN,暗紅,1,13,舌左邊,0,0,0.28934988379478455
tip_middle_root_1_3_1,CNN,暗紅,1,13,舌根,0,0,0.35085436701774597
tip_middle_root_1_3_1,CNN,暗紅,1,14,舌中,0,1,0.7887012362480164
tip_middle_root_1_3_1,CNN,暗紅,1,14,舌右邊,0,0,0.49871039390563965
tip_middle_root_1_3_1,CNN,暗紅,1,14,舌尖,0,0,0.4038071930408478
tip_middle_root_1_3_1,CNN,暗紅,1,14,舌左邊,0,0,0.2955581843852997
tip_middle_root_1_3_1,CNN,暗紅,1,14,舌根,0,0,0.4929323196411133
tip_middle_root_1_3_1,CNN,暗紅,1,20,舌中,0,1,0.6360030174255371
tip_middle_root_1_3_1,CNN,暗紅,1,20,舌右邊,0,1,0.5212962031364441
tip_middle_root_1_3_1,CNN,暗紅,1,20,舌尖,0,0,0.13445024192333221
tip_middle_root_1_3_1,CNN,暗紅,1,20,舌左邊,0,0,0.41068801283836365
tip_middle_root_1_3_1,CNN,暗紅,1,20,舌根,0,0,0.23504289984703064
tip_middle_root_1_3_1,CNN,暗紅,1,3,舌中,1,1,0.6747831702232361
tip_middle_root_1_3_1,CNN,暗紅,1,3,舌右邊,1,0,0.20319141447544098
tip_middle_root_1_3_1,CNN,暗紅,1,3,舌尖,1,0,0.2136986255645752
tip_middle_root_1_3_1,CNN,暗紅,1,3,舌左邊,1,0,0.4242068827152252
tip_middle_root_1_3_1,CNN,暗紅,1,3,舌根,0,1,0.5211255550384521
tip_middle_root_1_3_1,CNN,暗紅,1,30,舌中,0,1,0.6880491375923157
tip_middle_root_1_3_1,CNN,暗紅,1,30,舌尖,0,0,0.2521887421607971
tip_middle_root_1_3_1,CNN,暗紅,1,30,舌根,0,0,0.29731133580207825
tip_middle_root_1_3_1,CNN,暗紅,1,32,舌中,0,1,0.5180405974388123
tip_middle_root_1_3_1,CNN,暗紅,1,32,舌右邊,0,0,0.4252673089504242
tip_middle_root_1_3_1,CNN,暗紅,1,32,舌尖,0,0,0.25953173637390137
tip_middle_root_1_3_1,CNN,暗紅,1,32,舌左邊,0,0,0.4413054585456848
tip_middle_root_1_3_1,CNN,暗紅,1,32,舌根,0,0,0.4510277807712555
tip_middle_root_1_3_1,CNN,暗紅,1,33,舌尖,0,0,0.17732538282871246
tip_middle_root_1_3_1,CNN,暗紅,1,39,舌尖,0,0,0.35066381096839905
tip_middle_root_1_3_1,CNN,暗紅,1,39,舌左邊,0,0,0.46816450357437134
tip_middle_root_1_3_1,CNN,暗紅,1,55,舌中,0,1,0.6500032544136047
tip_middle_root_1_3_1,CNN,暗紅,1,55,舌右邊,0,0,0.420070081949234
tip_middle_root_1_3_1,CNN,暗紅,1,55,舌尖,0,0,0.24441960453987122
tip_middle_root_1_3_1,CNN,暗紅,1,55,舌左邊,0,0,0.3921434283256531
tip_middle_root_1_3_1,CNN,暗紅,1,55,舌根,0,0,0.3370746076107025
tip_middle_root_1_3_1,CNN,暗紅,1,56,舌中,1,0,0.3786311447620392
tip_middle_root_1_3_1,CNN,暗紅,1,56,舌右邊,1,0,0.45304667949676514
tip_middle_root_1_3_1,CNN,暗紅,1,56,舌左邊,1,0,0.3289385139942169
tip_middle_root_1_3_1,CNN,暗紅,1,56,舌根,1,0,0.1913929283618927
tip_middle_root_1_3_1,CNN,暗紅,1,57,舌中,1,1,0.5475268363952637
tip_middle_root_1_3_1,CNN,暗紅,1,57,舌右邊,1,1,0.574935257434845
tip_middle_root_1_3_1,CNN,暗紅,1,57,舌尖,1,0,0.1639433354139328
tip_middle_root_1_3_1,CNN,暗紅,1,57,舌左邊,1,0,0.41067424416542053
tip_middle_root_1_3_1,CNN,暗紅,1,57,舌根,1,0,0.42625775933265686
tip_middle_root_1_3_1,CNN,暗紅,1,72,舌中,0,1,0.5263398885726929
tip_middle_root_1_3_1,CNN,暗紅,1,72,舌右邊,0,1,0.6900852918624878
tip_middle_root_1_3_1,CNN,暗紅,1,72,舌尖,0,0,0.2713639736175537
tip_middle_root_1_3_1,CNN,暗紅,1,72,舌左邊,0,1,0.6954464316368103
tip_middle_root_1_3_1,CNN,暗紅,1,8,舌中,0,1,0.7315738797187805
tip_middle_root_1_3_1,CNN,暗紅,1,8,舌右邊,0,0,0.4378521144390106
tip_middle_root_1_3_1,CNN,暗紅,1,8,舌尖,0,0,0.24281726777553558
tip_middle_root_1_3_1,CNN,暗紅,1,8,舌左邊,0,1,0.504494845867157
tip_middle_root_1_3_1,CNN,暗紅,1,8,舌根,0,0,0.4333784580230713
tip_middle_root_1_3_1,CNN,暗紅,1,82,舌中,0,0,0.470537394285202
tip_middle_root_1_3_1,CNN,暗紅,1,82,舌右邊,0,1,0.5879773497581482
tip_middle_root_1_3_1,CNN,暗紅,1,82,舌尖,0,0,0.2384345978498459
tip_middle_root_1_3_1,CNN,暗紅,1,82,舌左邊,0,0,0.4287806451320648
tip_middle_root_1_3_1,CNN,暗紅,1,82,舌根,0,0,0.42120593786239624
tip_middle_root_1_3_1,CNN,暗紅,1,83,舌中,1,0,0.41753247380256653
tip_middle_root_1_3_1,CNN,暗紅,1,83,舌右邊,1,1,0.5521486401557922
tip_middle_root_1_3_1,CNN,暗紅,1,83,舌尖,1,0,0.38427823781967163
tip_middle_root_1_3_1,CNN,暗紅,1,83,舌左邊,1,1,0.683893084526062
tip_middle_root_1_3_1,CNN,暗紅,1,83,舌根,1,0,0.1860843151807785
tip_middle_root_1_3_1,CNN,暗紅,1,91,舌中,0,0,0.45108163356781006
tip_middle_root_1_3_1,CNN,暗紅,1,91,舌右邊,0,0,0.31617555022239685
tip_middle_root_1_3_1,CNN,暗紅,1,91,舌尖,0,0,0.39843517541885376
tip_middle_root_1_3_1,CNN,暗紅,1,91,舌左邊,0,0,0.4218900501728058
tip_middle_root_1_3_1,CNN,暗紅,1,91,舌根,0,0,0.15340416133403778
tip_middle_root_1_3_1,CNN,暗紅,1,96,舌中,0,1,0.5240314602851868
tip_middle_root_1_3_1,CNN,暗紅,1,96,舌右邊,0,0,0.28939729928970337
tip_middle_root_1_3_1,CNN,暗紅,1,96,舌尖,0,0,0.2509825527667999
tip_middle_root_1_3_1,CNN,暗紅,1,96,舌左邊,0,0,0.46195363998413086
tip_middle_root_1_3_1,CNN,暗紅,1,97,舌尖,0,0,0.3130300045013428
tip_middle_root_1_3_1,CNN,暗紅,2,16,舌中,0,1,0.5915791988372803
tip_middle_root_1_3_1,CNN,暗紅,2,16,舌右邊,0,0,0.4163358509540558
tip_middle_root_1_3_1,CNN,暗紅,2,16,舌尖,0,0,0.4836558401584625
tip_middle_root_1_3_1,CNN,暗紅,2,16,舌左邊,0,0,0.4554121494293213
tip_middle_root_1_3_1,CNN,暗紅,2,16,舌根,0,0,0.4570063650608063
tip_middle_root_1_3_1,CNN,暗紅,2,19,舌中,0,0,0.45540785789489746
tip_middle_root_1_3_1,CNN,暗紅,2,19,舌右邊,0,0,0.41026461124420166
tip_middle_root_1_3_1,CNN,暗紅,2,19,舌尖,0,0,0.10071615129709244
tip_middle_root_1_3_1,CNN,暗紅,2,19,舌左邊,0,0,0.42150115966796875
tip_middle_root_1_3_1,CNN,暗紅,2,19,舌根,0,0,0.33090078830718994
tip_middle_root_1_3_1,CNN,暗紅,2,2,舌中,0,1,0.5487321019172668
tip_middle_root_1_3_1,CNN,暗紅,2,2,舌右邊,0,0,0.14606674015522003
tip_middle_root_1_3_1,CNN,暗紅,2,2,舌左邊,0,0,0.27072563767433167
tip_middle_root_1_3_1,CNN,暗紅,2,2,舌根,0,0,0.4832845628261566
tip_middle_root_1_3_1,CNN,暗紅,2,23,舌中,0,1,0.639331042766571
tip_middle_root_1_3_1,CNN,暗紅,2,23,舌右邊,0,0,0.4729882776737213
tip_middle_root_1_3_1,CNN,暗紅,2,23,舌尖,0,0,0.342784583568573
tip_middle_root_1_3_1,CNN,暗紅,2,23,舌左邊,0,0,0.33538559079170227
tip_middle_root_1_3_1,CNN,暗紅,2,23,舌根,0,0,0.41625338792800903
tip_middle_root_1_3_1,CNN,暗紅,2,24,舌中,0,0,0.25264889001846313
tip_middle_root_1_3_1,CNN,暗紅,2,24,舌根,0,0,0.3439772427082062
tip_middle_root_1_3_1,CNN,暗紅,2,35,舌中,1,0,0.36686593294143677
tip_middle_root_1_3_1,CNN,暗紅,2,35,舌尖,0,0,0.4167654812335968
tip_middle_root_1_3_1,CNN,暗紅,2,35,舌根,1,1,0.530147135257721
tip_middle_root_1_3_1,CNN,暗紅,2,40,舌根,1,0,0.36925628781318665
tip_middle_root_1_3_1,CNN,暗紅,2,44,舌中,0,1,0.5332374572753906
tip_middle_root_1_3_1,CNN,暗紅,2,44,舌右邊,0,0,0.42024680972099304
tip_middle_root_1_3_1,CNN,暗紅,2,44,舌尖,0,0,0.18839778006076813
tip_middle_root_1_3_1,CNN,暗紅,2,44,舌左邊,0,0,0.4632820785045624
tip_middle_root_1_3_1,CNN,暗紅,2,47,舌中,1,0,0.41215673089027405
tip_middle_root_1_3_1,CNN,暗紅,2,47,舌右邊,1,1,0.568897545337677
tip_middle_root_1_3_1,CNN,暗紅,2,47,舌尖,1,0,0.2652692496776581
tip_middle_root_1_3_1,CNN,暗紅,2,47,舌左邊,1,0,0.4471069872379303
tip_middle_root_1_3_1,CNN,暗紅,2,47,舌根,1,0,0.36681628227233887
tip_middle_root_1_3_1,CNN,暗紅,2,66,舌中,0,1,0.5048221349716187
tip_middle_root_1_3_1,CNN,暗紅,2,66,舌尖,0,0,0.33560511469841003
tip_middle_root_1_3_1,CNN,暗紅,2,69,舌中,1,0,0.4446851313114166
tip_middle_root_1_3_1,CNN,暗紅,2,69,舌尖,1,0,0.4583396911621094
tip_middle_root_1_3_1,CNN,暗紅,2,7,舌中,0,1,0.694520890712738
tip_middle_root_1_3_1,CNN,暗紅,2,7,舌右邊,0,0,0.44547340273857117
tip_middle_root_1_3_1,CNN,暗紅,2,7,舌尖,0,1,0.5907368659973145
tip_middle_root_1_3_1,CNN,暗紅,2,7,舌左邊,0,0,0.46045026183128357
tip_middle_root_1_3_1,CNN,暗紅,2,7,舌根,0,1,0.5121001601219177
tip_middle_root_1_3_1,CNN,暗紅,2,71,舌根,1,0,0.2633883059024811
tip_middle_root_1_3_1,CNN,暗紅,2,74,舌中,1,1,0.5271968841552734
tip_middle_root_1_3_1,CNN,暗紅,2,74,舌右邊,1,1,0.527964174747467
tip_middle_root_1_3_1,CNN,暗紅,2,74,舌左邊,1,0,0.43437543511390686
tip_middle_root_1_3_1,CNN,暗紅,2,74,舌根,1,0,0.4199249744415283
tip_middle_root_1_3_1,CNN,暗紅,2,76,舌中,1,0,0.3241574168205261
tip_middle_root_1_3_1,CNN,暗紅,2,76,舌右邊,1,0,0.26940563321113586
tip_middle_root_1_3_1,CNN,暗紅,2,76,舌尖,1,0,0.28023630380630493
tip_middle_root_1_3_1,CNN,暗紅,2,76,舌左邊,1,1,0.5414737462997437
tip_middle_root_1_3_1,CNN,暗紅,2,76,舌根,1,0,0.35654908418655396
tip_middle_root_1_3_1,CNN,暗紅,2,80,舌右邊,0,0,0.27857887744903564
tip_middle_root_1_3_1,CNN,暗紅,2,80,舌左邊,0,0,0.32226982712745667
tip_middle_root_1_3_1,CNN,暗紅,2,80,舌根,0,0,0.2606123089790344
tip_middle_root_1_3_1,CNN,暗紅,2,84,舌中,0,1,0.5629187226295471
tip_middle_root_1_3_1,CNN,暗紅,2,84,舌右邊,0,0,0.3068891167640686
tip_middle_root_1_3_1,CNN,暗紅,2,84,舌尖,0,0,0.37175536155700684
tip_middle_root_1_3_1,CNN,暗紅,2,84,舌左邊,0,0,0.2009057104587555
tip_middle_root_1_3_1,CNN,暗紅,2,84,舌根,0,0,0.39255109429359436
tip_middle_root_1_3_1,CNN,暗紅,2,85,舌中,0,1,0.5677997469902039
tip_middle_root_1_3_1,CNN,暗紅,2,85,舌右邊,0,0,0.2878657579421997
tip_middle_root_1_3_1,CNN,暗紅,2,85,舌尖,0,0,0.18462593853473663
tip_middle_root_1_3_1,CNN,暗紅,2,85,舌左邊,0,0,0.3294968008995056
tip_middle_root_1_3_1,CNN,暗紅,2,85,舌根,0,0,0.13394376635551453
tip_middle_root_1_3_1,CNN,暗紅,2,87,舌中,0,0,0.44016319513320923
tip_middle_root_1_3_1,CNN,暗紅,2,87,舌右邊,0,0,0.2298896163702011
tip_middle_root_1_3_1,CNN,暗紅,2,87,舌尖,0,0,0.2404595911502838
tip_middle_root_1_3_1,CNN,暗紅,2,87,舌左邊,0,0,0.2990511655807495
tip_middle_root_1_3_1,CNN,暗紅,2,87,舌根,0,0,0.052689746022224426
tip_middle_root_1_3_1,CNN,暗紅,2,93,舌中,0,0,0.2826021611690521
tip_middle_root_1_3_1,CNN,暗紅,2,93,舌右邊,0,0,0.49055957794189453
tip_middle_root_1_3_1,CNN,暗紅,2,93,舌尖,0,0,0.3591679036617279
tip_middle_root_1_3_1,CNN,暗紅,2,93,舌左邊,0,0,0.2822045385837555
tip_middle_root_1_3_1,CNN,暗紅,2,93,舌根,0,0,0.1509227752685547
tip_middle_root_1_3_1,CNN,暗紅,2,94,舌右邊,0,0,0.3806591331958771
tip_middle_root_1_3_1,CNN,暗紅,2,94,舌尖,0,0,0.23860962688922882
tip_middle_root_1_3_1,CNN,暗紅,2,94,舌左邊,0,0,0.4696243107318878
tip_middle_root_1_3_1,CNN,暗紅,2,94,舌根,0,0,0.36227914690971375
tip_middle_root_1_3_1,CNN,暗紅,3,12,舌中,0,1,0.5551400184631348
tip_middle_root_1_3_1,CNN,暗紅,3,12,舌右邊,0,0,0.4751794934272766
tip_middle_root_1_3_1,CNN,暗紅,3,12,舌尖,1,0,0.23787029087543488
tip_middle_root_1_3_1,CNN,暗紅,3,12,舌左邊,0,1,0.6356855034828186
tip_middle_root_1_3_1,CNN,暗紅,3,12,舌根,0,0,0.31552058458328247
tip_middle_root_1_3_1,CNN,暗紅,3,15,舌中,0,1,0.6389266848564148
tip_middle_root_1_3_1,CNN,暗紅,3,15,舌右邊,0,1,0.7822005152702332
tip_middle_root_1_3_1,CNN,暗紅,3,15,舌尖,0,0,0.4017716646194458
tip_middle_root_1_3_1,CNN,暗紅,3,15,舌左邊,0,1,0.805423378944397
tip_middle_root_1_3_1,CNN,暗紅,3,15,舌根,0,0,0.27560654282569885
tip_middle_root_1_3_1,CNN,暗紅,3,18,舌中,0,1,0.5890480279922485
tip_middle_root_1_3_1,CNN,暗紅,3,18,舌右邊,0,0,0.38774359226226807
tip_middle_root_1_3_1,CNN,暗紅,3,18,舌尖,0,0,0.3544227182865143
tip_middle_root_1_3_1,CNN,暗紅,3,18,舌左邊,0,0,0.45958849787712097
tip_middle_root_1_3_1,CNN,暗紅,3,18,舌根,0,0,0.13562406599521637
tip_middle_root_1_3_1,CNN,暗紅,3,21,舌中,0,0,0.4188916087150574
tip_middle_root_1_3_1,CNN,暗紅,3,21,舌右邊,0,0,0.4342091381549835
tip_middle_root_1_3_1,CNN,暗紅,3,21,舌尖,0,0,0.18661272525787354
tip_middle_root_1_3_1,CNN,暗紅,3,21,舌左邊,0,1,0.5065094232559204
tip_middle_root_1_3_1,CNN,暗紅,3,21,舌根,0,0,0.1449684053659439
tip_middle_root_1_3_1,CNN,暗紅,3,28,舌中,0,0,0.30799344182014465
tip_middle_root_1_3_1,CNN,暗紅,3,28,舌右邊,0,0,0.4833664298057556
tip_middle_root_1_3_1,CNN,暗紅,3,28,舌尖,0,0,0.2877136766910553
tip_middle_root_1_3_1,CNN,暗紅,3,28,舌左邊,0,0,0.4496171474456787
tip_middle_root_1_3_1,CNN,暗紅,3,28,舌根,0,0,0.16854329407215118
tip_middle_root_1_3_1,CNN,暗紅,3,29,舌中,0,1,0.6190115213394165
tip_middle_root_1_3_1,CNN,暗紅,3,29,舌尖,0,0,0.34082064032554626
tip_middle_root_1_3_1,CNN,暗紅,3,38,舌中,0,0,0.33751824498176575
tip_middle_root_1_3_1,CNN,暗紅,3,38,舌右邊,0,0,0.23038527369499207
tip_middle_root_1_3_1,CNN,暗紅,3,38,舌尖,0,0,0.2738235890865326
tip_middle_root_1_3_1,CNN,暗紅,3,38,舌左邊,0,0,0.29286739230155945
tip_middle_root_1_3_1,CNN,暗紅,3,41,舌中,1,0,0.38047707080841064
tip_middle_root_1_3_1,CNN,暗紅,3,41,舌右邊,1,1,0.5847551822662354
tip_middle_root_1_3_1,CNN,暗紅,3,41,舌尖,1,0,0.21251073479652405
tip_middle_root_1_3_1,CNN,暗紅,3,41,舌左邊,1,0,0.3485991656780243
tip_middle_root_1_3_1,CNN,暗紅,3,5,舌中,0,1,0.724587082862854
tip_middle_root_1_3_1,CNN,暗紅,3,5,舌右邊,0,1,0.7548465728759766
tip_middle_root_1_3_1,CNN,暗紅,3,5,舌尖,0,0,0.4706593155860901
tip_middle_root_1_3_1,CNN,暗紅,3,5,舌左邊,0,1,0.725274384021759
tip_middle_root_1_3_1,CNN,暗紅,3,5,舌根,0,0,0.29027488827705383
tip_middle_root_1_3_1,CNN,暗紅,3,50,舌中,1,0,0.4644242823123932
tip_middle_root_1_3_1,CNN,暗紅,3,50,舌右邊,1,0,0.34253889322280884
tip_middle_root_1_3_1,CNN,暗紅,3,50,舌左邊,1,0,0.46468475461006165
tip_middle_root_1_3_1,CNN,暗紅,3,50,舌根,1,0,0.17748893797397614
tip_middle_root_1_3_1,CNN,暗紅,3,51,舌中,0,0,0.3198826014995575
tip_middle_root_1_3_1,CNN,暗紅,3,51,舌右邊,0,0,0.3080068528652191
tip_middle_root_1_3_1,CNN,暗紅,3,51,舌尖,0,0,0.3957502841949463
tip_middle_root_1_3_1,CNN,暗紅,3,51,舌左邊,0,0,0.13656456768512726
tip_middle_root_1_3_1,CNN,暗紅,3,51,舌根,0,0,0.07889535278081894
tip_middle_root_1_3_1,CNN,暗紅,3,53,舌中,0,0,0.3535124957561493
tip_middle_root_1_3_1,CNN,暗紅,3,53,舌右邊,0,0,0.4061586856842041
tip_middle_root_1_3_1,CNN,暗紅,3,53,舌尖,0,1,0.5127032399177551
tip_middle_root_1_3_1,CNN,暗紅,3,53,舌左邊,0,0,0.35370638966560364
tip_middle_root_1_3_1,CNN,暗紅,3,53,舌根,0,0,0.10735354572534561
tip_middle_root_1_3_1,CNN,暗紅,3,60,舌中,0,1,0.56377112865448
tip_middle_root_1_3_1,CNN,暗紅,3,60,舌右邊,0,1,0.5862082839012146
tip_middle_root_1_3_1,CNN,暗紅,3,60,舌尖,0,0,0.4517374336719513
tip_middle_root_1_3_1,CNN,暗紅,3,60,舌左邊,0,0,0.4556311070919037
tip_middle_root_1_3_1,CNN,暗紅,3,60,舌根,0,0,0.39081957936286926
tip_middle_root_1_3_1,CNN,暗紅,3,62,舌右邊,1,0,0.35729098320007324
tip_middle_root_1_3_1,CNN,暗紅,3,62,舌尖,1,0,0.4119667112827301
tip_middle_root_1_3_1,CNN,暗紅,3,64,舌中,1,1,0.6258823871612549
tip_middle_root_1_3_1,CNN,暗紅,3,68,舌右邊,1,1,0.823531448841095
tip_middle_root_1_3_1,CNN,暗紅,3,68,舌左邊,1,1,0.8044137358665466
tip_middle_root_1_3_1,CNN,暗紅,3,68,舌根,0,0,0.48015207052230835
tip_middle_root_1_3_1,CNN,暗紅,3,78,舌中,0,1,0.5931768417358398
tip_middle_root_1_3_1,CNN,暗紅,3,78,舌尖,0,0,0.3440421521663666
tip_middle_root_1_3_1,CNN,暗紅,3,78,舌根,0,0,0.429017037153244
tip_middle_root_1_3_1,CNN,暗紅,3,81,舌中,1,0,0.3815447688102722
tip_middle_root_1_3_1,CNN,暗紅,3,81,舌右邊,1,0,0.060687094926834106
tip_middle_root_1_3_1,CNN,暗紅,3,81,舌尖,1,0,0.29921528697013855
tip_middle_root_1_3_1,CNN,暗紅,3,81,舌左邊,1,0,0.06711851060390472
tip_middle_root_1_3_1,CNN,暗紅,3,81,舌根,1,0,0.25068286061286926
tip_middle_root_1_3_1,CNN,暗紅,3,95,舌中,0,0,0.40325626730918884
tip_middle_root_1_3_1,CNN,暗紅,3,95,舌右邊,0,1,0.7293651700019836
tip_middle_root_1_3_1,CNN,暗紅,3,95,舌尖,0,0,0.42851150035858154
tip_middle_root_1_3_1,CNN,暗紅,3,95,舌左邊,0,1,0.7921404838562012
tip_middle_root_1_3_1,CNN,暗紅,3,95,舌根,0,0,0.3286713659763336
tip_middle_root_1_3_1,CNN,暗紅,4,17,舌右邊,1,1,0.79988032579422
tip_middle_root_1_3_1,CNN,暗紅,4,17,舌左邊,1,1,0.7204521894454956
tip_middle_root_1_3_1,CNN,暗紅,4,17,舌根,1,0,0.3805817663669586
tip_middle_root_1_3_1,CNN,暗紅,4,25,舌中,0,1,0.7253865599632263
tip_middle_root_1_3_1,CNN,暗紅,4,25,舌尖,0,0,0.2809012830257416
tip_middle_root_1_3_1,CNN,暗紅,4,31,舌右邊,0,0,0.23300839960575104
tip_middle_root_1_3_1,CNN,暗紅,4,31,舌尖,0,0,0.30437949299812317
tip_middle_root_1_3_1,CNN,暗紅,4,31,舌左邊,0,0,0.19012954831123352
tip_middle_root_1_3_1,CNN,暗紅,4,34,舌中,0,1,0.5022635459899902
tip_middle_root_1_3_1,CNN,暗紅,4,34,舌右邊,0,1,0.5557913780212402
tip_middle_root_1_3_1,CNN,暗紅,4,34,舌尖,0,0,0.21595162153244019
tip_middle_root_1_3_1,CNN,暗紅,4,34,舌左邊,0,0,0.4934406280517578
tip_middle_root_1_3_1,CNN,暗紅,4,36,舌中,0,1,0.567070722579956
tip_middle_root_1_3_1,CNN,暗紅,4,36,舌右邊,0,0,0.31241080164909363
tip_middle_root_1_3_1,CNN,暗紅,4,36,舌尖,0,0,0.381996214389801
tip_middle_root_1_3_1,CNN,暗紅,4,36,舌左邊,0,0,0.465468168258667
tip_middle_root_1_3_1,CNN,暗紅,4,36,舌根,0,1,0.6452155113220215
tip_middle_root_1_3_1,CNN,暗紅,4,37,舌中,0,1,0.6340847611427307
tip_middle_root_1_3_1,CNN,暗紅,4,37,舌右邊,0,1,0.6117528080940247
tip_middle_root_1_3_1,CNN,暗紅,4,37,舌尖,0,0,0.1505221277475357
tip_middle_root_1_3_1,CNN,暗紅,4,37,舌左邊,0,1,0.6427215933799744
tip_middle_root_1_3_1,CNN,暗紅,4,37,舌根,0,0,0.4155302345752716
tip_middle_root_1_3_1,CNN,暗紅,4,42,舌尖,0,0,0.3219715356826782
tip_middle_root_1_3_1,CNN,暗紅,4,46,舌中,0,1,0.7255582809448242
tip_middle_root_1_3_1,CNN,暗紅,4,46,舌右邊,0,0,0.42989811301231384
tip_middle_root_1_3_1,CNN,暗紅,4,46,舌尖,0,0,0.22965891659259796
tip_middle_root_1_3_1,CNN,暗紅,4,46,舌左邊,0,0,0.4747835099697113
tip_middle_root_1_3_1,CNN,暗紅,4,48,舌中,1,0,0.2933180332183838
tip_middle_root_1_3_1,CNN,暗紅,4,48,舌右邊,1,0,0.45933032035827637
tip_middle_root_1_3_1,CNN,暗紅,4,48,舌左邊,1,0,0.3809841573238373
tip_middle_root_1_3_1,CNN,暗紅,4,48,舌根,1,0,0.38781124353408813
tip_middle_root_1_3_1,CNN,暗紅,4,49,舌中,0,1,0.540282666683197
tip_middle_root_1_3_1,CNN,暗紅,4,49,舌右邊,0,1,0.530504047870636
tip_middle_root_1_3_1,CNN,暗紅,4,49,舌尖,0,0,0.4567314684391022
tip_middle_root_1_3_1,CNN,暗紅,4,49,舌左邊,0,0,0.30208325386047363
tip_middle_root_1_3_1,CNN,暗紅,4,49,舌根,0,0,0.3021111488342285
tip_middle_root_1_3_1,CNN,暗紅,4,54,舌中,0,0,0.2625180780887604
tip_middle_root_1_3_1,CNN,暗紅,4,54,舌右邊,0,1,0.5815196633338928
tip_middle_root_1_3_1,CNN,暗紅,4,54,舌尖,0,1,0.5900291800498962
tip_middle_root_1_3_1,CNN,暗紅,4,54,舌左邊,0,0,0.07550839334726334
tip_middle_root_1_3_1,CNN,暗紅,4,54,舌根,0,0,0.1990632712841034
tip_middle_root_1_3_1,CNN,暗紅,4,58,舌根,1,0,0.1540517956018448
tip_middle_root_1_3_1,CNN,暗紅,4,6,舌中,1,0,0.39567211270332336
tip_middle_root_1_3_1,CNN,暗紅,4,6,舌右邊,1,1,0.5970723032951355
tip_middle_root_1_3_1,CNN,暗紅,4,6,舌尖,1,0,0.28767701983451843
tip_middle_root_1_3_1,CNN,暗紅,4,6,舌左邊,1,0,0.4398798942565918
tip_middle_root_1_3_1,CNN,暗紅,4,6,舌根,1,0,0.13119468092918396
tip_middle_root_1_3_1,CNN,暗紅,4,65,舌中,0,0,0.28445950150489807
tip_middle_root_1_3_1,CNN,暗紅,4,65,舌右邊,0,0,0.2108316868543625
tip_middle_root_1_3_1,CNN,暗紅,4,65,舌尖,0,0,0.27032017707824707
tip_middle_root_1_3_1,CNN,暗紅,4,65,舌左邊,0,0,0.3868587017059326
tip_middle_root_1_3_1,CNN,暗紅,4,65,舌根,0,0,0.13839952647686005
tip_middle_root_1_3_1,CNN,暗紅,4,67,舌右邊,0,0,0.22777532041072845
tip_middle_root_1_3_1,CNN,暗紅,4,67,舌尖,0,1,0.5492089986801147
tip_middle_root_1_3_1,CNN,暗紅,4,67,舌左邊,0,0,0.2270304262638092
tip_middle_root_1_3_1,CNN,暗紅,4,67,舌根,0,0,0.371540367603302
tip_middle_root_1_3_1,CNN,暗紅,4,75,舌根,0,0,0.13852213323116302
tip_middle_root_1_3_1,CNN,暗紅,4,77,舌右邊,1,1,0.5554495453834534
tip_middle_root_1_3_1,CNN,暗紅,4,77,舌尖,1,0,0.42609474062919617
tip_middle_root_1_3_1,CNN,暗紅,4,77,舌左邊,1,0,0.2699655294418335
tip_middle_root_1_3_1,CNN,暗紅,4,77,舌根,1,0,0.48106083273887634
tip_middle_root_1_3_1,CNN,暗紅,4,79,舌中,0,0,0.4234107434749603
tip_middle_root_1_3_1,CNN,暗紅,4,79,舌右邊,0,0,0.26511499285697937
tip_middle_root_1_3_1,CNN,暗紅,4,79,舌尖,0,0,0.39921289682388306
tip_middle_root_1_3_1,CNN,暗紅,4,79,舌左邊,0,0,0.18420472741127014
tip_middle_root_1_3_1,CNN,暗紅,4,79,舌根,0,0,0.26529520750045776
tip_middle_root_1_3_1,CNN,暗紅,4,9,舌中,0,0,0.4772437512874603
tip_middle_root_1_3_1,CNN,暗紅,4,9,舌右邊,0,0,0.23013831675052643
tip_middle_root_1_3_1,CNN,暗紅,4,9,舌尖,0,0,0.46583378314971924
tip_middle_root_1_3_1,CNN,暗紅,4,9,舌左邊,0,0,0.33561429381370544
tip_middle_root_1_3_1,CNN,暗紅,4,9,舌根,0,0,0.19209633767604828
tip_middle_root_1_3_1,CNN,暗紅,4,98,舌右邊,1,0,0.46118083596229553
tip_middle_root_1_3_1,CNN,暗紅,4,98,舌左邊,1,0,0.46596449613571167
tip_middle_root_1_3_1,CNN,暗紅,4,99,舌中,0,1,0.6069748401641846
tip_middle_root_1_3_1,CNN,暗紅,4,99,舌右邊,0,0,0.31373897194862366
tip_middle_root_1_3_1,CNN,暗紅,4,99,舌尖,0,0,0.24701867997646332
tip_middle_root_1_3_1,CNN,暗紅,4,99,舌左邊,0,0,0.1338070183992386
tip_middle_root_1_3_1,CNN,暗紅,4,99,舌根,0,0,0.18600590527057648
tip_middle_root_1_3_1,CNN,暗紅,5,1,舌中,1,0,0.4363161027431488
tip_middle_root_1_3_1,CNN,暗紅,5,1,舌右邊,1,1,0.7066160440444946
tip_middle_root_1_3_1,CNN,暗紅,5,1,舌尖,0,0,0.49438416957855225
tip_middle_root_1_3_1,CNN,暗紅,5,1,舌左邊,1,1,0.6677202582359314
tip_middle_root_1_3_1,CNN,暗紅,5,1,舌根,1,0,0.2318740338087082
tip_middle_root_1_3_1,CNN,暗紅,5,10,舌右邊,0,0,0.4677436351776123
tip_middle_root_1_3_1,CNN,暗紅,5,10,舌尖,0,0,0.4597991108894348
tip_middle_root_1_3_1,CNN,暗紅,5,10,舌左邊,0,1,0.6282130479812622
tip_middle_root_1_3_1,CNN,暗紅,5,11,舌中,1,1,0.5179501175880432
tip_middle_root_1_3_1,CNN,暗紅,5,11,舌右邊,1,1,0.6159549355506897
tip_middle_root_1_3_1,CNN,暗紅,5,11,舌尖,1,0,0.33025550842285156
tip_middle_root_1_3_1,CNN,暗紅,5,11,舌左邊,1,0,0.4769637882709503
tip_middle_root_1_3_1,CNN,暗紅,5,11,舌根,1,0,0.3196469247341156
tip_middle_root_1_3_1,CNN,暗紅,5,22,舌中,0,0,0.47201696038246155
tip_middle_root_1_3_1,CNN,暗紅,5,22,舌右邊,0,1,0.7346732020378113
tip_middle_root_1_3_1,CNN,暗紅,5,22,舌尖,0,0,0.24745827913284302
tip_middle_root_1_3_1,CNN,暗紅,5,22,舌左邊,0,1,0.6201903820037842
tip_middle_root_1_3_1,CNN,暗紅,5,22,舌根,0,0,0.2465166300535202
tip_middle_root_1_3_1,CNN,暗紅,5,26,舌中,0,0,0.44518280029296875
tip_middle_root_1_3_1,CNN,暗紅,5,26,舌右邊,0,1,0.5963648557662964
tip_middle_root_1_3_1,CNN,暗紅,5,26,舌尖,0,0,0.2813718616962433
tip_middle_root_1_3_1,CNN,暗紅,5,26,舌左邊,0,1,0.5003200769424438
tip_middle_root_1_3_1,CNN,暗紅,5,26,舌根,0,0,0.2796103060245514
tip_middle_root_1_3_1,CNN,暗紅,5,27,舌中,0,1,0.6715968251228333
tip_middle_root_1_3_1,CNN,暗紅,5,27,舌右邊,0,0,0.4279281198978424
tip_middle_root_1_3_1,CNN,暗紅,5,27,舌尖,0,0,0.3448326885700226
tip_middle_root_1_3_1,CNN,暗紅,5,27,舌左邊,0,0,0.3709884285926819
tip_middle_root_1_3_1,CNN,暗紅,5,27,舌根,0,0,0.14929209649562836
tip_middle_root_1_3_1,CNN,暗紅,5,43,舌中,0,1,0.5828977823257446
tip_middle_root_1_3_1,CNN,暗紅,5,43,舌右邊,0,1,0.655300498008728
tip_middle_root_1_3_1,CNN,暗紅,5,43,舌尖,0,0,0.34158700704574585
tip_middle_root_1_3_1,CNN,暗紅,5,43,舌左邊,0,1,0.5091449618339539
tip_middle_root_1_3_1,CNN,暗紅,5,43,舌根,0,0,0.39561688899993896
tip_middle_root_1_3_1,CNN,暗紅,5,45,舌中,1,1,0.5919983386993408
tip_middle_root_1_3_1,CNN,暗紅,5,45,舌右邊,0,1,0.5489054918289185
tip_middle_root_1_3_1,CNN,暗紅,5,45,舌尖,0,0,0.3279934525489807
tip_middle_root_1_3_1,CNN,暗紅,5,45,舌左邊,0,1,0.5810762047767639
tip_middle_root_1_3_1,CNN,暗紅,5,45,舌根,1,0,0.40104344487190247
tip_middle_root_1_3_1,CNN,暗紅,5,52,舌中,0,1,0.5873311758041382
tip_middle_root_1_3_1,CNN,暗紅,5,52,舌右邊,0,0,0.48169219493865967
tip_middle_root_1_3_1,CNN,暗紅,5,52,舌尖,0,0,0.23123489320278168
tip_middle_root_1_3_1,CNN,暗紅,5,52,舌左邊,0,0,0.42765602469444275
tip_middle_root_1_3_1,CNN,暗紅,5,52,舌根,0,0,0.45947352051734924
tip_middle_root_1_3_1,CNN,暗紅,5,59,舌中,0,1,0.5585927963256836
tip_middle_root_1_3_1,CNN,暗紅,5,59,舌右邊,0,1,0.5616092681884766
tip_middle_root_1_3_1,CNN,暗紅,5,59,舌尖,0,0,0.2700274586677551
tip_middle_root_1_3_1,CNN,暗紅,5,59,舌左邊,0,0,0.4264853596687317
tip_middle_root_1_3_1,CNN,暗紅,5,59,舌根,0,0,0.3201025724411011
tip_middle_root_1_3_1,CNN,暗紅,5,61,舌中,1,0,0.4164760112762451
tip_middle_root_1_3_1,CNN,暗紅,5,61,舌右邊,1,1,0.5290417075157166
tip_middle_root_1_3_1,CNN,暗紅,5,61,舌尖,1,0,0.3691776692867279
tip_middle_root_1_3_1,CNN,暗紅,5,61,舌左邊,1,0,0.4824531674385071
tip_middle_root_1_3_1,CNN,暗紅,5,61,舌根,1,0,0.18213698267936707
tip_middle_root_1_3_1,CNN,暗紅,5,63,舌中,1,0,0.2454090714454651
tip_middle_root_1_3_1,CNN,暗紅,5,63,舌右邊,1,0,0.44955575466156006
tip_middle_root_1_3_1,CNN,暗紅,5,63,舌左邊,1,0,0.3968769609928131
tip_middle_root_1_3_1,CNN,暗紅,5,70,舌中,0,1,0.5197813510894775
tip_middle_root_1_3_1,CNN,暗紅,5,70,舌右邊,0,0,0.40104958415031433
tip_middle_root_1_3_1,CNN,暗紅,5,70,舌尖,0,0,0.4698791205883026
tip_middle_root_1_3_1,CNN,暗紅,5,70,舌左邊,0,1,0.7204988598823547
tip_middle_root_1_3_1,CNN,暗紅,5,70,舌根,0,0,0.3881394565105438
tip_middle_root_1_3_1,CNN,暗紅,5,73,舌右邊,0,1,0.5119348764419556
tip_middle_root_1_3_1,CNN,暗紅,5,73,舌左邊,0,0,0.20669163763523102
tip_middle_root_1_3_1,CNN,暗紅,5,86,舌中,0,0,0.43700912594795227
tip_middle_root_1_3_1,CNN,暗紅,5,86,舌右邊,0,1,0.5490086674690247
tip_middle_root_1_3_1,CNN,暗紅,5,86,舌尖,0,0,0.45417261123657227
tip_middle_root_1_3_1,CNN,暗紅,5,86,舌左邊,0,0,0.4541483521461487
tip_middle_root_1_3_1,CNN,暗紅,5,89,舌中,0,0,0.22317349910736084
tip_middle_root_1_3_1,CNN,暗紅,5,89,舌右邊,0,1,0.6224330067634583
tip_middle_root_1_3_1,CNN,暗紅,5,89,舌尖,0,0,0.4418472647666931
tip_middle_root_1_3_1,CNN,暗紅,5,89,舌左邊,0,0,0.49622979760169983
tip_middle_root_1_3_1,CNN,暗紅,5,90,舌中,0,1,0.5209903717041016
tip_middle_root_1_3_1,CNN,暗紅,5,90,舌右邊,0,0,0.3671589493751526
tip_middle_root_1_3_1,CNN,暗紅,5,90,舌尖,0,0,0.28985676169395447
tip_middle_root_1_3_1,CNN,暗紅,5,90,舌左邊,0,0,0.25104591250419617
tip_middle_root_1_3_1,CNN,暗紅,5,90,舌根,0,0,0.4350678324699402
tip_middle_root_1_3_1,CNN,暗紅,5,92,舌右邊,0,1,0.624824047088623
tip_middle_root_1_3_1,CNN,暗紅,5,92,舌尖,0,0,0.24166013300418854
tip_middle_root_1_3_1,CNN,暗紅,5,92,舌左邊,0,0,0.3604571521282196
tip_middle_root_1_3_1,CNN,暗紅,5,92,舌根,0,0,0.2447878122329712
tip_middle_root_1_2_2,CNN,青紫,1,100,舌尖,1,0,0.04947400465607643
tip_middle_root_1_2_2,CNN,青紫,1,100,舌根,0,0,0.01854163035750389
tip_middle_root_1_2_2,CNN,青紫,1,18,舌中,0,0,0.3214177191257477
tip_middle_root_1_2_2,CNN,青紫,1,18,舌尖,0,0,0.14213530719280243
tip_middle_root_1_2_2,CNN,青紫,1,18,舌根,0,0,0.0017235956620424986
tip_middle_root_1_2_2,CNN,青紫,1,24,舌中,0,0,0.34850722551345825
tip_middle_root_1_2_2,CNN,青紫,1,24,舌尖,1,0,0.26551029086112976
tip_middle_root_1_2_2,CNN,青紫,1,24,舌根,0,0,0.05659549683332443
tip_middle_root_1_2_2,CNN,青紫,1,26,舌中,0,0,0.353573739528656
tip_middle_root_1_2_2,CNN,青紫,1,26,舌尖,0,0,0.040685877203941345
tip_middle_root_1_2_2,CNN,青紫,1,26,舌根,0,0,0.0010955057805404067
tip_middle_root_1_2_2,CNN,青紫,1,28,舌中,0,0,0.37070512771606445
tip_middle_root_1_2_2,CNN,青紫,1,28,舌右邊,0,0,0.25183409452438354
tip_middle_root_1_2_2,CNN,青紫,1,28,舌尖,0,0,0.2129581719636917
tip_middle_root_1_2_2,CNN,青紫,1,28,舌左邊,0,0,0.3655387759208679
tip_middle_root_1_2_2,CNN,青紫,1,28,舌根,0,0,0.02950945496559143
tip_middle_root_1_2_2,CNN,青紫,1,29,舌中,0,0,0.3352317214012146
tip_middle_root_1_2_2,CNN,青紫,1,29,舌右邊,0,0,0.06878864765167236
tip_middle_root_1_2_2,CNN,青紫,1,29,舌尖,0,0,0.1355236917734146
tip_middle_root_1_2_2,CNN,青紫,1,29,舌左邊,0,0,0.19184008240699768
tip_middle_root_1_2_2,CNN,青紫,1,29,舌根,0,0,0.0002814922481775284
tip_middle_root_1_2_2,CNN,青紫,1,33,舌右邊,0,0,0.13290387392044067
tip_middle_root_1_2_2,CNN,青紫,1,33,舌尖,0,0,0.08661805093288422
tip_middle_root_1_2_2,CNN,青紫,1,33,舌左邊,0,0,0.2517821788787842
tip_middle_root_1_2_2,CNN,青紫,1,33,舌根,0,0,0.0064044976606965065
tip_middle_root_1_2_2,CNN,青紫,1,34,舌尖,0,0,0.2082335352897644
tip_middle_root_1_2_2,CNN,青紫,1,34,舌根,0,0,0.0007317006820812821
tip_middle_root_1_2_2,CNN,青紫,1,39,舌中,0,0,0.20957784354686737
tip_middle_root_1_2_2,CNN,青紫,1,39,舌尖,0,0,0.09537282586097717
tip_middle_root_1_2_2,CNN,青紫,1,39,舌左邊,0,0,0.20284084975719452
tip_middle_root_1_2_2,CNN,青紫,1,39,舌根,0,0,0.0018595389556139708
tip_middle_root_1_2_2,CNN,青紫,1,52,舌中,0,0,0.3378715217113495
tip_middle_root_1_2_2,CNN,青紫,1,52,舌右邊,0,0,0.39459550380706787
tip_middle_root_1_2_2,CNN,青紫,1,52,舌尖,0,0,0.15289868414402008
tip_middle_root_1_2_2,CNN,青紫,1,52,舌左邊,0,1,0.618461549282074
tip_middle_root_1_2_2,CNN,青紫,1,52,舌根,0,0,0.014340735971927643
tip_middle_root_1_2_2,CNN,青紫,1,59,舌中,0,0,0.2969580292701721
tip_middle_root_1_2_2,CNN,青紫,1,59,舌右邊,0,0,0.4061471223831177
tip_middle_root_1_2_2,CNN,青紫,1,59,舌尖,0,0,0.10990661382675171
tip_middle_root_1_2_2,CNN,青紫,1,59,舌左邊,0,0,0.3762047588825226
tip_middle_root_1_2_2,CNN,青紫,1,59,舌根,0,0,0.002812726655974984
tip_middle_root_1_2_2,CNN,青紫,1,60,舌右邊,0,0,0.45693597197532654
tip_middle_root_1_2_2,CNN,青紫,1,60,舌左邊,0,0,0.3124244511127472
tip_middle_root_1_2_2,CNN,青紫,1,60,舌根,0,0,0.010785290040075779
tip_middle_root_1_2_2,CNN,青紫,1,61,舌右邊,0,0,0.05052725225687027
tip_middle_root_1_2_2,CNN,青紫,1,61,舌尖,0,0,0.03362230956554413
tip_middle_root_1_2_2,CNN,青紫,1,61,舌左邊,0,0,0.060044508427381516
tip_middle_root_1_2_2,CNN,青紫,1,61,舌根,0,0,0.006219800561666489
tip_middle_root_1_2_2,CNN,青紫,1,68,舌中,1,0,0.23327754437923431
tip_middle_root_1_2_2,CNN,青紫,1,68,舌右邊,1,0,0.14366790652275085
tip_middle_root_1_2_2,CNN,青紫,1,68,舌尖,1,0,0.07427395135164261
tip_middle_root_1_2_2,CNN,青紫,1,68,舌左邊,1,0,0.29664140939712524
tip_middle_root_1_2_2,CNN,青紫,1,68,舌根,1,0,0.001507222419604659
tip_middle_root_1_2_2,CNN,青紫,1,8,舌中,0,0,0.4505348205566406
tip_middle_root_1_2_2,CNN,青紫,1,8,舌右邊,0,0,0.2142127901315689
tip_middle_root_1_2_2,CNN,青紫,1,8,舌尖,0,0,0.22112037241458893
tip_middle_root_1_2_2,CNN,青紫,1,8,舌左邊,0,1,0.5121912956237793
tip_middle_root_1_2_2,CNN,青紫,1,8,舌根,0,0,0.0030519652646034956
tip_middle_root_1_2_2,CNN,青紫,1,82,舌中,0,0,0.33127912878990173
tip_middle_root_1_2_2,CNN,青紫,1,82,舌根,0,0,0.0017124245641753078
tip_middle_root_1_2_2,CNN,青紫,1,83,舌中,0,0,0.1348264068365097
tip_middle_root_1_2_2,CNN,青紫,1,83,舌尖,1,0,0.04503846541047096
tip_middle_root_1_2_2,CNN,青紫,1,83,舌根,0,0,0.006487101316452026
tip_middle_root_1_2_2,CNN,青紫,1,85,舌中,0,0,0.42043599486351013
tip_middle_root_1_2_2,CNN,青紫,1,85,舌右邊,1,0,0.1268172562122345
tip_middle_root_1_2_2,CNN,青紫,1,85,舌尖,0,0,0.0461929589509964
tip_middle_root_1_2_2,CNN,青紫,1,85,舌根,0,0,0.0011274005519226193
tip_middle_root_1_2_2,CNN,青紫,1,89,舌中,0,0,0.18298038840293884
tip_middle_root_1_2_2,CNN,青紫,1,89,舌尖,0,0,0.06478261947631836
tip_middle_root_1_2_2,CNN,青紫,1,89,舌根,0,0,0.0016175576020032167
tip_middle_root_1_2_2,CNN,青紫,1,95,舌中,0,0,0.2071014940738678
tip_middle_root_1_2_2,CNN,青紫,1,95,舌右邊,0,0,0.14080533385276794
tip_middle_root_1_2_2,CNN,青紫,1,95,舌尖,0,0,0.158676415681839
tip_middle_root_1_2_2,CNN,青紫,1,95,舌左邊,0,0,0.3703167736530304
tip_middle_root_1_2_2,CNN,青紫,1,95,舌根,0,0,0.001044494449160993
tip_middle_root_1_2_2,CNN,青紫,1,99,舌中,0,0,0.4368326663970947
tip_middle_root_1_2_2,CNN,青紫,1,99,舌右邊,0,0,0.11210637539625168
tip_middle_root_1_2_2,CNN,青紫,1,99,舌尖,0,0,0.11353619396686554
tip_middle_root_1_2_2,CNN,青紫,1,99,舌左邊,0,0,0.1799471378326416
tip_middle_root_1_2_2,CNN,青紫,1,99,舌根,0,0,0.008729315362870693
tip_middle_root_1_2_2,CNN,青紫,2,1,舌中,0,0,0.3617374002933502
tip_middle_root_1_2_2,CNN,青紫,2,1,舌右邊,0,1,0.5026549100875854
tip_middle_root_1_2_2,CNN,青紫,2,1,舌尖,1,0,0.21184159815311432
tip_middle_root_1_2_2,CNN,青紫,2,1,舌根,0,0,0.08174575120210648
tip_middle_root_1_2_2,CNN,青紫,2,14,舌中,0,1,0.6694543957710266
tip_middle_root_1_2_2,CNN,青紫,2,14,舌右邊,0,0,0.08889693766832352
tip_middle_root_1_2_2,CNN,青紫,2,14,舌尖,0,0,0.2417646050453186
tip_middle_root_1_2_2,CNN,青紫,2,14,舌左邊,0,0,0.14447438716888428
tip_middle_root_1_2_2,CNN,青紫,2,14,舌根,0,0,0.013896098360419273
tip_middle_root_1_2_2,CNN,青紫,2,22,舌中,0,1,0.5801756978034973
tip_middle_root_1_2_2,CNN,青紫,2,22,舌右邊,0,0,0.1535315215587616
tip_middle_root_1_2_2,CNN,青紫,2,22,舌左邊,0,0,0.1268177181482315
tip_middle_root_1_2_2,CNN,青紫,2,22,舌根,0,0,0.017800770699977875
tip_middle_root_1_2_2,CNN,青紫,2,25,舌中,0,0,0.4726483225822449
tip_middle_root_1_2_2,CNN,青紫,2,25,舌右邊,0,0,0.13692566752433777
tip_middle_root_1_2_2,CNN,青紫,2,25,舌尖,0,0,0.10337183624505997
tip_middle_root_1_2_2,CNN,青紫,2,25,舌左邊,0,0,0.22922024130821228
tip_middle_root_1_2_2,CNN,青紫,2,25,舌根,0,0,0.023414235562086105
tip_middle_root_1_2_2,CNN,青紫,2,27,舌中,0,0,0.3315189480781555
tip_middle_root_1_2_2,CNN,青紫,2,27,舌右邊,0,0,0.40259334444999695
tip_middle_root_1_2_2,CNN,青紫,2,27,舌左邊,0,0,0.276143878698349
tip_middle_root_1_2_2,CNN,青紫,2,27,舌根,0,0,0.02275651879608631
tip_middle_root_1_2_2,CNN,青紫,2,3,舌中,0,0,0.44962140917778015
tip_middle_root_1_2_2,CNN,青紫,2,3,舌右邊,0,0,0.184632807970047
tip_middle_root_1_2_2,CNN,青紫,2,3,舌尖,0,0,0.15783549845218658
tip_middle_root_1_2_2,CNN,青紫,2,3,舌左邊,0,0,0.0873478353023529
tip_middle_root_1_2_2,CNN,青紫,2,3,舌根,1,0,0.1501755565404892
tip_middle_root_1_2_2,CNN,青紫,2,31,舌中,0,0,0.381145715713501
tip_middle_root_1_2_2,CNN,青紫,2,31,舌右邊,0,0,0.16896000504493713
tip_middle_root_1_2_2,CNN,青紫,2,31,舌尖,0,0,0.060677409172058105
tip_middle_root_1_2_2,CNN,青紫,2,31,舌左邊,0,0,0.1211995929479599
tip_middle_root_1_2_2,CNN,青紫,2,31,舌根,0,0,0.015313485637307167
tip_middle_root_1_2_2,CNN,青紫,2,37,舌中,1,0,0.4249873757362366
tip_middle_root_1_2_2,CNN,青紫,2,37,舌右邊,0,0,0.16994830965995789
tip_middle_root_1_2_2,CNN,青紫,2,37,舌尖,0,0,0.07300353050231934
tip_middle_root_1_2_2,CNN,青紫,2,37,舌左邊,0,0,0.261320561170578
tip_middle_root_1_2_2,CNN,青紫,2,37,舌根,0,0,0.05230529606342316
tip_middle_root_1_2_2,CNN,青紫,2,38,舌中,0,1,0.5508053302764893
tip_middle_root_1_2_2,CNN,青紫,2,38,舌右邊,0,1,0.6344772577285767
tip_middle_root_1_2_2,CNN,青紫,2,38,舌尖,0,0,0.0351095013320446
tip_middle_root_1_2_2,CNN,青紫,2,38,舌左邊,0,0,0.47467055916786194
tip_middle_root_1_2_2,CNN,青紫,2,38,舌根,0,0,0.13631032407283783
tip_middle_root_1_2_2,CNN,青紫,2,41,舌中,0,1,0.650598406791687
tip_middle_root_1_2_2,CNN,青紫,2,41,舌尖,0,0,0.2869773805141449
tip_middle_root_1_2_2,CNN,青紫,2,41,舌根,0,0,0.1877545416355133
tip_middle_root_1_2_2,CNN,青紫,2,43,舌中,0,1,0.6327826976776123
tip_middle_root_1_2_2,CNN,青紫,2,43,舌右邊,1,0,0.13513362407684326
tip_middle_root_1_2_2,CNN,青紫,2,43,舌尖,0,0,0.04538676142692566
tip_middle_root_1_2_2,CNN,青紫,2,43,舌根,0,0,0.11554551124572754
tip_middle_root_1_2_2,CNN,青紫,2,47,舌中,0,0,0.3890962302684784
tip_middle_root_1_2_2,CNN,青紫,2,47,舌右邊,0,0,0.0792476087808609
tip_middle_root_1_2_2,CNN,青紫,2,47,舌尖,0,0,0.08219088613986969
tip_middle_root_1_2_2,CNN,青紫,2,47,舌左邊,0,0,0.14521797001361847
tip_middle_root_1_2_2,CNN,青紫,2,47,舌根,0,0,0.12837955355644226
tip_middle_root_1_2_2,CNN,青紫,2,53,舌中,0,0,0.31244727969169617
tip_middle_root_1_2_2,CNN,青紫,2,53,舌右邊,0,0,0.2581510841846466
tip_middle_root_1_2_2,CNN,青紫,2,53,舌尖,0,0,0.09263616055250168
tip_middle_root_1_2_2,CNN,青紫,2,53,舌左邊,0,1,0.5160141587257385
tip_middle_root_1_2_2,CNN,青紫,2,53,舌根,0,0,0.06133647635579109
tip_middle_root_1_2_2,CNN,青紫,2,54,舌中,0,1,0.6706166863441467
tip_middle_root_1_2_2,CNN,青紫,2,54,舌右邊,0,0,0.14586226642131805
tip_middle_root_1_2_2,CNN,青紫,2,54,舌尖,0,0,0.15903840959072113
tip_middle_root_1_2_2,CNN,青紫,2,54,舌左邊,0,0,0.186628058552742
tip_middle_root_1_2_2,CNN,青紫,2,54,舌根,0,0,0.012400235049426556
tip_middle_root_1_2_2,CNN,青紫,2,57,舌中,0,0,0.34352657198905945
tip_middle_root_1_2_2,CNN,青紫,2,57,舌右邊,0,1,0.5430953502655029
tip_middle_root_1_2_2,CNN,青紫,2,57,舌尖,1,0,0.03840164095163345
tip_middle_root_1_2_2,CNN,青紫,2,57,舌根,0,0,0.10548045486211777
tip_middle_root_1_2_2,CNN,青紫,2,58,舌中,0,0,0.37111204862594604
tip_middle_root_1_2_2,CNN,青紫,2,58,舌右邊,0,0,0.24891971051692963
tip_middle_root_1_2_2,CNN,青紫,2,58,舌左邊,0,0,0.12804938852787018
tip_middle_root_1_2_2,CNN,青紫,2,58,舌根,0,0,0.013301446102559566
tip_middle_root_1_2_2,CNN,青紫,2,72,舌中,0,0,0.33065065741539
tip_middle_root_1_2_2,CNN,青紫,2,72,舌右邊,0,0,0.1786988228559494
tip_middle_root_1_2_2,CNN,青紫,2,72,舌左邊,0,0,0.27595067024230957
tip_middle_root_1_2_2,CNN,青紫,2,72,舌根,0,0,0.01663357764482498
tip_middle_root_1_2_2,CNN,青紫,2,81,舌中,0,0,0.18807841837406158
tip_middle_root_1_2_2,CNN,青紫,2,81,舌右邊,1,0,0.3714398145675659
tip_middle_root_1_2_2,CNN,青紫,2,81,舌尖,1,0,0.17926865816116333
tip_middle_root_1_2_2,CNN,青紫,2,81,舌左邊,1,0,0.44292452931404114
tip_middle_root_1_2_2,CNN,青紫,2,81,舌根,0,0,0.07756678014993668
tip_middle_root_1_2_2,CNN,青紫,2,91,舌中,0,1,0.5676972270011902
tip_middle_root_1_2_2,CNN,青紫,2,91,舌右邊,1,0,0.27867281436920166
tip_middle_root_1_2_2,CNN,青紫,2,91,舌左邊,1,1,0.5450872778892517
tip_middle_root_1_2_2,CNN,青紫,2,91,舌根,0,0,0.024619532749056816
tip_middle_root_1_2_2,CNN,青紫,3,13,舌中,0,0,0.3506557047367096
tip_middle_root_1_2_2,CNN,青紫,3,13,舌根,0,0,0.0035154898650944233
tip_middle_root_1_2_2,CNN,青紫,3,17,舌中,0,0,0.4560664892196655
tip_middle_root_1_2_2,CNN,青紫,3,17,舌右邊,0,0,0.28881439566612244
tip_middle_root_1_2_2,CNN,青紫,3,17,舌根,0,0,0.10924537479877472
tip_middle_root_1_2_2,CNN,青紫,3,20,舌右邊,0,0,0.1942550092935562
tip_middle_root_1_2_2,CNN,青紫,3,20,舌尖,0,0,0.1411195993423462
tip_middle_root_1_2_2,CNN,青紫,3,20,舌左邊,0,0,0.12559589743614197
tip_middle_root_1_2_2,CNN,青紫,3,20,舌根,0,0,0.027687566354870796
tip_middle_root_1_2_2,CNN,青紫,3,30,舌右邊,0,0,0.2386375516653061
tip_middle_root_1_2_2,CNN,青紫,3,30,舌左邊,0,0,0.27021974325180054
tip_middle_root_1_2_2,CNN,青紫,3,30,舌根,0,0,0.013041708618402481
tip_middle_root_1_2_2,CNN,青紫,3,32,舌中,0,0,0.23987683653831482
tip_middle_root_1_2_2,CNN,青紫,3,32,舌尖,0,0,0.46272239089012146
tip_middle_root_1_2_2,CNN,青紫,3,32,舌左邊,0,0,0.22633501887321472
tip_middle_root_1_2_2,CNN,青紫,3,32,舌根,0,0,0.28480640053749084
tip_middle_root_1_2_2,CNN,青紫,3,36,舌中,0,0,0.3252194821834564
tip_middle_root_1_2_2,CNN,青紫,3,36,舌右邊,0,1,0.7378985285758972
tip_middle_root_1_2_2,CNN,青紫,3,36,舌尖,0,0,0.34680595993995667
tip_middle_root_1_2_2,CNN,青紫,3,36,舌左邊,0,0,0.305158793926239
tip_middle_root_1_2_2,CNN,青紫,3,36,舌根,0,0,0.02338450960814953
tip_middle_root_1_2_2,CNN,青紫,3,4,舌中,0,0,0.36246782541275024
tip_middle_root_1_2_2,CNN,青紫,3,4,舌右邊,0,0,0.2920936942100525
tip_middle_root_1_2_2,CNN,青紫,3,4,舌尖,0,0,0.3673049211502075
tip_middle_root_1_2_2,CNN,青紫,3,4,舌左邊,0,0,0.10564074665307999
tip_middle_root_1_2_2,CNN,青紫,3,4,舌根,0,0,0.027793914079666138
tip_middle_root_1_2_2,CNN,青紫,3,45,舌中,0,1,0.6005683541297913
tip_middle_root_1_2_2,CNN,青紫,3,45,舌右邊,0,0,0.2112153321504593
tip_middle_root_1_2_2,CNN,青紫,3,45,舌尖,0,0,0.3169129490852356
tip_middle_root_1_2_2,CNN,青紫,3,45,舌左邊,0,0,0.18807166814804077
tip_middle_root_1_2_2,CNN,青紫,3,45,舌根,0,0,0.017952485010027885
tip_middle_root_1_2_2,CNN,青紫,3,50,舌中,1,0,0.39688974618911743
tip_middle_root_1_2_2,CNN,青紫,3,50,舌右邊,1,0,0.16100604832172394
tip_middle_root_1_2_2,CNN,青紫,3,50,舌左邊,1,0,0.3620884120464325
tip_middle_root_1_2_2,CNN,青紫,3,50,舌根,0,0,0.022480729967355728
tip_middle_root_1_2_2,CNN,青紫,3,56,舌中,0,0,0.3815545439720154
tip_middle_root_1_2_2,CNN,青紫,3,56,舌尖,0,0,0.410014271736145
tip_middle_root_1_2_2,CNN,青紫,3,56,舌左邊,0,1,0.5458120703697205
tip_middle_root_1_2_2,CNN,青紫,3,56,舌根,0,0,0.07914744317531586
tip_middle_root_1_2_2,CNN,青紫,3,64,舌根,0,0,0.07392283529043198
tip_middle_root_1_2_2,CNN,青紫,3,65,舌中,0,0,0.22164830565452576
tip_middle_root_1_2_2,CNN,青紫,3,65,舌右邊,0,0,0.22464968264102936
tip_middle_root_1_2_2,CNN,青紫,3,65,舌尖,0,0,0.08910973370075226
tip_middle_root_1_2_2,CNN,青紫,3,65,舌左邊,0,0,0.25105881690979004
tip_middle_root_1_2_2,CNN,青紫,3,65,舌根,0,0,0.007464948575943708
tip_middle_root_1_2_2,CNN,青紫,3,67,舌中,0,0,0.42125585675239563
tip_middle_root_1_2_2,CNN,青紫,3,67,舌右邊,0,0,0.3682851195335388
tip_middle_root_1_2_2,CNN,青紫,3,67,舌尖,0,0,0.13005593419075012
tip_middle_root_1_2_2,CNN,青紫,3,67,舌左邊,0,0,0.454586386680603
tip_middle_root_1_2_2,CNN,青紫,3,67,舌根,0,0,0.005034402944147587
tip_middle_root_1_2_2,CNN,青紫,3,7,舌中,0,1,0.6262426972389221
tip_middle_root_1_2_2,CNN,青紫,3,7,舌右邊,0,0,0.1880798637866974
tip_middle_root_1_2_2,CNN,青紫,3,7,舌尖,0,0,0.3457268178462982
tip_middle_root_1_2_2,CNN,青紫,3,7,舌左邊,0,0,0.3814663290977478
tip_middle_root_1_2_2,CNN,青紫,3,7,舌根,0,0,0.034726861864328384
tip_middle_root_1_2_2,CNN,青紫,3,76,舌中,0,1,0.693206250667572
tip_middle_root_1_2_2,CNN,青紫,3,76,舌左邊,0,0,0.19705462455749512
tip_middle_root_1_2_2,CNN,青紫,3,76,舌根,0,0,0.03891390562057495
tip_middle_root_1_2_2,CNN,青紫,3,87,舌中,0,0,0.38070377707481384
tip_middle_root_1_2_2,CNN,青紫,3,87,舌根,0,0,0.02053219825029373
tip_middle_root_1_2_2,CNN,青紫,3,88,舌中,0,0,0.2656242847442627
tip_middle_root_1_2_2,CNN,青紫,3,88,舌右邊,0,1,0.7579711675643921
tip_middle_root_1_2_2,CNN,青紫,3,88,舌尖,0,0,0.4173450469970703
tip_middle_root_1_2_2,CNN,青紫,3,88,舌左邊,0,0,0.34887006878852844
tip_middle_root_1_2_2,CNN,青紫,3,88,舌根,0,0,0.02336551994085312
tip_middle_root_1_2_2,CNN,青紫,3,90,舌右邊,0,0,0.3331039845943451
tip_middle_root_1_2_2,CNN,青紫,3,90,舌左邊,0,0,0.27023079991340637
tip_middle_root_1_2_2,CNN,青紫,3,90,舌根,0,0,0.2454352080821991
tip_middle_root_1_2_2,CNN,青紫,3,92,舌中,1,1,0.650833785533905
tip_middle_root_1_2_2,CNN,青紫,3,92,舌尖,1,0,0.21472349762916565
tip_middle_root_1_2_2,CNN,青紫,3,92,舌根,0,0,0.0040918197482824326
tip_middle_root_1_2_2,CNN,青紫,3,94,舌中,1,0,0.2604463994503021
tip_middle_root_1_2_2,CNN,青紫,3,94,舌右邊,1,0,0.3381158411502838
tip_middle_root_1_2_2,CNN,青紫,3,94,舌尖,1,0,0.3553869128227234
tip_middle_root_1_2_2,CNN,青紫,3,94,舌左邊,1,1,0.7552551031112671
tip_middle_root_1_2_2,CNN,青紫,3,94,舌根,1,0,0.04979371279478073
tip_middle_root_1_2_2,CNN,青紫,4,11,舌中,0,0,0.35248029232025146
tip_middle_root_1_2_2,CNN,青紫,4,11,舌右邊,0,0,0.3646434247493744
tip_middle_root_1_2_2,CNN,青紫,4,11,舌尖,0,0,0.11036812514066696
tip_middle_root_1_2_2,CNN,青紫,4,11,舌左邊,0,0,0.30429700016975403
tip_middle_root_1_2_2,CNN,青紫,4,11,舌根,0,0,0.017349623143672943
tip_middle_root_1_2_2,CNN,青紫,4,12,舌中,0,0,0.28117436170578003
tip_middle_root_1_2_2,CNN,青紫,4,12,舌右邊,0,0,0.3388972580432892
tip_middle_root_1_2_2,CNN,青紫,4,12,舌尖,0,0,0.07187001407146454
tip_middle_root_1_2_2,CNN,青紫,4,12,舌左邊,0,0,0.13528864085674286
tip_middle_root_1_2_2,CNN,青紫,4,12,舌根,0,0,0.05560510233044624
tip_middle_root_1_2_2,CNN,青紫,4,15,舌中,0,0,0.25727492570877075
tip_middle_root_1_2_2,CNN,青紫,4,15,舌右邊,0,0,0.14955562353134155
tip_middle_root_1_2_2,CNN,青紫,4,15,舌尖,0,0,0.14870133996009827
tip_middle_root_1_2_2,CNN,青紫,4,15,舌左邊,0,0,0.17347855865955353
tip_middle_root_1_2_2,CNN,青紫,4,15,舌根,0,0,0.12089764326810837
tip_middle_root_1_2_2,CNN,青紫,4,23,舌中,0,0,0.10610713064670563
tip_middle_root_1_2_2,CNN,青紫,4,23,舌尖,0,0,0.07519561797380447
tip_middle_root_1_2_2,CNN,青紫,4,23,舌根,0,0,0.006678205449134111
tip_middle_root_1_2_2,CNN,青紫,4,46,舌右邊,0,0,0.09381518512964249
tip_middle_root_1_2_2,CNN,青紫,4,46,舌尖,0,0,0.10165593773126602
tip_middle_root_1_2_2,CNN,青紫,4,46,舌左邊,0,0,0.18703147768974304
tip_middle_root_1_2_2,CNN,青紫,4,46,舌根,0,0,0.07354951649904251
tip_middle_root_1_2_2,CNN,青紫,4,49,舌中,1,0,0.28089970350265503
tip_middle_root_1_2_2,CNN,青紫,4,49,舌右邊,1,0,0.12996384501457214
tip_middle_root_1_2_2,CNN,青紫,4,49,舌尖,1,0,0.32618576288223267
tip_middle_root_1_2_2,CNN,青紫,4,49,舌左邊,1,0,0.2323273867368698
tip_middle_root_1_2_2,CNN,青紫,4,5,舌右邊,0,0,0.32435142993927
tip_middle_root_1_2_2,CNN,青紫,4,5,舌尖,0,1,0.5595434904098511
tip_middle_root_1_2_2,CNN,青紫,4,5,舌左邊,0,0,0.3925531506538391
tip_middle_root_1_2_2,CNN,青紫,4,62,舌中,1,0,0.12980636954307556
tip_middle_root_1_2_2,CNN,青紫,4,62,舌根,0,0,0.032069720327854156
tip_middle_root_1_2_2,CNN,青紫,4,63,舌中,0,0,0.3113996982574463
tip_middle_root_1_2_2,CNN,青紫,4,63,舌根,0,0,0.0008050741744227707
tip_middle_root_1_2_2,CNN,青紫,4,66,舌中,0,0,0.3027445673942566
tip_middle_root_1_2_2,CNN,青紫,4,66,舌右邊,0,0,0.18577978014945984
tip_middle_root_1_2_2,CNN,青紫,4,66,舌尖,0,0,0.15204961597919464
tip_middle_root_1_2_2,CNN,青紫,4,66,舌左邊,0,0,0.1639486402273178
tip_middle_root_1_2_2,CNN,青紫,4,66,舌根,0,0,0.001344145741313696
tip_middle_root_1_2_2,CNN,青紫,4,70,舌中,0,0,0.09980322420597076
tip_middle_root_1_2_2,CNN,青紫,4,70,舌右邊,0,0,0.2382032573223114
tip_middle_root_1_2_2,CNN,青紫,4,70,舌尖,0,0,0.06774594634771347
tip_middle_root_1_2_2,CNN,青紫,4,70,舌左邊,0,0,0.14736682176589966
tip_middle_root_1_2_2,CNN,青紫,4,70,舌根,0,0,0.006081507075577974
tip_middle_root_1_2_2,CNN,青紫,4,75,舌右邊,0,0,0.019965142011642456
tip_middle_root_1_2_2,CNN,青紫,4,75,舌尖,0,0,0.10175308585166931
tip_middle_root_1_2_2,CNN,青紫,4,75,舌左邊,0,0,0.026357535272836685
tip_middle_root_1_2_2,CNN,青紫,4,75,舌根,0,0,0.004351259674876928
tip_middle_root_1_2_2,CNN,青紫,4,77,舌右邊,0,0,0.07107100635766983
tip_middle_root_1_2_2,CNN,青紫,4,77,舌根,0,0,0.007564204279333353
tip_middle_root_1_2_2,CNN,青紫,4,78,舌中,1,0,0.06641263514757156
tip_middle_root_1_2_2,CNN,青紫,4,78,舌右邊,0,0,0.19853438436985016
tip_middle_root_1_2_2,CNN,青紫,4,78,舌左邊,0,0,0.037154000252485275
tip_middle_root_1_2_2,CNN,青紫,4,78,舌根,0,0,0.03312808275222778
tip_middle_root_1_2_2,CNN,青紫,4,79,舌中,0,0,0.010490541346371174
tip_middle_root_1_2_2,CNN,青紫,4,79,舌尖,0,0,0.18889783322811127
tip_middle_root_1_2_2,CNN,青紫,4,79,舌根,0,0,0.00520154507830739
tip_middle_root_1_2_2,CNN,青紫,4,84,舌中,1,0,0.06069706380367279
tip_middle_root_1_2_2,CNN,青紫,4,84,舌右邊,0,0,0.08426988869905472
tip_middle_root_1_2_2,CNN,青紫,4,84,舌尖,1,0,0.1882372498512268
tip_middle_root_1_2_2,CNN,青紫,4,84,舌左邊,1,0,0.15813466906547546
tip_middle_root_1_2_2,CNN,青紫,4,84,舌根,0,0,0.0067449514754116535
tip_middle_root_1_2_2,CNN,青紫,4,86,舌右邊,0,1,0.6258390545845032
tip_middle_root_1_2_2,CNN,青紫,4,86,舌尖,0,0,0.07169473171234131
tip_middle_root_1_2_2,CNN,青紫,4,86,舌左邊,0,0,0.23436830937862396
tip_middle_root_1_2_2,CNN,青紫,4,86,舌根,0,0,0.00023587657778989524
tip_middle_root_1_2_2,CNN,青紫,4,9,舌中,0,0,0.17733795940876007
tip_middle_root_1_2_2,CNN,青紫,4,9,舌右邊,0,0,0.1316153109073639
tip_middle_root_1_2_2,CNN,青紫,4,9,舌尖,0,0,0.29048871994018555
tip_middle_root_1_2_2,CNN,青紫,4,9,舌左邊,0,0,0.15343770384788513
tip_middle_root_1_2_2,CNN,青紫,4,9,舌根,0,0,0.004008560441434383
tip_middle_root_1_2_2,CNN,青紫,4,96,舌中,0,0,0.08374171704053879
tip_middle_root_1_2_2,CNN,青紫,4,96,舌右邊,0,0,0.4682233929634094
tip_middle_root_1_2_2,CNN,青紫,4,96,舌尖,0,0,0.10807538032531738
tip_middle_root_1_2_2,CNN,青紫,4,96,舌左邊,0,0,0.060697272419929504
tip_middle_root_1_2_2,CNN,青紫,4,96,舌根,0,0,0.003576866118237376
tip_middle_root_1_2_2,CNN,青紫,4,98,舌中,0,0,0.4045969843864441
tip_middle_root_1_2_2,CNN,青紫,4,98,舌尖,0,0,0.25844570994377136
tip_middle_root_1_2_2,CNN,青紫,4,98,舌根,0,0,0.01668000966310501
tip_middle_root_1_2_2,CNN,青紫,5,10,舌中,0,0,0.4215388596057892
tip_middle_root_1_2_2,CNN,青紫,5,10,舌右邊,0,0,0.41541463136672974
tip_middle_root_1_2_2,CNN,青紫,5,10,舌尖,0,0,0.25294992327690125
tip_middle_root_1_2_2,CNN,青紫,5,10,舌左邊,0,0,0.23179788887500763
tip_middle_root_1_2_2,CNN,青紫,5,10,舌根,0,0,0.005110942292958498
tip_middle_root_1_2_2,CNN,青紫,5,16,舌中,0,0,0.3398522436618805
tip_middle_root_1_2_2,CNN,青紫,5,16,舌右邊,0,0,0.09077078104019165
tip_middle_root_1_2_2,CNN,青紫,5,16,舌尖,0,0,0.4606075584888458
tip_middle_root_1_2_2,CNN,青紫,5,16,舌左邊,0,0,0.34141457080841064
tip_middle_root_1_2_2,CNN,青紫,5,16,舌根,0,0,0.07492372393608093
tip_middle_root_1_2_2,CNN,青紫,5,19,舌中,0,1,0.5529764890670776
tip_middle_root_1_2_2,CNN,青紫,5,19,舌尖,0,0,0.2424461543560028
tip_middle_root_1_2_2,CNN,青紫,5,19,舌左邊,0,0,0.29216957092285156
tip_middle_root_1_2_2,CNN,青紫,5,19,舌根,0,0,0.013364820741117
tip_middle_root_1_2_2,CNN,青紫,5,2,舌中,0,0,0.2626129686832428
tip_middle_root_1_2_2,CNN,青紫,5,2,舌右邊,0,0,0.16005977988243103
tip_middle_root_1_2_2,CNN,青紫,5,2,舌尖,0,0,0.4822138845920563
tip_middle_root_1_2_2,CNN,青紫,5,2,舌左邊,0,0,0.03584495931863785
tip_middle_root_1_2_2,CNN,青紫,5,2,舌根,0,0,0.39786070585250854
tip_middle_root_1_2_2,CNN,青紫,5,21,舌右邊,0,0,0.26446840167045593
tip_middle_root_1_2_2,CNN,青紫,5,21,舌尖,0,0,0.083440862596035
tip_middle_root_1_2_2,CNN,青紫,5,21,舌左邊,0,0,0.19836653769016266
tip_middle_root_1_2_2,CNN,青紫,5,21,舌根,0,0,0.006776400376111269
tip_middle_root_1_2_2,CNN,青紫,5,35,舌中,0,1,0.5996848940849304
tip_middle_root_1_2_2,CNN,青紫,5,35,舌尖,1,0,0.146895632147789
tip_middle_root_1_2_2,CNN,青紫,5,35,舌根,0,0,0.16135671734809875
tip_middle_root_1_2_2,CNN,青紫,5,40,舌中,0,1,0.6236852407455444
tip_middle_root_1_2_2,CNN,青紫,5,40,舌右邊,0,0,0.46595436334609985
tip_middle_root_1_2_2,CNN,青紫,5,40,舌尖,1,0,0.27153974771499634
tip_middle_root_1_2_2,CNN,青紫,5,40,舌左邊,0,0,0.18860730528831482
tip_middle_root_1_2_2,CNN,青紫,5,40,舌根,0,0,0.06003914773464203
tip_middle_root_1_2_2,CNN,青紫,5,42,舌尖,0,0,0.42620185017585754
tip_middle_root_1_2_2,CNN,青紫,5,42,舌根,0,0,0.005862827878445387
tip_middle_root_1_2_2,CNN,青紫,5,44,舌右邊,0,1,0.7016791701316833
tip_middle_root_1_2_2,CNN,青紫,5,44,舌尖,0,0,0.11261329799890518
tip_middle_root_1_2_2,CNN,青紫,5,44,舌左邊,0,1,0.5584487915039062
tip_middle_root_1_2_2,CNN,青紫,5,44,舌根,0,0,0.18471477925777435
tip_middle_root_1_2_2,CNN,青紫,5,48,舌根,0,0,0.09880051761865616
tip_middle_root_1_2_2,CNN,青紫,5,51,舌中,0,0,0.4534284770488739
tip_middle_root_1_2_2,CNN,青紫,5,51,舌右邊,0,1,0.5329731106758118
tip_middle_root_1_2_2,CNN,青紫,5,51,舌尖,0,0,0.34439218044281006
tip_middle_root_1_2_2,CNN,青紫,5,51,舌左邊,0,0,0.14262431859970093
tip_middle_root_1_2_2,CNN,青紫,5,51,舌根,0,0,0.006124432198703289
tip_middle_root_1_2_2,CNN,青紫,5,55,舌中,0,1,0.6546713709831238
tip_middle_root_1_2_2,CNN,青紫,5,55,舌尖,0,0,0.061352480202913284
tip_middle_root_1_2_2,CNN,青紫,5,55,舌根,0,0,0.0340656153857708
tip_middle_root_1_2_2,CNN,青紫,5,6,舌中,0,1,0.6777158379554749
tip_middle_root_1_2_2,CNN,青紫,5,6,舌右邊,0,1,0.7560102939605713
tip_middle_root_1_2_2,CNN,青紫,5,6,舌尖,0,0,0.31156471371650696
tip_middle_root_1_2_2,CNN,青紫,5,6,舌左邊,0,1,0.6334407925605774
tip_middle_root_1_2_2,CNN,青紫,5,6,舌根,0,0,0.017503537237644196
tip_middle_root_1_2_2,CNN,青紫,5,69,舌右邊,1,0,0.4296172261238098
tip_middle_root_1_2_2,CNN,青紫,5,69,舌尖,0,0,0.036862775683403015
tip_middle_root_1_2_2,CNN,青紫,5,69,舌左邊,1,0,0.21341852843761444
tip_middle_root_1_2_2,CNN,青紫,5,69,舌根,0,0,0.04076134413480759
tip_middle_root_1_2_2,CNN,青紫,5,71,舌右邊,1,0,0.23989230394363403
tip_middle_root_1_2_2,CNN,青紫,5,71,舌尖,1,0,0.22786803543567657
tip_middle_root_1_2_2,CNN,青紫,5,71,舌左邊,1,1,0.5971998572349548
tip_middle_root_1_2_2,CNN,青紫,5,71,舌根,0,0,0.16144241392612457
tip_middle_root_1_2_2,CNN,青紫,5,73,舌中,1,1,0.6186219453811646
tip_middle_root_1_2_2,CNN,青紫,5,73,舌右邊,1,0,0.08530008047819138
tip_middle_root_1_2_2,CNN,青紫,5,73,舌左邊,1,0,0.18655994534492493
tip_middle_root_1_2_2,CNN,青紫,5,74,舌中,0,1,0.5589066743850708
tip_middle_root_1_2_2,CNN,青紫,5,74,舌尖,0,0,0.40886902809143066
tip_middle_root_1_2_2,CNN,青紫,5,74,舌根,0,0,0.062320392578840256
tip_middle_root_1_2_2,CNN,青紫,5,80,舌中,0,0,0.2688688039779663
tip_middle_root_1_2_2,CNN,青紫,5,80,舌右邊,0,0,0.31915611028671265
tip_middle_root_1_2_2,CNN,青紫,5,80,舌尖,0,0,0.3248780071735382
tip_middle_root_1_2_2,CNN,青紫,5,80,舌左邊,0,0,0.3504716753959656
tip_middle_root_1_2_2,CNN,青紫,5,80,舌根,0,0,0.06547320634126663
tip_middle_root_1_2_2,CNN,青紫,5,93,舌中,0,0,0.3029269278049469
tip_middle_root_1_2_2,CNN,青紫,5,93,舌右邊,0,0,0.36429426074028015
tip_middle_root_1_2_2,CNN,青紫,5,93,舌尖,0,1,0.5638195276260376
tip_middle_root_1_2_2,CNN,青紫,5,93,舌左邊,0,0,0.07161365449428558
tip_middle_root_1_2_2,CNN,青紫,5,93,舌根,0,0,0.01915776915848255
tip_middle_root_1_2_2,CNN,青紫,5,97,舌中,0,1,0.5797315835952759
tip_middle_root_1_2_2,CNN,青紫,5,97,舌尖,0,0,0.36638662219047546
tip_middle_root_1_2_2,CNN,青紫,5,97,舌左邊,0,0,0.2719537317752838
tip_middle_root_1_2_2,CNN,青紫,5,97,舌根,0,0,0.013879687525331974
tip_middle_root_1_3_1,CNN,青紫,1,100,舌尖,1,0,0.1520249992609024
tip_middle_root_1_3_1,CNN,青紫,1,100,舌根,0,0,0.05405407026410103
tip_middle_root_1_3_1,CNN,青紫,1,18,舌中,0,0,0.46287569403648376
tip_middle_root_1_3_1,CNN,青紫,1,18,舌尖,0,0,0.2819637656211853
tip_middle_root_1_3_1,CNN,青紫,1,18,舌根,0,0,0.02177547663450241
tip_middle_root_1_3_1,CNN,青紫,1,24,舌中,0,1,0.5194271802902222
tip_middle_root_1_3_1,CNN,青紫,1,24,舌尖,1,0,0.4331423044204712
tip_middle_root_1_3_1,CNN,青紫,1,24,舌根,0,0,0.09468974173069
tip_middle_root_1_3_1,CNN,青紫,1,26,舌中,0,0,0.32779812812805176
tip_middle_root_1_3_1,CNN,青紫,1,26,舌尖,0,0,0.1909245252609253
tip_middle_root_1_3_1,CNN,青紫,1,26,舌根,0,0,0.0548461377620697
tip_middle_root_1_3_1,CNN,青紫,1,28,舌中,0,0,0.357248455286026
tip_middle_root_1_3_1,CNN,青紫,1,28,舌右邊,0,0,0.4401507079601288
tip_middle_root_1_3_1,CNN,青紫,1,28,舌尖,0,0,0.26071932911872864
tip_middle_root_1_3_1,CNN,青紫,1,28,舌左邊,0,0,0.36478346586227417
tip_middle_root_1_3_1,CNN,青紫,1,28,舌根,0,0,0.2301437258720398
tip_middle_root_1_3_1,CNN,青紫,1,29,舌中,0,1,0.5328590273857117
tip_middle_root_1_3_1,CNN,青紫,1,29,舌右邊,0,0,0.11929468810558319
tip_middle_root_1_3_1,CNN,青紫,1,29,舌尖,0,0,0.17356553673744202
tip_middle_root_1_3_1,CNN,青紫,1,29,舌左邊,0,0,0.27996549010276794
tip_middle_root_1_3_1,CNN,青紫,1,29,舌根,0,0,0.03128645569086075
tip_middle_root_1_3_1,CNN,青紫,1,33,舌右邊,0,0,0.32598042488098145
tip_middle_root_1_3_1,CNN,青紫,1,33,舌尖,0,0,0.15330339968204498
tip_middle_root_1_3_1,CNN,青紫,1,33,舌左邊,0,0,0.22182589769363403
tip_middle_root_1_3_1,CNN,青紫,1,33,舌根,0,0,0.13087621331214905
tip_middle_root_1_3_1,CNN,青紫,1,34,舌尖,0,0,0.2977447807788849
tip_middle_root_1_3_1,CNN,青紫,1,34,舌根,0,0,0.0760723426938057
tip_middle_root_1_3_1,CNN,青紫,1,39,舌中,0,0,0.4749535024166107
tip_middle_root_1_3_1,CNN,青紫,1,39,舌尖,0,0,0.34342068433761597
tip_middle_root_1_3_1,CNN,青紫,1,39,舌左邊,0,0,0.25464513897895813
tip_middle_root_1_3_1,CNN,青紫,1,39,舌根,0,0,0.026595057919621468
tip_middle_root_1_3_1,CNN,青紫,1,52,舌中,0,1,0.6458247303962708
tip_middle_root_1_3_1,CNN,青紫,1,52,舌右邊,0,0,0.4295307397842407
tip_middle_root_1_3_1,CNN,青紫,1,52,舌尖,0,0,0.2077862024307251
tip_middle_root_1_3_1,CNN,青紫,1,52,舌左邊,0,1,0.7166393995285034
tip_middle_root_1_3_1,CNN,青紫,1,52,舌根,0,0,0.03474094718694687
tip_middle_root_1_3_1,CNN,青紫,1,59,舌中,0,1,0.5729089975357056
tip_middle_root_1_3_1,CNN,青紫,1,59,舌右邊,0,0,0.2897088825702667
tip_middle_root_1_3_1,CNN,青紫,1,59,舌尖,0,0,0.1322702318429947
tip_middle_root_1_3_1,CNN,青紫,1,59,舌左邊,0,0,0.2852437198162079
tip_middle_root_1_3_1,CNN,青紫,1,59,舌根,0,0,0.08934297412633896
tip_middle_root_1_3_1,CNN,青紫,1,60,舌右邊,0,0,0.21161597967147827
tip_middle_root_1_3_1,CNN,青紫,1,60,舌左邊,0,0,0.4028228223323822
tip_middle_root_1_3_1,CNN,青紫,1,60,舌根,0,0,0.05430871620774269
tip_middle_root_1_3_1,CNN,青紫,1,61,舌右邊,0,0,0.21548695862293243
tip_middle_root_1_3_1,CNN,青紫,1,61,舌尖,0,0,0.16913074254989624
tip_middle_root_1_3_1,CNN,青紫,1,61,舌左邊,0,0,0.15725091099739075
tip_middle_root_1_3_1,CNN,青紫,1,61,舌根,0,0,0.18969757854938507
tip_middle_root_1_3_1,CNN,青紫,1,68,舌中,1,1,0.5921295881271362
tip_middle_root_1_3_1,CNN,青紫,1,68,舌右邊,1,0,0.19127871096134186
tip_middle_root_1_3_1,CNN,青紫,1,68,舌尖,1,0,0.24217408895492554
tip_middle_root_1_3_1,CNN,青紫,1,68,舌左邊,1,0,0.2836296856403351
tip_middle_root_1_3_1,CNN,青紫,1,68,舌根,1,0,0.1184060201048851
tip_middle_root_1_3_1,CNN,青紫,1,8,舌中,0,0,0.26327815651893616
tip_middle_root_1_3_1,CNN,青紫,1,8,舌右邊,0,0,0.46350306272506714
tip_middle_root_1_3_1,CNN,青紫,1,8,舌尖,0,0,0.16595153510570526
tip_middle_root_1_3_1,CNN,青紫,1,8,舌左邊,0,0,0.23439444601535797
tip_middle_root_1_3_1,CNN,青紫,1,8,舌根,0,0,0.13186699151992798
tip_middle_root_1_3_1,CNN,青紫,1,82,舌中,0,0,0.3435719311237335
tip_middle_root_1_3_1,CNN,青紫,1,82,舌根,0,0,0.13173598051071167
tip_middle_root_1_3_1,CNN,青紫,1,83,舌中,0,0,0.4691769480705261
tip_middle_root_1_3_1,CNN,青紫,1,83,舌尖,1,0,0.12254591286182404
tip_middle_root_1_3_1,CNN,青紫,1,83,舌根,0,0,0.10386770963668823
tip_middle_root_1_3_1,CNN,青紫,1,85,舌中,0,0,0.26028814911842346
tip_middle_root_1_3_1,CNN,青紫,1,85,舌右邊,1,0,0.05304015055298805
tip_middle_root_1_3_1,CNN,青紫,1,85,舌尖,0,0,0.1811509132385254
tip_middle_root_1_3_1,CNN,青紫,1,85,舌根,0,0,0.07834908366203308
tip_middle_root_1_3_1,CNN,青紫,1,89,舌中,0,0,0.20791973173618317
tip_middle_root_1_3_1,CNN,青紫,1,89,舌尖,0,0,0.16188524663448334
tip_middle_root_1_3_1,CNN,青紫,1,89,舌根,0,0,0.08619239926338196
tip_middle_root_1_3_1,CNN,青紫,1,95,舌中,0,1,0.5225253105163574
tip_middle_root_1_3_1,CNN,青紫,1,95,舌右邊,0,0,0.26900961995124817
tip_middle_root_1_3_1,CNN,青紫,1,95,舌尖,0,0,0.34721076488494873
tip_middle_root_1_3_1,CNN,青紫,1,95,舌左邊,0,0,0.29639706015586853
tip_middle_root_1_3_1,CNN,青紫,1,95,舌根,0,0,0.08367086201906204
tip_middle_root_1_3_1,CNN,青紫,1,99,舌中,0,0,0.4903661906719208
tip_middle_root_1_3_1,CNN,青紫,1,99,舌右邊,0,0,0.21257083117961884
tip_middle_root_1_3_1,CNN,青紫,1,99,舌尖,0,0,0.16700981557369232
tip_middle_root_1_3_1,CNN,青紫,1,99,舌左邊,0,0,0.2315797507762909
tip_middle_root_1_3_1,CNN,青紫,1,99,舌根,0,0,0.16742846369743347
tip_middle_root_1_3_1,CNN,青紫,2,1,舌中,0,0,0.326789528131485
tip_middle_root_1_3_1,CNN,青紫,2,1,舌右邊,0,0,0.29623380303382874
tip_middle_root_1_3_1,CNN,青紫,2,1,舌尖,1,0,0.21853114664554596
tip_middle_root_1_3_1,CNN,青紫,2,1,舌根,0,0,0.11285942047834396
tip_middle_root_1_3_1,CNN,青紫,2,14,舌中,0,1,0.6219156980514526
tip_middle_root_1_3_1,CNN,青紫,2,14,舌右邊,0,0,0.18731379508972168
tip_middle_root_1_3_1,CNN,青紫,2,14,舌尖,0,0,0.16673089563846588
tip_middle_root_1_3_1,CNN,青紫,2,14,舌左邊,0,0,0.30496692657470703
tip_middle_root_1_3_1,CNN,青紫,2,14,舌根,0,0,0.1117541491985321
tip_middle_root_1_3_1,CNN,青紫,2,22,舌中,0,0,0.20710214972496033
tip_middle_root_1_3_1,CNN,青紫,2,22,舌右邊,0,0,0.22140684723854065
tip_middle_root_1_3_1,CNN,青紫,2,22,舌左邊,0,0,0.094693124294281
tip_middle_root_1_3_1,CNN,青紫,2,22,舌根,0,0,0.17630191147327423
tip_middle_root_1_3_1,CNN,青紫,2,25,舌中,0,0,0.19134071469306946
tip_middle_root_1_3_1,CNN,青紫,2,25,舌右邊,0,0,0.18425777554512024
tip_middle_root_1_3_1,CNN,青紫,2,25,舌尖,0,0,0.13954925537109375
tip_middle_root_1_3_1,CNN,青紫,2,25,舌左邊,0,0,0.2343544065952301
tip_middle_root_1_3_1,CNN,青紫,2,25,舌根,0,0,0.06988511234521866
tip_middle_root_1_3_1,CNN,青紫,2,27,舌中,0,0,0.422044038772583
tip_middle_root_1_3_1,CNN,青紫,2,27,舌右邊,0,0,0.23365585505962372
tip_middle_root_1_3_1,CNN,青紫,2,27,舌左邊,0,0,0.19855132699012756
tip_middle_root_1_3_1,CNN,青紫,2,27,舌根,0,0,0.12940672039985657
tip_middle_root_1_3_1,CNN,青紫,2,3,舌中,0,0,0.41734579205513
tip_middle_root_1_3_1,CNN,青紫,2,3,舌右邊,0,0,0.24603648483753204
tip_middle_root_1_3_1,CNN,青紫,2,3,舌尖,0,0,0.07432924956083298
tip_middle_root_1_3_1,CNN,青紫,2,3,舌左邊,0,0,0.14483784139156342
tip_middle_root_1_3_1,CNN,青紫,2,3,舌根,1,0,0.30993255972862244
tip_middle_root_1_3_1,CNN,青紫,2,31,舌中,0,0,0.19669696688652039
tip_middle_root_1_3_1,CNN,青紫,2,31,舌右邊,0,0,0.22032369673252106
tip_middle_root_1_3_1,CNN,青紫,2,31,舌尖,0,0,0.07466164976358414
tip_middle_root_1_3_1,CNN,青紫,2,31,舌左邊,0,0,0.15937572717666626
tip_middle_root_1_3_1,CNN,青紫,2,31,舌根,0,0,0.0338851734995842
tip_middle_root_1_3_1,CNN,青紫,2,37,舌中,1,0,0.41548898816108704
tip_middle_root_1_3_1,CNN,青紫,2,37,舌右邊,0,0,0.2147812396287918
tip_middle_root_1_3_1,CNN,青紫,2,37,舌尖,0,0,0.03156685829162598
tip_middle_root_1_3_1,CNN,青紫,2,37,舌左邊,0,0,0.21487054228782654
tip_middle_root_1_3_1,CNN,青紫,2,37,舌根,0,0,0.07255285233259201
tip_middle_root_1_3_1,CNN,青紫,2,38,舌中,0,1,0.5512509346008301
tip_middle_root_1_3_1,CNN,青紫,2,38,舌右邊,0,0,0.45829370617866516
tip_middle_root_1_3_1,CNN,青紫,2,38,舌尖,0,0,0.06767135858535767
tip_middle_root_1_3_1,CNN,青紫,2,38,舌左邊,0,0,0.3238276541233063
tip_middle_root_1_3_1,CNN,青紫,2,38,舌根,0,0,0.1390671581029892
tip_middle_root_1_3_1,CNN,青紫,2,41,舌中,0,1,0.7040812373161316
tip_middle_root_1_3_1,CNN,青紫,2,41,舌尖,0,0,0.29096123576164246
tip_middle_root_1_3_1,CNN,青紫,2,41,舌根,0,0,0.13899286091327667
tip_middle_root_1_3_1,CNN,青紫,2,43,舌中,0,0,0.2787266969680786
tip_middle_root_1_3_1,CNN,青紫,2,43,舌右邊,1,0,0.17550289630889893
tip_middle_root_1_3_1,CNN,青紫,2,43,舌尖,0,0,0.09518525749444962
tip_middle_root_1_3_1,CNN,青紫,2,43,舌根,0,0,0.09336259216070175
tip_middle_root_1_3_1,CNN,青紫,2,47,舌中,0,0,0.3355834484100342
tip_middle_root_1_3_1,CNN,青紫,2,47,舌右邊,0,0,0.1657838374376297
tip_middle_root_1_3_1,CNN,青紫,2,47,舌尖,0,0,0.16416972875595093
tip_middle_root_1_3_1,CNN,青紫,2,47,舌左邊,0,0,0.09142239391803741
tip_middle_root_1_3_1,CNN,青紫,2,47,舌根,0,0,0.17417623102664948
tip_middle_root_1_3_1,CNN,青紫,2,53,舌中,0,0,0.3024463653564453
tip_middle_root_1_3_1,CNN,青紫,2,53,舌右邊,0,0,0.33068132400512695
tip_middle_root_1_3_1,CNN,青紫,2,53,舌尖,0,0,0.09705878049135208
tip_middle_root_1_3_1,CNN,青紫,2,53,舌左邊,0,0,0.3429073095321655
tip_middle_root_1_3_1,CNN,青紫,2,53,舌根,0,0,0.026431854814291
tip_middle_root_1_3_1,CNN,青紫,2,54,舌中,0,1,0.691765546798706
tip_middle_root_1_3_1,CNN,青紫,2,54,舌右邊,0,0,0.420706182718277
tip_middle_root_1_3_1,CNN,青紫,2,54,舌尖,0,0,0.17968754470348358
tip_middle_root_1_3_1,CNN,青紫,2,54,舌左邊,0,0,0.2984105348587036
tip_middle_root_1_3_1,CNN,青紫,2,54,舌根,0,0,0.14458732306957245
tip_middle_root_1_3_1,CNN,青紫,2,57,舌中,0,0,0.4428914785385132
tip_middle_root_1_3_1,CNN,青紫,2,57,舌右邊,0,0,0.4197559654712677
tip_middle_root_1_3_1,CNN,青紫,2,57,舌尖,1,0,0.03549298271536827
tip_middle_root_1_3_1,CNN,青紫,2,57,舌根,0,0,0.04493345320224762
tip_middle_root_1_3_1,CNN,青紫,2,58,舌中,0,0,0.4387747645378113
tip_middle_root_1_3_1,CNN,青紫,2,58,舌右邊,0,0,0.24469326436519623
tip_middle_root_1_3_1,CNN,青紫,2,58,舌左邊,0,0,0.17113260924816132
tip_middle_root_1_3_1,CNN,青紫,2,58,舌根,0,0,0.04134763777256012
tip_middle_root_1_3_1,CNN,青紫,2,72,舌中,0,0,0.173030823469162
tip_middle_root_1_3_1,CNN,青紫,2,72,舌右邊,0,0,0.19265525043010712
tip_middle_root_1_3_1,CNN,青紫,2,72,舌左邊,0,0,0.21091370284557343
tip_middle_root_1_3_1,CNN,青紫,2,72,舌根,0,0,0.03372810781002045
tip_middle_root_1_3_1,CNN,青紫,2,81,舌中,0,0,0.2776273488998413
tip_middle_root_1_3_1,CNN,青紫,2,81,舌右邊,1,0,0.26456624269485474
tip_middle_root_1_3_1,CNN,青紫,2,81,舌尖,1,0,0.28126096725463867
tip_middle_root_1_3_1,CNN,青紫,2,81,舌左邊,1,0,0.28080248832702637
tip_middle_root_1_3_1,CNN,青紫,2,81,舌根,0,0,0.11681262403726578
tip_middle_root_1_3_1,CNN,青紫,2,91,舌中,0,0,0.4307752847671509
tip_middle_root_1_3_1,CNN,青紫,2,91,舌右邊,1,0,0.37521523237228394
tip_middle_root_1_3_1,CNN,青紫,2,91,舌左邊,1,1,0.5328126549720764
tip_middle_root_1_3_1,CNN,青紫,2,91,舌根,0,0,0.0827159509062767
tip_middle_root_1_3_1,CNN,青紫,3,13,舌中,0,1,0.6183071136474609
tip_middle_root_1_3_1,CNN,青紫,3,13,舌根,0,0,0.04110315814614296
tip_middle_root_1_3_1,CNN,青紫,3,17,舌中,0,0,0.4302709400653839
tip_middle_root_1_3_1,CNN,青紫,3,17,舌右邊,0,0,0.34417524933815
tip_middle_root_1_3_1,CNN,青紫,3,17,舌根,0,0,0.03369166702032089
tip_middle_root_1_3_1,CNN,青紫,3,20,舌右邊,0,0,0.14253126084804535
tip_middle_root_1_3_1,CNN,青紫,3,20,舌尖,0,0,0.15335868299007416
tip_middle_root_1_3_1,CNN,青紫,3,20,舌左邊,0,0,0.15035246312618256
tip_middle_root_1_3_1,CNN,青紫,3,20,舌根,0,0,0.03387472406029701
tip_middle_root_1_3_1,CNN,青紫,3,30,舌右邊,0,0,0.3185739517211914
tip_middle_root_1_3_1,CNN,青紫,3,30,舌左邊,0,0,0.278084397315979
tip_middle_root_1_3_1,CNN,青紫,3,30,舌根,0,0,0.05473284423351288
tip_middle_root_1_3_1,CNN,青紫,3,32,舌中,0,1,0.7051582932472229
tip_middle_root_1_3_1,CNN,青紫,3,32,舌尖,0,0,0.3318027853965759
tip_middle_root_1_3_1,CNN,青紫,3,32,舌左邊,0,0,0.1005491241812706
tip_middle_root_1_3_1,CNN,青紫,3,32,舌根,0,0,0.16672223806381226
tip_middle_root_1_3_1,CNN,青紫,3,36,舌中,0,1,0.5399764180183411
tip_middle_root_1_3_1,CNN,青紫,3,36,舌右邊,0,0,0.3871767222881317
tip_middle_root_1_3_1,CNN,青紫,3,36,舌尖,0,0,0.25168079137802124
tip_middle_root_1_3_1,CNN,青紫,3,36,舌左邊,0,0,0.2335728406906128
tip_middle_root_1_3_1,CNN,青紫,3,36,舌根,0,0,0.1814597100019455
tip_middle_root_1_3_1,CNN,青紫,3,4,舌中,0,0,0.40887847542762756
tip_middle_root_1_3_1,CNN,青紫,3,4,舌右邊,0,0,0.33185088634490967
tip_middle_root_1_3_1,CNN,青紫,3,4,舌尖,0,0,0.1922958791255951
tip_middle_root_1_3_1,CNN,青紫,3,4,舌左邊,0,0,0.2052202671766281
tip_middle_root_1_3_1,CNN,青紫,3,4,舌根,0,0,0.16898348927497864
tip_middle_root_1_3_1,CNN,青紫,3,45,舌中,0,1,0.6464582085609436
tip_middle_root_1_3_1,CNN,青紫,3,45,舌右邊,0,0,0.19628098607063293
tip_middle_root_1_3_1,CNN,青紫,3,45,舌尖,0,0,0.3423942029476166
tip_middle_root_1_3_1,CNN,青紫,3,45,舌左邊,0,0,0.27174288034439087
tip_middle_root_1_3_1,CNN,青紫,3,45,舌根,0,0,0.06389477849006653
tip_middle_root_1_3_1,CNN,青紫,3,50,舌中,1,0,0.4301539361476898
tip_middle_root_1_3_1,CNN,青紫,3,50,舌右邊,1,0,0.11665800213813782
tip_middle_root_1_3_1,CNN,青紫,3,50,舌左邊,1,0,0.21095867455005646
tip_middle_root_1_3_1,CNN,青紫,3,50,舌根,0,0,0.04446025937795639
tip_middle_root_1_3_1,CNN,青紫,3,56,舌中,0,1,0.7117082476615906
tip_middle_root_1_3_1,CNN,青紫,3,56,舌尖,0,0,0.35308724641799927
tip_middle_root_1_3_1,CNN,青紫,3,56,舌左邊,0,0,0.3514057397842407
tip_middle_root_1_3_1,CNN,青紫,3,56,舌根,0,0,0.08302740007638931
tip_middle_root_1_3_1,CNN,青紫,3,64,舌根,0,0,0.02514313906431198
tip_middle_root_1_3_1,CNN,青紫,3,65,舌中,0,0,0.36578434705734253
tip_middle_root_1_3_1,CNN,青紫,3,65,舌右邊,0,0,0.3809588849544525
tip_middle_root_1_3_1,CNN,青紫,3,65,舌尖,0,0,0.12020178884267807
tip_middle_root_1_3_1,CNN,青紫,3,65,舌左邊,0,1,0.5048745274543762
tip_middle_root_1_3_1,CNN,青紫,3,65,舌根,0,0,0.04895847663283348
tip_middle_root_1_3_1,CNN,青紫,3,67,舌中,0,1,0.5803205370903015
tip_middle_root_1_3_1,CNN,青紫,3,67,舌右邊,0,0,0.4435160756111145
tip_middle_root_1_3_1,CNN,青紫,3,67,舌尖,0,0,0.31657615303993225
tip_middle_root_1_3_1,CNN,青紫,3,67,舌左邊,0,0,0.45413681864738464
tip_middle_root_1_3_1,CNN,青紫,3,67,舌根,0,0,0.05713730305433273
tip_middle_root_1_3_1,CNN,青紫,3,7,舌中,0,1,0.6412126421928406
tip_middle_root_1_3_1,CNN,青紫,3,7,舌右邊,0,0,0.1950811892747879
tip_middle_root_1_3_1,CNN,青紫,3,7,舌尖,0,0,0.33014506101608276
tip_middle_root_1_3_1,CNN,青紫,3,7,舌左邊,0,0,0.20674578845500946
tip_middle_root_1_3_1,CNN,青紫,3,7,舌根,0,0,0.14164668321609497
tip_middle_root_1_3_1,CNN,青紫,3,76,舌中,0,0,0.40865013003349304
tip_middle_root_1_3_1,CNN,青紫,3,76,舌左邊,0,0,0.29804694652557373
tip_middle_root_1_3_1,CNN,青紫,3,76,舌根,0,0,0.08806885778903961
tip_middle_root_1_3_1,CNN,青紫,3,87,舌中,0,0,0.39703959226608276
tip_middle_root_1_3_1,CNN,青紫,3,87,舌根,0,0,0.054111823439598083
tip_middle_root_1_3_1,CNN,青紫,3,88,舌中,0,1,0.6519929766654968
tip_middle_root_1_3_1,CNN,青紫,3,88,舌右邊,0,1,0.5864952206611633
tip_middle_root_1_3_1,CNN,青紫,3,88,舌尖,0,0,0.3858169615268707
tip_middle_root_1_3_1,CNN,青紫,3,88,舌左邊,0,0,0.3607761859893799
tip_middle_root_1_3_1,CNN,青紫,3,88,舌根,0,0,0.05115848034620285
tip_middle_root_1_3_1,CNN,青紫,3,90,舌右邊,0,1,0.5351771712303162
tip_middle_root_1_3_1,CNN,青紫,3,90,舌左邊,0,0,0.36722561717033386
tip_middle_root_1_3_1,CNN,青紫,3,90,舌根,0,0,0.19749176502227783
tip_middle_root_1_3_1,CNN,青紫,3,92,舌中,1,1,0.6008818745613098
tip_middle_root_1_3_1,CNN,青紫,3,92,舌尖,1,0,0.23458492755889893
tip_middle_root_1_3_1,CNN,青紫,3,92,舌根,0,0,0.1142173483967781
tip_middle_root_1_3_1,CNN,青紫,3,94,舌中,1,0,0.2310415804386139
tip_middle_root_1_3_1,CNN,青紫,3,94,舌右邊,1,0,0.1812431812286377
tip_middle_root_1_3_1,CNN,青紫,3,94,舌尖,1,0,0.1805705577135086
tip_middle_root_1_3_1,CNN,青紫,3,94,舌左邊,1,1,0.5420740842819214
tip_middle_root_1_3_1,CNN,青紫,3,94,舌根,1,0,0.1616268903017044
tip_middle_root_1_3_1,CNN,青紫,4,11,舌中,0,0,0.21362730860710144
tip_middle_root_1_3_1,CNN,青紫,4,11,舌右邊,0,1,0.5821238160133362
tip_middle_root_1_3_1,CNN,青紫,4,11,舌尖,0,0,0.41047748923301697
tip_middle_root_1_3_1,CNN,青紫,4,11,舌左邊,0,0,0.265738844871521
tip_middle_root_1_3_1,CNN,青紫,4,11,舌根,0,0,0.021763935685157776
tip_middle_root_1_3_1,CNN,青紫,4,12,舌中,0,0,0.37183764576911926
tip_middle_root_1_3_1,CNN,青紫,4,12,舌右邊,0,0,0.4213120937347412
tip_middle_root_1_3_1,CNN,青紫,4,12,舌尖,0,0,0.32553544640541077
tip_middle_root_1_3_1,CNN,青紫,4,12,舌左邊,0,0,0.09083957225084305
tip_middle_root_1_3_1,CNN,青紫,4,12,舌根,0,0,0.03819410502910614
tip_middle_root_1_3_1,CNN,青紫,4,15,舌中,0,0,0.3432687520980835
tip_middle_root_1_3_1,CNN,青紫,4,15,舌右邊,0,0,0.2337961047887802
tip_middle_root_1_3_1,CNN,青紫,4,15,舌尖,0,0,0.32768508791923523
tip_middle_root_1_3_1,CNN,青紫,4,15,舌左邊,0,0,0.22120995819568634
tip_middle_root_1_3_1,CNN,青紫,4,15,舌根,0,0,0.12378007173538208
tip_middle_root_1_3_1,CNN,青紫,4,23,舌中,0,0,0.11130738258361816
tip_middle_root_1_3_1,CNN,青紫,4,23,舌尖,0,0,0.3092966079711914
tip_middle_root_1_3_1,CNN,青紫,4,23,舌根,0,0,0.06468482315540314
tip_middle_root_1_3_1,CNN,青紫,4,46,舌右邊,0,0,0.31187134981155396
tip_middle_root_1_3_1,CNN,青紫,4,46,舌尖,0,0,0.2848162353038788
tip_middle_root_1_3_1,CNN,青紫,4,46,舌左邊,0,0,0.24583494663238525
tip_middle_root_1_3_1,CNN,青紫,4,46,舌根,0,0,0.11391393840312958
tip_middle_root_1_3_1,CNN,青紫,4,49,舌中,1,0,0.27300816774368286
tip_middle_root_1_3_1,CNN,青紫,4,49,舌右邊,1,0,0.0812644511461258
tip_middle_root_1_3_1,CNN,青紫,4,49,舌尖,1,0,0.28094157576560974
tip_middle_root_1_3_1,CNN,青紫,4,49,舌左邊,1,0,0.2180677205324173
tip_middle_root_1_3_1,CNN,青紫,4,5,舌右邊,0,0,0.13576167821884155
tip_middle_root_1_3_1,CNN,青紫,4,5,舌尖,0,1,0.6178537011146545
tip_middle_root_1_3_1,CNN,青紫,4,5,舌左邊,0,0,0.19979585707187653
tip_middle_root_1_3_1,CNN,青紫,4,62,舌中,1,0,0.49724945425987244
tip_middle_root_1_3_1,CNN,青紫,4,62,舌根,0,0,0.09598720073699951
tip_middle_root_1_3_1,CNN,青紫,4,63,舌中,0,0,0.057092390954494476
tip_middle_root_1_3_1,CNN,青紫,4,63,舌根,0,0,0.0023174136877059937
tip_middle_root_1_3_1,CNN,青紫,4,66,舌中,0,0,0.0615060031414032
tip_middle_root_1_3_1,CNN,青紫,4,66,舌右邊,0,0,0.15057770907878876
tip_middle_root_1_3_1,CNN,青紫,4,66,舌尖,0,0,0.3397323191165924
tip_middle_root_1_3_1,CNN,青紫,4,66,舌左邊,0,0,0.1093243733048439
tip_middle_root_1_3_1,CNN,青紫,4,66,舌根,0,0,0.005321286153048277
tip_middle_root_1_3_1,CNN,青紫,4,70,舌中,0,0,0.3102359175682068
tip_middle_root_1_3_1,CNN,青紫,4,70,舌右邊,0,0,0.14678283035755157
tip_middle_root_1_3_1,CNN,青紫,4,70,舌尖,0,0,0.2141014039516449
tip_middle_root_1_3_1,CNN,青紫,4,70,舌左邊,0,0,0.20113883912563324
tip_middle_root_1_3_1,CNN,青紫,4,70,舌根,0,0,0.03374401479959488
tip_middle_root_1_3_1,CNN,青紫,4,75,舌右邊,0,0,0.12200112640857697
tip_middle_root_1_3_1,CNN,青紫,4,75,舌尖,0,0,0.21832288801670074
tip_middle_root_1_3_1,CNN,青紫,4,75,舌左邊,0,0,0.055993229150772095
tip_middle_root_1_3_1,CNN,青紫,4,75,舌根,0,0,0.007742374204099178
tip_middle_root_1_3_1,CNN,青紫,4,77,舌右邊,0,0,0.09737424552440643
tip_middle_root_1_3_1,CNN,青紫,4,77,舌根,0,0,0.13440309464931488
tip_middle_root_1_3_1,CNN,青紫,4,78,舌中,1,0,0.15490877628326416
tip_middle_root_1_3_1,CNN,青紫,4,78,舌右邊,0,0,0.3921300768852234
tip_middle_root_1_3_1,CNN,青紫,4,78,舌左邊,0,0,0.06155717372894287
tip_middle_root_1_3_1,CNN,青紫,4,78,舌根,0,0,0.07255883514881134
tip_middle_root_1_3_1,CNN,青紫,4,79,舌中,0,0,0.20197005569934845
tip_middle_root_1_3_1,CNN,青紫,4,79,舌尖,0,0,0.2777112126350403
tip_middle_root_1_3_1,CNN,青紫,4,79,舌根,0,0,0.11734391003847122
tip_middle_root_1_3_1,CNN,青紫,4,84,舌中,1,0,0.12400876730680466
tip_middle_root_1_3_1,CNN,青紫,4,84,舌右邊,0,0,0.06782744079828262
tip_middle_root_1_3_1,CNN,青紫,4,84,舌尖,1,0,0.3137930929660797
tip_middle_root_1_3_1,CNN,青紫,4,84,舌左邊,1,0,0.04275651276111603
tip_middle_root_1_3_1,CNN,青紫,4,84,舌根,0,0,0.03007945977151394
tip_middle_root_1_3_1,CNN,青紫,4,86,舌右邊,0,1,0.570354163646698
tip_middle_root_1_3_1,CNN,青紫,4,86,舌尖,0,0,0.16926951706409454
tip_middle_root_1_3_1,CNN,青紫,4,86,舌左邊,0,0,0.12115440517663956
tip_middle_root_1_3_1,CNN,青紫,4,86,舌根,0,0,0.0046496582217514515
tip_middle_root_1_3_1,CNN,青紫,4,9,舌中,0,1,0.560143768787384
tip_middle_root_1_3_1,CNN,青紫,4,9,舌右邊,0,0,0.24664603173732758
tip_middle_root_1_3_1,CNN,青紫,4,9,舌尖,0,1,0.5383812189102173
tip_middle_root_1_3_1,CNN,青紫,4,9,舌左邊,0,0,0.1786402016878128
tip_middle_root_1_3_1,CNN,青紫,4,9,舌根,0,0,0.04430544376373291
tip_middle_root_1_3_1,CNN,青紫,4,96,舌中,0,0,0.1150522381067276
tip_middle_root_1_3_1,CNN,青紫,4,96,舌右邊,0,0,0.15006273984909058
tip_middle_root_1_3_1,CNN,青紫,4,96,舌尖,0,0,0.18816807866096497
tip_middle_root_1_3_1,CNN,青紫,4,96,舌左邊,0,0,0.02160712517797947
tip_middle_root_1_3_1,CNN,青紫,4,96,舌根,0,0,0.045283880084753036
tip_middle_root_1_3_1,CNN,青紫,4,98,舌中,0,0,0.3143000602722168
tip_middle_root_1_3_1,CNN,青紫,4,98,舌尖,0,0,0.4901597797870636
tip_middle_root_1_3_1,CNN,青紫,4,98,舌根,0,0,0.02748827263712883
tip_middle_root_1_3_1,CNN,青紫,5,10,舌中,0,0,0.42728936672210693
tip_middle_root_1_3_1,CNN,青紫,5,10,舌右邊,0,0,0.37469983100891113
tip_middle_root_1_3_1,CNN,青紫,5,10,舌尖,0,0,0.42319566011428833
tip_middle_root_1_3_1,CNN,青紫,5,10,舌左邊,0,0,0.3424535095691681
tip_middle_root_1_3_1,CNN,青紫,5,10,舌根,0,0,0.12183542549610138
tip_middle_root_1_3_1,CNN,青紫,5,16,舌中,0,0,0.32217925786972046
tip_middle_root_1_3_1,CNN,青紫,5,16,舌右邊,0,0,0.3913157284259796
tip_middle_root_1_3_1,CNN,青紫,5,16,舌尖,0,1,0.5662270784378052
tip_middle_root_1_3_1,CNN,青紫,5,16,舌左邊,0,0,0.29666101932525635
tip_middle_root_1_3_1,CNN,青紫,5,16,舌根,0,0,0.21930542588233948
tip_middle_root_1_3_1,CNN,青紫,5,19,舌中,0,1,0.6626127362251282
tip_middle_root_1_3_1,CNN,青紫,5,19,舌尖,0,0,0.24956320226192474
tip_middle_root_1_3_1,CNN,青紫,5,19,舌左邊,0,0,0.29912659525871277
tip_middle_root_1_3_1,CNN,青紫,5,19,舌根,0,0,0.10392655432224274
tip_middle_root_1_3_1,CNN,青紫,5,2,舌中,0,0,0.3763989508152008
tip_middle_root_1_3_1,CNN,青紫,5,2,舌右邊,0,0,0.156161367893219
tip_middle_root_1_3_1,CNN,青紫,5,2,舌尖,0,0,0.4425174593925476
tip_middle_root_1_3_1,CNN,青紫,5,2,舌左邊,0,0,0.28060293197631836
tip_middle_root_1_3_1,CNN,青紫,5,2,舌根,0,0,0.3452761471271515
tip_middle_root_1_3_1,CNN,青紫,5,21,舌右邊,0,0,0.19472554326057434
tip_middle_root_1_3_1,CNN,青紫,5,21,舌尖,0,0,0.21930941939353943
tip_middle_root_1_3_1,CNN,青紫,5,21,舌左邊,0,0,0.0865650400519371
tip_middle_root_1_3_1,CNN,青紫,5,21,舌根,0,0,0.03639291226863861
tip_middle_root_1_3_1,CNN,青紫,5,35,舌中,0,1,0.6344484090805054
tip_middle_root_1_3_1,CNN,青紫,5,35,舌尖,1,0,0.3334953784942627
tip_middle_root_1_3_1,CNN,青紫,5,35,舌根,0,0,0.44175994396209717
tip_middle_root_1_3_1,CNN,青紫,5,40,舌中,0,1,0.6877942085266113
tip_middle_root_1_3_1,CNN,青紫,5,40,舌右邊,0,0,0.2281053066253662
tip_middle_root_1_3_1,CNN,青紫,5,40,舌尖,1,0,0.2910657823085785
tip_middle_root_1_3_1,CNN,青紫,5,40,舌左邊,0,0,0.21365050971508026
tip_middle_root_1_3_1,CNN,青紫,5,40,舌根,0,0,0.22549495100975037
tip_middle_root_1_3_1,CNN,青紫,5,42,舌尖,0,0,0.4164563715457916
tip_middle_root_1_3_1,CNN,青紫,5,42,舌根,0,0,0.046988751739263535
tip_middle_root_1_3_1,CNN,青紫,5,44,舌右邊,0,0,0.3675333559513092
tip_middle_root_1_3_1,CNN,青紫,5,44,舌尖,0,0,0.21734699606895447
tip_middle_root_1_3_1,CNN,青紫,5,44,舌左邊,0,0,0.44901221990585327
tip_middle_root_1_3_1,CNN,青紫,5,44,舌根,0,0,0.21989570558071136
tip_middle_root_1_3_1,CNN,青紫,5,48,舌根,0,0,0.2384137213230133
tip_middle_root_1_3_1,CNN,青紫,5,51,舌中,0,1,0.5208607316017151
tip_middle_root_1_3_1,CNN,青紫,5,51,舌右邊,0,1,0.5257211327552795
tip_middle_root_1_3_1,CNN,青紫,5,51,舌尖,0,0,0.3178667426109314
tip_middle_root_1_3_1,CNN,青紫,5,51,舌左邊,0,0,0.14284387230873108
tip_middle_root_1_3_1,CNN,青紫,5,51,舌根,0,0,0.030989551916718483
tip_middle_root_1_3_1,CNN,青紫,5,55,舌中,0,0,0.32317864894866943
tip_middle_root_1_3_1,CNN,青紫,5,55,舌尖,0,0,0.21354499459266663
tip_middle_root_1_3_1,CNN,青紫,5,55,舌根,0,0,0.2733403742313385
tip_middle_root_1_3_1,CNN,青紫,5,6,舌中,0,0,0.419839084148407
tip_middle_root_1_3_1,CNN,青紫,5,6,舌右邊,0,1,0.5176149010658264
tip_middle_root_1_3_1,CNN,青紫,5,6,舌尖,0,0,0.4691329598426819
tip_middle_root_1_3_1,CNN,青紫,5,6,舌左邊,0,0,0.39964714646339417
tip_middle_root_1_3_1,CNN,青紫,5,6,舌根,0,0,0.09835269302129745
tip_middle_root_1_3_1,CNN,青紫,5,69,舌右邊,1,0,0.2671096622943878
tip_middle_root_1_3_1,CNN,青紫,5,69,舌尖,0,0,0.2568848431110382
tip_middle_root_1_3_1,CNN,青紫,5,69,舌左邊,1,0,0.22632446885108948
tip_middle_root_1_3_1,CNN,青紫,5,69,舌根,0,0,0.20343658328056335
tip_middle_root_1_3_1,CNN,青紫,5,71,舌右邊,1,0,0.230396568775177
tip_middle_root_1_3_1,CNN,青紫,5,71,舌尖,1,0,0.362357497215271
tip_middle_root_1_3_1,CNN,青紫,5,71,舌左邊,1,0,0.296327143907547
tip_middle_root_1_3_1,CNN,青紫,5,71,舌根,0,0,0.486152708530426
tip_middle_root_1_3_1,CNN,青紫,5,73,舌中,1,1,0.5350930690765381
tip_middle_root_1_3_1,CNN,青紫,5,73,舌右邊,1,0,0.32936057448387146
tip_middle_root_1_3_1,CNN,青紫,5,73,舌左邊,1,0,0.14187653362751007
tip_middle_root_1_3_1,CNN,青紫,5,74,舌中,0,1,0.6461530327796936
tip_middle_root_1_3_1,CNN,青紫,5,74,舌尖,0,1,0.5886354446411133
tip_middle_root_1_3_1,CNN,青紫,5,74,舌根,0,0,0.1392420381307602
tip_middle_root_1_3_1,CNN,青紫,5,80,舌中,0,0,0.40131139755249023
tip_middle_root_1_3_1,CNN,青紫,5,80,舌右邊,0,0,0.35565394163131714
tip_middle_root_1_3_1,CNN,青紫,5,80,舌尖,0,0,0.4874681830406189
tip_middle_root_1_3_1,CNN,青紫,5,80,舌左邊,0,0,0.24059106409549713
tip_middle_root_1_3_1,CNN,青紫,5,80,舌根,0,0,0.1969863772392273
tip_middle_root_1_3_1,CNN,青紫,5,93,舌中,0,0,0.4633209705352783
tip_middle_root_1_3_1,CNN,青紫,5,93,舌右邊,0,0,0.4913744628429413
tip_middle_root_1_3_1,CNN,青紫,5,93,舌尖,0,1,0.6105436086654663
tip_middle_root_1_3_1,CNN,青紫,5,93,舌左邊,0,0,0.15612508356571198
tip_middle_root_1_3_1,CNN,青紫,5,93,舌根,0,0,0.08192338794469833
tip_middle_root_1_3_1,CNN,青紫,5,97,舌中,0,1,0.6041679382324219
tip_middle_root_1_3_1,CNN,青紫,5,97,舌尖,0,0,0.39335116744041443
tip_middle_root_1_3_1,CNN,青紫,5,97,舌左邊,0,0,0.45605939626693726
tip_middle_root_1_3_1,CNN,青紫,5,97,舌根,0,0,0.18904154002666473
