segmentation_method,model,color,fold,image_id,region,true,pred
tip_middle_root_1_2_2,SVM,淡紅,1,17,舌右邊,0,0
tip_middle_root_1_2_2,SVM,淡紅,1,17,舌尖,1,1
tip_middle_root_1_2_2,SVM,淡紅,1,17,舌左邊,0,1
tip_middle_root_1_2_2,SVM,淡紅,1,19,舌中,1,1
tip_middle_root_1_2_2,SVM,淡紅,1,19,舌右邊,1,1
tip_middle_root_1_2_2,SVM,淡紅,1,19,舌尖,1,1
tip_middle_root_1_2_2,SVM,淡紅,1,19,舌左邊,1,1
tip_middle_root_1_2_2,SVM,淡紅,1,19,舌根,1,1
tip_middle_root_1_2_2,SVM,淡紅,1,21,舌中,1,1
tip_middle_root_1_2_2,SVM,淡紅,1,21,舌右邊,1,0
tip_middle_root_1_2_2,SVM,淡紅,1,21,舌尖,1,1
tip_middle_root_1_2_2,SVM,淡紅,1,21,舌左邊,1,1
tip_middle_root_1_2_2,SVM,淡紅,1,21,舌根,1,1
tip_middle_root_1_2_2,SVM,淡紅,1,31,舌中,0,1
tip_middle_root_1_2_2,SVM,淡紅,1,31,舌右邊,0,1
tip_middle_root_1_2_2,SVM,淡紅,1,31,舌尖,0,1
tip_middle_root_1_2_2,SVM,淡紅,1,31,舌左邊,0,1
tip_middle_root_1_2_2,SVM,淡紅,1,31,舌根,0,0
tip_middle_root_1_2_2,SVM,淡紅,1,3,舌中,0,0
tip_middle_root_1_2_2,SVM,淡紅,1,3,舌右邊,0,0
tip_middle_root_1_2_2,SVM,淡紅,1,3,舌尖,0,0
tip_middle_root_1_2_2,SVM,淡紅,1,3,舌左邊,0,0
tip_middle_root_1_2_2,SVM,淡紅,1,3,舌根,0,0
tip_middle_root_1_2_2,SVM,淡紅,1,40,舌中,0,1
tip_middle_root_1_2_2,SVM,淡紅,1,40,舌右邊,0,1
tip_middle_root_1_2_2,SVM,淡紅,1,40,舌尖,0,0
tip_middle_root_1_2_2,SVM,淡紅,1,40,舌左邊,0,1
tip_middle_root_1_2_2,SVM,淡紅,1,40,舌根,0,1
tip_middle_root_1_2_2,SVM,淡紅,1,45,舌中,0,0
tip_middle_root_1_2_2,SVM,淡紅,1,45,舌右邊,1,1
tip_middle_root_1_2_2,SVM,淡紅,1,45,舌左邊,1,1
tip_middle_root_1_2_2,SVM,淡紅,1,45,舌根,0,0
tip_middle_root_1_2_2,SVM,淡紅,1,55,舌中,1,0
tip_middle_root_1_2_2,SVM,淡紅,1,55,舌右邊,1,1
tip_middle_root_1_2_2,SVM,淡紅,1,55,舌尖,1,1
tip_middle_root_1_2_2,SVM,淡紅,1,55,舌左邊,1,1
tip_middle_root_1_2_2,SVM,淡紅,1,66,舌中,0,0
tip_middle_root_1_2_2,SVM,淡紅,1,66,舌右邊,0,0
tip_middle_root_1_2_2,SVM,淡紅,1,66,舌尖,0,0
tip_middle_root_1_2_2,SVM,淡紅,1,66,舌左邊,0,0
tip_middle_root_1_2_2,SVM,淡紅,1,66,舌根,0,0
tip_middle_root_1_2_2,SVM,淡紅,1,67,舌中,0,0
tip_middle_root_1_2_2,SVM,淡紅,1,67,舌右邊,0,0
tip_middle_root_1_2_2,SVM,淡紅,1,67,舌尖,0,0
tip_middle_root_1_2_2,SVM,淡紅,1,67,舌左邊,0,0
tip_middle_root_1_2_2,SVM,淡紅,1,73,舌中,0,0
tip_middle_root_1_2_2,SVM,淡紅,1,73,舌右邊,0,0
tip_middle_root_1_2_2,SVM,淡紅,1,73,舌尖,0,0
tip_middle_root_1_2_2,SVM,淡紅,1,73,舌左邊,0,0
tip_middle_root_1_2_2,SVM,淡紅,1,73,舌根,0,0
tip_middle_root_1_2_2,SVM,淡紅,1,74,舌中,0,0
tip_middle_root_1_2_2,SVM,淡紅,1,74,舌右邊,0,0
tip_middle_root_1_2_2,SVM,淡紅,1,74,舌左邊,0,0
tip_middle_root_1_2_2,SVM,淡紅,1,74,舌根,0,0
tip_middle_root_1_2_2,SVM,淡紅,1,7,舌中,0,0
tip_middle_root_1_2_2,SVM,淡紅,1,7,舌根,0,1
tip_middle_root_1_2_2,SVM,淡紅,1,83,舌中,0,0
tip_middle_root_1_2_2,SVM,淡紅,1,83,舌右邊,0,0
tip_middle_root_1_2_2,SVM,淡紅,1,83,舌尖,0,0
tip_middle_root_1_2_2,SVM,淡紅,1,83,舌左邊,0,0
tip_middle_root_1_2_2,SVM,淡紅,1,83,舌根,0,0
tip_middle_root_1_2_2,SVM,淡紅,1,86,舌右邊,1,0
tip_middle_root_1_2_2,SVM,淡紅,1,86,舌尖,1,0
tip_middle_root_1_2_2,SVM,淡紅,1,86,舌左邊,1,0
tip_middle_root_1_2_2,SVM,淡紅,1,87,舌中,0,0
tip_middle_root_1_2_2,SVM,淡紅,1,87,舌右邊,0,0
tip_middle_root_1_2_2,SVM,淡紅,1,87,舌尖,0,0
tip_middle_root_1_2_2,SVM,淡紅,1,87,舌左邊,0,0
tip_middle_root_1_2_2,SVM,淡紅,1,87,舌根,0,0
tip_middle_root_1_2_2,SVM,淡紅,1,89,舌中,0,0
tip_middle_root_1_2_2,SVM,淡紅,1,89,舌右邊,0,0
tip_middle_root_1_2_2,SVM,淡紅,1,89,舌尖,0,0
tip_middle_root_1_2_2,SVM,淡紅,1,89,舌左邊,0,0
tip_middle_root_1_2_2,SVM,淡紅,1,89,舌根,0,1
tip_middle_root_1_2_2,SVM,淡紅,1,92,舌中,0,0
tip_middle_root_1_2_2,SVM,淡紅,1,92,舌左邊,0,0
tip_middle_root_1_2_2,SVM,淡紅,1,92,舌根,0,0
tip_middle_root_1_2_2,SVM,淡紅,1,93,舌中,0,0
tip_middle_root_1_2_2,SVM,淡紅,1,93,舌右邊,0,0
tip_middle_root_1_2_2,SVM,淡紅,1,93,舌尖,0,0
tip_middle_root_1_2_2,SVM,淡紅,1,93,舌左邊,0,0
tip_middle_root_1_2_2,SVM,淡紅,1,93,舌根,0,0
tip_middle_root_1_2_2,SVM,淡紅,2,100,舌尖,0,0
tip_middle_root_1_2_2,SVM,淡紅,2,12,舌中,1,0
tip_middle_root_1_2_2,SVM,淡紅,2,12,舌右邊,1,0
tip_middle_root_1_2_2,SVM,淡紅,2,12,舌尖,0,0
tip_middle_root_1_2_2,SVM,淡紅,2,12,舌左邊,1,0
tip_middle_root_1_2_2,SVM,淡紅,2,12,舌根,1,0
tip_middle_root_1_2_2,SVM,淡紅,2,14,舌中,1,0
tip_middle_root_1_2_2,SVM,淡紅,2,14,舌右邊,1,0
tip_middle_root_1_2_2,SVM,淡紅,2,14,舌左邊,1,0
tip_middle_root_1_2_2,SVM,淡紅,2,14,舌根,1,0
tip_middle_root_1_2_2,SVM,淡紅,2,24,舌中,0,1
tip_middle_root_1_2_2,SVM,淡紅,2,24,舌右邊,0,1
tip_middle_root_1_2_2,SVM,淡紅,2,24,舌尖,0,1
tip_middle_root_1_2_2,SVM,淡紅,2,24,舌左邊,0,1
tip_middle_root_1_2_2,SVM,淡紅,2,24,舌根,0,1
tip_middle_root_1_2_2,SVM,淡紅,2,32,舌右邊,0,1
tip_middle_root_1_2_2,SVM,淡紅,2,32,舌尖,0,1
tip_middle_root_1_2_2,SVM,淡紅,2,32,舌左邊,0,1
tip_middle_root_1_2_2,SVM,淡紅,2,46,舌中,1,1
tip_middle_root_1_2_2,SVM,淡紅,2,46,舌右邊,1,1
tip_middle_root_1_2_2,SVM,淡紅,2,46,舌左邊,1,1
tip_middle_root_1_2_2,SVM,淡紅,2,46,舌根,1,1
tip_middle_root_1_2_2,SVM,淡紅,2,47,舌左邊,0,1
tip_middle_root_1_2_2,SVM,淡紅,2,48,舌中,0,1
tip_middle_root_1_2_2,SVM,淡紅,2,48,舌右邊,0,0
tip_middle_root_1_2_2,SVM,淡紅,2,48,舌尖,0,1
tip_middle_root_1_2_2,SVM,淡紅,2,48,舌左邊,0,1
tip_middle_root_1_2_2,SVM,淡紅,2,48,舌根,0,1
tip_middle_root_1_2_2,SVM,淡紅,2,50,舌中,0,1
tip_middle_root_1_2_2,SVM,淡紅,2,50,舌右邊,0,1
tip_middle_root_1_2_2,SVM,淡紅,2,50,舌尖,0,1
tip_middle_root_1_2_2,SVM,淡紅,2,50,舌左邊,0,1
tip_middle_root_1_2_2,SVM,淡紅,2,50,舌根,0,1
tip_middle_root_1_2_2,SVM,淡紅,2,53,舌尖,0,1
tip_middle_root_1_2_2,SVM,淡紅,2,53,舌左邊,1,1
tip_middle_root_1_2_2,SVM,淡紅,2,54,舌中,1,1
tip_middle_root_1_2_2,SVM,淡紅,2,54,舌右邊,1,1
tip_middle_root_1_2_2,SVM,淡紅,2,54,舌尖,1,1
tip_middle_root_1_2_2,SVM,淡紅,2,54,舌左邊,1,1
tip_middle_root_1_2_2,SVM,淡紅,2,54,舌根,1,0
tip_middle_root_1_2_2,SVM,淡紅,2,57,舌右邊,0,0
tip_middle_root_1_2_2,SVM,淡紅,2,57,舌尖,0,1
tip_middle_root_1_2_2,SVM,淡紅,2,57,舌左邊,0,1
tip_middle_root_1_2_2,SVM,淡紅,2,61,舌中,0,0
tip_middle_root_1_2_2,SVM,淡紅,2,61,舌右邊,0,0
tip_middle_root_1_2_2,SVM,淡紅,2,61,舌尖,0,0
tip_middle_root_1_2_2,SVM,淡紅,2,61,舌左邊,0,0
tip_middle_root_1_2_2,SVM,淡紅,2,61,舌根,0,0
tip_middle_root_1_2_2,SVM,淡紅,2,64,舌中,0,0
tip_middle_root_1_2_2,SVM,淡紅,2,64,舌右邊,0,0
tip_middle_root_1_2_2,SVM,淡紅,2,64,舌尖,0,0
tip_middle_root_1_2_2,SVM,淡紅,2,64,舌左邊,0,0
tip_middle_root_1_2_2,SVM,淡紅,2,64,舌根,0,0
tip_middle_root_1_2_2,SVM,淡紅,2,72,舌中,0,0
tip_middle_root_1_2_2,SVM,淡紅,2,72,舌右邊,0,0
tip_middle_root_1_2_2,SVM,淡紅,2,72,舌尖,0,0
tip_middle_root_1_2_2,SVM,淡紅,2,72,舌左邊,0,0
tip_middle_root_1_2_2,SVM,淡紅,2,72,舌根,0,0
tip_middle_root_1_2_2,SVM,淡紅,2,80,舌中,0,0
tip_middle_root_1_2_2,SVM,淡紅,2,80,舌右邊,0,0
tip_middle_root_1_2_2,SVM,淡紅,2,80,舌尖,0,0
tip_middle_root_1_2_2,SVM,淡紅,2,80,舌左邊,0,0
tip_middle_root_1_2_2,SVM,淡紅,2,80,舌根,0,0
tip_middle_root_1_2_2,SVM,淡紅,2,90,舌中,0,0
tip_middle_root_1_2_2,SVM,淡紅,2,90,舌右邊,0,0
tip_middle_root_1_2_2,SVM,淡紅,2,90,舌尖,0,0
tip_middle_root_1_2_2,SVM,淡紅,2,90,舌左邊,0,0
tip_middle_root_1_2_2,SVM,淡紅,2,90,舌根,0,1
tip_middle_root_1_2_2,SVM,淡紅,2,95,舌中,0,0
tip_middle_root_1_2_2,SVM,淡紅,2,95,舌右邊,0,0
tip_middle_root_1_2_2,SVM,淡紅,2,95,舌尖,0,0
tip_middle_root_1_2_2,SVM,淡紅,2,95,舌左邊,0,0
tip_middle_root_1_2_2,SVM,淡紅,2,95,舌根,0,0
tip_middle_root_1_2_2,SVM,淡紅,2,96,舌中,0,0
tip_middle_root_1_2_2,SVM,淡紅,2,96,舌右邊,0,0
tip_middle_root_1_2_2,SVM,淡紅,2,96,舌尖,0,0
tip_middle_root_1_2_2,SVM,淡紅,2,96,舌左邊,0,0
tip_middle_root_1_2_2,SVM,淡紅,2,96,舌根,0,0
tip_middle_root_1_2_2,SVM,淡紅,2,9,舌右邊,1,0
tip_middle_root_1_2_2,SVM,淡紅,2,9,舌左邊,1,0
tip_middle_root_1_2_2,SVM,淡紅,3,13,舌右邊,0,0
tip_middle_root_1_2_2,SVM,淡紅,3,13,舌尖,0,0
tip_middle_root_1_2_2,SVM,淡紅,3,13,舌左邊,0,0
tip_middle_root_1_2_2,SVM,淡紅,3,15,舌中,1,0
tip_middle_root_1_2_2,SVM,淡紅,3,15,舌右邊,0,0
tip_middle_root_1_2_2,SVM,淡紅,3,15,舌尖,0,0
tip_middle_root_1_2_2,SVM,淡紅,3,15,舌左邊,0,0
tip_middle_root_1_2_2,SVM,淡紅,3,15,舌根,1,0
tip_middle_root_1_2_2,SVM,淡紅,3,16,舌中,0,0
tip_middle_root_1_2_2,SVM,淡紅,3,16,舌右邊,0,0
tip_middle_root_1_2_2,SVM,淡紅,3,16,舌尖,0,0
tip_middle_root_1_2_2,SVM,淡紅,3,16,舌左邊,0,0
tip_middle_root_1_2_2,SVM,淡紅,3,16,舌根,0,0
tip_middle_root_1_2_2,SVM,淡紅,3,23,舌中,1,1
tip_middle_root_1_2_2,SVM,淡紅,3,23,舌右邊,1,1
tip_middle_root_1_2_2,SVM,淡紅,3,23,舌左邊,1,1
tip_middle_root_1_2_2,SVM,淡紅,3,23,舌根,1,1
tip_middle_root_1_2_2,SVM,淡紅,3,29,舌中,1,1
tip_middle_root_1_2_2,SVM,淡紅,3,29,舌右邊,1,1
tip_middle_root_1_2_2,SVM,淡紅,3,29,舌尖,1,1
tip_middle_root_1_2_2,SVM,淡紅,3,29,舌根,1,1
tip_middle_root_1_2_2,SVM,淡紅,3,41,舌右邊,1,0
tip_middle_root_1_2_2,SVM,淡紅,3,41,舌左邊,1,0
tip_middle_root_1_2_2,SVM,淡紅,3,41,舌根,1,0
tip_middle_root_1_2_2,SVM,淡紅,3,43,舌右邊,0,0
tip_middle_root_1_2_2,SVM,淡紅,3,43,舌尖,0,1
tip_middle_root_1_2_2,SVM,淡紅,3,43,舌左邊,0,0
tip_middle_root_1_2_2,SVM,淡紅,3,43,舌根,0,1
tip_middle_root_1_2_2,SVM,淡紅,3,49,舌尖,1,0
tip_middle_root_1_2_2,SVM,淡紅,3,49,舌左邊,1,1
tip_middle_root_1_2_2,SVM,淡紅,3,51,舌中,0,1
tip_middle_root_1_2_2,SVM,淡紅,3,51,舌右邊,0,0
tip_middle_root_1_2_2,SVM,淡紅,3,51,舌尖,0,1
tip_middle_root_1_2_2,SVM,淡紅,3,51,舌左邊,0,1
tip_middle_root_1_2_2,SVM,淡紅,3,51,舌根,0,0
tip_middle_root_1_2_2,SVM,淡紅,3,60,舌中,0,1
tip_middle_root_1_2_2,SVM,淡紅,3,60,舌右邊,0,1
tip_middle_root_1_2_2,SVM,淡紅,3,60,舌尖,0,1
tip_middle_root_1_2_2,SVM,淡紅,3,60,舌左邊,0,1
tip_middle_root_1_2_2,SVM,淡紅,3,60,舌根,0,1
tip_middle_root_1_2_2,SVM,淡紅,3,68,舌中,0,0
tip_middle_root_1_2_2,SVM,淡紅,3,68,舌右邊,0,0
tip_middle_root_1_2_2,SVM,淡紅,3,68,舌尖,0,0
tip_middle_root_1_2_2,SVM,淡紅,3,68,舌左邊,0,0
tip_middle_root_1_2_2,SVM,淡紅,3,68,舌根,0,0
tip_middle_root_1_2_2,SVM,淡紅,3,69,舌中,0,0
tip_middle_root_1_2_2,SVM,淡紅,3,69,舌右邊,0,0
tip_middle_root_1_2_2,SVM,淡紅,3,69,舌尖,0,0
tip_middle_root_1_2_2,SVM,淡紅,3,69,舌左邊,0,0
tip_middle_root_1_2_2,SVM,淡紅,3,69,舌根,0,0
tip_middle_root_1_2_2,SVM,淡紅,3,71,舌中,0,0
tip_middle_root_1_2_2,SVM,淡紅,3,71,舌右邊,0,0
tip_middle_root_1_2_2,SVM,淡紅,3,71,舌尖,0,0
tip_middle_root_1_2_2,SVM,淡紅,3,71,舌左邊,0,0
tip_middle_root_1_2_2,SVM,淡紅,3,71,舌根,0,0
tip_middle_root_1_2_2,SVM,淡紅,3,77,舌中,0,0
tip_middle_root_1_2_2,SVM,淡紅,3,77,舌右邊,0,0
tip_middle_root_1_2_2,SVM,淡紅,3,77,舌尖,0,0
tip_middle_root_1_2_2,SVM,淡紅,3,77,舌左邊,0,0
tip_middle_root_1_2_2,SVM,淡紅,3,77,舌根,0,0
tip_middle_root_1_2_2,SVM,淡紅,3,78,舌中,0,0
tip_middle_root_1_2_2,SVM,淡紅,3,78,舌右邊,0,0
tip_middle_root_1_2_2,SVM,淡紅,3,78,舌尖,0,0
tip_middle_root_1_2_2,SVM,淡紅,3,78,舌左邊,0,0
tip_middle_root_1_2_2,SVM,淡紅,3,78,舌根,0,0
tip_middle_root_1_2_2,SVM,淡紅,3,8,舌中,1,0
tip_middle_root_1_2_2,SVM,淡紅,3,8,舌右邊,1,0
tip_middle_root_1_2_2,SVM,淡紅,3,8,舌尖,1,0
tip_middle_root_1_2_2,SVM,淡紅,3,8,舌左邊,1,0
tip_middle_root_1_2_2,SVM,淡紅,3,8,舌根,1,0
tip_middle_root_1_2_2,SVM,淡紅,3,94,舌中,0,0
tip_middle_root_1_2_2,SVM,淡紅,3,94,舌右邊,0,0
tip_middle_root_1_2_2,SVM,淡紅,3,94,舌尖,0,0
tip_middle_root_1_2_2,SVM,淡紅,3,94,舌左邊,0,0
tip_middle_root_1_2_2,SVM,淡紅,3,94,舌根,0,0
tip_middle_root_1_2_2,SVM,淡紅,3,97,舌中,0,0
tip_middle_root_1_2_2,SVM,淡紅,3,97,舌右邊,0,0
tip_middle_root_1_2_2,SVM,淡紅,3,97,舌左邊,0,0
tip_middle_root_1_2_2,SVM,淡紅,3,97,舌根,0,0
tip_middle_root_1_2_2,SVM,淡紅,4,18,舌中,1,1
tip_middle_root_1_2_2,SVM,淡紅,4,18,舌尖,1,0
tip_middle_root_1_2_2,SVM,淡紅,4,18,舌根,1,1
tip_middle_root_1_2_2,SVM,淡紅,4,1,舌中,0,0
tip_middle_root_1_2_2,SVM,淡紅,4,1,舌右邊,0,0
tip_middle_root_1_2_2,SVM,淡紅,4,1,舌尖,0,0
tip_middle_root_1_2_2,SVM,淡紅,4,1,舌左邊,0,0
tip_middle_root_1_2_2,SVM,淡紅,4,1,舌根,0,0
tip_middle_root_1_2_2,SVM,淡紅,4,20,舌尖,1,1
tip_middle_root_1_2_2,SVM,淡紅,4,20,舌根,1,1
tip_middle_root_1_2_2,SVM,淡紅,4,22,舌中,0,1
tip_middle_root_1_2_2,SVM,淡紅,4,22,舌右邊,0,0
tip_middle_root_1_2_2,SVM,淡紅,4,22,舌尖,0,0
tip_middle_root_1_2_2,SVM,淡紅,4,22,舌左邊,0,0
tip_middle_root_1_2_2,SVM,淡紅,4,22,舌根,0,1
tip_middle_root_1_2_2,SVM,淡紅,4,25,舌右邊,0,0
tip_middle_root_1_2_2,SVM,淡紅,4,25,舌左邊,0,1
tip_middle_root_1_2_2,SVM,淡紅,4,25,舌根,0,1
tip_middle_root_1_2_2,SVM,淡紅,4,2,舌右邊,0,0
tip_middle_root_1_2_2,SVM,淡紅,4,2,舌尖,0,0
tip_middle_root_1_2_2,SVM,淡紅,4,2,舌左邊,0,0
tip_middle_root_1_2_2,SVM,淡紅,4,30,舌右邊,0,1
tip_middle_root_1_2_2,SVM,淡紅,4,30,舌左邊,0,1
tip_middle_root_1_2_2,SVM,淡紅,4,35,舌中,0,1
tip_middle_root_1_2_2,SVM,淡紅,4,35,舌右邊,0,1
tip_middle_root_1_2_2,SVM,淡紅,4,35,舌左邊,0,1
tip_middle_root_1_2_2,SVM,淡紅,4,35,舌根,0,1
tip_middle_root_1_2_2,SVM,淡紅,4,38,舌中,1,1
tip_middle_root_1_2_2,SVM,淡紅,4,38,舌右邊,1,1
tip_middle_root_1_2_2,SVM,淡紅,4,38,舌尖,1,1
tip_middle_root_1_2_2,SVM,淡紅,4,38,舌左邊,1,1
tip_middle_root_1_2_2,SVM,淡紅,4,44,舌根,0,1
tip_middle_root_1_2_2,SVM,淡紅,4,4,舌中,0,0
tip_middle_root_1_2_2,SVM,淡紅,4,4,舌右邊,0,0
tip_middle_root_1_2_2,SVM,淡紅,4,4,舌尖,0,0
tip_middle_root_1_2_2,SVM,淡紅,4,4,舌左邊,0,0
tip_middle_root_1_2_2,SVM,淡紅,4,4,舌根,0,0
tip_middle_root_1_2_2,SVM,淡紅,4,52,舌中,1,1
tip_middle_root_1_2_2,SVM,淡紅,4,52,舌右邊,1,1
tip_middle_root_1_2_2,SVM,淡紅,4,52,舌左邊,1,1
tip_middle_root_1_2_2,SVM,淡紅,4,52,舌根,1,1
tip_middle_root_1_2_2,SVM,淡紅,4,58,舌根,0,1
tip_middle_root_1_2_2,SVM,淡紅,4,62,舌中,0,0
tip_middle_root_1_2_2,SVM,淡紅,4,62,舌右邊,0,0
tip_middle_root_1_2_2,SVM,淡紅,4,62,舌尖,0,0
tip_middle_root_1_2_2,SVM,淡紅,4,62,舌左邊,0,0
tip_middle_root_1_2_2,SVM,淡紅,4,62,舌根,0,0
tip_middle_root_1_2_2,SVM,淡紅,4,70,舌中,0,0
tip_middle_root_1_2_2,SVM,淡紅,4,70,舌右邊,0,0
tip_middle_root_1_2_2,SVM,淡紅,4,70,舌尖,0,0
tip_middle_root_1_2_2,SVM,淡紅,4,70,舌左邊,0,0
tip_middle_root_1_2_2,SVM,淡紅,4,70,舌根,0,0
tip_middle_root_1_2_2,SVM,淡紅,4,75,舌根,1,0
tip_middle_root_1_2_2,SVM,淡紅,4,76,舌中,0,0
tip_middle_root_1_2_2,SVM,淡紅,4,76,舌右邊,0,0
tip_middle_root_1_2_2,SVM,淡紅,4,76,舌尖,0,0
tip_middle_root_1_2_2,SVM,淡紅,4,76,舌左邊,0,0
tip_middle_root_1_2_2,SVM,淡紅,4,76,舌根,0,0
tip_middle_root_1_2_2,SVM,淡紅,4,79,舌中,0,0
tip_middle_root_1_2_2,SVM,淡紅,4,79,舌右邊,0,0
tip_middle_root_1_2_2,SVM,淡紅,4,79,舌尖,0,0
tip_middle_root_1_2_2,SVM,淡紅,4,79,舌左邊,0,0
tip_middle_root_1_2_2,SVM,淡紅,4,79,舌根,0,0
tip_middle_root_1_2_2,SVM,淡紅,4,81,舌中,0,0
tip_middle_root_1_2_2,SVM,淡紅,4,81,舌右邊,0,0
tip_middle_root_1_2_2,SVM,淡紅,4,81,舌尖,0,0
tip_middle_root_1_2_2,SVM,淡紅,4,81,舌左邊,0,0
tip_middle_root_1_2_2,SVM,淡紅,4,81,舌根,0,0
tip_middle_root_1_2_2,SVM,淡紅,4,84,舌中,1,0
tip_middle_root_1_2_2,SVM,淡紅,4,84,舌右邊,1,0
tip_middle_root_1_2_2,SVM,淡紅,4,84,舌尖,1,0
tip_middle_root_1_2_2,SVM,淡紅,4,84,舌左邊,1,0
tip_middle_root_1_2_2,SVM,淡紅,4,84,舌根,1,0
tip_middle_root_1_2_2,SVM,淡紅,4,85,舌中,0,0
tip_middle_root_1_2_2,SVM,淡紅,4,85,舌右邊,0,0
tip_middle_root_1_2_2,SVM,淡紅,4,85,舌尖,0,0
tip_middle_root_1_2_2,SVM,淡紅,4,85,舌左邊,0,0
tip_middle_root_1_2_2,SVM,淡紅,4,85,舌根,0,0
tip_middle_root_1_2_2,SVM,淡紅,5,10,舌中,0,0
tip_middle_root_1_2_2,SVM,淡紅,5,10,舌右邊,0,0
tip_middle_root_1_2_2,SVM,淡紅,5,10,舌尖,0,0
tip_middle_root_1_2_2,SVM,淡紅,5,10,舌左邊,0,0
tip_middle_root_1_2_2,SVM,淡紅,5,10,舌根,0,0
tip_middle_root_1_2_2,SVM,淡紅,5,11,舌中,0,0
tip_middle_root_1_2_2,SVM,淡紅,5,11,舌右邊,0,0
tip_middle_root_1_2_2,SVM,淡紅,5,11,舌尖,0,0
tip_middle_root_1_2_2,SVM,淡紅,5,11,舌左邊,0,0
tip_middle_root_1_2_2,SVM,淡紅,5,11,舌根,0,0
tip_middle_root_1_2_2,SVM,淡紅,5,26,舌中,1,1
tip_middle_root_1_2_2,SVM,淡紅,5,26,舌尖,1,0
tip_middle_root_1_2_2,SVM,淡紅,5,27,舌中,1,0
tip_middle_root_1_2_2,SVM,淡紅,5,27,舌右邊,1,1
tip_middle_root_1_2_2,SVM,淡紅,5,27,舌尖,1,1
tip_middle_root_1_2_2,SVM,淡紅,5,27,舌根,1,1
tip_middle_root_1_2_2,SVM,淡紅,5,28,舌中,0,1
tip_middle_root_1_2_2,SVM,淡紅,5,28,舌右邊,0,1
tip_middle_root_1_2_2,SVM,淡紅,5,28,舌尖,1,1
tip_middle_root_1_2_2,SVM,淡紅,5,28,舌左邊,0,1
tip_middle_root_1_2_2,SVM,淡紅,5,28,舌根,0,1
tip_middle_root_1_2_2,SVM,淡紅,5,34,舌右邊,0,0
tip_middle_root_1_2_2,SVM,淡紅,5,34,舌尖,0,1
tip_middle_root_1_2_2,SVM,淡紅,5,34,舌左邊,0,0
tip_middle_root_1_2_2,SVM,淡紅,5,34,舌根,0,1
tip_middle_root_1_2_2,SVM,淡紅,5,36,舌中,1,0
tip_middle_root_1_2_2,SVM,淡紅,5,36,舌右邊,1,1
tip_middle_root_1_2_2,SVM,淡紅,5,36,舌尖,1,1
tip_middle_root_1_2_2,SVM,淡紅,5,36,舌左邊,1,1
tip_middle_root_1_2_2,SVM,淡紅,5,36,舌根,1,1
tip_middle_root_1_2_2,SVM,淡紅,5,37,舌中,1,1
tip_middle_root_1_2_2,SVM,淡紅,5,37,舌右邊,1,1
tip_middle_root_1_2_2,SVM,淡紅,5,37,舌尖,1,1
tip_middle_root_1_2_2,SVM,淡紅,5,37,舌左邊,1,1
tip_middle_root_1_2_2,SVM,淡紅,5,37,舌根,1,0
tip_middle_root_1_2_2,SVM,淡紅,5,39,舌尖,1,0
tip_middle_root_1_2_2,SVM,淡紅,5,39,舌左邊,1,1
tip_middle_root_1_2_2,SVM,淡紅,5,42,舌右邊,0,0
tip_middle_root_1_2_2,SVM,淡紅,5,42,舌尖,0,0
tip_middle_root_1_2_2,SVM,淡紅,5,42,舌左邊,0,0
tip_middle_root_1_2_2,SVM,淡紅,5,59,舌中,0,1
tip_middle_root_1_2_2,SVM,淡紅,5,59,舌右邊,0,1
tip_middle_root_1_2_2,SVM,淡紅,5,59,舌尖,0,1
tip_middle_root_1_2_2,SVM,淡紅,5,59,舌左邊,0,1
tip_middle_root_1_2_2,SVM,淡紅,5,59,舌根,0,0
tip_middle_root_1_2_2,SVM,淡紅,5,5,舌中,0,1
tip_middle_root_1_2_2,SVM,淡紅,5,5,舌右邊,0,1
tip_middle_root_1_2_2,SVM,淡紅,5,5,舌尖,0,1
tip_middle_root_1_2_2,SVM,淡紅,5,5,舌左邊,0,0
tip_middle_root_1_2_2,SVM,淡紅,5,5,舌根,0,1
tip_middle_root_1_2_2,SVM,淡紅,5,63,舌中,0,1
tip_middle_root_1_2_2,SVM,淡紅,5,63,舌右邊,0,0
tip_middle_root_1_2_2,SVM,淡紅,5,63,舌尖,0,0
tip_middle_root_1_2_2,SVM,淡紅,5,63,舌左邊,0,0
tip_middle_root_1_2_2,SVM,淡紅,5,63,舌根,0,0
tip_middle_root_1_2_2,SVM,淡紅,5,65,舌中,0,0
tip_middle_root_1_2_2,SVM,淡紅,5,65,舌右邊,0,0
tip_middle_root_1_2_2,SVM,淡紅,5,65,舌尖,0,0
tip_middle_root_1_2_2,SVM,淡紅,5,65,舌左邊,0,0
tip_middle_root_1_2_2,SVM,淡紅,5,65,舌根,0,0
tip_middle_root_1_2_2,SVM,淡紅,5,6,舌中,0,0
tip_middle_root_1_2_2,SVM,淡紅,5,6,舌右邊,0,0
tip_middle_root_1_2_2,SVM,淡紅,5,6,舌尖,0,0
tip_middle_root_1_2_2,SVM,淡紅,5,6,舌左邊,0,0
tip_middle_root_1_2_2,SVM,淡紅,5,6,舌根,0,0
tip_middle_root_1_2_2,SVM,淡紅,5,82,舌中,0,0
tip_middle_root_1_2_2,SVM,淡紅,5,82,舌右邊,0,0
tip_middle_root_1_2_2,SVM,淡紅,5,82,舌尖,0,0
tip_middle_root_1_2_2,SVM,淡紅,5,82,舌左邊,0,0
tip_middle_root_1_2_2,SVM,淡紅,5,82,舌根,0,0
tip_middle_root_1_2_2,SVM,淡紅,5,91,舌中,0,1
tip_middle_root_1_2_2,SVM,淡紅,5,91,舌右邊,0,1
tip_middle_root_1_2_2,SVM,淡紅,5,91,舌尖,0,1
tip_middle_root_1_2_2,SVM,淡紅,5,91,舌左邊,0,1
tip_middle_root_1_2_2,SVM,淡紅,5,91,舌根,0,1
tip_middle_root_1_2_2,SVM,淡紅,5,98,舌中,0,1
tip_middle_root_1_2_2,SVM,淡紅,5,98,舌右邊,0,0
tip_middle_root_1_2_2,SVM,淡紅,5,98,舌左邊,0,0
tip_middle_root_1_2_2,SVM,淡紅,5,98,舌根,0,0
tip_middle_root_1_2_2,Random Forest,淡紅,1,17,舌右邊,0,0
tip_middle_root_1_2_2,Random Forest,淡紅,1,17,舌尖,1,1
tip_middle_root_1_2_2,Random Forest,淡紅,1,17,舌左邊,0,0
tip_middle_root_1_2_2,Random Forest,淡紅,1,19,舌中,1,1
tip_middle_root_1_2_2,Random Forest,淡紅,1,19,舌右邊,1,1
tip_middle_root_1_2_2,Random Forest,淡紅,1,19,舌尖,1,1
tip_middle_root_1_2_2,Random Forest,淡紅,1,19,舌左邊,1,1
tip_middle_root_1_2_2,Random Forest,淡紅,1,19,舌根,1,1
tip_middle_root_1_2_2,Random Forest,淡紅,1,21,舌中,1,1
tip_middle_root_1_2_2,Random Forest,淡紅,1,21,舌右邊,1,0
tip_middle_root_1_2_2,Random Forest,淡紅,1,21,舌尖,1,0
tip_middle_root_1_2_2,Random Forest,淡紅,1,21,舌左邊,1,1
tip_middle_root_1_2_2,Random Forest,淡紅,1,21,舌根,1,1
tip_middle_root_1_2_2,Random Forest,淡紅,1,31,舌中,0,1
tip_middle_root_1_2_2,Random Forest,淡紅,1,31,舌右邊,0,0
tip_middle_root_1_2_2,Random Forest,淡紅,1,31,舌尖,0,0
tip_middle_root_1_2_2,Random Forest,淡紅,1,31,舌左邊,0,1
tip_middle_root_1_2_2,Random Forest,淡紅,1,31,舌根,0,0
tip_middle_root_1_2_2,Random Forest,淡紅,1,3,舌中,0,1
tip_middle_root_1_2_2,Random Forest,淡紅,1,3,舌右邊,0,0
tip_middle_root_1_2_2,Random Forest,淡紅,1,3,舌尖,0,0
tip_middle_root_1_2_2,Random Forest,淡紅,1,3,舌左邊,0,0
tip_middle_root_1_2_2,Random Forest,淡紅,1,3,舌根,0,0
tip_middle_root_1_2_2,Random Forest,淡紅,1,40,舌中,0,0
tip_middle_root_1_2_2,Random Forest,淡紅,1,40,舌右邊,0,0
tip_middle_root_1_2_2,Random Forest,淡紅,1,40,舌尖,0,0
tip_middle_root_1_2_2,Random Forest,淡紅,1,40,舌左邊,0,0
tip_middle_root_1_2_2,Random Forest,淡紅,1,40,舌根,0,1
tip_middle_root_1_2_2,Random Forest,淡紅,1,45,舌中,0,1
tip_middle_root_1_2_2,Random Forest,淡紅,1,45,舌右邊,1,1
tip_middle_root_1_2_2,Random Forest,淡紅,1,45,舌左邊,1,1
tip_middle_root_1_2_2,Random Forest,淡紅,1,45,舌根,0,1
tip_middle_root_1_2_2,Random Forest,淡紅,1,55,舌中,1,1
tip_middle_root_1_2_2,Random Forest,淡紅,1,55,舌右邊,1,0
tip_middle_root_1_2_2,Random Forest,淡紅,1,55,舌尖,1,1
tip_middle_root_1_2_2,Random Forest,淡紅,1,55,舌左邊,1,0
tip_middle_root_1_2_2,Random Forest,淡紅,1,66,舌中,0,0
tip_middle_root_1_2_2,Random Forest,淡紅,1,66,舌右邊,0,0
tip_middle_root_1_2_2,Random Forest,淡紅,1,66,舌尖,0,0
tip_middle_root_1_2_2,Random Forest,淡紅,1,66,舌左邊,0,0
tip_middle_root_1_2_2,Random Forest,淡紅,1,66,舌根,0,0
tip_middle_root_1_2_2,Random Forest,淡紅,1,67,舌中,0,0
tip_middle_root_1_2_2,Random Forest,淡紅,1,67,舌右邊,0,0
tip_middle_root_1_2_2,Random Forest,淡紅,1,67,舌尖,0,0
tip_middle_root_1_2_2,Random Forest,淡紅,1,67,舌左邊,0,0
tip_middle_root_1_2_2,Random Forest,淡紅,1,73,舌中,0,0
tip_middle_root_1_2_2,Random Forest,淡紅,1,73,舌右邊,0,0
tip_middle_root_1_2_2,Random Forest,淡紅,1,73,舌尖,0,0
tip_middle_root_1_2_2,Random Forest,淡紅,1,73,舌左邊,0,0
tip_middle_root_1_2_2,Random Forest,淡紅,1,73,舌根,0,0
tip_middle_root_1_2_2,Random Forest,淡紅,1,74,舌中,0,1
tip_middle_root_1_2_2,Random Forest,淡紅,1,74,舌右邊,0,0
tip_middle_root_1_2_2,Random Forest,淡紅,1,74,舌左邊,0,0
tip_middle_root_1_2_2,Random Forest,淡紅,1,74,舌根,0,0
tip_middle_root_1_2_2,Random Forest,淡紅,1,7,舌中,0,1
tip_middle_root_1_2_2,Random Forest,淡紅,1,7,舌根,0,0
tip_middle_root_1_2_2,Random Forest,淡紅,1,83,舌中,0,0
tip_middle_root_1_2_2,Random Forest,淡紅,1,83,舌右邊,0,0
tip_middle_root_1_2_2,Random Forest,淡紅,1,83,舌尖,0,0
tip_middle_root_1_2_2,Random Forest,淡紅,1,83,舌左邊,0,0
tip_middle_root_1_2_2,Random Forest,淡紅,1,83,舌根,0,0
tip_middle_root_1_2_2,Random Forest,淡紅,1,86,舌右邊,1,0
tip_middle_root_1_2_2,Random Forest,淡紅,1,86,舌尖,1,0
tip_middle_root_1_2_2,Random Forest,淡紅,1,86,舌左邊,1,0
tip_middle_root_1_2_2,Random Forest,淡紅,1,87,舌中,0,0
tip_middle_root_1_2_2,Random Forest,淡紅,1,87,舌右邊,0,0
tip_middle_root_1_2_2,Random Forest,淡紅,1,87,舌尖,0,0
tip_middle_root_1_2_2,Random Forest,淡紅,1,87,舌左邊,0,0
tip_middle_root_1_2_2,Random Forest,淡紅,1,87,舌根,0,0
tip_middle_root_1_2_2,Random Forest,淡紅,1,89,舌中,0,0
tip_middle_root_1_2_2,Random Forest,淡紅,1,89,舌右邊,0,0
tip_middle_root_1_2_2,Random Forest,淡紅,1,89,舌尖,0,0
tip_middle_root_1_2_2,Random Forest,淡紅,1,89,舌左邊,0,0
tip_middle_root_1_2_2,Random Forest,淡紅,1,89,舌根,0,0
tip_middle_root_1_2_2,Random Forest,淡紅,1,92,舌中,0,0
tip_middle_root_1_2_2,Random Forest,淡紅,1,92,舌左邊,0,0
tip_middle_root_1_2_2,Random Forest,淡紅,1,92,舌根,0,0
tip_middle_root_1_2_2,Random Forest,淡紅,1,93,舌中,0,0
tip_middle_root_1_2_2,Random Forest,淡紅,1,93,舌右邊,0,0
tip_middle_root_1_2_2,Random Forest,淡紅,1,93,舌尖,0,0
tip_middle_root_1_2_2,Random Forest,淡紅,1,93,舌左邊,0,0
tip_middle_root_1_2_2,Random Forest,淡紅,1,93,舌根,0,0
tip_middle_root_1_2_2,Random Forest,淡紅,2,100,舌尖,0,0
tip_middle_root_1_2_2,Random Forest,淡紅,2,12,舌中,1,0
tip_middle_root_1_2_2,Random Forest,淡紅,2,12,舌右邊,1,0
tip_middle_root_1_2_2,Random Forest,淡紅,2,12,舌尖,0,0
tip_middle_root_1_2_2,Random Forest,淡紅,2,12,舌左邊,1,0
tip_middle_root_1_2_2,Random Forest,淡紅,2,12,舌根,1,0
tip_middle_root_1_2_2,Random Forest,淡紅,2,14,舌中,1,0
tip_middle_root_1_2_2,Random Forest,淡紅,2,14,舌右邊,1,0
tip_middle_root_1_2_2,Random Forest,淡紅,2,14,舌左邊,1,0
tip_middle_root_1_2_2,Random Forest,淡紅,2,14,舌根,1,0
tip_middle_root_1_2_2,Random Forest,淡紅,2,24,舌中,0,0
tip_middle_root_1_2_2,Random Forest,淡紅,2,24,舌右邊,0,1
tip_middle_root_1_2_2,Random Forest,淡紅,2,24,舌尖,0,1
tip_middle_root_1_2_2,Random Forest,淡紅,2,24,舌左邊,0,1
tip_middle_root_1_2_2,Random Forest,淡紅,2,24,舌根,0,0
tip_middle_root_1_2_2,Random Forest,淡紅,2,32,舌右邊,0,0
tip_middle_root_1_2_2,Random Forest,淡紅,2,32,舌尖,0,1
tip_middle_root_1_2_2,Random Forest,淡紅,2,32,舌左邊,0,1
tip_middle_root_1_2_2,Random Forest,淡紅,2,46,舌中,1,1
tip_middle_root_1_2_2,Random Forest,淡紅,2,46,舌右邊,1,1
tip_middle_root_1_2_2,Random Forest,淡紅,2,46,舌左邊,1,1
tip_middle_root_1_2_2,Random Forest,淡紅,2,46,舌根,1,1
tip_middle_root_1_2_2,Random Forest,淡紅,2,47,舌左邊,0,1
tip_middle_root_1_2_2,Random Forest,淡紅,2,48,舌中,0,1
tip_middle_root_1_2_2,Random Forest,淡紅,2,48,舌右邊,0,0
tip_middle_root_1_2_2,Random Forest,淡紅,2,48,舌尖,0,0
tip_middle_root_1_2_2,Random Forest,淡紅,2,48,舌左邊,0,0
tip_middle_root_1_2_2,Random Forest,淡紅,2,48,舌根,0,0
tip_middle_root_1_2_2,Random Forest,淡紅,2,50,舌中,0,1
tip_middle_root_1_2_2,Random Forest,淡紅,2,50,舌右邊,0,1
tip_middle_root_1_2_2,Random Forest,淡紅,2,50,舌尖,0,1
tip_middle_root_1_2_2,Random Forest,淡紅,2,50,舌左邊,0,1
tip_middle_root_1_2_2,Random Forest,淡紅,2,50,舌根,0,1
tip_middle_root_1_2_2,Random Forest,淡紅,2,53,舌尖,0,1
tip_middle_root_1_2_2,Random Forest,淡紅,2,53,舌左邊,1,0
tip_middle_root_1_2_2,Random Forest,淡紅,2,54,舌中,1,1
tip_middle_root_1_2_2,Random Forest,淡紅,2,54,舌右邊,1,1
tip_middle_root_1_2_2,Random Forest,淡紅,2,54,舌尖,1,1
tip_middle_root_1_2_2,Random Forest,淡紅,2,54,舌左邊,1,1
tip_middle_root_1_2_2,Random Forest,淡紅,2,54,舌根,1,0
tip_middle_root_1_2_2,Random Forest,淡紅,2,57,舌右邊,0,0
tip_middle_root_1_2_2,Random Forest,淡紅,2,57,舌尖,0,0
tip_middle_root_1_2_2,Random Forest,淡紅,2,57,舌左邊,0,1
tip_middle_root_1_2_2,Random Forest,淡紅,2,61,舌中,0,0
tip_middle_root_1_2_2,Random Forest,淡紅,2,61,舌右邊,0,0
tip_middle_root_1_2_2,Random Forest,淡紅,2,61,舌尖,0,0
tip_middle_root_1_2_2,Random Forest,淡紅,2,61,舌左邊,0,0
tip_middle_root_1_2_2,Random Forest,淡紅,2,61,舌根,0,0
tip_middle_root_1_2_2,Random Forest,淡紅,2,64,舌中,0,0
tip_middle_root_1_2_2,Random Forest,淡紅,2,64,舌右邊,0,0
tip_middle_root_1_2_2,Random Forest,淡紅,2,64,舌尖,0,0
tip_middle_root_1_2_2,Random Forest,淡紅,2,64,舌左邊,0,0
tip_middle_root_1_2_2,Random Forest,淡紅,2,64,舌根,0,0
tip_middle_root_1_2_2,Random Forest,淡紅,2,72,舌中,0,0
tip_middle_root_1_2_2,Random Forest,淡紅,2,72,舌右邊,0,0
tip_middle_root_1_2_2,Random Forest,淡紅,2,72,舌尖,0,0
tip_middle_root_1_2_2,Random Forest,淡紅,2,72,舌左邊,0,0
tip_middle_root_1_2_2,Random Forest,淡紅,2,72,舌根,0,0
tip_middle_root_1_2_2,Random Forest,淡紅,2,80,舌中,0,0
tip_middle_root_1_2_2,Random Forest,淡紅,2,80,舌右邊,0,0
tip_middle_root_1_2_2,Random Forest,淡紅,2,80,舌尖,0,0
tip_middle_root_1_2_2,Random Forest,淡紅,2,80,舌左邊,0,0
tip_middle_root_1_2_2,Random Forest,淡紅,2,80,舌根,0,0
tip_middle_root_1_2_2,Random Forest,淡紅,2,90,舌中,0,0
tip_middle_root_1_2_2,Random Forest,淡紅,2,90,舌右邊,0,0
tip_middle_root_1_2_2,Random Forest,淡紅,2,90,舌尖,0,0
tip_middle_root_1_2_2,Random Forest,淡紅,2,90,舌左邊,0,0
tip_middle_root_1_2_2,Random Forest,淡紅,2,90,舌根,0,0
tip_middle_root_1_2_2,Random Forest,淡紅,2,95,舌中,0,0
tip_middle_root_1_2_2,Random Forest,淡紅,2,95,舌右邊,0,0
tip_middle_root_1_2_2,Random Forest,淡紅,2,95,舌尖,0,0
tip_middle_root_1_2_2,Random Forest,淡紅,2,95,舌左邊,0,0
tip_middle_root_1_2_2,Random Forest,淡紅,2,95,舌根,0,0
tip_middle_root_1_2_2,Random Forest,淡紅,2,96,舌中,0,0
tip_middle_root_1_2_2,Random Forest,淡紅,2,96,舌右邊,0,0
tip_middle_root_1_2_2,Random Forest,淡紅,2,96,舌尖,0,0
tip_middle_root_1_2_2,Random Forest,淡紅,2,96,舌左邊,0,0
tip_middle_root_1_2_2,Random Forest,淡紅,2,96,舌根,0,0
tip_middle_root_1_2_2,Random Forest,淡紅,2,9,舌右邊,1,0
tip_middle_root_1_2_2,Random Forest,淡紅,2,9,舌左邊,1,0
tip_middle_root_1_2_2,Random Forest,淡紅,3,13,舌右邊,0,0
tip_middle_root_1_2_2,Random Forest,淡紅,3,13,舌尖,0,0
tip_middle_root_1_2_2,Random Forest,淡紅,3,13,舌左邊,0,1
tip_middle_root_1_2_2,Random Forest,淡紅,3,15,舌中,1,0
tip_middle_root_1_2_2,Random Forest,淡紅,3,15,舌右邊,0,0
tip_middle_root_1_2_2,Random Forest,淡紅,3,15,舌尖,0,0
tip_middle_root_1_2_2,Random Forest,淡紅,3,15,舌左邊,0,0
tip_middle_root_1_2_2,Random Forest,淡紅,3,15,舌根,1,0
tip_middle_root_1_2_2,Random Forest,淡紅,3,16,舌中,0,0
tip_middle_root_1_2_2,Random Forest,淡紅,3,16,舌右邊,0,0
tip_middle_root_1_2_2,Random Forest,淡紅,3,16,舌尖,0,0
tip_middle_root_1_2_2,Random Forest,淡紅,3,16,舌左邊,0,0
tip_middle_root_1_2_2,Random Forest,淡紅,3,16,舌根,0,0
tip_middle_root_1_2_2,Random Forest,淡紅,3,23,舌中,1,1
tip_middle_root_1_2_2,Random Forest,淡紅,3,23,舌右邊,1,1
tip_middle_root_1_2_2,Random Forest,淡紅,3,23,舌左邊,1,1
tip_middle_root_1_2_2,Random Forest,淡紅,3,23,舌根,1,1
tip_middle_root_1_2_2,Random Forest,淡紅,3,29,舌中,1,0
tip_middle_root_1_2_2,Random Forest,淡紅,3,29,舌右邊,1,1
tip_middle_root_1_2_2,Random Forest,淡紅,3,29,舌尖,1,1
tip_middle_root_1_2_2,Random Forest,淡紅,3,29,舌根,1,1
tip_middle_root_1_2_2,Random Forest,淡紅,3,41,舌右邊,1,1
tip_middle_root_1_2_2,Random Forest,淡紅,3,41,舌左邊,1,0
tip_middle_root_1_2_2,Random Forest,淡紅,3,41,舌根,1,0
tip_middle_root_1_2_2,Random Forest,淡紅,3,43,舌右邊,0,0
tip_middle_root_1_2_2,Random Forest,淡紅,3,43,舌尖,0,1
tip_middle_root_1_2_2,Random Forest,淡紅,3,43,舌左邊,0,0
tip_middle_root_1_2_2,Random Forest,淡紅,3,43,舌根,0,1
tip_middle_root_1_2_2,Random Forest,淡紅,3,49,舌尖,1,0
tip_middle_root_1_2_2,Random Forest,淡紅,3,49,舌左邊,1,1
tip_middle_root_1_2_2,Random Forest,淡紅,3,51,舌中,0,1
tip_middle_root_1_2_2,Random Forest,淡紅,3,51,舌右邊,0,0
tip_middle_root_1_2_2,Random Forest,淡紅,3,51,舌尖,0,0
tip_middle_root_1_2_2,Random Forest,淡紅,3,51,舌左邊,0,0
tip_middle_root_1_2_2,Random Forest,淡紅,3,51,舌根,0,1
tip_middle_root_1_2_2,Random Forest,淡紅,3,60,舌中,0,0
tip_middle_root_1_2_2,Random Forest,淡紅,3,60,舌右邊,0,1
tip_middle_root_1_2_2,Random Forest,淡紅,3,60,舌尖,0,1
tip_middle_root_1_2_2,Random Forest,淡紅,3,60,舌左邊,0,1
tip_middle_root_1_2_2,Random Forest,淡紅,3,60,舌根,0,0
tip_middle_root_1_2_2,Random Forest,淡紅,3,68,舌中,0,0
tip_middle_root_1_2_2,Random Forest,淡紅,3,68,舌右邊,0,0
tip_middle_root_1_2_2,Random Forest,淡紅,3,68,舌尖,0,0
tip_middle_root_1_2_2,Random Forest,淡紅,3,68,舌左邊,0,0
tip_middle_root_1_2_2,Random Forest,淡紅,3,68,舌根,0,0
tip_middle_root_1_2_2,Random Forest,淡紅,3,69,舌中,0,0
tip_middle_root_1_2_2,Random Forest,淡紅,3,69,舌右邊,0,0
tip_middle_root_1_2_2,Random Forest,淡紅,3,69,舌尖,0,0
tip_middle_root_1_2_2,Random Forest,淡紅,3,69,舌左邊,0,0
tip_middle_root_1_2_2,Random Forest,淡紅,3,69,舌根,0,0
tip_middle_root_1_2_2,Random Forest,淡紅,3,71,舌中,0,0
tip_middle_root_1_2_2,Random Forest,淡紅,3,71,舌右邊,0,0
tip_middle_root_1_2_2,Random Forest,淡紅,3,71,舌尖,0,0
tip_middle_root_1_2_2,Random Forest,淡紅,3,71,舌左邊,0,0
tip_middle_root_1_2_2,Random Forest,淡紅,3,71,舌根,0,0
tip_middle_root_1_2_2,Random Forest,淡紅,3,77,舌中,0,0
tip_middle_root_1_2_2,Random Forest,淡紅,3,77,舌右邊,0,0
tip_middle_root_1_2_2,Random Forest,淡紅,3,77,舌尖,0,0
tip_middle_root_1_2_2,Random Forest,淡紅,3,77,舌左邊,0,0
tip_middle_root_1_2_2,Random Forest,淡紅,3,77,舌根,0,0
tip_middle_root_1_2_2,Random Forest,淡紅,3,78,舌中,0,0
tip_middle_root_1_2_2,Random Forest,淡紅,3,78,舌右邊,0,0
tip_middle_root_1_2_2,Random Forest,淡紅,3,78,舌尖,0,0
tip_middle_root_1_2_2,Random Forest,淡紅,3,78,舌左邊,0,0
tip_middle_root_1_2_2,Random Forest,淡紅,3,78,舌根,0,0
tip_middle_root_1_2_2,Random Forest,淡紅,3,8,舌中,1,0
tip_middle_root_1_2_2,Random Forest,淡紅,3,8,舌右邊,1,0
tip_middle_root_1_2_2,Random Forest,淡紅,3,8,舌尖,1,0
tip_middle_root_1_2_2,Random Forest,淡紅,3,8,舌左邊,1,0
tip_middle_root_1_2_2,Random Forest,淡紅,3,8,舌根,1,0
tip_middle_root_1_2_2,Random Forest,淡紅,3,94,舌中,0,0
tip_middle_root_1_2_2,Random Forest,淡紅,3,94,舌右邊,0,0
tip_middle_root_1_2_2,Random Forest,淡紅,3,94,舌尖,0,0
tip_middle_root_1_2_2,Random Forest,淡紅,3,94,舌左邊,0,0
tip_middle_root_1_2_2,Random Forest,淡紅,3,94,舌根,0,0
tip_middle_root_1_2_2,Random Forest,淡紅,3,97,舌中,0,0
tip_middle_root_1_2_2,Random Forest,淡紅,3,97,舌右邊,0,1
tip_middle_root_1_2_2,Random Forest,淡紅,3,97,舌左邊,0,0
tip_middle_root_1_2_2,Random Forest,淡紅,3,97,舌根,0,0
tip_middle_root_1_2_2,Random Forest,淡紅,4,18,舌中,1,1
tip_middle_root_1_2_2,Random Forest,淡紅,4,18,舌尖,1,0
tip_middle_root_1_2_2,Random Forest,淡紅,4,18,舌根,1,0
tip_middle_root_1_2_2,Random Forest,淡紅,4,1,舌中,0,0
tip_middle_root_1_2_2,Random Forest,淡紅,4,1,舌右邊,0,0
tip_middle_root_1_2_2,Random Forest,淡紅,4,1,舌尖,0,0
tip_middle_root_1_2_2,Random Forest,淡紅,4,1,舌左邊,0,0
tip_middle_root_1_2_2,Random Forest,淡紅,4,1,舌根,0,0
tip_middle_root_1_2_2,Random Forest,淡紅,4,20,舌尖,1,1
tip_middle_root_1_2_2,Random Forest,淡紅,4,20,舌根,1,1
tip_middle_root_1_2_2,Random Forest,淡紅,4,22,舌中,0,0
tip_middle_root_1_2_2,Random Forest,淡紅,4,22,舌右邊,0,0
tip_middle_root_1_2_2,Random Forest,淡紅,4,22,舌尖,0,0
tip_middle_root_1_2_2,Random Forest,淡紅,4,22,舌左邊,0,0
tip_middle_root_1_2_2,Random Forest,淡紅,4,22,舌根,0,1
tip_middle_root_1_2_2,Random Forest,淡紅,4,25,舌右邊,0,0
tip_middle_root_1_2_2,Random Forest,淡紅,4,25,舌左邊,0,0
tip_middle_root_1_2_2,Random Forest,淡紅,4,25,舌根,0,0
tip_middle_root_1_2_2,Random Forest,淡紅,4,2,舌右邊,0,0
tip_middle_root_1_2_2,Random Forest,淡紅,4,2,舌尖,0,0
tip_middle_root_1_2_2,Random Forest,淡紅,4,2,舌左邊,0,0
tip_middle_root_1_2_2,Random Forest,淡紅,4,30,舌右邊,0,0
tip_middle_root_1_2_2,Random Forest,淡紅,4,30,舌左邊,0,0
tip_middle_root_1_2_2,Random Forest,淡紅,4,35,舌中,0,1
tip_middle_root_1_2_2,Random Forest,淡紅,4,35,舌右邊,0,0
tip_middle_root_1_2_2,Random Forest,淡紅,4,35,舌左邊,0,0
tip_middle_root_1_2_2,Random Forest,淡紅,4,35,舌根,0,0
tip_middle_root_1_2_2,Random Forest,淡紅,4,38,舌中,1,1
tip_middle_root_1_2_2,Random Forest,淡紅,4,38,舌右邊,1,0
tip_middle_root_1_2_2,Random Forest,淡紅,4,38,舌尖,1,1
tip_middle_root_1_2_2,Random Forest,淡紅,4,38,舌左邊,1,0
tip_middle_root_1_2_2,Random Forest,淡紅,4,44,舌根,0,0
tip_middle_root_1_2_2,Random Forest,淡紅,4,4,舌中,0,0
tip_middle_root_1_2_2,Random Forest,淡紅,4,4,舌右邊,0,0
tip_middle_root_1_2_2,Random Forest,淡紅,4,4,舌尖,0,0
tip_middle_root_1_2_2,Random Forest,淡紅,4,4,舌左邊,0,0
tip_middle_root_1_2_2,Random Forest,淡紅,4,4,舌根,0,0
tip_middle_root_1_2_2,Random Forest,淡紅,4,52,舌中,1,0
tip_middle_root_1_2_2,Random Forest,淡紅,4,52,舌右邊,1,0
tip_middle_root_1_2_2,Random Forest,淡紅,4,52,舌左邊,1,0
tip_middle_root_1_2_2,Random Forest,淡紅,4,52,舌根,1,0
tip_middle_root_1_2_2,Random Forest,淡紅,4,58,舌根,0,1
tip_middle_root_1_2_2,Random Forest,淡紅,4,62,舌中,0,0
tip_middle_root_1_2_2,Random Forest,淡紅,4,62,舌右邊,0,0
tip_middle_root_1_2_2,Random Forest,淡紅,4,62,舌尖,0,0
tip_middle_root_1_2_2,Random Forest,淡紅,4,62,舌左邊,0,0
tip_middle_root_1_2_2,Random Forest,淡紅,4,62,舌根,0,0
tip_middle_root_1_2_2,Random Forest,淡紅,4,70,舌中,0,0
tip_middle_root_1_2_2,Random Forest,淡紅,4,70,舌右邊,0,0
tip_middle_root_1_2_2,Random Forest,淡紅,4,70,舌尖,0,0
tip_middle_root_1_2_2,Random Forest,淡紅,4,70,舌左邊,0,0
tip_middle_root_1_2_2,Random Forest,淡紅,4,70,舌根,0,0
tip_middle_root_1_2_2,Random Forest,淡紅,4,75,舌根,1,0
tip_middle_root_1_2_2,Random Forest,淡紅,4,76,舌中,0,0
tip_middle_root_1_2_2,Random Forest,淡紅,4,76,舌右邊,0,0
tip_middle_root_1_2_2,Random Forest,淡紅,4,76,舌尖,0,0
tip_middle_root_1_2_2,Random Forest,淡紅,4,76,舌左邊,0,0
tip_middle_root_1_2_2,Random Forest,淡紅,4,76,舌根,0,0
tip_middle_root_1_2_2,Random Forest,淡紅,4,79,舌中,0,0
tip_middle_root_1_2_2,Random Forest,淡紅,4,79,舌右邊,0,0
tip_middle_root_1_2_2,Random Forest,淡紅,4,79,舌尖,0,0
tip_middle_root_1_2_2,Random Forest,淡紅,4,79,舌左邊,0,0
tip_middle_root_1_2_2,Random Forest,淡紅,4,79,舌根,0,0
tip_middle_root_1_2_2,Random Forest,淡紅,4,81,舌中,0,0
tip_middle_root_1_2_2,Random Forest,淡紅,4,81,舌右邊,0,0
tip_middle_root_1_2_2,Random Forest,淡紅,4,81,舌尖,0,0
tip_middle_root_1_2_2,Random Forest,淡紅,4,81,舌左邊,0,0
tip_middle_root_1_2_2,Random Forest,淡紅,4,81,舌根,0,0
tip_middle_root_1_2_2,Random Forest,淡紅,4,84,舌中,1,0
tip_middle_root_1_2_2,Random Forest,淡紅,4,84,舌右邊,1,0
tip_middle_root_1_2_2,Random Forest,淡紅,4,84,舌尖,1,0
tip_middle_root_1_2_2,Random Forest,淡紅,4,84,舌左邊,1,0
tip_middle_root_1_2_2,Random Forest,淡紅,4,84,舌根,1,0
tip_middle_root_1_2_2,Random Forest,淡紅,4,85,舌中,0,0
tip_middle_root_1_2_2,Random Forest,淡紅,4,85,舌右邊,0,0
tip_middle_root_1_2_2,Random Forest,淡紅,4,85,舌尖,0,0
tip_middle_root_1_2_2,Random Forest,淡紅,4,85,舌左邊,0,0
tip_middle_root_1_2_2,Random Forest,淡紅,4,85,舌根,0,0
tip_middle_root_1_2_2,Random Forest,淡紅,5,10,舌中,0,0
tip_middle_root_1_2_2,Random Forest,淡紅,5,10,舌右邊,0,0
tip_middle_root_1_2_2,Random Forest,淡紅,5,10,舌尖,0,0
tip_middle_root_1_2_2,Random Forest,淡紅,5,10,舌左邊,0,0
tip_middle_root_1_2_2,Random Forest,淡紅,5,10,舌根,0,0
tip_middle_root_1_2_2,Random Forest,淡紅,5,11,舌中,0,0
tip_middle_root_1_2_2,Random Forest,淡紅,5,11,舌右邊,0,0
tip_middle_root_1_2_2,Random Forest,淡紅,5,11,舌尖,0,0
tip_middle_root_1_2_2,Random Forest,淡紅,5,11,舌左邊,0,0
tip_middle_root_1_2_2,Random Forest,淡紅,5,11,舌根,0,0
tip_middle_root_1_2_2,Random Forest,淡紅,5,26,舌中,1,1
tip_middle_root_1_2_2,Random Forest,淡紅,5,26,舌尖,1,0
tip_middle_root_1_2_2,Random Forest,淡紅,5,27,舌中,1,1
tip_middle_root_1_2_2,Random Forest,淡紅,5,27,舌右邊,1,0
tip_middle_root_1_2_2,Random Forest,淡紅,5,27,舌尖,1,1
tip_middle_root_1_2_2,Random Forest,淡紅,5,27,舌根,1,1
tip_middle_root_1_2_2,Random Forest,淡紅,5,28,舌中,0,1
tip_middle_root_1_2_2,Random Forest,淡紅,5,28,舌右邊,0,1
tip_middle_root_1_2_2,Random Forest,淡紅,5,28,舌尖,1,1
tip_middle_root_1_2_2,Random Forest,淡紅,5,28,舌左邊,0,1
tip_middle_root_1_2_2,Random Forest,淡紅,5,28,舌根,0,1
tip_middle_root_1_2_2,Random Forest,淡紅,5,34,舌右邊,0,0
tip_middle_root_1_2_2,Random Forest,淡紅,5,34,舌尖,0,1
tip_middle_root_1_2_2,Random Forest,淡紅,5,34,舌左邊,0,0
tip_middle_root_1_2_2,Random Forest,淡紅,5,34,舌根,0,1
tip_middle_root_1_2_2,Random Forest,淡紅,5,36,舌中,1,1
tip_middle_root_1_2_2,Random Forest,淡紅,5,36,舌右邊,1,1
tip_middle_root_1_2_2,Random Forest,淡紅,5,36,舌尖,1,1
tip_middle_root_1_2_2,Random Forest,淡紅,5,36,舌左邊,1,1
tip_middle_root_1_2_2,Random Forest,淡紅,5,36,舌根,1,1
tip_middle_root_1_2_2,Random Forest,淡紅,5,37,舌中,1,1
tip_middle_root_1_2_2,Random Forest,淡紅,5,37,舌右邊,1,1
tip_middle_root_1_2_2,Random Forest,淡紅,5,37,舌尖,1,1
tip_middle_root_1_2_2,Random Forest,淡紅,5,37,舌左邊,1,1
tip_middle_root_1_2_2,Random Forest,淡紅,5,37,舌根,1,0
tip_middle_root_1_2_2,Random Forest,淡紅,5,39,舌尖,1,0
tip_middle_root_1_2_2,Random Forest,淡紅,5,39,舌左邊,1,1
tip_middle_root_1_2_2,Random Forest,淡紅,5,42,舌右邊,0,0
tip_middle_root_1_2_2,Random Forest,淡紅,5,42,舌尖,0,0
tip_middle_root_1_2_2,Random Forest,淡紅,5,42,舌左邊,0,0
tip_middle_root_1_2_2,Random Forest,淡紅,5,59,舌中,0,1
tip_middle_root_1_2_2,Random Forest,淡紅,5,59,舌右邊,0,0
tip_middle_root_1_2_2,Random Forest,淡紅,5,59,舌尖,0,1
tip_middle_root_1_2_2,Random Forest,淡紅,5,59,舌左邊,0,1
tip_middle_root_1_2_2,Random Forest,淡紅,5,59,舌根,0,0
tip_middle_root_1_2_2,Random Forest,淡紅,5,5,舌中,0,0
tip_middle_root_1_2_2,Random Forest,淡紅,5,5,舌右邊,0,0
tip_middle_root_1_2_2,Random Forest,淡紅,5,5,舌尖,0,0
tip_middle_root_1_2_2,Random Forest,淡紅,5,5,舌左邊,0,0
tip_middle_root_1_2_2,Random Forest,淡紅,5,5,舌根,0,0
tip_middle_root_1_2_2,Random Forest,淡紅,5,63,舌中,0,0
tip_middle_root_1_2_2,Random Forest,淡紅,5,63,舌右邊,0,0
tip_middle_root_1_2_2,Random Forest,淡紅,5,63,舌尖,0,0
tip_middle_root_1_2_2,Random Forest,淡紅,5,63,舌左邊,0,0
tip_middle_root_1_2_2,Random Forest,淡紅,5,63,舌根,0,0
tip_middle_root_1_2_2,Random Forest,淡紅,5,65,舌中,0,0
tip_middle_root_1_2_2,Random Forest,淡紅,5,65,舌右邊,0,0
tip_middle_root_1_2_2,Random Forest,淡紅,5,65,舌尖,0,0
tip_middle_root_1_2_2,Random Forest,淡紅,5,65,舌左邊,0,0
tip_middle_root_1_2_2,Random Forest,淡紅,5,65,舌根,0,0
tip_middle_root_1_2_2,Random Forest,淡紅,5,6,舌中,0,0
tip_middle_root_1_2_2,Random Forest,淡紅,5,6,舌右邊,0,0
tip_middle_root_1_2_2,Random Forest,淡紅,5,6,舌尖,0,0
tip_middle_root_1_2_2,Random Forest,淡紅,5,6,舌左邊,0,0
tip_middle_root_1_2_2,Random Forest,淡紅,5,6,舌根,0,0
tip_middle_root_1_2_2,Random Forest,淡紅,5,82,舌中,0,1
tip_middle_root_1_2_2,Random Forest,淡紅,5,82,舌右邊,0,0
tip_middle_root_1_2_2,Random Forest,淡紅,5,82,舌尖,0,0
tip_middle_root_1_2_2,Random Forest,淡紅,5,82,舌左邊,0,0
tip_middle_root_1_2_2,Random Forest,淡紅,5,82,舌根,0,0
tip_middle_root_1_2_2,Random Forest,淡紅,5,91,舌中,0,0
tip_middle_root_1_2_2,Random Forest,淡紅,5,91,舌右邊,0,0
tip_middle_root_1_2_2,Random Forest,淡紅,5,91,舌尖,0,0
tip_middle_root_1_2_2,Random Forest,淡紅,5,91,舌左邊,0,0
tip_middle_root_1_2_2,Random Forest,淡紅,5,91,舌根,0,1
tip_middle_root_1_2_2,Random Forest,淡紅,5,98,舌中,0,0
tip_middle_root_1_2_2,Random Forest,淡紅,5,98,舌右邊,0,0
tip_middle_root_1_2_2,Random Forest,淡紅,5,98,舌左邊,0,0
tip_middle_root_1_2_2,Random Forest,淡紅,5,98,舌根,0,0
tip_middle_root_1_3_1,SVM,淡紅,1,17,舌右邊,0,0
tip_middle_root_1_3_1,SVM,淡紅,1,17,舌尖,1,1
tip_middle_root_1_3_1,SVM,淡紅,1,17,舌左邊,0,0
tip_middle_root_1_3_1,SVM,淡紅,1,19,舌中,1,1
tip_middle_root_1_3_1,SVM,淡紅,1,19,舌右邊,1,1
tip_middle_root_1_3_1,SVM,淡紅,1,19,舌尖,1,1
tip_middle_root_1_3_1,SVM,淡紅,1,19,舌左邊,1,1
tip_middle_root_1_3_1,SVM,淡紅,1,19,舌根,1,1
tip_middle_root_1_3_1,SVM,淡紅,1,21,舌中,1,1
tip_middle_root_1_3_1,SVM,淡紅,1,21,舌右邊,1,1
tip_middle_root_1_3_1,SVM,淡紅,1,21,舌尖,1,1
tip_middle_root_1_3_1,SVM,淡紅,1,21,舌左邊,1,0
tip_middle_root_1_3_1,SVM,淡紅,1,21,舌根,1,1
tip_middle_root_1_3_1,SVM,淡紅,1,31,舌中,0,1
tip_middle_root_1_3_1,SVM,淡紅,1,31,舌右邊,0,0
tip_middle_root_1_3_1,SVM,淡紅,1,31,舌尖,0,1
tip_middle_root_1_3_1,SVM,淡紅,1,31,舌左邊,0,1
tip_middle_root_1_3_1,SVM,淡紅,1,31,舌根,0,0
tip_middle_root_1_3_1,SVM,淡紅,1,3,舌中,0,0
tip_middle_root_1_3_1,SVM,淡紅,1,3,舌右邊,0,0
tip_middle_root_1_3_1,SVM,淡紅,1,3,舌尖,0,0
tip_middle_root_1_3_1,SVM,淡紅,1,3,舌左邊,0,0
tip_middle_root_1_3_1,SVM,淡紅,1,3,舌根,0,0
tip_middle_root_1_3_1,SVM,淡紅,1,40,舌中,0,1
tip_middle_root_1_3_1,SVM,淡紅,1,40,舌右邊,0,0
tip_middle_root_1_3_1,SVM,淡紅,1,40,舌尖,0,0
tip_middle_root_1_3_1,SVM,淡紅,1,40,舌左邊,0,1
tip_middle_root_1_3_1,SVM,淡紅,1,40,舌根,0,1
tip_middle_root_1_3_1,SVM,淡紅,1,45,舌中,0,0
tip_middle_root_1_3_1,SVM,淡紅,1,45,舌右邊,1,1
tip_middle_root_1_3_1,SVM,淡紅,1,45,舌左邊,1,1
tip_middle_root_1_3_1,SVM,淡紅,1,45,舌根,0,0
tip_middle_root_1_3_1,SVM,淡紅,1,55,舌中,1,0
tip_middle_root_1_3_1,SVM,淡紅,1,55,舌右邊,1,1
tip_middle_root_1_3_1,SVM,淡紅,1,55,舌尖,1,1
tip_middle_root_1_3_1,SVM,淡紅,1,55,舌左邊,1,1
tip_middle_root_1_3_1,SVM,淡紅,1,66,舌中,0,0
tip_middle_root_1_3_1,SVM,淡紅,1,66,舌右邊,0,0
tip_middle_root_1_3_1,SVM,淡紅,1,66,舌尖,0,0
tip_middle_root_1_3_1,SVM,淡紅,1,66,舌左邊,0,0
tip_middle_root_1_3_1,SVM,淡紅,1,66,舌根,0,0
tip_middle_root_1_3_1,SVM,淡紅,1,67,舌中,0,0
tip_middle_root_1_3_1,SVM,淡紅,1,67,舌右邊,0,0
tip_middle_root_1_3_1,SVM,淡紅,1,67,舌尖,0,0
tip_middle_root_1_3_1,SVM,淡紅,1,67,舌左邊,0,0
tip_middle_root_1_3_1,SVM,淡紅,1,73,舌中,0,0
tip_middle_root_1_3_1,SVM,淡紅,1,73,舌右邊,0,0
tip_middle_root_1_3_1,SVM,淡紅,1,73,舌尖,0,0
tip_middle_root_1_3_1,SVM,淡紅,1,73,舌左邊,0,0
tip_middle_root_1_3_1,SVM,淡紅,1,73,舌根,0,0
tip_middle_root_1_3_1,SVM,淡紅,1,74,舌中,0,0
tip_middle_root_1_3_1,SVM,淡紅,1,74,舌右邊,0,0
tip_middle_root_1_3_1,SVM,淡紅,1,74,舌左邊,0,0
tip_middle_root_1_3_1,SVM,淡紅,1,74,舌根,0,0
tip_middle_root_1_3_1,SVM,淡紅,1,7,舌中,0,0
tip_middle_root_1_3_1,SVM,淡紅,1,7,舌根,0,0
tip_middle_root_1_3_1,SVM,淡紅,1,83,舌中,0,0
tip_middle_root_1_3_1,SVM,淡紅,1,83,舌右邊,0,0
tip_middle_root_1_3_1,SVM,淡紅,1,83,舌尖,0,0
tip_middle_root_1_3_1,SVM,淡紅,1,83,舌左邊,0,0
tip_middle_root_1_3_1,SVM,淡紅,1,83,舌根,0,0
tip_middle_root_1_3_1,SVM,淡紅,1,86,舌右邊,1,0
tip_middle_root_1_3_1,SVM,淡紅,1,86,舌尖,1,0
tip_middle_root_1_3_1,SVM,淡紅,1,86,舌左邊,1,0
tip_middle_root_1_3_1,SVM,淡紅,1,87,舌中,0,0
tip_middle_root_1_3_1,SVM,淡紅,1,87,舌右邊,0,0
tip_middle_root_1_3_1,SVM,淡紅,1,87,舌尖,0,0
tip_middle_root_1_3_1,SVM,淡紅,1,87,舌左邊,0,0
tip_middle_root_1_3_1,SVM,淡紅,1,87,舌根,0,0
tip_middle_root_1_3_1,SVM,淡紅,1,89,舌中,0,0
tip_middle_root_1_3_1,SVM,淡紅,1,89,舌右邊,0,0
tip_middle_root_1_3_1,SVM,淡紅,1,89,舌尖,0,0
tip_middle_root_1_3_1,SVM,淡紅,1,89,舌左邊,0,0
tip_middle_root_1_3_1,SVM,淡紅,1,89,舌根,0,1
tip_middle_root_1_3_1,SVM,淡紅,1,92,舌中,0,0
tip_middle_root_1_3_1,SVM,淡紅,1,92,舌左邊,0,0
tip_middle_root_1_3_1,SVM,淡紅,1,92,舌根,0,0
tip_middle_root_1_3_1,SVM,淡紅,1,93,舌中,0,0
tip_middle_root_1_3_1,SVM,淡紅,1,93,舌右邊,0,0
tip_middle_root_1_3_1,SVM,淡紅,1,93,舌尖,0,0
tip_middle_root_1_3_1,SVM,淡紅,1,93,舌左邊,0,0
tip_middle_root_1_3_1,SVM,淡紅,1,93,舌根,0,0
tip_middle_root_1_3_1,SVM,淡紅,2,100,舌尖,0,0
tip_middle_root_1_3_1,SVM,淡紅,2,12,舌中,1,0
tip_middle_root_1_3_1,SVM,淡紅,2,12,舌右邊,1,0
tip_middle_root_1_3_1,SVM,淡紅,2,12,舌尖,0,0
tip_middle_root_1_3_1,SVM,淡紅,2,12,舌左邊,1,0
tip_middle_root_1_3_1,SVM,淡紅,2,12,舌根,1,0
tip_middle_root_1_3_1,SVM,淡紅,2,14,舌中,1,0
tip_middle_root_1_3_1,SVM,淡紅,2,14,舌右邊,1,0
tip_middle_root_1_3_1,SVM,淡紅,2,14,舌左邊,1,0
tip_middle_root_1_3_1,SVM,淡紅,2,14,舌根,1,0
tip_middle_root_1_3_1,SVM,淡紅,2,24,舌中,0,1
tip_middle_root_1_3_1,SVM,淡紅,2,24,舌右邊,0,1
tip_middle_root_1_3_1,SVM,淡紅,2,24,舌尖,0,1
tip_middle_root_1_3_1,SVM,淡紅,2,24,舌左邊,0,1
tip_middle_root_1_3_1,SVM,淡紅,2,24,舌根,0,1
tip_middle_root_1_3_1,SVM,淡紅,2,32,舌右邊,0,1
tip_middle_root_1_3_1,SVM,淡紅,2,32,舌尖,0,1
tip_middle_root_1_3_1,SVM,淡紅,2,32,舌左邊,0,1
tip_middle_root_1_3_1,SVM,淡紅,2,46,舌中,1,1
tip_middle_root_1_3_1,SVM,淡紅,2,46,舌右邊,1,1
tip_middle_root_1_3_1,SVM,淡紅,2,46,舌左邊,1,1
tip_middle_root_1_3_1,SVM,淡紅,2,46,舌根,1,1
tip_middle_root_1_3_1,SVM,淡紅,2,47,舌左邊,0,1
tip_middle_root_1_3_1,SVM,淡紅,2,48,舌中,0,1
tip_middle_root_1_3_1,SVM,淡紅,2,48,舌右邊,0,0
tip_middle_root_1_3_1,SVM,淡紅,2,48,舌尖,0,1
tip_middle_root_1_3_1,SVM,淡紅,2,48,舌左邊,0,1
tip_middle_root_1_3_1,SVM,淡紅,2,48,舌根,0,0
tip_middle_root_1_3_1,SVM,淡紅,2,50,舌中,0,1
tip_middle_root_1_3_1,SVM,淡紅,2,50,舌右邊,0,1
tip_middle_root_1_3_1,SVM,淡紅,2,50,舌尖,0,1
tip_middle_root_1_3_1,SVM,淡紅,2,50,舌左邊,0,1
tip_middle_root_1_3_1,SVM,淡紅,2,50,舌根,0,0
tip_middle_root_1_3_1,SVM,淡紅,2,53,舌尖,0,1
tip_middle_root_1_3_1,SVM,淡紅,2,53,舌左邊,1,1
tip_middle_root_1_3_1,SVM,淡紅,2,54,舌中,1,1
tip_middle_root_1_3_1,SVM,淡紅,2,54,舌右邊,1,1
tip_middle_root_1_3_1,SVM,淡紅,2,54,舌尖,1,1
tip_middle_root_1_3_1,SVM,淡紅,2,54,舌左邊,1,1
tip_middle_root_1_3_1,SVM,淡紅,2,54,舌根,1,0
tip_middle_root_1_3_1,SVM,淡紅,2,57,舌右邊,0,0
tip_middle_root_1_3_1,SVM,淡紅,2,57,舌尖,0,1
tip_middle_root_1_3_1,SVM,淡紅,2,57,舌左邊,0,1
tip_middle_root_1_3_1,SVM,淡紅,2,61,舌中,0,0
tip_middle_root_1_3_1,SVM,淡紅,2,61,舌右邊,0,0
tip_middle_root_1_3_1,SVM,淡紅,2,61,舌尖,0,0
tip_middle_root_1_3_1,SVM,淡紅,2,61,舌左邊,0,0
tip_middle_root_1_3_1,SVM,淡紅,2,61,舌根,0,0
tip_middle_root_1_3_1,SVM,淡紅,2,64,舌中,0,0
tip_middle_root_1_3_1,SVM,淡紅,2,64,舌右邊,0,0
tip_middle_root_1_3_1,SVM,淡紅,2,64,舌尖,0,0
tip_middle_root_1_3_1,SVM,淡紅,2,64,舌左邊,0,0
tip_middle_root_1_3_1,SVM,淡紅,2,64,舌根,0,0
tip_middle_root_1_3_1,SVM,淡紅,2,72,舌中,0,0
tip_middle_root_1_3_1,SVM,淡紅,2,72,舌右邊,0,0
tip_middle_root_1_3_1,SVM,淡紅,2,72,舌尖,0,0
tip_middle_root_1_3_1,SVM,淡紅,2,72,舌左邊,0,0
tip_middle_root_1_3_1,SVM,淡紅,2,72,舌根,0,0
tip_middle_root_1_3_1,SVM,淡紅,2,80,舌中,0,0
tip_middle_root_1_3_1,SVM,淡紅,2,80,舌右邊,0,0
tip_middle_root_1_3_1,SVM,淡紅,2,80,舌尖,0,0
tip_middle_root_1_3_1,SVM,淡紅,2,80,舌左邊,0,0
tip_middle_root_1_3_1,SVM,淡紅,2,80,舌根,0,0
tip_middle_root_1_3_1,SVM,淡紅,2,90,舌中,0,0
tip_middle_root_1_3_1,SVM,淡紅,2,90,舌右邊,0,0
tip_middle_root_1_3_1,SVM,淡紅,2,90,舌尖,0,0
tip_middle_root_1_3_1,SVM,淡紅,2,90,舌左邊,0,0
tip_middle_root_1_3_1,SVM,淡紅,2,90,舌根,0,0
tip_middle_root_1_3_1,SVM,淡紅,2,95,舌中,0,0
tip_middle_root_1_3_1,SVM,淡紅,2,95,舌右邊,0,0
tip_middle_root_1_3_1,SVM,淡紅,2,95,舌尖,0,0
tip_middle_root_1_3_1,SVM,淡紅,2,95,舌左邊,0,0
tip_middle_root_1_3_1,SVM,淡紅,2,95,舌根,0,0
tip_middle_root_1_3_1,SVM,淡紅,2,96,舌中,0,0
tip_middle_root_1_3_1,SVM,淡紅,2,96,舌右邊,0,0
tip_middle_root_1_3_1,SVM,淡紅,2,96,舌尖,0,0
tip_middle_root_1_3_1,SVM,淡紅,2,96,舌左邊,0,0
tip_middle_root_1_3_1,SVM,淡紅,2,96,舌根,0,0
tip_middle_root_1_3_1,SVM,淡紅,2,9,舌右邊,1,0
tip_middle_root_1_3_1,SVM,淡紅,2,9,舌左邊,1,0
tip_middle_root_1_3_1,SVM,淡紅,3,13,舌右邊,0,0
tip_middle_root_1_3_1,SVM,淡紅,3,13,舌尖,0,0
tip_middle_root_1_3_1,SVM,淡紅,3,13,舌左邊,0,0
tip_middle_root_1_3_1,SVM,淡紅,3,15,舌中,1,0
tip_middle_root_1_3_1,SVM,淡紅,3,15,舌右邊,0,0
tip_middle_root_1_3_1,SVM,淡紅,3,15,舌尖,0,0
tip_middle_root_1_3_1,SVM,淡紅,3,15,舌左邊,0,0
tip_middle_root_1_3_1,SVM,淡紅,3,15,舌根,1,0
tip_middle_root_1_3_1,SVM,淡紅,3,16,舌中,0,0
tip_middle_root_1_3_1,SVM,淡紅,3,16,舌右邊,0,0
tip_middle_root_1_3_1,SVM,淡紅,3,16,舌尖,0,0
tip_middle_root_1_3_1,SVM,淡紅,3,16,舌左邊,0,0
tip_middle_root_1_3_1,SVM,淡紅,3,16,舌根,0,0
tip_middle_root_1_3_1,SVM,淡紅,3,23,舌中,1,1
tip_middle_root_1_3_1,SVM,淡紅,3,23,舌右邊,1,1
tip_middle_root_1_3_1,SVM,淡紅,3,23,舌左邊,1,1
tip_middle_root_1_3_1,SVM,淡紅,3,23,舌根,1,1
tip_middle_root_1_3_1,SVM,淡紅,3,29,舌中,1,1
tip_middle_root_1_3_1,SVM,淡紅,3,29,舌右邊,1,1
tip_middle_root_1_3_1,SVM,淡紅,3,29,舌尖,1,1
tip_middle_root_1_3_1,SVM,淡紅,3,29,舌根,1,1
tip_middle_root_1_3_1,SVM,淡紅,3,41,舌右邊,1,0
tip_middle_root_1_3_1,SVM,淡紅,3,41,舌左邊,1,0
tip_middle_root_1_3_1,SVM,淡紅,3,41,舌根,1,0
tip_middle_root_1_3_1,SVM,淡紅,3,43,舌右邊,0,0
tip_middle_root_1_3_1,SVM,淡紅,3,43,舌尖,0,1
tip_middle_root_1_3_1,SVM,淡紅,3,43,舌左邊,0,0
tip_middle_root_1_3_1,SVM,淡紅,3,43,舌根,0,0
tip_middle_root_1_3_1,SVM,淡紅,3,49,舌尖,1,0
tip_middle_root_1_3_1,SVM,淡紅,3,49,舌左邊,1,1
tip_middle_root_1_3_1,SVM,淡紅,3,51,舌中,0,1
tip_middle_root_1_3_1,SVM,淡紅,3,51,舌右邊,0,0
tip_middle_root_1_3_1,SVM,淡紅,3,51,舌尖,0,1
tip_middle_root_1_3_1,SVM,淡紅,3,51,舌左邊,0,1
tip_middle_root_1_3_1,SVM,淡紅,3,51,舌根,0,0
tip_middle_root_1_3_1,SVM,淡紅,3,60,舌中,0,1
tip_middle_root_1_3_1,SVM,淡紅,3,60,舌右邊,0,1
tip_middle_root_1_3_1,SVM,淡紅,3,60,舌尖,0,1
tip_middle_root_1_3_1,SVM,淡紅,3,60,舌左邊,0,1
tip_middle_root_1_3_1,SVM,淡紅,3,60,舌根,0,1
tip_middle_root_1_3_1,SVM,淡紅,3,68,舌中,0,0
tip_middle_root_1_3_1,SVM,淡紅,3,68,舌右邊,0,0
tip_middle_root_1_3_1,SVM,淡紅,3,68,舌尖,0,0
tip_middle_root_1_3_1,SVM,淡紅,3,68,舌左邊,0,0
tip_middle_root_1_3_1,SVM,淡紅,3,68,舌根,0,0
tip_middle_root_1_3_1,SVM,淡紅,3,69,舌中,0,0
tip_middle_root_1_3_1,SVM,淡紅,3,69,舌右邊,0,0
tip_middle_root_1_3_1,SVM,淡紅,3,69,舌尖,0,0
tip_middle_root_1_3_1,SVM,淡紅,3,69,舌左邊,0,0
tip_middle_root_1_3_1,SVM,淡紅,3,69,舌根,0,0
tip_middle_root_1_3_1,SVM,淡紅,3,71,舌中,0,0
tip_middle_root_1_3_1,SVM,淡紅,3,71,舌右邊,0,0
tip_middle_root_1_3_1,SVM,淡紅,3,71,舌尖,0,0
tip_middle_root_1_3_1,SVM,淡紅,3,71,舌左邊,0,0
tip_middle_root_1_3_1,SVM,淡紅,3,71,舌根,0,0
tip_middle_root_1_3_1,SVM,淡紅,3,77,舌中,0,0
tip_middle_root_1_3_1,SVM,淡紅,3,77,舌右邊,0,0
tip_middle_root_1_3_1,SVM,淡紅,3,77,舌尖,0,0
tip_middle_root_1_3_1,SVM,淡紅,3,77,舌左邊,0,0
tip_middle_root_1_3_1,SVM,淡紅,3,77,舌根,0,1
tip_middle_root_1_3_1,SVM,淡紅,3,78,舌中,0,0
tip_middle_root_1_3_1,SVM,淡紅,3,78,舌右邊,0,0
tip_middle_root_1_3_1,SVM,淡紅,3,78,舌尖,0,0
tip_middle_root_1_3_1,SVM,淡紅,3,78,舌左邊,0,0
tip_middle_root_1_3_1,SVM,淡紅,3,78,舌根,0,0
tip_middle_root_1_3_1,SVM,淡紅,3,8,舌中,1,0
tip_middle_root_1_3_1,SVM,淡紅,3,8,舌右邊,1,0
tip_middle_root_1_3_1,SVM,淡紅,3,8,舌尖,1,0
tip_middle_root_1_3_1,SVM,淡紅,3,8,舌左邊,1,0
tip_middle_root_1_3_1,SVM,淡紅,3,8,舌根,1,0
tip_middle_root_1_3_1,SVM,淡紅,3,94,舌中,0,0
tip_middle_root_1_3_1,SVM,淡紅,3,94,舌右邊,0,0
tip_middle_root_1_3_1,SVM,淡紅,3,94,舌尖,0,0
tip_middle_root_1_3_1,SVM,淡紅,3,94,舌左邊,0,0
tip_middle_root_1_3_1,SVM,淡紅,3,94,舌根,0,0
tip_middle_root_1_3_1,SVM,淡紅,3,97,舌中,0,0
tip_middle_root_1_3_1,SVM,淡紅,3,97,舌右邊,0,1
tip_middle_root_1_3_1,SVM,淡紅,3,97,舌左邊,0,0
tip_middle_root_1_3_1,SVM,淡紅,3,97,舌根,0,1
tip_middle_root_1_3_1,SVM,淡紅,4,18,舌中,1,1
tip_middle_root_1_3_1,SVM,淡紅,4,18,舌尖,1,0
tip_middle_root_1_3_1,SVM,淡紅,4,18,舌根,1,1
tip_middle_root_1_3_1,SVM,淡紅,4,1,舌中,0,0
tip_middle_root_1_3_1,SVM,淡紅,4,1,舌右邊,0,0
tip_middle_root_1_3_1,SVM,淡紅,4,1,舌尖,0,0
tip_middle_root_1_3_1,SVM,淡紅,4,1,舌左邊,0,0
tip_middle_root_1_3_1,SVM,淡紅,4,1,舌根,0,0
tip_middle_root_1_3_1,SVM,淡紅,4,20,舌尖,1,1
tip_middle_root_1_3_1,SVM,淡紅,4,20,舌根,1,1
tip_middle_root_1_3_1,SVM,淡紅,4,22,舌中,0,1
tip_middle_root_1_3_1,SVM,淡紅,4,22,舌右邊,0,0
tip_middle_root_1_3_1,SVM,淡紅,4,22,舌尖,0,0
tip_middle_root_1_3_1,SVM,淡紅,4,22,舌左邊,0,0
tip_middle_root_1_3_1,SVM,淡紅,4,22,舌根,0,1
tip_middle_root_1_3_1,SVM,淡紅,4,25,舌右邊,0,0
tip_middle_root_1_3_1,SVM,淡紅,4,25,舌左邊,0,1
tip_middle_root_1_3_1,SVM,淡紅,4,25,舌根,0,1
tip_middle_root_1_3_1,SVM,淡紅,4,2,舌右邊,0,0
tip_middle_root_1_3_1,SVM,淡紅,4,2,舌尖,0,0
tip_middle_root_1_3_1,SVM,淡紅,4,2,舌左邊,0,0
tip_middle_root_1_3_1,SVM,淡紅,4,30,舌右邊,0,1
tip_middle_root_1_3_1,SVM,淡紅,4,30,舌左邊,0,1
tip_middle_root_1_3_1,SVM,淡紅,4,35,舌中,0,1
tip_middle_root_1_3_1,SVM,淡紅,4,35,舌右邊,0,0
tip_middle_root_1_3_1,SVM,淡紅,4,35,舌左邊,0,1
tip_middle_root_1_3_1,SVM,淡紅,4,35,舌根,0,0
tip_middle_root_1_3_1,SVM,淡紅,4,38,舌中,1,1
tip_middle_root_1_3_1,SVM,淡紅,4,38,舌右邊,1,1
tip_middle_root_1_3_1,SVM,淡紅,4,38,舌尖,1,1
tip_middle_root_1_3_1,SVM,淡紅,4,38,舌左邊,1,1
tip_middle_root_1_3_1,SVM,淡紅,4,44,舌根,0,0
tip_middle_root_1_3_1,SVM,淡紅,4,4,舌中,0,0
tip_middle_root_1_3_1,SVM,淡紅,4,4,舌右邊,0,0
tip_middle_root_1_3_1,SVM,淡紅,4,4,舌尖,0,0
tip_middle_root_1_3_1,SVM,淡紅,4,4,舌左邊,0,0
tip_middle_root_1_3_1,SVM,淡紅,4,4,舌根,0,0
tip_middle_root_1_3_1,SVM,淡紅,4,52,舌中,1,1
tip_middle_root_1_3_1,SVM,淡紅,4,52,舌右邊,1,1
tip_middle_root_1_3_1,SVM,淡紅,4,52,舌左邊,1,1
tip_middle_root_1_3_1,SVM,淡紅,4,52,舌根,1,1
tip_middle_root_1_3_1,SVM,淡紅,4,58,舌根,0,1
tip_middle_root_1_3_1,SVM,淡紅,4,62,舌中,0,0
tip_middle_root_1_3_1,SVM,淡紅,4,62,舌右邊,0,0
tip_middle_root_1_3_1,SVM,淡紅,4,62,舌尖,0,0
tip_middle_root_1_3_1,SVM,淡紅,4,62,舌左邊,0,0
tip_middle_root_1_3_1,SVM,淡紅,4,62,舌根,0,0
tip_middle_root_1_3_1,SVM,淡紅,4,70,舌中,0,0
tip_middle_root_1_3_1,SVM,淡紅,4,70,舌右邊,0,0
tip_middle_root_1_3_1,SVM,淡紅,4,70,舌尖,0,0
tip_middle_root_1_3_1,SVM,淡紅,4,70,舌左邊,0,0
tip_middle_root_1_3_1,SVM,淡紅,4,70,舌根,0,0
tip_middle_root_1_3_1,SVM,淡紅,4,75,舌根,1,0
tip_middle_root_1_3_1,SVM,淡紅,4,76,舌中,0,0
tip_middle_root_1_3_1,SVM,淡紅,4,76,舌右邊,0,0
tip_middle_root_1_3_1,SVM,淡紅,4,76,舌尖,0,1
tip_middle_root_1_3_1,SVM,淡紅,4,76,舌左邊,0,0
tip_middle_root_1_3_1,SVM,淡紅,4,76,舌根,0,0
tip_middle_root_1_3_1,SVM,淡紅,4,79,舌中,0,0
tip_middle_root_1_3_1,SVM,淡紅,4,79,舌右邊,0,0
tip_middle_root_1_3_1,SVM,淡紅,4,79,舌尖,0,0
tip_middle_root_1_3_1,SVM,淡紅,4,79,舌左邊,0,0
tip_middle_root_1_3_1,SVM,淡紅,4,79,舌根,0,0
tip_middle_root_1_3_1,SVM,淡紅,4,81,舌中,0,0
tip_middle_root_1_3_1,SVM,淡紅,4,81,舌右邊,0,0
tip_middle_root_1_3_1,SVM,淡紅,4,81,舌尖,0,0
tip_middle_root_1_3_1,SVM,淡紅,4,81,舌左邊,0,0
tip_middle_root_1_3_1,SVM,淡紅,4,81,舌根,0,0
tip_middle_root_1_3_1,SVM,淡紅,4,84,舌中,1,0
tip_middle_root_1_3_1,SVM,淡紅,4,84,舌右邊,1,0
tip_middle_root_1_3_1,SVM,淡紅,4,84,舌尖,1,0
tip_middle_root_1_3_1,SVM,淡紅,4,84,舌左邊,1,0
tip_middle_root_1_3_1,SVM,淡紅,4,84,舌根,1,0
tip_middle_root_1_3_1,SVM,淡紅,4,85,舌中,0,0
tip_middle_root_1_3_1,SVM,淡紅,4,85,舌右邊,0,0
tip_middle_root_1_3_1,SVM,淡紅,4,85,舌尖,0,0
tip_middle_root_1_3_1,SVM,淡紅,4,85,舌左邊,0,0
tip_middle_root_1_3_1,SVM,淡紅,4,85,舌根,0,0
tip_middle_root_1_3_1,SVM,淡紅,5,10,舌中,0,0
tip_middle_root_1_3_1,SVM,淡紅,5,10,舌右邊,0,0
tip_middle_root_1_3_1,SVM,淡紅,5,10,舌尖,0,0
tip_middle_root_1_3_1,SVM,淡紅,5,10,舌左邊,0,0
tip_middle_root_1_3_1,SVM,淡紅,5,10,舌根,0,0
tip_middle_root_1_3_1,SVM,淡紅,5,11,舌中,0,0
tip_middle_root_1_3_1,SVM,淡紅,5,11,舌右邊,0,0
tip_middle_root_1_3_1,SVM,淡紅,5,11,舌尖,0,0
tip_middle_root_1_3_1,SVM,淡紅,5,11,舌左邊,0,0
tip_middle_root_1_3_1,SVM,淡紅,5,11,舌根,0,0
tip_middle_root_1_3_1,SVM,淡紅,5,26,舌中,1,1
tip_middle_root_1_3_1,SVM,淡紅,5,26,舌尖,1,0
tip_middle_root_1_3_1,SVM,淡紅,5,27,舌中,1,1
tip_middle_root_1_3_1,SVM,淡紅,5,27,舌右邊,1,1
tip_middle_root_1_3_1,SVM,淡紅,5,27,舌尖,1,1
tip_middle_root_1_3_1,SVM,淡紅,5,27,舌根,1,1
tip_middle_root_1_3_1,SVM,淡紅,5,28,舌中,0,1
tip_middle_root_1_3_1,SVM,淡紅,5,28,舌右邊,0,1
tip_middle_root_1_3_1,SVM,淡紅,5,28,舌尖,1,1
tip_middle_root_1_3_1,SVM,淡紅,5,28,舌左邊,0,1
tip_middle_root_1_3_1,SVM,淡紅,5,28,舌根,0,1
tip_middle_root_1_3_1,SVM,淡紅,5,34,舌右邊,0,0
tip_middle_root_1_3_1,SVM,淡紅,5,34,舌尖,0,1
tip_middle_root_1_3_1,SVM,淡紅,5,34,舌左邊,0,0
tip_middle_root_1_3_1,SVM,淡紅,5,34,舌根,0,1
tip_middle_root_1_3_1,SVM,淡紅,5,36,舌中,1,1
tip_middle_root_1_3_1,SVM,淡紅,5,36,舌右邊,1,1
tip_middle_root_1_3_1,SVM,淡紅,5,36,舌尖,1,1
tip_middle_root_1_3_1,SVM,淡紅,5,36,舌左邊,1,1
tip_middle_root_1_3_1,SVM,淡紅,5,36,舌根,1,1
tip_middle_root_1_3_1,SVM,淡紅,5,37,舌中,1,1
tip_middle_root_1_3_1,SVM,淡紅,5,37,舌右邊,1,0
tip_middle_root_1_3_1,SVM,淡紅,5,37,舌尖,1,1
tip_middle_root_1_3_1,SVM,淡紅,5,37,舌左邊,1,1
tip_middle_root_1_3_1,SVM,淡紅,5,37,舌根,1,0
tip_middle_root_1_3_1,SVM,淡紅,5,39,舌尖,1,0
tip_middle_root_1_3_1,SVM,淡紅,5,39,舌左邊,1,1
tip_middle_root_1_3_1,SVM,淡紅,5,42,舌右邊,0,0
tip_middle_root_1_3_1,SVM,淡紅,5,42,舌尖,0,0
tip_middle_root_1_3_1,SVM,淡紅,5,42,舌左邊,0,0
tip_middle_root_1_3_1,SVM,淡紅,5,59,舌中,0,1
tip_middle_root_1_3_1,SVM,淡紅,5,59,舌右邊,0,0
tip_middle_root_1_3_1,SVM,淡紅,5,59,舌尖,0,1
tip_middle_root_1_3_1,SVM,淡紅,5,59,舌左邊,0,1
tip_middle_root_1_3_1,SVM,淡紅,5,59,舌根,0,0
tip_middle_root_1_3_1,SVM,淡紅,5,5,舌中,0,1
tip_middle_root_1_3_1,SVM,淡紅,5,5,舌右邊,0,1
tip_middle_root_1_3_1,SVM,淡紅,5,5,舌尖,0,1
tip_middle_root_1_3_1,SVM,淡紅,5,5,舌左邊,0,0
tip_middle_root_1_3_1,SVM,淡紅,5,5,舌根,0,0
tip_middle_root_1_3_1,SVM,淡紅,5,63,舌中,0,0
tip_middle_root_1_3_1,SVM,淡紅,5,63,舌右邊,0,0
tip_middle_root_1_3_1,SVM,淡紅,5,63,舌尖,0,0
tip_middle_root_1_3_1,SVM,淡紅,5,63,舌左邊,0,0
tip_middle_root_1_3_1,SVM,淡紅,5,63,舌根,0,0
tip_middle_root_1_3_1,SVM,淡紅,5,65,舌中,0,0
tip_middle_root_1_3_1,SVM,淡紅,5,65,舌右邊,0,0
tip_middle_root_1_3_1,SVM,淡紅,5,65,舌尖,0,0
tip_middle_root_1_3_1,SVM,淡紅,5,65,舌左邊,0,0
tip_middle_root_1_3_1,SVM,淡紅,5,65,舌根,0,0
tip_middle_root_1_3_1,SVM,淡紅,5,6,舌中,0,0
tip_middle_root_1_3_1,SVM,淡紅,5,6,舌右邊,0,0
tip_middle_root_1_3_1,SVM,淡紅,5,6,舌尖,0,0
tip_middle_root_1_3_1,SVM,淡紅,5,6,舌左邊,0,0
tip_middle_root_1_3_1,SVM,淡紅,5,6,舌根,0,0
tip_middle_root_1_3_1,SVM,淡紅,5,82,舌中,0,0
tip_middle_root_1_3_1,SVM,淡紅,5,82,舌右邊,0,0
tip_middle_root_1_3_1,SVM,淡紅,5,82,舌尖,0,0
tip_middle_root_1_3_1,SVM,淡紅,5,82,舌左邊,0,0
tip_middle_root_1_3_1,SVM,淡紅,5,82,舌根,0,0
tip_middle_root_1_3_1,SVM,淡紅,5,91,舌中,0,0
tip_middle_root_1_3_1,SVM,淡紅,5,91,舌右邊,0,1
tip_middle_root_1_3_1,SVM,淡紅,5,91,舌尖,0,1
tip_middle_root_1_3_1,SVM,淡紅,5,91,舌左邊,0,1
tip_middle_root_1_3_1,SVM,淡紅,5,91,舌根,0,1
tip_middle_root_1_3_1,SVM,淡紅,5,98,舌中,0,0
tip_middle_root_1_3_1,SVM,淡紅,5,98,舌右邊,0,0
tip_middle_root_1_3_1,SVM,淡紅,5,98,舌左邊,0,0
tip_middle_root_1_3_1,SVM,淡紅,5,98,舌根,0,0
tip_middle_root_1_3_1,Random Forest,淡紅,1,17,舌右邊,0,0
tip_middle_root_1_3_1,Random Forest,淡紅,1,17,舌尖,1,0
tip_middle_root_1_3_1,Random Forest,淡紅,1,17,舌左邊,0,0
tip_middle_root_1_3_1,Random Forest,淡紅,1,19,舌中,1,1
tip_middle_root_1_3_1,Random Forest,淡紅,1,19,舌右邊,1,1
tip_middle_root_1_3_1,Random Forest,淡紅,1,19,舌尖,1,1
tip_middle_root_1_3_1,Random Forest,淡紅,1,19,舌左邊,1,1
tip_middle_root_1_3_1,Random Forest,淡紅,1,19,舌根,1,0
tip_middle_root_1_3_1,Random Forest,淡紅,1,21,舌中,1,1
tip_middle_root_1_3_1,Random Forest,淡紅,1,21,舌右邊,1,0
tip_middle_root_1_3_1,Random Forest,淡紅,1,21,舌尖,1,0
tip_middle_root_1_3_1,Random Forest,淡紅,1,21,舌左邊,1,1
tip_middle_root_1_3_1,Random Forest,淡紅,1,21,舌根,1,1
tip_middle_root_1_3_1,Random Forest,淡紅,1,31,舌中,0,0
tip_middle_root_1_3_1,Random Forest,淡紅,1,31,舌右邊,0,0
tip_middle_root_1_3_1,Random Forest,淡紅,1,31,舌尖,0,0
tip_middle_root_1_3_1,Random Forest,淡紅,1,31,舌左邊,0,1
tip_middle_root_1_3_1,Random Forest,淡紅,1,31,舌根,0,0
tip_middle_root_1_3_1,Random Forest,淡紅,1,3,舌中,0,1
tip_middle_root_1_3_1,Random Forest,淡紅,1,3,舌右邊,0,0
tip_middle_root_1_3_1,Random Forest,淡紅,1,3,舌尖,0,0
tip_middle_root_1_3_1,Random Forest,淡紅,1,3,舌左邊,0,0
tip_middle_root_1_3_1,Random Forest,淡紅,1,3,舌根,0,0
tip_middle_root_1_3_1,Random Forest,淡紅,1,40,舌中,0,1
tip_middle_root_1_3_1,Random Forest,淡紅,1,40,舌右邊,0,0
tip_middle_root_1_3_1,Random Forest,淡紅,1,40,舌尖,0,0
tip_middle_root_1_3_1,Random Forest,淡紅,1,40,舌左邊,0,1
tip_middle_root_1_3_1,Random Forest,淡紅,1,40,舌根,0,0
tip_middle_root_1_3_1,Random Forest,淡紅,1,45,舌中,0,0
tip_middle_root_1_3_1,Random Forest,淡紅,1,45,舌右邊,1,1
tip_middle_root_1_3_1,Random Forest,淡紅,1,45,舌左邊,1,1
tip_middle_root_1_3_1,Random Forest,淡紅,1,45,舌根,0,0
tip_middle_root_1_3_1,Random Forest,淡紅,1,55,舌中,1,1
tip_middle_root_1_3_1,Random Forest,淡紅,1,55,舌右邊,1,0
tip_middle_root_1_3_1,Random Forest,淡紅,1,55,舌尖,1,1
tip_middle_root_1_3_1,Random Forest,淡紅,1,55,舌左邊,1,1
tip_middle_root_1_3_1,Random Forest,淡紅,1,66,舌中,0,0
tip_middle_root_1_3_1,Random Forest,淡紅,1,66,舌右邊,0,0
tip_middle_root_1_3_1,Random Forest,淡紅,1,66,舌尖,0,0
tip_middle_root_1_3_1,Random Forest,淡紅,1,66,舌左邊,0,0
tip_middle_root_1_3_1,Random Forest,淡紅,1,66,舌根,0,0
tip_middle_root_1_3_1,Random Forest,淡紅,1,67,舌中,0,0
tip_middle_root_1_3_1,Random Forest,淡紅,1,67,舌右邊,0,0
tip_middle_root_1_3_1,Random Forest,淡紅,1,67,舌尖,0,0
tip_middle_root_1_3_1,Random Forest,淡紅,1,67,舌左邊,0,0
tip_middle_root_1_3_1,Random Forest,淡紅,1,73,舌中,0,0
tip_middle_root_1_3_1,Random Forest,淡紅,1,73,舌右邊,0,0
tip_middle_root_1_3_1,Random Forest,淡紅,1,73,舌尖,0,0
tip_middle_root_1_3_1,Random Forest,淡紅,1,73,舌左邊,0,0
tip_middle_root_1_3_1,Random Forest,淡紅,1,73,舌根,0,0
tip_middle_root_1_3_1,Random Forest,淡紅,1,74,舌中,0,1
tip_middle_root_1_3_1,Random Forest,淡紅,1,74,舌右邊,0,0
tip_middle_root_1_3_1,Random Forest,淡紅,1,74,舌左邊,0,0
tip_middle_root_1_3_1,Random Forest,淡紅,1,74,舌根,0,0
tip_middle_root_1_3_1,Random Forest,淡紅,1,7,舌中,0,0
tip_middle_root_1_3_1,Random Forest,淡紅,1,7,舌根,0,1
tip_middle_root_1_3_1,Random Forest,淡紅,1,83,舌中,0,0
tip_middle_root_1_3_1,Random Forest,淡紅,1,83,舌右邊,0,0
tip_middle_root_1_3_1,Random Forest,淡紅,1,83,舌尖,0,0
tip_middle_root_1_3_1,Random Forest,淡紅,1,83,舌左邊,0,0
tip_middle_root_1_3_1,Random Forest,淡紅,1,83,舌根,0,0
tip_middle_root_1_3_1,Random Forest,淡紅,1,86,舌右邊,1,0
tip_middle_root_1_3_1,Random Forest,淡紅,1,86,舌尖,1,0
tip_middle_root_1_3_1,Random Forest,淡紅,1,86,舌左邊,1,0
tip_middle_root_1_3_1,Random Forest,淡紅,1,87,舌中,0,0
tip_middle_root_1_3_1,Random Forest,淡紅,1,87,舌右邊,0,0
tip_middle_root_1_3_1,Random Forest,淡紅,1,87,舌尖,0,0
tip_middle_root_1_3_1,Random Forest,淡紅,1,87,舌左邊,0,0
tip_middle_root_1_3_1,Random Forest,淡紅,1,87,舌根,0,0
tip_middle_root_1_3_1,Random Forest,淡紅,1,89,舌中,0,0
tip_middle_root_1_3_1,Random Forest,淡紅,1,89,舌右邊,0,0
tip_middle_root_1_3_1,Random Forest,淡紅,1,89,舌尖,0,0
tip_middle_root_1_3_1,Random Forest,淡紅,1,89,舌左邊,0,0
tip_middle_root_1_3_1,Random Forest,淡紅,1,89,舌根,0,1
tip_middle_root_1_3_1,Random Forest,淡紅,1,92,舌中,0,0
tip_middle_root_1_3_1,Random Forest,淡紅,1,92,舌左邊,0,0
tip_middle_root_1_3_1,Random Forest,淡紅,1,92,舌根,0,0
tip_middle_root_1_3_1,Random Forest,淡紅,1,93,舌中,0,0
tip_middle_root_1_3_1,Random Forest,淡紅,1,93,舌右邊,0,0
tip_middle_root_1_3_1,Random Forest,淡紅,1,93,舌尖,0,0
tip_middle_root_1_3_1,Random Forest,淡紅,1,93,舌左邊,0,0
tip_middle_root_1_3_1,Random Forest,淡紅,1,93,舌根,0,0
tip_middle_root_1_3_1,Random Forest,淡紅,2,100,舌尖,0,0
tip_middle_root_1_3_1,Random Forest,淡紅,2,12,舌中,1,0
tip_middle_root_1_3_1,Random Forest,淡紅,2,12,舌右邊,1,0
tip_middle_root_1_3_1,Random Forest,淡紅,2,12,舌尖,0,0
tip_middle_root_1_3_1,Random Forest,淡紅,2,12,舌左邊,1,0
tip_middle_root_1_3_1,Random Forest,淡紅,2,12,舌根,1,0
tip_middle_root_1_3_1,Random Forest,淡紅,2,14,舌中,1,0
tip_middle_root_1_3_1,Random Forest,淡紅,2,14,舌右邊,1,0
tip_middle_root_1_3_1,Random Forest,淡紅,2,14,舌左邊,1,0
tip_middle_root_1_3_1,Random Forest,淡紅,2,14,舌根,1,0
tip_middle_root_1_3_1,Random Forest,淡紅,2,24,舌中,0,0
tip_middle_root_1_3_1,Random Forest,淡紅,2,24,舌右邊,0,1
tip_middle_root_1_3_1,Random Forest,淡紅,2,24,舌尖,0,1
tip_middle_root_1_3_1,Random Forest,淡紅,2,24,舌左邊,0,1
tip_middle_root_1_3_1,Random Forest,淡紅,2,24,舌根,0,1
tip_middle_root_1_3_1,Random Forest,淡紅,2,32,舌右邊,0,1
tip_middle_root_1_3_1,Random Forest,淡紅,2,32,舌尖,0,1
tip_middle_root_1_3_1,Random Forest,淡紅,2,32,舌左邊,0,1
tip_middle_root_1_3_1,Random Forest,淡紅,2,46,舌中,1,1
tip_middle_root_1_3_1,Random Forest,淡紅,2,46,舌右邊,1,1
tip_middle_root_1_3_1,Random Forest,淡紅,2,46,舌左邊,1,1
tip_middle_root_1_3_1,Random Forest,淡紅,2,46,舌根,1,0
tip_middle_root_1_3_1,Random Forest,淡紅,2,47,舌左邊,0,1
tip_middle_root_1_3_1,Random Forest,淡紅,2,48,舌中,0,1
tip_middle_root_1_3_1,Random Forest,淡紅,2,48,舌右邊,0,0
tip_middle_root_1_3_1,Random Forest,淡紅,2,48,舌尖,0,0
tip_middle_root_1_3_1,Random Forest,淡紅,2,48,舌左邊,0,0
tip_middle_root_1_3_1,Random Forest,淡紅,2,48,舌根,0,0
tip_middle_root_1_3_1,Random Forest,淡紅,2,50,舌中,0,1
tip_middle_root_1_3_1,Random Forest,淡紅,2,50,舌右邊,0,1
tip_middle_root_1_3_1,Random Forest,淡紅,2,50,舌尖,0,1
tip_middle_root_1_3_1,Random Forest,淡紅,2,50,舌左邊,0,1
tip_middle_root_1_3_1,Random Forest,淡紅,2,50,舌根,0,0
tip_middle_root_1_3_1,Random Forest,淡紅,2,53,舌尖,0,1
tip_middle_root_1_3_1,Random Forest,淡紅,2,53,舌左邊,1,1
tip_middle_root_1_3_1,Random Forest,淡紅,2,54,舌中,1,1
tip_middle_root_1_3_1,Random Forest,淡紅,2,54,舌右邊,1,1
tip_middle_root_1_3_1,Random Forest,淡紅,2,54,舌尖,1,1
tip_middle_root_1_3_1,Random Forest,淡紅,2,54,舌左邊,1,1
tip_middle_root_1_3_1,Random Forest,淡紅,2,54,舌根,1,0
tip_middle_root_1_3_1,Random Forest,淡紅,2,57,舌右邊,0,0
tip_middle_root_1_3_1,Random Forest,淡紅,2,57,舌尖,0,1
tip_middle_root_1_3_1,Random Forest,淡紅,2,57,舌左邊,0,1
tip_middle_root_1_3_1,Random Forest,淡紅,2,61,舌中,0,0
tip_middle_root_1_3_1,Random Forest,淡紅,2,61,舌右邊,0,0
tip_middle_root_1_3_1,Random Forest,淡紅,2,61,舌尖,0,0
tip_middle_root_1_3_1,Random Forest,淡紅,2,61,舌左邊,0,0
tip_middle_root_1_3_1,Random Forest,淡紅,2,61,舌根,0,0
tip_middle_root_1_3_1,Random Forest,淡紅,2,64,舌中,0,0
tip_middle_root_1_3_1,Random Forest,淡紅,2,64,舌右邊,0,0
tip_middle_root_1_3_1,Random Forest,淡紅,2,64,舌尖,0,0
tip_middle_root_1_3_1,Random Forest,淡紅,2,64,舌左邊,0,0
tip_middle_root_1_3_1,Random Forest,淡紅,2,64,舌根,0,0
tip_middle_root_1_3_1,Random Forest,淡紅,2,72,舌中,0,0
tip_middle_root_1_3_1,Random Forest,淡紅,2,72,舌右邊,0,0
tip_middle_root_1_3_1,Random Forest,淡紅,2,72,舌尖,0,0
tip_middle_root_1_3_1,Random Forest,淡紅,2,72,舌左邊,0,0
tip_middle_root_1_3_1,Random Forest,淡紅,2,72,舌根,0,0
tip_middle_root_1_3_1,Random Forest,淡紅,2,80,舌中,0,0
tip_middle_root_1_3_1,Random Forest,淡紅,2,80,舌右邊,0,0
tip_middle_root_1_3_1,Random Forest,淡紅,2,80,舌尖,0,0
tip_middle_root_1_3_1,Random Forest,淡紅,2,80,舌左邊,0,0
tip_middle_root_1_3_1,Random Forest,淡紅,2,80,舌根,0,0
tip_middle_root_1_3_1,Random Forest,淡紅,2,90,舌中,0,0
tip_middle_root_1_3_1,Random Forest,淡紅,2,90,舌右邊,0,0
tip_middle_root_1_3_1,Random Forest,淡紅,2,90,舌尖,0,0
tip_middle_root_1_3_1,Random Forest,淡紅,2,90,舌左邊,0,0
tip_middle_root_1_3_1,Random Forest,淡紅,2,90,舌根,0,0
tip_middle_root_1_3_1,Random Forest,淡紅,2,95,舌中,0,0
tip_middle_root_1_3_1,Random Forest,淡紅,2,95,舌右邊,0,0
tip_middle_root_1_3_1,Random Forest,淡紅,2,95,舌尖,0,0
tip_middle_root_1_3_1,Random Forest,淡紅,2,95,舌左邊,0,0
tip_middle_root_1_3_1,Random Forest,淡紅,2,95,舌根,0,0
tip_middle_root_1_3_1,Random Forest,淡紅,2,96,舌中,0,0
tip_middle_root_1_3_1,Random Forest,淡紅,2,96,舌右邊,0,0
tip_middle_root_1_3_1,Random Forest,淡紅,2,96,舌尖,0,0
tip_middle_root_1_3_1,Random Forest,淡紅,2,96,舌左邊,0,0
tip_middle_root_1_3_1,Random Forest,淡紅,2,96,舌根,0,0
tip_middle_root_1_3_1,Random Forest,淡紅,2,9,舌右邊,1,0
tip_middle_root_1_3_1,Random Forest,淡紅,2,9,舌左邊,1,0
tip_middle_root_1_3_1,Random Forest,淡紅,3,13,舌右邊,0,0
tip_middle_root_1_3_1,Random Forest,淡紅,3,13,舌尖,0,0
tip_middle_root_1_3_1,Random Forest,淡紅,3,13,舌左邊,0,0
tip_middle_root_1_3_1,Random Forest,淡紅,3,15,舌中,1,0
tip_middle_root_1_3_1,Random Forest,淡紅,3,15,舌右邊,0,0
tip_middle_root_1_3_1,Random Forest,淡紅,3,15,舌尖,0,0
tip_middle_root_1_3_1,Random Forest,淡紅,3,15,舌左邊,0,0
tip_middle_root_1_3_1,Random Forest,淡紅,3,15,舌根,1,0
tip_middle_root_1_3_1,Random Forest,淡紅,3,16,舌中,0,0
tip_middle_root_1_3_1,Random Forest,淡紅,3,16,舌右邊,0,0
tip_middle_root_1_3_1,Random Forest,淡紅,3,16,舌尖,0,0
tip_middle_root_1_3_1,Random Forest,淡紅,3,16,舌左邊,0,0
tip_middle_root_1_3_1,Random Forest,淡紅,3,16,舌根,0,0
tip_middle_root_1_3_1,Random Forest,淡紅,3,23,舌中,1,1
tip_middle_root_1_3_1,Random Forest,淡紅,3,23,舌右邊,1,1
tip_middle_root_1_3_1,Random Forest,淡紅,3,23,舌左邊,1,1
tip_middle_root_1_3_1,Random Forest,淡紅,3,23,舌根,1,1
tip_middle_root_1_3_1,Random Forest,淡紅,3,29,舌中,1,1
tip_middle_root_1_3_1,Random Forest,淡紅,3,29,舌右邊,1,1
tip_middle_root_1_3_1,Random Forest,淡紅,3,29,舌尖,1,1
tip_middle_root_1_3_1,Random Forest,淡紅,3,29,舌根,1,1
tip_middle_root_1_3_1,Random Forest,淡紅,3,41,舌右邊,1,1
tip_middle_root_1_3_1,Random Forest,淡紅,3,41,舌左邊,1,1
tip_middle_root_1_3_1,Random Forest,淡紅,3,41,舌根,1,0
tip_middle_root_1_3_1,Random Forest,淡紅,3,43,舌右邊,0,0
tip_middle_root_1_3_1,Random Forest,淡紅,3,43,舌尖,0,1
tip_middle_root_1_3_1,Random Forest,淡紅,3,43,舌左邊,0,0
tip_middle_root_1_3_1,Random Forest,淡紅,3,43,舌根,0,0
tip_middle_root_1_3_1,Random Forest,淡紅,3,49,舌尖,1,0
tip_middle_root_1_3_1,Random Forest,淡紅,3,49,舌左邊,1,1
tip_middle_root_1_3_1,Random Forest,淡紅,3,51,舌中,0,1
tip_middle_root_1_3_1,Random Forest,淡紅,3,51,舌右邊,0,0
tip_middle_root_1_3_1,Random Forest,淡紅,3,51,舌尖,0,0
tip_middle_root_1_3_1,Random Forest,淡紅,3,51,舌左邊,0,0
tip_middle_root_1_3_1,Random Forest,淡紅,3,51,舌根,0,0
tip_middle_root_1_3_1,Random Forest,淡紅,3,60,舌中,0,0
tip_middle_root_1_3_1,Random Forest,淡紅,3,60,舌右邊,0,1
tip_middle_root_1_3_1,Random Forest,淡紅,3,60,舌尖,0,1
tip_middle_root_1_3_1,Random Forest,淡紅,3,60,舌左邊,0,1
tip_middle_root_1_3_1,Random Forest,淡紅,3,60,舌根,0,1
tip_middle_root_1_3_1,Random Forest,淡紅,3,68,舌中,0,0
tip_middle_root_1_3_1,Random Forest,淡紅,3,68,舌右邊,0,0
tip_middle_root_1_3_1,Random Forest,淡紅,3,68,舌尖,0,0
tip_middle_root_1_3_1,Random Forest,淡紅,3,68,舌左邊,0,0
tip_middle_root_1_3_1,Random Forest,淡紅,3,68,舌根,0,0
tip_middle_root_1_3_1,Random Forest,淡紅,3,69,舌中,0,0
tip_middle_root_1_3_1,Random Forest,淡紅,3,69,舌右邊,0,0
tip_middle_root_1_3_1,Random Forest,淡紅,3,69,舌尖,0,0
tip_middle_root_1_3_1,Random Forest,淡紅,3,69,舌左邊,0,0
tip_middle_root_1_3_1,Random Forest,淡紅,3,69,舌根,0,0
tip_middle_root_1_3_1,Random Forest,淡紅,3,71,舌中,0,0
tip_middle_root_1_3_1,Random Forest,淡紅,3,71,舌右邊,0,0
tip_middle_root_1_3_1,Random Forest,淡紅,3,71,舌尖,0,0
tip_middle_root_1_3_1,Random Forest,淡紅,3,71,舌左邊,0,0
tip_middle_root_1_3_1,Random Forest,淡紅,3,71,舌根,0,0
tip_middle_root_1_3_1,Random Forest,淡紅,3,77,舌中,0,0
tip_middle_root_1_3_1,Random Forest,淡紅,3,77,舌右邊,0,0
tip_middle_root_1_3_1,Random Forest,淡紅,3,77,舌尖,0,0
tip_middle_root_1_3_1,Random Forest,淡紅,3,77,舌左邊,0,0
tip_middle_root_1_3_1,Random Forest,淡紅,3,77,舌根,0,1
tip_middle_root_1_3_1,Random Forest,淡紅,3,78,舌中,0,0
tip_middle_root_1_3_1,Random Forest,淡紅,3,78,舌右邊,0,0
tip_middle_root_1_3_1,Random Forest,淡紅,3,78,舌尖,0,0
tip_middle_root_1_3_1,Random Forest,淡紅,3,78,舌左邊,0,0
tip_middle_root_1_3_1,Random Forest,淡紅,3,78,舌根,0,0
tip_middle_root_1_3_1,Random Forest,淡紅,3,8,舌中,1,0
tip_middle_root_1_3_1,Random Forest,淡紅,3,8,舌右邊,1,0
tip_middle_root_1_3_1,Random Forest,淡紅,3,8,舌尖,1,0
tip_middle_root_1_3_1,Random Forest,淡紅,3,8,舌左邊,1,0
tip_middle_root_1_3_1,Random Forest,淡紅,3,8,舌根,1,0
tip_middle_root_1_3_1,Random Forest,淡紅,3,94,舌中,0,0
tip_middle_root_1_3_1,Random Forest,淡紅,3,94,舌右邊,0,0
tip_middle_root_1_3_1,Random Forest,淡紅,3,94,舌尖,0,0
tip_middle_root_1_3_1,Random Forest,淡紅,3,94,舌左邊,0,0
tip_middle_root_1_3_1,Random Forest,淡紅,3,94,舌根,0,0
tip_middle_root_1_3_1,Random Forest,淡紅,3,97,舌中,0,0
tip_middle_root_1_3_1,Random Forest,淡紅,3,97,舌右邊,0,1
tip_middle_root_1_3_1,Random Forest,淡紅,3,97,舌左邊,0,0
tip_middle_root_1_3_1,Random Forest,淡紅,3,97,舌根,0,0
tip_middle_root_1_3_1,Random Forest,淡紅,4,18,舌中,1,1
tip_middle_root_1_3_1,Random Forest,淡紅,4,18,舌尖,1,0
tip_middle_root_1_3_1,Random Forest,淡紅,4,18,舌根,1,0
tip_middle_root_1_3_1,Random Forest,淡紅,4,1,舌中,0,0
tip_middle_root_1_3_1,Random Forest,淡紅,4,1,舌右邊,0,0
tip_middle_root_1_3_1,Random Forest,淡紅,4,1,舌尖,0,0
tip_middle_root_1_3_1,Random Forest,淡紅,4,1,舌左邊,0,0
tip_middle_root_1_3_1,Random Forest,淡紅,4,1,舌根,0,0
tip_middle_root_1_3_1,Random Forest,淡紅,4,20,舌尖,1,0
tip_middle_root_1_3_1,Random Forest,淡紅,4,20,舌根,1,1
tip_middle_root_1_3_1,Random Forest,淡紅,4,22,舌中,0,1
tip_middle_root_1_3_1,Random Forest,淡紅,4,22,舌右邊,0,0
tip_middle_root_1_3_1,Random Forest,淡紅,4,22,舌尖,0,0
tip_middle_root_1_3_1,Random Forest,淡紅,4,22,舌左邊,0,0
tip_middle_root_1_3_1,Random Forest,淡紅,4,22,舌根,0,0
tip_middle_root_1_3_1,Random Forest,淡紅,4,25,舌右邊,0,0
tip_middle_root_1_3_1,Random Forest,淡紅,4,25,舌左邊,0,0
tip_middle_root_1_3_1,Random Forest,淡紅,4,25,舌根,0,1
tip_middle_root_1_3_1,Random Forest,淡紅,4,2,舌右邊,0,0
tip_middle_root_1_3_1,Random Forest,淡紅,4,2,舌尖,0,0
tip_middle_root_1_3_1,Random Forest,淡紅,4,2,舌左邊,0,0
tip_middle_root_1_3_1,Random Forest,淡紅,4,30,舌右邊,0,0
tip_middle_root_1_3_1,Random Forest,淡紅,4,30,舌左邊,0,1
tip_middle_root_1_3_1,Random Forest,淡紅,4,35,舌中,0,0
tip_middle_root_1_3_1,Random Forest,淡紅,4,35,舌右邊,0,0
tip_middle_root_1_3_1,Random Forest,淡紅,4,35,舌左邊,0,0
tip_middle_root_1_3_1,Random Forest,淡紅,4,35,舌根,0,0
tip_middle_root_1_3_1,Random Forest,淡紅,4,38,舌中,1,1
tip_middle_root_1_3_1,Random Forest,淡紅,4,38,舌右邊,1,0
tip_middle_root_1_3_1,Random Forest,淡紅,4,38,舌尖,1,1
tip_middle_root_1_3_1,Random Forest,淡紅,4,38,舌左邊,1,0
tip_middle_root_1_3_1,Random Forest,淡紅,4,44,舌根,0,0
tip_middle_root_1_3_1,Random Forest,淡紅,4,4,舌中,0,1
tip_middle_root_1_3_1,Random Forest,淡紅,4,4,舌右邊,0,0
tip_middle_root_1_3_1,Random Forest,淡紅,4,4,舌尖,0,0
tip_middle_root_1_3_1,Random Forest,淡紅,4,4,舌左邊,0,0
tip_middle_root_1_3_1,Random Forest,淡紅,4,4,舌根,0,0
tip_middle_root_1_3_1,Random Forest,淡紅,4,52,舌中,1,0
tip_middle_root_1_3_1,Random Forest,淡紅,4,52,舌右邊,1,0
tip_middle_root_1_3_1,Random Forest,淡紅,4,52,舌左邊,1,1
tip_middle_root_1_3_1,Random Forest,淡紅,4,52,舌根,1,0
tip_middle_root_1_3_1,Random Forest,淡紅,4,58,舌根,0,1
tip_middle_root_1_3_1,Random Forest,淡紅,4,62,舌中,0,1
tip_middle_root_1_3_1,Random Forest,淡紅,4,62,舌右邊,0,0
tip_middle_root_1_3_1,Random Forest,淡紅,4,62,舌尖,0,0
tip_middle_root_1_3_1,Random Forest,淡紅,4,62,舌左邊,0,1
tip_middle_root_1_3_1,Random Forest,淡紅,4,62,舌根,0,0
tip_middle_root_1_3_1,Random Forest,淡紅,4,70,舌中,0,0
tip_middle_root_1_3_1,Random Forest,淡紅,4,70,舌右邊,0,0
tip_middle_root_1_3_1,Random Forest,淡紅,4,70,舌尖,0,0
tip_middle_root_1_3_1,Random Forest,淡紅,4,70,舌左邊,0,0
tip_middle_root_1_3_1,Random Forest,淡紅,4,70,舌根,0,0
tip_middle_root_1_3_1,Random Forest,淡紅,4,75,舌根,1,0
tip_middle_root_1_3_1,Random Forest,淡紅,4,76,舌中,0,0
tip_middle_root_1_3_1,Random Forest,淡紅,4,76,舌右邊,0,0
tip_middle_root_1_3_1,Random Forest,淡紅,4,76,舌尖,0,0
tip_middle_root_1_3_1,Random Forest,淡紅,4,76,舌左邊,0,0
tip_middle_root_1_3_1,Random Forest,淡紅,4,76,舌根,0,0
tip_middle_root_1_3_1,Random Forest,淡紅,4,79,舌中,0,0
tip_middle_root_1_3_1,Random Forest,淡紅,4,79,舌右邊,0,0
tip_middle_root_1_3_1,Random Forest,淡紅,4,79,舌尖,0,0
tip_middle_root_1_3_1,Random Forest,淡紅,4,79,舌左邊,0,0
tip_middle_root_1_3_1,Random Forest,淡紅,4,79,舌根,0,0
tip_middle_root_1_3_1,Random Forest,淡紅,4,81,舌中,0,0
tip_middle_root_1_3_1,Random Forest,淡紅,4,81,舌右邊,0,0
tip_middle_root_1_3_1,Random Forest,淡紅,4,81,舌尖,0,0
tip_middle_root_1_3_1,Random Forest,淡紅,4,81,舌左邊,0,0
tip_middle_root_1_3_1,Random Forest,淡紅,4,81,舌根,0,0
tip_middle_root_1_3_1,Random Forest,淡紅,4,84,舌中,1,0
tip_middle_root_1_3_1,Random Forest,淡紅,4,84,舌右邊,1,0
tip_middle_root_1_3_1,Random Forest,淡紅,4,84,舌尖,1,0
tip_middle_root_1_3_1,Random Forest,淡紅,4,84,舌左邊,1,0
tip_middle_root_1_3_1,Random Forest,淡紅,4,84,舌根,1,0
tip_middle_root_1_3_1,Random Forest,淡紅,4,85,舌中,0,0
tip_middle_root_1_3_1,Random Forest,淡紅,4,85,舌右邊,0,0
tip_middle_root_1_3_1,Random Forest,淡紅,4,85,舌尖,0,0
tip_middle_root_1_3_1,Random Forest,淡紅,4,85,舌左邊,0,0
tip_middle_root_1_3_1,Random Forest,淡紅,4,85,舌根,0,0
tip_middle_root_1_3_1,Random Forest,淡紅,5,10,舌中,0,0
tip_middle_root_1_3_1,Random Forest,淡紅,5,10,舌右邊,0,0
tip_middle_root_1_3_1,Random Forest,淡紅,5,10,舌尖,0,0
tip_middle_root_1_3_1,Random Forest,淡紅,5,10,舌左邊,0,0
tip_middle_root_1_3_1,Random Forest,淡紅,5,10,舌根,0,0
tip_middle_root_1_3_1,Random Forest,淡紅,5,11,舌中,0,0
tip_middle_root_1_3_1,Random Forest,淡紅,5,11,舌右邊,0,0
tip_middle_root_1_3_1,Random Forest,淡紅,5,11,舌尖,0,0
tip_middle_root_1_3_1,Random Forest,淡紅,5,11,舌左邊,0,0
tip_middle_root_1_3_1,Random Forest,淡紅,5,11,舌根,0,0
tip_middle_root_1_3_1,Random Forest,淡紅,5,26,舌中,1,1
tip_middle_root_1_3_1,Random Forest,淡紅,5,26,舌尖,1,0
tip_middle_root_1_3_1,Random Forest,淡紅,5,27,舌中,1,1
tip_middle_root_1_3_1,Random Forest,淡紅,5,27,舌右邊,1,1
tip_middle_root_1_3_1,Random Forest,淡紅,5,27,舌尖,1,1
tip_middle_root_1_3_1,Random Forest,淡紅,5,27,舌根,1,0
tip_middle_root_1_3_1,Random Forest,淡紅,5,28,舌中,0,1
tip_middle_root_1_3_1,Random Forest,淡紅,5,28,舌右邊,0,1
tip_middle_root_1_3_1,Random Forest,淡紅,5,28,舌尖,1,1
tip_middle_root_1_3_1,Random Forest,淡紅,5,28,舌左邊,0,1
tip_middle_root_1_3_1,Random Forest,淡紅,5,28,舌根,0,1
tip_middle_root_1_3_1,Random Forest,淡紅,5,34,舌右邊,0,0
tip_middle_root_1_3_1,Random Forest,淡紅,5,34,舌尖,0,0
tip_middle_root_1_3_1,Random Forest,淡紅,5,34,舌左邊,0,0
tip_middle_root_1_3_1,Random Forest,淡紅,5,34,舌根,0,1
tip_middle_root_1_3_1,Random Forest,淡紅,5,36,舌中,1,1
tip_middle_root_1_3_1,Random Forest,淡紅,5,36,舌右邊,1,1
tip_middle_root_1_3_1,Random Forest,淡紅,5,36,舌尖,1,1
tip_middle_root_1_3_1,Random Forest,淡紅,5,36,舌左邊,1,1
tip_middle_root_1_3_1,Random Forest,淡紅,5,36,舌根,1,1
tip_middle_root_1_3_1,Random Forest,淡紅,5,37,舌中,1,1
tip_middle_root_1_3_1,Random Forest,淡紅,5,37,舌右邊,1,1
tip_middle_root_1_3_1,Random Forest,淡紅,5,37,舌尖,1,1
tip_middle_root_1_3_1,Random Forest,淡紅,5,37,舌左邊,1,1
tip_middle_root_1_3_1,Random Forest,淡紅,5,37,舌根,1,0
tip_middle_root_1_3_1,Random Forest,淡紅,5,39,舌尖,1,0
tip_middle_root_1_3_1,Random Forest,淡紅,5,39,舌左邊,1,1
tip_middle_root_1_3_1,Random Forest,淡紅,5,42,舌右邊,0,0
tip_middle_root_1_3_1,Random Forest,淡紅,5,42,舌尖,0,0
tip_middle_root_1_3_1,Random Forest,淡紅,5,42,舌左邊,0,0
tip_middle_root_1_3_1,Random Forest,淡紅,5,59,舌中,0,0
tip_middle_root_1_3_1,Random Forest,淡紅,5,59,舌右邊,0,0
tip_middle_root_1_3_1,Random Forest,淡紅,5,59,舌尖,0,1
tip_middle_root_1_3_1,Random Forest,淡紅,5,59,舌左邊,0,1
tip_middle_root_1_3_1,Random Forest,淡紅,5,59,舌根,0,0
tip_middle_root_1_3_1,Random Forest,淡紅,5,5,舌中,0,0
tip_middle_root_1_3_1,Random Forest,淡紅,5,5,舌右邊,0,0
tip_middle_root_1_3_1,Random Forest,淡紅,5,5,舌尖,0,0
tip_middle_root_1_3_1,Random Forest,淡紅,5,5,舌左邊,0,0
tip_middle_root_1_3_1,Random Forest,淡紅,5,5,舌根,0,0
tip_middle_root_1_3_1,Random Forest,淡紅,5,63,舌中,0,0
tip_middle_root_1_3_1,Random Forest,淡紅,5,63,舌右邊,0,0
tip_middle_root_1_3_1,Random Forest,淡紅,5,63,舌尖,0,0
tip_middle_root_1_3_1,Random Forest,淡紅,5,63,舌左邊,0,0
tip_middle_root_1_3_1,Random Forest,淡紅,5,63,舌根,0,0
tip_middle_root_1_3_1,Random Forest,淡紅,5,65,舌中,0,0
tip_middle_root_1_3_1,Random Forest,淡紅,5,65,舌右邊,0,0
tip_middle_root_1_3_1,Random Forest,淡紅,5,65,舌尖,0,0
tip_middle_root_1_3_1,Random Forest,淡紅,5,65,舌左邊,0,0
tip_middle_root_1_3_1,Random Forest,淡紅,5,65,舌根,0,0
tip_middle_root_1_3_1,Random Forest,淡紅,5,6,舌中,0,0
tip_middle_root_1_3_1,Random Forest,淡紅,5,6,舌右邊,0,0
tip_middle_root_1_3_1,Random Forest,淡紅,5,6,舌尖,0,0
tip_middle_root_1_3_1,Random Forest,淡紅,5,6,舌左邊,0,0
tip_middle_root_1_3_1,Random Forest,淡紅,5,6,舌根,0,0
tip_middle_root_1_3_1,Random Forest,淡紅,5,82,舌中,0,0
tip_middle_root_1_3_1,Random Forest,淡紅,5,82,舌右邊,0,0
tip_middle_root_1_3_1,Random Forest,淡紅,5,82,舌尖,0,0
tip_middle_root_1_3_1,Random Forest,淡紅,5,82,舌左邊,0,0
tip_middle_root_1_3_1,Random Forest,淡紅,5,82,舌根,0,0
tip_middle_root_1_3_1,Random Forest,淡紅,5,91,舌中,0,0
tip_middle_root_1_3_1,Random Forest,淡紅,5,91,舌右邊,0,1
tip_middle_root_1_3_1,Random Forest,淡紅,5,91,舌尖,0,0
tip_middle_root_1_3_1,Random Forest,淡紅,5,91,舌左邊,0,0
tip_middle_root_1_3_1,Random Forest,淡紅,5,91,舌根,0,0
tip_middle_root_1_3_1,Random Forest,淡紅,5,98,舌中,0,0
tip_middle_root_1_3_1,Random Forest,淡紅,5,98,舌右邊,0,0
tip_middle_root_1_3_1,Random Forest,淡紅,5,98,舌左邊,0,0
tip_middle_root_1_3_1,Random Forest,淡紅,5,98,舌根,0,0
tip_middle_root_1_2_2,SVM,淡白,1,11,舌中,0,0
tip_middle_root_1_2_2,SVM,淡白,1,11,舌右邊,0,0
tip_middle_root_1_2_2,SVM,淡白,1,11,舌尖,0,0
tip_middle_root_1_2_2,SVM,淡白,1,11,舌左邊,0,0
tip_middle_root_1_2_2,SVM,淡白,1,11,舌根,0,0
tip_middle_root_1_2_2,SVM,淡白,1,23,舌中,0,1
tip_middle_root_1_2_2,SVM,淡白,1,23,舌右邊,0,1
tip_middle_root_1_2_2,SVM,淡白,1,23,舌尖,0,1
tip_middle_root_1_2_2,SVM,淡白,1,23,舌左邊,0,1
tip_middle_root_1_2_2,SVM,淡白,1,23,舌根,0,0
tip_middle_root_1_2_2,SVM,淡白,1,28,舌中,1,1
tip_middle_root_1_2_2,SVM,淡白,1,28,舌右邊,1,1
tip_middle_root_1_2_2,SVM,淡白,1,28,舌尖,0,1
tip_middle_root_1_2_2,SVM,淡白,1,28,舌左邊,1,0
tip_middle_root_1_2_2,SVM,淡白,1,28,舌根,1,0
tip_middle_root_1_2_2,SVM,淡白,1,2,舌中,0,0
tip_middle_root_1_2_2,SVM,淡白,1,2,舌右邊,0,0
tip_middle_root_1_2_2,SVM,淡白,1,2,舌尖,0,0
tip_middle_root_1_2_2,SVM,淡白,1,2,舌左邊,0,0
tip_middle_root_1_2_2,SVM,淡白,1,2,舌根,0,0
tip_middle_root_1_2_2,SVM,淡白,1,34,舌中,0,0
tip_middle_root_1_2_2,SVM,淡白,1,34,舌右邊,0,0
tip_middle_root_1_2_2,SVM,淡白,1,34,舌尖,0,0
tip_middle_root_1_2_2,SVM,淡白,1,34,舌左邊,0,0
tip_middle_root_1_2_2,SVM,淡白,1,34,舌根,0,0
tip_middle_root_1_2_2,SVM,淡白,1,42,舌中,0,0
tip_middle_root_1_2_2,SVM,淡白,1,42,舌右邊,0,0
tip_middle_root_1_2_2,SVM,淡白,1,42,舌尖,0,0
tip_middle_root_1_2_2,SVM,淡白,1,42,舌左邊,0,0
tip_middle_root_1_2_2,SVM,淡白,1,42,舌根,0,0
tip_middle_root_1_2_2,SVM,淡白,1,49,舌中,0,0
tip_middle_root_1_2_2,SVM,淡白,1,49,舌右邊,0,0
tip_middle_root_1_2_2,SVM,淡白,1,49,舌尖,0,0
tip_middle_root_1_2_2,SVM,淡白,1,49,舌左邊,0,0
tip_middle_root_1_2_2,SVM,淡白,1,49,舌根,0,0
tip_middle_root_1_2_2,SVM,淡白,1,53,舌中,0,1
tip_middle_root_1_2_2,SVM,淡白,1,53,舌右邊,0,0
tip_middle_root_1_2_2,SVM,淡白,1,53,舌尖,0,0
tip_middle_root_1_2_2,SVM,淡白,1,53,舌左邊,0,0
tip_middle_root_1_2_2,SVM,淡白,1,53,舌根,0,0
tip_middle_root_1_2_2,SVM,淡白,1,57,舌中,0,0
tip_middle_root_1_2_2,SVM,淡白,1,57,舌右邊,0,0
tip_middle_root_1_2_2,SVM,淡白,1,57,舌尖,0,0
tip_middle_root_1_2_2,SVM,淡白,1,57,舌左邊,0,0
tip_middle_root_1_2_2,SVM,淡白,1,57,舌根,0,0
tip_middle_root_1_2_2,SVM,淡白,1,63,舌中,0,0
tip_middle_root_1_2_2,SVM,淡白,1,63,舌右邊,0,0
tip_middle_root_1_2_2,SVM,淡白,1,63,舌尖,0,0
tip_middle_root_1_2_2,SVM,淡白,1,63,舌左邊,0,0
tip_middle_root_1_2_2,SVM,淡白,1,63,舌根,0,0
tip_middle_root_1_2_2,SVM,淡白,1,65,舌中,0,0
tip_middle_root_1_2_2,SVM,淡白,1,65,舌右邊,0,0
tip_middle_root_1_2_2,SVM,淡白,1,65,舌尖,0,0
tip_middle_root_1_2_2,SVM,淡白,1,65,舌左邊,0,0
tip_middle_root_1_2_2,SVM,淡白,1,65,舌根,0,0
tip_middle_root_1_2_2,SVM,淡白,1,66,舌中,0,0
tip_middle_root_1_2_2,SVM,淡白,1,66,舌右邊,0,0
tip_middle_root_1_2_2,SVM,淡白,1,66,舌尖,0,0
tip_middle_root_1_2_2,SVM,淡白,1,66,舌左邊,0,0
tip_middle_root_1_2_2,SVM,淡白,1,66,舌根,0,0
tip_middle_root_1_2_2,SVM,淡白,1,68,舌中,0,0
tip_middle_root_1_2_2,SVM,淡白,1,68,舌右邊,0,0
tip_middle_root_1_2_2,SVM,淡白,1,68,舌尖,0,0
tip_middle_root_1_2_2,SVM,淡白,1,68,舌左邊,0,0
tip_middle_root_1_2_2,SVM,淡白,1,68,舌根,0,0
tip_middle_root_1_2_2,SVM,淡白,1,72,舌中,0,0
tip_middle_root_1_2_2,SVM,淡白,1,72,舌右邊,0,0
tip_middle_root_1_2_2,SVM,淡白,1,72,舌尖,0,0
tip_middle_root_1_2_2,SVM,淡白,1,72,舌左邊,0,0
tip_middle_root_1_2_2,SVM,淡白,1,72,舌根,0,0
tip_middle_root_1_2_2,SVM,淡白,1,79,舌中,0,0
tip_middle_root_1_2_2,SVM,淡白,1,79,舌右邊,0,0
tip_middle_root_1_2_2,SVM,淡白,1,79,舌尖,0,0
tip_middle_root_1_2_2,SVM,淡白,1,79,舌左邊,0,0
tip_middle_root_1_2_2,SVM,淡白,1,79,舌根,0,0
tip_middle_root_1_2_2,SVM,淡白,1,83,舌中,0,0
tip_middle_root_1_2_2,SVM,淡白,1,83,舌右邊,0,0
tip_middle_root_1_2_2,SVM,淡白,1,83,舌尖,0,0
tip_middle_root_1_2_2,SVM,淡白,1,83,舌左邊,0,0
tip_middle_root_1_2_2,SVM,淡白,1,83,舌根,0,0
tip_middle_root_1_2_2,SVM,淡白,1,89,舌中,0,0
tip_middle_root_1_2_2,SVM,淡白,1,89,舌右邊,0,0
tip_middle_root_1_2_2,SVM,淡白,1,89,舌尖,0,0
tip_middle_root_1_2_2,SVM,淡白,1,89,舌左邊,0,0
tip_middle_root_1_2_2,SVM,淡白,1,89,舌根,0,0
tip_middle_root_1_2_2,SVM,淡白,1,90,舌中,0,0
tip_middle_root_1_2_2,SVM,淡白,1,90,舌右邊,0,0
tip_middle_root_1_2_2,SVM,淡白,1,90,舌尖,0,0
tip_middle_root_1_2_2,SVM,淡白,1,90,舌左邊,0,0
tip_middle_root_1_2_2,SVM,淡白,1,90,舌根,0,0
tip_middle_root_1_2_2,SVM,淡白,1,94,舌中,0,1
tip_middle_root_1_2_2,SVM,淡白,1,94,舌右邊,0,0
tip_middle_root_1_2_2,SVM,淡白,1,94,舌尖,0,0
tip_middle_root_1_2_2,SVM,淡白,1,94,舌左邊,0,0
tip_middle_root_1_2_2,SVM,淡白,1,94,舌根,0,0
tip_middle_root_1_2_2,SVM,淡白,2,19,舌中,0,1
tip_middle_root_1_2_2,SVM,淡白,2,19,舌右邊,0,1
tip_middle_root_1_2_2,SVM,淡白,2,19,舌尖,0,1
tip_middle_root_1_2_2,SVM,淡白,2,19,舌左邊,0,1
tip_middle_root_1_2_2,SVM,淡白,2,19,舌根,0,0
tip_middle_root_1_2_2,SVM,淡白,2,22,舌中,0,0
tip_middle_root_1_2_2,SVM,淡白,2,22,舌右邊,0,0
tip_middle_root_1_2_2,SVM,淡白,2,22,舌尖,0,0
tip_middle_root_1_2_2,SVM,淡白,2,22,舌左邊,0,0
tip_middle_root_1_2_2,SVM,淡白,2,22,舌根,0,0
tip_middle_root_1_2_2,SVM,淡白,2,24,舌中,0,0
tip_middle_root_1_2_2,SVM,淡白,2,24,舌右邊,0,0
tip_middle_root_1_2_2,SVM,淡白,2,24,舌尖,0,1
tip_middle_root_1_2_2,SVM,淡白,2,24,舌左邊,0,1
tip_middle_root_1_2_2,SVM,淡白,2,24,舌根,0,0
tip_middle_root_1_2_2,SVM,淡白,2,26,舌中,0,0
tip_middle_root_1_2_2,SVM,淡白,2,26,舌右邊,0,0
tip_middle_root_1_2_2,SVM,淡白,2,26,舌尖,0,0
tip_middle_root_1_2_2,SVM,淡白,2,26,舌左邊,0,0
tip_middle_root_1_2_2,SVM,淡白,2,26,舌根,0,0
tip_middle_root_1_2_2,SVM,淡白,2,3,舌中,0,0
tip_middle_root_1_2_2,SVM,淡白,2,3,舌右邊,0,0
tip_middle_root_1_2_2,SVM,淡白,2,3,舌尖,0,0
tip_middle_root_1_2_2,SVM,淡白,2,3,舌左邊,0,0
tip_middle_root_1_2_2,SVM,淡白,2,3,舌根,0,0
tip_middle_root_1_2_2,SVM,淡白,2,46,舌中,0,1
tip_middle_root_1_2_2,SVM,淡白,2,46,舌右邊,0,0
tip_middle_root_1_2_2,SVM,淡白,2,46,舌尖,0,1
tip_middle_root_1_2_2,SVM,淡白,2,46,舌左邊,0,0
tip_middle_root_1_2_2,SVM,淡白,2,46,舌根,0,1
tip_middle_root_1_2_2,SVM,淡白,2,48,舌中,0,1
tip_middle_root_1_2_2,SVM,淡白,2,48,舌右邊,0,0
tip_middle_root_1_2_2,SVM,淡白,2,48,舌尖,0,0
tip_middle_root_1_2_2,SVM,淡白,2,48,舌左邊,0,0
tip_middle_root_1_2_2,SVM,淡白,2,48,舌根,0,0
tip_middle_root_1_2_2,SVM,淡白,2,52,舌中,0,1
tip_middle_root_1_2_2,SVM,淡白,2,52,舌右邊,0,1
tip_middle_root_1_2_2,SVM,淡白,2,52,舌尖,0,1
tip_middle_root_1_2_2,SVM,淡白,2,52,舌左邊,0,1
tip_middle_root_1_2_2,SVM,淡白,2,52,舌根,0,1
tip_middle_root_1_2_2,SVM,淡白,2,55,舌中,0,0
tip_middle_root_1_2_2,SVM,淡白,2,55,舌右邊,0,0
tip_middle_root_1_2_2,SVM,淡白,2,55,舌尖,0,0
tip_middle_root_1_2_2,SVM,淡白,2,55,舌左邊,0,0
tip_middle_root_1_2_2,SVM,淡白,2,55,舌根,0,0
tip_middle_root_1_2_2,SVM,淡白,2,56,舌中,0,1
tip_middle_root_1_2_2,SVM,淡白,2,56,舌右邊,0,0
tip_middle_root_1_2_2,SVM,淡白,2,56,舌尖,0,0
tip_middle_root_1_2_2,SVM,淡白,2,56,舌左邊,0,1
tip_middle_root_1_2_2,SVM,淡白,2,56,舌根,0,0
tip_middle_root_1_2_2,SVM,淡白,2,61,舌中,0,0
tip_middle_root_1_2_2,SVM,淡白,2,61,舌右邊,0,0
tip_middle_root_1_2_2,SVM,淡白,2,61,舌尖,0,0
tip_middle_root_1_2_2,SVM,淡白,2,61,舌左邊,0,0
tip_middle_root_1_2_2,SVM,淡白,2,61,舌根,0,0
tip_middle_root_1_2_2,SVM,淡白,2,67,舌中,0,0
tip_middle_root_1_2_2,SVM,淡白,2,67,舌右邊,0,0
tip_middle_root_1_2_2,SVM,淡白,2,67,舌尖,0,0
tip_middle_root_1_2_2,SVM,淡白,2,67,舌左邊,0,0
tip_middle_root_1_2_2,SVM,淡白,2,67,舌根,0,0
tip_middle_root_1_2_2,SVM,淡白,2,73,舌中,0,0
tip_middle_root_1_2_2,SVM,淡白,2,73,舌右邊,0,0
tip_middle_root_1_2_2,SVM,淡白,2,73,舌尖,0,0
tip_middle_root_1_2_2,SVM,淡白,2,73,舌左邊,0,0
tip_middle_root_1_2_2,SVM,淡白,2,73,舌根,0,0
tip_middle_root_1_2_2,SVM,淡白,2,76,舌中,0,0
tip_middle_root_1_2_2,SVM,淡白,2,76,舌右邊,0,0
tip_middle_root_1_2_2,SVM,淡白,2,76,舌尖,0,0
tip_middle_root_1_2_2,SVM,淡白,2,76,舌左邊,0,0
tip_middle_root_1_2_2,SVM,淡白,2,76,舌根,0,0
tip_middle_root_1_2_2,SVM,淡白,2,85,舌中,0,0
tip_middle_root_1_2_2,SVM,淡白,2,85,舌右邊,0,0
tip_middle_root_1_2_2,SVM,淡白,2,85,舌尖,0,0
tip_middle_root_1_2_2,SVM,淡白,2,85,舌左邊,0,0
tip_middle_root_1_2_2,SVM,淡白,2,85,舌根,0,0
tip_middle_root_1_2_2,SVM,淡白,2,88,舌中,0,1
tip_middle_root_1_2_2,SVM,淡白,2,88,舌右邊,0,0
tip_middle_root_1_2_2,SVM,淡白,2,88,舌尖,0,0
tip_middle_root_1_2_2,SVM,淡白,2,88,舌左邊,0,0
tip_middle_root_1_2_2,SVM,淡白,2,88,舌根,0,1
tip_middle_root_1_2_2,SVM,淡白,2,91,舌右邊,1,1
tip_middle_root_1_2_2,SVM,淡白,2,91,舌尖,1,1
tip_middle_root_1_2_2,SVM,淡白,2,91,舌左邊,1,1
tip_middle_root_1_2_2,SVM,淡白,2,92,舌中,0,0
tip_middle_root_1_2_2,SVM,淡白,2,92,舌右邊,0,0
tip_middle_root_1_2_2,SVM,淡白,2,92,舌尖,0,0
tip_middle_root_1_2_2,SVM,淡白,2,92,舌左邊,0,0
tip_middle_root_1_2_2,SVM,淡白,2,92,舌根,0,0
tip_middle_root_1_2_2,SVM,淡白,2,97,舌中,0,0
tip_middle_root_1_2_2,SVM,淡白,2,97,舌右邊,0,0
tip_middle_root_1_2_2,SVM,淡白,2,97,舌尖,0,0
tip_middle_root_1_2_2,SVM,淡白,2,97,舌左邊,0,0
tip_middle_root_1_2_2,SVM,淡白,2,97,舌根,0,0
tip_middle_root_1_2_2,SVM,淡白,3,1,舌中,0,0
tip_middle_root_1_2_2,SVM,淡白,3,1,舌右邊,0,0
tip_middle_root_1_2_2,SVM,淡白,3,1,舌尖,0,0
tip_middle_root_1_2_2,SVM,淡白,3,1,舌左邊,0,0
tip_middle_root_1_2_2,SVM,淡白,3,1,舌根,0,0
tip_middle_root_1_2_2,SVM,淡白,3,33,舌中,0,0
tip_middle_root_1_2_2,SVM,淡白,3,33,舌右邊,0,0
tip_middle_root_1_2_2,SVM,淡白,3,33,舌尖,0,0
tip_middle_root_1_2_2,SVM,淡白,3,33,舌左邊,0,0
tip_middle_root_1_2_2,SVM,淡白,3,33,舌根,0,0
tip_middle_root_1_2_2,SVM,淡白,3,35,舌中,0,0
tip_middle_root_1_2_2,SVM,淡白,3,35,舌右邊,0,0
tip_middle_root_1_2_2,SVM,淡白,3,35,舌尖,0,0
tip_middle_root_1_2_2,SVM,淡白,3,35,舌左邊,0,0
tip_middle_root_1_2_2,SVM,淡白,3,35,舌根,0,0
tip_middle_root_1_2_2,SVM,淡白,3,36,舌中,0,0
tip_middle_root_1_2_2,SVM,淡白,3,36,舌尖,0,0
tip_middle_root_1_2_2,SVM,淡白,3,36,舌根,0,1
tip_middle_root_1_2_2,SVM,淡白,3,39,舌中,0,0
tip_middle_root_1_2_2,SVM,淡白,3,39,舌右邊,0,0
tip_middle_root_1_2_2,SVM,淡白,3,39,舌尖,0,0
tip_middle_root_1_2_2,SVM,淡白,3,39,舌左邊,0,0
tip_middle_root_1_2_2,SVM,淡白,3,39,舌根,0,0
tip_middle_root_1_2_2,SVM,淡白,3,40,舌中,0,0
tip_middle_root_1_2_2,SVM,淡白,3,40,舌右邊,0,0
tip_middle_root_1_2_2,SVM,淡白,3,40,舌尖,0,0
tip_middle_root_1_2_2,SVM,淡白,3,40,舌左邊,0,0
tip_middle_root_1_2_2,SVM,淡白,3,40,舌根,0,0
tip_middle_root_1_2_2,SVM,淡白,3,44,舌中,0,1
tip_middle_root_1_2_2,SVM,淡白,3,44,舌右邊,0,0
tip_middle_root_1_2_2,SVM,淡白,3,44,舌尖,0,0
tip_middle_root_1_2_2,SVM,淡白,3,44,舌左邊,0,1
tip_middle_root_1_2_2,SVM,淡白,3,44,舌根,0,0
tip_middle_root_1_2_2,SVM,淡白,3,45,舌中,0,0
tip_middle_root_1_2_2,SVM,淡白,3,45,舌右邊,0,0
tip_middle_root_1_2_2,SVM,淡白,3,45,舌尖,0,0
tip_middle_root_1_2_2,SVM,淡白,3,45,舌左邊,0,0
tip_middle_root_1_2_2,SVM,淡白,3,45,舌根,0,0
tip_middle_root_1_2_2,SVM,淡白,3,5,舌左邊,1,1
tip_middle_root_1_2_2,SVM,淡白,3,60,舌中,0,0
tip_middle_root_1_2_2,SVM,淡白,3,60,舌右邊,0,0
tip_middle_root_1_2_2,SVM,淡白,3,60,舌尖,0,0
tip_middle_root_1_2_2,SVM,淡白,3,60,舌左邊,0,0
tip_middle_root_1_2_2,SVM,淡白,3,60,舌根,0,0
tip_middle_root_1_2_2,SVM,淡白,3,64,舌中,0,0
tip_middle_root_1_2_2,SVM,淡白,3,64,舌右邊,0,0
tip_middle_root_1_2_2,SVM,淡白,3,64,舌尖,0,0
tip_middle_root_1_2_2,SVM,淡白,3,64,舌左邊,0,0
tip_middle_root_1_2_2,SVM,淡白,3,64,舌根,0,0
tip_middle_root_1_2_2,SVM,淡白,3,69,舌中,0,0
tip_middle_root_1_2_2,SVM,淡白,3,69,舌右邊,0,0
tip_middle_root_1_2_2,SVM,淡白,3,69,舌尖,0,0
tip_middle_root_1_2_2,SVM,淡白,3,69,舌左邊,0,0
tip_middle_root_1_2_2,SVM,淡白,3,69,舌根,0,0
tip_middle_root_1_2_2,SVM,淡白,3,70,舌中,0,0
tip_middle_root_1_2_2,SVM,淡白,3,70,舌右邊,0,0
tip_middle_root_1_2_2,SVM,淡白,3,70,舌尖,0,0
tip_middle_root_1_2_2,SVM,淡白,3,70,舌左邊,0,0
tip_middle_root_1_2_2,SVM,淡白,3,70,舌根,0,0
tip_middle_root_1_2_2,SVM,淡白,3,77,舌中,0,0
tip_middle_root_1_2_2,SVM,淡白,3,77,舌右邊,0,0
tip_middle_root_1_2_2,SVM,淡白,3,77,舌尖,0,0
tip_middle_root_1_2_2,SVM,淡白,3,77,舌左邊,0,0
tip_middle_root_1_2_2,SVM,淡白,3,77,舌根,0,0
tip_middle_root_1_2_2,SVM,淡白,3,80,舌中,0,0
tip_middle_root_1_2_2,SVM,淡白,3,80,舌右邊,0,0
tip_middle_root_1_2_2,SVM,淡白,3,80,舌尖,0,0
tip_middle_root_1_2_2,SVM,淡白,3,80,舌左邊,0,0
tip_middle_root_1_2_2,SVM,淡白,3,80,舌根,0,0
tip_middle_root_1_2_2,SVM,淡白,3,82,舌中,0,0
tip_middle_root_1_2_2,SVM,淡白,3,82,舌右邊,0,0
tip_middle_root_1_2_2,SVM,淡白,3,82,舌尖,0,0
tip_middle_root_1_2_2,SVM,淡白,3,82,舌左邊,0,0
tip_middle_root_1_2_2,SVM,淡白,3,82,舌根,0,0
tip_middle_root_1_2_2,SVM,淡白,3,84,舌中,0,0
tip_middle_root_1_2_2,SVM,淡白,3,84,舌尖,0,0
tip_middle_root_1_2_2,SVM,淡白,3,84,舌左邊,0,0
tip_middle_root_1_2_2,SVM,淡白,3,84,舌根,0,0
tip_middle_root_1_2_2,SVM,淡白,3,93,舌中,0,0
tip_middle_root_1_2_2,SVM,淡白,3,93,舌右邊,0,0
tip_middle_root_1_2_2,SVM,淡白,3,93,舌尖,0,0
tip_middle_root_1_2_2,SVM,淡白,3,93,舌左邊,0,0
tip_middle_root_1_2_2,SVM,淡白,3,93,舌根,0,0
tip_middle_root_1_2_2,SVM,淡白,3,96,舌中,0,0
tip_middle_root_1_2_2,SVM,淡白,3,96,舌右邊,0,0
tip_middle_root_1_2_2,SVM,淡白,3,96,舌尖,0,0
tip_middle_root_1_2_2,SVM,淡白,3,96,舌左邊,0,0
tip_middle_root_1_2_2,SVM,淡白,3,96,舌根,0,0
tip_middle_root_1_2_2,SVM,淡白,3,9,舌中,0,1
tip_middle_root_1_2_2,SVM,淡白,3,9,舌右邊,0,0
tip_middle_root_1_2_2,SVM,淡白,3,9,舌尖,0,0
tip_middle_root_1_2_2,SVM,淡白,3,9,舌左邊,0,0
tip_middle_root_1_2_2,SVM,淡白,3,9,舌根,0,0
tip_middle_root_1_2_2,SVM,淡白,4,10,舌中,0,1
tip_middle_root_1_2_2,SVM,淡白,4,10,舌右邊,0,0
tip_middle_root_1_2_2,SVM,淡白,4,10,舌尖,0,0
tip_middle_root_1_2_2,SVM,淡白,4,10,舌左邊,0,0
tip_middle_root_1_2_2,SVM,淡白,4,10,舌根,0,0
tip_middle_root_1_2_2,SVM,淡白,4,12,舌中,0,1
tip_middle_root_1_2_2,SVM,淡白,4,12,舌右邊,0,0
tip_middle_root_1_2_2,SVM,淡白,4,12,舌尖,0,0
tip_middle_root_1_2_2,SVM,淡白,4,12,舌左邊,0,0
tip_middle_root_1_2_2,SVM,淡白,4,12,舌根,0,0
tip_middle_root_1_2_2,SVM,淡白,4,13,舌右邊,0,0
tip_middle_root_1_2_2,SVM,淡白,4,13,舌尖,0,0
tip_middle_root_1_2_2,SVM,淡白,4,13,舌左邊,0,0
tip_middle_root_1_2_2,SVM,淡白,4,15,舌中,0,1
tip_middle_root_1_2_2,SVM,淡白,4,15,舌右邊,0,0
tip_middle_root_1_2_2,SVM,淡白,4,15,舌尖,0,0
tip_middle_root_1_2_2,SVM,淡白,4,15,舌左邊,0,0
tip_middle_root_1_2_2,SVM,淡白,4,15,舌根,0,0
tip_middle_root_1_2_2,SVM,淡白,4,16,舌中,1,0
tip_middle_root_1_2_2,SVM,淡白,4,16,舌右邊,1,1
tip_middle_root_1_2_2,SVM,淡白,4,16,舌尖,1,1
tip_middle_root_1_2_2,SVM,淡白,4,16,舌左邊,1,1
tip_middle_root_1_2_2,SVM,淡白,4,16,舌根,1,0
tip_middle_root_1_2_2,SVM,淡白,4,20,舌中,0,0
tip_middle_root_1_2_2,SVM,淡白,4,20,舌尖,0,1
tip_middle_root_1_2_2,SVM,淡白,4,20,舌根,0,0
tip_middle_root_1_2_2,SVM,淡白,4,21,舌中,0,1
tip_middle_root_1_2_2,SVM,淡白,4,21,舌右邊,0,0
tip_middle_root_1_2_2,SVM,淡白,4,21,舌尖,0,0
tip_middle_root_1_2_2,SVM,淡白,4,21,舌左邊,0,1
tip_middle_root_1_2_2,SVM,淡白,4,21,舌根,0,0
tip_middle_root_1_2_2,SVM,淡白,4,25,舌中,0,0
tip_middle_root_1_2_2,SVM,淡白,4,25,舌右邊,0,0
tip_middle_root_1_2_2,SVM,淡白,4,25,舌尖,0,0
tip_middle_root_1_2_2,SVM,淡白,4,25,舌左邊,0,0
tip_middle_root_1_2_2,SVM,淡白,4,25,舌根,0,0
tip_middle_root_1_2_2,SVM,淡白,4,32,舌中,0,0
tip_middle_root_1_2_2,SVM,淡白,4,32,舌右邊,0,0
tip_middle_root_1_2_2,SVM,淡白,4,32,舌尖,0,0
tip_middle_root_1_2_2,SVM,淡白,4,32,舌左邊,0,1
tip_middle_root_1_2_2,SVM,淡白,4,32,舌根,0,0
tip_middle_root_1_2_2,SVM,淡白,4,38,舌中,0,1
tip_middle_root_1_2_2,SVM,淡白,4,38,舌右邊,0,0
tip_middle_root_1_2_2,SVM,淡白,4,38,舌尖,0,0
tip_middle_root_1_2_2,SVM,淡白,4,38,舌左邊,0,0
tip_middle_root_1_2_2,SVM,淡白,4,38,舌根,0,0
tip_middle_root_1_2_2,SVM,淡白,4,4,舌中,0,0
tip_middle_root_1_2_2,SVM,淡白,4,4,舌右邊,0,0
tip_middle_root_1_2_2,SVM,淡白,4,4,舌尖,0,0
tip_middle_root_1_2_2,SVM,淡白,4,4,舌左邊,0,0
tip_middle_root_1_2_2,SVM,淡白,4,4,舌根,0,0
tip_middle_root_1_2_2,SVM,淡白,4,50,舌中,0,0
tip_middle_root_1_2_2,SVM,淡白,4,50,舌右邊,0,1
tip_middle_root_1_2_2,SVM,淡白,4,50,舌尖,0,1
tip_middle_root_1_2_2,SVM,淡白,4,50,舌左邊,0,1
tip_middle_root_1_2_2,SVM,淡白,4,50,舌根,0,0
tip_middle_root_1_2_2,SVM,淡白,4,54,舌中,0,0
tip_middle_root_1_2_2,SVM,淡白,4,54,舌右邊,0,0
tip_middle_root_1_2_2,SVM,淡白,4,54,舌尖,0,0
tip_middle_root_1_2_2,SVM,淡白,4,54,舌左邊,0,0
tip_middle_root_1_2_2,SVM,淡白,4,54,舌根,0,0
tip_middle_root_1_2_2,SVM,淡白,4,59,舌中,0,1
tip_middle_root_1_2_2,SVM,淡白,4,59,舌右邊,0,1
tip_middle_root_1_2_2,SVM,淡白,4,59,舌尖,0,0
tip_middle_root_1_2_2,SVM,淡白,4,59,舌左邊,0,1
tip_middle_root_1_2_2,SVM,淡白,4,59,舌根,0,0
tip_middle_root_1_2_2,SVM,淡白,4,62,舌中,0,0
tip_middle_root_1_2_2,SVM,淡白,4,62,舌右邊,0,0
tip_middle_root_1_2_2,SVM,淡白,4,62,舌尖,0,0
tip_middle_root_1_2_2,SVM,淡白,4,62,舌左邊,0,0
tip_middle_root_1_2_2,SVM,淡白,4,62,舌根,0,0
tip_middle_root_1_2_2,SVM,淡白,4,71,舌中,0,0
tip_middle_root_1_2_2,SVM,淡白,4,71,舌右邊,0,0
tip_middle_root_1_2_2,SVM,淡白,4,71,舌尖,0,0
tip_middle_root_1_2_2,SVM,淡白,4,71,舌左邊,0,0
tip_middle_root_1_2_2,SVM,淡白,4,71,舌根,0,0
tip_middle_root_1_2_2,SVM,淡白,4,78,舌中,0,0
tip_middle_root_1_2_2,SVM,淡白,4,78,舌右邊,0,0
tip_middle_root_1_2_2,SVM,淡白,4,78,舌尖,0,0
tip_middle_root_1_2_2,SVM,淡白,4,78,舌左邊,0,0
tip_middle_root_1_2_2,SVM,淡白,4,78,舌根,0,0
tip_middle_root_1_2_2,SVM,淡白,4,81,舌中,0,0
tip_middle_root_1_2_2,SVM,淡白,4,81,舌右邊,0,0
tip_middle_root_1_2_2,SVM,淡白,4,81,舌尖,0,0
tip_middle_root_1_2_2,SVM,淡白,4,81,舌左邊,0,0
tip_middle_root_1_2_2,SVM,淡白,4,81,舌根,0,0
tip_middle_root_1_2_2,SVM,淡白,4,95,舌中,0,0
tip_middle_root_1_2_2,SVM,淡白,4,95,舌右邊,0,0
tip_middle_root_1_2_2,SVM,淡白,4,95,舌尖,0,0
tip_middle_root_1_2_2,SVM,淡白,4,95,舌左邊,0,0
tip_middle_root_1_2_2,SVM,淡白,4,95,舌根,0,0
tip_middle_root_1_2_2,SVM,淡白,4,98,舌中,0,1
tip_middle_root_1_2_2,SVM,淡白,4,98,舌右邊,0,0
tip_middle_root_1_2_2,SVM,淡白,4,98,舌尖,0,0
tip_middle_root_1_2_2,SVM,淡白,4,98,舌左邊,0,0
tip_middle_root_1_2_2,SVM,淡白,4,98,舌根,0,0
tip_middle_root_1_2_2,SVM,淡白,5,100,舌中,0,1
tip_middle_root_1_2_2,SVM,淡白,5,100,舌右邊,0,0
tip_middle_root_1_2_2,SVM,淡白,5,100,舌尖,0,0
tip_middle_root_1_2_2,SVM,淡白,5,100,舌左邊,0,0
tip_middle_root_1_2_2,SVM,淡白,5,100,舌根,0,0
tip_middle_root_1_2_2,SVM,淡白,5,14,舌中,0,0
tip_middle_root_1_2_2,SVM,淡白,5,14,舌右邊,0,0
tip_middle_root_1_2_2,SVM,淡白,5,14,舌左邊,0,0
tip_middle_root_1_2_2,SVM,淡白,5,14,舌根,0,0
tip_middle_root_1_2_2,SVM,淡白,5,17,舌中,0,0
tip_middle_root_1_2_2,SVM,淡白,5,17,舌右邊,0,0
tip_middle_root_1_2_2,SVM,淡白,5,17,舌尖,0,0
tip_middle_root_1_2_2,SVM,淡白,5,17,舌左邊,0,0
tip_middle_root_1_2_2,SVM,淡白,5,17,舌根,0,0
tip_middle_root_1_2_2,SVM,淡白,5,18,舌中,0,0
tip_middle_root_1_2_2,SVM,淡白,5,18,舌右邊,0,0
tip_middle_root_1_2_2,SVM,淡白,5,18,舌尖,0,0
tip_middle_root_1_2_2,SVM,淡白,5,18,舌左邊,0,0
tip_middle_root_1_2_2,SVM,淡白,5,18,舌根,0,0
tip_middle_root_1_2_2,SVM,淡白,5,27,舌中,0,0
tip_middle_root_1_2_2,SVM,淡白,5,27,舌根,0,0
tip_middle_root_1_2_2,SVM,淡白,5,29,舌中,0,1
tip_middle_root_1_2_2,SVM,淡白,5,29,舌右邊,0,0
tip_middle_root_1_2_2,SVM,淡白,5,29,舌尖,0,0
tip_middle_root_1_2_2,SVM,淡白,5,29,舌左邊,0,0
tip_middle_root_1_2_2,SVM,淡白,5,29,舌根,0,0
tip_middle_root_1_2_2,SVM,淡白,5,31,舌中,0,0
tip_middle_root_1_2_2,SVM,淡白,5,31,舌右邊,0,0
tip_middle_root_1_2_2,SVM,淡白,5,31,舌尖,0,0
tip_middle_root_1_2_2,SVM,淡白,5,31,舌左邊,0,0
tip_middle_root_1_2_2,SVM,淡白,5,31,舌根,0,0
tip_middle_root_1_2_2,SVM,淡白,5,37,舌中,0,0
tip_middle_root_1_2_2,SVM,淡白,5,37,舌右邊,0,0
tip_middle_root_1_2_2,SVM,淡白,5,37,舌尖,0,0
tip_middle_root_1_2_2,SVM,淡白,5,37,舌左邊,0,0
tip_middle_root_1_2_2,SVM,淡白,5,37,舌根,0,0
tip_middle_root_1_2_2,SVM,淡白,5,41,舌中,0,0
tip_middle_root_1_2_2,SVM,淡白,5,41,舌右邊,0,0
tip_middle_root_1_2_2,SVM,淡白,5,41,舌尖,0,0
tip_middle_root_1_2_2,SVM,淡白,5,41,舌左邊,0,0
tip_middle_root_1_2_2,SVM,淡白,5,41,舌根,0,0
tip_middle_root_1_2_2,SVM,淡白,5,43,舌中,0,0
tip_middle_root_1_2_2,SVM,淡白,5,43,舌右邊,0,0
tip_middle_root_1_2_2,SVM,淡白,5,43,舌尖,0,0
tip_middle_root_1_2_2,SVM,淡白,5,43,舌左邊,0,0
tip_middle_root_1_2_2,SVM,淡白,5,43,舌根,0,1
tip_middle_root_1_2_2,SVM,淡白,5,47,舌中,0,0
tip_middle_root_1_2_2,SVM,淡白,5,47,舌右邊,0,0
tip_middle_root_1_2_2,SVM,淡白,5,47,舌尖,0,0
tip_middle_root_1_2_2,SVM,淡白,5,47,舌左邊,0,0
tip_middle_root_1_2_2,SVM,淡白,5,47,舌根,0,0
tip_middle_root_1_2_2,SVM,淡白,5,51,舌中,0,0
tip_middle_root_1_2_2,SVM,淡白,5,51,舌右邊,0,0
tip_middle_root_1_2_2,SVM,淡白,5,51,舌尖,0,0
tip_middle_root_1_2_2,SVM,淡白,5,51,舌左邊,0,0
tip_middle_root_1_2_2,SVM,淡白,5,51,舌根,0,0
tip_middle_root_1_2_2,SVM,淡白,5,58,舌中,1,1
tip_middle_root_1_2_2,SVM,淡白,5,58,舌右邊,1,0
tip_middle_root_1_2_2,SVM,淡白,5,58,舌左邊,1,1
tip_middle_root_1_2_2,SVM,淡白,5,58,舌根,1,0
tip_middle_root_1_2_2,SVM,淡白,5,6,舌中,0,0
tip_middle_root_1_2_2,SVM,淡白,5,6,舌右邊,0,0
tip_middle_root_1_2_2,SVM,淡白,5,6,舌尖,0,0
tip_middle_root_1_2_2,SVM,淡白,5,6,舌左邊,0,1
tip_middle_root_1_2_2,SVM,淡白,5,6,舌根,0,0
tip_middle_root_1_2_2,SVM,淡白,5,74,舌中,0,0
tip_middle_root_1_2_2,SVM,淡白,5,74,舌右邊,0,0
tip_middle_root_1_2_2,SVM,淡白,5,74,舌尖,0,0
tip_middle_root_1_2_2,SVM,淡白,5,74,舌左邊,0,0
tip_middle_root_1_2_2,SVM,淡白,5,74,舌根,0,0
tip_middle_root_1_2_2,SVM,淡白,5,75,舌中,0,0
tip_middle_root_1_2_2,SVM,淡白,5,75,舌右邊,0,0
tip_middle_root_1_2_2,SVM,淡白,5,75,舌尖,0,0
tip_middle_root_1_2_2,SVM,淡白,5,75,舌左邊,0,0
tip_middle_root_1_2_2,SVM,淡白,5,75,舌根,0,0
tip_middle_root_1_2_2,SVM,淡白,5,86,舌中,0,0
tip_middle_root_1_2_2,SVM,淡白,5,86,舌右邊,0,0
tip_middle_root_1_2_2,SVM,淡白,5,86,舌尖,0,0
tip_middle_root_1_2_2,SVM,淡白,5,86,舌左邊,0,0
tip_middle_root_1_2_2,SVM,淡白,5,86,舌根,0,0
tip_middle_root_1_2_2,SVM,淡白,5,87,舌中,0,0
tip_middle_root_1_2_2,SVM,淡白,5,87,舌右邊,0,0
tip_middle_root_1_2_2,SVM,淡白,5,87,舌尖,0,0
tip_middle_root_1_2_2,SVM,淡白,5,87,舌左邊,0,0
tip_middle_root_1_2_2,SVM,淡白,5,87,舌根,0,0
tip_middle_root_1_2_2,SVM,淡白,5,8,舌中,0,1
tip_middle_root_1_2_2,SVM,淡白,5,8,舌右邊,0,1
tip_middle_root_1_2_2,SVM,淡白,5,8,舌尖,0,0
tip_middle_root_1_2_2,SVM,淡白,5,8,舌左邊,0,0
tip_middle_root_1_2_2,SVM,淡白,5,8,舌根,0,0
tip_middle_root_1_2_2,SVM,淡白,5,99,舌中,0,0
tip_middle_root_1_2_2,SVM,淡白,5,99,舌右邊,0,0
tip_middle_root_1_2_2,SVM,淡白,5,99,舌尖,0,0
tip_middle_root_1_2_2,SVM,淡白,5,99,舌左邊,0,0
tip_middle_root_1_2_2,SVM,淡白,5,99,舌根,0,0
tip_middle_root_1_2_2,Random Forest,淡白,1,11,舌中,0,0
tip_middle_root_1_2_2,Random Forest,淡白,1,11,舌右邊,0,0
tip_middle_root_1_2_2,Random Forest,淡白,1,11,舌尖,0,0
tip_middle_root_1_2_2,Random Forest,淡白,1,11,舌左邊,0,0
tip_middle_root_1_2_2,Random Forest,淡白,1,11,舌根,0,0
tip_middle_root_1_2_2,Random Forest,淡白,1,23,舌中,0,0
tip_middle_root_1_2_2,Random Forest,淡白,1,23,舌右邊,0,0
tip_middle_root_1_2_2,Random Forest,淡白,1,23,舌尖,0,0
tip_middle_root_1_2_2,Random Forest,淡白,1,23,舌左邊,0,0
tip_middle_root_1_2_2,Random Forest,淡白,1,23,舌根,0,0
tip_middle_root_1_2_2,Random Forest,淡白,1,28,舌中,1,0
tip_middle_root_1_2_2,Random Forest,淡白,1,28,舌右邊,1,0
tip_middle_root_1_2_2,Random Forest,淡白,1,28,舌尖,0,0
tip_middle_root_1_2_2,Random Forest,淡白,1,28,舌左邊,1,0
tip_middle_root_1_2_2,Random Forest,淡白,1,28,舌根,1,0
tip_middle_root_1_2_2,Random Forest,淡白,1,2,舌中,0,0
tip_middle_root_1_2_2,Random Forest,淡白,1,2,舌右邊,0,0
tip_middle_root_1_2_2,Random Forest,淡白,1,2,舌尖,0,0
tip_middle_root_1_2_2,Random Forest,淡白,1,2,舌左邊,0,0
tip_middle_root_1_2_2,Random Forest,淡白,1,2,舌根,0,0
tip_middle_root_1_2_2,Random Forest,淡白,1,34,舌中,0,0
tip_middle_root_1_2_2,Random Forest,淡白,1,34,舌右邊,0,0
tip_middle_root_1_2_2,Random Forest,淡白,1,34,舌尖,0,0
tip_middle_root_1_2_2,Random Forest,淡白,1,34,舌左邊,0,0
tip_middle_root_1_2_2,Random Forest,淡白,1,34,舌根,0,0
tip_middle_root_1_2_2,Random Forest,淡白,1,42,舌中,0,0
tip_middle_root_1_2_2,Random Forest,淡白,1,42,舌右邊,0,0
tip_middle_root_1_2_2,Random Forest,淡白,1,42,舌尖,0,0
tip_middle_root_1_2_2,Random Forest,淡白,1,42,舌左邊,0,0
tip_middle_root_1_2_2,Random Forest,淡白,1,42,舌根,0,0
tip_middle_root_1_2_2,Random Forest,淡白,1,49,舌中,0,0
tip_middle_root_1_2_2,Random Forest,淡白,1,49,舌右邊,0,0
tip_middle_root_1_2_2,Random Forest,淡白,1,49,舌尖,0,0
tip_middle_root_1_2_2,Random Forest,淡白,1,49,舌左邊,0,0
tip_middle_root_1_2_2,Random Forest,淡白,1,49,舌根,0,0
tip_middle_root_1_2_2,Random Forest,淡白,1,53,舌中,0,0
tip_middle_root_1_2_2,Random Forest,淡白,1,53,舌右邊,0,0
tip_middle_root_1_2_2,Random Forest,淡白,1,53,舌尖,0,0
tip_middle_root_1_2_2,Random Forest,淡白,1,53,舌左邊,0,0
tip_middle_root_1_2_2,Random Forest,淡白,1,53,舌根,0,0
tip_middle_root_1_2_2,Random Forest,淡白,1,57,舌中,0,0
tip_middle_root_1_2_2,Random Forest,淡白,1,57,舌右邊,0,0
tip_middle_root_1_2_2,Random Forest,淡白,1,57,舌尖,0,0
tip_middle_root_1_2_2,Random Forest,淡白,1,57,舌左邊,0,0
tip_middle_root_1_2_2,Random Forest,淡白,1,57,舌根,0,0
tip_middle_root_1_2_2,Random Forest,淡白,1,63,舌中,0,0
tip_middle_root_1_2_2,Random Forest,淡白,1,63,舌右邊,0,0
tip_middle_root_1_2_2,Random Forest,淡白,1,63,舌尖,0,0
tip_middle_root_1_2_2,Random Forest,淡白,1,63,舌左邊,0,0
tip_middle_root_1_2_2,Random Forest,淡白,1,63,舌根,0,0
tip_middle_root_1_2_2,Random Forest,淡白,1,65,舌中,0,0
tip_middle_root_1_2_2,Random Forest,淡白,1,65,舌右邊,0,0
tip_middle_root_1_2_2,Random Forest,淡白,1,65,舌尖,0,0
tip_middle_root_1_2_2,Random Forest,淡白,1,65,舌左邊,0,0
tip_middle_root_1_2_2,Random Forest,淡白,1,65,舌根,0,0
tip_middle_root_1_2_2,Random Forest,淡白,1,66,舌中,0,0
tip_middle_root_1_2_2,Random Forest,淡白,1,66,舌右邊,0,0
tip_middle_root_1_2_2,Random Forest,淡白,1,66,舌尖,0,0
tip_middle_root_1_2_2,Random Forest,淡白,1,66,舌左邊,0,0
tip_middle_root_1_2_2,Random Forest,淡白,1,66,舌根,0,0
tip_middle_root_1_2_2,Random Forest,淡白,1,68,舌中,0,0
tip_middle_root_1_2_2,Random Forest,淡白,1,68,舌右邊,0,0
tip_middle_root_1_2_2,Random Forest,淡白,1,68,舌尖,0,0
tip_middle_root_1_2_2,Random Forest,淡白,1,68,舌左邊,0,0
tip_middle_root_1_2_2,Random Forest,淡白,1,68,舌根,0,0
tip_middle_root_1_2_2,Random Forest,淡白,1,72,舌中,0,0
tip_middle_root_1_2_2,Random Forest,淡白,1,72,舌右邊,0,0
tip_middle_root_1_2_2,Random Forest,淡白,1,72,舌尖,0,0
tip_middle_root_1_2_2,Random Forest,淡白,1,72,舌左邊,0,0
tip_middle_root_1_2_2,Random Forest,淡白,1,72,舌根,0,0
tip_middle_root_1_2_2,Random Forest,淡白,1,79,舌中,0,0
tip_middle_root_1_2_2,Random Forest,淡白,1,79,舌右邊,0,0
tip_middle_root_1_2_2,Random Forest,淡白,1,79,舌尖,0,0
tip_middle_root_1_2_2,Random Forest,淡白,1,79,舌左邊,0,0
tip_middle_root_1_2_2,Random Forest,淡白,1,79,舌根,0,0
tip_middle_root_1_2_2,Random Forest,淡白,1,83,舌中,0,0
tip_middle_root_1_2_2,Random Forest,淡白,1,83,舌右邊,0,0
tip_middle_root_1_2_2,Random Forest,淡白,1,83,舌尖,0,0
tip_middle_root_1_2_2,Random Forest,淡白,1,83,舌左邊,0,0
tip_middle_root_1_2_2,Random Forest,淡白,1,83,舌根,0,0
tip_middle_root_1_2_2,Random Forest,淡白,1,89,舌中,0,0
tip_middle_root_1_2_2,Random Forest,淡白,1,89,舌右邊,0,0
tip_middle_root_1_2_2,Random Forest,淡白,1,89,舌尖,0,0
tip_middle_root_1_2_2,Random Forest,淡白,1,89,舌左邊,0,0
tip_middle_root_1_2_2,Random Forest,淡白,1,89,舌根,0,0
tip_middle_root_1_2_2,Random Forest,淡白,1,90,舌中,0,0
tip_middle_root_1_2_2,Random Forest,淡白,1,90,舌右邊,0,0
tip_middle_root_1_2_2,Random Forest,淡白,1,90,舌尖,0,0
tip_middle_root_1_2_2,Random Forest,淡白,1,90,舌左邊,0,0
tip_middle_root_1_2_2,Random Forest,淡白,1,90,舌根,0,0
tip_middle_root_1_2_2,Random Forest,淡白,1,94,舌中,0,0
tip_middle_root_1_2_2,Random Forest,淡白,1,94,舌右邊,0,0
tip_middle_root_1_2_2,Random Forest,淡白,1,94,舌尖,0,0
tip_middle_root_1_2_2,Random Forest,淡白,1,94,舌左邊,0,0
tip_middle_root_1_2_2,Random Forest,淡白,1,94,舌根,0,0
tip_middle_root_1_2_2,Random Forest,淡白,2,19,舌中,0,0
tip_middle_root_1_2_2,Random Forest,淡白,2,19,舌右邊,0,0
tip_middle_root_1_2_2,Random Forest,淡白,2,19,舌尖,0,0
tip_middle_root_1_2_2,Random Forest,淡白,2,19,舌左邊,0,0
tip_middle_root_1_2_2,Random Forest,淡白,2,19,舌根,0,0
tip_middle_root_1_2_2,Random Forest,淡白,2,22,舌中,0,0
tip_middle_root_1_2_2,Random Forest,淡白,2,22,舌右邊,0,0
tip_middle_root_1_2_2,Random Forest,淡白,2,22,舌尖,0,0
tip_middle_root_1_2_2,Random Forest,淡白,2,22,舌左邊,0,0
tip_middle_root_1_2_2,Random Forest,淡白,2,22,舌根,0,0
tip_middle_root_1_2_2,Random Forest,淡白,2,24,舌中,0,0
tip_middle_root_1_2_2,Random Forest,淡白,2,24,舌右邊,0,0
tip_middle_root_1_2_2,Random Forest,淡白,2,24,舌尖,0,0
tip_middle_root_1_2_2,Random Forest,淡白,2,24,舌左邊,0,0
tip_middle_root_1_2_2,Random Forest,淡白,2,24,舌根,0,0
tip_middle_root_1_2_2,Random Forest,淡白,2,26,舌中,0,0
tip_middle_root_1_2_2,Random Forest,淡白,2,26,舌右邊,0,0
tip_middle_root_1_2_2,Random Forest,淡白,2,26,舌尖,0,0
tip_middle_root_1_2_2,Random Forest,淡白,2,26,舌左邊,0,0
tip_middle_root_1_2_2,Random Forest,淡白,2,26,舌根,0,0
tip_middle_root_1_2_2,Random Forest,淡白,2,3,舌中,0,0
tip_middle_root_1_2_2,Random Forest,淡白,2,3,舌右邊,0,0
tip_middle_root_1_2_2,Random Forest,淡白,2,3,舌尖,0,0
tip_middle_root_1_2_2,Random Forest,淡白,2,3,舌左邊,0,0
tip_middle_root_1_2_2,Random Forest,淡白,2,3,舌根,0,0
tip_middle_root_1_2_2,Random Forest,淡白,2,46,舌中,0,1
tip_middle_root_1_2_2,Random Forest,淡白,2,46,舌右邊,0,0
tip_middle_root_1_2_2,Random Forest,淡白,2,46,舌尖,0,0
tip_middle_root_1_2_2,Random Forest,淡白,2,46,舌左邊,0,0
tip_middle_root_1_2_2,Random Forest,淡白,2,46,舌根,0,0
tip_middle_root_1_2_2,Random Forest,淡白,2,48,舌中,0,0
tip_middle_root_1_2_2,Random Forest,淡白,2,48,舌右邊,0,0
tip_middle_root_1_2_2,Random Forest,淡白,2,48,舌尖,0,0
tip_middle_root_1_2_2,Random Forest,淡白,2,48,舌左邊,0,0
tip_middle_root_1_2_2,Random Forest,淡白,2,48,舌根,0,0
tip_middle_root_1_2_2,Random Forest,淡白,2,52,舌中,0,1
tip_middle_root_1_2_2,Random Forest,淡白,2,52,舌右邊,0,0
tip_middle_root_1_2_2,Random Forest,淡白,2,52,舌尖,0,0
tip_middle_root_1_2_2,Random Forest,淡白,2,52,舌左邊,0,1
tip_middle_root_1_2_2,Random Forest,淡白,2,52,舌根,0,1
tip_middle_root_1_2_2,Random Forest,淡白,2,55,舌中,0,0
tip_middle_root_1_2_2,Random Forest,淡白,2,55,舌右邊,0,0
tip_middle_root_1_2_2,Random Forest,淡白,2,55,舌尖,0,0
tip_middle_root_1_2_2,Random Forest,淡白,2,55,舌左邊,0,0
tip_middle_root_1_2_2,Random Forest,淡白,2,55,舌根,0,0
tip_middle_root_1_2_2,Random Forest,淡白,2,56,舌中,0,0
tip_middle_root_1_2_2,Random Forest,淡白,2,56,舌右邊,0,0
tip_middle_root_1_2_2,Random Forest,淡白,2,56,舌尖,0,0
tip_middle_root_1_2_2,Random Forest,淡白,2,56,舌左邊,0,0
tip_middle_root_1_2_2,Random Forest,淡白,2,56,舌根,0,0
tip_middle_root_1_2_2,Random Forest,淡白,2,61,舌中,0,0
tip_middle_root_1_2_2,Random Forest,淡白,2,61,舌右邊,0,0
tip_middle_root_1_2_2,Random Forest,淡白,2,61,舌尖,0,0
tip_middle_root_1_2_2,Random Forest,淡白,2,61,舌左邊,0,0
tip_middle_root_1_2_2,Random Forest,淡白,2,61,舌根,0,0
tip_middle_root_1_2_2,Random Forest,淡白,2,67,舌中,0,0
tip_middle_root_1_2_2,Random Forest,淡白,2,67,舌右邊,0,0
tip_middle_root_1_2_2,Random Forest,淡白,2,67,舌尖,0,0
tip_middle_root_1_2_2,Random Forest,淡白,2,67,舌左邊,0,0
tip_middle_root_1_2_2,Random Forest,淡白,2,67,舌根,0,0
tip_middle_root_1_2_2,Random Forest,淡白,2,73,舌中,0,0
tip_middle_root_1_2_2,Random Forest,淡白,2,73,舌右邊,0,0
tip_middle_root_1_2_2,Random Forest,淡白,2,73,舌尖,0,0
tip_middle_root_1_2_2,Random Forest,淡白,2,73,舌左邊,0,0
tip_middle_root_1_2_2,Random Forest,淡白,2,73,舌根,0,0
tip_middle_root_1_2_2,Random Forest,淡白,2,76,舌中,0,0
tip_middle_root_1_2_2,Random Forest,淡白,2,76,舌右邊,0,0
tip_middle_root_1_2_2,Random Forest,淡白,2,76,舌尖,0,0
tip_middle_root_1_2_2,Random Forest,淡白,2,76,舌左邊,0,0
tip_middle_root_1_2_2,Random Forest,淡白,2,76,舌根,0,0
tip_middle_root_1_2_2,Random Forest,淡白,2,85,舌中,0,0
tip_middle_root_1_2_2,Random Forest,淡白,2,85,舌右邊,0,0
tip_middle_root_1_2_2,Random Forest,淡白,2,85,舌尖,0,0
tip_middle_root_1_2_2,Random Forest,淡白,2,85,舌左邊,0,0
tip_middle_root_1_2_2,Random Forest,淡白,2,85,舌根,0,0
tip_middle_root_1_2_2,Random Forest,淡白,2,88,舌中,0,0
tip_middle_root_1_2_2,Random Forest,淡白,2,88,舌右邊,0,0
tip_middle_root_1_2_2,Random Forest,淡白,2,88,舌尖,0,0
tip_middle_root_1_2_2,Random Forest,淡白,2,88,舌左邊,0,0
tip_middle_root_1_2_2,Random Forest,淡白,2,88,舌根,0,0
tip_middle_root_1_2_2,Random Forest,淡白,2,91,舌右邊,1,1
tip_middle_root_1_2_2,Random Forest,淡白,2,91,舌尖,1,0
tip_middle_root_1_2_2,Random Forest,淡白,2,91,舌左邊,1,0
tip_middle_root_1_2_2,Random Forest,淡白,2,92,舌中,0,0
tip_middle_root_1_2_2,Random Forest,淡白,2,92,舌右邊,0,0
tip_middle_root_1_2_2,Random Forest,淡白,2,92,舌尖,0,0
tip_middle_root_1_2_2,Random Forest,淡白,2,92,舌左邊,0,0
tip_middle_root_1_2_2,Random Forest,淡白,2,92,舌根,0,0
tip_middle_root_1_2_2,Random Forest,淡白,2,97,舌中,0,0
tip_middle_root_1_2_2,Random Forest,淡白,2,97,舌右邊,0,0
tip_middle_root_1_2_2,Random Forest,淡白,2,97,舌尖,0,0
tip_middle_root_1_2_2,Random Forest,淡白,2,97,舌左邊,0,0
tip_middle_root_1_2_2,Random Forest,淡白,2,97,舌根,0,0
tip_middle_root_1_2_2,Random Forest,淡白,3,1,舌中,0,0
tip_middle_root_1_2_2,Random Forest,淡白,3,1,舌右邊,0,0
tip_middle_root_1_2_2,Random Forest,淡白,3,1,舌尖,0,0
tip_middle_root_1_2_2,Random Forest,淡白,3,1,舌左邊,0,0
tip_middle_root_1_2_2,Random Forest,淡白,3,1,舌根,0,0
tip_middle_root_1_2_2,Random Forest,淡白,3,33,舌中,0,0
tip_middle_root_1_2_2,Random Forest,淡白,3,33,舌右邊,0,0
tip_middle_root_1_2_2,Random Forest,淡白,3,33,舌尖,0,0
tip_middle_root_1_2_2,Random Forest,淡白,3,33,舌左邊,0,0
tip_middle_root_1_2_2,Random Forest,淡白,3,33,舌根,0,0
tip_middle_root_1_2_2,Random Forest,淡白,3,35,舌中,0,0
tip_middle_root_1_2_2,Random Forest,淡白,3,35,舌右邊,0,0
tip_middle_root_1_2_2,Random Forest,淡白,3,35,舌尖,0,0
tip_middle_root_1_2_2,Random Forest,淡白,3,35,舌左邊,0,0
tip_middle_root_1_2_2,Random Forest,淡白,3,35,舌根,0,0
tip_middle_root_1_2_2,Random Forest,淡白,3,36,舌中,0,0
tip_middle_root_1_2_2,Random Forest,淡白,3,36,舌尖,0,0
tip_middle_root_1_2_2,Random Forest,淡白,3,36,舌根,0,0
tip_middle_root_1_2_2,Random Forest,淡白,3,39,舌中,0,0
tip_middle_root_1_2_2,Random Forest,淡白,3,39,舌右邊,0,0
tip_middle_root_1_2_2,Random Forest,淡白,3,39,舌尖,0,0
tip_middle_root_1_2_2,Random Forest,淡白,3,39,舌左邊,0,0
tip_middle_root_1_2_2,Random Forest,淡白,3,39,舌根,0,0
tip_middle_root_1_2_2,Random Forest,淡白,3,40,舌中,0,0
tip_middle_root_1_2_2,Random Forest,淡白,3,40,舌右邊,0,0
tip_middle_root_1_2_2,Random Forest,淡白,3,40,舌尖,0,0
tip_middle_root_1_2_2,Random Forest,淡白,3,40,舌左邊,0,0
tip_middle_root_1_2_2,Random Forest,淡白,3,40,舌根,0,0
tip_middle_root_1_2_2,Random Forest,淡白,3,44,舌中,0,0
tip_middle_root_1_2_2,Random Forest,淡白,3,44,舌右邊,0,0
tip_middle_root_1_2_2,Random Forest,淡白,3,44,舌尖,0,0
tip_middle_root_1_2_2,Random Forest,淡白,3,44,舌左邊,0,0
tip_middle_root_1_2_2,Random Forest,淡白,3,44,舌根,0,0
tip_middle_root_1_2_2,Random Forest,淡白,3,45,舌中,0,0
tip_middle_root_1_2_2,Random Forest,淡白,3,45,舌右邊,0,0
tip_middle_root_1_2_2,Random Forest,淡白,3,45,舌尖,0,0
tip_middle_root_1_2_2,Random Forest,淡白,3,45,舌左邊,0,0
tip_middle_root_1_2_2,Random Forest,淡白,3,45,舌根,0,0
tip_middle_root_1_2_2,Random Forest,淡白,3,5,舌左邊,1,0
tip_middle_root_1_2_2,Random Forest,淡白,3,60,舌中,0,0
tip_middle_root_1_2_2,Random Forest,淡白,3,60,舌右邊,0,0
tip_middle_root_1_2_2,Random Forest,淡白,3,60,舌尖,0,0
tip_middle_root_1_2_2,Random Forest,淡白,3,60,舌左邊,0,0
tip_middle_root_1_2_2,Random Forest,淡白,3,60,舌根,0,0
tip_middle_root_1_2_2,Random Forest,淡白,3,64,舌中,0,0
tip_middle_root_1_2_2,Random Forest,淡白,3,64,舌右邊,0,0
tip_middle_root_1_2_2,Random Forest,淡白,3,64,舌尖,0,0
tip_middle_root_1_2_2,Random Forest,淡白,3,64,舌左邊,0,0
tip_middle_root_1_2_2,Random Forest,淡白,3,64,舌根,0,0
tip_middle_root_1_2_2,Random Forest,淡白,3,69,舌中,0,0
tip_middle_root_1_2_2,Random Forest,淡白,3,69,舌右邊,0,0
tip_middle_root_1_2_2,Random Forest,淡白,3,69,舌尖,0,0
tip_middle_root_1_2_2,Random Forest,淡白,3,69,舌左邊,0,0
tip_middle_root_1_2_2,Random Forest,淡白,3,69,舌根,0,0
tip_middle_root_1_2_2,Random Forest,淡白,3,70,舌中,0,0
tip_middle_root_1_2_2,Random Forest,淡白,3,70,舌右邊,0,0
tip_middle_root_1_2_2,Random Forest,淡白,3,70,舌尖,0,0
tip_middle_root_1_2_2,Random Forest,淡白,3,70,舌左邊,0,0
tip_middle_root_1_2_2,Random Forest,淡白,3,70,舌根,0,0
tip_middle_root_1_2_2,Random Forest,淡白,3,77,舌中,0,0
tip_middle_root_1_2_2,Random Forest,淡白,3,77,舌右邊,0,0
tip_middle_root_1_2_2,Random Forest,淡白,3,77,舌尖,0,0
tip_middle_root_1_2_2,Random Forest,淡白,3,77,舌左邊,0,0
tip_middle_root_1_2_2,Random Forest,淡白,3,77,舌根,0,0
tip_middle_root_1_2_2,Random Forest,淡白,3,80,舌中,0,0
tip_middle_root_1_2_2,Random Forest,淡白,3,80,舌右邊,0,0
tip_middle_root_1_2_2,Random Forest,淡白,3,80,舌尖,0,0
tip_middle_root_1_2_2,Random Forest,淡白,3,80,舌左邊,0,0
tip_middle_root_1_2_2,Random Forest,淡白,3,80,舌根,0,0
tip_middle_root_1_2_2,Random Forest,淡白,3,82,舌中,0,0
tip_middle_root_1_2_2,Random Forest,淡白,3,82,舌右邊,0,0
tip_middle_root_1_2_2,Random Forest,淡白,3,82,舌尖,0,0
tip_middle_root_1_2_2,Random Forest,淡白,3,82,舌左邊,0,0
tip_middle_root_1_2_2,Random Forest,淡白,3,82,舌根,0,0
tip_middle_root_1_2_2,Random Forest,淡白,3,84,舌中,0,0
tip_middle_root_1_2_2,Random Forest,淡白,3,84,舌尖,0,0
tip_middle_root_1_2_2,Random Forest,淡白,3,84,舌左邊,0,0
tip_middle_root_1_2_2,Random Forest,淡白,3,84,舌根,0,0
tip_middle_root_1_2_2,Random Forest,淡白,3,93,舌中,0,0
tip_middle_root_1_2_2,Random Forest,淡白,3,93,舌右邊,0,0
tip_middle_root_1_2_2,Random Forest,淡白,3,93,舌尖,0,0
tip_middle_root_1_2_2,Random Forest,淡白,3,93,舌左邊,0,0
tip_middle_root_1_2_2,Random Forest,淡白,3,93,舌根,0,0
tip_middle_root_1_2_2,Random Forest,淡白,3,96,舌中,0,0
tip_middle_root_1_2_2,Random Forest,淡白,3,96,舌右邊,0,0
tip_middle_root_1_2_2,Random Forest,淡白,3,96,舌尖,0,0
tip_middle_root_1_2_2,Random Forest,淡白,3,96,舌左邊,0,0
tip_middle_root_1_2_2,Random Forest,淡白,3,96,舌根,0,0
tip_middle_root_1_2_2,Random Forest,淡白,3,9,舌中,0,1
tip_middle_root_1_2_2,Random Forest,淡白,3,9,舌右邊,0,0
tip_middle_root_1_2_2,Random Forest,淡白,3,9,舌尖,0,0
tip_middle_root_1_2_2,Random Forest,淡白,3,9,舌左邊,0,0
tip_middle_root_1_2_2,Random Forest,淡白,3,9,舌根,0,0
tip_middle_root_1_2_2,Random Forest,淡白,4,10,舌中,0,0
tip_middle_root_1_2_2,Random Forest,淡白,4,10,舌右邊,0,0
tip_middle_root_1_2_2,Random Forest,淡白,4,10,舌尖,0,0
tip_middle_root_1_2_2,Random Forest,淡白,4,10,舌左邊,0,0
tip_middle_root_1_2_2,Random Forest,淡白,4,10,舌根,0,0
tip_middle_root_1_2_2,Random Forest,淡白,4,12,舌中,0,0
tip_middle_root_1_2_2,Random Forest,淡白,4,12,舌右邊,0,0
tip_middle_root_1_2_2,Random Forest,淡白,4,12,舌尖,0,0
tip_middle_root_1_2_2,Random Forest,淡白,4,12,舌左邊,0,0
tip_middle_root_1_2_2,Random Forest,淡白,4,12,舌根,0,0
tip_middle_root_1_2_2,Random Forest,淡白,4,13,舌右邊,0,0
tip_middle_root_1_2_2,Random Forest,淡白,4,13,舌尖,0,0
tip_middle_root_1_2_2,Random Forest,淡白,4,13,舌左邊,0,0
tip_middle_root_1_2_2,Random Forest,淡白,4,15,舌中,0,1
tip_middle_root_1_2_2,Random Forest,淡白,4,15,舌右邊,0,0
tip_middle_root_1_2_2,Random Forest,淡白,4,15,舌尖,0,0
tip_middle_root_1_2_2,Random Forest,淡白,4,15,舌左邊,0,0
tip_middle_root_1_2_2,Random Forest,淡白,4,15,舌根,0,0
tip_middle_root_1_2_2,Random Forest,淡白,4,16,舌中,1,0
tip_middle_root_1_2_2,Random Forest,淡白,4,16,舌右邊,1,0
tip_middle_root_1_2_2,Random Forest,淡白,4,16,舌尖,1,1
tip_middle_root_1_2_2,Random Forest,淡白,4,16,舌左邊,1,1
tip_middle_root_1_2_2,Random Forest,淡白,4,16,舌根,1,0
tip_middle_root_1_2_2,Random Forest,淡白,4,20,舌中,0,0
tip_middle_root_1_2_2,Random Forest,淡白,4,20,舌尖,0,0
tip_middle_root_1_2_2,Random Forest,淡白,4,20,舌根,0,0
tip_middle_root_1_2_2,Random Forest,淡白,4,21,舌中,0,0
tip_middle_root_1_2_2,Random Forest,淡白,4,21,舌右邊,0,0
tip_middle_root_1_2_2,Random Forest,淡白,4,21,舌尖,0,0
tip_middle_root_1_2_2,Random Forest,淡白,4,21,舌左邊,0,0
tip_middle_root_1_2_2,Random Forest,淡白,4,21,舌根,0,0
tip_middle_root_1_2_2,Random Forest,淡白,4,25,舌中,0,0
tip_middle_root_1_2_2,Random Forest,淡白,4,25,舌右邊,0,0
tip_middle_root_1_2_2,Random Forest,淡白,4,25,舌尖,0,0
tip_middle_root_1_2_2,Random Forest,淡白,4,25,舌左邊,0,0
tip_middle_root_1_2_2,Random Forest,淡白,4,25,舌根,0,0
tip_middle_root_1_2_2,Random Forest,淡白,4,32,舌中,0,0
tip_middle_root_1_2_2,Random Forest,淡白,4,32,舌右邊,0,0
tip_middle_root_1_2_2,Random Forest,淡白,4,32,舌尖,0,0
tip_middle_root_1_2_2,Random Forest,淡白,4,32,舌左邊,0,0
tip_middle_root_1_2_2,Random Forest,淡白,4,32,舌根,0,0
tip_middle_root_1_2_2,Random Forest,淡白,4,38,舌中,0,0
tip_middle_root_1_2_2,Random Forest,淡白,4,38,舌右邊,0,0
tip_middle_root_1_2_2,Random Forest,淡白,4,38,舌尖,0,0
tip_middle_root_1_2_2,Random Forest,淡白,4,38,舌左邊,0,0
tip_middle_root_1_2_2,Random Forest,淡白,4,38,舌根,0,0
tip_middle_root_1_2_2,Random Forest,淡白,4,4,舌中,0,0
tip_middle_root_1_2_2,Random Forest,淡白,4,4,舌右邊,0,0
tip_middle_root_1_2_2,Random Forest,淡白,4,4,舌尖,0,0
tip_middle_root_1_2_2,Random Forest,淡白,4,4,舌左邊,0,0
tip_middle_root_1_2_2,Random Forest,淡白,4,4,舌根,0,0
tip_middle_root_1_2_2,Random Forest,淡白,4,50,舌中,0,0
tip_middle_root_1_2_2,Random Forest,淡白,4,50,舌右邊,0,1
tip_middle_root_1_2_2,Random Forest,淡白,4,50,舌尖,0,0
tip_middle_root_1_2_2,Random Forest,淡白,4,50,舌左邊,0,0
tip_middle_root_1_2_2,Random Forest,淡白,4,50,舌根,0,0
tip_middle_root_1_2_2,Random Forest,淡白,4,54,舌中,0,0
tip_middle_root_1_2_2,Random Forest,淡白,4,54,舌右邊,0,0
tip_middle_root_1_2_2,Random Forest,淡白,4,54,舌尖,0,0
tip_middle_root_1_2_2,Random Forest,淡白,4,54,舌左邊,0,0
tip_middle_root_1_2_2,Random Forest,淡白,4,54,舌根,0,0
tip_middle_root_1_2_2,Random Forest,淡白,4,59,舌中,0,0
tip_middle_root_1_2_2,Random Forest,淡白,4,59,舌右邊,0,0
tip_middle_root_1_2_2,Random Forest,淡白,4,59,舌尖,0,0
tip_middle_root_1_2_2,Random Forest,淡白,4,59,舌左邊,0,1
tip_middle_root_1_2_2,Random Forest,淡白,4,59,舌根,0,0
tip_middle_root_1_2_2,Random Forest,淡白,4,62,舌中,0,0
tip_middle_root_1_2_2,Random Forest,淡白,4,62,舌右邊,0,0
tip_middle_root_1_2_2,Random Forest,淡白,4,62,舌尖,0,0
tip_middle_root_1_2_2,Random Forest,淡白,4,62,舌左邊,0,0
tip_middle_root_1_2_2,Random Forest,淡白,4,62,舌根,0,0
tip_middle_root_1_2_2,Random Forest,淡白,4,71,舌中,0,0
tip_middle_root_1_2_2,Random Forest,淡白,4,71,舌右邊,0,0
tip_middle_root_1_2_2,Random Forest,淡白,4,71,舌尖,0,0
tip_middle_root_1_2_2,Random Forest,淡白,4,71,舌左邊,0,0
tip_middle_root_1_2_2,Random Forest,淡白,4,71,舌根,0,0
tip_middle_root_1_2_2,Random Forest,淡白,4,78,舌中,0,0
tip_middle_root_1_2_2,Random Forest,淡白,4,78,舌右邊,0,0
tip_middle_root_1_2_2,Random Forest,淡白,4,78,舌尖,0,0
tip_middle_root_1_2_2,Random Forest,淡白,4,78,舌左邊,0,0
tip_middle_root_1_2_2,Random Forest,淡白,4,78,舌根,0,0
tip_middle_root_1_2_2,Random Forest,淡白,4,81,舌中,0,0
tip_middle_root_1_2_2,Random Forest,淡白,4,81,舌右邊,0,0
tip_middle_root_1_2_2,Random Forest,淡白,4,81,舌尖,0,0
tip_middle_root_1_2_2,Random Forest,淡白,4,81,舌左邊,0,0
tip_middle_root_1_2_2,Random Forest,淡白,4,81,舌根,0,0
tip_middle_root_1_2_2,Random Forest,淡白,4,95,舌中,0,0
tip_middle_root_1_2_2,Random Forest,淡白,4,95,舌右邊,0,0
tip_middle_root_1_2_2,Random Forest,淡白,4,95,舌尖,0,0
tip_middle_root_1_2_2,Random Forest,淡白,4,95,舌左邊,0,0
tip_middle_root_1_2_2,Random Forest,淡白,4,95,舌根,0,0
tip_middle_root_1_2_2,Random Forest,淡白,4,98,舌中,0,0
tip_middle_root_1_2_2,Random Forest,淡白,4,98,舌右邊,0,0
tip_middle_root_1_2_2,Random Forest,淡白,4,98,舌尖,0,0
tip_middle_root_1_2_2,Random Forest,淡白,4,98,舌左邊,0,0
tip_middle_root_1_2_2,Random Forest,淡白,4,98,舌根,0,0
tip_middle_root_1_2_2,Random Forest,淡白,5,100,舌中,0,0
tip_middle_root_1_2_2,Random Forest,淡白,5,100,舌右邊,0,0
tip_middle_root_1_2_2,Random Forest,淡白,5,100,舌尖,0,0
tip_middle_root_1_2_2,Random Forest,淡白,5,100,舌左邊,0,0
tip_middle_root_1_2_2,Random Forest,淡白,5,100,舌根,0,0
tip_middle_root_1_2_2,Random Forest,淡白,5,14,舌中,0,0
tip_middle_root_1_2_2,Random Forest,淡白,5,14,舌右邊,0,0
tip_middle_root_1_2_2,Random Forest,淡白,5,14,舌左邊,0,0
tip_middle_root_1_2_2,Random Forest,淡白,5,14,舌根,0,0
tip_middle_root_1_2_2,Random Forest,淡白,5,17,舌中,0,0
tip_middle_root_1_2_2,Random Forest,淡白,5,17,舌右邊,0,0
tip_middle_root_1_2_2,Random Forest,淡白,5,17,舌尖,0,0
tip_middle_root_1_2_2,Random Forest,淡白,5,17,舌左邊,0,0
tip_middle_root_1_2_2,Random Forest,淡白,5,17,舌根,0,0
tip_middle_root_1_2_2,Random Forest,淡白,5,18,舌中,0,0
tip_middle_root_1_2_2,Random Forest,淡白,5,18,舌右邊,0,0
tip_middle_root_1_2_2,Random Forest,淡白,5,18,舌尖,0,0
tip_middle_root_1_2_2,Random Forest,淡白,5,18,舌左邊,0,0
tip_middle_root_1_2_2,Random Forest,淡白,5,18,舌根,0,0
tip_middle_root_1_2_2,Random Forest,淡白,5,27,舌中,0,0
tip_middle_root_1_2_2,Random Forest,淡白,5,27,舌根,0,0
tip_middle_root_1_2_2,Random Forest,淡白,5,29,舌中,0,0
tip_middle_root_1_2_2,Random Forest,淡白,5,29,舌右邊,0,0
tip_middle_root_1_2_2,Random Forest,淡白,5,29,舌尖,0,0
tip_middle_root_1_2_2,Random Forest,淡白,5,29,舌左邊,0,0
tip_middle_root_1_2_2,Random Forest,淡白,5,29,舌根,0,0
tip_middle_root_1_2_2,Random Forest,淡白,5,31,舌中,0,0
tip_middle_root_1_2_2,Random Forest,淡白,5,31,舌右邊,0,0
tip_middle_root_1_2_2,Random Forest,淡白,5,31,舌尖,0,0
tip_middle_root_1_2_2,Random Forest,淡白,5,31,舌左邊,0,0
tip_middle_root_1_2_2,Random Forest,淡白,5,31,舌根,0,0
tip_middle_root_1_2_2,Random Forest,淡白,5,37,舌中,0,0
tip_middle_root_1_2_2,Random Forest,淡白,5,37,舌右邊,0,0
tip_middle_root_1_2_2,Random Forest,淡白,5,37,舌尖,0,0
tip_middle_root_1_2_2,Random Forest,淡白,5,37,舌左邊,0,0
tip_middle_root_1_2_2,Random Forest,淡白,5,37,舌根,0,0
tip_middle_root_1_2_2,Random Forest,淡白,5,41,舌中,0,0
tip_middle_root_1_2_2,Random Forest,淡白,5,41,舌右邊,0,0
tip_middle_root_1_2_2,Random Forest,淡白,5,41,舌尖,0,0
tip_middle_root_1_2_2,Random Forest,淡白,5,41,舌左邊,0,0
tip_middle_root_1_2_2,Random Forest,淡白,5,41,舌根,0,0
tip_middle_root_1_2_2,Random Forest,淡白,5,43,舌中,0,0
tip_middle_root_1_2_2,Random Forest,淡白,5,43,舌右邊,0,0
tip_middle_root_1_2_2,Random Forest,淡白,5,43,舌尖,0,0
tip_middle_root_1_2_2,Random Forest,淡白,5,43,舌左邊,0,0
tip_middle_root_1_2_2,Random Forest,淡白,5,43,舌根,0,0
tip_middle_root_1_2_2,Random Forest,淡白,5,47,舌中,0,0
tip_middle_root_1_2_2,Random Forest,淡白,5,47,舌右邊,0,0
tip_middle_root_1_2_2,Random Forest,淡白,5,47,舌尖,0,0
tip_middle_root_1_2_2,Random Forest,淡白,5,47,舌左邊,0,0
tip_middle_root_1_2_2,Random Forest,淡白,5,47,舌根,0,0
tip_middle_root_1_2_2,Random Forest,淡白,5,51,舌中,0,0
tip_middle_root_1_2_2,Random Forest,淡白,5,51,舌右邊,0,0
tip_middle_root_1_2_2,Random Forest,淡白,5,51,舌尖,0,0
tip_middle_root_1_2_2,Random Forest,淡白,5,51,舌左邊,0,0
tip_middle_root_1_2_2,Random Forest,淡白,5,51,舌根,0,0
tip_middle_root_1_2_2,Random Forest,淡白,5,58,舌中,1,0
tip_middle_root_1_2_2,Random Forest,淡白,5,58,舌右邊,1,0
tip_middle_root_1_2_2,Random Forest,淡白,5,58,舌左邊,1,0
tip_middle_root_1_2_2,Random Forest,淡白,5,58,舌根,1,0
tip_middle_root_1_2_2,Random Forest,淡白,5,6,舌中,0,0
tip_middle_root_1_2_2,Random Forest,淡白,5,6,舌右邊,0,0
tip_middle_root_1_2_2,Random Forest,淡白,5,6,舌尖,0,0
tip_middle_root_1_2_2,Random Forest,淡白,5,6,舌左邊,0,0
tip_middle_root_1_2_2,Random Forest,淡白,5,6,舌根,0,0
tip_middle_root_1_2_2,Random Forest,淡白,5,74,舌中,0,0
tip_middle_root_1_2_2,Random Forest,淡白,5,74,舌右邊,0,0
tip_middle_root_1_2_2,Random Forest,淡白,5,74,舌尖,0,0
tip_middle_root_1_2_2,Random Forest,淡白,5,74,舌左邊,0,0
tip_middle_root_1_2_2,Random Forest,淡白,5,74,舌根,0,0
tip_middle_root_1_2_2,Random Forest,淡白,5,75,舌中,0,0
tip_middle_root_1_2_2,Random Forest,淡白,5,75,舌右邊,0,0
tip_middle_root_1_2_2,Random Forest,淡白,5,75,舌尖,0,0
tip_middle_root_1_2_2,Random Forest,淡白,5,75,舌左邊,0,0
tip_middle_root_1_2_2,Random Forest,淡白,5,75,舌根,0,0
tip_middle_root_1_2_2,Random Forest,淡白,5,86,舌中,0,0
tip_middle_root_1_2_2,Random Forest,淡白,5,86,舌右邊,0,0
tip_middle_root_1_2_2,Random Forest,淡白,5,86,舌尖,0,0
tip_middle_root_1_2_2,Random Forest,淡白,5,86,舌左邊,0,0
tip_middle_root_1_2_2,Random Forest,淡白,5,86,舌根,0,0
tip_middle_root_1_2_2,Random Forest,淡白,5,87,舌中,0,0
tip_middle_root_1_2_2,Random Forest,淡白,5,87,舌右邊,0,0
tip_middle_root_1_2_2,Random Forest,淡白,5,87,舌尖,0,0
tip_middle_root_1_2_2,Random Forest,淡白,5,87,舌左邊,0,0
tip_middle_root_1_2_2,Random Forest,淡白,5,87,舌根,0,0
tip_middle_root_1_2_2,Random Forest,淡白,5,8,舌中,0,1
tip_middle_root_1_2_2,Random Forest,淡白,5,8,舌右邊,0,0
tip_middle_root_1_2_2,Random Forest,淡白,5,8,舌尖,0,0
tip_middle_root_1_2_2,Random Forest,淡白,5,8,舌左邊,0,0
tip_middle_root_1_2_2,Random Forest,淡白,5,8,舌根,0,0
tip_middle_root_1_2_2,Random Forest,淡白,5,99,舌中,0,0
tip_middle_root_1_2_2,Random Forest,淡白,5,99,舌右邊,0,0
tip_middle_root_1_2_2,Random Forest,淡白,5,99,舌尖,0,0
tip_middle_root_1_2_2,Random Forest,淡白,5,99,舌左邊,0,0
tip_middle_root_1_2_2,Random Forest,淡白,5,99,舌根,0,0
tip_middle_root_1_3_1,SVM,淡白,1,11,舌中,0,0
tip_middle_root_1_3_1,SVM,淡白,1,11,舌右邊,0,0
tip_middle_root_1_3_1,SVM,淡白,1,11,舌尖,0,0
tip_middle_root_1_3_1,SVM,淡白,1,11,舌左邊,0,0
tip_middle_root_1_3_1,SVM,淡白,1,11,舌根,0,0
tip_middle_root_1_3_1,SVM,淡白,1,23,舌中,0,1
tip_middle_root_1_3_1,SVM,淡白,1,23,舌右邊,0,1
tip_middle_root_1_3_1,SVM,淡白,1,23,舌尖,0,1
tip_middle_root_1_3_1,SVM,淡白,1,23,舌左邊,0,1
tip_middle_root_1_3_1,SVM,淡白,1,23,舌根,0,0
tip_middle_root_1_3_1,SVM,淡白,1,28,舌中,1,1
tip_middle_root_1_3_1,SVM,淡白,1,28,舌右邊,1,1
tip_middle_root_1_3_1,SVM,淡白,1,28,舌尖,0,1
tip_middle_root_1_3_1,SVM,淡白,1,28,舌左邊,1,1
tip_middle_root_1_3_1,SVM,淡白,1,28,舌根,1,0
tip_middle_root_1_3_1,SVM,淡白,1,2,舌中,0,0
tip_middle_root_1_3_1,SVM,淡白,1,2,舌右邊,0,0
tip_middle_root_1_3_1,SVM,淡白,1,2,舌尖,0,0
tip_middle_root_1_3_1,SVM,淡白,1,2,舌左邊,0,0
tip_middle_root_1_3_1,SVM,淡白,1,2,舌根,0,0
tip_middle_root_1_3_1,SVM,淡白,1,34,舌中,0,0
tip_middle_root_1_3_1,SVM,淡白,1,34,舌右邊,0,0
tip_middle_root_1_3_1,SVM,淡白,1,34,舌尖,0,0
tip_middle_root_1_3_1,SVM,淡白,1,34,舌左邊,0,0
tip_middle_root_1_3_1,SVM,淡白,1,34,舌根,0,0
tip_middle_root_1_3_1,SVM,淡白,1,42,舌中,0,0
tip_middle_root_1_3_1,SVM,淡白,1,42,舌右邊,0,0
tip_middle_root_1_3_1,SVM,淡白,1,42,舌尖,0,0
tip_middle_root_1_3_1,SVM,淡白,1,42,舌左邊,0,0
tip_middle_root_1_3_1,SVM,淡白,1,42,舌根,0,0
tip_middle_root_1_3_1,SVM,淡白,1,49,舌中,0,0
tip_middle_root_1_3_1,SVM,淡白,1,49,舌右邊,0,0
tip_middle_root_1_3_1,SVM,淡白,1,49,舌尖,0,0
tip_middle_root_1_3_1,SVM,淡白,1,49,舌左邊,0,0
tip_middle_root_1_3_1,SVM,淡白,1,49,舌根,0,0
tip_middle_root_1_3_1,SVM,淡白,1,53,舌中,0,1
tip_middle_root_1_3_1,SVM,淡白,1,53,舌右邊,0,0
tip_middle_root_1_3_1,SVM,淡白,1,53,舌尖,0,0
tip_middle_root_1_3_1,SVM,淡白,1,53,舌左邊,0,0
tip_middle_root_1_3_1,SVM,淡白,1,53,舌根,0,0
tip_middle_root_1_3_1,SVM,淡白,1,57,舌中,0,0
tip_middle_root_1_3_1,SVM,淡白,1,57,舌右邊,0,0
tip_middle_root_1_3_1,SVM,淡白,1,57,舌尖,0,0
tip_middle_root_1_3_1,SVM,淡白,1,57,舌左邊,0,1
tip_middle_root_1_3_1,SVM,淡白,1,57,舌根,0,0
tip_middle_root_1_3_1,SVM,淡白,1,63,舌中,0,0
tip_middle_root_1_3_1,SVM,淡白,1,63,舌右邊,0,0
tip_middle_root_1_3_1,SVM,淡白,1,63,舌尖,0,0
tip_middle_root_1_3_1,SVM,淡白,1,63,舌左邊,0,0
tip_middle_root_1_3_1,SVM,淡白,1,63,舌根,0,0
tip_middle_root_1_3_1,SVM,淡白,1,65,舌中,0,0
tip_middle_root_1_3_1,SVM,淡白,1,65,舌右邊,0,0
tip_middle_root_1_3_1,SVM,淡白,1,65,舌尖,0,0
tip_middle_root_1_3_1,SVM,淡白,1,65,舌左邊,0,0
tip_middle_root_1_3_1,SVM,淡白,1,65,舌根,0,0
tip_middle_root_1_3_1,SVM,淡白,1,66,舌中,0,0
tip_middle_root_1_3_1,SVM,淡白,1,66,舌右邊,0,0
tip_middle_root_1_3_1,SVM,淡白,1,66,舌尖,0,0
tip_middle_root_1_3_1,SVM,淡白,1,66,舌左邊,0,0
tip_middle_root_1_3_1,SVM,淡白,1,66,舌根,0,0
tip_middle_root_1_3_1,SVM,淡白,1,68,舌中,0,0
tip_middle_root_1_3_1,SVM,淡白,1,68,舌右邊,0,0
tip_middle_root_1_3_1,SVM,淡白,1,68,舌尖,0,0
tip_middle_root_1_3_1,SVM,淡白,1,68,舌左邊,0,0
tip_middle_root_1_3_1,SVM,淡白,1,68,舌根,0,0
tip_middle_root_1_3_1,SVM,淡白,1,72,舌中,0,0
tip_middle_root_1_3_1,SVM,淡白,1,72,舌右邊,0,0
tip_middle_root_1_3_1,SVM,淡白,1,72,舌尖,0,0
tip_middle_root_1_3_1,SVM,淡白,1,72,舌左邊,0,0
tip_middle_root_1_3_1,SVM,淡白,1,72,舌根,0,0
tip_middle_root_1_3_1,SVM,淡白,1,79,舌中,0,0
tip_middle_root_1_3_1,SVM,淡白,1,79,舌右邊,0,0
tip_middle_root_1_3_1,SVM,淡白,1,79,舌尖,0,0
tip_middle_root_1_3_1,SVM,淡白,1,79,舌左邊,0,0
tip_middle_root_1_3_1,SVM,淡白,1,79,舌根,0,0
tip_middle_root_1_3_1,SVM,淡白,1,83,舌中,0,0
tip_middle_root_1_3_1,SVM,淡白,1,83,舌右邊,0,0
tip_middle_root_1_3_1,SVM,淡白,1,83,舌尖,0,0
tip_middle_root_1_3_1,SVM,淡白,1,83,舌左邊,0,0
tip_middle_root_1_3_1,SVM,淡白,1,83,舌根,0,0
tip_middle_root_1_3_1,SVM,淡白,1,89,舌中,0,0
tip_middle_root_1_3_1,SVM,淡白,1,89,舌右邊,0,0
tip_middle_root_1_3_1,SVM,淡白,1,89,舌尖,0,0
tip_middle_root_1_3_1,SVM,淡白,1,89,舌左邊,0,0
tip_middle_root_1_3_1,SVM,淡白,1,89,舌根,0,0
tip_middle_root_1_3_1,SVM,淡白,1,90,舌中,0,0
tip_middle_root_1_3_1,SVM,淡白,1,90,舌右邊,0,0
tip_middle_root_1_3_1,SVM,淡白,1,90,舌尖,0,0
tip_middle_root_1_3_1,SVM,淡白,1,90,舌左邊,0,0
tip_middle_root_1_3_1,SVM,淡白,1,90,舌根,0,0
tip_middle_root_1_3_1,SVM,淡白,1,94,舌中,0,1
tip_middle_root_1_3_1,SVM,淡白,1,94,舌右邊,0,0
tip_middle_root_1_3_1,SVM,淡白,1,94,舌尖,0,0
tip_middle_root_1_3_1,SVM,淡白,1,94,舌左邊,0,0
tip_middle_root_1_3_1,SVM,淡白,1,94,舌根,0,0
tip_middle_root_1_3_1,SVM,淡白,2,19,舌中,0,1
tip_middle_root_1_3_1,SVM,淡白,2,19,舌右邊,0,1
tip_middle_root_1_3_1,SVM,淡白,2,19,舌尖,0,1
tip_middle_root_1_3_1,SVM,淡白,2,19,舌左邊,0,1
tip_middle_root_1_3_1,SVM,淡白,2,19,舌根,0,1
tip_middle_root_1_3_1,SVM,淡白,2,22,舌中,0,0
tip_middle_root_1_3_1,SVM,淡白,2,22,舌右邊,0,0
tip_middle_root_1_3_1,SVM,淡白,2,22,舌尖,0,0
tip_middle_root_1_3_1,SVM,淡白,2,22,舌左邊,0,0
tip_middle_root_1_3_1,SVM,淡白,2,22,舌根,0,1
tip_middle_root_1_3_1,SVM,淡白,2,24,舌中,0,0
tip_middle_root_1_3_1,SVM,淡白,2,24,舌右邊,0,0
tip_middle_root_1_3_1,SVM,淡白,2,24,舌尖,0,1
tip_middle_root_1_3_1,SVM,淡白,2,24,舌左邊,0,1
tip_middle_root_1_3_1,SVM,淡白,2,24,舌根,0,0
tip_middle_root_1_3_1,SVM,淡白,2,26,舌中,0,0
tip_middle_root_1_3_1,SVM,淡白,2,26,舌右邊,0,0
tip_middle_root_1_3_1,SVM,淡白,2,26,舌尖,0,0
tip_middle_root_1_3_1,SVM,淡白,2,26,舌左邊,0,0
tip_middle_root_1_3_1,SVM,淡白,2,26,舌根,0,0
tip_middle_root_1_3_1,SVM,淡白,2,3,舌中,0,0
tip_middle_root_1_3_1,SVM,淡白,2,3,舌右邊,0,0
tip_middle_root_1_3_1,SVM,淡白,2,3,舌尖,0,0
tip_middle_root_1_3_1,SVM,淡白,2,3,舌左邊,0,0
tip_middle_root_1_3_1,SVM,淡白,2,3,舌根,0,0
tip_middle_root_1_3_1,SVM,淡白,2,46,舌中,0,1
tip_middle_root_1_3_1,SVM,淡白,2,46,舌右邊,0,0
tip_middle_root_1_3_1,SVM,淡白,2,46,舌尖,0,0
tip_middle_root_1_3_1,SVM,淡白,2,46,舌左邊,0,1
tip_middle_root_1_3_1,SVM,淡白,2,46,舌根,0,1
tip_middle_root_1_3_1,SVM,淡白,2,48,舌中,0,1
tip_middle_root_1_3_1,SVM,淡白,2,48,舌右邊,0,0
tip_middle_root_1_3_1,SVM,淡白,2,48,舌尖,0,0
tip_middle_root_1_3_1,SVM,淡白,2,48,舌左邊,0,0
tip_middle_root_1_3_1,SVM,淡白,2,48,舌根,0,0
tip_middle_root_1_3_1,SVM,淡白,2,52,舌中,0,1
tip_middle_root_1_3_1,SVM,淡白,2,52,舌右邊,0,1
tip_middle_root_1_3_1,SVM,淡白,2,52,舌尖,0,1
tip_middle_root_1_3_1,SVM,淡白,2,52,舌左邊,0,1
tip_middle_root_1_3_1,SVM,淡白,2,52,舌根,0,1
tip_middle_root_1_3_1,SVM,淡白,2,55,舌中,0,0
tip_middle_root_1_3_1,SVM,淡白,2,55,舌右邊,0,0
tip_middle_root_1_3_1,SVM,淡白,2,55,舌尖,0,0
tip_middle_root_1_3_1,SVM,淡白,2,55,舌左邊,0,0
tip_middle_root_1_3_1,SVM,淡白,2,55,舌根,0,0
tip_middle_root_1_3_1,SVM,淡白,2,56,舌中,0,0
tip_middle_root_1_3_1,SVM,淡白,2,56,舌右邊,0,0
tip_middle_root_1_3_1,SVM,淡白,2,56,舌尖,0,0
tip_middle_root_1_3_1,SVM,淡白,2,56,舌左邊,0,1
tip_middle_root_1_3_1,SVM,淡白,2,56,舌根,0,0
tip_middle_root_1_3_1,SVM,淡白,2,61,舌中,0,0
tip_middle_root_1_3_1,SVM,淡白,2,61,舌右邊,0,0
tip_middle_root_1_3_1,SVM,淡白,2,61,舌尖,0,0
tip_middle_root_1_3_1,SVM,淡白,2,61,舌左邊,0,0
tip_middle_root_1_3_1,SVM,淡白,2,61,舌根,0,0
tip_middle_root_1_3_1,SVM,淡白,2,67,舌中,0,0
tip_middle_root_1_3_1,SVM,淡白,2,67,舌右邊,0,0
tip_middle_root_1_3_1,SVM,淡白,2,67,舌尖,0,0
tip_middle_root_1_3_1,SVM,淡白,2,67,舌左邊,0,0
tip_middle_root_1_3_1,SVM,淡白,2,67,舌根,0,0
tip_middle_root_1_3_1,SVM,淡白,2,73,舌中,0,0
tip_middle_root_1_3_1,SVM,淡白,2,73,舌右邊,0,0
tip_middle_root_1_3_1,SVM,淡白,2,73,舌尖,0,0
tip_middle_root_1_3_1,SVM,淡白,2,73,舌左邊,0,0
tip_middle_root_1_3_1,SVM,淡白,2,73,舌根,0,0
tip_middle_root_1_3_1,SVM,淡白,2,76,舌中,0,0
tip_middle_root_1_3_1,SVM,淡白,2,76,舌右邊,0,0
tip_middle_root_1_3_1,SVM,淡白,2,76,舌尖,0,0
tip_middle_root_1_3_1,SVM,淡白,2,76,舌左邊,0,0
tip_middle_root_1_3_1,SVM,淡白,2,76,舌根,0,0
tip_middle_root_1_3_1,SVM,淡白,2,85,舌中,0,0
tip_middle_root_1_3_1,SVM,淡白,2,85,舌右邊,0,0
tip_middle_root_1_3_1,SVM,淡白,2,85,舌尖,0,0
tip_middle_root_1_3_1,SVM,淡白,2,85,舌左邊,0,0
tip_middle_root_1_3_1,SVM,淡白,2,85,舌根,0,0
tip_middle_root_1_3_1,SVM,淡白,2,88,舌中,0,1
tip_middle_root_1_3_1,SVM,淡白,2,88,舌右邊,0,0
tip_middle_root_1_3_1,SVM,淡白,2,88,舌尖,0,0
tip_middle_root_1_3_1,SVM,淡白,2,88,舌左邊,0,0
tip_middle_root_1_3_1,SVM,淡白,2,88,舌根,0,0
tip_middle_root_1_3_1,SVM,淡白,2,91,舌右邊,1,1
tip_middle_root_1_3_1,SVM,淡白,2,91,舌尖,1,1
tip_middle_root_1_3_1,SVM,淡白,2,91,舌左邊,1,1
tip_middle_root_1_3_1,SVM,淡白,2,92,舌中,0,0
tip_middle_root_1_3_1,SVM,淡白,2,92,舌右邊,0,0
tip_middle_root_1_3_1,SVM,淡白,2,92,舌尖,0,0
tip_middle_root_1_3_1,SVM,淡白,2,92,舌左邊,0,0
tip_middle_root_1_3_1,SVM,淡白,2,92,舌根,0,0
tip_middle_root_1_3_1,SVM,淡白,2,97,舌中,0,0
tip_middle_root_1_3_1,SVM,淡白,2,97,舌右邊,0,0
tip_middle_root_1_3_1,SVM,淡白,2,97,舌尖,0,0
tip_middle_root_1_3_1,SVM,淡白,2,97,舌左邊,0,0
tip_middle_root_1_3_1,SVM,淡白,2,97,舌根,0,0
tip_middle_root_1_3_1,SVM,淡白,3,1,舌中,0,0
tip_middle_root_1_3_1,SVM,淡白,3,1,舌右邊,0,0
tip_middle_root_1_3_1,SVM,淡白,3,1,舌尖,0,0
tip_middle_root_1_3_1,SVM,淡白,3,1,舌左邊,0,0
tip_middle_root_1_3_1,SVM,淡白,3,1,舌根,0,0
tip_middle_root_1_3_1,SVM,淡白,3,33,舌中,0,0
tip_middle_root_1_3_1,SVM,淡白,3,33,舌右邊,0,0
tip_middle_root_1_3_1,SVM,淡白,3,33,舌尖,0,0
tip_middle_root_1_3_1,SVM,淡白,3,33,舌左邊,0,0
tip_middle_root_1_3_1,SVM,淡白,3,33,舌根,0,0
tip_middle_root_1_3_1,SVM,淡白,3,35,舌中,0,0
tip_middle_root_1_3_1,SVM,淡白,3,35,舌右邊,0,0
tip_middle_root_1_3_1,SVM,淡白,3,35,舌尖,0,0
tip_middle_root_1_3_1,SVM,淡白,3,35,舌左邊,0,0
tip_middle_root_1_3_1,SVM,淡白,3,35,舌根,0,0
tip_middle_root_1_3_1,SVM,淡白,3,36,舌中,0,0
tip_middle_root_1_3_1,SVM,淡白,3,36,舌尖,0,0
tip_middle_root_1_3_1,SVM,淡白,3,36,舌根,0,1
tip_middle_root_1_3_1,SVM,淡白,3,39,舌中,0,0
tip_middle_root_1_3_1,SVM,淡白,3,39,舌右邊,0,0
tip_middle_root_1_3_1,SVM,淡白,3,39,舌尖,0,0
tip_middle_root_1_3_1,SVM,淡白,3,39,舌左邊,0,0
tip_middle_root_1_3_1,SVM,淡白,3,39,舌根,0,0
tip_middle_root_1_3_1,SVM,淡白,3,40,舌中,0,0
tip_middle_root_1_3_1,SVM,淡白,3,40,舌右邊,0,0
tip_middle_root_1_3_1,SVM,淡白,3,40,舌尖,0,0
tip_middle_root_1_3_1,SVM,淡白,3,40,舌左邊,0,0
tip_middle_root_1_3_1,SVM,淡白,3,40,舌根,0,1
tip_middle_root_1_3_1,SVM,淡白,3,44,舌中,0,1
tip_middle_root_1_3_1,SVM,淡白,3,44,舌右邊,0,1
tip_middle_root_1_3_1,SVM,淡白,3,44,舌尖,0,0
tip_middle_root_1_3_1,SVM,淡白,3,44,舌左邊,0,1
tip_middle_root_1_3_1,SVM,淡白,3,44,舌根,0,0
tip_middle_root_1_3_1,SVM,淡白,3,45,舌中,0,0
tip_middle_root_1_3_1,SVM,淡白,3,45,舌右邊,0,0
tip_middle_root_1_3_1,SVM,淡白,3,45,舌尖,0,0
tip_middle_root_1_3_1,SVM,淡白,3,45,舌左邊,0,0
tip_middle_root_1_3_1,SVM,淡白,3,45,舌根,0,0
tip_middle_root_1_3_1,SVM,淡白,3,5,舌左邊,1,1
tip_middle_root_1_3_1,SVM,淡白,3,60,舌中,0,0
tip_middle_root_1_3_1,SVM,淡白,3,60,舌右邊,0,0
tip_middle_root_1_3_1,SVM,淡白,3,60,舌尖,0,0
tip_middle_root_1_3_1,SVM,淡白,3,60,舌左邊,0,0
tip_middle_root_1_3_1,SVM,淡白,3,60,舌根,0,0
tip_middle_root_1_3_1,SVM,淡白,3,64,舌中,0,0
tip_middle_root_1_3_1,SVM,淡白,3,64,舌右邊,0,0
tip_middle_root_1_3_1,SVM,淡白,3,64,舌尖,0,0
tip_middle_root_1_3_1,SVM,淡白,3,64,舌左邊,0,0
tip_middle_root_1_3_1,SVM,淡白,3,64,舌根,0,0
tip_middle_root_1_3_1,SVM,淡白,3,69,舌中,0,0
tip_middle_root_1_3_1,SVM,淡白,3,69,舌右邊,0,0
tip_middle_root_1_3_1,SVM,淡白,3,69,舌尖,0,0
tip_middle_root_1_3_1,SVM,淡白,3,69,舌左邊,0,0
tip_middle_root_1_3_1,SVM,淡白,3,69,舌根,0,0
tip_middle_root_1_3_1,SVM,淡白,3,70,舌中,0,0
tip_middle_root_1_3_1,SVM,淡白,3,70,舌右邊,0,0
tip_middle_root_1_3_1,SVM,淡白,3,70,舌尖,0,0
tip_middle_root_1_3_1,SVM,淡白,3,70,舌左邊,0,0
tip_middle_root_1_3_1,SVM,淡白,3,70,舌根,0,0
tip_middle_root_1_3_1,SVM,淡白,3,77,舌中,0,0
tip_middle_root_1_3_1,SVM,淡白,3,77,舌右邊,0,0
tip_middle_root_1_3_1,SVM,淡白,3,77,舌尖,0,0
tip_middle_root_1_3_1,SVM,淡白,3,77,舌左邊,0,0
tip_middle_root_1_3_1,SVM,淡白,3,77,舌根,0,0
tip_middle_root_1_3_1,SVM,淡白,3,80,舌中,0,0
tip_middle_root_1_3_1,SVM,淡白,3,80,舌右邊,0,0
tip_middle_root_1_3_1,SVM,淡白,3,80,舌尖,0,0
tip_middle_root_1_3_1,SVM,淡白,3,80,舌左邊,0,0
tip_middle_root_1_3_1,SVM,淡白,3,80,舌根,0,0
tip_middle_root_1_3_1,SVM,淡白,3,82,舌中,0,0
tip_middle_root_1_3_1,SVM,淡白,3,82,舌右邊,0,0
tip_middle_root_1_3_1,SVM,淡白,3,82,舌尖,0,0
tip_middle_root_1_3_1,SVM,淡白,3,82,舌左邊,0,0
tip_middle_root_1_3_1,SVM,淡白,3,82,舌根,0,0
tip_middle_root_1_3_1,SVM,淡白,3,84,舌中,0,0
tip_middle_root_1_3_1,SVM,淡白,3,84,舌尖,0,0
tip_middle_root_1_3_1,SVM,淡白,3,84,舌左邊,0,0
tip_middle_root_1_3_1,SVM,淡白,3,84,舌根,0,0
tip_middle_root_1_3_1,SVM,淡白,3,93,舌中,0,0
tip_middle_root_1_3_1,SVM,淡白,3,93,舌右邊,0,0
tip_middle_root_1_3_1,SVM,淡白,3,93,舌尖,0,0
tip_middle_root_1_3_1,SVM,淡白,3,93,舌左邊,0,0
tip_middle_root_1_3_1,SVM,淡白,3,93,舌根,0,0
tip_middle_root_1_3_1,SVM,淡白,3,96,舌中,0,0
tip_middle_root_1_3_1,SVM,淡白,3,96,舌右邊,0,0
tip_middle_root_1_3_1,SVM,淡白,3,96,舌尖,0,0
tip_middle_root_1_3_1,SVM,淡白,3,96,舌左邊,0,0
tip_middle_root_1_3_1,SVM,淡白,3,96,舌根,0,0
tip_middle_root_1_3_1,SVM,淡白,3,9,舌中,0,1
tip_middle_root_1_3_1,SVM,淡白,3,9,舌右邊,0,0
tip_middle_root_1_3_1,SVM,淡白,3,9,舌尖,0,0
tip_middle_root_1_3_1,SVM,淡白,3,9,舌左邊,0,0
tip_middle_root_1_3_1,SVM,淡白,3,9,舌根,0,0
tip_middle_root_1_3_1,SVM,淡白,4,10,舌中,0,1
tip_middle_root_1_3_1,SVM,淡白,4,10,舌右邊,0,0
tip_middle_root_1_3_1,SVM,淡白,4,10,舌尖,0,0
tip_middle_root_1_3_1,SVM,淡白,4,10,舌左邊,0,0
tip_middle_root_1_3_1,SVM,淡白,4,10,舌根,0,0
tip_middle_root_1_3_1,SVM,淡白,4,12,舌中,0,0
tip_middle_root_1_3_1,SVM,淡白,4,12,舌右邊,0,0
tip_middle_root_1_3_1,SVM,淡白,4,12,舌尖,0,0
tip_middle_root_1_3_1,SVM,淡白,4,12,舌左邊,0,0
tip_middle_root_1_3_1,SVM,淡白,4,12,舌根,0,0
tip_middle_root_1_3_1,SVM,淡白,4,13,舌右邊,0,0
tip_middle_root_1_3_1,SVM,淡白,4,13,舌尖,0,0
tip_middle_root_1_3_1,SVM,淡白,4,13,舌左邊,0,0
tip_middle_root_1_3_1,SVM,淡白,4,15,舌中,0,1
tip_middle_root_1_3_1,SVM,淡白,4,15,舌右邊,0,1
tip_middle_root_1_3_1,SVM,淡白,4,15,舌尖,0,0
tip_middle_root_1_3_1,SVM,淡白,4,15,舌左邊,0,0
tip_middle_root_1_3_1,SVM,淡白,4,15,舌根,0,0
tip_middle_root_1_3_1,SVM,淡白,4,16,舌中,1,0
tip_middle_root_1_3_1,SVM,淡白,4,16,舌右邊,1,1
tip_middle_root_1_3_1,SVM,淡白,4,16,舌尖,1,1
tip_middle_root_1_3_1,SVM,淡白,4,16,舌左邊,1,1
tip_middle_root_1_3_1,SVM,淡白,4,16,舌根,1,0
tip_middle_root_1_3_1,SVM,淡白,4,20,舌中,0,0
tip_middle_root_1_3_1,SVM,淡白,4,20,舌尖,0,1
tip_middle_root_1_3_1,SVM,淡白,4,20,舌根,0,1
tip_middle_root_1_3_1,SVM,淡白,4,21,舌中,0,1
tip_middle_root_1_3_1,SVM,淡白,4,21,舌右邊,0,0
tip_middle_root_1_3_1,SVM,淡白,4,21,舌尖,0,0
tip_middle_root_1_3_1,SVM,淡白,4,21,舌左邊,0,0
tip_middle_root_1_3_1,SVM,淡白,4,21,舌根,0,0
tip_middle_root_1_3_1,SVM,淡白,4,25,舌中,0,0
tip_middle_root_1_3_1,SVM,淡白,4,25,舌右邊,0,0
tip_middle_root_1_3_1,SVM,淡白,4,25,舌尖,0,0
tip_middle_root_1_3_1,SVM,淡白,4,25,舌左邊,0,0
tip_middle_root_1_3_1,SVM,淡白,4,25,舌根,0,0
tip_middle_root_1_3_1,SVM,淡白,4,32,舌中,0,0
tip_middle_root_1_3_1,SVM,淡白,4,32,舌右邊,0,0
tip_middle_root_1_3_1,SVM,淡白,4,32,舌尖,0,0
tip_middle_root_1_3_1,SVM,淡白,4,32,舌左邊,0,1
tip_middle_root_1_3_1,SVM,淡白,4,32,舌根,0,0
tip_middle_root_1_3_1,SVM,淡白,4,38,舌中,0,1
tip_middle_root_1_3_1,SVM,淡白,4,38,舌右邊,0,0
tip_middle_root_1_3_1,SVM,淡白,4,38,舌尖,0,0
tip_middle_root_1_3_1,SVM,淡白,4,38,舌左邊,0,0
tip_middle_root_1_3_1,SVM,淡白,4,38,舌根,0,0
tip_middle_root_1_3_1,SVM,淡白,4,4,舌中,0,0
tip_middle_root_1_3_1,SVM,淡白,4,4,舌右邊,0,0
tip_middle_root_1_3_1,SVM,淡白,4,4,舌尖,0,0
tip_middle_root_1_3_1,SVM,淡白,4,4,舌左邊,0,0
tip_middle_root_1_3_1,SVM,淡白,4,4,舌根,0,0
tip_middle_root_1_3_1,SVM,淡白,4,50,舌中,0,0
tip_middle_root_1_3_1,SVM,淡白,4,50,舌右邊,0,1
tip_middle_root_1_3_1,SVM,淡白,4,50,舌尖,0,0
tip_middle_root_1_3_1,SVM,淡白,4,50,舌左邊,0,1
tip_middle_root_1_3_1,SVM,淡白,4,50,舌根,0,0
tip_middle_root_1_3_1,SVM,淡白,4,54,舌中,0,0
tip_middle_root_1_3_1,SVM,淡白,4,54,舌右邊,0,0
tip_middle_root_1_3_1,SVM,淡白,4,54,舌尖,0,0
tip_middle_root_1_3_1,SVM,淡白,4,54,舌左邊,0,0
tip_middle_root_1_3_1,SVM,淡白,4,54,舌根,0,0
tip_middle_root_1_3_1,SVM,淡白,4,59,舌中,0,0
tip_middle_root_1_3_1,SVM,淡白,4,59,舌右邊,0,0
tip_middle_root_1_3_1,SVM,淡白,4,59,舌尖,0,0
tip_middle_root_1_3_1,SVM,淡白,4,59,舌左邊,0,1
tip_middle_root_1_3_1,SVM,淡白,4,59,舌根,0,0
tip_middle_root_1_3_1,SVM,淡白,4,62,舌中,0,0
tip_middle_root_1_3_1,SVM,淡白,4,62,舌右邊,0,0
tip_middle_root_1_3_1,SVM,淡白,4,62,舌尖,0,0
tip_middle_root_1_3_1,SVM,淡白,4,62,舌左邊,0,0
tip_middle_root_1_3_1,SVM,淡白,4,62,舌根,0,0
tip_middle_root_1_3_1,SVM,淡白,4,71,舌中,0,0
tip_middle_root_1_3_1,SVM,淡白,4,71,舌右邊,0,0
tip_middle_root_1_3_1,SVM,淡白,4,71,舌尖,0,0
tip_middle_root_1_3_1,SVM,淡白,4,71,舌左邊,0,0
tip_middle_root_1_3_1,SVM,淡白,4,71,舌根,0,0
tip_middle_root_1_3_1,SVM,淡白,4,78,舌中,0,0
tip_middle_root_1_3_1,SVM,淡白,4,78,舌右邊,0,0
tip_middle_root_1_3_1,SVM,淡白,4,78,舌尖,0,0
tip_middle_root_1_3_1,SVM,淡白,4,78,舌左邊,0,0
tip_middle_root_1_3_1,SVM,淡白,4,78,舌根,0,0
tip_middle_root_1_3_1,SVM,淡白,4,81,舌中,0,0
tip_middle_root_1_3_1,SVM,淡白,4,81,舌右邊,0,0
tip_middle_root_1_3_1,SVM,淡白,4,81,舌尖,0,0
tip_middle_root_1_3_1,SVM,淡白,4,81,舌左邊,0,0
tip_middle_root_1_3_1,SVM,淡白,4,81,舌根,0,0
tip_middle_root_1_3_1,SVM,淡白,4,95,舌中,0,0
tip_middle_root_1_3_1,SVM,淡白,4,95,舌右邊,0,0
tip_middle_root_1_3_1,SVM,淡白,4,95,舌尖,0,0
tip_middle_root_1_3_1,SVM,淡白,4,95,舌左邊,0,0
tip_middle_root_1_3_1,SVM,淡白,4,95,舌根,0,0
tip_middle_root_1_3_1,SVM,淡白,4,98,舌中,0,0
tip_middle_root_1_3_1,SVM,淡白,4,98,舌右邊,0,0
tip_middle_root_1_3_1,SVM,淡白,4,98,舌尖,0,0
tip_middle_root_1_3_1,SVM,淡白,4,98,舌左邊,0,0
tip_middle_root_1_3_1,SVM,淡白,4,98,舌根,0,0
tip_middle_root_1_3_1,SVM,淡白,5,100,舌中,0,1
tip_middle_root_1_3_1,SVM,淡白,5,100,舌右邊,0,0
tip_middle_root_1_3_1,SVM,淡白,5,100,舌尖,0,0
tip_middle_root_1_3_1,SVM,淡白,5,100,舌左邊,0,0
tip_middle_root_1_3_1,SVM,淡白,5,100,舌根,0,0
tip_middle_root_1_3_1,SVM,淡白,5,14,舌中,0,0
tip_middle_root_1_3_1,SVM,淡白,5,14,舌右邊,0,0
tip_middle_root_1_3_1,SVM,淡白,5,14,舌左邊,0,0
tip_middle_root_1_3_1,SVM,淡白,5,14,舌根,0,0
tip_middle_root_1_3_1,SVM,淡白,5,17,舌中,0,0
tip_middle_root_1_3_1,SVM,淡白,5,17,舌右邊,0,0
tip_middle_root_1_3_1,SVM,淡白,5,17,舌尖,0,0
tip_middle_root_1_3_1,SVM,淡白,5,17,舌左邊,0,0
tip_middle_root_1_3_1,SVM,淡白,5,17,舌根,0,0
tip_middle_root_1_3_1,SVM,淡白,5,18,舌中,0,0
tip_middle_root_1_3_1,SVM,淡白,5,18,舌右邊,0,0
tip_middle_root_1_3_1,SVM,淡白,5,18,舌尖,0,0
tip_middle_root_1_3_1,SVM,淡白,5,18,舌左邊,0,0
tip_middle_root_1_3_1,SVM,淡白,5,18,舌根,0,0
tip_middle_root_1_3_1,SVM,淡白,5,27,舌中,0,0
tip_middle_root_1_3_1,SVM,淡白,5,27,舌根,0,0
tip_middle_root_1_3_1,SVM,淡白,5,29,舌中,0,0
tip_middle_root_1_3_1,SVM,淡白,5,29,舌右邊,0,1
tip_middle_root_1_3_1,SVM,淡白,5,29,舌尖,0,0
tip_middle_root_1_3_1,SVM,淡白,5,29,舌左邊,0,0
tip_middle_root_1_3_1,SVM,淡白,5,29,舌根,0,0
tip_middle_root_1_3_1,SVM,淡白,5,31,舌中,0,0
tip_middle_root_1_3_1,SVM,淡白,5,31,舌右邊,0,0
tip_middle_root_1_3_1,SVM,淡白,5,31,舌尖,0,0
tip_middle_root_1_3_1,SVM,淡白,5,31,舌左邊,0,0
tip_middle_root_1_3_1,SVM,淡白,5,31,舌根,0,0
tip_middle_root_1_3_1,SVM,淡白,5,37,舌中,0,0
tip_middle_root_1_3_1,SVM,淡白,5,37,舌右邊,0,0
tip_middle_root_1_3_1,SVM,淡白,5,37,舌尖,0,0
tip_middle_root_1_3_1,SVM,淡白,5,37,舌左邊,0,0
tip_middle_root_1_3_1,SVM,淡白,5,37,舌根,0,0
tip_middle_root_1_3_1,SVM,淡白,5,41,舌中,0,0
tip_middle_root_1_3_1,SVM,淡白,5,41,舌右邊,0,0
tip_middle_root_1_3_1,SVM,淡白,5,41,舌尖,0,0
tip_middle_root_1_3_1,SVM,淡白,5,41,舌左邊,0,0
tip_middle_root_1_3_1,SVM,淡白,5,41,舌根,0,0
tip_middle_root_1_3_1,SVM,淡白,5,43,舌中,0,0
tip_middle_root_1_3_1,SVM,淡白,5,43,舌右邊,0,0
tip_middle_root_1_3_1,SVM,淡白,5,43,舌尖,0,0
tip_middle_root_1_3_1,SVM,淡白,5,43,舌左邊,0,0
tip_middle_root_1_3_1,SVM,淡白,5,43,舌根,0,0
tip_middle_root_1_3_1,SVM,淡白,5,47,舌中,0,0
tip_middle_root_1_3_1,SVM,淡白,5,47,舌右邊,0,0
tip_middle_root_1_3_1,SVM,淡白,5,47,舌尖,0,0
tip_middle_root_1_3_1,SVM,淡白,5,47,舌左邊,0,0
tip_middle_root_1_3_1,SVM,淡白,5,47,舌根,0,0
tip_middle_root_1_3_1,SVM,淡白,5,51,舌中,0,0
tip_middle_root_1_3_1,SVM,淡白,5,51,舌右邊,0,0
tip_middle_root_1_3_1,SVM,淡白,5,51,舌尖,0,0
tip_middle_root_1_3_1,SVM,淡白,5,51,舌左邊,0,0
tip_middle_root_1_3_1,SVM,淡白,5,51,舌根,0,0
tip_middle_root_1_3_1,SVM,淡白,5,58,舌中,1,1
tip_middle_root_1_3_1,SVM,淡白,5,58,舌右邊,1,0
tip_middle_root_1_3_1,SVM,淡白,5,58,舌左邊,1,1
tip_middle_root_1_3_1,SVM,淡白,5,58,舌根,1,0
tip_middle_root_1_3_1,SVM,淡白,5,6,舌中,0,0
tip_middle_root_1_3_1,SVM,淡白,5,6,舌右邊,0,0
tip_middle_root_1_3_1,SVM,淡白,5,6,舌尖,0,0
tip_middle_root_1_3_1,SVM,淡白,5,6,舌左邊,0,1
tip_middle_root_1_3_1,SVM,淡白,5,6,舌根,0,0
tip_middle_root_1_3_1,SVM,淡白,5,74,舌中,0,0
tip_middle_root_1_3_1,SVM,淡白,5,74,舌右邊,0,0
tip_middle_root_1_3_1,SVM,淡白,5,74,舌尖,0,0
tip_middle_root_1_3_1,SVM,淡白,5,74,舌左邊,0,0
tip_middle_root_1_3_1,SVM,淡白,5,74,舌根,0,0
tip_middle_root_1_3_1,SVM,淡白,5,75,舌中,0,0
tip_middle_root_1_3_1,SVM,淡白,5,75,舌右邊,0,0
tip_middle_root_1_3_1,SVM,淡白,5,75,舌尖,0,0
tip_middle_root_1_3_1,SVM,淡白,5,75,舌左邊,0,0
tip_middle_root_1_3_1,SVM,淡白,5,75,舌根,0,0
tip_middle_root_1_3_1,SVM,淡白,5,86,舌中,0,0
tip_middle_root_1_3_1,SVM,淡白,5,86,舌右邊,0,0
tip_middle_root_1_3_1,SVM,淡白,5,86,舌尖,0,0
tip_middle_root_1_3_1,SVM,淡白,5,86,舌左邊,0,0
tip_middle_root_1_3_1,SVM,淡白,5,86,舌根,0,0
tip_middle_root_1_3_1,SVM,淡白,5,87,舌中,0,0
tip_middle_root_1_3_1,SVM,淡白,5,87,舌右邊,0,0
tip_middle_root_1_3_1,SVM,淡白,5,87,舌尖,0,0
tip_middle_root_1_3_1,SVM,淡白,5,87,舌左邊,0,0
tip_middle_root_1_3_1,SVM,淡白,5,87,舌根,0,0
tip_middle_root_1_3_1,SVM,淡白,5,8,舌中,0,1
tip_middle_root_1_3_1,SVM,淡白,5,8,舌右邊,0,1
tip_middle_root_1_3_1,SVM,淡白,5,8,舌尖,0,0
tip_middle_root_1_3_1,SVM,淡白,5,8,舌左邊,0,0
tip_middle_root_1_3_1,SVM,淡白,5,8,舌根,0,0
tip_middle_root_1_3_1,SVM,淡白,5,99,舌中,0,0
tip_middle_root_1_3_1,SVM,淡白,5,99,舌右邊,0,0
tip_middle_root_1_3_1,SVM,淡白,5,99,舌尖,0,0
tip_middle_root_1_3_1,SVM,淡白,5,99,舌左邊,0,0
tip_middle_root_1_3_1,SVM,淡白,5,99,舌根,0,0
tip_middle_root_1_3_1,Random Forest,淡白,1,11,舌中,0,0
tip_middle_root_1_3_1,Random Forest,淡白,1,11,舌右邊,0,0
tip_middle_root_1_3_1,Random Forest,淡白,1,11,舌尖,0,0
tip_middle_root_1_3_1,Random Forest,淡白,1,11,舌左邊,0,0
tip_middle_root_1_3_1,Random Forest,淡白,1,11,舌根,0,0
tip_middle_root_1_3_1,Random Forest,淡白,1,23,舌中,0,0
tip_middle_root_1_3_1,Random Forest,淡白,1,23,舌右邊,0,0
tip_middle_root_1_3_1,Random Forest,淡白,1,23,舌尖,0,0
tip_middle_root_1_3_1,Random Forest,淡白,1,23,舌左邊,0,0
tip_middle_root_1_3_1,Random Forest,淡白,1,23,舌根,0,0
tip_middle_root_1_3_1,Random Forest,淡白,1,28,舌中,1,0
tip_middle_root_1_3_1,Random Forest,淡白,1,28,舌右邊,1,0
tip_middle_root_1_3_1,Random Forest,淡白,1,28,舌尖,0,0
tip_middle_root_1_3_1,Random Forest,淡白,1,28,舌左邊,1,0
tip_middle_root_1_3_1,Random Forest,淡白,1,28,舌根,1,0
tip_middle_root_1_3_1,Random Forest,淡白,1,2,舌中,0,0
tip_middle_root_1_3_1,Random Forest,淡白,1,2,舌右邊,0,0
tip_middle_root_1_3_1,Random Forest,淡白,1,2,舌尖,0,0
tip_middle_root_1_3_1,Random Forest,淡白,1,2,舌左邊,0,0
tip_middle_root_1_3_1,Random Forest,淡白,1,2,舌根,0,0
tip_middle_root_1_3_1,Random Forest,淡白,1,34,舌中,0,0
tip_middle_root_1_3_1,Random Forest,淡白,1,34,舌右邊,0,0
tip_middle_root_1_3_1,Random Forest,淡白,1,34,舌尖,0,0
tip_middle_root_1_3_1,Random Forest,淡白,1,34,舌左邊,0,0
tip_middle_root_1_3_1,Random Forest,淡白,1,34,舌根,0,0
tip_middle_root_1_3_1,Random Forest,淡白,1,42,舌中,0,0
tip_middle_root_1_3_1,Random Forest,淡白,1,42,舌右邊,0,0
tip_middle_root_1_3_1,Random Forest,淡白,1,42,舌尖,0,0
tip_middle_root_1_3_1,Random Forest,淡白,1,42,舌左邊,0,0
tip_middle_root_1_3_1,Random Forest,淡白,1,42,舌根,0,0
tip_middle_root_1_3_1,Random Forest,淡白,1,49,舌中,0,0
tip_middle_root_1_3_1,Random Forest,淡白,1,49,舌右邊,0,0
tip_middle_root_1_3_1,Random Forest,淡白,1,49,舌尖,0,0
tip_middle_root_1_3_1,Random Forest,淡白,1,49,舌左邊,0,0
tip_middle_root_1_3_1,Random Forest,淡白,1,49,舌根,0,0
tip_middle_root_1_3_1,Random Forest,淡白,1,53,舌中,0,0
tip_middle_root_1_3_1,Random Forest,淡白,1,53,舌右邊,0,0
tip_middle_root_1_3_1,Random Forest,淡白,1,53,舌尖,0,0
tip_middle_root_1_3_1,Random Forest,淡白,1,53,舌左邊,0,0
tip_middle_root_1_3_1,Random Forest,淡白,1,53,舌根,0,0
tip_middle_root_1_3_1,Random Forest,淡白,1,57,舌中,0,0
tip_middle_root_1_3_1,Random Forest,淡白,1,57,舌右邊,0,0
tip_middle_root_1_3_1,Random Forest,淡白,1,57,舌尖,0,0
tip_middle_root_1_3_1,Random Forest,淡白,1,57,舌左邊,0,0
tip_middle_root_1_3_1,Random Forest,淡白,1,57,舌根,0,0
tip_middle_root_1_3_1,Random Forest,淡白,1,63,舌中,0,0
tip_middle_root_1_3_1,Random Forest,淡白,1,63,舌右邊,0,0
tip_middle_root_1_3_1,Random Forest,淡白,1,63,舌尖,0,0
tip_middle_root_1_3_1,Random Forest,淡白,1,63,舌左邊,0,0
tip_middle_root_1_3_1,Random Forest,淡白,1,63,舌根,0,0
tip_middle_root_1_3_1,Random Forest,淡白,1,65,舌中,0,0
tip_middle_root_1_3_1,Random Forest,淡白,1,65,舌右邊,0,0
tip_middle_root_1_3_1,Random Forest,淡白,1,65,舌尖,0,0
tip_middle_root_1_3_1,Random Forest,淡白,1,65,舌左邊,0,0
tip_middle_root_1_3_1,Random Forest,淡白,1,65,舌根,0,0
tip_middle_root_1_3_1,Random Forest,淡白,1,66,舌中,0,0
tip_middle_root_1_3_1,Random Forest,淡白,1,66,舌右邊,0,0
tip_middle_root_1_3_1,Random Forest,淡白,1,66,舌尖,0,0
tip_middle_root_1_3_1,Random Forest,淡白,1,66,舌左邊,0,0
tip_middle_root_1_3_1,Random Forest,淡白,1,66,舌根,0,0
tip_middle_root_1_3_1,Random Forest,淡白,1,68,舌中,0,0
tip_middle_root_1_3_1,Random Forest,淡白,1,68,舌右邊,0,0
tip_middle_root_1_3_1,Random Forest,淡白,1,68,舌尖,0,0
tip_middle_root_1_3_1,Random Forest,淡白,1,68,舌左邊,0,0
tip_middle_root_1_3_1,Random Forest,淡白,1,68,舌根,0,0
tip_middle_root_1_3_1,Random Forest,淡白,1,72,舌中,0,0
tip_middle_root_1_3_1,Random Forest,淡白,1,72,舌右邊,0,0
tip_middle_root_1_3_1,Random Forest,淡白,1,72,舌尖,0,0
tip_middle_root_1_3_1,Random Forest,淡白,1,72,舌左邊,0,0
tip_middle_root_1_3_1,Random Forest,淡白,1,72,舌根,0,0
tip_middle_root_1_3_1,Random Forest,淡白,1,79,舌中,0,0
tip_middle_root_1_3_1,Random Forest,淡白,1,79,舌右邊,0,0
tip_middle_root_1_3_1,Random Forest,淡白,1,79,舌尖,0,0
tip_middle_root_1_3_1,Random Forest,淡白,1,79,舌左邊,0,0
tip_middle_root_1_3_1,Random Forest,淡白,1,79,舌根,0,0
tip_middle_root_1_3_1,Random Forest,淡白,1,83,舌中,0,0
tip_middle_root_1_3_1,Random Forest,淡白,1,83,舌右邊,0,0
tip_middle_root_1_3_1,Random Forest,淡白,1,83,舌尖,0,0
tip_middle_root_1_3_1,Random Forest,淡白,1,83,舌左邊,0,0
tip_middle_root_1_3_1,Random Forest,淡白,1,83,舌根,0,0
tip_middle_root_1_3_1,Random Forest,淡白,1,89,舌中,0,0
tip_middle_root_1_3_1,Random Forest,淡白,1,89,舌右邊,0,0
tip_middle_root_1_3_1,Random Forest,淡白,1,89,舌尖,0,0
tip_middle_root_1_3_1,Random Forest,淡白,1,89,舌左邊,0,0
tip_middle_root_1_3_1,Random Forest,淡白,1,89,舌根,0,0
tip_middle_root_1_3_1,Random Forest,淡白,1,90,舌中,0,0
tip_middle_root_1_3_1,Random Forest,淡白,1,90,舌右邊,0,0
tip_middle_root_1_3_1,Random Forest,淡白,1,90,舌尖,0,0
tip_middle_root_1_3_1,Random Forest,淡白,1,90,舌左邊,0,0
tip_middle_root_1_3_1,Random Forest,淡白,1,90,舌根,0,0
tip_middle_root_1_3_1,Random Forest,淡白,1,94,舌中,0,0
tip_middle_root_1_3_1,Random Forest,淡白,1,94,舌右邊,0,0
tip_middle_root_1_3_1,Random Forest,淡白,1,94,舌尖,0,0
tip_middle_root_1_3_1,Random Forest,淡白,1,94,舌左邊,0,0
tip_middle_root_1_3_1,Random Forest,淡白,1,94,舌根,0,0
tip_middle_root_1_3_1,Random Forest,淡白,2,19,舌中,0,0
tip_middle_root_1_3_1,Random Forest,淡白,2,19,舌右邊,0,0
tip_middle_root_1_3_1,Random Forest,淡白,2,19,舌尖,0,0
tip_middle_root_1_3_1,Random Forest,淡白,2,19,舌左邊,0,0
tip_middle_root_1_3_1,Random Forest,淡白,2,19,舌根,0,0
tip_middle_root_1_3_1,Random Forest,淡白,2,22,舌中,0,0
tip_middle_root_1_3_1,Random Forest,淡白,2,22,舌右邊,0,0
tip_middle_root_1_3_1,Random Forest,淡白,2,22,舌尖,0,0
tip_middle_root_1_3_1,Random Forest,淡白,2,22,舌左邊,0,0
tip_middle_root_1_3_1,Random Forest,淡白,2,22,舌根,0,0
tip_middle_root_1_3_1,Random Forest,淡白,2,24,舌中,0,0
tip_middle_root_1_3_1,Random Forest,淡白,2,24,舌右邊,0,0
tip_middle_root_1_3_1,Random Forest,淡白,2,24,舌尖,0,0
tip_middle_root_1_3_1,Random Forest,淡白,2,24,舌左邊,0,0
tip_middle_root_1_3_1,Random Forest,淡白,2,24,舌根,0,0
tip_middle_root_1_3_1,Random Forest,淡白,2,26,舌中,0,0
tip_middle_root_1_3_1,Random Forest,淡白,2,26,舌右邊,0,0
tip_middle_root_1_3_1,Random Forest,淡白,2,26,舌尖,0,0
tip_middle_root_1_3_1,Random Forest,淡白,2,26,舌左邊,0,0
tip_middle_root_1_3_1,Random Forest,淡白,2,26,舌根,0,0
tip_middle_root_1_3_1,Random Forest,淡白,2,3,舌中,0,0
tip_middle_root_1_3_1,Random Forest,淡白,2,3,舌右邊,0,0
tip_middle_root_1_3_1,Random Forest,淡白,2,3,舌尖,0,0
tip_middle_root_1_3_1,Random Forest,淡白,2,3,舌左邊,0,0
tip_middle_root_1_3_1,Random Forest,淡白,2,3,舌根,0,0
tip_middle_root_1_3_1,Random Forest,淡白,2,46,舌中,0,1
tip_middle_root_1_3_1,Random Forest,淡白,2,46,舌右邊,0,0
tip_middle_root_1_3_1,Random Forest,淡白,2,46,舌尖,0,0
tip_middle_root_1_3_1,Random Forest,淡白,2,46,舌左邊,0,0
tip_middle_root_1_3_1,Random Forest,淡白,2,46,舌根,0,0
tip_middle_root_1_3_1,Random Forest,淡白,2,48,舌中,0,0
tip_middle_root_1_3_1,Random Forest,淡白,2,48,舌右邊,0,0
tip_middle_root_1_3_1,Random Forest,淡白,2,48,舌尖,0,0
tip_middle_root_1_3_1,Random Forest,淡白,2,48,舌左邊,0,0
tip_middle_root_1_3_1,Random Forest,淡白,2,48,舌根,0,0
tip_middle_root_1_3_1,Random Forest,淡白,2,52,舌中,0,1
tip_middle_root_1_3_1,Random Forest,淡白,2,52,舌右邊,0,0
tip_middle_root_1_3_1,Random Forest,淡白,2,52,舌尖,0,0
tip_middle_root_1_3_1,Random Forest,淡白,2,52,舌左邊,0,0
tip_middle_root_1_3_1,Random Forest,淡白,2,52,舌根,0,0
tip_middle_root_1_3_1,Random Forest,淡白,2,55,舌中,0,0
tip_middle_root_1_3_1,Random Forest,淡白,2,55,舌右邊,0,0
tip_middle_root_1_3_1,Random Forest,淡白,2,55,舌尖,0,0
tip_middle_root_1_3_1,Random Forest,淡白,2,55,舌左邊,0,0
tip_middle_root_1_3_1,Random Forest,淡白,2,55,舌根,0,0
tip_middle_root_1_3_1,Random Forest,淡白,2,56,舌中,0,0
tip_middle_root_1_3_1,Random Forest,淡白,2,56,舌右邊,0,0
tip_middle_root_1_3_1,Random Forest,淡白,2,56,舌尖,0,0
tip_middle_root_1_3_1,Random Forest,淡白,2,56,舌左邊,0,0
tip_middle_root_1_3_1,Random Forest,淡白,2,56,舌根,0,0
tip_middle_root_1_3_1,Random Forest,淡白,2,61,舌中,0,0
tip_middle_root_1_3_1,Random Forest,淡白,2,61,舌右邊,0,0
tip_middle_root_1_3_1,Random Forest,淡白,2,61,舌尖,0,0
tip_middle_root_1_3_1,Random Forest,淡白,2,61,舌左邊,0,0
tip_middle_root_1_3_1,Random Forest,淡白,2,61,舌根,0,0
tip_middle_root_1_3_1,Random Forest,淡白,2,67,舌中,0,0
tip_middle_root_1_3_1,Random Forest,淡白,2,67,舌右邊,0,0
tip_middle_root_1_3_1,Random Forest,淡白,2,67,舌尖,0,0
tip_middle_root_1_3_1,Random Forest,淡白,2,67,舌左邊,0,0
tip_middle_root_1_3_1,Random Forest,淡白,2,67,舌根,0,0
tip_middle_root_1_3_1,Random Forest,淡白,2,73,舌中,0,0
tip_middle_root_1_3_1,Random Forest,淡白,2,73,舌右邊,0,0
tip_middle_root_1_3_1,Random Forest,淡白,2,73,舌尖,0,0
tip_middle_root_1_3_1,Random Forest,淡白,2,73,舌左邊,0,0
tip_middle_root_1_3_1,Random Forest,淡白,2,73,舌根,0,0
tip_middle_root_1_3_1,Random Forest,淡白,2,76,舌中,0,0
tip_middle_root_1_3_1,Random Forest,淡白,2,76,舌右邊,0,0
tip_middle_root_1_3_1,Random Forest,淡白,2,76,舌尖,0,0
tip_middle_root_1_3_1,Random Forest,淡白,2,76,舌左邊,0,0
tip_middle_root_1_3_1,Random Forest,淡白,2,76,舌根,0,0
tip_middle_root_1_3_1,Random Forest,淡白,2,85,舌中,0,0
tip_middle_root_1_3_1,Random Forest,淡白,2,85,舌右邊,0,0
tip_middle_root_1_3_1,Random Forest,淡白,2,85,舌尖,0,0
tip_middle_root_1_3_1,Random Forest,淡白,2,85,舌左邊,0,0
tip_middle_root_1_3_1,Random Forest,淡白,2,85,舌根,0,0
tip_middle_root_1_3_1,Random Forest,淡白,2,88,舌中,0,0
tip_middle_root_1_3_1,Random Forest,淡白,2,88,舌右邊,0,0
tip_middle_root_1_3_1,Random Forest,淡白,2,88,舌尖,0,0
tip_middle_root_1_3_1,Random Forest,淡白,2,88,舌左邊,0,0
tip_middle_root_1_3_1,Random Forest,淡白,2,88,舌根,0,0
tip_middle_root_1_3_1,Random Forest,淡白,2,91,舌右邊,1,0
tip_middle_root_1_3_1,Random Forest,淡白,2,91,舌尖,1,0
tip_middle_root_1_3_1,Random Forest,淡白,2,91,舌左邊,1,0
tip_middle_root_1_3_1,Random Forest,淡白,2,92,舌中,0,0
tip_middle_root_1_3_1,Random Forest,淡白,2,92,舌右邊,0,0
tip_middle_root_1_3_1,Random Forest,淡白,2,92,舌尖,0,0
tip_middle_root_1_3_1,Random Forest,淡白,2,92,舌左邊,0,0
tip_middle_root_1_3_1,Random Forest,淡白,2,92,舌根,0,0
tip_middle_root_1_3_1,Random Forest,淡白,2,97,舌中,0,0
tip_middle_root_1_3_1,Random Forest,淡白,2,97,舌右邊,0,0
tip_middle_root_1_3_1,Random Forest,淡白,2,97,舌尖,0,0
tip_middle_root_1_3_1,Random Forest,淡白,2,97,舌左邊,0,0
tip_middle_root_1_3_1,Random Forest,淡白,2,97,舌根,0,0
tip_middle_root_1_3_1,Random Forest,淡白,3,1,舌中,0,0
tip_middle_root_1_3_1,Random Forest,淡白,3,1,舌右邊,0,0
tip_middle_root_1_3_1,Random Forest,淡白,3,1,舌尖,0,0
tip_middle_root_1_3_1,Random Forest,淡白,3,1,舌左邊,0,0
tip_middle_root_1_3_1,Random Forest,淡白,3,1,舌根,0,0
tip_middle_root_1_3_1,Random Forest,淡白,3,33,舌中,0,0
tip_middle_root_1_3_1,Random Forest,淡白,3,33,舌右邊,0,0
tip_middle_root_1_3_1,Random Forest,淡白,3,33,舌尖,0,0
tip_middle_root_1_3_1,Random Forest,淡白,3,33,舌左邊,0,0
tip_middle_root_1_3_1,Random Forest,淡白,3,33,舌根,0,0
tip_middle_root_1_3_1,Random Forest,淡白,3,35,舌中,0,0
tip_middle_root_1_3_1,Random Forest,淡白,3,35,舌右邊,0,0
tip_middle_root_1_3_1,Random Forest,淡白,3,35,舌尖,0,0
tip_middle_root_1_3_1,Random Forest,淡白,3,35,舌左邊,0,0
tip_middle_root_1_3_1,Random Forest,淡白,3,35,舌根,0,0
tip_middle_root_1_3_1,Random Forest,淡白,3,36,舌中,0,0
tip_middle_root_1_3_1,Random Forest,淡白,3,36,舌尖,0,0
tip_middle_root_1_3_1,Random Forest,淡白,3,36,舌根,0,0
tip_middle_root_1_3_1,Random Forest,淡白,3,39,舌中,0,0
tip_middle_root_1_3_1,Random Forest,淡白,3,39,舌右邊,0,0
tip_middle_root_1_3_1,Random Forest,淡白,3,39,舌尖,0,0
tip_middle_root_1_3_1,Random Forest,淡白,3,39,舌左邊,0,0
tip_middle_root_1_3_1,Random Forest,淡白,3,39,舌根,0,0
tip_middle_root_1_3_1,Random Forest,淡白,3,40,舌中,0,0
tip_middle_root_1_3_1,Random Forest,淡白,3,40,舌右邊,0,0
tip_middle_root_1_3_1,Random Forest,淡白,3,40,舌尖,0,0
tip_middle_root_1_3_1,Random Forest,淡白,3,40,舌左邊,0,0
tip_middle_root_1_3_1,Random Forest,淡白,3,40,舌根,0,0
tip_middle_root_1_3_1,Random Forest,淡白,3,44,舌中,0,0
tip_middle_root_1_3_1,Random Forest,淡白,3,44,舌右邊,0,0
tip_middle_root_1_3_1,Random Forest,淡白,3,44,舌尖,0,0
tip_middle_root_1_3_1,Random Forest,淡白,3,44,舌左邊,0,0
tip_middle_root_1_3_1,Random Forest,淡白,3,44,舌根,0,0
tip_middle_root_1_3_1,Random Forest,淡白,3,45,舌中,0,0
tip_middle_root_1_3_1,Random Forest,淡白,3,45,舌右邊,0,0
tip_middle_root_1_3_1,Random Forest,淡白,3,45,舌尖,0,0
tip_middle_root_1_3_1,Random Forest,淡白,3,45,舌左邊,0,0
tip_middle_root_1_3_1,Random Forest,淡白,3,45,舌根,0,0
tip_middle_root_1_3_1,Random Forest,淡白,3,5,舌左邊,1,0
tip_middle_root_1_3_1,Random Forest,淡白,3,60,舌中,0,0
tip_middle_root_1_3_1,Random Forest,淡白,3,60,舌右邊,0,0
tip_middle_root_1_3_1,Random Forest,淡白,3,60,舌尖,0,0
tip_middle_root_1_3_1,Random Forest,淡白,3,60,舌左邊,0,0
tip_middle_root_1_3_1,Random Forest,淡白,3,60,舌根,0,0
tip_middle_root_1_3_1,Random Forest,淡白,3,64,舌中,0,0
tip_middle_root_1_3_1,Random Forest,淡白,3,64,舌右邊,0,0
tip_middle_root_1_3_1,Random Forest,淡白,3,64,舌尖,0,0
tip_middle_root_1_3_1,Random Forest,淡白,3,64,舌左邊,0,0
tip_middle_root_1_3_1,Random Forest,淡白,3,64,舌根,0,0
tip_middle_root_1_3_1,Random Forest,淡白,3,69,舌中,0,0
tip_middle_root_1_3_1,Random Forest,淡白,3,69,舌右邊,0,0
tip_middle_root_1_3_1,Random Forest,淡白,3,69,舌尖,0,0
tip_middle_root_1_3_1,Random Forest,淡白,3,69,舌左邊,0,0
tip_middle_root_1_3_1,Random Forest,淡白,3,69,舌根,0,0
tip_middle_root_1_3_1,Random Forest,淡白,3,70,舌中,0,0
tip_middle_root_1_3_1,Random Forest,淡白,3,70,舌右邊,0,0
tip_middle_root_1_3_1,Random Forest,淡白,3,70,舌尖,0,0
tip_middle_root_1_3_1,Random Forest,淡白,3,70,舌左邊,0,0
tip_middle_root_1_3_1,Random Forest,淡白,3,70,舌根,0,0
tip_middle_root_1_3_1,Random Forest,淡白,3,77,舌中,0,0
tip_middle_root_1_3_1,Random Forest,淡白,3,77,舌右邊,0,0
tip_middle_root_1_3_1,Random Forest,淡白,3,77,舌尖,0,0
tip_middle_root_1_3_1,Random Forest,淡白,3,77,舌左邊,0,0
tip_middle_root_1_3_1,Random Forest,淡白,3,77,舌根,0,0
tip_middle_root_1_3_1,Random Forest,淡白,3,80,舌中,0,0
tip_middle_root_1_3_1,Random Forest,淡白,3,80,舌右邊,0,0
tip_middle_root_1_3_1,Random Forest,淡白,3,80,舌尖,0,0
tip_middle_root_1_3_1,Random Forest,淡白,3,80,舌左邊,0,0
tip_middle_root_1_3_1,Random Forest,淡白,3,80,舌根,0,0
tip_middle_root_1_3_1,Random Forest,淡白,3,82,舌中,0,0
tip_middle_root_1_3_1,Random Forest,淡白,3,82,舌右邊,0,0
tip_middle_root_1_3_1,Random Forest,淡白,3,82,舌尖,0,0
tip_middle_root_1_3_1,Random Forest,淡白,3,82,舌左邊,0,0
tip_middle_root_1_3_1,Random Forest,淡白,3,82,舌根,0,0
tip_middle_root_1_3_1,Random Forest,淡白,3,84,舌中,0,0
tip_middle_root_1_3_1,Random Forest,淡白,3,84,舌尖,0,0
tip_middle_root_1_3_1,Random Forest,淡白,3,84,舌左邊,0,0
tip_middle_root_1_3_1,Random Forest,淡白,3,84,舌根,0,0
tip_middle_root_1_3_1,Random Forest,淡白,3,93,舌中,0,0
tip_middle_root_1_3_1,Random Forest,淡白,3,93,舌右邊,0,0
tip_middle_root_1_3_1,Random Forest,淡白,3,93,舌尖,0,0
tip_middle_root_1_3_1,Random Forest,淡白,3,93,舌左邊,0,0
tip_middle_root_1_3_1,Random Forest,淡白,3,93,舌根,0,0
tip_middle_root_1_3_1,Random Forest,淡白,3,96,舌中,0,0
tip_middle_root_1_3_1,Random Forest,淡白,3,96,舌右邊,0,0
tip_middle_root_1_3_1,Random Forest,淡白,3,96,舌尖,0,0
tip_middle_root_1_3_1,Random Forest,淡白,3,96,舌左邊,0,0
tip_middle_root_1_3_1,Random Forest,淡白,3,96,舌根,0,0
tip_middle_root_1_3_1,Random Forest,淡白,3,9,舌中,0,1
tip_middle_root_1_3_1,Random Forest,淡白,3,9,舌右邊,0,0
tip_middle_root_1_3_1,Random Forest,淡白,3,9,舌尖,0,0
tip_middle_root_1_3_1,Random Forest,淡白,3,9,舌左邊,0,0
tip_middle_root_1_3_1,Random Forest,淡白,3,9,舌根,0,0
tip_middle_root_1_3_1,Random Forest,淡白,4,10,舌中,0,0
tip_middle_root_1_3_1,Random Forest,淡白,4,10,舌右邊,0,0
tip_middle_root_1_3_1,Random Forest,淡白,4,10,舌尖,0,0
tip_middle_root_1_3_1,Random Forest,淡白,4,10,舌左邊,0,0
tip_middle_root_1_3_1,Random Forest,淡白,4,10,舌根,0,0
tip_middle_root_1_3_1,Random Forest,淡白,4,12,舌中,0,0
tip_middle_root_1_3_1,Random Forest,淡白,4,12,舌右邊,0,0
tip_middle_root_1_3_1,Random Forest,淡白,4,12,舌尖,0,0
tip_middle_root_1_3_1,Random Forest,淡白,4,12,舌左邊,0,0
tip_middle_root_1_3_1,Random Forest,淡白,4,12,舌根,0,0
tip_middle_root_1_3_1,Random Forest,淡白,4,13,舌右邊,0,0
tip_middle_root_1_3_1,Random Forest,淡白,4,13,舌尖,0,0
tip_middle_root_1_3_1,Random Forest,淡白,4,13,舌左邊,0,0
tip_middle_root_1_3_1,Random Forest,淡白,4,15,舌中,0,0
tip_middle_root_1_3_1,Random Forest,淡白,4,15,舌右邊,0,0
tip_middle_root_1_3_1,Random Forest,淡白,4,15,舌尖,0,0
tip_middle_root_1_3_1,Random Forest,淡白,4,15,舌左邊,0,0
tip_middle_root_1_3_1,Random Forest,淡白,4,15,舌根,0,0
tip_middle_root_1_3_1,Random Forest,淡白,4,16,舌中,1,0
tip_middle_root_1_3_1,Random Forest,淡白,4,16,舌右邊,1,0
tip_middle_root_1_3_1,Random Forest,淡白,4,16,舌尖,1,0
tip_middle_root_1_3_1,Random Forest,淡白,4,16,舌左邊,1,0
tip_middle_root_1_3_1,Random Forest,淡白,4,16,舌根,1,0
tip_middle_root_1_3_1,Random Forest,淡白,4,20,舌中,0,0
tip_middle_root_1_3_1,Random Forest,淡白,4,20,舌尖,0,0
tip_middle_root_1_3_1,Random Forest,淡白,4,20,舌根,0,0
tip_middle_root_1_3_1,Random Forest,淡白,4,21,舌中,0,0
tip_middle_root_1_3_1,Random Forest,淡白,4,21,舌右邊,0,0
tip_middle_root_1_3_1,Random Forest,淡白,4,21,舌尖,0,0
tip_middle_root_1_3_1,Random Forest,淡白,4,21,舌左邊,0,0
tip_middle_root_1_3_1,Random Forest,淡白,4,21,舌根,0,0
tip_middle_root_1_3_1,Random Forest,淡白,4,25,舌中,0,0
tip_middle_root_1_3_1,Random Forest,淡白,4,25,舌右邊,0,0
tip_middle_root_1_3_1,Random Forest,淡白,4,25,舌尖,0,0
tip_middle_root_1_3_1,Random Forest,淡白,4,25,舌左邊,0,0
tip_middle_root_1_3_1,Random Forest,淡白,4,25,舌根,0,0
tip_middle_root_1_3_1,Random Forest,淡白,4,32,舌中,0,0
tip_middle_root_1_3_1,Random Forest,淡白,4,32,舌右邊,0,0
tip_middle_root_1_3_1,Random Forest,淡白,4,32,舌尖,0,0
tip_middle_root_1_3_1,Random Forest,淡白,4,32,舌左邊,0,0
tip_middle_root_1_3_1,Random Forest,淡白,4,32,舌根,0,1
tip_middle_root_1_3_1,Random Forest,淡白,4,38,舌中,0,0
tip_middle_root_1_3_1,Random Forest,淡白,4,38,舌右邊,0,0
tip_middle_root_1_3_1,Random Forest,淡白,4,38,舌尖,0,0
tip_middle_root_1_3_1,Random Forest,淡白,4,38,舌左邊,0,0
tip_middle_root_1_3_1,Random Forest,淡白,4,38,舌根,0,0
tip_middle_root_1_3_1,Random Forest,淡白,4,4,舌中,0,0
tip_middle_root_1_3_1,Random Forest,淡白,4,4,舌右邊,0,0
tip_middle_root_1_3_1,Random Forest,淡白,4,4,舌尖,0,0
tip_middle_root_1_3_1,Random Forest,淡白,4,4,舌左邊,0,0
tip_middle_root_1_3_1,Random Forest,淡白,4,4,舌根,0,0
tip_middle_root_1_3_1,Random Forest,淡白,4,50,舌中,0,0
tip_middle_root_1_3_1,Random Forest,淡白,4,50,舌右邊,0,1
tip_middle_root_1_3_1,Random Forest,淡白,4,50,舌尖,0,0
tip_middle_root_1_3_1,Random Forest,淡白,4,50,舌左邊,0,0
tip_middle_root_1_3_1,Random Forest,淡白,4,50,舌根,0,0
tip_middle_root_1_3_1,Random Forest,淡白,4,54,舌中,0,0
tip_middle_root_1_3_1,Random Forest,淡白,4,54,舌右邊,0,0
tip_middle_root_1_3_1,Random Forest,淡白,4,54,舌尖,0,0
tip_middle_root_1_3_1,Random Forest,淡白,4,54,舌左邊,0,0
tip_middle_root_1_3_1,Random Forest,淡白,4,54,舌根,0,0
tip_middle_root_1_3_1,Random Forest,淡白,4,59,舌中,0,0
tip_middle_root_1_3_1,Random Forest,淡白,4,59,舌右邊,0,0
tip_middle_root_1_3_1,Random Forest,淡白,4,59,舌尖,0,0
tip_middle_root_1_3_1,Random Forest,淡白,4,59,舌左邊,0,0
tip_middle_root_1_3_1,Random Forest,淡白,4,59,舌根,0,0
tip_middle_root_1_3_1,Random Forest,淡白,4,62,舌中,0,0
tip_middle_root_1_3_1,Random Forest,淡白,4,62,舌右邊,0,0
tip_middle_root_1_3_1,Random Forest,淡白,4,62,舌尖,0,0
tip_middle_root_1_3_1,Random Forest,淡白,4,62,舌左邊,0,0
tip_middle_root_1_3_1,Random Forest,淡白,4,62,舌根,0,0
tip_middle_root_1_3_1,Random Forest,淡白,4,71,舌中,0,0
tip_middle_root_1_3_1,Random Forest,淡白,4,71,舌右邊,0,0
tip_middle_root_1_3_1,Random Forest,淡白,4,71,舌尖,0,0
tip_middle_root_1_3_1,Random Forest,淡白,4,71,舌左邊,0,0
tip_middle_root_1_3_1,Random Forest,淡白,4,71,舌根,0,0
tip_middle_root_1_3_1,Random Forest,淡白,4,78,舌中,0,0
tip_middle_root_1_3_1,Random Forest,淡白,4,78,舌右邊,0,0
tip_middle_root_1_3_1,Random Forest,淡白,4,78,舌尖,0,0
tip_middle_root_1_3_1,Random Forest,淡白,4,78,舌左邊,0,0
tip_middle_root_1_3_1,Random Forest,淡白,4,78,舌根,0,0
tip_middle_root_1_3_1,Random Forest,淡白,4,81,舌中,0,0
tip_middle_root_1_3_1,Random Forest,淡白,4,81,舌右邊,0,0
tip_middle_root_1_3_1,Random Forest,淡白,4,81,舌尖,0,0
tip_middle_root_1_3_1,Random Forest,淡白,4,81,舌左邊,0,0
tip_middle_root_1_3_1,Random Forest,淡白,4,81,舌根,0,0
tip_middle_root_1_3_1,Random Forest,淡白,4,95,舌中,0,0
tip_middle_root_1_3_1,Random Forest,淡白,4,95,舌右邊,0,0
tip_middle_root_1_3_1,Random Forest,淡白,4,95,舌尖,0,0
tip_middle_root_1_3_1,Random Forest,淡白,4,95,舌左邊,0,0
tip_middle_root_1_3_1,Random Forest,淡白,4,95,舌根,0,0
tip_middle_root_1_3_1,Random Forest,淡白,4,98,舌中,0,0
tip_middle_root_1_3_1,Random Forest,淡白,4,98,舌右邊,0,0
tip_middle_root_1_3_1,Random Forest,淡白,4,98,舌尖,0,0
tip_middle_root_1_3_1,Random Forest,淡白,4,98,舌左邊,0,0
tip_middle_root_1_3_1,Random Forest,淡白,4,98,舌根,0,0
tip_middle_root_1_3_1,Random Forest,淡白,5,100,舌中,0,0
tip_middle_root_1_3_1,Random Forest,淡白,5,100,舌右邊,0,0
tip_middle_root_1_3_1,Random Forest,淡白,5,100,舌尖,0,0
tip_middle_root_1_3_1,Random Forest,淡白,5,100,舌左邊,0,0
tip_middle_root_1_3_1,Random Forest,淡白,5,100,舌根,0,0
tip_middle_root_1_3_1,Random Forest,淡白,5,14,舌中,0,0
tip_middle_root_1_3_1,Random Forest,淡白,5,14,舌右邊,0,0
tip_middle_root_1_3_1,Random Forest,淡白,5,14,舌左邊,0,0
tip_middle_root_1_3_1,Random Forest,淡白,5,14,舌根,0,0
tip_middle_root_1_3_1,Random Forest,淡白,5,17,舌中,0,0
tip_middle_root_1_3_1,Random Forest,淡白,5,17,舌右邊,0,0
tip_middle_root_1_3_1,Random Forest,淡白,5,17,舌尖,0,0
tip_middle_root_1_3_1,Random Forest,淡白,5,17,舌左邊,0,0
tip_middle_root_1_3_1,Random Forest,淡白,5,17,舌根,0,0
tip_middle_root_1_3_1,Random Forest,淡白,5,18,舌中,0,0
tip_middle_root_1_3_1,Random Forest,淡白,5,18,舌右邊,0,0
tip_middle_root_1_3_1,Random Forest,淡白,5,18,舌尖,0,0
tip_middle_root_1_3_1,Random Forest,淡白,5,18,舌左邊,0,0
tip_middle_root_1_3_1,Random Forest,淡白,5,18,舌根,0,0
tip_middle_root_1_3_1,Random Forest,淡白,5,27,舌中,0,0
tip_middle_root_1_3_1,Random Forest,淡白,5,27,舌根,0,0
tip_middle_root_1_3_1,Random Forest,淡白,5,29,舌中,0,0
tip_middle_root_1_3_1,Random Forest,淡白,5,29,舌右邊,0,0
tip_middle_root_1_3_1,Random Forest,淡白,5,29,舌尖,0,0
tip_middle_root_1_3_1,Random Forest,淡白,5,29,舌左邊,0,0
tip_middle_root_1_3_1,Random Forest,淡白,5,29,舌根,0,0
tip_middle_root_1_3_1,Random Forest,淡白,5,31,舌中,0,0
tip_middle_root_1_3_1,Random Forest,淡白,5,31,舌右邊,0,0
tip_middle_root_1_3_1,Random Forest,淡白,5,31,舌尖,0,0
tip_middle_root_1_3_1,Random Forest,淡白,5,31,舌左邊,0,0
tip_middle_root_1_3_1,Random Forest,淡白,5,31,舌根,0,0
tip_middle_root_1_3_1,Random Forest,淡白,5,37,舌中,0,0
tip_middle_root_1_3_1,Random Forest,淡白,5,37,舌右邊,0,0
tip_middle_root_1_3_1,Random Forest,淡白,5,37,舌尖,0,0
tip_middle_root_1_3_1,Random Forest,淡白,5,37,舌左邊,0,0
tip_middle_root_1_3_1,Random Forest,淡白,5,37,舌根,0,0
tip_middle_root_1_3_1,Random Forest,淡白,5,41,舌中,0,0
tip_middle_root_1_3_1,Random Forest,淡白,5,41,舌右邊,0,0
tip_middle_root_1_3_1,Random Forest,淡白,5,41,舌尖,0,0
tip_middle_root_1_3_1,Random Forest,淡白,5,41,舌左邊,0,0
tip_middle_root_1_3_1,Random Forest,淡白,5,41,舌根,0,0
tip_middle_root_1_3_1,Random Forest,淡白,5,43,舌中,0,0
tip_middle_root_1_3_1,Random Forest,淡白,5,43,舌右邊,0,0
tip_middle_root_1_3_1,Random Forest,淡白,5,43,舌尖,0,0
tip_middle_root_1_3_1,Random Forest,淡白,5,43,舌左邊,0,0
tip_middle_root_1_3_1,Random Forest,淡白,5,43,舌根,0,0
tip_middle_root_1_3_1,Random Forest,淡白,5,47,舌中,0,0
tip_middle_root_1_3_1,Random Forest,淡白,5,47,舌右邊,0,0
tip_middle_root_1_3_1,Random Forest,淡白,5,47,舌尖,0,0
tip_middle_root_1_3_1,Random Forest,淡白,5,47,舌左邊,0,0
tip_middle_root_1_3_1,Random Forest,淡白,5,47,舌根,0,0
tip_middle_root_1_3_1,Random Forest,淡白,5,51,舌中,0,0
tip_middle_root_1_3_1,Random Forest,淡白,5,51,舌右邊,0,0
tip_middle_root_1_3_1,Random Forest,淡白,5,51,舌尖,0,0
tip_middle_root_1_3_1,Random Forest,淡白,5,51,舌左邊,0,0
tip_middle_root_1_3_1,Random Forest,淡白,5,51,舌根,0,0
tip_middle_root_1_3_1,Random Forest,淡白,5,58,舌中,1,0
tip_middle_root_1_3_1,Random Forest,淡白,5,58,舌右邊,1,0
tip_middle_root_1_3_1,Random Forest,淡白,5,58,舌左邊,1,0
tip_middle_root_1_3_1,Random Forest,淡白,5,58,舌根,1,0
tip_middle_root_1_3_1,Random Forest,淡白,5,6,舌中,0,0
tip_middle_root_1_3_1,Random Forest,淡白,5,6,舌右邊,0,0
tip_middle_root_1_3_1,Random Forest,淡白,5,6,舌尖,0,0
tip_middle_root_1_3_1,Random Forest,淡白,5,6,舌左邊,0,0
tip_middle_root_1_3_1,Random Forest,淡白,5,6,舌根,0,0
tip_middle_root_1_3_1,Random Forest,淡白,5,74,舌中,0,0
tip_middle_root_1_3_1,Random Forest,淡白,5,74,舌右邊,0,0
tip_middle_root_1_3_1,Random Forest,淡白,5,74,舌尖,0,0
tip_middle_root_1_3_1,Random Forest,淡白,5,74,舌左邊,0,0
tip_middle_root_1_3_1,Random Forest,淡白,5,74,舌根,0,0
tip_middle_root_1_3_1,Random Forest,淡白,5,75,舌中,0,0
tip_middle_root_1_3_1,Random Forest,淡白,5,75,舌右邊,0,0
tip_middle_root_1_3_1,Random Forest,淡白,5,75,舌尖,0,0
tip_middle_root_1_3_1,Random Forest,淡白,5,75,舌左邊,0,0
tip_middle_root_1_3_1,Random Forest,淡白,5,75,舌根,0,0
tip_middle_root_1_3_1,Random Forest,淡白,5,86,舌中,0,0
tip_middle_root_1_3_1,Random Forest,淡白,5,86,舌右邊,0,0
tip_middle_root_1_3_1,Random Forest,淡白,5,86,舌尖,0,0
tip_middle_root_1_3_1,Random Forest,淡白,5,86,舌左邊,0,0
tip_middle_root_1_3_1,Random Forest,淡白,5,86,舌根,0,0
tip_middle_root_1_3_1,Random Forest,淡白,5,87,舌中,0,0
tip_middle_root_1_3_1,Random Forest,淡白,5,87,舌右邊,0,0
tip_middle_root_1_3_1,Random Forest,淡白,5,87,舌尖,0,0
tip_middle_root_1_3_1,Random Forest,淡白,5,87,舌左邊,0,0
tip_middle_root_1_3_1,Random Forest,淡白,5,87,舌根,0,0
tip_middle_root_1_3_1,Random Forest,淡白,5,8,舌中,0,1
tip_middle_root_1_3_1,Random Forest,淡白,5,8,舌右邊,0,1
tip_middle_root_1_3_1,Random Forest,淡白,5,8,舌尖,0,0
tip_middle_root_1_3_1,Random Forest,淡白,5,8,舌左邊,0,0
tip_middle_root_1_3_1,Random Forest,淡白,5,8,舌根,0,0
tip_middle_root_1_3_1,Random Forest,淡白,5,99,舌中,0,0
tip_middle_root_1_3_1,Random Forest,淡白,5,99,舌右邊,0,0
tip_middle_root_1_3_1,Random Forest,淡白,5,99,舌尖,0,0
tip_middle_root_1_3_1,Random Forest,淡白,5,99,舌左邊,0,0
tip_middle_root_1_3_1,Random Forest,淡白,5,99,舌根,0,0
tip_middle_root_1_2_2,SVM,鮮紅,1,12,舌中,0,0
tip_middle_root_1_2_2,SVM,鮮紅,1,12,舌右邊,0,1
tip_middle_root_1_2_2,SVM,鮮紅,1,12,舌尖,0,1
tip_middle_root_1_2_2,SVM,鮮紅,1,12,舌左邊,0,1
tip_middle_root_1_2_2,SVM,鮮紅,1,12,舌根,0,0
tip_middle_root_1_2_2,SVM,鮮紅,1,1,舌中,0,0
tip_middle_root_1_2_2,SVM,鮮紅,1,1,舌右邊,0,0
tip_middle_root_1_2_2,SVM,鮮紅,1,1,舌尖,0,0
tip_middle_root_1_2_2,SVM,鮮紅,1,1,舌左邊,0,0
tip_middle_root_1_2_2,SVM,鮮紅,1,1,舌根,0,0
tip_middle_root_1_2_2,SVM,鮮紅,1,24,舌中,0,0
tip_middle_root_1_2_2,SVM,鮮紅,1,24,舌右邊,0,0
tip_middle_root_1_2_2,SVM,鮮紅,1,24,舌尖,0,0
tip_middle_root_1_2_2,SVM,鮮紅,1,24,舌左邊,0,0
tip_middle_root_1_2_2,SVM,鮮紅,1,24,舌根,0,0
tip_middle_root_1_2_2,SVM,鮮紅,1,27,舌中,0,0
tip_middle_root_1_2_2,SVM,鮮紅,1,27,舌右邊,0,0
tip_middle_root_1_2_2,SVM,鮮紅,1,27,舌尖,0,0
tip_middle_root_1_2_2,SVM,鮮紅,1,27,舌左邊,0,0
tip_middle_root_1_2_2,SVM,鮮紅,1,27,舌根,0,0
tip_middle_root_1_2_2,SVM,鮮紅,1,31,舌右邊,1,1
tip_middle_root_1_2_2,SVM,鮮紅,1,31,舌尖,1,0
tip_middle_root_1_2_2,SVM,鮮紅,1,31,舌左邊,1,0
tip_middle_root_1_2_2,SVM,鮮紅,1,37,舌中,0,0
tip_middle_root_1_2_2,SVM,鮮紅,1,37,舌右邊,0,0
tip_middle_root_1_2_2,SVM,鮮紅,1,37,舌尖,0,0
tip_middle_root_1_2_2,SVM,鮮紅,1,37,舌左邊,0,0
tip_middle_root_1_2_2,SVM,鮮紅,1,37,舌根,0,0
tip_middle_root_1_2_2,SVM,鮮紅,1,3,舌中,0,0
tip_middle_root_1_2_2,SVM,鮮紅,1,3,舌右邊,0,0
tip_middle_root_1_2_2,SVM,鮮紅,1,3,舌尖,0,0
tip_middle_root_1_2_2,SVM,鮮紅,1,3,舌左邊,0,0
tip_middle_root_1_2_2,SVM,鮮紅,1,3,舌根,0,0
tip_middle_root_1_2_2,SVM,鮮紅,1,40,舌右邊,1,1
tip_middle_root_1_2_2,SVM,鮮紅,1,40,舌左邊,1,1
tip_middle_root_1_2_2,SVM,鮮紅,1,42,舌右邊,1,1
tip_middle_root_1_2_2,SVM,鮮紅,1,42,舌尖,1,1
tip_middle_root_1_2_2,SVM,鮮紅,1,42,舌左邊,1,1
tip_middle_root_1_2_2,SVM,鮮紅,1,48,舌尖,1,1
tip_middle_root_1_2_2,SVM,鮮紅,1,50,舌中,0,0
tip_middle_root_1_2_2,SVM,鮮紅,1,50,舌右邊,0,0
tip_middle_root_1_2_2,SVM,鮮紅,1,50,舌左邊,0,0
tip_middle_root_1_2_2,SVM,鮮紅,1,50,舌根,0,0
tip_middle_root_1_2_2,SVM,鮮紅,1,54,舌中,0,0
tip_middle_root_1_2_2,SVM,鮮紅,1,54,舌右邊,0,0
tip_middle_root_1_2_2,SVM,鮮紅,1,54,舌尖,0,0
tip_middle_root_1_2_2,SVM,鮮紅,1,54,舌左邊,0,0
tip_middle_root_1_2_2,SVM,鮮紅,1,54,舌根,0,0
tip_middle_root_1_2_2,SVM,鮮紅,1,63,舌尖,1,1
tip_middle_root_1_2_2,SVM,鮮紅,1,64,舌中,0,0
tip_middle_root_1_2_2,SVM,鮮紅,1,64,舌右邊,0,0
tip_middle_root_1_2_2,SVM,鮮紅,1,64,舌左邊,0,0
tip_middle_root_1_2_2,SVM,鮮紅,1,64,舌根,0,0
tip_middle_root_1_2_2,SVM,鮮紅,1,65,舌中,1,1
tip_middle_root_1_2_2,SVM,鮮紅,1,65,舌右邊,1,1
tip_middle_root_1_2_2,SVM,鮮紅,1,65,舌尖,1,1
tip_middle_root_1_2_2,SVM,鮮紅,1,65,舌左邊,1,1
tip_middle_root_1_2_2,SVM,鮮紅,1,65,舌根,1,0
tip_middle_root_1_2_2,SVM,鮮紅,1,85,舌中,1,0
tip_middle_root_1_2_2,SVM,鮮紅,1,85,舌右邊,1,1
tip_middle_root_1_2_2,SVM,鮮紅,1,85,舌尖,1,1
tip_middle_root_1_2_2,SVM,鮮紅,1,85,舌左邊,1,0
tip_middle_root_1_2_2,SVM,鮮紅,1,85,舌根,1,0
tip_middle_root_1_2_2,SVM,鮮紅,1,90,舌尖,1,1
tip_middle_root_1_2_2,SVM,鮮紅,1,98,舌中,0,0
tip_middle_root_1_2_2,SVM,鮮紅,1,98,舌右邊,0,0
tip_middle_root_1_2_2,SVM,鮮紅,1,98,舌尖,0,0
tip_middle_root_1_2_2,SVM,鮮紅,1,98,舌左邊,0,0
tip_middle_root_1_2_2,SVM,鮮紅,1,98,舌根,0,0
tip_middle_root_1_2_2,SVM,鮮紅,2,10,舌中,1,0
tip_middle_root_1_2_2,SVM,鮮紅,2,10,舌右邊,1,1
tip_middle_root_1_2_2,SVM,鮮紅,2,10,舌尖,1,0
tip_middle_root_1_2_2,SVM,鮮紅,2,10,舌左邊,1,1
tip_middle_root_1_2_2,SVM,鮮紅,2,10,舌根,1,0
tip_middle_root_1_2_2,SVM,鮮紅,2,15,舌中,0,0
tip_middle_root_1_2_2,SVM,鮮紅,2,15,舌右邊,1,0
tip_middle_root_1_2_2,SVM,鮮紅,2,15,舌尖,1,0
tip_middle_root_1_2_2,SVM,鮮紅,2,15,舌左邊,1,0
tip_middle_root_1_2_2,SVM,鮮紅,2,15,舌根,0,0
tip_middle_root_1_2_2,SVM,鮮紅,2,19,舌中,0,0
tip_middle_root_1_2_2,SVM,鮮紅,2,19,舌右邊,0,0
tip_middle_root_1_2_2,SVM,鮮紅,2,19,舌尖,0,0
tip_middle_root_1_2_2,SVM,鮮紅,2,19,舌左邊,0,0
tip_middle_root_1_2_2,SVM,鮮紅,2,19,舌根,0,0
tip_middle_root_1_2_2,SVM,鮮紅,2,20,舌中,0,0
tip_middle_root_1_2_2,SVM,鮮紅,2,20,舌右邊,0,0
tip_middle_root_1_2_2,SVM,鮮紅,2,20,舌尖,0,0
tip_middle_root_1_2_2,SVM,鮮紅,2,20,舌左邊,0,0
tip_middle_root_1_2_2,SVM,鮮紅,2,20,舌根,0,0
tip_middle_root_1_2_2,SVM,鮮紅,2,25,舌中,0,0
tip_middle_root_1_2_2,SVM,鮮紅,2,25,舌右邊,0,1
tip_middle_root_1_2_2,SVM,鮮紅,2,25,舌尖,0,1
tip_middle_root_1_2_2,SVM,鮮紅,2,25,舌左邊,0,0
tip_middle_root_1_2_2,SVM,鮮紅,2,25,舌根,0,0
tip_middle_root_1_2_2,SVM,鮮紅,2,35,舌右邊,1,1
tip_middle_root_1_2_2,SVM,鮮紅,2,35,舌左邊,1,1
tip_middle_root_1_2_2,SVM,鮮紅,2,38,舌中,0,0
tip_middle_root_1_2_2,SVM,鮮紅,2,38,舌右邊,0,0
tip_middle_root_1_2_2,SVM,鮮紅,2,38,舌尖,0,0
tip_middle_root_1_2_2,SVM,鮮紅,2,38,舌左邊,0,0
tip_middle_root_1_2_2,SVM,鮮紅,2,38,舌根,0,0
tip_middle_root_1_2_2,SVM,鮮紅,2,41,舌中,0,0
tip_middle_root_1_2_2,SVM,鮮紅,2,41,舌右邊,0,0
tip_middle_root_1_2_2,SVM,鮮紅,2,41,舌尖,0,0
tip_middle_root_1_2_2,SVM,鮮紅,2,41,舌左邊,0,0
tip_middle_root_1_2_2,SVM,鮮紅,2,41,舌根,0,0
tip_middle_root_1_2_2,SVM,鮮紅,2,45,舌中,0,0
tip_middle_root_1_2_2,SVM,鮮紅,2,45,舌右邊,0,0
tip_middle_root_1_2_2,SVM,鮮紅,2,45,舌尖,0,0
tip_middle_root_1_2_2,SVM,鮮紅,2,45,舌左邊,0,0
tip_middle_root_1_2_2,SVM,鮮紅,2,45,舌根,0,0
tip_middle_root_1_2_2,SVM,鮮紅,2,5,舌中,0,0
tip_middle_root_1_2_2,SVM,鮮紅,2,5,舌右邊,0,0
tip_middle_root_1_2_2,SVM,鮮紅,2,5,舌尖,0,0
tip_middle_root_1_2_2,SVM,鮮紅,2,5,舌左邊,0,0
tip_middle_root_1_2_2,SVM,鮮紅,2,5,舌根,0,0
tip_middle_root_1_2_2,SVM,鮮紅,2,67,舌右邊,1,1
tip_middle_root_1_2_2,SVM,鮮紅,2,67,舌尖,1,1
tip_middle_root_1_2_2,SVM,鮮紅,2,67,舌左邊,1,1
tip_middle_root_1_2_2,SVM,鮮紅,2,6,舌中,0,0
tip_middle_root_1_2_2,SVM,鮮紅,2,6,舌尖,0,0
tip_middle_root_1_2_2,SVM,鮮紅,2,6,舌根,0,0
tip_middle_root_1_2_2,SVM,鮮紅,2,7,舌中,0,0
tip_middle_root_1_2_2,SVM,鮮紅,2,7,舌右邊,0,0
tip_middle_root_1_2_2,SVM,鮮紅,2,7,舌尖,0,0
tip_middle_root_1_2_2,SVM,鮮紅,2,7,舌左邊,0,0
tip_middle_root_1_2_2,SVM,鮮紅,2,7,舌根,0,0
tip_middle_root_1_2_2,SVM,鮮紅,2,82,舌中,1,1
tip_middle_root_1_2_2,SVM,鮮紅,2,82,舌右邊,1,1
tip_middle_root_1_2_2,SVM,鮮紅,2,82,舌尖,1,1
tip_middle_root_1_2_2,SVM,鮮紅,2,82,舌左邊,1,1
tip_middle_root_1_2_2,SVM,鮮紅,2,82,舌根,1,0
tip_middle_root_1_2_2,SVM,鮮紅,2,86,舌中,0,0
tip_middle_root_1_2_2,SVM,鮮紅,2,86,舌右邊,0,0
tip_middle_root_1_2_2,SVM,鮮紅,2,86,舌左邊,0,0
tip_middle_root_1_2_2,SVM,鮮紅,2,86,舌根,0,0
tip_middle_root_1_2_2,SVM,鮮紅,2,96,舌中,1,1
tip_middle_root_1_2_2,SVM,鮮紅,2,96,舌右邊,1,1
tip_middle_root_1_2_2,SVM,鮮紅,2,96,舌尖,1,1
tip_middle_root_1_2_2,SVM,鮮紅,2,96,舌左邊,1,1
tip_middle_root_1_2_2,SVM,鮮紅,3,16,舌中,0,0
tip_middle_root_1_2_2,SVM,鮮紅,3,16,舌右邊,0,0
tip_middle_root_1_2_2,SVM,鮮紅,3,16,舌尖,0,0
tip_middle_root_1_2_2,SVM,鮮紅,3,16,舌左邊,0,0
tip_middle_root_1_2_2,SVM,鮮紅,3,16,舌根,0,0
tip_middle_root_1_2_2,SVM,鮮紅,3,23,舌中,0,0
tip_middle_root_1_2_2,SVM,鮮紅,3,23,舌右邊,0,0
tip_middle_root_1_2_2,SVM,鮮紅,3,23,舌尖,0,0
tip_middle_root_1_2_2,SVM,鮮紅,3,23,舌左邊,0,0
tip_middle_root_1_2_2,SVM,鮮紅,3,23,舌根,0,0
tip_middle_root_1_2_2,SVM,鮮紅,3,26,舌中,0,0
tip_middle_root_1_2_2,SVM,鮮紅,3,26,舌尖,0,1
tip_middle_root_1_2_2,SVM,鮮紅,3,26,舌根,0,0
tip_middle_root_1_2_2,SVM,鮮紅,3,2,舌中,0,0
tip_middle_root_1_2_2,SVM,鮮紅,3,2,舌右邊,1,0
tip_middle_root_1_2_2,SVM,鮮紅,3,2,舌尖,0,1
tip_middle_root_1_2_2,SVM,鮮紅,3,2,舌左邊,1,1
tip_middle_root_1_2_2,SVM,鮮紅,3,2,舌根,0,0
tip_middle_root_1_2_2,SVM,鮮紅,3,30,舌中,0,0
tip_middle_root_1_2_2,SVM,鮮紅,3,30,舌右邊,0,0
tip_middle_root_1_2_2,SVM,鮮紅,3,30,舌尖,0,1
tip_middle_root_1_2_2,SVM,鮮紅,3,30,舌左邊,0,0
tip_middle_root_1_2_2,SVM,鮮紅,3,30,舌根,0,0
tip_middle_root_1_2_2,SVM,鮮紅,3,46,舌中,0,0
tip_middle_root_1_2_2,SVM,鮮紅,3,46,舌右邊,0,0
tip_middle_root_1_2_2,SVM,鮮紅,3,46,舌左邊,0,0
tip_middle_root_1_2_2,SVM,鮮紅,3,46,舌根,0,0
tip_middle_root_1_2_2,SVM,鮮紅,3,47,舌中,0,0
tip_middle_root_1_2_2,SVM,鮮紅,3,47,舌右邊,0,1
tip_middle_root_1_2_2,SVM,鮮紅,3,47,舌尖,0,1
tip_middle_root_1_2_2,SVM,鮮紅,3,47,舌左邊,0,1
tip_middle_root_1_2_2,SVM,鮮紅,3,47,舌根,0,0
tip_middle_root_1_2_2,SVM,鮮紅,3,51,舌右邊,1,1
tip_middle_root_1_2_2,SVM,鮮紅,3,51,舌左邊,1,1
tip_middle_root_1_2_2,SVM,鮮紅,3,57,舌中,0,0
tip_middle_root_1_2_2,SVM,鮮紅,3,57,舌右邊,0,1
tip_middle_root_1_2_2,SVM,鮮紅,3,57,舌尖,0,1
tip_middle_root_1_2_2,SVM,鮮紅,3,57,舌左邊,0,0
tip_middle_root_1_2_2,SVM,鮮紅,3,57,舌根,0,0
tip_middle_root_1_2_2,SVM,鮮紅,3,72,舌中,1,0
tip_middle_root_1_2_2,SVM,鮮紅,3,72,舌右邊,1,1
tip_middle_root_1_2_2,SVM,鮮紅,3,72,舌尖,1,1
tip_middle_root_1_2_2,SVM,鮮紅,3,72,舌左邊,1,1
tip_middle_root_1_2_2,SVM,鮮紅,3,76,舌右邊,1,1
tip_middle_root_1_2_2,SVM,鮮紅,3,76,舌左邊,1,1
tip_middle_root_1_2_2,SVM,鮮紅,3,79,舌中,1,1
tip_middle_root_1_2_2,SVM,鮮紅,3,79,舌右邊,1,1
tip_middle_root_1_2_2,SVM,鮮紅,3,79,舌尖,1,1
tip_middle_root_1_2_2,SVM,鮮紅,3,79,舌左邊,1,1
tip_middle_root_1_2_2,SVM,鮮紅,3,79,舌根,1,1
tip_middle_root_1_2_2,SVM,鮮紅,3,84,舌中,0,0
tip_middle_root_1_2_2,SVM,鮮紅,3,84,舌右邊,0,1
tip_middle_root_1_2_2,SVM,鮮紅,3,84,舌尖,0,0
tip_middle_root_1_2_2,SVM,鮮紅,3,84,舌左邊,0,1
tip_middle_root_1_2_2,SVM,鮮紅,3,84,舌根,0,0
tip_middle_root_1_2_2,SVM,鮮紅,3,88,舌中,0,0
tip_middle_root_1_2_2,SVM,鮮紅,3,88,舌右邊,0,0
tip_middle_root_1_2_2,SVM,鮮紅,3,88,舌尖,0,0
tip_middle_root_1_2_2,SVM,鮮紅,3,88,舌左邊,0,0
tip_middle_root_1_2_2,SVM,鮮紅,3,88,舌根,0,0
tip_middle_root_1_2_2,SVM,鮮紅,3,93,舌中,1,1
tip_middle_root_1_2_2,SVM,鮮紅,3,93,舌右邊,1,1
tip_middle_root_1_2_2,SVM,鮮紅,3,93,舌尖,1,1
tip_middle_root_1_2_2,SVM,鮮紅,3,93,舌左邊,1,1
tip_middle_root_1_2_2,SVM,鮮紅,3,93,舌根,1,1
tip_middle_root_1_2_2,SVM,鮮紅,3,94,舌中,0,0
tip_middle_root_1_2_2,SVM,鮮紅,3,94,舌右邊,0,1
tip_middle_root_1_2_2,SVM,鮮紅,3,94,舌尖,0,0
tip_middle_root_1_2_2,SVM,鮮紅,3,94,舌左邊,0,0
tip_middle_root_1_2_2,SVM,鮮紅,3,94,舌根,0,0
tip_middle_root_1_2_2,SVM,鮮紅,4,11,舌中,0,0
tip_middle_root_1_2_2,SVM,鮮紅,4,11,舌右邊,0,1
tip_middle_root_1_2_2,SVM,鮮紅,4,11,舌尖,0,0
tip_middle_root_1_2_2,SVM,鮮紅,4,11,舌左邊,0,1
tip_middle_root_1_2_2,SVM,鮮紅,4,11,舌根,0,0
tip_middle_root_1_2_2,SVM,鮮紅,4,21,舌中,0,0
tip_middle_root_1_2_2,SVM,鮮紅,4,21,舌右邊,0,1
tip_middle_root_1_2_2,SVM,鮮紅,4,21,舌尖,0,1
tip_middle_root_1_2_2,SVM,鮮紅,4,21,舌左邊,0,0
tip_middle_root_1_2_2,SVM,鮮紅,4,21,舌根,0,0
tip_middle_root_1_2_2,SVM,鮮紅,4,29,舌中,0,0
tip_middle_root_1_2_2,SVM,鮮紅,4,29,舌右邊,0,0
tip_middle_root_1_2_2,SVM,鮮紅,4,29,舌尖,0,0
tip_middle_root_1_2_2,SVM,鮮紅,4,29,舌左邊,0,0
tip_middle_root_1_2_2,SVM,鮮紅,4,29,舌根,0,0
tip_middle_root_1_2_2,SVM,鮮紅,4,32,舌右邊,1,1
tip_middle_root_1_2_2,SVM,鮮紅,4,32,舌尖,1,1
tip_middle_root_1_2_2,SVM,鮮紅,4,32,舌左邊,1,0
tip_middle_root_1_2_2,SVM,鮮紅,4,34,舌右邊,1,0
tip_middle_root_1_2_2,SVM,鮮紅,4,34,舌尖,1,0
tip_middle_root_1_2_2,SVM,鮮紅,4,34,舌左邊,1,0
tip_middle_root_1_2_2,SVM,鮮紅,4,36,舌中,0,0
tip_middle_root_1_2_2,SVM,鮮紅,4,36,舌右邊,0,0
tip_middle_root_1_2_2,SVM,鮮紅,4,36,舌尖,0,0
tip_middle_root_1_2_2,SVM,鮮紅,4,36,舌左邊,0,0
tip_middle_root_1_2_2,SVM,鮮紅,4,36,舌根,0,0
tip_middle_root_1_2_2,SVM,鮮紅,4,43,舌尖,1,1
tip_middle_root_1_2_2,SVM,鮮紅,4,49,舌中,0,0
tip_middle_root_1_2_2,SVM,鮮紅,4,49,舌右邊,0,0
tip_middle_root_1_2_2,SVM,鮮紅,4,49,舌尖,0,0
tip_middle_root_1_2_2,SVM,鮮紅,4,49,舌左邊,0,0
tip_middle_root_1_2_2,SVM,鮮紅,4,49,舌根,0,0
tip_middle_root_1_2_2,SVM,鮮紅,4,53,舌尖,1,0
tip_middle_root_1_2_2,SVM,鮮紅,4,60,舌尖,1,0
tip_middle_root_1_2_2,SVM,鮮紅,4,70,舌中,1,1
tip_middle_root_1_2_2,SVM,鮮紅,4,70,舌右邊,1,1
tip_middle_root_1_2_2,SVM,鮮紅,4,70,舌尖,1,1
tip_middle_root_1_2_2,SVM,鮮紅,4,70,舌左邊,1,0
tip_middle_root_1_2_2,SVM,鮮紅,4,70,舌根,1,0
tip_middle_root_1_2_2,SVM,鮮紅,4,75,舌中,0,0
tip_middle_root_1_2_2,SVM,鮮紅,4,75,舌右邊,0,1
tip_middle_root_1_2_2,SVM,鮮紅,4,75,舌左邊,0,1
tip_middle_root_1_2_2,SVM,鮮紅,4,75,舌根,0,0
tip_middle_root_1_2_2,SVM,鮮紅,4,80,舌右邊,1,1
tip_middle_root_1_2_2,SVM,鮮紅,4,80,舌左邊,1,1
tip_middle_root_1_2_2,SVM,鮮紅,4,87,舌中,1,1
tip_middle_root_1_2_2,SVM,鮮紅,4,87,舌右邊,1,1
tip_middle_root_1_2_2,SVM,鮮紅,4,87,舌尖,1,1
tip_middle_root_1_2_2,SVM,鮮紅,4,87,舌左邊,1,1
tip_middle_root_1_2_2,SVM,鮮紅,4,87,舌根,1,1
tip_middle_root_1_2_2,SVM,鮮紅,4,8,舌中,0,0
tip_middle_root_1_2_2,SVM,鮮紅,4,8,舌右邊,0,0
tip_middle_root_1_2_2,SVM,鮮紅,4,8,舌尖,0,0
tip_middle_root_1_2_2,SVM,鮮紅,4,8,舌左邊,0,0
tip_middle_root_1_2_2,SVM,鮮紅,4,8,舌根,0,0
tip_middle_root_1_2_2,SVM,鮮紅,4,91,舌中,0,0
tip_middle_root_1_2_2,SVM,鮮紅,4,91,舌右邊,0,0
tip_middle_root_1_2_2,SVM,鮮紅,4,91,舌尖,0,0
tip_middle_root_1_2_2,SVM,鮮紅,4,91,舌左邊,0,0
tip_middle_root_1_2_2,SVM,鮮紅,4,91,舌根,0,0
tip_middle_root_1_2_2,SVM,鮮紅,4,97,舌中,0,0
tip_middle_root_1_2_2,SVM,鮮紅,4,97,舌右邊,0,0
tip_middle_root_1_2_2,SVM,鮮紅,4,97,舌尖,0,1
tip_middle_root_1_2_2,SVM,鮮紅,4,97,舌左邊,0,0
tip_middle_root_1_2_2,SVM,鮮紅,4,97,舌根,0,0
tip_middle_root_1_2_2,SVM,鮮紅,4,9,舌中,0,0
tip_middle_root_1_2_2,SVM,鮮紅,4,9,舌右邊,0,0
tip_middle_root_1_2_2,SVM,鮮紅,4,9,舌左邊,0,0
tip_middle_root_1_2_2,SVM,鮮紅,4,9,舌根,0,0
tip_middle_root_1_2_2,SVM,鮮紅,5,100,舌根,0,1
tip_middle_root_1_2_2,SVM,鮮紅,5,13,舌中,0,0
tip_middle_root_1_2_2,SVM,鮮紅,5,13,舌右邊,0,1
tip_middle_root_1_2_2,SVM,鮮紅,5,13,舌左邊,0,1
tip_middle_root_1_2_2,SVM,鮮紅,5,13,舌根,0,0
tip_middle_root_1_2_2,SVM,鮮紅,5,14,舌中,0,0
tip_middle_root_1_2_2,SVM,鮮紅,5,14,舌右邊,0,0
tip_middle_root_1_2_2,SVM,鮮紅,5,14,舌尖,0,0
tip_middle_root_1_2_2,SVM,鮮紅,5,14,舌左邊,0,0
tip_middle_root_1_2_2,SVM,鮮紅,5,14,舌根,0,0
tip_middle_root_1_2_2,SVM,鮮紅,5,17,舌中,0,0
tip_middle_root_1_2_2,SVM,鮮紅,5,17,舌右邊,0,1
tip_middle_root_1_2_2,SVM,鮮紅,5,17,舌尖,0,1
tip_middle_root_1_2_2,SVM,鮮紅,5,17,舌左邊,0,1
tip_middle_root_1_2_2,SVM,鮮紅,5,17,舌根,0,0
tip_middle_root_1_2_2,SVM,鮮紅,5,18,舌中,0,1
tip_middle_root_1_2_2,SVM,鮮紅,5,18,舌右邊,0,1
tip_middle_root_1_2_2,SVM,鮮紅,5,18,舌尖,0,1
tip_middle_root_1_2_2,SVM,鮮紅,5,18,舌左邊,0,1
tip_middle_root_1_2_2,SVM,鮮紅,5,18,舌根,0,1
tip_middle_root_1_2_2,SVM,鮮紅,5,22,舌中,1,0
tip_middle_root_1_2_2,SVM,鮮紅,5,22,舌右邊,1,1
tip_middle_root_1_2_2,SVM,鮮紅,5,22,舌尖,1,0
tip_middle_root_1_2_2,SVM,鮮紅,5,22,舌左邊,1,0
tip_middle_root_1_2_2,SVM,鮮紅,5,22,舌根,1,0
tip_middle_root_1_2_2,SVM,鮮紅,5,28,舌中,0,0
tip_middle_root_1_2_2,SVM,鮮紅,5,28,舌右邊,0,0
tip_middle_root_1_2_2,SVM,鮮紅,5,28,舌尖,0,0
tip_middle_root_1_2_2,SVM,鮮紅,5,28,舌左邊,0,0
tip_middle_root_1_2_2,SVM,鮮紅,5,28,舌根,0,0
tip_middle_root_1_2_2,SVM,鮮紅,5,33,舌尖,1,1
tip_middle_root_1_2_2,SVM,鮮紅,5,4,舌中,0,0
tip_middle_root_1_2_2,SVM,鮮紅,5,4,舌尖,0,1
tip_middle_root_1_2_2,SVM,鮮紅,5,55,舌中,0,0
tip_middle_root_1_2_2,SVM,鮮紅,5,55,舌右邊,0,1
tip_middle_root_1_2_2,SVM,鮮紅,5,55,舌尖,0,0
tip_middle_root_1_2_2,SVM,鮮紅,5,55,舌左邊,0,0
tip_middle_root_1_2_2,SVM,鮮紅,5,55,舌根,0,0
tip_middle_root_1_2_2,SVM,鮮紅,5,56,舌中,0,0
tip_middle_root_1_2_2,SVM,鮮紅,5,56,舌右邊,0,1
tip_middle_root_1_2_2,SVM,鮮紅,5,56,舌尖,0,1
tip_middle_root_1_2_2,SVM,鮮紅,5,56,舌左邊,0,0
tip_middle_root_1_2_2,SVM,鮮紅,5,56,舌根,0,0
tip_middle_root_1_2_2,SVM,鮮紅,5,58,舌中,0,0
tip_middle_root_1_2_2,SVM,鮮紅,5,58,舌右邊,0,0
tip_middle_root_1_2_2,SVM,鮮紅,5,58,舌尖,0,0
tip_middle_root_1_2_2,SVM,鮮紅,5,58,舌左邊,0,0
tip_middle_root_1_2_2,SVM,鮮紅,5,58,舌根,0,0
tip_middle_root_1_2_2,SVM,鮮紅,5,59,舌中,1,0
tip_middle_root_1_2_2,SVM,鮮紅,5,59,舌右邊,1,0
tip_middle_root_1_2_2,SVM,鮮紅,5,59,舌尖,1,1
tip_middle_root_1_2_2,SVM,鮮紅,5,59,舌左邊,1,0
tip_middle_root_1_2_2,SVM,鮮紅,5,66,舌中,1,0
tip_middle_root_1_2_2,SVM,鮮紅,5,66,舌尖,1,1
tip_middle_root_1_2_2,SVM,鮮紅,5,73,舌中,0,0
tip_middle_root_1_2_2,SVM,鮮紅,5,73,舌根,0,0
tip_middle_root_1_2_2,SVM,鮮紅,5,74,舌中,0,0
tip_middle_root_1_2_2,SVM,鮮紅,5,74,舌右邊,0,0
tip_middle_root_1_2_2,SVM,鮮紅,5,74,舌尖,0,0
tip_middle_root_1_2_2,SVM,鮮紅,5,74,舌左邊,0,0
tip_middle_root_1_2_2,SVM,鮮紅,5,74,舌根,0,0
tip_middle_root_1_2_2,SVM,鮮紅,5,89,舌右邊,1,1
tip_middle_root_1_2_2,SVM,鮮紅,5,89,舌尖,1,1
tip_middle_root_1_2_2,SVM,鮮紅,5,89,舌左邊,1,0
tip_middle_root_1_2_2,SVM,鮮紅,5,95,舌中,1,1
tip_middle_root_1_2_2,SVM,鮮紅,5,95,舌右邊,1,1
tip_middle_root_1_2_2,SVM,鮮紅,5,95,舌尖,1,1
tip_middle_root_1_2_2,SVM,鮮紅,5,95,舌左邊,1,0
tip_middle_root_1_2_2,SVM,鮮紅,5,95,舌根,1,0
tip_middle_root_1_2_2,Random Forest,鮮紅,1,12,舌中,0,0
tip_middle_root_1_2_2,Random Forest,鮮紅,1,12,舌右邊,0,1
tip_middle_root_1_2_2,Random Forest,鮮紅,1,12,舌尖,0,1
tip_middle_root_1_2_2,Random Forest,鮮紅,1,12,舌左邊,0,1
tip_middle_root_1_2_2,Random Forest,鮮紅,1,12,舌根,0,0
tip_middle_root_1_2_2,Random Forest,鮮紅,1,1,舌中,0,0
tip_middle_root_1_2_2,Random Forest,鮮紅,1,1,舌右邊,0,0
tip_middle_root_1_2_2,Random Forest,鮮紅,1,1,舌尖,0,0
tip_middle_root_1_2_2,Random Forest,鮮紅,1,1,舌左邊,0,0
tip_middle_root_1_2_2,Random Forest,鮮紅,1,1,舌根,0,0
tip_middle_root_1_2_2,Random Forest,鮮紅,1,24,舌中,0,0
tip_middle_root_1_2_2,Random Forest,鮮紅,1,24,舌右邊,0,0
tip_middle_root_1_2_2,Random Forest,鮮紅,1,24,舌尖,0,0
tip_middle_root_1_2_2,Random Forest,鮮紅,1,24,舌左邊,0,1
tip_middle_root_1_2_2,Random Forest,鮮紅,1,24,舌根,0,0
tip_middle_root_1_2_2,Random Forest,鮮紅,1,27,舌中,0,0
tip_middle_root_1_2_2,Random Forest,鮮紅,1,27,舌右邊,0,0
tip_middle_root_1_2_2,Random Forest,鮮紅,1,27,舌尖,0,0
tip_middle_root_1_2_2,Random Forest,鮮紅,1,27,舌左邊,0,0
tip_middle_root_1_2_2,Random Forest,鮮紅,1,27,舌根,0,0
tip_middle_root_1_2_2,Random Forest,鮮紅,1,31,舌右邊,1,1
tip_middle_root_1_2_2,Random Forest,鮮紅,1,31,舌尖,1,0
tip_middle_root_1_2_2,Random Forest,鮮紅,1,31,舌左邊,1,0
tip_middle_root_1_2_2,Random Forest,鮮紅,1,37,舌中,0,0
tip_middle_root_1_2_2,Random Forest,鮮紅,1,37,舌右邊,0,0
tip_middle_root_1_2_2,Random Forest,鮮紅,1,37,舌尖,0,0
tip_middle_root_1_2_2,Random Forest,鮮紅,1,37,舌左邊,0,0
tip_middle_root_1_2_2,Random Forest,鮮紅,1,37,舌根,0,0
tip_middle_root_1_2_2,Random Forest,鮮紅,1,3,舌中,0,0
tip_middle_root_1_2_2,Random Forest,鮮紅,1,3,舌右邊,0,1
tip_middle_root_1_2_2,Random Forest,鮮紅,1,3,舌尖,0,0
tip_middle_root_1_2_2,Random Forest,鮮紅,1,3,舌左邊,0,0
tip_middle_root_1_2_2,Random Forest,鮮紅,1,3,舌根,0,1
tip_middle_root_1_2_2,Random Forest,鮮紅,1,40,舌右邊,1,1
tip_middle_root_1_2_2,Random Forest,鮮紅,1,40,舌左邊,1,1
tip_middle_root_1_2_2,Random Forest,鮮紅,1,42,舌右邊,1,1
tip_middle_root_1_2_2,Random Forest,鮮紅,1,42,舌尖,1,1
tip_middle_root_1_2_2,Random Forest,鮮紅,1,42,舌左邊,1,0
tip_middle_root_1_2_2,Random Forest,鮮紅,1,48,舌尖,1,0
tip_middle_root_1_2_2,Random Forest,鮮紅,1,50,舌中,0,0
tip_middle_root_1_2_2,Random Forest,鮮紅,1,50,舌右邊,0,0
tip_middle_root_1_2_2,Random Forest,鮮紅,1,50,舌左邊,0,0
tip_middle_root_1_2_2,Random Forest,鮮紅,1,50,舌根,0,0
tip_middle_root_1_2_2,Random Forest,鮮紅,1,54,舌中,0,0
tip_middle_root_1_2_2,Random Forest,鮮紅,1,54,舌右邊,0,0
tip_middle_root_1_2_2,Random Forest,鮮紅,1,54,舌尖,0,0
tip_middle_root_1_2_2,Random Forest,鮮紅,1,54,舌左邊,0,0
tip_middle_root_1_2_2,Random Forest,鮮紅,1,54,舌根,0,0
tip_middle_root_1_2_2,Random Forest,鮮紅,1,63,舌尖,1,1
tip_middle_root_1_2_2,Random Forest,鮮紅,1,64,舌中,0,0
tip_middle_root_1_2_2,Random Forest,鮮紅,1,64,舌右邊,0,0
tip_middle_root_1_2_2,Random Forest,鮮紅,1,64,舌左邊,0,0
tip_middle_root_1_2_2,Random Forest,鮮紅,1,64,舌根,0,0
tip_middle_root_1_2_2,Random Forest,鮮紅,1,65,舌中,1,1
tip_middle_root_1_2_2,Random Forest,鮮紅,1,65,舌右邊,1,1
tip_middle_root_1_2_2,Random Forest,鮮紅,1,65,舌尖,1,1
tip_middle_root_1_2_2,Random Forest,鮮紅,1,65,舌左邊,1,1
tip_middle_root_1_2_2,Random Forest,鮮紅,1,65,舌根,1,1
tip_middle_root_1_2_2,Random Forest,鮮紅,1,85,舌中,1,1
tip_middle_root_1_2_2,Random Forest,鮮紅,1,85,舌右邊,1,1
tip_middle_root_1_2_2,Random Forest,鮮紅,1,85,舌尖,1,1
tip_middle_root_1_2_2,Random Forest,鮮紅,1,85,舌左邊,1,0
tip_middle_root_1_2_2,Random Forest,鮮紅,1,85,舌根,1,1
tip_middle_root_1_2_2,Random Forest,鮮紅,1,90,舌尖,1,1
tip_middle_root_1_2_2,Random Forest,鮮紅,1,98,舌中,0,0
tip_middle_root_1_2_2,Random Forest,鮮紅,1,98,舌右邊,0,0
tip_middle_root_1_2_2,Random Forest,鮮紅,1,98,舌尖,0,0
tip_middle_root_1_2_2,Random Forest,鮮紅,1,98,舌左邊,0,0
tip_middle_root_1_2_2,Random Forest,鮮紅,1,98,舌根,0,0
tip_middle_root_1_2_2,Random Forest,鮮紅,2,10,舌中,1,0
tip_middle_root_1_2_2,Random Forest,鮮紅,2,10,舌右邊,1,1
tip_middle_root_1_2_2,Random Forest,鮮紅,2,10,舌尖,1,0
tip_middle_root_1_2_2,Random Forest,鮮紅,2,10,舌左邊,1,1
tip_middle_root_1_2_2,Random Forest,鮮紅,2,10,舌根,1,0
tip_middle_root_1_2_2,Random Forest,鮮紅,2,15,舌中,0,0
tip_middle_root_1_2_2,Random Forest,鮮紅,2,15,舌右邊,1,0
tip_middle_root_1_2_2,Random Forest,鮮紅,2,15,舌尖,1,0
tip_middle_root_1_2_2,Random Forest,鮮紅,2,15,舌左邊,1,1
tip_middle_root_1_2_2,Random Forest,鮮紅,2,15,舌根,0,0
tip_middle_root_1_2_2,Random Forest,鮮紅,2,19,舌中,0,0
tip_middle_root_1_2_2,Random Forest,鮮紅,2,19,舌右邊,0,0
tip_middle_root_1_2_2,Random Forest,鮮紅,2,19,舌尖,0,0
tip_middle_root_1_2_2,Random Forest,鮮紅,2,19,舌左邊,0,0
tip_middle_root_1_2_2,Random Forest,鮮紅,2,19,舌根,0,0
tip_middle_root_1_2_2,Random Forest,鮮紅,2,20,舌中,0,0
tip_middle_root_1_2_2,Random Forest,鮮紅,2,20,舌右邊,0,0
tip_middle_root_1_2_2,Random Forest,鮮紅,2,20,舌尖,0,0
tip_middle_root_1_2_2,Random Forest,鮮紅,2,20,舌左邊,0,0
tip_middle_root_1_2_2,Random Forest,鮮紅,2,20,舌根,0,0
tip_middle_root_1_2_2,Random Forest,鮮紅,2,25,舌中,0,0
tip_middle_root_1_2_2,Random Forest,鮮紅,2,25,舌右邊,0,1
tip_middle_root_1_2_2,Random Forest,鮮紅,2,25,舌尖,0,1
tip_middle_root_1_2_2,Random Forest,鮮紅,2,25,舌左邊,0,1
tip_middle_root_1_2_2,Random Forest,鮮紅,2,25,舌根,0,0
tip_middle_root_1_2_2,Random Forest,鮮紅,2,35,舌右邊,1,1
tip_middle_root_1_2_2,Random Forest,鮮紅,2,35,舌左邊,1,1
tip_middle_root_1_2_2,Random Forest,鮮紅,2,38,舌中,0,0
tip_middle_root_1_2_2,Random Forest,鮮紅,2,38,舌右邊,0,0
tip_middle_root_1_2_2,Random Forest,鮮紅,2,38,舌尖,0,0
tip_middle_root_1_2_2,Random Forest,鮮紅,2,38,舌左邊,0,0
tip_middle_root_1_2_2,Random Forest,鮮紅,2,38,舌根,0,0
tip_middle_root_1_2_2,Random Forest,鮮紅,2,41,舌中,0,0
tip_middle_root_1_2_2,Random Forest,鮮紅,2,41,舌右邊,0,0
tip_middle_root_1_2_2,Random Forest,鮮紅,2,41,舌尖,0,0
tip_middle_root_1_2_2,Random Forest,鮮紅,2,41,舌左邊,0,0
tip_middle_root_1_2_2,Random Forest,鮮紅,2,41,舌根,0,0
tip_middle_root_1_2_2,Random Forest,鮮紅,2,45,舌中,0,0
tip_middle_root_1_2_2,Random Forest,鮮紅,2,45,舌右邊,0,0
tip_middle_root_1_2_2,Random Forest,鮮紅,2,45,舌尖,0,0
tip_middle_root_1_2_2,Random Forest,鮮紅,2,45,舌左邊,0,0
tip_middle_root_1_2_2,Random Forest,鮮紅,2,45,舌根,0,0
tip_middle_root_1_2_2,Random Forest,鮮紅,2,5,舌中,0,0
tip_middle_root_1_2_2,Random Forest,鮮紅,2,5,舌右邊,0,0
tip_middle_root_1_2_2,Random Forest,鮮紅,2,5,舌尖,0,0
tip_middle_root_1_2_2,Random Forest,鮮紅,2,5,舌左邊,0,0
tip_middle_root_1_2_2,Random Forest,鮮紅,2,5,舌根,0,0
tip_middle_root_1_2_2,Random Forest,鮮紅,2,67,舌右邊,1,1
tip_middle_root_1_2_2,Random Forest,鮮紅,2,67,舌尖,1,1
tip_middle_root_1_2_2,Random Forest,鮮紅,2,67,舌左邊,1,1
tip_middle_root_1_2_2,Random Forest,鮮紅,2,6,舌中,0,0
tip_middle_root_1_2_2,Random Forest,鮮紅,2,6,舌尖,0,0
tip_middle_root_1_2_2,Random Forest,鮮紅,2,6,舌根,0,0
tip_middle_root_1_2_2,Random Forest,鮮紅,2,7,舌中,0,0
tip_middle_root_1_2_2,Random Forest,鮮紅,2,7,舌右邊,0,0
tip_middle_root_1_2_2,Random Forest,鮮紅,2,7,舌尖,0,0
tip_middle_root_1_2_2,Random Forest,鮮紅,2,7,舌左邊,0,0
tip_middle_root_1_2_2,Random Forest,鮮紅,2,7,舌根,0,0
tip_middle_root_1_2_2,Random Forest,鮮紅,2,82,舌中,1,1
tip_middle_root_1_2_2,Random Forest,鮮紅,2,82,舌右邊,1,1
tip_middle_root_1_2_2,Random Forest,鮮紅,2,82,舌尖,1,1
tip_middle_root_1_2_2,Random Forest,鮮紅,2,82,舌左邊,1,1
tip_middle_root_1_2_2,Random Forest,鮮紅,2,82,舌根,1,1
tip_middle_root_1_2_2,Random Forest,鮮紅,2,86,舌中,0,0
tip_middle_root_1_2_2,Random Forest,鮮紅,2,86,舌右邊,0,0
tip_middle_root_1_2_2,Random Forest,鮮紅,2,86,舌左邊,0,0
tip_middle_root_1_2_2,Random Forest,鮮紅,2,86,舌根,0,0
tip_middle_root_1_2_2,Random Forest,鮮紅,2,96,舌中,1,1
tip_middle_root_1_2_2,Random Forest,鮮紅,2,96,舌右邊,1,1
tip_middle_root_1_2_2,Random Forest,鮮紅,2,96,舌尖,1,1
tip_middle_root_1_2_2,Random Forest,鮮紅,2,96,舌左邊,1,1
tip_middle_root_1_2_2,Random Forest,鮮紅,3,16,舌中,0,0
tip_middle_root_1_2_2,Random Forest,鮮紅,3,16,舌右邊,0,0
tip_middle_root_1_2_2,Random Forest,鮮紅,3,16,舌尖,0,0
tip_middle_root_1_2_2,Random Forest,鮮紅,3,16,舌左邊,0,0
tip_middle_root_1_2_2,Random Forest,鮮紅,3,16,舌根,0,0
tip_middle_root_1_2_2,Random Forest,鮮紅,3,23,舌中,0,0
tip_middle_root_1_2_2,Random Forest,鮮紅,3,23,舌右邊,0,0
tip_middle_root_1_2_2,Random Forest,鮮紅,3,23,舌尖,0,0
tip_middle_root_1_2_2,Random Forest,鮮紅,3,23,舌左邊,0,0
tip_middle_root_1_2_2,Random Forest,鮮紅,3,23,舌根,0,0
tip_middle_root_1_2_2,Random Forest,鮮紅,3,26,舌中,0,0
tip_middle_root_1_2_2,Random Forest,鮮紅,3,26,舌尖,0,1
tip_middle_root_1_2_2,Random Forest,鮮紅,3,26,舌根,0,0
tip_middle_root_1_2_2,Random Forest,鮮紅,3,2,舌中,0,0
tip_middle_root_1_2_2,Random Forest,鮮紅,3,2,舌右邊,1,1
tip_middle_root_1_2_2,Random Forest,鮮紅,3,2,舌尖,0,1
tip_middle_root_1_2_2,Random Forest,鮮紅,3,2,舌左邊,1,1
tip_middle_root_1_2_2,Random Forest,鮮紅,3,2,舌根,0,1
tip_middle_root_1_2_2,Random Forest,鮮紅,3,30,舌中,0,0
tip_middle_root_1_2_2,Random Forest,鮮紅,3,30,舌右邊,0,0
tip_middle_root_1_2_2,Random Forest,鮮紅,3,30,舌尖,0,0
tip_middle_root_1_2_2,Random Forest,鮮紅,3,30,舌左邊,0,0
tip_middle_root_1_2_2,Random Forest,鮮紅,3,30,舌根,0,0
tip_middle_root_1_2_2,Random Forest,鮮紅,3,46,舌中,0,0
tip_middle_root_1_2_2,Random Forest,鮮紅,3,46,舌右邊,0,0
tip_middle_root_1_2_2,Random Forest,鮮紅,3,46,舌左邊,0,0
tip_middle_root_1_2_2,Random Forest,鮮紅,3,46,舌根,0,0
tip_middle_root_1_2_2,Random Forest,鮮紅,3,47,舌中,0,0
tip_middle_root_1_2_2,Random Forest,鮮紅,3,47,舌右邊,0,1
tip_middle_root_1_2_2,Random Forest,鮮紅,3,47,舌尖,0,1
tip_middle_root_1_2_2,Random Forest,鮮紅,3,47,舌左邊,0,1
tip_middle_root_1_2_2,Random Forest,鮮紅,3,47,舌根,0,0
tip_middle_root_1_2_2,Random Forest,鮮紅,3,51,舌右邊,1,1
tip_middle_root_1_2_2,Random Forest,鮮紅,3,51,舌左邊,1,1
tip_middle_root_1_2_2,Random Forest,鮮紅,3,57,舌中,0,0
tip_middle_root_1_2_2,Random Forest,鮮紅,3,57,舌右邊,0,0
tip_middle_root_1_2_2,Random Forest,鮮紅,3,57,舌尖,0,1
tip_middle_root_1_2_2,Random Forest,鮮紅,3,57,舌左邊,0,0
tip_middle_root_1_2_2,Random Forest,鮮紅,3,57,舌根,0,0
tip_middle_root_1_2_2,Random Forest,鮮紅,3,72,舌中,1,1
tip_middle_root_1_2_2,Random Forest,鮮紅,3,72,舌右邊,1,1
tip_middle_root_1_2_2,Random Forest,鮮紅,3,72,舌尖,1,1
tip_middle_root_1_2_2,Random Forest,鮮紅,3,72,舌左邊,1,1
tip_middle_root_1_2_2,Random Forest,鮮紅,3,76,舌右邊,1,1
tip_middle_root_1_2_2,Random Forest,鮮紅,3,76,舌左邊,1,0
tip_middle_root_1_2_2,Random Forest,鮮紅,3,79,舌中,1,1
tip_middle_root_1_2_2,Random Forest,鮮紅,3,79,舌右邊,1,1
tip_middle_root_1_2_2,Random Forest,鮮紅,3,79,舌尖,1,1
tip_middle_root_1_2_2,Random Forest,鮮紅,3,79,舌左邊,1,1
tip_middle_root_1_2_2,Random Forest,鮮紅,3,79,舌根,1,1
tip_middle_root_1_2_2,Random Forest,鮮紅,3,84,舌中,0,0
tip_middle_root_1_2_2,Random Forest,鮮紅,3,84,舌右邊,0,0
tip_middle_root_1_2_2,Random Forest,鮮紅,3,84,舌尖,0,1
tip_middle_root_1_2_2,Random Forest,鮮紅,3,84,舌左邊,0,1
tip_middle_root_1_2_2,Random Forest,鮮紅,3,84,舌根,0,1
tip_middle_root_1_2_2,Random Forest,鮮紅,3,88,舌中,0,0
tip_middle_root_1_2_2,Random Forest,鮮紅,3,88,舌右邊,0,0
tip_middle_root_1_2_2,Random Forest,鮮紅,3,88,舌尖,0,0
tip_middle_root_1_2_2,Random Forest,鮮紅,3,88,舌左邊,0,0
tip_middle_root_1_2_2,Random Forest,鮮紅,3,88,舌根,0,0
tip_middle_root_1_2_2,Random Forest,鮮紅,3,93,舌中,1,1
tip_middle_root_1_2_2,Random Forest,鮮紅,3,93,舌右邊,1,1
tip_middle_root_1_2_2,Random Forest,鮮紅,3,93,舌尖,1,1
tip_middle_root_1_2_2,Random Forest,鮮紅,3,93,舌左邊,1,1
tip_middle_root_1_2_2,Random Forest,鮮紅,3,93,舌根,1,1
tip_middle_root_1_2_2,Random Forest,鮮紅,3,94,舌中,0,0
tip_middle_root_1_2_2,Random Forest,鮮紅,3,94,舌右邊,0,0
tip_middle_root_1_2_2,Random Forest,鮮紅,3,94,舌尖,0,0
tip_middle_root_1_2_2,Random Forest,鮮紅,3,94,舌左邊,0,0
tip_middle_root_1_2_2,Random Forest,鮮紅,3,94,舌根,0,0
tip_middle_root_1_2_2,Random Forest,鮮紅,4,11,舌中,0,0
tip_middle_root_1_2_2,Random Forest,鮮紅,4,11,舌右邊,0,1
tip_middle_root_1_2_2,Random Forest,鮮紅,4,11,舌尖,0,1
tip_middle_root_1_2_2,Random Forest,鮮紅,4,11,舌左邊,0,1
tip_middle_root_1_2_2,Random Forest,鮮紅,4,11,舌根,0,1
tip_middle_root_1_2_2,Random Forest,鮮紅,4,21,舌中,0,0
tip_middle_root_1_2_2,Random Forest,鮮紅,4,21,舌右邊,0,0
tip_middle_root_1_2_2,Random Forest,鮮紅,4,21,舌尖,0,1
tip_middle_root_1_2_2,Random Forest,鮮紅,4,21,舌左邊,0,0
tip_middle_root_1_2_2,Random Forest,鮮紅,4,21,舌根,0,0
tip_middle_root_1_2_2,Random Forest,鮮紅,4,29,舌中,0,0
tip_middle_root_1_2_2,Random Forest,鮮紅,4,29,舌右邊,0,0
tip_middle_root_1_2_2,Random Forest,鮮紅,4,29,舌尖,0,0
tip_middle_root_1_2_2,Random Forest,鮮紅,4,29,舌左邊,0,0
tip_middle_root_1_2_2,Random Forest,鮮紅,4,29,舌根,0,0
tip_middle_root_1_2_2,Random Forest,鮮紅,4,32,舌右邊,1,1
tip_middle_root_1_2_2,Random Forest,鮮紅,4,32,舌尖,1,1
tip_middle_root_1_2_2,Random Forest,鮮紅,4,32,舌左邊,1,0
tip_middle_root_1_2_2,Random Forest,鮮紅,4,34,舌右邊,1,0
tip_middle_root_1_2_2,Random Forest,鮮紅,4,34,舌尖,1,0
tip_middle_root_1_2_2,Random Forest,鮮紅,4,34,舌左邊,1,0
tip_middle_root_1_2_2,Random Forest,鮮紅,4,36,舌中,0,0
tip_middle_root_1_2_2,Random Forest,鮮紅,4,36,舌右邊,0,0
tip_middle_root_1_2_2,Random Forest,鮮紅,4,36,舌尖,0,0
tip_middle_root_1_2_2,Random Forest,鮮紅,4,36,舌左邊,0,0
tip_middle_root_1_2_2,Random Forest,鮮紅,4,36,舌根,0,0
tip_middle_root_1_2_2,Random Forest,鮮紅,4,43,舌尖,1,0
tip_middle_root_1_2_2,Random Forest,鮮紅,4,49,舌中,0,0
tip_middle_root_1_2_2,Random Forest,鮮紅,4,49,舌右邊,0,0
tip_middle_root_1_2_2,Random Forest,鮮紅,4,49,舌尖,0,0
tip_middle_root_1_2_2,Random Forest,鮮紅,4,49,舌左邊,0,0
tip_middle_root_1_2_2,Random Forest,鮮紅,4,49,舌根,0,0
tip_middle_root_1_2_2,Random Forest,鮮紅,4,53,舌尖,1,0
tip_middle_root_1_2_2,Random Forest,鮮紅,4,60,舌尖,1,0
tip_middle_root_1_2_2,Random Forest,鮮紅,4,70,舌中,1,1
tip_middle_root_1_2_2,Random Forest,鮮紅,4,70,舌右邊,1,1
tip_middle_root_1_2_2,Random Forest,鮮紅,4,70,舌尖,1,1
tip_middle_root_1_2_2,Random Forest,鮮紅,4,70,舌左邊,1,1
tip_middle_root_1_2_2,Random Forest,鮮紅,4,70,舌根,1,0
tip_middle_root_1_2_2,Random Forest,鮮紅,4,75,舌中,0,0
tip_middle_root_1_2_2,Random Forest,鮮紅,4,75,舌右邊,0,0
tip_middle_root_1_2_2,Random Forest,鮮紅,4,75,舌左邊,0,0
tip_middle_root_1_2_2,Random Forest,鮮紅,4,75,舌根,0,0
tip_middle_root_1_2_2,Random Forest,鮮紅,4,80,舌右邊,1,1
tip_middle_root_1_2_2,Random Forest,鮮紅,4,80,舌左邊,1,1
tip_middle_root_1_2_2,Random Forest,鮮紅,4,87,舌中,1,1
tip_middle_root_1_2_2,Random Forest,鮮紅,4,87,舌右邊,1,1
tip_middle_root_1_2_2,Random Forest,鮮紅,4,87,舌尖,1,1
tip_middle_root_1_2_2,Random Forest,鮮紅,4,87,舌左邊,1,1
tip_middle_root_1_2_2,Random Forest,鮮紅,4,87,舌根,1,1
tip_middle_root_1_2_2,Random Forest,鮮紅,4,8,舌中,0,0
tip_middle_root_1_2_2,Random Forest,鮮紅,4,8,舌右邊,0,0
tip_middle_root_1_2_2,Random Forest,鮮紅,4,8,舌尖,0,0
tip_middle_root_1_2_2,Random Forest,鮮紅,4,8,舌左邊,0,0
tip_middle_root_1_2_2,Random Forest,鮮紅,4,8,舌根,0,0
tip_middle_root_1_2_2,Random Forest,鮮紅,4,91,舌中,0,0
tip_middle_root_1_2_2,Random Forest,鮮紅,4,91,舌右邊,0,0
tip_middle_root_1_2_2,Random Forest,鮮紅,4,91,舌尖,0,0
tip_middle_root_1_2_2,Random Forest,鮮紅,4,91,舌左邊,0,0
tip_middle_root_1_2_2,Random Forest,鮮紅,4,91,舌根,0,0
tip_middle_root_1_2_2,Random Forest,鮮紅,4,97,舌中,0,0
tip_middle_root_1_2_2,Random Forest,鮮紅,4,97,舌右邊,0,0
tip_middle_root_1_2_2,Random Forest,鮮紅,4,97,舌尖,0,1
tip_middle_root_1_2_2,Random Forest,鮮紅,4,97,舌左邊,0,0
tip_middle_root_1_2_2,Random Forest,鮮紅,4,97,舌根,0,0
tip_middle_root_1_2_2,Random Forest,鮮紅,4,9,舌中,0,0
tip_middle_root_1_2_2,Random Forest,鮮紅,4,9,舌右邊,0,0
tip_middle_root_1_2_2,Random Forest,鮮紅,4,9,舌左邊,0,0
tip_middle_root_1_2_2,Random Forest,鮮紅,4,9,舌根,0,0
tip_middle_root_1_2_2,Random Forest,鮮紅,5,100,舌根,0,0
tip_middle_root_1_2_2,Random Forest,鮮紅,5,13,舌中,0,0
tip_middle_root_1_2_2,Random Forest,鮮紅,5,13,舌右邊,0,1
tip_middle_root_1_2_2,Random Forest,鮮紅,5,13,舌左邊,0,1
tip_middle_root_1_2_2,Random Forest,鮮紅,5,13,舌根,0,0
tip_middle_root_1_2_2,Random Forest,鮮紅,5,14,舌中,0,0
tip_middle_root_1_2_2,Random Forest,鮮紅,5,14,舌右邊,0,0
tip_middle_root_1_2_2,Random Forest,鮮紅,5,14,舌尖,0,0
tip_middle_root_1_2_2,Random Forest,鮮紅,5,14,舌左邊,0,0
tip_middle_root_1_2_2,Random Forest,鮮紅,5,14,舌根,0,0
tip_middle_root_1_2_2,Random Forest,鮮紅,5,17,舌中,0,0
tip_middle_root_1_2_2,Random Forest,鮮紅,5,17,舌右邊,0,1
tip_middle_root_1_2_2,Random Forest,鮮紅,5,17,舌尖,0,1
tip_middle_root_1_2_2,Random Forest,鮮紅,5,17,舌左邊,0,1
tip_middle_root_1_2_2,Random Forest,鮮紅,5,17,舌根,0,0
tip_middle_root_1_2_2,Random Forest,鮮紅,5,18,舌中,0,0
tip_middle_root_1_2_2,Random Forest,鮮紅,5,18,舌右邊,0,1
tip_middle_root_1_2_2,Random Forest,鮮紅,5,18,舌尖,0,1
tip_middle_root_1_2_2,Random Forest,鮮紅,5,18,舌左邊,0,1
tip_middle_root_1_2_2,Random Forest,鮮紅,5,18,舌根,0,1
tip_middle_root_1_2_2,Random Forest,鮮紅,5,22,舌中,1,0
tip_middle_root_1_2_2,Random Forest,鮮紅,5,22,舌右邊,1,1
tip_middle_root_1_2_2,Random Forest,鮮紅,5,22,舌尖,1,0
tip_middle_root_1_2_2,Random Forest,鮮紅,5,22,舌左邊,1,1
tip_middle_root_1_2_2,Random Forest,鮮紅,5,22,舌根,1,0
tip_middle_root_1_2_2,Random Forest,鮮紅,5,28,舌中,0,0
tip_middle_root_1_2_2,Random Forest,鮮紅,5,28,舌右邊,0,0
tip_middle_root_1_2_2,Random Forest,鮮紅,5,28,舌尖,0,0
tip_middle_root_1_2_2,Random Forest,鮮紅,5,28,舌左邊,0,0
tip_middle_root_1_2_2,Random Forest,鮮紅,5,28,舌根,0,0
tip_middle_root_1_2_2,Random Forest,鮮紅,5,33,舌尖,1,1
tip_middle_root_1_2_2,Random Forest,鮮紅,5,4,舌中,0,0
tip_middle_root_1_2_2,Random Forest,鮮紅,5,4,舌尖,0,1
tip_middle_root_1_2_2,Random Forest,鮮紅,5,55,舌中,0,0
tip_middle_root_1_2_2,Random Forest,鮮紅,5,55,舌右邊,0,1
tip_middle_root_1_2_2,Random Forest,鮮紅,5,55,舌尖,0,0
tip_middle_root_1_2_2,Random Forest,鮮紅,5,55,舌左邊,0,1
tip_middle_root_1_2_2,Random Forest,鮮紅,5,55,舌根,0,0
tip_middle_root_1_2_2,Random Forest,鮮紅,5,56,舌中,0,0
tip_middle_root_1_2_2,Random Forest,鮮紅,5,56,舌右邊,0,1
tip_middle_root_1_2_2,Random Forest,鮮紅,5,56,舌尖,0,1
tip_middle_root_1_2_2,Random Forest,鮮紅,5,56,舌左邊,0,0
tip_middle_root_1_2_2,Random Forest,鮮紅,5,56,舌根,0,0
tip_middle_root_1_2_2,Random Forest,鮮紅,5,58,舌中,0,0
tip_middle_root_1_2_2,Random Forest,鮮紅,5,58,舌右邊,0,1
tip_middle_root_1_2_2,Random Forest,鮮紅,5,58,舌尖,0,0
tip_middle_root_1_2_2,Random Forest,鮮紅,5,58,舌左邊,0,0
tip_middle_root_1_2_2,Random Forest,鮮紅,5,58,舌根,0,0
tip_middle_root_1_2_2,Random Forest,鮮紅,5,59,舌中,1,0
tip_middle_root_1_2_2,Random Forest,鮮紅,5,59,舌右邊,1,0
tip_middle_root_1_2_2,Random Forest,鮮紅,5,59,舌尖,1,0
tip_middle_root_1_2_2,Random Forest,鮮紅,5,59,舌左邊,1,0
tip_middle_root_1_2_2,Random Forest,鮮紅,5,66,舌中,1,0
tip_middle_root_1_2_2,Random Forest,鮮紅,5,66,舌尖,1,1
tip_middle_root_1_2_2,Random Forest,鮮紅,5,73,舌中,0,0
tip_middle_root_1_2_2,Random Forest,鮮紅,5,73,舌根,0,0
tip_middle_root_1_2_2,Random Forest,鮮紅,5,74,舌中,0,0
tip_middle_root_1_2_2,Random Forest,鮮紅,5,74,舌右邊,0,0
tip_middle_root_1_2_2,Random Forest,鮮紅,5,74,舌尖,0,0
tip_middle_root_1_2_2,Random Forest,鮮紅,5,74,舌左邊,0,0
tip_middle_root_1_2_2,Random Forest,鮮紅,5,74,舌根,0,0
tip_middle_root_1_2_2,Random Forest,鮮紅,5,89,舌右邊,1,1
tip_middle_root_1_2_2,Random Forest,鮮紅,5,89,舌尖,1,1
tip_middle_root_1_2_2,Random Forest,鮮紅,5,89,舌左邊,1,0
tip_middle_root_1_2_2,Random Forest,鮮紅,5,95,舌中,1,1
tip_middle_root_1_2_2,Random Forest,鮮紅,5,95,舌右邊,1,1
tip_middle_root_1_2_2,Random Forest,鮮紅,5,95,舌尖,1,1
tip_middle_root_1_2_2,Random Forest,鮮紅,5,95,舌左邊,1,0
tip_middle_root_1_2_2,Random Forest,鮮紅,5,95,舌根,1,0
tip_middle_root_1_3_1,SVM,鮮紅,1,12,舌中,0,0
tip_middle_root_1_3_1,SVM,鮮紅,1,12,舌右邊,0,1
tip_middle_root_1_3_1,SVM,鮮紅,1,12,舌尖,0,1
tip_middle_root_1_3_1,SVM,鮮紅,1,12,舌左邊,0,1
tip_middle_root_1_3_1,SVM,鮮紅,1,12,舌根,0,0
tip_middle_root_1_3_1,SVM,鮮紅,1,1,舌中,0,0
tip_middle_root_1_3_1,SVM,鮮紅,1,1,舌右邊,0,0
tip_middle_root_1_3_1,SVM,鮮紅,1,1,舌尖,0,0
tip_middle_root_1_3_1,SVM,鮮紅,1,1,舌左邊,0,0
tip_middle_root_1_3_1,SVM,鮮紅,1,1,舌根,0,0
tip_middle_root_1_3_1,SVM,鮮紅,1,24,舌中,0,0
tip_middle_root_1_3_1,SVM,鮮紅,1,24,舌右邊,0,0
tip_middle_root_1_3_1,SVM,鮮紅,1,24,舌尖,0,0
tip_middle_root_1_3_1,SVM,鮮紅,1,24,舌左邊,0,0
tip_middle_root_1_3_1,SVM,鮮紅,1,24,舌根,0,0
tip_middle_root_1_3_1,SVM,鮮紅,1,27,舌中,0,0
tip_middle_root_1_3_1,SVM,鮮紅,1,27,舌右邊,0,0
tip_middle_root_1_3_1,SVM,鮮紅,1,27,舌尖,0,0
tip_middle_root_1_3_1,SVM,鮮紅,1,27,舌左邊,0,0
tip_middle_root_1_3_1,SVM,鮮紅,1,27,舌根,0,0
tip_middle_root_1_3_1,SVM,鮮紅,1,31,舌右邊,1,1
tip_middle_root_1_3_1,SVM,鮮紅,1,31,舌尖,1,0
tip_middle_root_1_3_1,SVM,鮮紅,1,31,舌左邊,1,1
tip_middle_root_1_3_1,SVM,鮮紅,1,37,舌中,0,0
tip_middle_root_1_3_1,SVM,鮮紅,1,37,舌右邊,0,0
tip_middle_root_1_3_1,SVM,鮮紅,1,37,舌尖,0,0
tip_middle_root_1_3_1,SVM,鮮紅,1,37,舌左邊,0,0
tip_middle_root_1_3_1,SVM,鮮紅,1,37,舌根,0,0
tip_middle_root_1_3_1,SVM,鮮紅,1,3,舌中,0,0
tip_middle_root_1_3_1,SVM,鮮紅,1,3,舌右邊,0,1
tip_middle_root_1_3_1,SVM,鮮紅,1,3,舌尖,0,0
tip_middle_root_1_3_1,SVM,鮮紅,1,3,舌左邊,0,0
tip_middle_root_1_3_1,SVM,鮮紅,1,3,舌根,0,0
tip_middle_root_1_3_1,SVM,鮮紅,1,40,舌右邊,1,1
tip_middle_root_1_3_1,SVM,鮮紅,1,40,舌左邊,1,1
tip_middle_root_1_3_1,SVM,鮮紅,1,42,舌右邊,1,1
tip_middle_root_1_3_1,SVM,鮮紅,1,42,舌尖,1,1
tip_middle_root_1_3_1,SVM,鮮紅,1,42,舌左邊,1,1
tip_middle_root_1_3_1,SVM,鮮紅,1,48,舌尖,1,1
tip_middle_root_1_3_1,SVM,鮮紅,1,50,舌中,0,0
tip_middle_root_1_3_1,SVM,鮮紅,1,50,舌右邊,0,0
tip_middle_root_1_3_1,SVM,鮮紅,1,50,舌左邊,0,0
tip_middle_root_1_3_1,SVM,鮮紅,1,50,舌根,0,0
tip_middle_root_1_3_1,SVM,鮮紅,1,54,舌中,0,0
tip_middle_root_1_3_1,SVM,鮮紅,1,54,舌右邊,0,0
tip_middle_root_1_3_1,SVM,鮮紅,1,54,舌尖,0,0
tip_middle_root_1_3_1,SVM,鮮紅,1,54,舌左邊,0,0
tip_middle_root_1_3_1,SVM,鮮紅,1,54,舌根,0,0
tip_middle_root_1_3_1,SVM,鮮紅,1,63,舌尖,1,1
tip_middle_root_1_3_1,SVM,鮮紅,1,64,舌中,0,0
tip_middle_root_1_3_1,SVM,鮮紅,1,64,舌右邊,0,0
tip_middle_root_1_3_1,SVM,鮮紅,1,64,舌左邊,0,0
tip_middle_root_1_3_1,SVM,鮮紅,1,64,舌根,0,0
tip_middle_root_1_3_1,SVM,鮮紅,1,65,舌中,1,0
tip_middle_root_1_3_1,SVM,鮮紅,1,65,舌右邊,1,1
tip_middle_root_1_3_1,SVM,鮮紅,1,65,舌尖,1,1
tip_middle_root_1_3_1,SVM,鮮紅,1,65,舌左邊,1,1
tip_middle_root_1_3_1,SVM,鮮紅,1,65,舌根,1,0
tip_middle_root_1_3_1,SVM,鮮紅,1,85,舌中,1,0
tip_middle_root_1_3_1,SVM,鮮紅,1,85,舌右邊,1,1
tip_middle_root_1_3_1,SVM,鮮紅,1,85,舌尖,1,1
tip_middle_root_1_3_1,SVM,鮮紅,1,85,舌左邊,1,0
tip_middle_root_1_3_1,SVM,鮮紅,1,85,舌根,1,0
tip_middle_root_1_3_1,SVM,鮮紅,1,90,舌尖,1,1
tip_middle_root_1_3_1,SVM,鮮紅,1,98,舌中,0,0
tip_middle_root_1_3_1,SVM,鮮紅,1,98,舌右邊,0,1
tip_middle_root_1_3_1,SVM,鮮紅,1,98,舌尖,0,0
tip_middle_root_1_3_1,SVM,鮮紅,1,98,舌左邊,0,0
tip_middle_root_1_3_1,SVM,鮮紅,1,98,舌根,0,0
tip_middle_root_1_3_1,SVM,鮮紅,2,10,舌中,1,0
tip_middle_root_1_3_1,SVM,鮮紅,2,10,舌右邊,1,1
tip_middle_root_1_3_1,SVM,鮮紅,2,10,舌尖,1,1
tip_middle_root_1_3_1,SVM,鮮紅,2,10,舌左邊,1,1
tip_middle_root_1_3_1,SVM,鮮紅,2,10,舌根,1,0
tip_middle_root_1_3_1,SVM,鮮紅,2,15,舌中,0,0
tip_middle_root_1_3_1,SVM,鮮紅,2,15,舌右邊,1,0
tip_middle_root_1_3_1,SVM,鮮紅,2,15,舌尖,1,0
tip_middle_root_1_3_1,SVM,鮮紅,2,15,舌左邊,1,0
tip_middle_root_1_3_1,SVM,鮮紅,2,15,舌根,0,0
tip_middle_root_1_3_1,SVM,鮮紅,2,19,舌中,0,0
tip_middle_root_1_3_1,SVM,鮮紅,2,19,舌右邊,0,0
tip_middle_root_1_3_1,SVM,鮮紅,2,19,舌尖,0,0
tip_middle_root_1_3_1,SVM,鮮紅,2,19,舌左邊,0,0
tip_middle_root_1_3_1,SVM,鮮紅,2,19,舌根,0,0
tip_middle_root_1_3_1,SVM,鮮紅,2,20,舌中,0,0
tip_middle_root_1_3_1,SVM,鮮紅,2,20,舌右邊,0,0
tip_middle_root_1_3_1,SVM,鮮紅,2,20,舌尖,0,0
tip_middle_root_1_3_1,SVM,鮮紅,2,20,舌左邊,0,0
tip_middle_root_1_3_1,SVM,鮮紅,2,20,舌根,0,0
tip_middle_root_1_3_1,SVM,鮮紅,2,25,舌中,0,0
tip_middle_root_1_3_1,SVM,鮮紅,2,25,舌右邊,0,1
tip_middle_root_1_3_1,SVM,鮮紅,2,25,舌尖,0,1
tip_middle_root_1_3_1,SVM,鮮紅,2,25,舌左邊,0,0
tip_middle_root_1_3_1,SVM,鮮紅,2,25,舌根,0,0
tip_middle_root_1_3_1,SVM,鮮紅,2,35,舌右邊,1,1
tip_middle_root_1_3_1,SVM,鮮紅,2,35,舌左邊,1,1
tip_middle_root_1_3_1,SVM,鮮紅,2,38,舌中,0,0
tip_middle_root_1_3_1,SVM,鮮紅,2,38,舌右邊,0,0
tip_middle_root_1_3_1,SVM,鮮紅,2,38,舌尖,0,0
tip_middle_root_1_3_1,SVM,鮮紅,2,38,舌左邊,0,0
tip_middle_root_1_3_1,SVM,鮮紅,2,38,舌根,0,0
tip_middle_root_1_3_1,SVM,鮮紅,2,41,舌中,0,0
tip_middle_root_1_3_1,SVM,鮮紅,2,41,舌右邊,0,0
tip_middle_root_1_3_1,SVM,鮮紅,2,41,舌尖,0,0
tip_middle_root_1_3_1,SVM,鮮紅,2,41,舌左邊,0,0
tip_middle_root_1_3_1,SVM,鮮紅,2,41,舌根,0,0
tip_middle_root_1_3_1,SVM,鮮紅,2,45,舌中,0,0
tip_middle_root_1_3_1,SVM,鮮紅,2,45,舌右邊,0,0
tip_middle_root_1_3_1,SVM,鮮紅,2,45,舌尖,0,0
tip_middle_root_1_3_1,SVM,鮮紅,2,45,舌左邊,0,0
tip_middle_root_1_3_1,SVM,鮮紅,2,45,舌根,0,0
tip_middle_root_1_3_1,SVM,鮮紅,2,5,舌中,0,0
tip_middle_root_1_3_1,SVM,鮮紅,2,5,舌右邊,0,0
tip_middle_root_1_3_1,SVM,鮮紅,2,5,舌尖,0,0
tip_middle_root_1_3_1,SVM,鮮紅,2,5,舌左邊,0,0
tip_middle_root_1_3_1,SVM,鮮紅,2,5,舌根,0,0
tip_middle_root_1_3_1,SVM,鮮紅,2,67,舌右邊,1,1
tip_middle_root_1_3_1,SVM,鮮紅,2,67,舌尖,1,1
tip_middle_root_1_3_1,SVM,鮮紅,2,67,舌左邊,1,1
tip_middle_root_1_3_1,SVM,鮮紅,2,6,舌中,0,0
tip_middle_root_1_3_1,SVM,鮮紅,2,6,舌尖,0,0
tip_middle_root_1_3_1,SVM,鮮紅,2,6,舌根,0,0
tip_middle_root_1_3_1,SVM,鮮紅,2,7,舌中,0,0
tip_middle_root_1_3_1,SVM,鮮紅,2,7,舌右邊,0,0
tip_middle_root_1_3_1,SVM,鮮紅,2,7,舌尖,0,0
tip_middle_root_1_3_1,SVM,鮮紅,2,7,舌左邊,0,0
tip_middle_root_1_3_1,SVM,鮮紅,2,7,舌根,0,0
tip_middle_root_1_3_1,SVM,鮮紅,2,82,舌中,1,1
tip_middle_root_1_3_1,SVM,鮮紅,2,82,舌右邊,1,1
tip_middle_root_1_3_1,SVM,鮮紅,2,82,舌尖,1,1
tip_middle_root_1_3_1,SVM,鮮紅,2,82,舌左邊,1,1
tip_middle_root_1_3_1,SVM,鮮紅,2,82,舌根,1,0
tip_middle_root_1_3_1,SVM,鮮紅,2,86,舌中,0,0
tip_middle_root_1_3_1,SVM,鮮紅,2,86,舌右邊,0,0
tip_middle_root_1_3_1,SVM,鮮紅,2,86,舌左邊,0,0
tip_middle_root_1_3_1,SVM,鮮紅,2,86,舌根,0,0
tip_middle_root_1_3_1,SVM,鮮紅,2,96,舌中,1,1
tip_middle_root_1_3_1,SVM,鮮紅,2,96,舌右邊,1,1
tip_middle_root_1_3_1,SVM,鮮紅,2,96,舌尖,1,1
tip_middle_root_1_3_1,SVM,鮮紅,2,96,舌左邊,1,1
tip_middle_root_1_3_1,SVM,鮮紅,3,16,舌中,0,0
tip_middle_root_1_3_1,SVM,鮮紅,3,16,舌右邊,0,0
tip_middle_root_1_3_1,SVM,鮮紅,3,16,舌尖,0,0
tip_middle_root_1_3_1,SVM,鮮紅,3,16,舌左邊,0,0
tip_middle_root_1_3_1,SVM,鮮紅,3,16,舌根,0,0
tip_middle_root_1_3_1,SVM,鮮紅,3,23,舌中,0,0
tip_middle_root_1_3_1,SVM,鮮紅,3,23,舌右邊,0,0
tip_middle_root_1_3_1,SVM,鮮紅,3,23,舌尖,0,0
tip_middle_root_1_3_1,SVM,鮮紅,3,23,舌左邊,0,0
tip_middle_root_1_3_1,SVM,鮮紅,3,23,舌根,0,0
tip_middle_root_1_3_1,SVM,鮮紅,3,26,舌中,0,0
tip_middle_root_1_3_1,SVM,鮮紅,3,26,舌尖,0,1
tip_middle_root_1_3_1,SVM,鮮紅,3,26,舌根,0,0
tip_middle_root_1_3_1,SVM,鮮紅,3,2,舌中,0,0
tip_middle_root_1_3_1,SVM,鮮紅,3,2,舌右邊,1,0
tip_middle_root_1_3_1,SVM,鮮紅,3,2,舌尖,0,1
tip_middle_root_1_3_1,SVM,鮮紅,3,2,舌左邊,1,1
tip_middle_root_1_3_1,SVM,鮮紅,3,2,舌根,0,0
tip_middle_root_1_3_1,SVM,鮮紅,3,30,舌中,0,0
tip_middle_root_1_3_1,SVM,鮮紅,3,30,舌右邊,0,0
tip_middle_root_1_3_1,SVM,鮮紅,3,30,舌尖,0,1
tip_middle_root_1_3_1,SVM,鮮紅,3,30,舌左邊,0,0
tip_middle_root_1_3_1,SVM,鮮紅,3,30,舌根,0,0
tip_middle_root_1_3_1,SVM,鮮紅,3,46,舌中,0,0
tip_middle_root_1_3_1,SVM,鮮紅,3,46,舌右邊,0,0
tip_middle_root_1_3_1,SVM,鮮紅,3,46,舌左邊,0,0
tip_middle_root_1_3_1,SVM,鮮紅,3,46,舌根,0,0
tip_middle_root_1_3_1,SVM,鮮紅,3,47,舌中,0,0
tip_middle_root_1_3_1,SVM,鮮紅,3,47,舌右邊,0,0
tip_middle_root_1_3_1,SVM,鮮紅,3,47,舌尖,0,1
tip_middle_root_1_3_1,SVM,鮮紅,3,47,舌左邊,0,1
tip_middle_root_1_3_1,SVM,鮮紅,3,47,舌根,0,0
tip_middle_root_1_3_1,SVM,鮮紅,3,51,舌右邊,1,1
tip_middle_root_1_3_1,SVM,鮮紅,3,51,舌左邊,1,1
tip_middle_root_1_3_1,SVM,鮮紅,3,57,舌中,0,0
tip_middle_root_1_3_1,SVM,鮮紅,3,57,舌右邊,0,1
tip_middle_root_1_3_1,SVM,鮮紅,3,57,舌尖,0,1
tip_middle_root_1_3_1,SVM,鮮紅,3,57,舌左邊,0,0
tip_middle_root_1_3_1,SVM,鮮紅,3,57,舌根,0,0
tip_middle_root_1_3_1,SVM,鮮紅,3,72,舌中,1,0
tip_middle_root_1_3_1,SVM,鮮紅,3,72,舌右邊,1,1
tip_middle_root_1_3_1,SVM,鮮紅,3,72,舌尖,1,1
tip_middle_root_1_3_1,SVM,鮮紅,3,72,舌左邊,1,1
tip_middle_root_1_3_1,SVM,鮮紅,3,76,舌右邊,1,1
tip_middle_root_1_3_1,SVM,鮮紅,3,76,舌左邊,1,1
tip_middle_root_1_3_1,SVM,鮮紅,3,79,舌中,1,1
tip_middle_root_1_3_1,SVM,鮮紅,3,79,舌右邊,1,1
tip_middle_root_1_3_1,SVM,鮮紅,3,79,舌尖,1,1
tip_middle_root_1_3_1,SVM,鮮紅,3,79,舌左邊,1,1
tip_middle_root_1_3_1,SVM,鮮紅,3,79,舌根,1,1
tip_middle_root_1_3_1,SVM,鮮紅,3,84,舌中,0,0
tip_middle_root_1_3_1,SVM,鮮紅,3,84,舌右邊,0,1
tip_middle_root_1_3_1,SVM,鮮紅,3,84,舌尖,0,1
tip_middle_root_1_3_1,SVM,鮮紅,3,84,舌左邊,0,1
tip_middle_root_1_3_1,SVM,鮮紅,3,84,舌根,0,0
tip_middle_root_1_3_1,SVM,鮮紅,3,88,舌中,0,0
tip_middle_root_1_3_1,SVM,鮮紅,3,88,舌右邊,0,0
tip_middle_root_1_3_1,SVM,鮮紅,3,88,舌尖,0,0
tip_middle_root_1_3_1,SVM,鮮紅,3,88,舌左邊,0,0
tip_middle_root_1_3_1,SVM,鮮紅,3,88,舌根,0,0
tip_middle_root_1_3_1,SVM,鮮紅,3,93,舌中,1,1
tip_middle_root_1_3_1,SVM,鮮紅,3,93,舌右邊,1,1
tip_middle_root_1_3_1,SVM,鮮紅,3,93,舌尖,1,1
tip_middle_root_1_3_1,SVM,鮮紅,3,93,舌左邊,1,1
tip_middle_root_1_3_1,SVM,鮮紅,3,93,舌根,1,0
tip_middle_root_1_3_1,SVM,鮮紅,3,94,舌中,0,0
tip_middle_root_1_3_1,SVM,鮮紅,3,94,舌右邊,0,1
tip_middle_root_1_3_1,SVM,鮮紅,3,94,舌尖,0,0
tip_middle_root_1_3_1,SVM,鮮紅,3,94,舌左邊,0,0
tip_middle_root_1_3_1,SVM,鮮紅,3,94,舌根,0,0
tip_middle_root_1_3_1,SVM,鮮紅,4,11,舌中,0,0
tip_middle_root_1_3_1,SVM,鮮紅,4,11,舌右邊,0,0
tip_middle_root_1_3_1,SVM,鮮紅,4,11,舌尖,0,0
tip_middle_root_1_3_1,SVM,鮮紅,4,11,舌左邊,0,1
tip_middle_root_1_3_1,SVM,鮮紅,4,11,舌根,0,0
tip_middle_root_1_3_1,SVM,鮮紅,4,21,舌中,0,0
tip_middle_root_1_3_1,SVM,鮮紅,4,21,舌右邊,0,0
tip_middle_root_1_3_1,SVM,鮮紅,4,21,舌尖,0,1
tip_middle_root_1_3_1,SVM,鮮紅,4,21,舌左邊,0,0
tip_middle_root_1_3_1,SVM,鮮紅,4,21,舌根,0,0
tip_middle_root_1_3_1,SVM,鮮紅,4,29,舌中,0,0
tip_middle_root_1_3_1,SVM,鮮紅,4,29,舌右邊,0,0
tip_middle_root_1_3_1,SVM,鮮紅,4,29,舌尖,0,0
tip_middle_root_1_3_1,SVM,鮮紅,4,29,舌左邊,0,0
tip_middle_root_1_3_1,SVM,鮮紅,4,29,舌根,0,0
tip_middle_root_1_3_1,SVM,鮮紅,4,32,舌右邊,1,0
tip_middle_root_1_3_1,SVM,鮮紅,4,32,舌尖,1,1
tip_middle_root_1_3_1,SVM,鮮紅,4,32,舌左邊,1,0
tip_middle_root_1_3_1,SVM,鮮紅,4,34,舌右邊,1,0
tip_middle_root_1_3_1,SVM,鮮紅,4,34,舌尖,1,0
tip_middle_root_1_3_1,SVM,鮮紅,4,34,舌左邊,1,0
tip_middle_root_1_3_1,SVM,鮮紅,4,36,舌中,0,0
tip_middle_root_1_3_1,SVM,鮮紅,4,36,舌右邊,0,0
tip_middle_root_1_3_1,SVM,鮮紅,4,36,舌尖,0,0
tip_middle_root_1_3_1,SVM,鮮紅,4,36,舌左邊,0,0
tip_middle_root_1_3_1,SVM,鮮紅,4,36,舌根,0,0
tip_middle_root_1_3_1,SVM,鮮紅,4,43,舌尖,1,1
tip_middle_root_1_3_1,SVM,鮮紅,4,49,舌中,0,0
tip_middle_root_1_3_1,SVM,鮮紅,4,49,舌右邊,0,0
tip_middle_root_1_3_1,SVM,鮮紅,4,49,舌尖,0,0
tip_middle_root_1_3_1,SVM,鮮紅,4,49,舌左邊,0,0
tip_middle_root_1_3_1,SVM,鮮紅,4,49,舌根,0,0
tip_middle_root_1_3_1,SVM,鮮紅,4,53,舌尖,1,0
tip_middle_root_1_3_1,SVM,鮮紅,4,60,舌尖,1,0
tip_middle_root_1_3_1,SVM,鮮紅,4,70,舌中,1,1
tip_middle_root_1_3_1,SVM,鮮紅,4,70,舌右邊,1,1
tip_middle_root_1_3_1,SVM,鮮紅,4,70,舌尖,1,1
tip_middle_root_1_3_1,SVM,鮮紅,4,70,舌左邊,1,0
tip_middle_root_1_3_1,SVM,鮮紅,4,70,舌根,1,0
tip_middle_root_1_3_1,SVM,鮮紅,4,75,舌中,0,1
tip_middle_root_1_3_1,SVM,鮮紅,4,75,舌右邊,0,0
tip_middle_root_1_3_1,SVM,鮮紅,4,75,舌左邊,0,0
tip_middle_root_1_3_1,SVM,鮮紅,4,75,舌根,0,0
tip_middle_root_1_3_1,SVM,鮮紅,4,80,舌右邊,1,1
tip_middle_root_1_3_1,SVM,鮮紅,4,80,舌左邊,1,1
tip_middle_root_1_3_1,SVM,鮮紅,4,87,舌中,1,1
tip_middle_root_1_3_1,SVM,鮮紅,4,87,舌右邊,1,1
tip_middle_root_1_3_1,SVM,鮮紅,4,87,舌尖,1,1
tip_middle_root_1_3_1,SVM,鮮紅,4,87,舌左邊,1,1
tip_middle_root_1_3_1,SVM,鮮紅,4,87,舌根,1,0
tip_middle_root_1_3_1,SVM,鮮紅,4,8,舌中,0,0
tip_middle_root_1_3_1,SVM,鮮紅,4,8,舌右邊,0,0
tip_middle_root_1_3_1,SVM,鮮紅,4,8,舌尖,0,0
tip_middle_root_1_3_1,SVM,鮮紅,4,8,舌左邊,0,0
tip_middle_root_1_3_1,SVM,鮮紅,4,8,舌根,0,0
tip_middle_root_1_3_1,SVM,鮮紅,4,91,舌中,0,0
tip_middle_root_1_3_1,SVM,鮮紅,4,91,舌右邊,0,0
tip_middle_root_1_3_1,SVM,鮮紅,4,91,舌尖,0,0
tip_middle_root_1_3_1,SVM,鮮紅,4,91,舌左邊,0,0
tip_middle_root_1_3_1,SVM,鮮紅,4,91,舌根,0,0
tip_middle_root_1_3_1,SVM,鮮紅,4,97,舌中,0,0
tip_middle_root_1_3_1,SVM,鮮紅,4,97,舌右邊,0,0
tip_middle_root_1_3_1,SVM,鮮紅,4,97,舌尖,0,1
tip_middle_root_1_3_1,SVM,鮮紅,4,97,舌左邊,0,0
tip_middle_root_1_3_1,SVM,鮮紅,4,97,舌根,0,0
tip_middle_root_1_3_1,SVM,鮮紅,4,9,舌中,0,0
tip_middle_root_1_3_1,SVM,鮮紅,4,9,舌右邊,0,0
tip_middle_root_1_3_1,SVM,鮮紅,4,9,舌左邊,0,0
tip_middle_root_1_3_1,SVM,鮮紅,4,9,舌根,0,0
tip_middle_root_1_3_1,SVM,鮮紅,5,100,舌根,0,0
tip_middle_root_1_3_1,SVM,鮮紅,5,13,舌中,0,0
tip_middle_root_1_3_1,SVM,鮮紅,5,13,舌右邊,0,0
tip_middle_root_1_3_1,SVM,鮮紅,5,13,舌左邊,0,1
tip_middle_root_1_3_1,SVM,鮮紅,5,13,舌根,0,0
tip_middle_root_1_3_1,SVM,鮮紅,5,14,舌中,0,0
tip_middle_root_1_3_1,SVM,鮮紅,5,14,舌右邊,0,0
tip_middle_root_1_3_1,SVM,鮮紅,5,14,舌尖,0,0
tip_middle_root_1_3_1,SVM,鮮紅,5,14,舌左邊,0,0
tip_middle_root_1_3_1,SVM,鮮紅,5,14,舌根,0,0
tip_middle_root_1_3_1,SVM,鮮紅,5,17,舌中,0,0
tip_middle_root_1_3_1,SVM,鮮紅,5,17,舌右邊,0,1
tip_middle_root_1_3_1,SVM,鮮紅,5,17,舌尖,0,1
tip_middle_root_1_3_1,SVM,鮮紅,5,17,舌左邊,0,1
tip_middle_root_1_3_1,SVM,鮮紅,5,17,舌根,0,0
tip_middle_root_1_3_1,SVM,鮮紅,5,18,舌中,0,1
tip_middle_root_1_3_1,SVM,鮮紅,5,18,舌右邊,0,1
tip_middle_root_1_3_1,SVM,鮮紅,5,18,舌尖,0,1
tip_middle_root_1_3_1,SVM,鮮紅,5,18,舌左邊,0,1
tip_middle_root_1_3_1,SVM,鮮紅,5,18,舌根,0,0
tip_middle_root_1_3_1,SVM,鮮紅,5,22,舌中,1,0
tip_middle_root_1_3_1,SVM,鮮紅,5,22,舌右邊,1,1
tip_middle_root_1_3_1,SVM,鮮紅,5,22,舌尖,1,0
tip_middle_root_1_3_1,SVM,鮮紅,5,22,舌左邊,1,1
tip_middle_root_1_3_1,SVM,鮮紅,5,22,舌根,1,0
tip_middle_root_1_3_1,SVM,鮮紅,5,28,舌中,0,0
tip_middle_root_1_3_1,SVM,鮮紅,5,28,舌右邊,0,0
tip_middle_root_1_3_1,SVM,鮮紅,5,28,舌尖,0,0
tip_middle_root_1_3_1,SVM,鮮紅,5,28,舌左邊,0,0
tip_middle_root_1_3_1,SVM,鮮紅,5,28,舌根,0,0
tip_middle_root_1_3_1,SVM,鮮紅,5,33,舌尖,1,1
tip_middle_root_1_3_1,SVM,鮮紅,5,4,舌中,0,0
tip_middle_root_1_3_1,SVM,鮮紅,5,4,舌尖,0,1
tip_middle_root_1_3_1,SVM,鮮紅,5,55,舌中,0,0
tip_middle_root_1_3_1,SVM,鮮紅,5,55,舌右邊,0,1
tip_middle_root_1_3_1,SVM,鮮紅,5,55,舌尖,0,0
tip_middle_root_1_3_1,SVM,鮮紅,5,55,舌左邊,0,0
tip_middle_root_1_3_1,SVM,鮮紅,5,55,舌根,0,1
tip_middle_root_1_3_1,SVM,鮮紅,5,56,舌中,0,0
tip_middle_root_1_3_1,SVM,鮮紅,5,56,舌右邊,0,1
tip_middle_root_1_3_1,SVM,鮮紅,5,56,舌尖,0,1
tip_middle_root_1_3_1,SVM,鮮紅,5,56,舌左邊,0,0
tip_middle_root_1_3_1,SVM,鮮紅,5,56,舌根,0,0
tip_middle_root_1_3_1,SVM,鮮紅,5,58,舌中,0,0
tip_middle_root_1_3_1,SVM,鮮紅,5,58,舌右邊,0,0
tip_middle_root_1_3_1,SVM,鮮紅,5,58,舌尖,0,0
tip_middle_root_1_3_1,SVM,鮮紅,5,58,舌左邊,0,0
tip_middle_root_1_3_1,SVM,鮮紅,5,58,舌根,0,0
tip_middle_root_1_3_1,SVM,鮮紅,5,59,舌中,1,0
tip_middle_root_1_3_1,SVM,鮮紅,5,59,舌右邊,1,0
tip_middle_root_1_3_1,SVM,鮮紅,5,59,舌尖,1,1
tip_middle_root_1_3_1,SVM,鮮紅,5,59,舌左邊,1,0
tip_middle_root_1_3_1,SVM,鮮紅,5,66,舌中,1,0
tip_middle_root_1_3_1,SVM,鮮紅,5,66,舌尖,1,1
tip_middle_root_1_3_1,SVM,鮮紅,5,73,舌中,0,0
tip_middle_root_1_3_1,SVM,鮮紅,5,73,舌根,0,0
tip_middle_root_1_3_1,SVM,鮮紅,5,74,舌中,0,0
tip_middle_root_1_3_1,SVM,鮮紅,5,74,舌右邊,0,1
tip_middle_root_1_3_1,SVM,鮮紅,5,74,舌尖,0,0
tip_middle_root_1_3_1,SVM,鮮紅,5,74,舌左邊,0,0
tip_middle_root_1_3_1,SVM,鮮紅,5,74,舌根,0,0
tip_middle_root_1_3_1,SVM,鮮紅,5,89,舌右邊,1,1
tip_middle_root_1_3_1,SVM,鮮紅,5,89,舌尖,1,1
tip_middle_root_1_3_1,SVM,鮮紅,5,89,舌左邊,1,0
tip_middle_root_1_3_1,SVM,鮮紅,5,95,舌中,1,0
tip_middle_root_1_3_1,SVM,鮮紅,5,95,舌右邊,1,1
tip_middle_root_1_3_1,SVM,鮮紅,5,95,舌尖,1,1
tip_middle_root_1_3_1,SVM,鮮紅,5,95,舌左邊,1,0
tip_middle_root_1_3_1,SVM,鮮紅,5,95,舌根,1,0
tip_middle_root_1_3_1,Random Forest,鮮紅,1,12,舌中,0,0
tip_middle_root_1_3_1,Random Forest,鮮紅,1,12,舌右邊,0,1
tip_middle_root_1_3_1,Random Forest,鮮紅,1,12,舌尖,0,1
tip_middle_root_1_3_1,Random Forest,鮮紅,1,12,舌左邊,0,1
tip_middle_root_1_3_1,Random Forest,鮮紅,1,12,舌根,0,0
tip_middle_root_1_3_1,Random Forest,鮮紅,1,1,舌中,0,0
tip_middle_root_1_3_1,Random Forest,鮮紅,1,1,舌右邊,0,0
tip_middle_root_1_3_1,Random Forest,鮮紅,1,1,舌尖,0,0
tip_middle_root_1_3_1,Random Forest,鮮紅,1,1,舌左邊,0,0
tip_middle_root_1_3_1,Random Forest,鮮紅,1,1,舌根,0,0
tip_middle_root_1_3_1,Random Forest,鮮紅,1,24,舌中,0,0
tip_middle_root_1_3_1,Random Forest,鮮紅,1,24,舌右邊,0,0
tip_middle_root_1_3_1,Random Forest,鮮紅,1,24,舌尖,0,0
tip_middle_root_1_3_1,Random Forest,鮮紅,1,24,舌左邊,0,0
tip_middle_root_1_3_1,Random Forest,鮮紅,1,24,舌根,0,0
tip_middle_root_1_3_1,Random Forest,鮮紅,1,27,舌中,0,0
tip_middle_root_1_3_1,Random Forest,鮮紅,1,27,舌右邊,0,0
tip_middle_root_1_3_1,Random Forest,鮮紅,1,27,舌尖,0,0
tip_middle_root_1_3_1,Random Forest,鮮紅,1,27,舌左邊,0,0
tip_middle_root_1_3_1,Random Forest,鮮紅,1,27,舌根,0,0
tip_middle_root_1_3_1,Random Forest,鮮紅,1,31,舌右邊,1,1
tip_middle_root_1_3_1,Random Forest,鮮紅,1,31,舌尖,1,0
tip_middle_root_1_3_1,Random Forest,鮮紅,1,31,舌左邊,1,0
tip_middle_root_1_3_1,Random Forest,鮮紅,1,37,舌中,0,0
tip_middle_root_1_3_1,Random Forest,鮮紅,1,37,舌右邊,0,0
tip_middle_root_1_3_1,Random Forest,鮮紅,1,37,舌尖,0,0
tip_middle_root_1_3_1,Random Forest,鮮紅,1,37,舌左邊,0,0
tip_middle_root_1_3_1,Random Forest,鮮紅,1,37,舌根,0,0
tip_middle_root_1_3_1,Random Forest,鮮紅,1,3,舌中,0,0
tip_middle_root_1_3_1,Random Forest,鮮紅,1,3,舌右邊,0,1
tip_middle_root_1_3_1,Random Forest,鮮紅,1,3,舌尖,0,0
tip_middle_root_1_3_1,Random Forest,鮮紅,1,3,舌左邊,0,0
tip_middle_root_1_3_1,Random Forest,鮮紅,1,3,舌根,0,1
tip_middle_root_1_3_1,Random Forest,鮮紅,1,40,舌右邊,1,1
tip_middle_root_1_3_1,Random Forest,鮮紅,1,40,舌左邊,1,1
tip_middle_root_1_3_1,Random Forest,鮮紅,1,42,舌右邊,1,0
tip_middle_root_1_3_1,Random Forest,鮮紅,1,42,舌尖,1,0
tip_middle_root_1_3_1,Random Forest,鮮紅,1,42,舌左邊,1,0
tip_middle_root_1_3_1,Random Forest,鮮紅,1,48,舌尖,1,0
tip_middle_root_1_3_1,Random Forest,鮮紅,1,50,舌中,0,0
tip_middle_root_1_3_1,Random Forest,鮮紅,1,50,舌右邊,0,0
tip_middle_root_1_3_1,Random Forest,鮮紅,1,50,舌左邊,0,0
tip_middle_root_1_3_1,Random Forest,鮮紅,1,50,舌根,0,0
tip_middle_root_1_3_1,Random Forest,鮮紅,1,54,舌中,0,0
tip_middle_root_1_3_1,Random Forest,鮮紅,1,54,舌右邊,0,0
tip_middle_root_1_3_1,Random Forest,鮮紅,1,54,舌尖,0,0
tip_middle_root_1_3_1,Random Forest,鮮紅,1,54,舌左邊,0,0
tip_middle_root_1_3_1,Random Forest,鮮紅,1,54,舌根,0,0
tip_middle_root_1_3_1,Random Forest,鮮紅,1,63,舌尖,1,1
tip_middle_root_1_3_1,Random Forest,鮮紅,1,64,舌中,0,0
tip_middle_root_1_3_1,Random Forest,鮮紅,1,64,舌右邊,0,0
tip_middle_root_1_3_1,Random Forest,鮮紅,1,64,舌左邊,0,0
tip_middle_root_1_3_1,Random Forest,鮮紅,1,64,舌根,0,0
tip_middle_root_1_3_1,Random Forest,鮮紅,1,65,舌中,1,1
tip_middle_root_1_3_1,Random Forest,鮮紅,1,65,舌右邊,1,1
tip_middle_root_1_3_1,Random Forest,鮮紅,1,65,舌尖,1,1
tip_middle_root_1_3_1,Random Forest,鮮紅,1,65,舌左邊,1,1
tip_middle_root_1_3_1,Random Forest,鮮紅,1,65,舌根,1,1
tip_middle_root_1_3_1,Random Forest,鮮紅,1,85,舌中,1,1
tip_middle_root_1_3_1,Random Forest,鮮紅,1,85,舌右邊,1,1
tip_middle_root_1_3_1,Random Forest,鮮紅,1,85,舌尖,1,1
tip_middle_root_1_3_1,Random Forest,鮮紅,1,85,舌左邊,1,0
tip_middle_root_1_3_1,Random Forest,鮮紅,1,85,舌根,1,0
tip_middle_root_1_3_1,Random Forest,鮮紅,1,90,舌尖,1,1
tip_middle_root_1_3_1,Random Forest,鮮紅,1,98,舌中,0,0
tip_middle_root_1_3_1,Random Forest,鮮紅,1,98,舌右邊,0,0
tip_middle_root_1_3_1,Random Forest,鮮紅,1,98,舌尖,0,0
tip_middle_root_1_3_1,Random Forest,鮮紅,1,98,舌左邊,0,0
tip_middle_root_1_3_1,Random Forest,鮮紅,1,98,舌根,0,0
tip_middle_root_1_3_1,Random Forest,鮮紅,2,10,舌中,1,0
tip_middle_root_1_3_1,Random Forest,鮮紅,2,10,舌右邊,1,1
tip_middle_root_1_3_1,Random Forest,鮮紅,2,10,舌尖,1,0
tip_middle_root_1_3_1,Random Forest,鮮紅,2,10,舌左邊,1,1
tip_middle_root_1_3_1,Random Forest,鮮紅,2,10,舌根,1,0
tip_middle_root_1_3_1,Random Forest,鮮紅,2,15,舌中,0,0
tip_middle_root_1_3_1,Random Forest,鮮紅,2,15,舌右邊,1,0
tip_middle_root_1_3_1,Random Forest,鮮紅,2,15,舌尖,1,0
tip_middle_root_1_3_1,Random Forest,鮮紅,2,15,舌左邊,1,0
tip_middle_root_1_3_1,Random Forest,鮮紅,2,15,舌根,0,0
tip_middle_root_1_3_1,Random Forest,鮮紅,2,19,舌中,0,0
tip_middle_root_1_3_1,Random Forest,鮮紅,2,19,舌右邊,0,0
tip_middle_root_1_3_1,Random Forest,鮮紅,2,19,舌尖,0,0
tip_middle_root_1_3_1,Random Forest,鮮紅,2,19,舌左邊,0,0
tip_middle_root_1_3_1,Random Forest,鮮紅,2,19,舌根,0,0
tip_middle_root_1_3_1,Random Forest,鮮紅,2,20,舌中,0,0
tip_middle_root_1_3_1,Random Forest,鮮紅,2,20,舌右邊,0,0
tip_middle_root_1_3_1,Random Forest,鮮紅,2,20,舌尖,0,0
tip_middle_root_1_3_1,Random Forest,鮮紅,2,20,舌左邊,0,0
tip_middle_root_1_3_1,Random Forest,鮮紅,2,20,舌根,0,0
tip_middle_root_1_3_1,Random Forest,鮮紅,2,25,舌中,0,0
tip_middle_root_1_3_1,Random Forest,鮮紅,2,25,舌右邊,0,1
tip_middle_root_1_3_1,Random Forest,鮮紅,2,25,舌尖,0,1
tip_middle_root_1_3_1,Random Forest,鮮紅,2,25,舌左邊,0,1
tip_middle_root_1_3_1,Random Forest,鮮紅,2,25,舌根,0,0
tip_middle_root_1_3_1,Random Forest,鮮紅,2,35,舌右邊,1,1
tip_middle_root_1_3_1,Random Forest,鮮紅,2,35,舌左邊,1,1
tip_middle_root_1_3_1,Random Forest,鮮紅,2,38,舌中,0,0
tip_middle_root_1_3_1,Random Forest,鮮紅,2,38,舌右邊,0,0
tip_middle_root_1_3_1,Random Forest,鮮紅,2,38,舌尖,0,0
tip_middle_root_1_3_1,Random Forest,鮮紅,2,38,舌左邊,0,0
tip_middle_root_1_3_1,Random Forest,鮮紅,2,38,舌根,0,0
tip_middle_root_1_3_1,Random Forest,鮮紅,2,41,舌中,0,0
tip_middle_root_1_3_1,Random Forest,鮮紅,2,41,舌右邊,0,0
tip_middle_root_1_3_1,Random Forest,鮮紅,2,41,舌尖,0,0
tip_middle_root_1_3_1,Random Forest,鮮紅,2,41,舌左邊,0,0
tip_middle_root_1_3_1,Random Forest,鮮紅,2,41,舌根,0,0
tip_middle_root_1_3_1,Random Forest,鮮紅,2,45,舌中,0,0
tip_middle_root_1_3_1,Random Forest,鮮紅,2,45,舌右邊,0,0
tip_middle_root_1_3_1,Random Forest,鮮紅,2,45,舌尖,0,0
tip_middle_root_1_3_1,Random Forest,鮮紅,2,45,舌左邊,0,0
tip_middle_root_1_3_1,Random Forest,鮮紅,2,45,舌根,0,0
tip_middle_root_1_3_1,Random Forest,鮮紅,2,5,舌中,0,0
tip_middle_root_1_3_1,Random Forest,鮮紅,2,5,舌右邊,0,0
tip_middle_root_1_3_1,Random Forest,鮮紅,2,5,舌尖,0,0
tip_middle_root_1_3_1,Random Forest,鮮紅,2,5,舌左邊,0,0
tip_middle_root_1_3_1,Random Forest,鮮紅,2,5,舌根,0,0
tip_middle_root_1_3_1,Random Forest,鮮紅,2,67,舌右邊,1,1
tip_middle_root_1_3_1,Random Forest,鮮紅,2,67,舌尖,1,1
tip_middle_root_1_3_1,Random Forest,鮮紅,2,67,舌左邊,1,1
tip_middle_root_1_3_1,Random Forest,鮮紅,2,6,舌中,0,0
tip_middle_root_1_3_1,Random Forest,鮮紅,2,6,舌尖,0,0
tip_middle_root_1_3_1,Random Forest,鮮紅,2,6,舌根,0,0
tip_middle_root_1_3_1,Random Forest,鮮紅,2,7,舌中,0,0
tip_middle_root_1_3_1,Random Forest,鮮紅,2,7,舌右邊,0,0
tip_middle_root_1_3_1,Random Forest,鮮紅,2,7,舌尖,0,0
tip_middle_root_1_3_1,Random Forest,鮮紅,2,7,舌左邊,0,0
tip_middle_root_1_3_1,Random Forest,鮮紅,2,7,舌根,0,0
tip_middle_root_1_3_1,Random Forest,鮮紅,2,82,舌中,1,1
tip_middle_root_1_3_1,Random Forest,鮮紅,2,82,舌右邊,1,1
tip_middle_root_1_3_1,Random Forest,鮮紅,2,82,舌尖,1,1
tip_middle_root_1_3_1,Random Forest,鮮紅,2,82,舌左邊,1,1
tip_middle_root_1_3_1,Random Forest,鮮紅,2,82,舌根,1,1
tip_middle_root_1_3_1,Random Forest,鮮紅,2,86,舌中,0,0
tip_middle_root_1_3_1,Random Forest,鮮紅,2,86,舌右邊,0,0
tip_middle_root_1_3_1,Random Forest,鮮紅,2,86,舌左邊,0,0
tip_middle_root_1_3_1,Random Forest,鮮紅,2,86,舌根,0,0
tip_middle_root_1_3_1,Random Forest,鮮紅,2,96,舌中,1,1
tip_middle_root_1_3_1,Random Forest,鮮紅,2,96,舌右邊,1,1
tip_middle_root_1_3_1,Random Forest,鮮紅,2,96,舌尖,1,1
tip_middle_root_1_3_1,Random Forest,鮮紅,2,96,舌左邊,1,1
tip_middle_root_1_3_1,Random Forest,鮮紅,3,16,舌中,0,0
tip_middle_root_1_3_1,Random Forest,鮮紅,3,16,舌右邊,0,0
tip_middle_root_1_3_1,Random Forest,鮮紅,3,16,舌尖,0,0
tip_middle_root_1_3_1,Random Forest,鮮紅,3,16,舌左邊,0,0
tip_middle_root_1_3_1,Random Forest,鮮紅,3,16,舌根,0,0
tip_middle_root_1_3_1,Random Forest,鮮紅,3,23,舌中,0,0
tip_middle_root_1_3_1,Random Forest,鮮紅,3,23,舌右邊,0,0
tip_middle_root_1_3_1,Random Forest,鮮紅,3,23,舌尖,0,0
tip_middle_root_1_3_1,Random Forest,鮮紅,3,23,舌左邊,0,0
tip_middle_root_1_3_1,Random Forest,鮮紅,3,23,舌根,0,0
tip_middle_root_1_3_1,Random Forest,鮮紅,3,26,舌中,0,0
tip_middle_root_1_3_1,Random Forest,鮮紅,3,26,舌尖,0,1
tip_middle_root_1_3_1,Random Forest,鮮紅,3,26,舌根,0,0
tip_middle_root_1_3_1,Random Forest,鮮紅,3,2,舌中,0,0
tip_middle_root_1_3_1,Random Forest,鮮紅,3,2,舌右邊,1,1
tip_middle_root_1_3_1,Random Forest,鮮紅,3,2,舌尖,0,1
tip_middle_root_1_3_1,Random Forest,鮮紅,3,2,舌左邊,1,1
tip_middle_root_1_3_1,Random Forest,鮮紅,3,2,舌根,0,1
tip_middle_root_1_3_1,Random Forest,鮮紅,3,30,舌中,0,0
tip_middle_root_1_3_1,Random Forest,鮮紅,3,30,舌右邊,0,0
tip_middle_root_1_3_1,Random Forest,鮮紅,3,30,舌尖,0,0
tip_middle_root_1_3_1,Random Forest,鮮紅,3,30,舌左邊,0,0
tip_middle_root_1_3_1,Random Forest,鮮紅,3,30,舌根,0,0
tip_middle_root_1_3_1,Random Forest,鮮紅,3,46,舌中,0,0
tip_middle_root_1_3_1,Random Forest,鮮紅,3,46,舌右邊,0,0
tip_middle_root_1_3_1,Random Forest,鮮紅,3,46,舌左邊,0,0
tip_middle_root_1_3_1,Random Forest,鮮紅,3,46,舌根,0,0
tip_middle_root_1_3_1,Random Forest,鮮紅,3,47,舌中,0,0
tip_middle_root_1_3_1,Random Forest,鮮紅,3,47,舌右邊,0,1
tip_middle_root_1_3_1,Random Forest,鮮紅,3,47,舌尖,0,1
tip_middle_root_1_3_1,Random Forest,鮮紅,3,47,舌左邊,0,1
tip_middle_root_1_3_1,Random Forest,鮮紅,3,47,舌根,0,0
tip_middle_root_1_3_1,Random Forest,鮮紅,3,51,舌右邊,1,1
tip_middle_root_1_3_1,Random Forest,鮮紅,3,51,舌左邊,1,0
tip_middle_root_1_3_1,Random Forest,鮮紅,3,57,舌中,0,0
tip_middle_root_1_3_1,Random Forest,鮮紅,3,57,舌右邊,0,0
tip_middle_root_1_3_1,Random Forest,鮮紅,3,57,舌尖,0,1
tip_middle_root_1_3_1,Random Forest,鮮紅,3,57,舌左邊,0,0
tip_middle_root_1_3_1,Random Forest,鮮紅,3,57,舌根,0,0
tip_middle_root_1_3_1,Random Forest,鮮紅,3,72,舌中,1,0
tip_middle_root_1_3_1,Random Forest,鮮紅,3,72,舌右邊,1,1
tip_middle_root_1_3_1,Random Forest,鮮紅,3,72,舌尖,1,1
tip_middle_root_1_3_1,Random Forest,鮮紅,3,72,舌左邊,1,1
tip_middle_root_1_3_1,Random Forest,鮮紅,3,76,舌右邊,1,0
tip_middle_root_1_3_1,Random Forest,鮮紅,3,76,舌左邊,1,1
tip_middle_root_1_3_1,Random Forest,鮮紅,3,79,舌中,1,1
tip_middle_root_1_3_1,Random Forest,鮮紅,3,79,舌右邊,1,1
tip_middle_root_1_3_1,Random Forest,鮮紅,3,79,舌尖,1,1
tip_middle_root_1_3_1,Random Forest,鮮紅,3,79,舌左邊,1,1
tip_middle_root_1_3_1,Random Forest,鮮紅,3,79,舌根,1,1
tip_middle_root_1_3_1,Random Forest,鮮紅,3,84,舌中,0,0
tip_middle_root_1_3_1,Random Forest,鮮紅,3,84,舌右邊,0,1
tip_middle_root_1_3_1,Random Forest,鮮紅,3,84,舌尖,0,1
tip_middle_root_1_3_1,Random Forest,鮮紅,3,84,舌左邊,0,1
tip_middle_root_1_3_1,Random Forest,鮮紅,3,84,舌根,0,1
tip_middle_root_1_3_1,Random Forest,鮮紅,3,88,舌中,0,0
tip_middle_root_1_3_1,Random Forest,鮮紅,3,88,舌右邊,0,0
tip_middle_root_1_3_1,Random Forest,鮮紅,3,88,舌尖,0,0
tip_middle_root_1_3_1,Random Forest,鮮紅,3,88,舌左邊,0,0
tip_middle_root_1_3_1,Random Forest,鮮紅,3,88,舌根,0,0
tip_middle_root_1_3_1,Random Forest,鮮紅,3,93,舌中,1,1
tip_middle_root_1_3_1,Random Forest,鮮紅,3,93,舌右邊,1,1
tip_middle_root_1_3_1,Random Forest,鮮紅,3,93,舌尖,1,1
tip_middle_root_1_3_1,Random Forest,鮮紅,3,93,舌左邊,1,1
tip_middle_root_1_3_1,Random Forest,鮮紅,3,93,舌根,1,0
tip_middle_root_1_3_1,Random Forest,鮮紅,3,94,舌中,0,0
tip_middle_root_1_3_1,Random Forest,鮮紅,3,94,舌右邊,0,0
tip_middle_root_1_3_1,Random Forest,鮮紅,3,94,舌尖,0,0
tip_middle_root_1_3_1,Random Forest,鮮紅,3,94,舌左邊,0,0
tip_middle_root_1_3_1,Random Forest,鮮紅,3,94,舌根,0,0
tip_middle_root_1_3_1,Random Forest,鮮紅,4,11,舌中,0,0
tip_middle_root_1_3_1,Random Forest,鮮紅,4,11,舌右邊,0,1
tip_middle_root_1_3_1,Random Forest,鮮紅,4,11,舌尖,0,1
tip_middle_root_1_3_1,Random Forest,鮮紅,4,11,舌左邊,0,1
tip_middle_root_1_3_1,Random Forest,鮮紅,4,11,舌根,0,0
tip_middle_root_1_3_1,Random Forest,鮮紅,4,21,舌中,0,0
tip_middle_root_1_3_1,Random Forest,鮮紅,4,21,舌右邊,0,0
tip_middle_root_1_3_1,Random Forest,鮮紅,4,21,舌尖,0,1
tip_middle_root_1_3_1,Random Forest,鮮紅,4,21,舌左邊,0,0
tip_middle_root_1_3_1,Random Forest,鮮紅,4,21,舌根,0,0
tip_middle_root_1_3_1,Random Forest,鮮紅,4,29,舌中,0,0
tip_middle_root_1_3_1,Random Forest,鮮紅,4,29,舌右邊,0,0
tip_middle_root_1_3_1,Random Forest,鮮紅,4,29,舌尖,0,0
tip_middle_root_1_3_1,Random Forest,鮮紅,4,29,舌左邊,0,0
tip_middle_root_1_3_1,Random Forest,鮮紅,4,29,舌根,0,0
tip_middle_root_1_3_1,Random Forest,鮮紅,4,32,舌右邊,1,1
tip_middle_root_1_3_1,Random Forest,鮮紅,4,32,舌尖,1,1
tip_middle_root_1_3_1,Random Forest,鮮紅,4,32,舌左邊,1,0
tip_middle_root_1_3_1,Random Forest,鮮紅,4,34,舌右邊,1,0
tip_middle_root_1_3_1,Random Forest,鮮紅,4,34,舌尖,1,0
tip_middle_root_1_3_1,Random Forest,鮮紅,4,34,舌左邊,1,0
tip_middle_root_1_3_1,Random Forest,鮮紅,4,36,舌中,0,0
tip_middle_root_1_3_1,Random Forest,鮮紅,4,36,舌右邊,0,0
tip_middle_root_1_3_1,Random Forest,鮮紅,4,36,舌尖,0,0
tip_middle_root_1_3_1,Random Forest,鮮紅,4,36,舌左邊,0,0
tip_middle_root_1_3_1,Random Forest,鮮紅,4,36,舌根,0,0
tip_middle_root_1_3_1,Random Forest,鮮紅,4,43,舌尖,1,1
tip_middle_root_1_3_1,Random Forest,鮮紅,4,49,舌中,0,0
tip_middle_root_1_3_1,Random Forest,鮮紅,4,49,舌右邊,0,0
tip_middle_root_1_3_1,Random Forest,鮮紅,4,49,舌尖,0,0
tip_middle_root_1_3_1,Random Forest,鮮紅,4,49,舌左邊,0,0
tip_middle_root_1_3_1,Random Forest,鮮紅,4,49,舌根,0,0
tip_middle_root_1_3_1,Random Forest,鮮紅,4,53,舌尖,1,0
tip_middle_root_1_3_1,Random Forest,鮮紅,4,60,舌尖,1,0
tip_middle_root_1_3_1,Random Forest,鮮紅,4,70,舌中,1,1
tip_middle_root_1_3_1,Random Forest,鮮紅,4,70,舌右邊,1,1
tip_middle_root_1_3_1,Random Forest,鮮紅,4,70,舌尖,1,1
tip_middle_root_1_3_1,Random Forest,鮮紅,4,70,舌左邊,1,1
tip_middle_root_1_3_1,Random Forest,鮮紅,4,70,舌根,1,0
tip_middle_root_1_3_1,Random Forest,鮮紅,4,75,舌中,0,0
tip_middle_root_1_3_1,Random Forest,鮮紅,4,75,舌右邊,0,0
tip_middle_root_1_3_1,Random Forest,鮮紅,4,75,舌左邊,0,0
tip_middle_root_1_3_1,Random Forest,鮮紅,4,75,舌根,0,0
tip_middle_root_1_3_1,Random Forest,鮮紅,4,80,舌右邊,1,1
tip_middle_root_1_3_1,Random Forest,鮮紅,4,80,舌左邊,1,1
tip_middle_root_1_3_1,Random Forest,鮮紅,4,87,舌中,1,1
tip_middle_root_1_3_1,Random Forest,鮮紅,4,87,舌右邊,1,1
tip_middle_root_1_3_1,Random Forest,鮮紅,4,87,舌尖,1,1
tip_middle_root_1_3_1,Random Forest,鮮紅,4,87,舌左邊,1,1
tip_middle_root_1_3_1,Random Forest,鮮紅,4,87,舌根,1,0
tip_middle_root_1_3_1,Random Forest,鮮紅,4,8,舌中,0,0
tip_middle_root_1_3_1,Random Forest,鮮紅,4,8,舌右邊,0,0
tip_middle_root_1_3_1,Random Forest,鮮紅,4,8,舌尖,0,0
tip_middle_root_1_3_1,Random Forest,鮮紅,4,8,舌左邊,0,0
tip_middle_root_1_3_1,Random Forest,鮮紅,4,8,舌根,0,0
tip_middle_root_1_3_1,Random Forest,鮮紅,4,91,舌中,0,0
tip_middle_root_1_3_1,Random Forest,鮮紅,4,91,舌右邊,0,0
tip_middle_root_1_3_1,Random Forest,鮮紅,4,91,舌尖,0,0
tip_middle_root_1_3_1,Random Forest,鮮紅,4,91,舌左邊,0,0
tip_middle_root_1_3_1,Random Forest,鮮紅,4,91,舌根,0,0
tip_middle_root_1_3_1,Random Forest,鮮紅,4,97,舌中,0,0
tip_middle_root_1_3_1,Random Forest,鮮紅,4,97,舌右邊,0,0
tip_middle_root_1_3_1,Random Forest,鮮紅,4,97,舌尖,0,0
tip_middle_root_1_3_1,Random Forest,鮮紅,4,97,舌左邊,0,0
tip_middle_root_1_3_1,Random Forest,鮮紅,4,97,舌根,0,0
tip_middle_root_1_3_1,Random Forest,鮮紅,4,9,舌中,0,0
tip_middle_root_1_3_1,Random Forest,鮮紅,4,9,舌右邊,0,0
tip_middle_root_1_3_1,Random Forest,鮮紅,4,9,舌左邊,0,0
tip_middle_root_1_3_1,Random Forest,鮮紅,4,9,舌根,0,0
tip_middle_root_1_3_1,Random Forest,鮮紅,5,100,舌根,0,0
tip_middle_root_1_3_1,Random Forest,鮮紅,5,13,舌中,0,0
tip_middle_root_1_3_1,Random Forest,鮮紅,5,13,舌右邊,0,1
tip_middle_root_1_3_1,Random Forest,鮮紅,5,13,舌左邊,0,1
tip_middle_root_1_3_1,Random Forest,鮮紅,5,13,舌根,0,0
tip_middle_root_1_3_1,Random Forest,鮮紅,5,14,舌中,0,0
tip_middle_root_1_3_1,Random Forest,鮮紅,5,14,舌右邊,0,0
tip_middle_root_1_3_1,Random Forest,鮮紅,5,14,舌尖,0,0
tip_middle_root_1_3_1,Random Forest,鮮紅,5,14,舌左邊,0,0
tip_middle_root_1_3_1,Random Forest,鮮紅,5,14,舌根,0,0
tip_middle_root_1_3_1,Random Forest,鮮紅,5,17,舌中,0,0
tip_middle_root_1_3_1,Random Forest,鮮紅,5,17,舌右邊,0,1
tip_middle_root_1_3_1,Random Forest,鮮紅,5,17,舌尖,0,1
tip_middle_root_1_3_1,Random Forest,鮮紅,5,17,舌左邊,0,1
tip_middle_root_1_3_1,Random Forest,鮮紅,5,17,舌根,0,0
tip_middle_root_1_3_1,Random Forest,鮮紅,5,18,舌中,0,0
tip_middle_root_1_3_1,Random Forest,鮮紅,5,18,舌右邊,0,1
tip_middle_root_1_3_1,Random Forest,鮮紅,5,18,舌尖,0,1
tip_middle_root_1_3_1,Random Forest,鮮紅,5,18,舌左邊,0,1
tip_middle_root_1_3_1,Random Forest,鮮紅,5,18,舌根,0,1
tip_middle_root_1_3_1,Random Forest,鮮紅,5,22,舌中,1,1
tip_middle_root_1_3_1,Random Forest,鮮紅,5,22,舌右邊,1,1
tip_middle_root_1_3_1,Random Forest,鮮紅,5,22,舌尖,1,0
tip_middle_root_1_3_1,Random Forest,鮮紅,5,22,舌左邊,1,0
tip_middle_root_1_3_1,Random Forest,鮮紅,5,22,舌根,1,0
tip_middle_root_1_3_1,Random Forest,鮮紅,5,28,舌中,0,0
tip_middle_root_1_3_1,Random Forest,鮮紅,5,28,舌右邊,0,0
tip_middle_root_1_3_1,Random Forest,鮮紅,5,28,舌尖,0,0
tip_middle_root_1_3_1,Random Forest,鮮紅,5,28,舌左邊,0,0
tip_middle_root_1_3_1,Random Forest,鮮紅,5,28,舌根,0,0
tip_middle_root_1_3_1,Random Forest,鮮紅,5,33,舌尖,1,1
tip_middle_root_1_3_1,Random Forest,鮮紅,5,4,舌中,0,0
tip_middle_root_1_3_1,Random Forest,鮮紅,5,4,舌尖,0,1
tip_middle_root_1_3_1,Random Forest,鮮紅,5,55,舌中,0,0
tip_middle_root_1_3_1,Random Forest,鮮紅,5,55,舌右邊,0,1
tip_middle_root_1_3_1,Random Forest,鮮紅,5,55,舌尖,0,0
tip_middle_root_1_3_1,Random Forest,鮮紅,5,55,舌左邊,0,0
tip_middle_root_1_3_1,Random Forest,鮮紅,5,55,舌根,0,1
tip_middle_root_1_3_1,Random Forest,鮮紅,5,56,舌中,0,0
tip_middle_root_1_3_1,Random Forest,鮮紅,5,56,舌右邊,0,1
tip_middle_root_1_3_1,Random Forest,鮮紅,5,56,舌尖,0,1
tip_middle_root_1_3_1,Random Forest,鮮紅,5,56,舌左邊,0,0
tip_middle_root_1_3_1,Random Forest,鮮紅,5,56,舌根,0,0
tip_middle_root_1_3_1,Random Forest,鮮紅,5,58,舌中,0,0
tip_middle_root_1_3_1,Random Forest,鮮紅,5,58,舌右邊,0,0
tip_middle_root_1_3_1,Random Forest,鮮紅,5,58,舌尖,0,0
tip_middle_root_1_3_1,Random Forest,鮮紅,5,58,舌左邊,0,0
tip_middle_root_1_3_1,Random Forest,鮮紅,5,58,舌根,0,0
tip_middle_root_1_3_1,Random Forest,鮮紅,5,59,舌中,1,0
tip_middle_root_1_3_1,Random Forest,鮮紅,5,59,舌右邊,1,0
tip_middle_root_1_3_1,Random Forest,鮮紅,5,59,舌尖,1,1
tip_middle_root_1_3_1,Random Forest,鮮紅,5,59,舌左邊,1,0
tip_middle_root_1_3_1,Random Forest,鮮紅,5,66,舌中,1,0
tip_middle_root_1_3_1,Random Forest,鮮紅,5,66,舌尖,1,1
tip_middle_root_1_3_1,Random Forest,鮮紅,5,73,舌中,0,0
tip_middle_root_1_3_1,Random Forest,鮮紅,5,73,舌根,0,0
tip_middle_root_1_3_1,Random Forest,鮮紅,5,74,舌中,0,0
tip_middle_root_1_3_1,Random Forest,鮮紅,5,74,舌右邊,0,0
tip_middle_root_1_3_1,Random Forest,鮮紅,5,74,舌尖,0,0
tip_middle_root_1_3_1,Random Forest,鮮紅,5,74,舌左邊,0,0
tip_middle_root_1_3_1,Random Forest,鮮紅,5,74,舌根,0,0
tip_middle_root_1_3_1,Random Forest,鮮紅,5,89,舌右邊,1,1
tip_middle_root_1_3_1,Random Forest,鮮紅,5,89,舌尖,1,1
tip_middle_root_1_3_1,Random Forest,鮮紅,5,89,舌左邊,1,0
tip_middle_root_1_3_1,Random Forest,鮮紅,5,95,舌中,1,1
tip_middle_root_1_3_1,Random Forest,鮮紅,5,95,舌右邊,1,1
tip_middle_root_1_3_1,Random Forest,鮮紅,5,95,舌尖,1,1
tip_middle_root_1_3_1,Random Forest,鮮紅,5,95,舌左邊,1,0
tip_middle_root_1_3_1,Random Forest,鮮紅,5,95,舌根,1,0
tip_middle_root_1_2_2,SVM,暗紅,1,100,舌中,0,0
tip_middle_root_1_2_2,SVM,暗紅,1,100,舌右邊,0,1
tip_middle_root_1_2_2,SVM,暗紅,1,100,舌尖,0,1
tip_middle_root_1_2_2,SVM,暗紅,1,100,舌左邊,0,1
tip_middle_root_1_2_2,SVM,暗紅,1,13,舌中,0,0
tip_middle_root_1_2_2,SVM,暗紅,1,13,舌右邊,0,1
tip_middle_root_1_2_2,SVM,暗紅,1,13,舌尖,0,0
tip_middle_root_1_2_2,SVM,暗紅,1,13,舌左邊,0,1
tip_middle_root_1_2_2,SVM,暗紅,1,13,舌根,0,0
tip_middle_root_1_2_2,SVM,暗紅,1,14,舌中,0,1
tip_middle_root_1_2_2,SVM,暗紅,1,14,舌右邊,0,1
tip_middle_root_1_2_2,SVM,暗紅,1,14,舌尖,0,1
tip_middle_root_1_2_2,SVM,暗紅,1,14,舌左邊,0,1
tip_middle_root_1_2_2,SVM,暗紅,1,14,舌根,0,1
tip_middle_root_1_2_2,SVM,暗紅,1,20,舌中,0,0
tip_middle_root_1_2_2,SVM,暗紅,1,20,舌右邊,0,0
tip_middle_root_1_2_2,SVM,暗紅,1,20,舌尖,0,0
tip_middle_root_1_2_2,SVM,暗紅,1,20,舌左邊,0,0
tip_middle_root_1_2_2,SVM,暗紅,1,20,舌根,0,0
tip_middle_root_1_2_2,SVM,暗紅,1,30,舌中,0,0
tip_middle_root_1_2_2,SVM,暗紅,1,30,舌尖,0,0
tip_middle_root_1_2_2,SVM,暗紅,1,30,舌根,0,1
tip_middle_root_1_2_2,SVM,暗紅,1,32,舌中,0,0
tip_middle_root_1_2_2,SVM,暗紅,1,32,舌右邊,0,0
tip_middle_root_1_2_2,SVM,暗紅,1,32,舌尖,0,0
tip_middle_root_1_2_2,SVM,暗紅,1,32,舌左邊,0,0
tip_middle_root_1_2_2,SVM,暗紅,1,32,舌根,0,0
tip_middle_root_1_2_2,SVM,暗紅,1,33,舌尖,0,0
tip_middle_root_1_2_2,SVM,暗紅,1,39,舌尖,0,0
tip_middle_root_1_2_2,SVM,暗紅,1,39,舌左邊,0,0
tip_middle_root_1_2_2,SVM,暗紅,1,3,舌中,1,1
tip_middle_root_1_2_2,SVM,暗紅,1,3,舌右邊,1,0
tip_middle_root_1_2_2,SVM,暗紅,1,3,舌尖,1,1
tip_middle_root_1_2_2,SVM,暗紅,1,3,舌左邊,1,1
tip_middle_root_1_2_2,SVM,暗紅,1,3,舌根,0,1
tip_middle_root_1_2_2,SVM,暗紅,1,55,舌中,0,0
tip_middle_root_1_2_2,SVM,暗紅,1,55,舌右邊,0,0
tip_middle_root_1_2_2,SVM,暗紅,1,55,舌尖,0,0
tip_middle_root_1_2_2,SVM,暗紅,1,55,舌左邊,0,0
tip_middle_root_1_2_2,SVM,暗紅,1,55,舌根,0,1
tip_middle_root_1_2_2,SVM,暗紅,1,56,舌中,1,0
tip_middle_root_1_2_2,SVM,暗紅,1,56,舌右邊,1,0
tip_middle_root_1_2_2,SVM,暗紅,1,56,舌左邊,1,0
tip_middle_root_1_2_2,SVM,暗紅,1,56,舌根,1,1
tip_middle_root_1_2_2,SVM,暗紅,1,57,舌中,1,0
tip_middle_root_1_2_2,SVM,暗紅,1,57,舌右邊,1,0
tip_middle_root_1_2_2,SVM,暗紅,1,57,舌尖,1,0
tip_middle_root_1_2_2,SVM,暗紅,1,57,舌左邊,1,0
tip_middle_root_1_2_2,SVM,暗紅,1,57,舌根,1,0
tip_middle_root_1_2_2,SVM,暗紅,1,72,舌中,0,1
tip_middle_root_1_2_2,SVM,暗紅,1,72,舌右邊,0,1
tip_middle_root_1_2_2,SVM,暗紅,1,72,舌尖,0,0
tip_middle_root_1_2_2,SVM,暗紅,1,72,舌左邊,0,1
tip_middle_root_1_2_2,SVM,暗紅,1,82,舌中,0,0
tip_middle_root_1_2_2,SVM,暗紅,1,82,舌右邊,0,0
tip_middle_root_1_2_2,SVM,暗紅,1,82,舌尖,0,0
tip_middle_root_1_2_2,SVM,暗紅,1,82,舌左邊,0,0
tip_middle_root_1_2_2,SVM,暗紅,1,82,舌根,0,1
tip_middle_root_1_2_2,SVM,暗紅,1,83,舌中,1,1
tip_middle_root_1_2_2,SVM,暗紅,1,83,舌右邊,1,0
tip_middle_root_1_2_2,SVM,暗紅,1,83,舌尖,1,0
tip_middle_root_1_2_2,SVM,暗紅,1,83,舌左邊,1,0
tip_middle_root_1_2_2,SVM,暗紅,1,83,舌根,1,1
tip_middle_root_1_2_2,SVM,暗紅,1,8,舌中,0,0
tip_middle_root_1_2_2,SVM,暗紅,1,8,舌右邊,0,1
tip_middle_root_1_2_2,SVM,暗紅,1,8,舌尖,0,1
tip_middle_root_1_2_2,SVM,暗紅,1,8,舌左邊,0,1
tip_middle_root_1_2_2,SVM,暗紅,1,8,舌根,0,0
tip_middle_root_1_2_2,SVM,暗紅,1,91,舌中,0,0
tip_middle_root_1_2_2,SVM,暗紅,1,91,舌右邊,0,0
tip_middle_root_1_2_2,SVM,暗紅,1,91,舌尖,0,0
tip_middle_root_1_2_2,SVM,暗紅,1,91,舌左邊,0,1
tip_middle_root_1_2_2,SVM,暗紅,1,91,舌根,0,0
tip_middle_root_1_2_2,SVM,暗紅,1,96,舌中,0,1
tip_middle_root_1_2_2,SVM,暗紅,1,96,舌右邊,0,0
tip_middle_root_1_2_2,SVM,暗紅,1,96,舌尖,0,0
tip_middle_root_1_2_2,SVM,暗紅,1,96,舌左邊,0,1
tip_middle_root_1_2_2,SVM,暗紅,1,97,舌尖,0,1
tip_middle_root_1_2_2,SVM,暗紅,2,16,舌中,0,0
tip_middle_root_1_2_2,SVM,暗紅,2,16,舌右邊,0,0
tip_middle_root_1_2_2,SVM,暗紅,2,16,舌尖,0,0
tip_middle_root_1_2_2,SVM,暗紅,2,16,舌左邊,0,0
tip_middle_root_1_2_2,SVM,暗紅,2,16,舌根,0,0
tip_middle_root_1_2_2,SVM,暗紅,2,19,舌中,0,0
tip_middle_root_1_2_2,SVM,暗紅,2,19,舌右邊,0,0
tip_middle_root_1_2_2,SVM,暗紅,2,19,舌尖,0,0
tip_middle_root_1_2_2,SVM,暗紅,2,19,舌左邊,0,0
tip_middle_root_1_2_2,SVM,暗紅,2,19,舌根,0,0
tip_middle_root_1_2_2,SVM,暗紅,2,23,舌中,0,0
tip_middle_root_1_2_2,SVM,暗紅,2,23,舌右邊,0,0
tip_middle_root_1_2_2,SVM,暗紅,2,23,舌尖,0,0
tip_middle_root_1_2_2,SVM,暗紅,2,23,舌左邊,0,0
tip_middle_root_1_2_2,SVM,暗紅,2,23,舌根,0,0
tip_middle_root_1_2_2,SVM,暗紅,2,24,舌中,0,0
tip_middle_root_1_2_2,SVM,暗紅,2,24,舌根,0,1
tip_middle_root_1_2_2,SVM,暗紅,2,2,舌中,0,0
tip_middle_root_1_2_2,SVM,暗紅,2,2,舌右邊,0,0
tip_middle_root_1_2_2,SVM,暗紅,2,2,舌左邊,0,1
tip_middle_root_1_2_2,SVM,暗紅,2,2,舌根,0,0
tip_middle_root_1_2_2,SVM,暗紅,2,35,舌中,1,0
tip_middle_root_1_2_2,SVM,暗紅,2,35,舌尖,0,0
tip_middle_root_1_2_2,SVM,暗紅,2,35,舌根,1,1
tip_middle_root_1_2_2,SVM,暗紅,2,40,舌根,1,0
tip_middle_root_1_2_2,SVM,暗紅,2,44,舌中,0,0
tip_middle_root_1_2_2,SVM,暗紅,2,44,舌右邊,0,0
tip_middle_root_1_2_2,SVM,暗紅,2,44,舌尖,0,0
tip_middle_root_1_2_2,SVM,暗紅,2,44,舌左邊,0,0
tip_middle_root_1_2_2,SVM,暗紅,2,47,舌中,1,0
tip_middle_root_1_2_2,SVM,暗紅,2,47,舌右邊,1,0
tip_middle_root_1_2_2,SVM,暗紅,2,47,舌尖,1,0
tip_middle_root_1_2_2,SVM,暗紅,2,47,舌左邊,1,0
tip_middle_root_1_2_2,SVM,暗紅,2,47,舌根,1,0
tip_middle_root_1_2_2,SVM,暗紅,2,66,舌中,0,1
tip_middle_root_1_2_2,SVM,暗紅,2,66,舌尖,0,1
tip_middle_root_1_2_2,SVM,暗紅,2,69,舌中,1,0
tip_middle_root_1_2_2,SVM,暗紅,2,69,舌尖,1,1
tip_middle_root_1_2_2,SVM,暗紅,2,71,舌根,1,1
tip_middle_root_1_2_2,SVM,暗紅,2,74,舌中,1,0
tip_middle_root_1_2_2,SVM,暗紅,2,74,舌右邊,1,0
tip_middle_root_1_2_2,SVM,暗紅,2,74,舌左邊,1,1
tip_middle_root_1_2_2,SVM,暗紅,2,74,舌根,1,0
tip_middle_root_1_2_2,SVM,暗紅,2,76,舌中,1,1
tip_middle_root_1_2_2,SVM,暗紅,2,76,舌右邊,1,1
tip_middle_root_1_2_2,SVM,暗紅,2,76,舌尖,1,0
tip_middle_root_1_2_2,SVM,暗紅,2,76,舌左邊,1,0
tip_middle_root_1_2_2,SVM,暗紅,2,76,舌根,1,0
tip_middle_root_1_2_2,SVM,暗紅,2,7,舌中,0,0
tip_middle_root_1_2_2,SVM,暗紅,2,7,舌右邊,0,0
tip_middle_root_1_2_2,SVM,暗紅,2,7,舌尖,0,0
tip_middle_root_1_2_2,SVM,暗紅,2,7,舌左邊,0,0
tip_middle_root_1_2_2,SVM,暗紅,2,7,舌根,0,0
tip_middle_root_1_2_2,SVM,暗紅,2,80,舌右邊,0,0
tip_middle_root_1_2_2,SVM,暗紅,2,80,舌左邊,0,0
tip_middle_root_1_2_2,SVM,暗紅,2,80,舌根,0,1
tip_middle_root_1_2_2,SVM,暗紅,2,84,舌中,0,0
tip_middle_root_1_2_2,SVM,暗紅,2,84,舌右邊,0,1
tip_middle_root_1_2_2,SVM,暗紅,2,84,舌尖,0,1
tip_middle_root_1_2_2,SVM,暗紅,2,84,舌左邊,0,1
tip_middle_root_1_2_2,SVM,暗紅,2,84,舌根,0,0
tip_middle_root_1_2_2,SVM,暗紅,2,85,舌中,0,1
tip_middle_root_1_2_2,SVM,暗紅,2,85,舌右邊,0,1
tip_middle_root_1_2_2,SVM,暗紅,2,85,舌尖,0,0
tip_middle_root_1_2_2,SVM,暗紅,2,85,舌左邊,0,1
tip_middle_root_1_2_2,SVM,暗紅,2,85,舌根,0,0
tip_middle_root_1_2_2,SVM,暗紅,2,87,舌中,0,1
tip_middle_root_1_2_2,SVM,暗紅,2,87,舌右邊,0,1
tip_middle_root_1_2_2,SVM,暗紅,2,87,舌尖,0,0
tip_middle_root_1_2_2,SVM,暗紅,2,87,舌左邊,0,1
tip_middle_root_1_2_2,SVM,暗紅,2,87,舌根,0,0
tip_middle_root_1_2_2,SVM,暗紅,2,93,舌中,0,0
tip_middle_root_1_2_2,SVM,暗紅,2,93,舌右邊,0,1
tip_middle_root_1_2_2,SVM,暗紅,2,93,舌尖,0,1
tip_middle_root_1_2_2,SVM,暗紅,2,93,舌左邊,0,1
tip_middle_root_1_2_2,SVM,暗紅,2,93,舌根,0,1
tip_middle_root_1_2_2,SVM,暗紅,2,94,舌右邊,0,1
tip_middle_root_1_2_2,SVM,暗紅,2,94,舌尖,0,1
tip_middle_root_1_2_2,SVM,暗紅,2,94,舌左邊,0,0
tip_middle_root_1_2_2,SVM,暗紅,2,94,舌根,0,1
tip_middle_root_1_2_2,SVM,暗紅,3,12,舌中,0,1
tip_middle_root_1_2_2,SVM,暗紅,3,12,舌右邊,0,1
tip_middle_root_1_2_2,SVM,暗紅,3,12,舌尖,1,0
tip_middle_root_1_2_2,SVM,暗紅,3,12,舌左邊,0,1
tip_middle_root_1_2_2,SVM,暗紅,3,12,舌根,0,1
tip_middle_root_1_2_2,SVM,暗紅,3,15,舌中,0,1
tip_middle_root_1_2_2,SVM,暗紅,3,15,舌右邊,0,1
tip_middle_root_1_2_2,SVM,暗紅,3,15,舌尖,0,1
tip_middle_root_1_2_2,SVM,暗紅,3,15,舌左邊,0,1
tip_middle_root_1_2_2,SVM,暗紅,3,15,舌根,0,1
tip_middle_root_1_2_2,SVM,暗紅,3,18,舌中,0,0
tip_middle_root_1_2_2,SVM,暗紅,3,18,舌右邊,0,1
tip_middle_root_1_2_2,SVM,暗紅,3,18,舌尖,0,1
tip_middle_root_1_2_2,SVM,暗紅,3,18,舌左邊,0,1
tip_middle_root_1_2_2,SVM,暗紅,3,18,舌根,0,1
tip_middle_root_1_2_2,SVM,暗紅,3,21,舌中,0,0
tip_middle_root_1_2_2,SVM,暗紅,3,21,舌右邊,0,1
tip_middle_root_1_2_2,SVM,暗紅,3,21,舌尖,0,0
tip_middle_root_1_2_2,SVM,暗紅,3,21,舌左邊,0,0
tip_middle_root_1_2_2,SVM,暗紅,3,21,舌根,0,0
tip_middle_root_1_2_2,SVM,暗紅,3,28,舌中,0,0
tip_middle_root_1_2_2,SVM,暗紅,3,28,舌右邊,0,0
tip_middle_root_1_2_2,SVM,暗紅,3,28,舌尖,0,0
tip_middle_root_1_2_2,SVM,暗紅,3,28,舌左邊,0,0
tip_middle_root_1_2_2,SVM,暗紅,3,28,舌根,0,1
tip_middle_root_1_2_2,SVM,暗紅,3,29,舌中,0,0
tip_middle_root_1_2_2,SVM,暗紅,3,29,舌尖,0,0
tip_middle_root_1_2_2,SVM,暗紅,3,38,舌中,0,0
tip_middle_root_1_2_2,SVM,暗紅,3,38,舌右邊,0,0
tip_middle_root_1_2_2,SVM,暗紅,3,38,舌尖,0,0
tip_middle_root_1_2_2,SVM,暗紅,3,38,舌左邊,0,0
tip_middle_root_1_2_2,SVM,暗紅,3,41,舌中,1,0
tip_middle_root_1_2_2,SVM,暗紅,3,41,舌右邊,1,0
tip_middle_root_1_2_2,SVM,暗紅,3,41,舌尖,1,0
tip_middle_root_1_2_2,SVM,暗紅,3,41,舌左邊,1,0
tip_middle_root_1_2_2,SVM,暗紅,3,50,舌中,1,0
tip_middle_root_1_2_2,SVM,暗紅,3,50,舌右邊,1,0
tip_middle_root_1_2_2,SVM,暗紅,3,50,舌左邊,1,0
tip_middle_root_1_2_2,SVM,暗紅,3,50,舌根,1,0
tip_middle_root_1_2_2,SVM,暗紅,3,51,舌中,0,0
tip_middle_root_1_2_2,SVM,暗紅,3,51,舌右邊,0,1
tip_middle_root_1_2_2,SVM,暗紅,3,51,舌尖,0,1
tip_middle_root_1_2_2,SVM,暗紅,3,51,舌左邊,0,1
tip_middle_root_1_2_2,SVM,暗紅,3,51,舌根,0,1
tip_middle_root_1_2_2,SVM,暗紅,3,53,舌中,0,0
tip_middle_root_1_2_2,SVM,暗紅,3,53,舌右邊,0,1
tip_middle_root_1_2_2,SVM,暗紅,3,53,舌尖,0,0
tip_middle_root_1_2_2,SVM,暗紅,3,53,舌左邊,0,0
tip_middle_root_1_2_2,SVM,暗紅,3,53,舌根,0,1
tip_middle_root_1_2_2,SVM,暗紅,3,5,舌中,0,0
tip_middle_root_1_2_2,SVM,暗紅,3,5,舌右邊,0,0
tip_middle_root_1_2_2,SVM,暗紅,3,5,舌尖,0,0
tip_middle_root_1_2_2,SVM,暗紅,3,5,舌左邊,0,1
tip_middle_root_1_2_2,SVM,暗紅,3,5,舌根,0,1
tip_middle_root_1_2_2,SVM,暗紅,3,60,舌中,0,0
tip_middle_root_1_2_2,SVM,暗紅,3,60,舌右邊,0,0
tip_middle_root_1_2_2,SVM,暗紅,3,60,舌尖,0,0
tip_middle_root_1_2_2,SVM,暗紅,3,60,舌左邊,0,0
tip_middle_root_1_2_2,SVM,暗紅,3,60,舌根,0,1
tip_middle_root_1_2_2,SVM,暗紅,3,62,舌右邊,1,1
tip_middle_root_1_2_2,SVM,暗紅,3,62,舌尖,1,1
tip_middle_root_1_2_2,SVM,暗紅,3,64,舌中,1,1
tip_middle_root_1_2_2,SVM,暗紅,3,68,舌右邊,1,1
tip_middle_root_1_2_2,SVM,暗紅,3,68,舌左邊,1,1
tip_middle_root_1_2_2,SVM,暗紅,3,68,舌根,0,0
tip_middle_root_1_2_2,SVM,暗紅,3,78,舌中,0,1
tip_middle_root_1_2_2,SVM,暗紅,3,78,舌尖,0,0
tip_middle_root_1_2_2,SVM,暗紅,3,78,舌根,0,0
tip_middle_root_1_2_2,SVM,暗紅,3,81,舌中,1,1
tip_middle_root_1_2_2,SVM,暗紅,3,81,舌右邊,1,0
tip_middle_root_1_2_2,SVM,暗紅,3,81,舌尖,1,0
tip_middle_root_1_2_2,SVM,暗紅,3,81,舌左邊,1,0
tip_middle_root_1_2_2,SVM,暗紅,3,81,舌根,1,1
tip_middle_root_1_2_2,SVM,暗紅,3,95,舌中,0,1
tip_middle_root_1_2_2,SVM,暗紅,3,95,舌右邊,0,1
tip_middle_root_1_2_2,SVM,暗紅,3,95,舌尖,0,1
tip_middle_root_1_2_2,SVM,暗紅,3,95,舌左邊,0,1
tip_middle_root_1_2_2,SVM,暗紅,3,95,舌根,0,1
tip_middle_root_1_2_2,SVM,暗紅,4,17,舌右邊,1,0
tip_middle_root_1_2_2,SVM,暗紅,4,17,舌左邊,1,0
tip_middle_root_1_2_2,SVM,暗紅,4,17,舌根,1,0
tip_middle_root_1_2_2,SVM,暗紅,4,25,舌中,0,1
tip_middle_root_1_2_2,SVM,暗紅,4,25,舌尖,0,1
tip_middle_root_1_2_2,SVM,暗紅,4,31,舌右邊,0,0
tip_middle_root_1_2_2,SVM,暗紅,4,31,舌尖,0,0
tip_middle_root_1_2_2,SVM,暗紅,4,31,舌左邊,0,0
tip_middle_root_1_2_2,SVM,暗紅,4,34,舌中,0,1
tip_middle_root_1_2_2,SVM,暗紅,4,34,舌右邊,0,0
tip_middle_root_1_2_2,SVM,暗紅,4,34,舌尖,0,0
tip_middle_root_1_2_2,SVM,暗紅,4,34,舌左邊,0,0
tip_middle_root_1_2_2,SVM,暗紅,4,36,舌中,0,0
tip_middle_root_1_2_2,SVM,暗紅,4,36,舌右邊,0,0
tip_middle_root_1_2_2,SVM,暗紅,4,36,舌尖,0,0
tip_middle_root_1_2_2,SVM,暗紅,4,36,舌左邊,0,0
tip_middle_root_1_2_2,SVM,暗紅,4,36,舌根,0,0
tip_middle_root_1_2_2,SVM,暗紅,4,37,舌中,0,0
tip_middle_root_1_2_2,SVM,暗紅,4,37,舌右邊,0,0
tip_middle_root_1_2_2,SVM,暗紅,4,37,舌尖,0,0
tip_middle_root_1_2_2,SVM,暗紅,4,37,舌左邊,0,0
tip_middle_root_1_2_2,SVM,暗紅,4,37,舌根,0,0
tip_middle_root_1_2_2,SVM,暗紅,4,42,舌尖,0,0
tip_middle_root_1_2_2,SVM,暗紅,4,46,舌中,0,0
tip_middle_root_1_2_2,SVM,暗紅,4,46,舌右邊,0,0
tip_middle_root_1_2_2,SVM,暗紅,4,46,舌尖,0,0
tip_middle_root_1_2_2,SVM,暗紅,4,46,舌左邊,0,0
tip_middle_root_1_2_2,SVM,暗紅,4,48,舌中,1,0
tip_middle_root_1_2_2,SVM,暗紅,4,48,舌右邊,1,0
tip_middle_root_1_2_2,SVM,暗紅,4,48,舌左邊,1,0
tip_middle_root_1_2_2,SVM,暗紅,4,48,舌根,1,0
tip_middle_root_1_2_2,SVM,暗紅,4,49,舌中,0,0
tip_middle_root_1_2_2,SVM,暗紅,4,49,舌右邊,0,0
tip_middle_root_1_2_2,SVM,暗紅,4,49,舌尖,0,1
tip_middle_root_1_2_2,SVM,暗紅,4,49,舌左邊,0,1
tip_middle_root_1_2_2,SVM,暗紅,4,49,舌根,0,1
tip_middle_root_1_2_2,SVM,暗紅,4,54,舌中,0,1
tip_middle_root_1_2_2,SVM,暗紅,4,54,舌右邊,0,1
tip_middle_root_1_2_2,SVM,暗紅,4,54,舌尖,0,1
tip_middle_root_1_2_2,SVM,暗紅,4,54,舌左邊,0,0
tip_middle_root_1_2_2,SVM,暗紅,4,54,舌根,0,1
tip_middle_root_1_2_2,SVM,暗紅,4,58,舌根,1,0
tip_middle_root_1_2_2,SVM,暗紅,4,65,舌中,0,0
tip_middle_root_1_2_2,SVM,暗紅,4,65,舌右邊,0,0
tip_middle_root_1_2_2,SVM,暗紅,4,65,舌尖,0,0
tip_middle_root_1_2_2,SVM,暗紅,4,65,舌左邊,0,0
tip_middle_root_1_2_2,SVM,暗紅,4,65,舌根,0,0
tip_middle_root_1_2_2,SVM,暗紅,4,67,舌右邊,0,0
tip_middle_root_1_2_2,SVM,暗紅,4,67,舌尖,0,0
tip_middle_root_1_2_2,SVM,暗紅,4,67,舌左邊,0,0
tip_middle_root_1_2_2,SVM,暗紅,4,67,舌根,0,0
tip_middle_root_1_2_2,SVM,暗紅,4,6,舌中,1,1
tip_middle_root_1_2_2,SVM,暗紅,4,6,舌右邊,1,1
tip_middle_root_1_2_2,SVM,暗紅,4,6,舌尖,1,1
tip_middle_root_1_2_2,SVM,暗紅,4,6,舌左邊,1,0
tip_middle_root_1_2_2,SVM,暗紅,4,6,舌根,1,0
tip_middle_root_1_2_2,SVM,暗紅,4,75,舌根,0,0
tip_middle_root_1_2_2,SVM,暗紅,4,77,舌右邊,1,1
tip_middle_root_1_2_2,SVM,暗紅,4,77,舌尖,1,0
tip_middle_root_1_2_2,SVM,暗紅,4,77,舌左邊,1,1
tip_middle_root_1_2_2,SVM,暗紅,4,77,舌根,1,1
tip_middle_root_1_2_2,SVM,暗紅,4,79,舌中,0,0
tip_middle_root_1_2_2,SVM,暗紅,4,79,舌右邊,0,0
tip_middle_root_1_2_2,SVM,暗紅,4,79,舌尖,0,0
tip_middle_root_1_2_2,SVM,暗紅,4,79,舌左邊,0,0
tip_middle_root_1_2_2,SVM,暗紅,4,79,舌根,0,1
tip_middle_root_1_2_2,SVM,暗紅,4,98,舌右邊,1,1
tip_middle_root_1_2_2,SVM,暗紅,4,98,舌左邊,1,1
tip_middle_root_1_2_2,SVM,暗紅,4,99,舌中,0,1
tip_middle_root_1_2_2,SVM,暗紅,4,99,舌右邊,0,0
tip_middle_root_1_2_2,SVM,暗紅,4,99,舌尖,0,0
tip_middle_root_1_2_2,SVM,暗紅,4,99,舌左邊,0,0
tip_middle_root_1_2_2,SVM,暗紅,4,99,舌根,0,0
tip_middle_root_1_2_2,SVM,暗紅,4,9,舌中,0,0
tip_middle_root_1_2_2,SVM,暗紅,4,9,舌右邊,0,1
tip_middle_root_1_2_2,SVM,暗紅,4,9,舌尖,0,0
tip_middle_root_1_2_2,SVM,暗紅,4,9,舌左邊,0,0
tip_middle_root_1_2_2,SVM,暗紅,4,9,舌根,0,0
tip_middle_root_1_2_2,SVM,暗紅,5,10,舌右邊,0,1
tip_middle_root_1_2_2,SVM,暗紅,5,10,舌尖,0,1
tip_middle_root_1_2_2,SVM,暗紅,5,10,舌左邊,0,1
tip_middle_root_1_2_2,SVM,暗紅,5,11,舌中,1,1
tip_middle_root_1_2_2,SVM,暗紅,5,11,舌右邊,1,1
tip_middle_root_1_2_2,SVM,暗紅,5,11,舌尖,1,1
tip_middle_root_1_2_2,SVM,暗紅,5,11,舌左邊,1,1
tip_middle_root_1_2_2,SVM,暗紅,5,11,舌根,1,0
tip_middle_root_1_2_2,SVM,暗紅,5,1,舌中,1,1
tip_middle_root_1_2_2,SVM,暗紅,5,1,舌右邊,1,1
tip_middle_root_1_2_2,SVM,暗紅,5,1,舌尖,0,1
tip_middle_root_1_2_2,SVM,暗紅,5,1,舌左邊,1,1
tip_middle_root_1_2_2,SVM,暗紅,5,1,舌根,1,1
tip_middle_root_1_2_2,SVM,暗紅,5,22,舌中,0,1
tip_middle_root_1_2_2,SVM,暗紅,5,22,舌右邊,0,1
tip_middle_root_1_2_2,SVM,暗紅,5,22,舌尖,0,1
tip_middle_root_1_2_2,SVM,暗紅,5,22,舌左邊,0,1
tip_middle_root_1_2_2,SVM,暗紅,5,22,舌根,0,1
tip_middle_root_1_2_2,SVM,暗紅,5,26,舌中,0,1
tip_middle_root_1_2_2,SVM,暗紅,5,26,舌右邊,0,1
tip_middle_root_1_2_2,SVM,暗紅,5,26,舌尖,0,1
tip_middle_root_1_2_2,SVM,暗紅,5,26,舌左邊,0,0
tip_middle_root_1_2_2,SVM,暗紅,5,26,舌根,0,1
tip_middle_root_1_2_2,SVM,暗紅,5,27,舌中,0,0
tip_middle_root_1_2_2,SVM,暗紅,5,27,舌右邊,0,0
tip_middle_root_1_2_2,SVM,暗紅,5,27,舌尖,0,0
tip_middle_root_1_2_2,SVM,暗紅,5,27,舌左邊,0,0
tip_middle_root_1_2_2,SVM,暗紅,5,27,舌根,0,0
tip_middle_root_1_2_2,SVM,暗紅,5,43,舌中,0,0
tip_middle_root_1_2_2,SVM,暗紅,5,43,舌右邊,0,1
tip_middle_root_1_2_2,SVM,暗紅,5,43,舌尖,0,0
tip_middle_root_1_2_2,SVM,暗紅,5,43,舌左邊,0,0
tip_middle_root_1_2_2,SVM,暗紅,5,43,舌根,0,1
tip_middle_root_1_2_2,SVM,暗紅,5,45,舌中,1,0
tip_middle_root_1_2_2,SVM,暗紅,5,45,舌右邊,0,1
tip_middle_root_1_2_2,SVM,暗紅,5,45,舌尖,0,0
tip_middle_root_1_2_2,SVM,暗紅,5,45,舌左邊,0,1
tip_middle_root_1_2_2,SVM,暗紅,5,45,舌根,1,1
tip_middle_root_1_2_2,SVM,暗紅,5,52,舌中,0,0
tip_middle_root_1_2_2,SVM,暗紅,5,52,舌右邊,0,0
tip_middle_root_1_2_2,SVM,暗紅,5,52,舌尖,0,0
tip_middle_root_1_2_2,SVM,暗紅,5,52,舌左邊,0,0
tip_middle_root_1_2_2,SVM,暗紅,5,52,舌根,0,0
tip_middle_root_1_2_2,SVM,暗紅,5,59,舌中,0,0
tip_middle_root_1_2_2,SVM,暗紅,5,59,舌右邊,0,0
tip_middle_root_1_2_2,SVM,暗紅,5,59,舌尖,0,0
tip_middle_root_1_2_2,SVM,暗紅,5,59,舌左邊,0,0
tip_middle_root_1_2_2,SVM,暗紅,5,59,舌根,0,1
tip_middle_root_1_2_2,SVM,暗紅,5,61,舌中,1,1
tip_middle_root_1_2_2,SVM,暗紅,5,61,舌右邊,1,1
tip_middle_root_1_2_2,SVM,暗紅,5,61,舌尖,1,0
tip_middle_root_1_2_2,SVM,暗紅,5,61,舌左邊,1,1
tip_middle_root_1_2_2,SVM,暗紅,5,61,舌根,1,0
tip_middle_root_1_2_2,SVM,暗紅,5,63,舌中,1,0
tip_middle_root_1_2_2,SVM,暗紅,5,63,舌右邊,1,1
tip_middle_root_1_2_2,SVM,暗紅,5,63,舌左邊,1,1
tip_middle_root_1_2_2,SVM,暗紅,5,70,舌中,0,1
tip_middle_root_1_2_2,SVM,暗紅,5,70,舌右邊,0,0
tip_middle_root_1_2_2,SVM,暗紅,5,70,舌尖,0,0
tip_middle_root_1_2_2,SVM,暗紅,5,70,舌左邊,0,0
tip_middle_root_1_2_2,SVM,暗紅,5,70,舌根,0,0
tip_middle_root_1_2_2,SVM,暗紅,5,73,舌右邊,0,1
tip_middle_root_1_2_2,SVM,暗紅,5,73,舌左邊,0,1
tip_middle_root_1_2_2,SVM,暗紅,5,86,舌中,0,0
tip_middle_root_1_2_2,SVM,暗紅,5,86,舌右邊,0,1
tip_middle_root_1_2_2,SVM,暗紅,5,86,舌尖,0,0
tip_middle_root_1_2_2,SVM,暗紅,5,86,舌左邊,0,1
tip_middle_root_1_2_2,SVM,暗紅,5,89,舌中,0,1
tip_middle_root_1_2_2,SVM,暗紅,5,89,舌右邊,0,0
tip_middle_root_1_2_2,SVM,暗紅,5,89,舌尖,0,1
tip_middle_root_1_2_2,SVM,暗紅,5,89,舌左邊,0,1
tip_middle_root_1_2_2,SVM,暗紅,5,90,舌中,0,1
tip_middle_root_1_2_2,SVM,暗紅,5,90,舌右邊,0,1
tip_middle_root_1_2_2,SVM,暗紅,5,90,舌尖,0,0
tip_middle_root_1_2_2,SVM,暗紅,5,90,舌左邊,0,1
tip_middle_root_1_2_2,SVM,暗紅,5,90,舌根,0,1
tip_middle_root_1_2_2,SVM,暗紅,5,92,舌右邊,0,1
tip_middle_root_1_2_2,SVM,暗紅,5,92,舌尖,0,1
tip_middle_root_1_2_2,SVM,暗紅,5,92,舌左邊,0,1
tip_middle_root_1_2_2,SVM,暗紅,5,92,舌根,0,0
tip_middle_root_1_2_2,Random Forest,暗紅,1,100,舌中,0,0
tip_middle_root_1_2_2,Random Forest,暗紅,1,100,舌右邊,0,0
tip_middle_root_1_2_2,Random Forest,暗紅,1,100,舌尖,0,0
tip_middle_root_1_2_2,Random Forest,暗紅,1,100,舌左邊,0,1
tip_middle_root_1_2_2,Random Forest,暗紅,1,13,舌中,0,0
tip_middle_root_1_2_2,Random Forest,暗紅,1,13,舌右邊,0,0
tip_middle_root_1_2_2,Random Forest,暗紅,1,13,舌尖,0,0
tip_middle_root_1_2_2,Random Forest,暗紅,1,13,舌左邊,0,0
tip_middle_root_1_2_2,Random Forest,暗紅,1,13,舌根,0,0
tip_middle_root_1_2_2,Random Forest,暗紅,1,14,舌中,0,0
tip_middle_root_1_2_2,Random Forest,暗紅,1,14,舌右邊,0,0
tip_middle_root_1_2_2,Random Forest,暗紅,1,14,舌尖,0,0
tip_middle_root_1_2_2,Random Forest,暗紅,1,14,舌左邊,0,0
tip_middle_root_1_2_2,Random Forest,暗紅,1,14,舌根,0,0
tip_middle_root_1_2_2,Random Forest,暗紅,1,20,舌中,0,1
tip_middle_root_1_2_2,Random Forest,暗紅,1,20,舌右邊,0,0
tip_middle_root_1_2_2,Random Forest,暗紅,1,20,舌尖,0,0
tip_middle_root_1_2_2,Random Forest,暗紅,1,20,舌左邊,0,0
tip_middle_root_1_2_2,Random Forest,暗紅,1,20,舌根,0,0
tip_middle_root_1_2_2,Random Forest,暗紅,1,30,舌中,0,1
tip_middle_root_1_2_2,Random Forest,暗紅,1,30,舌尖,0,0
tip_middle_root_1_2_2,Random Forest,暗紅,1,30,舌根,0,1
tip_middle_root_1_2_2,Random Forest,暗紅,1,32,舌中,0,0
tip_middle_root_1_2_2,Random Forest,暗紅,1,32,舌右邊,0,0
tip_middle_root_1_2_2,Random Forest,暗紅,1,32,舌尖,0,0
tip_middle_root_1_2_2,Random Forest,暗紅,1,32,舌左邊,0,0
tip_middle_root_1_2_2,Random Forest,暗紅,1,32,舌根,0,0
tip_middle_root_1_2_2,Random Forest,暗紅,1,33,舌尖,0,0
tip_middle_root_1_2_2,Random Forest,暗紅,1,39,舌尖,0,0
tip_middle_root_1_2_2,Random Forest,暗紅,1,39,舌左邊,0,0
tip_middle_root_1_2_2,Random Forest,暗紅,1,3,舌中,1,1
tip_middle_root_1_2_2,Random Forest,暗紅,1,3,舌右邊,1,0
tip_middle_root_1_2_2,Random Forest,暗紅,1,3,舌尖,1,0
tip_middle_root_1_2_2,Random Forest,暗紅,1,3,舌左邊,1,0
tip_middle_root_1_2_2,Random Forest,暗紅,1,3,舌根,0,0
tip_middle_root_1_2_2,Random Forest,暗紅,1,55,舌中,0,0
tip_middle_root_1_2_2,Random Forest,暗紅,1,55,舌右邊,0,0
tip_middle_root_1_2_2,Random Forest,暗紅,1,55,舌尖,0,0
tip_middle_root_1_2_2,Random Forest,暗紅,1,55,舌左邊,0,0
tip_middle_root_1_2_2,Random Forest,暗紅,1,55,舌根,0,0
tip_middle_root_1_2_2,Random Forest,暗紅,1,56,舌中,1,0
tip_middle_root_1_2_2,Random Forest,暗紅,1,56,舌右邊,1,0
tip_middle_root_1_2_2,Random Forest,暗紅,1,56,舌左邊,1,0
tip_middle_root_1_2_2,Random Forest,暗紅,1,56,舌根,1,0
tip_middle_root_1_2_2,Random Forest,暗紅,1,57,舌中,1,0
tip_middle_root_1_2_2,Random Forest,暗紅,1,57,舌右邊,1,0
tip_middle_root_1_2_2,Random Forest,暗紅,1,57,舌尖,1,0
tip_middle_root_1_2_2,Random Forest,暗紅,1,57,舌左邊,1,0
tip_middle_root_1_2_2,Random Forest,暗紅,1,57,舌根,1,0
tip_middle_root_1_2_2,Random Forest,暗紅,1,72,舌中,0,1
tip_middle_root_1_2_2,Random Forest,暗紅,1,72,舌右邊,0,0
tip_middle_root_1_2_2,Random Forest,暗紅,1,72,舌尖,0,0
tip_middle_root_1_2_2,Random Forest,暗紅,1,72,舌左邊,0,0
tip_middle_root_1_2_2,Random Forest,暗紅,1,82,舌中,0,0
tip_middle_root_1_2_2,Random Forest,暗紅,1,82,舌右邊,0,0
tip_middle_root_1_2_2,Random Forest,暗紅,1,82,舌尖,0,0
tip_middle_root_1_2_2,Random Forest,暗紅,1,82,舌左邊,0,0
tip_middle_root_1_2_2,Random Forest,暗紅,1,82,舌根,0,0
tip_middle_root_1_2_2,Random Forest,暗紅,1,83,舌中,1,0
tip_middle_root_1_2_2,Random Forest,暗紅,1,83,舌右邊,1,0
tip_middle_root_1_2_2,Random Forest,暗紅,1,83,舌尖,1,0
tip_middle_root_1_2_2,Random Forest,暗紅,1,83,舌左邊,1,0
tip_middle_root_1_2_2,Random Forest,暗紅,1,83,舌根,1,0
tip_middle_root_1_2_2,Random Forest,暗紅,1,8,舌中,0,0
tip_middle_root_1_2_2,Random Forest,暗紅,1,8,舌右邊,0,1
tip_middle_root_1_2_2,Random Forest,暗紅,1,8,舌尖,0,1
tip_middle_root_1_2_2,Random Forest,暗紅,1,8,舌左邊,0,0
tip_middle_root_1_2_2,Random Forest,暗紅,1,8,舌根,0,0
tip_middle_root_1_2_2,Random Forest,暗紅,1,91,舌中,0,0
tip_middle_root_1_2_2,Random Forest,暗紅,1,91,舌右邊,0,0
tip_middle_root_1_2_2,Random Forest,暗紅,1,91,舌尖,0,0
tip_middle_root_1_2_2,Random Forest,暗紅,1,91,舌左邊,0,0
tip_middle_root_1_2_2,Random Forest,暗紅,1,91,舌根,0,1
tip_middle_root_1_2_2,Random Forest,暗紅,1,96,舌中,0,0
tip_middle_root_1_2_2,Random Forest,暗紅,1,96,舌右邊,0,0
tip_middle_root_1_2_2,Random Forest,暗紅,1,96,舌尖,0,0
tip_middle_root_1_2_2,Random Forest,暗紅,1,96,舌左邊,0,0
tip_middle_root_1_2_2,Random Forest,暗紅,1,97,舌尖,0,0
tip_middle_root_1_2_2,Random Forest,暗紅,2,16,舌中,0,0
tip_middle_root_1_2_2,Random Forest,暗紅,2,16,舌右邊,0,0
tip_middle_root_1_2_2,Random Forest,暗紅,2,16,舌尖,0,0
tip_middle_root_1_2_2,Random Forest,暗紅,2,16,舌左邊,0,0
tip_middle_root_1_2_2,Random Forest,暗紅,2,16,舌根,0,0
tip_middle_root_1_2_2,Random Forest,暗紅,2,19,舌中,0,0
tip_middle_root_1_2_2,Random Forest,暗紅,2,19,舌右邊,0,0
tip_middle_root_1_2_2,Random Forest,暗紅,2,19,舌尖,0,0
tip_middle_root_1_2_2,Random Forest,暗紅,2,19,舌左邊,0,0
tip_middle_root_1_2_2,Random Forest,暗紅,2,19,舌根,0,0
tip_middle_root_1_2_2,Random Forest,暗紅,2,23,舌中,0,0
tip_middle_root_1_2_2,Random Forest,暗紅,2,23,舌右邊,0,0
tip_middle_root_1_2_2,Random Forest,暗紅,2,23,舌尖,0,0
tip_middle_root_1_2_2,Random Forest,暗紅,2,23,舌左邊,0,0
tip_middle_root_1_2_2,Random Forest,暗紅,2,23,舌根,0,1
tip_middle_root_1_2_2,Random Forest,暗紅,2,24,舌中,0,0
tip_middle_root_1_2_2,Random Forest,暗紅,2,24,舌根,0,0
tip_middle_root_1_2_2,Random Forest,暗紅,2,2,舌中,0,0
tip_middle_root_1_2_2,Random Forest,暗紅,2,2,舌右邊,0,0
tip_middle_root_1_2_2,Random Forest,暗紅,2,2,舌左邊,0,0
tip_middle_root_1_2_2,Random Forest,暗紅,2,2,舌根,0,0
tip_middle_root_1_2_2,Random Forest,暗紅,2,35,舌中,1,0
tip_middle_root_1_2_2,Random Forest,暗紅,2,35,舌尖,0,0
tip_middle_root_1_2_2,Random Forest,暗紅,2,35,舌根,1,0
tip_middle_root_1_2_2,Random Forest,暗紅,2,40,舌根,1,0
tip_middle_root_1_2_2,Random Forest,暗紅,2,44,舌中,0,0
tip_middle_root_1_2_2,Random Forest,暗紅,2,44,舌右邊,0,0
tip_middle_root_1_2_2,Random Forest,暗紅,2,44,舌尖,0,0
tip_middle_root_1_2_2,Random Forest,暗紅,2,44,舌左邊,0,0
tip_middle_root_1_2_2,Random Forest,暗紅,2,47,舌中,1,0
tip_middle_root_1_2_2,Random Forest,暗紅,2,47,舌右邊,1,0
tip_middle_root_1_2_2,Random Forest,暗紅,2,47,舌尖,1,0
tip_middle_root_1_2_2,Random Forest,暗紅,2,47,舌左邊,1,0
tip_middle_root_1_2_2,Random Forest,暗紅,2,47,舌根,1,0
tip_middle_root_1_2_2,Random Forest,暗紅,2,66,舌中,0,0
tip_middle_root_1_2_2,Random Forest,暗紅,2,66,舌尖,0,1
tip_middle_root_1_2_2,Random Forest,暗紅,2,69,舌中,1,0
tip_middle_root_1_2_2,Random Forest,暗紅,2,69,舌尖,1,1
tip_middle_root_1_2_2,Random Forest,暗紅,2,71,舌根,1,1
tip_middle_root_1_2_2,Random Forest,暗紅,2,74,舌中,1,0
tip_middle_root_1_2_2,Random Forest,暗紅,2,74,舌右邊,1,0
tip_middle_root_1_2_2,Random Forest,暗紅,2,74,舌左邊,1,1
tip_middle_root_1_2_2,Random Forest,暗紅,2,74,舌根,1,0
tip_middle_root_1_2_2,Random Forest,暗紅,2,76,舌中,1,0
tip_middle_root_1_2_2,Random Forest,暗紅,2,76,舌右邊,1,1
tip_middle_root_1_2_2,Random Forest,暗紅,2,76,舌尖,1,0
tip_middle_root_1_2_2,Random Forest,暗紅,2,76,舌左邊,1,0
tip_middle_root_1_2_2,Random Forest,暗紅,2,76,舌根,1,0
tip_middle_root_1_2_2,Random Forest,暗紅,2,7,舌中,0,1
tip_middle_root_1_2_2,Random Forest,暗紅,2,7,舌右邊,0,0
tip_middle_root_1_2_2,Random Forest,暗紅,2,7,舌尖,0,0
tip_middle_root_1_2_2,Random Forest,暗紅,2,7,舌左邊,0,0
tip_middle_root_1_2_2,Random Forest,暗紅,2,7,舌根,0,0
tip_middle_root_1_2_2,Random Forest,暗紅,2,80,舌右邊,0,0
tip_middle_root_1_2_2,Random Forest,暗紅,2,80,舌左邊,0,0
tip_middle_root_1_2_2,Random Forest,暗紅,2,80,舌根,0,1
tip_middle_root_1_2_2,Random Forest,暗紅,2,84,舌中,0,0
tip_middle_root_1_2_2,Random Forest,暗紅,2,84,舌右邊,0,1
tip_middle_root_1_2_2,Random Forest,暗紅,2,84,舌尖,0,1
tip_middle_root_1_2_2,Random Forest,暗紅,2,84,舌左邊,0,1
tip_middle_root_1_2_2,Random Forest,暗紅,2,84,舌根,0,0
tip_middle_root_1_2_2,Random Forest,暗紅,2,85,舌中,0,0
tip_middle_root_1_2_2,Random Forest,暗紅,2,85,舌右邊,0,0
tip_middle_root_1_2_2,Random Forest,暗紅,2,85,舌尖,0,0
tip_middle_root_1_2_2,Random Forest,暗紅,2,85,舌左邊,0,0
tip_middle_root_1_2_2,Random Forest,暗紅,2,85,舌根,0,0
tip_middle_root_1_2_2,Random Forest,暗紅,2,87,舌中,0,0
tip_middle_root_1_2_2,Random Forest,暗紅,2,87,舌右邊,0,0
tip_middle_root_1_2_2,Random Forest,暗紅,2,87,舌尖,0,0
tip_middle_root_1_2_2,Random Forest,暗紅,2,87,舌左邊,0,0
tip_middle_root_1_2_2,Random Forest,暗紅,2,87,舌根,0,0
tip_middle_root_1_2_2,Random Forest,暗紅,2,93,舌中,0,0
tip_middle_root_1_2_2,Random Forest,暗紅,2,93,舌右邊,0,1
tip_middle_root_1_2_2,Random Forest,暗紅,2,93,舌尖,0,0
tip_middle_root_1_2_2,Random Forest,暗紅,2,93,舌左邊,0,0
tip_middle_root_1_2_2,Random Forest,暗紅,2,93,舌根,0,1
tip_middle_root_1_2_2,Random Forest,暗紅,2,94,舌右邊,0,1
tip_middle_root_1_2_2,Random Forest,暗紅,2,94,舌尖,0,1
tip_middle_root_1_2_2,Random Forest,暗紅,2,94,舌左邊,0,1
tip_middle_root_1_2_2,Random Forest,暗紅,2,94,舌根,0,1
tip_middle_root_1_2_2,Random Forest,暗紅,3,12,舌中,0,0
tip_middle_root_1_2_2,Random Forest,暗紅,3,12,舌右邊,0,1
tip_middle_root_1_2_2,Random Forest,暗紅,3,12,舌尖,1,0
tip_middle_root_1_2_2,Random Forest,暗紅,3,12,舌左邊,0,1
tip_middle_root_1_2_2,Random Forest,暗紅,3,12,舌根,0,0
tip_middle_root_1_2_2,Random Forest,暗紅,3,15,舌中,0,1
tip_middle_root_1_2_2,Random Forest,暗紅,3,15,舌右邊,0,0
tip_middle_root_1_2_2,Random Forest,暗紅,3,15,舌尖,0,1
tip_middle_root_1_2_2,Random Forest,暗紅,3,15,舌左邊,0,0
tip_middle_root_1_2_2,Random Forest,暗紅,3,15,舌根,0,1
tip_middle_root_1_2_2,Random Forest,暗紅,3,18,舌中,0,0
tip_middle_root_1_2_2,Random Forest,暗紅,3,18,舌右邊,0,0
tip_middle_root_1_2_2,Random Forest,暗紅,3,18,舌尖,0,1
tip_middle_root_1_2_2,Random Forest,暗紅,3,18,舌左邊,0,1
tip_middle_root_1_2_2,Random Forest,暗紅,3,18,舌根,0,0
tip_middle_root_1_2_2,Random Forest,暗紅,3,21,舌中,0,0
tip_middle_root_1_2_2,Random Forest,暗紅,3,21,舌右邊,0,0
tip_middle_root_1_2_2,Random Forest,暗紅,3,21,舌尖,0,0
tip_middle_root_1_2_2,Random Forest,暗紅,3,21,舌左邊,0,0
tip_middle_root_1_2_2,Random Forest,暗紅,3,21,舌根,0,0
tip_middle_root_1_2_2,Random Forest,暗紅,3,28,舌中,0,0
tip_middle_root_1_2_2,Random Forest,暗紅,3,28,舌右邊,0,0
tip_middle_root_1_2_2,Random Forest,暗紅,3,28,舌尖,0,0
tip_middle_root_1_2_2,Random Forest,暗紅,3,28,舌左邊,0,0
tip_middle_root_1_2_2,Random Forest,暗紅,3,28,舌根,0,0
tip_middle_root_1_2_2,Random Forest,暗紅,3,29,舌中,0,0
tip_middle_root_1_2_2,Random Forest,暗紅,3,29,舌尖,0,0
tip_middle_root_1_2_2,Random Forest,暗紅,3,38,舌中,0,0
tip_middle_root_1_2_2,Random Forest,暗紅,3,38,舌右邊,0,1
tip_middle_root_1_2_2,Random Forest,暗紅,3,38,舌尖,0,0
tip_middle_root_1_2_2,Random Forest,暗紅,3,38,舌左邊,0,0
tip_middle_root_1_2_2,Random Forest,暗紅,3,41,舌中,1,0
tip_middle_root_1_2_2,Random Forest,暗紅,3,41,舌右邊,1,0
tip_middle_root_1_2_2,Random Forest,暗紅,3,41,舌尖,1,0
tip_middle_root_1_2_2,Random Forest,暗紅,3,41,舌左邊,1,0
tip_middle_root_1_2_2,Random Forest,暗紅,3,50,舌中,1,0
tip_middle_root_1_2_2,Random Forest,暗紅,3,50,舌右邊,1,0
tip_middle_root_1_2_2,Random Forest,暗紅,3,50,舌左邊,1,0
tip_middle_root_1_2_2,Random Forest,暗紅,3,50,舌根,1,0
tip_middle_root_1_2_2,Random Forest,暗紅,3,51,舌中,0,0
tip_middle_root_1_2_2,Random Forest,暗紅,3,51,舌右邊,0,1
tip_middle_root_1_2_2,Random Forest,暗紅,3,51,舌尖,0,1
tip_middle_root_1_2_2,Random Forest,暗紅,3,51,舌左邊,0,1
tip_middle_root_1_2_2,Random Forest,暗紅,3,51,舌根,0,1
tip_middle_root_1_2_2,Random Forest,暗紅,3,53,舌中,0,0
tip_middle_root_1_2_2,Random Forest,暗紅,3,53,舌右邊,0,1
tip_middle_root_1_2_2,Random Forest,暗紅,3,53,舌尖,0,0
tip_middle_root_1_2_2,Random Forest,暗紅,3,53,舌左邊,0,0
tip_middle_root_1_2_2,Random Forest,暗紅,3,53,舌根,0,0
tip_middle_root_1_2_2,Random Forest,暗紅,3,5,舌中,0,0
tip_middle_root_1_2_2,Random Forest,暗紅,3,5,舌右邊,0,0
tip_middle_root_1_2_2,Random Forest,暗紅,3,5,舌尖,0,0
tip_middle_root_1_2_2,Random Forest,暗紅,3,5,舌左邊,0,0
tip_middle_root_1_2_2,Random Forest,暗紅,3,5,舌根,0,0
tip_middle_root_1_2_2,Random Forest,暗紅,3,60,舌中,0,0
tip_middle_root_1_2_2,Random Forest,暗紅,3,60,舌右邊,0,0
tip_middle_root_1_2_2,Random Forest,暗紅,3,60,舌尖,0,0
tip_middle_root_1_2_2,Random Forest,暗紅,3,60,舌左邊,0,0
tip_middle_root_1_2_2,Random Forest,暗紅,3,60,舌根,0,1
tip_middle_root_1_2_2,Random Forest,暗紅,3,62,舌右邊,1,1
tip_middle_root_1_2_2,Random Forest,暗紅,3,62,舌尖,1,1
tip_middle_root_1_2_2,Random Forest,暗紅,3,64,舌中,1,1
tip_middle_root_1_2_2,Random Forest,暗紅,3,68,舌右邊,1,0
tip_middle_root_1_2_2,Random Forest,暗紅,3,68,舌左邊,1,1
tip_middle_root_1_2_2,Random Forest,暗紅,3,68,舌根,0,1
tip_middle_root_1_2_2,Random Forest,暗紅,3,78,舌中,0,0
tip_middle_root_1_2_2,Random Forest,暗紅,3,78,舌尖,0,0
tip_middle_root_1_2_2,Random Forest,暗紅,3,78,舌根,0,1
tip_middle_root_1_2_2,Random Forest,暗紅,3,81,舌中,1,1
tip_middle_root_1_2_2,Random Forest,暗紅,3,81,舌右邊,1,0
tip_middle_root_1_2_2,Random Forest,暗紅,3,81,舌尖,1,0
tip_middle_root_1_2_2,Random Forest,暗紅,3,81,舌左邊,1,0
tip_middle_root_1_2_2,Random Forest,暗紅,3,81,舌根,1,0
tip_middle_root_1_2_2,Random Forest,暗紅,3,95,舌中,0,0
tip_middle_root_1_2_2,Random Forest,暗紅,3,95,舌右邊,0,1
tip_middle_root_1_2_2,Random Forest,暗紅,3,95,舌尖,0,0
tip_middle_root_1_2_2,Random Forest,暗紅,3,95,舌左邊,0,1
tip_middle_root_1_2_2,Random Forest,暗紅,3,95,舌根,0,0
tip_middle_root_1_2_2,Random Forest,暗紅,4,17,舌右邊,1,0
tip_middle_root_1_2_2,Random Forest,暗紅,4,17,舌左邊,1,0
tip_middle_root_1_2_2,Random Forest,暗紅,4,17,舌根,1,0
tip_middle_root_1_2_2,Random Forest,暗紅,4,25,舌中,0,1
tip_middle_root_1_2_2,Random Forest,暗紅,4,25,舌尖,0,0
tip_middle_root_1_2_2,Random Forest,暗紅,4,31,舌右邊,0,0
tip_middle_root_1_2_2,Random Forest,暗紅,4,31,舌尖,0,0
tip_middle_root_1_2_2,Random Forest,暗紅,4,31,舌左邊,0,0
tip_middle_root_1_2_2,Random Forest,暗紅,4,34,舌中,0,1
tip_middle_root_1_2_2,Random Forest,暗紅,4,34,舌右邊,0,0
tip_middle_root_1_2_2,Random Forest,暗紅,4,34,舌尖,0,0
tip_middle_root_1_2_2,Random Forest,暗紅,4,34,舌左邊,0,0
tip_middle_root_1_2_2,Random Forest,暗紅,4,36,舌中,0,0
tip_middle_root_1_2_2,Random Forest,暗紅,4,36,舌右邊,0,0
tip_middle_root_1_2_2,Random Forest,暗紅,4,36,舌尖,0,0
tip_middle_root_1_2_2,Random Forest,暗紅,4,36,舌左邊,0,0
tip_middle_root_1_2_2,Random Forest,暗紅,4,36,舌根,0,0
tip_middle_root_1_2_2,Random Forest,暗紅,4,37,舌中,0,0
tip_middle_root_1_2_2,Random Forest,暗紅,4,37,舌右邊,0,0
tip_middle_root_1_2_2,Random Forest,暗紅,4,37,舌尖,0,0
tip_middle_root_1_2_2,Random Forest,暗紅,4,37,舌左邊,0,1
tip_middle_root_1_2_2,Random Forest,暗紅,4,37,舌根,0,0
tip_middle_root_1_2_2,Random Forest,暗紅,4,42,舌尖,0,0
tip_middle_root_1_2_2,Random Forest,暗紅,4,46,舌中,0,0
tip_middle_root_1_2_2,Random Forest,暗紅,4,46,舌右邊,0,0
tip_middle_root_1_2_2,Random Forest,暗紅,4,46,舌尖,0,0
tip_middle_root_1_2_2,Random Forest,暗紅,4,46,舌左邊,0,0
tip_middle_root_1_2_2,Random Forest,暗紅,4,48,舌中,1,0
tip_middle_root_1_2_2,Random Forest,暗紅,4,48,舌右邊,1,0
tip_middle_root_1_2_2,Random Forest,暗紅,4,48,舌左邊,1,0
tip_middle_root_1_2_2,Random Forest,暗紅,4,48,舌根,1,0
tip_middle_root_1_2_2,Random Forest,暗紅,4,49,舌中,0,1
tip_middle_root_1_2_2,Random Forest,暗紅,4,49,舌右邊,0,0
tip_middle_root_1_2_2,Random Forest,暗紅,4,49,舌尖,0,1
tip_middle_root_1_2_2,Random Forest,暗紅,4,49,舌左邊,0,1
tip_middle_root_1_2_2,Random Forest,暗紅,4,49,舌根,0,1
tip_middle_root_1_2_2,Random Forest,暗紅,4,54,舌中,0,1
tip_middle_root_1_2_2,Random Forest,暗紅,4,54,舌右邊,0,0
tip_middle_root_1_2_2,Random Forest,暗紅,4,54,舌尖,0,0
tip_middle_root_1_2_2,Random Forest,暗紅,4,54,舌左邊,0,0
tip_middle_root_1_2_2,Random Forest,暗紅,4,54,舌根,0,0
tip_middle_root_1_2_2,Random Forest,暗紅,4,58,舌根,1,0
tip_middle_root_1_2_2,Random Forest,暗紅,4,65,舌中,0,0
tip_middle_root_1_2_2,Random Forest,暗紅,4,65,舌右邊,0,0
tip_middle_root_1_2_2,Random Forest,暗紅,4,65,舌尖,0,0
tip_middle_root_1_2_2,Random Forest,暗紅,4,65,舌左邊,0,0
tip_middle_root_1_2_2,Random Forest,暗紅,4,65,舌根,0,1
tip_middle_root_1_2_2,Random Forest,暗紅,4,67,舌右邊,0,0
tip_middle_root_1_2_2,Random Forest,暗紅,4,67,舌尖,0,0
tip_middle_root_1_2_2,Random Forest,暗紅,4,67,舌左邊,0,0
tip_middle_root_1_2_2,Random Forest,暗紅,4,67,舌根,0,1
tip_middle_root_1_2_2,Random Forest,暗紅,4,6,舌中,1,1
tip_middle_root_1_2_2,Random Forest,暗紅,4,6,舌右邊,1,1
tip_middle_root_1_2_2,Random Forest,暗紅,4,6,舌尖,1,0
tip_middle_root_1_2_2,Random Forest,暗紅,4,6,舌左邊,1,0
tip_middle_root_1_2_2,Random Forest,暗紅,4,6,舌根,1,0
tip_middle_root_1_2_2,Random Forest,暗紅,4,75,舌根,0,0
tip_middle_root_1_2_2,Random Forest,暗紅,4,77,舌右邊,1,0
tip_middle_root_1_2_2,Random Forest,暗紅,4,77,舌尖,1,0
tip_middle_root_1_2_2,Random Forest,暗紅,4,77,舌左邊,1,0
tip_middle_root_1_2_2,Random Forest,暗紅,4,77,舌根,1,0
tip_middle_root_1_2_2,Random Forest,暗紅,4,79,舌中,0,0
tip_middle_root_1_2_2,Random Forest,暗紅,4,79,舌右邊,0,0
tip_middle_root_1_2_2,Random Forest,暗紅,4,79,舌尖,0,0
tip_middle_root_1_2_2,Random Forest,暗紅,4,79,舌左邊,0,0
tip_middle_root_1_2_2,Random Forest,暗紅,4,79,舌根,0,1
tip_middle_root_1_2_2,Random Forest,暗紅,4,98,舌右邊,1,1
tip_middle_root_1_2_2,Random Forest,暗紅,4,98,舌左邊,1,1
tip_middle_root_1_2_2,Random Forest,暗紅,4,99,舌中,0,0
tip_middle_root_1_2_2,Random Forest,暗紅,4,99,舌右邊,0,0
tip_middle_root_1_2_2,Random Forest,暗紅,4,99,舌尖,0,0
tip_middle_root_1_2_2,Random Forest,暗紅,4,99,舌左邊,0,0
tip_middle_root_1_2_2,Random Forest,暗紅,4,99,舌根,0,0
tip_middle_root_1_2_2,Random Forest,暗紅,4,9,舌中,0,0
tip_middle_root_1_2_2,Random Forest,暗紅,4,9,舌右邊,0,0
tip_middle_root_1_2_2,Random Forest,暗紅,4,9,舌尖,0,0
tip_middle_root_1_2_2,Random Forest,暗紅,4,9,舌左邊,0,0
tip_middle_root_1_2_2,Random Forest,暗紅,4,9,舌根,0,0
tip_middle_root_1_2_2,Random Forest,暗紅,5,10,舌右邊,0,1
tip_middle_root_1_2_2,Random Forest,暗紅,5,10,舌尖,0,1
tip_middle_root_1_2_2,Random Forest,暗紅,5,10,舌左邊,0,1
tip_middle_root_1_2_2,Random Forest,暗紅,5,11,舌中,1,1
tip_middle_root_1_2_2,Random Forest,暗紅,5,11,舌右邊,1,1
tip_middle_root_1_2_2,Random Forest,暗紅,5,11,舌尖,1,1
tip_middle_root_1_2_2,Random Forest,暗紅,5,11,舌左邊,1,0
tip_middle_root_1_2_2,Random Forest,暗紅,5,11,舌根,1,0
tip_middle_root_1_2_2,Random Forest,暗紅,5,1,舌中,1,0
tip_middle_root_1_2_2,Random Forest,暗紅,5,1,舌右邊,1,1
tip_middle_root_1_2_2,Random Forest,暗紅,5,1,舌尖,0,1
tip_middle_root_1_2_2,Random Forest,暗紅,5,1,舌左邊,1,1
tip_middle_root_1_2_2,Random Forest,暗紅,5,1,舌根,1,1
tip_middle_root_1_2_2,Random Forest,暗紅,5,22,舌中,0,0
tip_middle_root_1_2_2,Random Forest,暗紅,5,22,舌右邊,0,0
tip_middle_root_1_2_2,Random Forest,暗紅,5,22,舌尖,0,0
tip_middle_root_1_2_2,Random Forest,暗紅,5,22,舌左邊,0,1
tip_middle_root_1_2_2,Random Forest,暗紅,5,22,舌根,0,0
tip_middle_root_1_2_2,Random Forest,暗紅,5,26,舌中,0,0
tip_middle_root_1_2_2,Random Forest,暗紅,5,26,舌右邊,0,0
tip_middle_root_1_2_2,Random Forest,暗紅,5,26,舌尖,0,0
tip_middle_root_1_2_2,Random Forest,暗紅,5,26,舌左邊,0,0
tip_middle_root_1_2_2,Random Forest,暗紅,5,26,舌根,0,1
tip_middle_root_1_2_2,Random Forest,暗紅,5,27,舌中,0,0
tip_middle_root_1_2_2,Random Forest,暗紅,5,27,舌右邊,0,0
tip_middle_root_1_2_2,Random Forest,暗紅,5,27,舌尖,0,0
tip_middle_root_1_2_2,Random Forest,暗紅,5,27,舌左邊,0,0
tip_middle_root_1_2_2,Random Forest,暗紅,5,27,舌根,0,0
tip_middle_root_1_2_2,Random Forest,暗紅,5,43,舌中,0,0
tip_middle_root_1_2_2,Random Forest,暗紅,5,43,舌右邊,0,0
tip_middle_root_1_2_2,Random Forest,暗紅,5,43,舌尖,0,1
tip_middle_root_1_2_2,Random Forest,暗紅,5,43,舌左邊,0,0
tip_middle_root_1_2_2,Random Forest,暗紅,5,43,舌根,0,0
tip_middle_root_1_2_2,Random Forest,暗紅,5,45,舌中,1,0
tip_middle_root_1_2_2,Random Forest,暗紅,5,45,舌右邊,0,1
tip_middle_root_1_2_2,Random Forest,暗紅,5,45,舌尖,0,0
tip_middle_root_1_2_2,Random Forest,暗紅,5,45,舌左邊,0,0
tip_middle_root_1_2_2,Random Forest,暗紅,5,45,舌根,1,0
tip_middle_root_1_2_2,Random Forest,暗紅,5,52,舌中,0,0
tip_middle_root_1_2_2,Random Forest,暗紅,5,52,舌右邊,0,0
tip_middle_root_1_2_2,Random Forest,暗紅,5,52,舌尖,0,0
tip_middle_root_1_2_2,Random Forest,暗紅,5,52,舌左邊,0,0
tip_middle_root_1_2_2,Random Forest,暗紅,5,52,舌根,0,0
tip_middle_root_1_2_2,Random Forest,暗紅,5,59,舌中,0,0
tip_middle_root_1_2_2,Random Forest,暗紅,5,59,舌右邊,0,1
tip_middle_root_1_2_2,Random Forest,暗紅,5,59,舌尖,0,0
tip_middle_root_1_2_2,Random Forest,暗紅,5,59,舌左邊,0,0
tip_middle_root_1_2_2,Random Forest,暗紅,5,59,舌根,0,1
tip_middle_root_1_2_2,Random Forest,暗紅,5,61,舌中,1,0
tip_middle_root_1_2_2,Random Forest,暗紅,5,61,舌右邊,1,1
tip_middle_root_1_2_2,Random Forest,暗紅,5,61,舌尖,1,0
tip_middle_root_1_2_2,Random Forest,暗紅,5,61,舌左邊,1,0
tip_middle_root_1_2_2,Random Forest,暗紅,5,61,舌根,1,0
tip_middle_root_1_2_2,Random Forest,暗紅,5,63,舌中,1,0
tip_middle_root_1_2_2,Random Forest,暗紅,5,63,舌右邊,1,0
tip_middle_root_1_2_2,Random Forest,暗紅,5,63,舌左邊,1,0
tip_middle_root_1_2_2,Random Forest,暗紅,5,70,舌中,0,0
tip_middle_root_1_2_2,Random Forest,暗紅,5,70,舌右邊,0,0
tip_middle_root_1_2_2,Random Forest,暗紅,5,70,舌尖,0,0
tip_middle_root_1_2_2,Random Forest,暗紅,5,70,舌左邊,0,0
tip_middle_root_1_2_2,Random Forest,暗紅,5,70,舌根,0,0
tip_middle_root_1_2_2,Random Forest,暗紅,5,73,舌右邊,0,1
tip_middle_root_1_2_2,Random Forest,暗紅,5,73,舌左邊,0,1
tip_middle_root_1_2_2,Random Forest,暗紅,5,86,舌中,0,0
tip_middle_root_1_2_2,Random Forest,暗紅,5,86,舌右邊,0,0
tip_middle_root_1_2_2,Random Forest,暗紅,5,86,舌尖,0,0
tip_middle_root_1_2_2,Random Forest,暗紅,5,86,舌左邊,0,0
tip_middle_root_1_2_2,Random Forest,暗紅,5,89,舌中,0,0
tip_middle_root_1_2_2,Random Forest,暗紅,5,89,舌右邊,0,0
tip_middle_root_1_2_2,Random Forest,暗紅,5,89,舌尖,0,0
tip_middle_root_1_2_2,Random Forest,暗紅,5,89,舌左邊,0,1
tip_middle_root_1_2_2,Random Forest,暗紅,5,90,舌中,0,0
tip_middle_root_1_2_2,Random Forest,暗紅,5,90,舌右邊,0,0
tip_middle_root_1_2_2,Random Forest,暗紅,5,90,舌尖,0,0
tip_middle_root_1_2_2,Random Forest,暗紅,5,90,舌左邊,0,0
tip_middle_root_1_2_2,Random Forest,暗紅,5,90,舌根,0,0
tip_middle_root_1_2_2,Random Forest,暗紅,5,92,舌右邊,0,0
tip_middle_root_1_2_2,Random Forest,暗紅,5,92,舌尖,0,0
tip_middle_root_1_2_2,Random Forest,暗紅,5,92,舌左邊,0,0
tip_middle_root_1_2_2,Random Forest,暗紅,5,92,舌根,0,1
tip_middle_root_1_3_1,SVM,暗紅,1,100,舌中,0,0
tip_middle_root_1_3_1,SVM,暗紅,1,100,舌右邊,0,1
tip_middle_root_1_3_1,SVM,暗紅,1,100,舌尖,0,0
tip_middle_root_1_3_1,SVM,暗紅,1,100,舌左邊,0,1
tip_middle_root_1_3_1,SVM,暗紅,1,13,舌中,0,0
tip_middle_root_1_3_1,SVM,暗紅,1,13,舌右邊,0,1
tip_middle_root_1_3_1,SVM,暗紅,1,13,舌尖,0,0
tip_middle_root_1_3_1,SVM,暗紅,1,13,舌左邊,0,0
tip_middle_root_1_3_1,SVM,暗紅,1,13,舌根,0,0
tip_middle_root_1_3_1,SVM,暗紅,1,14,舌中,0,1
tip_middle_root_1_3_1,SVM,暗紅,1,14,舌右邊,0,0
tip_middle_root_1_3_1,SVM,暗紅,1,14,舌尖,0,1
tip_middle_root_1_3_1,SVM,暗紅,1,14,舌左邊,0,0
tip_middle_root_1_3_1,SVM,暗紅,1,14,舌根,0,1
tip_middle_root_1_3_1,SVM,暗紅,1,20,舌中,0,0
tip_middle_root_1_3_1,SVM,暗紅,1,20,舌右邊,0,0
tip_middle_root_1_3_1,SVM,暗紅,1,20,舌尖,0,0
tip_middle_root_1_3_1,SVM,暗紅,1,20,舌左邊,0,0
tip_middle_root_1_3_1,SVM,暗紅,1,20,舌根,0,1
tip_middle_root_1_3_1,SVM,暗紅,1,30,舌中,0,0
tip_middle_root_1_3_1,SVM,暗紅,1,30,舌尖,0,0
tip_middle_root_1_3_1,SVM,暗紅,1,30,舌根,0,1
tip_middle_root_1_3_1,SVM,暗紅,1,32,舌中,0,0
tip_middle_root_1_3_1,SVM,暗紅,1,32,舌右邊,0,0
tip_middle_root_1_3_1,SVM,暗紅,1,32,舌尖,0,0
tip_middle_root_1_3_1,SVM,暗紅,1,32,舌左邊,0,0
tip_middle_root_1_3_1,SVM,暗紅,1,32,舌根,0,0
tip_middle_root_1_3_1,SVM,暗紅,1,33,舌尖,0,0
tip_middle_root_1_3_1,SVM,暗紅,1,39,舌尖,0,0
tip_middle_root_1_3_1,SVM,暗紅,1,39,舌左邊,0,0
tip_middle_root_1_3_1,SVM,暗紅,1,3,舌中,1,1
tip_middle_root_1_3_1,SVM,暗紅,1,3,舌右邊,1,0
tip_middle_root_1_3_1,SVM,暗紅,1,3,舌尖,1,0
tip_middle_root_1_3_1,SVM,暗紅,1,3,舌左邊,1,0
tip_middle_root_1_3_1,SVM,暗紅,1,3,舌根,0,1
tip_middle_root_1_3_1,SVM,暗紅,1,55,舌中,0,0
tip_middle_root_1_3_1,SVM,暗紅,1,55,舌右邊,0,0
tip_middle_root_1_3_1,SVM,暗紅,1,55,舌尖,0,0
tip_middle_root_1_3_1,SVM,暗紅,1,55,舌左邊,0,0
tip_middle_root_1_3_1,SVM,暗紅,1,55,舌根,0,1
tip_middle_root_1_3_1,SVM,暗紅,1,56,舌中,1,0
tip_middle_root_1_3_1,SVM,暗紅,1,56,舌右邊,1,0
tip_middle_root_1_3_1,SVM,暗紅,1,56,舌左邊,1,0
tip_middle_root_1_3_1,SVM,暗紅,1,56,舌根,1,1
tip_middle_root_1_3_1,SVM,暗紅,1,57,舌中,1,0
tip_middle_root_1_3_1,SVM,暗紅,1,57,舌右邊,1,0
tip_middle_root_1_3_1,SVM,暗紅,1,57,舌尖,1,0
tip_middle_root_1_3_1,SVM,暗紅,1,57,舌左邊,1,0
tip_middle_root_1_3_1,SVM,暗紅,1,57,舌根,1,0
tip_middle_root_1_3_1,SVM,暗紅,1,72,舌中,0,1
tip_middle_root_1_3_1,SVM,暗紅,1,72,舌右邊,0,1
tip_middle_root_1_3_1,SVM,暗紅,1,72,舌尖,0,0
tip_middle_root_1_3_1,SVM,暗紅,1,72,舌左邊,0,1
tip_middle_root_1_3_1,SVM,暗紅,1,82,舌中,0,0
tip_middle_root_1_3_1,SVM,暗紅,1,82,舌右邊,0,0
tip_middle_root_1_3_1,SVM,暗紅,1,82,舌尖,0,0
tip_middle_root_1_3_1,SVM,暗紅,1,82,舌左邊,0,0
tip_middle_root_1_3_1,SVM,暗紅,1,82,舌根,0,1
tip_middle_root_1_3_1,SVM,暗紅,1,83,舌中,1,1
tip_middle_root_1_3_1,SVM,暗紅,1,83,舌右邊,1,0
tip_middle_root_1_3_1,SVM,暗紅,1,83,舌尖,1,0
tip_middle_root_1_3_1,SVM,暗紅,1,83,舌左邊,1,0
tip_middle_root_1_3_1,SVM,暗紅,1,83,舌根,1,1
tip_middle_root_1_3_1,SVM,暗紅,1,8,舌中,0,0
tip_middle_root_1_3_1,SVM,暗紅,1,8,舌右邊,0,1
tip_middle_root_1_3_1,SVM,暗紅,1,8,舌尖,0,1
tip_middle_root_1_3_1,SVM,暗紅,1,8,舌左邊,0,1
tip_middle_root_1_3_1,SVM,暗紅,1,8,舌根,0,0
tip_middle_root_1_3_1,SVM,暗紅,1,91,舌中,0,1
tip_middle_root_1_3_1,SVM,暗紅,1,91,舌右邊,0,0
tip_middle_root_1_3_1,SVM,暗紅,1,91,舌尖,0,0
tip_middle_root_1_3_1,SVM,暗紅,1,91,舌左邊,0,1
tip_middle_root_1_3_1,SVM,暗紅,1,91,舌根,0,0
tip_middle_root_1_3_1,SVM,暗紅,1,96,舌中,0,1
tip_middle_root_1_3_1,SVM,暗紅,1,96,舌右邊,0,0
tip_middle_root_1_3_1,SVM,暗紅,1,96,舌尖,0,0
tip_middle_root_1_3_1,SVM,暗紅,1,96,舌左邊,0,1
tip_middle_root_1_3_1,SVM,暗紅,1,97,舌尖,0,0
tip_middle_root_1_3_1,SVM,暗紅,2,16,舌中,0,0
tip_middle_root_1_3_1,SVM,暗紅,2,16,舌右邊,0,0
tip_middle_root_1_3_1,SVM,暗紅,2,16,舌尖,0,0
tip_middle_root_1_3_1,SVM,暗紅,2,16,舌左邊,0,0
tip_middle_root_1_3_1,SVM,暗紅,2,16,舌根,0,0
tip_middle_root_1_3_1,SVM,暗紅,2,19,舌中,0,0
tip_middle_root_1_3_1,SVM,暗紅,2,19,舌右邊,0,0
tip_middle_root_1_3_1,SVM,暗紅,2,19,舌尖,0,0
tip_middle_root_1_3_1,SVM,暗紅,2,19,舌左邊,0,0
tip_middle_root_1_3_1,SVM,暗紅,2,19,舌根,0,0
tip_middle_root_1_3_1,SVM,暗紅,2,23,舌中,0,0
tip_middle_root_1_3_1,SVM,暗紅,2,23,舌右邊,0,0
tip_middle_root_1_3_1,SVM,暗紅,2,23,舌尖,0,0
tip_middle_root_1_3_1,SVM,暗紅,2,23,舌左邊,0,0
tip_middle_root_1_3_1,SVM,暗紅,2,23,舌根,0,0
tip_middle_root_1_3_1,SVM,暗紅,2,24,舌中,0,0
tip_middle_root_1_3_1,SVM,暗紅,2,24,舌根,0,1
tip_middle_root_1_3_1,SVM,暗紅,2,2,舌中,0,0
tip_middle_root_1_3_1,SVM,暗紅,2,2,舌右邊,0,0
tip_middle_root_1_3_1,SVM,暗紅,2,2,舌左邊,0,1
tip_middle_root_1_3_1,SVM,暗紅,2,2,舌根,0,0
tip_middle_root_1_3_1,SVM,暗紅,2,35,舌中,1,0
tip_middle_root_1_3_1,SVM,暗紅,2,35,舌尖,0,0
tip_middle_root_1_3_1,SVM,暗紅,2,35,舌根,1,1
tip_middle_root_1_3_1,SVM,暗紅,2,40,舌根,1,0
tip_middle_root_1_3_1,SVM,暗紅,2,44,舌中,0,0
tip_middle_root_1_3_1,SVM,暗紅,2,44,舌右邊,0,0
tip_middle_root_1_3_1,SVM,暗紅,2,44,舌尖,0,0
tip_middle_root_1_3_1,SVM,暗紅,2,44,舌左邊,0,0
tip_middle_root_1_3_1,SVM,暗紅,2,47,舌中,1,0
tip_middle_root_1_3_1,SVM,暗紅,2,47,舌右邊,1,0
tip_middle_root_1_3_1,SVM,暗紅,2,47,舌尖,1,0
tip_middle_root_1_3_1,SVM,暗紅,2,47,舌左邊,1,0
tip_middle_root_1_3_1,SVM,暗紅,2,47,舌根,1,0
tip_middle_root_1_3_1,SVM,暗紅,2,66,舌中,0,1
tip_middle_root_1_3_1,SVM,暗紅,2,66,舌尖,0,1
tip_middle_root_1_3_1,SVM,暗紅,2,69,舌中,1,1
tip_middle_root_1_3_1,SVM,暗紅,2,69,舌尖,1,1
tip_middle_root_1_3_1,SVM,暗紅,2,71,舌根,1,1
tip_middle_root_1_3_1,SVM,暗紅,2,74,舌中,1,1
tip_middle_root_1_3_1,SVM,暗紅,2,74,舌右邊,1,0
tip_middle_root_1_3_1,SVM,暗紅,2,74,舌左邊,1,1
tip_middle_root_1_3_1,SVM,暗紅,2,74,舌根,1,1
tip_middle_root_1_3_1,SVM,暗紅,2,76,舌中,1,1
tip_middle_root_1_3_1,SVM,暗紅,2,76,舌右邊,1,1
tip_middle_root_1_3_1,SVM,暗紅,2,76,舌尖,1,0
tip_middle_root_1_3_1,SVM,暗紅,2,76,舌左邊,1,1
tip_middle_root_1_3_1,SVM,暗紅,2,76,舌根,1,0
tip_middle_root_1_3_1,SVM,暗紅,2,7,舌中,0,0
tip_middle_root_1_3_1,SVM,暗紅,2,7,舌右邊,0,0
tip_middle_root_1_3_1,SVM,暗紅,2,7,舌尖,0,0
tip_middle_root_1_3_1,SVM,暗紅,2,7,舌左邊,0,0
tip_middle_root_1_3_1,SVM,暗紅,2,7,舌根,0,0
tip_middle_root_1_3_1,SVM,暗紅,2,80,舌右邊,0,0
tip_middle_root_1_3_1,SVM,暗紅,2,80,舌左邊,0,0
tip_middle_root_1_3_1,SVM,暗紅,2,80,舌根,0,1
tip_middle_root_1_3_1,SVM,暗紅,2,84,舌中,0,0
tip_middle_root_1_3_1,SVM,暗紅,2,84,舌右邊,0,1
tip_middle_root_1_3_1,SVM,暗紅,2,84,舌尖,0,1
tip_middle_root_1_3_1,SVM,暗紅,2,84,舌左邊,0,1
tip_middle_root_1_3_1,SVM,暗紅,2,84,舌根,0,0
tip_middle_root_1_3_1,SVM,暗紅,2,85,舌中,0,1
tip_middle_root_1_3_1,SVM,暗紅,2,85,舌右邊,0,1
tip_middle_root_1_3_1,SVM,暗紅,2,85,舌尖,0,0
tip_middle_root_1_3_1,SVM,暗紅,2,85,舌左邊,0,1
tip_middle_root_1_3_1,SVM,暗紅,2,85,舌根,0,0
tip_middle_root_1_3_1,SVM,暗紅,2,87,舌中,0,1
tip_middle_root_1_3_1,SVM,暗紅,2,87,舌右邊,0,1
tip_middle_root_1_3_1,SVM,暗紅,2,87,舌尖,0,1
tip_middle_root_1_3_1,SVM,暗紅,2,87,舌左邊,0,1
tip_middle_root_1_3_1,SVM,暗紅,2,87,舌根,0,0
tip_middle_root_1_3_1,SVM,暗紅,2,93,舌中,0,0
tip_middle_root_1_3_1,SVM,暗紅,2,93,舌右邊,0,1
tip_middle_root_1_3_1,SVM,暗紅,2,93,舌尖,0,1
tip_middle_root_1_3_1,SVM,暗紅,2,93,舌左邊,0,1
tip_middle_root_1_3_1,SVM,暗紅,2,93,舌根,0,1
tip_middle_root_1_3_1,SVM,暗紅,2,94,舌右邊,0,1
tip_middle_root_1_3_1,SVM,暗紅,2,94,舌尖,0,1
tip_middle_root_1_3_1,SVM,暗紅,2,94,舌左邊,0,1
tip_middle_root_1_3_1,SVM,暗紅,2,94,舌根,0,1
tip_middle_root_1_3_1,SVM,暗紅,3,12,舌中,0,0
tip_middle_root_1_3_1,SVM,暗紅,3,12,舌右邊,0,1
tip_middle_root_1_3_1,SVM,暗紅,3,12,舌尖,1,0
tip_middle_root_1_3_1,SVM,暗紅,3,12,舌左邊,0,1
tip_middle_root_1_3_1,SVM,暗紅,3,12,舌根,0,1
tip_middle_root_1_3_1,SVM,暗紅,3,15,舌中,0,1
tip_middle_root_1_3_1,SVM,暗紅,3,15,舌右邊,0,1
tip_middle_root_1_3_1,SVM,暗紅,3,15,舌尖,0,1
tip_middle_root_1_3_1,SVM,暗紅,3,15,舌左邊,0,1
tip_middle_root_1_3_1,SVM,暗紅,3,15,舌根,0,1
tip_middle_root_1_3_1,SVM,暗紅,3,18,舌中,0,0
tip_middle_root_1_3_1,SVM,暗紅,3,18,舌右邊,0,1
tip_middle_root_1_3_1,SVM,暗紅,3,18,舌尖,0,1
tip_middle_root_1_3_1,SVM,暗紅,3,18,舌左邊,0,1
tip_middle_root_1_3_1,SVM,暗紅,3,18,舌根,0,1
tip_middle_root_1_3_1,SVM,暗紅,3,21,舌中,0,0
tip_middle_root_1_3_1,SVM,暗紅,3,21,舌右邊,0,0
tip_middle_root_1_3_1,SVM,暗紅,3,21,舌尖,0,0
tip_middle_root_1_3_1,SVM,暗紅,3,21,舌左邊,0,0
tip_middle_root_1_3_1,SVM,暗紅,3,21,舌根,0,0
tip_middle_root_1_3_1,SVM,暗紅,3,28,舌中,0,0
tip_middle_root_1_3_1,SVM,暗紅,3,28,舌右邊,0,0
tip_middle_root_1_3_1,SVM,暗紅,3,28,舌尖,0,0
tip_middle_root_1_3_1,SVM,暗紅,3,28,舌左邊,0,0
tip_middle_root_1_3_1,SVM,暗紅,3,28,舌根,0,1
tip_middle_root_1_3_1,SVM,暗紅,3,29,舌中,0,0
tip_middle_root_1_3_1,SVM,暗紅,3,29,舌尖,0,0
tip_middle_root_1_3_1,SVM,暗紅,3,38,舌中,0,0
tip_middle_root_1_3_1,SVM,暗紅,3,38,舌右邊,0,0
tip_middle_root_1_3_1,SVM,暗紅,3,38,舌尖,0,0
tip_middle_root_1_3_1,SVM,暗紅,3,38,舌左邊,0,0
tip_middle_root_1_3_1,SVM,暗紅,3,41,舌中,1,0
tip_middle_root_1_3_1,SVM,暗紅,3,41,舌右邊,1,0
tip_middle_root_1_3_1,SVM,暗紅,3,41,舌尖,1,0
tip_middle_root_1_3_1,SVM,暗紅,3,41,舌左邊,1,0
tip_middle_root_1_3_1,SVM,暗紅,3,50,舌中,1,0
tip_middle_root_1_3_1,SVM,暗紅,3,50,舌右邊,1,0
tip_middle_root_1_3_1,SVM,暗紅,3,50,舌左邊,1,0
tip_middle_root_1_3_1,SVM,暗紅,3,50,舌根,1,0
tip_middle_root_1_3_1,SVM,暗紅,3,51,舌中,0,0
tip_middle_root_1_3_1,SVM,暗紅,3,51,舌右邊,0,1
tip_middle_root_1_3_1,SVM,暗紅,3,51,舌尖,0,0
tip_middle_root_1_3_1,SVM,暗紅,3,51,舌左邊,0,0
tip_middle_root_1_3_1,SVM,暗紅,3,51,舌根,0,1
tip_middle_root_1_3_1,SVM,暗紅,3,53,舌中,0,0
tip_middle_root_1_3_1,SVM,暗紅,3,53,舌右邊,0,0
tip_middle_root_1_3_1,SVM,暗紅,3,53,舌尖,0,0
tip_middle_root_1_3_1,SVM,暗紅,3,53,舌左邊,0,0
tip_middle_root_1_3_1,SVM,暗紅,3,53,舌根,0,1
tip_middle_root_1_3_1,SVM,暗紅,3,5,舌中,0,0
tip_middle_root_1_3_1,SVM,暗紅,3,5,舌右邊,0,0
tip_middle_root_1_3_1,SVM,暗紅,3,5,舌尖,0,0
tip_middle_root_1_3_1,SVM,暗紅,3,5,舌左邊,0,0
tip_middle_root_1_3_1,SVM,暗紅,3,5,舌根,0,1
tip_middle_root_1_3_1,SVM,暗紅,3,60,舌中,0,0
tip_middle_root_1_3_1,SVM,暗紅,3,60,舌右邊,0,0
tip_middle_root_1_3_1,SVM,暗紅,3,60,舌尖,0,0
tip_middle_root_1_3_1,SVM,暗紅,3,60,舌左邊,0,0
tip_middle_root_1_3_1,SVM,暗紅,3,60,舌根,0,1
tip_middle_root_1_3_1,SVM,暗紅,3,62,舌右邊,1,1
tip_middle_root_1_3_1,SVM,暗紅,3,62,舌尖,1,1
tip_middle_root_1_3_1,SVM,暗紅,3,64,舌中,1,1
tip_middle_root_1_3_1,SVM,暗紅,3,68,舌右邊,1,1
tip_middle_root_1_3_1,SVM,暗紅,3,68,舌左邊,1,1
tip_middle_root_1_3_1,SVM,暗紅,3,68,舌根,0,0
tip_middle_root_1_3_1,SVM,暗紅,3,78,舌中,0,0
tip_middle_root_1_3_1,SVM,暗紅,3,78,舌尖,0,0
tip_middle_root_1_3_1,SVM,暗紅,3,78,舌根,0,1
tip_middle_root_1_3_1,SVM,暗紅,3,81,舌中,1,1
tip_middle_root_1_3_1,SVM,暗紅,3,81,舌右邊,1,0
tip_middle_root_1_3_1,SVM,暗紅,3,81,舌尖,1,0
tip_middle_root_1_3_1,SVM,暗紅,3,81,舌左邊,1,0
tip_middle_root_1_3_1,SVM,暗紅,3,81,舌根,1,1
tip_middle_root_1_3_1,SVM,暗紅,3,95,舌中,0,0
tip_middle_root_1_3_1,SVM,暗紅,3,95,舌右邊,0,1
tip_middle_root_1_3_1,SVM,暗紅,3,95,舌尖,0,0
tip_middle_root_1_3_1,SVM,暗紅,3,95,舌左邊,0,1
tip_middle_root_1_3_1,SVM,暗紅,3,95,舌根,0,1
tip_middle_root_1_3_1,SVM,暗紅,4,17,舌右邊,1,0
tip_middle_root_1_3_1,SVM,暗紅,4,17,舌左邊,1,0
tip_middle_root_1_3_1,SVM,暗紅,4,17,舌根,1,0
tip_middle_root_1_3_1,SVM,暗紅,4,25,舌中,0,1
tip_middle_root_1_3_1,SVM,暗紅,4,25,舌尖,0,0
tip_middle_root_1_3_1,SVM,暗紅,4,31,舌右邊,0,0
tip_middle_root_1_3_1,SVM,暗紅,4,31,舌尖,0,0
tip_middle_root_1_3_1,SVM,暗紅,4,31,舌左邊,0,0
tip_middle_root_1_3_1,SVM,暗紅,4,34,舌中,0,1
tip_middle_root_1_3_1,SVM,暗紅,4,34,舌右邊,0,0
tip_middle_root_1_3_1,SVM,暗紅,4,34,舌尖,0,0
tip_middle_root_1_3_1,SVM,暗紅,4,34,舌左邊,0,0
tip_middle_root_1_3_1,SVM,暗紅,4,36,舌中,0,0
tip_middle_root_1_3_1,SVM,暗紅,4,36,舌右邊,0,0
tip_middle_root_1_3_1,SVM,暗紅,4,36,舌尖,0,0
tip_middle_root_1_3_1,SVM,暗紅,4,36,舌左邊,0,0
tip_middle_root_1_3_1,SVM,暗紅,4,36,舌根,0,0
tip_middle_root_1_3_1,SVM,暗紅,4,37,舌中,0,0
tip_middle_root_1_3_1,SVM,暗紅,4,37,舌右邊,0,0
tip_middle_root_1_3_1,SVM,暗紅,4,37,舌尖,0,0
tip_middle_root_1_3_1,SVM,暗紅,4,37,舌左邊,0,0
tip_middle_root_1_3_1,SVM,暗紅,4,37,舌根,0,0
tip_middle_root_1_3_1,SVM,暗紅,4,42,舌尖,0,0
tip_middle_root_1_3_1,SVM,暗紅,4,46,舌中,0,0
tip_middle_root_1_3_1,SVM,暗紅,4,46,舌右邊,0,0
tip_middle_root_1_3_1,SVM,暗紅,4,46,舌尖,0,0
tip_middle_root_1_3_1,SVM,暗紅,4,46,舌左邊,0,0
tip_middle_root_1_3_1,SVM,暗紅,4,48,舌中,1,0
tip_middle_root_1_3_1,SVM,暗紅,4,48,舌右邊,1,0
tip_middle_root_1_3_1,SVM,暗紅,4,48,舌左邊,1,0
tip_middle_root_1_3_1,SVM,暗紅,4,48,舌根,1,0
tip_middle_root_1_3_1,SVM,暗紅,4,49,舌中,0,0
tip_middle_root_1_3_1,SVM,暗紅,4,49,舌右邊,0,0
tip_middle_root_1_3_1,SVM,暗紅,4,49,舌尖,0,1
tip_middle_root_1_3_1,SVM,暗紅,4,49,舌左邊,0,1
tip_middle_root_1_3_1,SVM,暗紅,4,49,舌根,0,0
tip_middle_root_1_3_1,SVM,暗紅,4,54,舌中,0,0
tip_middle_root_1_3_1,SVM,暗紅,4,54,舌右邊,0,1
tip_middle_root_1_3_1,SVM,暗紅,4,54,舌尖,0,1
tip_middle_root_1_3_1,SVM,暗紅,4,54,舌左邊,0,0
tip_middle_root_1_3_1,SVM,暗紅,4,54,舌根,0,1
tip_middle_root_1_3_1,SVM,暗紅,4,58,舌根,1,0
tip_middle_root_1_3_1,SVM,暗紅,4,65,舌中,0,1
tip_middle_root_1_3_1,SVM,暗紅,4,65,舌右邊,0,1
tip_middle_root_1_3_1,SVM,暗紅,4,65,舌尖,0,0
tip_middle_root_1_3_1,SVM,暗紅,4,65,舌左邊,0,0
tip_middle_root_1_3_1,SVM,暗紅,4,65,舌根,0,0
tip_middle_root_1_3_1,SVM,暗紅,4,67,舌右邊,0,1
tip_middle_root_1_3_1,SVM,暗紅,4,67,舌尖,0,0
tip_middle_root_1_3_1,SVM,暗紅,4,67,舌左邊,0,1
tip_middle_root_1_3_1,SVM,暗紅,4,67,舌根,0,0
tip_middle_root_1_3_1,SVM,暗紅,4,6,舌中,1,0
tip_middle_root_1_3_1,SVM,暗紅,4,6,舌右邊,1,1
tip_middle_root_1_3_1,SVM,暗紅,4,6,舌尖,1,1
tip_middle_root_1_3_1,SVM,暗紅,4,6,舌左邊,1,0
tip_middle_root_1_3_1,SVM,暗紅,4,6,舌根,1,1
tip_middle_root_1_3_1,SVM,暗紅,4,75,舌根,0,0
tip_middle_root_1_3_1,SVM,暗紅,4,77,舌右邊,1,1
tip_middle_root_1_3_1,SVM,暗紅,4,77,舌尖,1,0
tip_middle_root_1_3_1,SVM,暗紅,4,77,舌左邊,1,1
tip_middle_root_1_3_1,SVM,暗紅,4,77,舌根,1,1
tip_middle_root_1_3_1,SVM,暗紅,4,79,舌中,0,0
tip_middle_root_1_3_1,SVM,暗紅,4,79,舌右邊,0,0
tip_middle_root_1_3_1,SVM,暗紅,4,79,舌尖,0,0
tip_middle_root_1_3_1,SVM,暗紅,4,79,舌左邊,0,0
tip_middle_root_1_3_1,SVM,暗紅,4,79,舌根,0,1
tip_middle_root_1_3_1,SVM,暗紅,4,98,舌右邊,1,1
tip_middle_root_1_3_1,SVM,暗紅,4,98,舌左邊,1,1
tip_middle_root_1_3_1,SVM,暗紅,4,99,舌中,0,1
tip_middle_root_1_3_1,SVM,暗紅,4,99,舌右邊,0,0
tip_middle_root_1_3_1,SVM,暗紅,4,99,舌尖,0,0
tip_middle_root_1_3_1,SVM,暗紅,4,99,舌左邊,0,0
tip_middle_root_1_3_1,SVM,暗紅,4,99,舌根,0,0
tip_middle_root_1_3_1,SVM,暗紅,4,9,舌中,0,0
tip_middle_root_1_3_1,SVM,暗紅,4,9,舌右邊,0,0
tip_middle_root_1_3_1,SVM,暗紅,4,9,舌尖,0,0
tip_middle_root_1_3_1,SVM,暗紅,4,9,舌左邊,0,0
tip_middle_root_1_3_1,SVM,暗紅,4,9,舌根,0,0
tip_middle_root_1_3_1,SVM,暗紅,5,10,舌右邊,0,1
tip_middle_root_1_3_1,SVM,暗紅,5,10,舌尖,0,1
tip_middle_root_1_3_1,SVM,暗紅,5,10,舌左邊,0,1
tip_middle_root_1_3_1,SVM,暗紅,5,11,舌中,1,1
tip_middle_root_1_3_1,SVM,暗紅,5,11,舌右邊,1,1
tip_middle_root_1_3_1,SVM,暗紅,5,11,舌尖,1,1
tip_middle_root_1_3_1,SVM,暗紅,5,11,舌左邊,1,1
tip_middle_root_1_3_1,SVM,暗紅,5,11,舌根,1,0
tip_middle_root_1_3_1,SVM,暗紅,5,1,舌中,1,0
tip_middle_root_1_3_1,SVM,暗紅,5,1,舌右邊,1,1
tip_middle_root_1_3_1,SVM,暗紅,5,1,舌尖,0,1
tip_middle_root_1_3_1,SVM,暗紅,5,1,舌左邊,1,1
tip_middle_root_1_3_1,SVM,暗紅,5,1,舌根,1,1
tip_middle_root_1_3_1,SVM,暗紅,5,22,舌中,0,0
tip_middle_root_1_3_1,SVM,暗紅,5,22,舌右邊,0,1
tip_middle_root_1_3_1,SVM,暗紅,5,22,舌尖,0,1
tip_middle_root_1_3_1,SVM,暗紅,5,22,舌左邊,0,1
tip_middle_root_1_3_1,SVM,暗紅,5,22,舌根,0,1
tip_middle_root_1_3_1,SVM,暗紅,5,26,舌中,0,1
tip_middle_root_1_3_1,SVM,暗紅,5,26,舌右邊,0,1
tip_middle_root_1_3_1,SVM,暗紅,5,26,舌尖,0,0
tip_middle_root_1_3_1,SVM,暗紅,5,26,舌左邊,0,1
tip_middle_root_1_3_1,SVM,暗紅,5,26,舌根,0,1
tip_middle_root_1_3_1,SVM,暗紅,5,27,舌中,0,0
tip_middle_root_1_3_1,SVM,暗紅,5,27,舌右邊,0,0
tip_middle_root_1_3_1,SVM,暗紅,5,27,舌尖,0,0
tip_middle_root_1_3_1,SVM,暗紅,5,27,舌左邊,0,0
tip_middle_root_1_3_1,SVM,暗紅,5,27,舌根,0,0
tip_middle_root_1_3_1,SVM,暗紅,5,43,舌中,0,0
tip_middle_root_1_3_1,SVM,暗紅,5,43,舌右邊,0,0
tip_middle_root_1_3_1,SVM,暗紅,5,43,舌尖,0,0
tip_middle_root_1_3_1,SVM,暗紅,5,43,舌左邊,0,0
tip_middle_root_1_3_1,SVM,暗紅,5,43,舌根,0,0
tip_middle_root_1_3_1,SVM,暗紅,5,45,舌中,1,1
tip_middle_root_1_3_1,SVM,暗紅,5,45,舌右邊,0,1
tip_middle_root_1_3_1,SVM,暗紅,5,45,舌尖,0,0
tip_middle_root_1_3_1,SVM,暗紅,5,45,舌左邊,0,1
tip_middle_root_1_3_1,SVM,暗紅,5,45,舌根,1,1
tip_middle_root_1_3_1,SVM,暗紅,5,52,舌中,0,0
tip_middle_root_1_3_1,SVM,暗紅,5,52,舌右邊,0,0
tip_middle_root_1_3_1,SVM,暗紅,5,52,舌尖,0,0
tip_middle_root_1_3_1,SVM,暗紅,5,52,舌左邊,0,0
tip_middle_root_1_3_1,SVM,暗紅,5,52,舌根,0,0
tip_middle_root_1_3_1,SVM,暗紅,5,59,舌中,0,0
tip_middle_root_1_3_1,SVM,暗紅,5,59,舌右邊,0,1
tip_middle_root_1_3_1,SVM,暗紅,5,59,舌尖,0,0
tip_middle_root_1_3_1,SVM,暗紅,5,59,舌左邊,0,0
tip_middle_root_1_3_1,SVM,暗紅,5,59,舌根,0,0
tip_middle_root_1_3_1,SVM,暗紅,5,61,舌中,1,1
tip_middle_root_1_3_1,SVM,暗紅,5,61,舌右邊,1,1
tip_middle_root_1_3_1,SVM,暗紅,5,61,舌尖,1,0
tip_middle_root_1_3_1,SVM,暗紅,5,61,舌左邊,1,1
tip_middle_root_1_3_1,SVM,暗紅,5,61,舌根,1,1
tip_middle_root_1_3_1,SVM,暗紅,5,63,舌中,1,1
tip_middle_root_1_3_1,SVM,暗紅,5,63,舌右邊,1,1
tip_middle_root_1_3_1,SVM,暗紅,5,63,舌左邊,1,1
tip_middle_root_1_3_1,SVM,暗紅,5,70,舌中,0,1
tip_middle_root_1_3_1,SVM,暗紅,5,70,舌右邊,0,0
tip_middle_root_1_3_1,SVM,暗紅,5,70,舌尖,0,0
tip_middle_root_1_3_1,SVM,暗紅,5,70,舌左邊,0,0
tip_middle_root_1_3_1,SVM,暗紅,5,70,舌根,0,0
tip_middle_root_1_3_1,SVM,暗紅,5,73,舌右邊,0,1
tip_middle_root_1_3_1,SVM,暗紅,5,73,舌左邊,0,1
tip_middle_root_1_3_1,SVM,暗紅,5,86,舌中,0,0
tip_middle_root_1_3_1,SVM,暗紅,5,86,舌右邊,0,1
tip_middle_root_1_3_1,SVM,暗紅,5,86,舌尖,0,0
tip_middle_root_1_3_1,SVM,暗紅,5,86,舌左邊,0,0
tip_middle_root_1_3_1,SVM,暗紅,5,89,舌中,0,0
tip_middle_root_1_3_1,SVM,暗紅,5,89,舌右邊,0,1
tip_middle_root_1_3_1,SVM,暗紅,5,89,舌尖,0,0
tip_middle_root_1_3_1,SVM,暗紅,5,89,舌左邊,0,1
tip_middle_root_1_3_1,SVM,暗紅,5,90,舌中,0,0
tip_middle_root_1_3_1,SVM,暗紅,5,90,舌右邊,0,0
tip_middle_root_1_3_1,SVM,暗紅,5,90,舌尖,0,0
tip_middle_root_1_3_1,SVM,暗紅,5,90,舌左邊,0,0
tip_middle_root_1_3_1,SVM,暗紅,5,90,舌根,0,0
tip_middle_root_1_3_1,SVM,暗紅,5,92,舌右邊,0,1
tip_middle_root_1_3_1,SVM,暗紅,5,92,舌尖,0,1
tip_middle_root_1_3_1,SVM,暗紅,5,92,舌左邊,0,1
tip_middle_root_1_3_1,SVM,暗紅,5,92,舌根,0,0
tip_middle_root_1_3_1,Random Forest,暗紅,1,100,舌中,0,0
tip_middle_root_1_3_1,Random Forest,暗紅,1,100,舌右邊,0,0
tip_middle_root_1_3_1,Random Forest,暗紅,1,100,舌尖,0,0
tip_middle_root_1_3_1,Random Forest,暗紅,1,100,舌左邊,0,0
tip_middle_root_1_3_1,Random Forest,暗紅,1,13,舌中,0,0
tip_middle_root_1_3_1,Random Forest,暗紅,1,13,舌右邊,0,0
tip_middle_root_1_3_1,Random Forest,暗紅,1,13,舌尖,0,0
tip_middle_root_1_3_1,Random Forest,暗紅,1,13,舌左邊,0,0
tip_middle_root_1_3_1,Random Forest,暗紅,1,13,舌根,0,0
tip_middle_root_1_3_1,Random Forest,暗紅,1,14,舌中,0,0
tip_middle_root_1_3_1,Random Forest,暗紅,1,14,舌右邊,0,0
tip_middle_root_1_3_1,Random Forest,暗紅,1,14,舌尖,0,0
tip_middle_root_1_3_1,Random Forest,暗紅,1,14,舌左邊,0,0
tip_middle_root_1_3_1,Random Forest,暗紅,1,14,舌根,0,1
tip_middle_root_1_3_1,Random Forest,暗紅,1,20,舌中,0,1
tip_middle_root_1_3_1,Random Forest,暗紅,1,20,舌右邊,0,0
tip_middle_root_1_3_1,Random Forest,暗紅,1,20,舌尖,0,0
tip_middle_root_1_3_1,Random Forest,暗紅,1,20,舌左邊,0,0
tip_middle_root_1_3_1,Random Forest,暗紅,1,20,舌根,0,0
tip_middle_root_1_3_1,Random Forest,暗紅,1,30,舌中,0,1
tip_middle_root_1_3_1,Random Forest,暗紅,1,30,舌尖,0,0
tip_middle_root_1_3_1,Random Forest,暗紅,1,30,舌根,0,1
tip_middle_root_1_3_1,Random Forest,暗紅,1,32,舌中,0,0
tip_middle_root_1_3_1,Random Forest,暗紅,1,32,舌右邊,0,0
tip_middle_root_1_3_1,Random Forest,暗紅,1,32,舌尖,0,0
tip_middle_root_1_3_1,Random Forest,暗紅,1,32,舌左邊,0,0
tip_middle_root_1_3_1,Random Forest,暗紅,1,32,舌根,0,1
tip_middle_root_1_3_1,Random Forest,暗紅,1,33,舌尖,0,0
tip_middle_root_1_3_1,Random Forest,暗紅,1,39,舌尖,0,0
tip_middle_root_1_3_1,Random Forest,暗紅,1,39,舌左邊,0,0
tip_middle_root_1_3_1,Random Forest,暗紅,1,3,舌中,1,0
tip_middle_root_1_3_1,Random Forest,暗紅,1,3,舌右邊,1,0
tip_middle_root_1_3_1,Random Forest,暗紅,1,3,舌尖,1,0
tip_middle_root_1_3_1,Random Forest,暗紅,1,3,舌左邊,1,0
tip_middle_root_1_3_1,Random Forest,暗紅,1,3,舌根,0,1
tip_middle_root_1_3_1,Random Forest,暗紅,1,55,舌中,0,0
tip_middle_root_1_3_1,Random Forest,暗紅,1,55,舌右邊,0,0
tip_middle_root_1_3_1,Random Forest,暗紅,1,55,舌尖,0,0
tip_middle_root_1_3_1,Random Forest,暗紅,1,55,舌左邊,0,0
tip_middle_root_1_3_1,Random Forest,暗紅,1,55,舌根,0,0
tip_middle_root_1_3_1,Random Forest,暗紅,1,56,舌中,1,0
tip_middle_root_1_3_1,Random Forest,暗紅,1,56,舌右邊,1,0
tip_middle_root_1_3_1,Random Forest,暗紅,1,56,舌左邊,1,0
tip_middle_root_1_3_1,Random Forest,暗紅,1,56,舌根,1,1
tip_middle_root_1_3_1,Random Forest,暗紅,1,57,舌中,1,0
tip_middle_root_1_3_1,Random Forest,暗紅,1,57,舌右邊,1,0
tip_middle_root_1_3_1,Random Forest,暗紅,1,57,舌尖,1,0
tip_middle_root_1_3_1,Random Forest,暗紅,1,57,舌左邊,1,0
tip_middle_root_1_3_1,Random Forest,暗紅,1,57,舌根,1,0
tip_middle_root_1_3_1,Random Forest,暗紅,1,72,舌中,0,1
tip_middle_root_1_3_1,Random Forest,暗紅,1,72,舌右邊,0,0
tip_middle_root_1_3_1,Random Forest,暗紅,1,72,舌尖,0,0
tip_middle_root_1_3_1,Random Forest,暗紅,1,72,舌左邊,0,1
tip_middle_root_1_3_1,Random Forest,暗紅,1,82,舌中,0,0
tip_middle_root_1_3_1,Random Forest,暗紅,1,82,舌右邊,0,0
tip_middle_root_1_3_1,Random Forest,暗紅,1,82,舌尖,0,0
tip_middle_root_1_3_1,Random Forest,暗紅,1,82,舌左邊,0,0
tip_middle_root_1_3_1,Random Forest,暗紅,1,82,舌根,0,1
tip_middle_root_1_3_1,Random Forest,暗紅,1,83,舌中,1,0
tip_middle_root_1_3_1,Random Forest,暗紅,1,83,舌右邊,1,0
tip_middle_root_1_3_1,Random Forest,暗紅,1,83,舌尖,1,0
tip_middle_root_1_3_1,Random Forest,暗紅,1,83,舌左邊,1,0
tip_middle_root_1_3_1,Random Forest,暗紅,1,83,舌根,1,0
tip_middle_root_1_3_1,Random Forest,暗紅,1,8,舌中,0,0
tip_middle_root_1_3_1,Random Forest,暗紅,1,8,舌右邊,0,0
tip_middle_root_1_3_1,Random Forest,暗紅,1,8,舌尖,0,1
tip_middle_root_1_3_1,Random Forest,暗紅,1,8,舌左邊,0,1
tip_middle_root_1_3_1,Random Forest,暗紅,1,8,舌根,0,1
tip_middle_root_1_3_1,Random Forest,暗紅,1,91,舌中,0,0
tip_middle_root_1_3_1,Random Forest,暗紅,1,91,舌右邊,0,0
tip_middle_root_1_3_1,Random Forest,暗紅,1,91,舌尖,0,0
tip_middle_root_1_3_1,Random Forest,暗紅,1,91,舌左邊,0,0
tip_middle_root_1_3_1,Random Forest,暗紅,1,91,舌根,0,0
tip_middle_root_1_3_1,Random Forest,暗紅,1,96,舌中,0,0
tip_middle_root_1_3_1,Random Forest,暗紅,1,96,舌右邊,0,0
tip_middle_root_1_3_1,Random Forest,暗紅,1,96,舌尖,0,0
tip_middle_root_1_3_1,Random Forest,暗紅,1,96,舌左邊,0,0
tip_middle_root_1_3_1,Random Forest,暗紅,1,97,舌尖,0,0
tip_middle_root_1_3_1,Random Forest,暗紅,2,16,舌中,0,0
tip_middle_root_1_3_1,Random Forest,暗紅,2,16,舌右邊,0,1
tip_middle_root_1_3_1,Random Forest,暗紅,2,16,舌尖,0,0
tip_middle_root_1_3_1,Random Forest,暗紅,2,16,舌左邊,0,0
tip_middle_root_1_3_1,Random Forest,暗紅,2,16,舌根,0,0
tip_middle_root_1_3_1,Random Forest,暗紅,2,19,舌中,0,0
tip_middle_root_1_3_1,Random Forest,暗紅,2,19,舌右邊,0,0
tip_middle_root_1_3_1,Random Forest,暗紅,2,19,舌尖,0,0
tip_middle_root_1_3_1,Random Forest,暗紅,2,19,舌左邊,0,0
tip_middle_root_1_3_1,Random Forest,暗紅,2,19,舌根,0,0
tip_middle_root_1_3_1,Random Forest,暗紅,2,23,舌中,0,0
tip_middle_root_1_3_1,Random Forest,暗紅,2,23,舌右邊,0,0
tip_middle_root_1_3_1,Random Forest,暗紅,2,23,舌尖,0,0
tip_middle_root_1_3_1,Random Forest,暗紅,2,23,舌左邊,0,0
tip_middle_root_1_3_1,Random Forest,暗紅,2,23,舌根,0,0
tip_middle_root_1_3_1,Random Forest,暗紅,2,24,舌中,0,0
tip_middle_root_1_3_1,Random Forest,暗紅,2,24,舌根,0,0
tip_middle_root_1_3_1,Random Forest,暗紅,2,2,舌中,0,0
tip_middle_root_1_3_1,Random Forest,暗紅,2,2,舌右邊,0,0
tip_middle_root_1_3_1,Random Forest,暗紅,2,2,舌左邊,0,0
tip_middle_root_1_3_1,Random Forest,暗紅,2,2,舌根,0,0
tip_middle_root_1_3_1,Random Forest,暗紅,2,35,舌中,1,0
tip_middle_root_1_3_1,Random Forest,暗紅,2,35,舌尖,0,0
tip_middle_root_1_3_1,Random Forest,暗紅,2,35,舌根,1,0
tip_middle_root_1_3_1,Random Forest,暗紅,2,40,舌根,1,0
tip_middle_root_1_3_1,Random Forest,暗紅,2,44,舌中,0,0
tip_middle_root_1_3_1,Random Forest,暗紅,2,44,舌右邊,0,0
tip_middle_root_1_3_1,Random Forest,暗紅,2,44,舌尖,0,0
tip_middle_root_1_3_1,Random Forest,暗紅,2,44,舌左邊,0,0
tip_middle_root_1_3_1,Random Forest,暗紅,2,47,舌中,1,0
tip_middle_root_1_3_1,Random Forest,暗紅,2,47,舌右邊,1,0
tip_middle_root_1_3_1,Random Forest,暗紅,2,47,舌尖,1,0
tip_middle_root_1_3_1,Random Forest,暗紅,2,47,舌左邊,1,0
tip_middle_root_1_3_1,Random Forest,暗紅,2,47,舌根,1,0
tip_middle_root_1_3_1,Random Forest,暗紅,2,66,舌中,0,0
tip_middle_root_1_3_1,Random Forest,暗紅,2,66,舌尖,0,1
tip_middle_root_1_3_1,Random Forest,暗紅,2,69,舌中,1,1
tip_middle_root_1_3_1,Random Forest,暗紅,2,69,舌尖,1,1
tip_middle_root_1_3_1,Random Forest,暗紅,2,71,舌根,1,1
tip_middle_root_1_3_1,Random Forest,暗紅,2,74,舌中,1,0
tip_middle_root_1_3_1,Random Forest,暗紅,2,74,舌右邊,1,0
tip_middle_root_1_3_1,Random Forest,暗紅,2,74,舌左邊,1,1
tip_middle_root_1_3_1,Random Forest,暗紅,2,74,舌根,1,0
tip_middle_root_1_3_1,Random Forest,暗紅,2,76,舌中,1,0
tip_middle_root_1_3_1,Random Forest,暗紅,2,76,舌右邊,1,1
tip_middle_root_1_3_1,Random Forest,暗紅,2,76,舌尖,1,0
tip_middle_root_1_3_1,Random Forest,暗紅,2,76,舌左邊,1,0
tip_middle_root_1_3_1,Random Forest,暗紅,2,76,舌根,1,0
tip_middle_root_1_3_1,Random Forest,暗紅,2,7,舌中,0,1
tip_middle_root_1_3_1,Random Forest,暗紅,2,7,舌右邊,0,0
tip_middle_root_1_3_1,Random Forest,暗紅,2,7,舌尖,0,0
tip_middle_root_1_3_1,Random Forest,暗紅,2,7,舌左邊,0,0
tip_middle_root_1_3_1,Random Forest,暗紅,2,7,舌根,0,0
tip_middle_root_1_3_1,Random Forest,暗紅,2,80,舌右邊,0,0
tip_middle_root_1_3_1,Random Forest,暗紅,2,80,舌左邊,0,0
tip_middle_root_1_3_1,Random Forest,暗紅,2,80,舌根,0,1
tip_middle_root_1_3_1,Random Forest,暗紅,2,84,舌中,0,0
tip_middle_root_1_3_1,Random Forest,暗紅,2,84,舌右邊,0,0
tip_middle_root_1_3_1,Random Forest,暗紅,2,84,舌尖,0,1
tip_middle_root_1_3_1,Random Forest,暗紅,2,84,舌左邊,0,1
tip_middle_root_1_3_1,Random Forest,暗紅,2,84,舌根,0,0
tip_middle_root_1_3_1,Random Forest,暗紅,2,85,舌中,0,0
tip_middle_root_1_3_1,Random Forest,暗紅,2,85,舌右邊,0,0
tip_middle_root_1_3_1,Random Forest,暗紅,2,85,舌尖,0,0
tip_middle_root_1_3_1,Random Forest,暗紅,2,85,舌左邊,0,1
tip_middle_root_1_3_1,Random Forest,暗紅,2,85,舌根,0,0
tip_middle_root_1_3_1,Random Forest,暗紅,2,87,舌中,0,1
tip_middle_root_1_3_1,Random Forest,暗紅,2,87,舌右邊,0,1
tip_middle_root_1_3_1,Random Forest,暗紅,2,87,舌尖,0,0
tip_middle_root_1_3_1,Random Forest,暗紅,2,87,舌左邊,0,0
tip_middle_root_1_3_1,Random Forest,暗紅,2,87,舌根,0,1
tip_middle_root_1_3_1,Random Forest,暗紅,2,93,舌中,0,1
tip_middle_root_1_3_1,Random Forest,暗紅,2,93,舌右邊,0,1
tip_middle_root_1_3_1,Random Forest,暗紅,2,93,舌尖,0,0
tip_middle_root_1_3_1,Random Forest,暗紅,2,93,舌左邊,0,1
tip_middle_root_1_3_1,Random Forest,暗紅,2,93,舌根,0,1
tip_middle_root_1_3_1,Random Forest,暗紅,2,94,舌右邊,0,0
tip_middle_root_1_3_1,Random Forest,暗紅,2,94,舌尖,0,1
tip_middle_root_1_3_1,Random Forest,暗紅,2,94,舌左邊,0,1
tip_middle_root_1_3_1,Random Forest,暗紅,2,94,舌根,0,1
tip_middle_root_1_3_1,Random Forest,暗紅,3,12,舌中,0,0
tip_middle_root_1_3_1,Random Forest,暗紅,3,12,舌右邊,0,1
tip_middle_root_1_3_1,Random Forest,暗紅,3,12,舌尖,1,0
tip_middle_root_1_3_1,Random Forest,暗紅,3,12,舌左邊,0,0
tip_middle_root_1_3_1,Random Forest,暗紅,3,12,舌根,0,1
tip_middle_root_1_3_1,Random Forest,暗紅,3,15,舌中,0,0
tip_middle_root_1_3_1,Random Forest,暗紅,3,15,舌右邊,0,0
tip_middle_root_1_3_1,Random Forest,暗紅,3,15,舌尖,0,0
tip_middle_root_1_3_1,Random Forest,暗紅,3,15,舌左邊,0,0
tip_middle_root_1_3_1,Random Forest,暗紅,3,15,舌根,0,1
tip_middle_root_1_3_1,Random Forest,暗紅,3,18,舌中,0,0
tip_middle_root_1_3_1,Random Forest,暗紅,3,18,舌右邊,0,1
tip_middle_root_1_3_1,Random Forest,暗紅,3,18,舌尖,0,0
tip_middle_root_1_3_1,Random Forest,暗紅,3,18,舌左邊,0,1
tip_middle_root_1_3_1,Random Forest,暗紅,3,18,舌根,0,1
tip_middle_root_1_3_1,Random Forest,暗紅,3,21,舌中,0,0
tip_middle_root_1_3_1,Random Forest,暗紅,3,21,舌右邊,0,0
tip_middle_root_1_3_1,Random Forest,暗紅,3,21,舌尖,0,0
tip_middle_root_1_3_1,Random Forest,暗紅,3,21,舌左邊,0,0
tip_middle_root_1_3_1,Random Forest,暗紅,3,21,舌根,0,0
tip_middle_root_1_3_1,Random Forest,暗紅,3,28,舌中,0,0
tip_middle_root_1_3_1,Random Forest,暗紅,3,28,舌右邊,0,0
tip_middle_root_1_3_1,Random Forest,暗紅,3,28,舌尖,0,0
tip_middle_root_1_3_1,Random Forest,暗紅,3,28,舌左邊,0,0
tip_middle_root_1_3_1,Random Forest,暗紅,3,28,舌根,0,0
tip_middle_root_1_3_1,Random Forest,暗紅,3,29,舌中,0,0
tip_middle_root_1_3_1,Random Forest,暗紅,3,29,舌尖,0,0
tip_middle_root_1_3_1,Random Forest,暗紅,3,38,舌中,0,0
tip_middle_root_1_3_1,Random Forest,暗紅,3,38,舌右邊,0,0
tip_middle_root_1_3_1,Random Forest,暗紅,3,38,舌尖,0,0
tip_middle_root_1_3_1,Random Forest,暗紅,3,38,舌左邊,0,0
tip_middle_root_1_3_1,Random Forest,暗紅,3,41,舌中,1,1
tip_middle_root_1_3_1,Random Forest,暗紅,3,41,舌右邊,1,0
tip_middle_root_1_3_1,Random Forest,暗紅,3,41,舌尖,1,0
tip_middle_root_1_3_1,Random Forest,暗紅,3,41,舌左邊,1,0
tip_middle_root_1_3_1,Random Forest,暗紅,3,50,舌中,1,0
tip_middle_root_1_3_1,Random Forest,暗紅,3,50,舌右邊,1,0
tip_middle_root_1_3_1,Random Forest,暗紅,3,50,舌左邊,1,0
tip_middle_root_1_3_1,Random Forest,暗紅,3,50,舌根,1,0
tip_middle_root_1_3_1,Random Forest,暗紅,3,51,舌中,0,0
tip_middle_root_1_3_1,Random Forest,暗紅,3,51,舌右邊,0,1
tip_middle_root_1_3_1,Random Forest,暗紅,3,51,舌尖,0,0
tip_middle_root_1_3_1,Random Forest,暗紅,3,51,舌左邊,0,1
tip_middle_root_1_3_1,Random Forest,暗紅,3,51,舌根,0,1
tip_middle_root_1_3_1,Random Forest,暗紅,3,53,舌中,0,0
tip_middle_root_1_3_1,Random Forest,暗紅,3,53,舌右邊,0,0
tip_middle_root_1_3_1,Random Forest,暗紅,3,53,舌尖,0,0
tip_middle_root_1_3_1,Random Forest,暗紅,3,53,舌左邊,0,0
tip_middle_root_1_3_1,Random Forest,暗紅,3,53,舌根,0,0
tip_middle_root_1_3_1,Random Forest,暗紅,3,5,舌中,0,0
tip_middle_root_1_3_1,Random Forest,暗紅,3,5,舌右邊,0,0
tip_middle_root_1_3_1,Random Forest,暗紅,3,5,舌尖,0,0
tip_middle_root_1_3_1,Random Forest,暗紅,3,5,舌左邊,0,0
tip_middle_root_1_3_1,Random Forest,暗紅,3,5,舌根,0,1
tip_middle_root_1_3_1,Random Forest,暗紅,3,60,舌中,0,0
tip_middle_root_1_3_1,Random Forest,暗紅,3,60,舌右邊,0,0
tip_middle_root_1_3_1,Random Forest,暗紅,3,60,舌尖,0,0
tip_middle_root_1_3_1,Random Forest,暗紅,3,60,舌左邊,0,0
tip_middle_root_1_3_1,Random Forest,暗紅,3,60,舌根,0,0
tip_middle_root_1_3_1,Random Forest,暗紅,3,62,舌右邊,1,0
tip_middle_root_1_3_1,Random Forest,暗紅,3,62,舌尖,1,1
tip_middle_root_1_3_1,Random Forest,暗紅,3,64,舌中,1,1
tip_middle_root_1_3_1,Random Forest,暗紅,3,68,舌右邊,1,1
tip_middle_root_1_3_1,Random Forest,暗紅,3,68,舌左邊,1,1
tip_middle_root_1_3_1,Random Forest,暗紅,3,68,舌根,0,0
tip_middle_root_1_3_1,Random Forest,暗紅,3,78,舌中,0,0
tip_middle_root_1_3_1,Random Forest,暗紅,3,78,舌尖,0,0
tip_middle_root_1_3_1,Random Forest,暗紅,3,78,舌根,0,0
tip_middle_root_1_3_1,Random Forest,暗紅,3,81,舌中,1,0
tip_middle_root_1_3_1,Random Forest,暗紅,3,81,舌右邊,1,0
tip_middle_root_1_3_1,Random Forest,暗紅,3,81,舌尖,1,0
tip_middle_root_1_3_1,Random Forest,暗紅,3,81,舌左邊,1,0
tip_middle_root_1_3_1,Random Forest,暗紅,3,81,舌根,1,0
tip_middle_root_1_3_1,Random Forest,暗紅,3,95,舌中,0,0
tip_middle_root_1_3_1,Random Forest,暗紅,3,95,舌右邊,0,0
tip_middle_root_1_3_1,Random Forest,暗紅,3,95,舌尖,0,0
tip_middle_root_1_3_1,Random Forest,暗紅,3,95,舌左邊,0,1
tip_middle_root_1_3_1,Random Forest,暗紅,3,95,舌根,0,0
tip_middle_root_1_3_1,Random Forest,暗紅,4,17,舌右邊,1,0
tip_middle_root_1_3_1,Random Forest,暗紅,4,17,舌左邊,1,0
tip_middle_root_1_3_1,Random Forest,暗紅,4,17,舌根,1,0
tip_middle_root_1_3_1,Random Forest,暗紅,4,25,舌中,0,1
tip_middle_root_1_3_1,Random Forest,暗紅,4,25,舌尖,0,1
tip_middle_root_1_3_1,Random Forest,暗紅,4,31,舌右邊,0,1
tip_middle_root_1_3_1,Random Forest,暗紅,4,31,舌尖,0,0
tip_middle_root_1_3_1,Random Forest,暗紅,4,31,舌左邊,0,0
tip_middle_root_1_3_1,Random Forest,暗紅,4,34,舌中,0,1
tip_middle_root_1_3_1,Random Forest,暗紅,4,34,舌右邊,0,0
tip_middle_root_1_3_1,Random Forest,暗紅,4,34,舌尖,0,0
tip_middle_root_1_3_1,Random Forest,暗紅,4,34,舌左邊,0,0
tip_middle_root_1_3_1,Random Forest,暗紅,4,36,舌中,0,0
tip_middle_root_1_3_1,Random Forest,暗紅,4,36,舌右邊,0,1
tip_middle_root_1_3_1,Random Forest,暗紅,4,36,舌尖,0,0
tip_middle_root_1_3_1,Random Forest,暗紅,4,36,舌左邊,0,0
tip_middle_root_1_3_1,Random Forest,暗紅,4,36,舌根,0,0
tip_middle_root_1_3_1,Random Forest,暗紅,4,37,舌中,0,0
tip_middle_root_1_3_1,Random Forest,暗紅,4,37,舌右邊,0,0
tip_middle_root_1_3_1,Random Forest,暗紅,4,37,舌尖,0,0
tip_middle_root_1_3_1,Random Forest,暗紅,4,37,舌左邊,0,0
tip_middle_root_1_3_1,Random Forest,暗紅,4,37,舌根,0,0
tip_middle_root_1_3_1,Random Forest,暗紅,4,42,舌尖,0,0
tip_middle_root_1_3_1,Random Forest,暗紅,4,46,舌中,0,0
tip_middle_root_1_3_1,Random Forest,暗紅,4,46,舌右邊,0,1
tip_middle_root_1_3_1,Random Forest,暗紅,4,46,舌尖,0,0
tip_middle_root_1_3_1,Random Forest,暗紅,4,46,舌左邊,0,0
tip_middle_root_1_3_1,Random Forest,暗紅,4,48,舌中,1,0
tip_middle_root_1_3_1,Random Forest,暗紅,4,48,舌右邊,1,0
tip_middle_root_1_3_1,Random Forest,暗紅,4,48,舌左邊,1,0
tip_middle_root_1_3_1,Random Forest,暗紅,4,48,舌根,1,0
tip_middle_root_1_3_1,Random Forest,暗紅,4,49,舌中,0,1
tip_middle_root_1_3_1,Random Forest,暗紅,4,49,舌右邊,0,0
tip_middle_root_1_3_1,Random Forest,暗紅,4,49,舌尖,0,1
tip_middle_root_1_3_1,Random Forest,暗紅,4,49,舌左邊,0,1
tip_middle_root_1_3_1,Random Forest,暗紅,4,49,舌根,0,0
tip_middle_root_1_3_1,Random Forest,暗紅,4,54,舌中,0,0
tip_middle_root_1_3_1,Random Forest,暗紅,4,54,舌右邊,0,1
tip_middle_root_1_3_1,Random Forest,暗紅,4,54,舌尖,0,0
tip_middle_root_1_3_1,Random Forest,暗紅,4,54,舌左邊,0,0
tip_middle_root_1_3_1,Random Forest,暗紅,4,54,舌根,0,0
tip_middle_root_1_3_1,Random Forest,暗紅,4,58,舌根,1,0
tip_middle_root_1_3_1,Random Forest,暗紅,4,65,舌中,0,0
tip_middle_root_1_3_1,Random Forest,暗紅,4,65,舌右邊,0,0
tip_middle_root_1_3_1,Random Forest,暗紅,4,65,舌尖,0,0
tip_middle_root_1_3_1,Random Forest,暗紅,4,65,舌左邊,0,0
tip_middle_root_1_3_1,Random Forest,暗紅,4,65,舌根,0,1
tip_middle_root_1_3_1,Random Forest,暗紅,4,67,舌右邊,0,0
tip_middle_root_1_3_1,Random Forest,暗紅,4,67,舌尖,0,0
tip_middle_root_1_3_1,Random Forest,暗紅,4,67,舌左邊,0,0
tip_middle_root_1_3_1,Random Forest,暗紅,4,67,舌根,0,0
tip_middle_root_1_3_1,Random Forest,暗紅,4,6,舌中,1,0
tip_middle_root_1_3_1,Random Forest,暗紅,4,6,舌右邊,1,1
tip_middle_root_1_3_1,Random Forest,暗紅,4,6,舌尖,1,0
tip_middle_root_1_3_1,Random Forest,暗紅,4,6,舌左邊,1,0
tip_middle_root_1_3_1,Random Forest,暗紅,4,6,舌根,1,0
tip_middle_root_1_3_1,Random Forest,暗紅,4,75,舌根,0,0
tip_middle_root_1_3_1,Random Forest,暗紅,4,77,舌右邊,1,0
tip_middle_root_1_3_1,Random Forest,暗紅,4,77,舌尖,1,0
tip_middle_root_1_3_1,Random Forest,暗紅,4,77,舌左邊,1,0
tip_middle_root_1_3_1,Random Forest,暗紅,4,77,舌根,1,0
tip_middle_root_1_3_1,Random Forest,暗紅,4,79,舌中,0,0
tip_middle_root_1_3_1,Random Forest,暗紅,4,79,舌右邊,0,0
tip_middle_root_1_3_1,Random Forest,暗紅,4,79,舌尖,0,0
tip_middle_root_1_3_1,Random Forest,暗紅,4,79,舌左邊,0,0
tip_middle_root_1_3_1,Random Forest,暗紅,4,79,舌根,0,0
tip_middle_root_1_3_1,Random Forest,暗紅,4,98,舌右邊,1,0
tip_middle_root_1_3_1,Random Forest,暗紅,4,98,舌左邊,1,0
tip_middle_root_1_3_1,Random Forest,暗紅,4,99,舌中,0,0
tip_middle_root_1_3_1,Random Forest,暗紅,4,99,舌右邊,0,0
tip_middle_root_1_3_1,Random Forest,暗紅,4,99,舌尖,0,0
tip_middle_root_1_3_1,Random Forest,暗紅,4,99,舌左邊,0,0
tip_middle_root_1_3_1,Random Forest,暗紅,4,99,舌根,0,0
tip_middle_root_1_3_1,Random Forest,暗紅,4,9,舌中,0,0
tip_middle_root_1_3_1,Random Forest,暗紅,4,9,舌右邊,0,0
tip_middle_root_1_3_1,Random Forest,暗紅,4,9,舌尖,0,0
tip_middle_root_1_3_1,Random Forest,暗紅,4,9,舌左邊,0,0
tip_middle_root_1_3_1,Random Forest,暗紅,4,9,舌根,0,0
tip_middle_root_1_3_1,Random Forest,暗紅,5,10,舌右邊,0,1
tip_middle_root_1_3_1,Random Forest,暗紅,5,10,舌尖,0,1
tip_middle_root_1_3_1,Random Forest,暗紅,5,10,舌左邊,0,0
tip_middle_root_1_3_1,Random Forest,暗紅,5,11,舌中,1,0
tip_middle_root_1_3_1,Random Forest,暗紅,5,11,舌右邊,1,1
tip_middle_root_1_3_1,Random Forest,暗紅,5,11,舌尖,1,1
tip_middle_root_1_3_1,Random Forest,暗紅,5,11,舌左邊,1,1
tip_middle_root_1_3_1,Random Forest,暗紅,5,11,舌根,1,0
tip_middle_root_1_3_1,Random Forest,暗紅,5,1,舌中,1,0
tip_middle_root_1_3_1,Random Forest,暗紅,5,1,舌右邊,1,1
tip_middle_root_1_3_1,Random Forest,暗紅,5,1,舌尖,0,1
tip_middle_root_1_3_1,Random Forest,暗紅,5,1,舌左邊,1,1
tip_middle_root_1_3_1,Random Forest,暗紅,5,1,舌根,1,0
tip_middle_root_1_3_1,Random Forest,暗紅,5,22,舌中,0,0
tip_middle_root_1_3_1,Random Forest,暗紅,5,22,舌右邊,0,1
tip_middle_root_1_3_1,Random Forest,暗紅,5,22,舌尖,0,0
tip_middle_root_1_3_1,Random Forest,暗紅,5,22,舌左邊,0,1
tip_middle_root_1_3_1,Random Forest,暗紅,5,22,舌根,0,1
tip_middle_root_1_3_1,Random Forest,暗紅,5,26,舌中,0,0
tip_middle_root_1_3_1,Random Forest,暗紅,5,26,舌右邊,0,0
tip_middle_root_1_3_1,Random Forest,暗紅,5,26,舌尖,0,0
tip_middle_root_1_3_1,Random Forest,暗紅,5,26,舌左邊,0,0
tip_middle_root_1_3_1,Random Forest,暗紅,5,26,舌根,0,1
tip_middle_root_1_3_1,Random Forest,暗紅,5,27,舌中,0,0
tip_middle_root_1_3_1,Random Forest,暗紅,5,27,舌右邊,0,0
tip_middle_root_1_3_1,Random Forest,暗紅,5,27,舌尖,0,0
tip_middle_root_1_3_1,Random Forest,暗紅,5,27,舌左邊,0,0
tip_middle_root_1_3_1,Random Forest,暗紅,5,27,舌根,0,0
tip_middle_root_1_3_1,Random Forest,暗紅,5,43,舌中,0,0
tip_middle_root_1_3_1,Random Forest,暗紅,5,43,舌右邊,0,0
tip_middle_root_1_3_1,Random Forest,暗紅,5,43,舌尖,0,0
tip_middle_root_1_3_1,Random Forest,暗紅,5,43,舌左邊,0,0
tip_middle_root_1_3_1,Random Forest,暗紅,5,43,舌根,0,0
tip_middle_root_1_3_1,Random Forest,暗紅,5,45,舌中,1,1
tip_middle_root_1_3_1,Random Forest,暗紅,5,45,舌右邊,0,1
tip_middle_root_1_3_1,Random Forest,暗紅,5,45,舌尖,0,0
tip_middle_root_1_3_1,Random Forest,暗紅,5,45,舌左邊,0,0
tip_middle_root_1_3_1,Random Forest,暗紅,5,45,舌根,1,0
tip_middle_root_1_3_1,Random Forest,暗紅,5,52,舌中,0,0
tip_middle_root_1_3_1,Random Forest,暗紅,5,52,舌右邊,0,0
tip_middle_root_1_3_1,Random Forest,暗紅,5,52,舌尖,0,0
tip_middle_root_1_3_1,Random Forest,暗紅,5,52,舌左邊,0,0
tip_middle_root_1_3_1,Random Forest,暗紅,5,52,舌根,0,0
tip_middle_root_1_3_1,Random Forest,暗紅,5,59,舌中,0,0
tip_middle_root_1_3_1,Random Forest,暗紅,5,59,舌右邊,0,1
tip_middle_root_1_3_1,Random Forest,暗紅,5,59,舌尖,0,0
tip_middle_root_1_3_1,Random Forest,暗紅,5,59,舌左邊,0,1
tip_middle_root_1_3_1,Random Forest,暗紅,5,59,舌根,0,0
tip_middle_root_1_3_1,Random Forest,暗紅,5,61,舌中,1,0
tip_middle_root_1_3_1,Random Forest,暗紅,5,61,舌右邊,1,1
tip_middle_root_1_3_1,Random Forest,暗紅,5,61,舌尖,1,0
tip_middle_root_1_3_1,Random Forest,暗紅,5,61,舌左邊,1,0
tip_middle_root_1_3_1,Random Forest,暗紅,5,61,舌根,1,0
tip_middle_root_1_3_1,Random Forest,暗紅,5,63,舌中,1,0
tip_middle_root_1_3_1,Random Forest,暗紅,5,63,舌右邊,1,0
tip_middle_root_1_3_1,Random Forest,暗紅,5,63,舌左邊,1,1
tip_middle_root_1_3_1,Random Forest,暗紅,5,70,舌中,0,1
tip_middle_root_1_3_1,Random Forest,暗紅,5,70,舌右邊,0,0
tip_middle_root_1_3_1,Random Forest,暗紅,5,70,舌尖,0,0
tip_middle_root_1_3_1,Random Forest,暗紅,5,70,舌左邊,0,0
tip_middle_root_1_3_1,Random Forest,暗紅,5,70,舌根,0,0
tip_middle_root_1_3_1,Random Forest,暗紅,5,73,舌右邊,0,1
tip_middle_root_1_3_1,Random Forest,暗紅,5,73,舌左邊,0,1
tip_middle_root_1_3_1,Random Forest,暗紅,5,86,舌中,0,0
tip_middle_root_1_3_1,Random Forest,暗紅,5,86,舌右邊,0,0
tip_middle_root_1_3_1,Random Forest,暗紅,5,86,舌尖,0,0
tip_middle_root_1_3_1,Random Forest,暗紅,5,86,舌左邊,0,0
tip_middle_root_1_3_1,Random Forest,暗紅,5,89,舌中,0,0
tip_middle_root_1_3_1,Random Forest,暗紅,5,89,舌右邊,0,0
tip_middle_root_1_3_1,Random Forest,暗紅,5,89,舌尖,0,0
tip_middle_root_1_3_1,Random Forest,暗紅,5,89,舌左邊,0,1
tip_middle_root_1_3_1,Random Forest,暗紅,5,90,舌中,0,0
tip_middle_root_1_3_1,Random Forest,暗紅,5,90,舌右邊,0,0
tip_middle_root_1_3_1,Random Forest,暗紅,5,90,舌尖,0,0
tip_middle_root_1_3_1,Random Forest,暗紅,5,90,舌左邊,0,1
tip_middle_root_1_3_1,Random Forest,暗紅,5,90,舌根,0,0
tip_middle_root_1_3_1,Random Forest,暗紅,5,92,舌右邊,0,0
tip_middle_root_1_3_1,Random Forest,暗紅,5,92,舌尖,0,0
tip_middle_root_1_3_1,Random Forest,暗紅,5,92,舌左邊,0,0
tip_middle_root_1_3_1,Random Forest,暗紅,5,92,舌根,0,0
tip_middle_root_1_2_2,SVM,青紫,1,100,舌尖,1,0
tip_middle_root_1_2_2,SVM,青紫,1,100,舌根,0,0
tip_middle_root_1_2_2,SVM,青紫,1,18,舌中,0,0
tip_middle_root_1_2_2,SVM,青紫,1,18,舌尖,0,0
tip_middle_root_1_2_2,SVM,青紫,1,18,舌根,0,0
tip_middle_root_1_2_2,SVM,青紫,1,24,舌中,0,0
tip_middle_root_1_2_2,SVM,青紫,1,24,舌尖,1,0
tip_middle_root_1_2_2,SVM,青紫,1,24,舌根,0,0
tip_middle_root_1_2_2,SVM,青紫,1,26,舌中,0,0
tip_middle_root_1_2_2,SVM,青紫,1,26,舌尖,0,0
tip_middle_root_1_2_2,SVM,青紫,1,26,舌根,0,0
tip_middle_root_1_2_2,SVM,青紫,1,28,舌中,0,0
tip_middle_root_1_2_2,SVM,青紫,1,28,舌右邊,0,0
tip_middle_root_1_2_2,SVM,青紫,1,28,舌尖,0,0
tip_middle_root_1_2_2,SVM,青紫,1,28,舌左邊,0,0
tip_middle_root_1_2_2,SVM,青紫,1,28,舌根,0,0
tip_middle_root_1_2_2,SVM,青紫,1,29,舌中,0,0
tip_middle_root_1_2_2,SVM,青紫,1,29,舌右邊,0,0
tip_middle_root_1_2_2,SVM,青紫,1,29,舌尖,0,0
tip_middle_root_1_2_2,SVM,青紫,1,29,舌左邊,0,0
tip_middle_root_1_2_2,SVM,青紫,1,29,舌根,0,0
tip_middle_root_1_2_2,SVM,青紫,1,33,舌右邊,0,0
tip_middle_root_1_2_2,SVM,青紫,1,33,舌尖,0,0
tip_middle_root_1_2_2,SVM,青紫,1,33,舌左邊,0,0
tip_middle_root_1_2_2,SVM,青紫,1,33,舌根,0,0
tip_middle_root_1_2_2,SVM,青紫,1,34,舌尖,0,1
tip_middle_root_1_2_2,SVM,青紫,1,34,舌根,0,0
tip_middle_root_1_2_2,SVM,青紫,1,39,舌中,0,0
tip_middle_root_1_2_2,SVM,青紫,1,39,舌尖,0,0
tip_middle_root_1_2_2,SVM,青紫,1,39,舌左邊,0,0
tip_middle_root_1_2_2,SVM,青紫,1,39,舌根,0,0
tip_middle_root_1_2_2,SVM,青紫,1,52,舌中,0,0
tip_middle_root_1_2_2,SVM,青紫,1,52,舌右邊,0,0
tip_middle_root_1_2_2,SVM,青紫,1,52,舌尖,0,0
tip_middle_root_1_2_2,SVM,青紫,1,52,舌左邊,0,0
tip_middle_root_1_2_2,SVM,青紫,1,52,舌根,0,0
tip_middle_root_1_2_2,SVM,青紫,1,59,舌中,0,0
tip_middle_root_1_2_2,SVM,青紫,1,59,舌右邊,0,0
tip_middle_root_1_2_2,SVM,青紫,1,59,舌尖,0,0
tip_middle_root_1_2_2,SVM,青紫,1,59,舌左邊,0,0
tip_middle_root_1_2_2,SVM,青紫,1,59,舌根,0,0
tip_middle_root_1_2_2,SVM,青紫,1,60,舌右邊,0,0
tip_middle_root_1_2_2,SVM,青紫,1,60,舌左邊,0,1
tip_middle_root_1_2_2,SVM,青紫,1,60,舌根,0,0
tip_middle_root_1_2_2,SVM,青紫,1,61,舌右邊,0,0
tip_middle_root_1_2_2,SVM,青紫,1,61,舌尖,0,0
tip_middle_root_1_2_2,SVM,青紫,1,61,舌左邊,0,0
tip_middle_root_1_2_2,SVM,青紫,1,61,舌根,0,0
tip_middle_root_1_2_2,SVM,青紫,1,68,舌中,1,0
tip_middle_root_1_2_2,SVM,青紫,1,68,舌右邊,1,1
tip_middle_root_1_2_2,SVM,青紫,1,68,舌尖,1,1
tip_middle_root_1_2_2,SVM,青紫,1,68,舌左邊,1,1
tip_middle_root_1_2_2,SVM,青紫,1,68,舌根,1,0
tip_middle_root_1_2_2,SVM,青紫,1,82,舌中,0,0
tip_middle_root_1_2_2,SVM,青紫,1,82,舌根,0,0
tip_middle_root_1_2_2,SVM,青紫,1,83,舌中,0,0
tip_middle_root_1_2_2,SVM,青紫,1,83,舌尖,1,0
tip_middle_root_1_2_2,SVM,青紫,1,83,舌根,0,0
tip_middle_root_1_2_2,SVM,青紫,1,85,舌中,0,0
tip_middle_root_1_2_2,SVM,青紫,1,85,舌右邊,1,0
tip_middle_root_1_2_2,SVM,青紫,1,85,舌尖,0,0
tip_middle_root_1_2_2,SVM,青紫,1,85,舌根,0,0
tip_middle_root_1_2_2,SVM,青紫,1,89,舌中,0,0
tip_middle_root_1_2_2,SVM,青紫,1,89,舌尖,0,0
tip_middle_root_1_2_2,SVM,青紫,1,89,舌根,0,0
tip_middle_root_1_2_2,SVM,青紫,1,8,舌中,0,0
tip_middle_root_1_2_2,SVM,青紫,1,8,舌右邊,0,1
tip_middle_root_1_2_2,SVM,青紫,1,8,舌尖,0,0
tip_middle_root_1_2_2,SVM,青紫,1,8,舌左邊,0,0
tip_middle_root_1_2_2,SVM,青紫,1,8,舌根,0,0
tip_middle_root_1_2_2,SVM,青紫,1,95,舌中,0,0
tip_middle_root_1_2_2,SVM,青紫,1,95,舌右邊,0,1
tip_middle_root_1_2_2,SVM,青紫,1,95,舌尖,0,0
tip_middle_root_1_2_2,SVM,青紫,1,95,舌左邊,0,1
tip_middle_root_1_2_2,SVM,青紫,1,95,舌根,0,1
tip_middle_root_1_2_2,SVM,青紫,1,99,舌中,0,0
tip_middle_root_1_2_2,SVM,青紫,1,99,舌右邊,0,0
tip_middle_root_1_2_2,SVM,青紫,1,99,舌尖,0,0
tip_middle_root_1_2_2,SVM,青紫,1,99,舌左邊,0,0
tip_middle_root_1_2_2,SVM,青紫,1,99,舌根,0,0
tip_middle_root_1_2_2,SVM,青紫,2,14,舌中,0,0
tip_middle_root_1_2_2,SVM,青紫,2,14,舌右邊,0,1
tip_middle_root_1_2_2,SVM,青紫,2,14,舌尖,0,1
tip_middle_root_1_2_2,SVM,青紫,2,14,舌左邊,0,0
tip_middle_root_1_2_2,SVM,青紫,2,14,舌根,0,0
tip_middle_root_1_2_2,SVM,青紫,2,1,舌中,0,1
tip_middle_root_1_2_2,SVM,青紫,2,1,舌右邊,0,1
tip_middle_root_1_2_2,SVM,青紫,2,1,舌尖,1,1
tip_middle_root_1_2_2,SVM,青紫,2,1,舌根,0,1
tip_middle_root_1_2_2,SVM,青紫,2,22,舌中,0,0
tip_middle_root_1_2_2,SVM,青紫,2,22,舌右邊,0,0
tip_middle_root_1_2_2,SVM,青紫,2,22,舌左邊,0,0
tip_middle_root_1_2_2,SVM,青紫,2,22,舌根,0,0
tip_middle_root_1_2_2,SVM,青紫,2,25,舌中,0,1
tip_middle_root_1_2_2,SVM,青紫,2,25,舌右邊,0,0
tip_middle_root_1_2_2,SVM,青紫,2,25,舌尖,0,1
tip_middle_root_1_2_2,SVM,青紫,2,25,舌左邊,0,1
tip_middle_root_1_2_2,SVM,青紫,2,25,舌根,0,0
tip_middle_root_1_2_2,SVM,青紫,2,27,舌中,0,0
tip_middle_root_1_2_2,SVM,青紫,2,27,舌右邊,0,0
tip_middle_root_1_2_2,SVM,青紫,2,27,舌左邊,0,0
tip_middle_root_1_2_2,SVM,青紫,2,27,舌根,0,0
tip_middle_root_1_2_2,SVM,青紫,2,31,舌中,0,0
tip_middle_root_1_2_2,SVM,青紫,2,31,舌右邊,0,0
tip_middle_root_1_2_2,SVM,青紫,2,31,舌尖,0,0
tip_middle_root_1_2_2,SVM,青紫,2,31,舌左邊,0,0
tip_middle_root_1_2_2,SVM,青紫,2,31,舌根,0,0
tip_middle_root_1_2_2,SVM,青紫,2,37,舌中,1,1
tip_middle_root_1_2_2,SVM,青紫,2,37,舌右邊,0,0
tip_middle_root_1_2_2,SVM,青紫,2,37,舌尖,0,1
tip_middle_root_1_2_2,SVM,青紫,2,37,舌左邊,0,1
tip_middle_root_1_2_2,SVM,青紫,2,37,舌根,0,0
tip_middle_root_1_2_2,SVM,青紫,2,38,舌中,0,0
tip_middle_root_1_2_2,SVM,青紫,2,38,舌右邊,0,0
tip_middle_root_1_2_2,SVM,青紫,2,38,舌尖,0,0
tip_middle_root_1_2_2,SVM,青紫,2,38,舌左邊,0,0
tip_middle_root_1_2_2,SVM,青紫,2,38,舌根,0,0
tip_middle_root_1_2_2,SVM,青紫,2,3,舌中,0,0
tip_middle_root_1_2_2,SVM,青紫,2,3,舌右邊,0,1
tip_middle_root_1_2_2,SVM,青紫,2,3,舌尖,0,1
tip_middle_root_1_2_2,SVM,青紫,2,3,舌左邊,0,1
tip_middle_root_1_2_2,SVM,青紫,2,3,舌根,1,0
tip_middle_root_1_2_2,SVM,青紫,2,41,舌中,0,0
tip_middle_root_1_2_2,SVM,青紫,2,41,舌尖,0,0
tip_middle_root_1_2_2,SVM,青紫,2,41,舌根,0,0
tip_middle_root_1_2_2,SVM,青紫,2,43,舌中,0,0
tip_middle_root_1_2_2,SVM,青紫,2,43,舌右邊,1,0
tip_middle_root_1_2_2,SVM,青紫,2,43,舌尖,0,0
tip_middle_root_1_2_2,SVM,青紫,2,43,舌根,0,0
tip_middle_root_1_2_2,SVM,青紫,2,47,舌中,0,0
tip_middle_root_1_2_2,SVM,青紫,2,47,舌右邊,0,0
tip_middle_root_1_2_2,SVM,青紫,2,47,舌尖,0,0
tip_middle_root_1_2_2,SVM,青紫,2,47,舌左邊,0,0
tip_middle_root_1_2_2,SVM,青紫,2,47,舌根,0,0
tip_middle_root_1_2_2,SVM,青紫,2,53,舌中,0,0
tip_middle_root_1_2_2,SVM,青紫,2,53,舌右邊,0,0
tip_middle_root_1_2_2,SVM,青紫,2,53,舌尖,0,0
tip_middle_root_1_2_2,SVM,青紫,2,53,舌左邊,0,0
tip_middle_root_1_2_2,SVM,青紫,2,53,舌根,0,0
tip_middle_root_1_2_2,SVM,青紫,2,54,舌中,0,1
tip_middle_root_1_2_2,SVM,青紫,2,54,舌右邊,0,1
tip_middle_root_1_2_2,SVM,青紫,2,54,舌尖,0,0
tip_middle_root_1_2_2,SVM,青紫,2,54,舌左邊,0,0
tip_middle_root_1_2_2,SVM,青紫,2,54,舌根,0,0
tip_middle_root_1_2_2,SVM,青紫,2,57,舌中,0,1
tip_middle_root_1_2_2,SVM,青紫,2,57,舌右邊,0,1
tip_middle_root_1_2_2,SVM,青紫,2,57,舌尖,1,1
tip_middle_root_1_2_2,SVM,青紫,2,57,舌根,0,0
tip_middle_root_1_2_2,SVM,青紫,2,58,舌中,0,0
tip_middle_root_1_2_2,SVM,青紫,2,58,舌右邊,0,0
tip_middle_root_1_2_2,SVM,青紫,2,58,舌左邊,0,0
tip_middle_root_1_2_2,SVM,青紫,2,58,舌根,0,0
tip_middle_root_1_2_2,SVM,青紫,2,72,舌中,0,1
tip_middle_root_1_2_2,SVM,青紫,2,72,舌右邊,0,0
tip_middle_root_1_2_2,SVM,青紫,2,72,舌左邊,0,1
tip_middle_root_1_2_2,SVM,青紫,2,72,舌根,0,0
tip_middle_root_1_2_2,SVM,青紫,2,81,舌中,0,0
tip_middle_root_1_2_2,SVM,青紫,2,81,舌右邊,1,0
tip_middle_root_1_2_2,SVM,青紫,2,81,舌尖,1,0
tip_middle_root_1_2_2,SVM,青紫,2,81,舌左邊,1,0
tip_middle_root_1_2_2,SVM,青紫,2,81,舌根,0,0
tip_middle_root_1_2_2,SVM,青紫,2,91,舌中,0,0
tip_middle_root_1_2_2,SVM,青紫,2,91,舌右邊,1,0
tip_middle_root_1_2_2,SVM,青紫,2,91,舌左邊,1,1
tip_middle_root_1_2_2,SVM,青紫,2,91,舌根,0,0
tip_middle_root_1_2_2,SVM,青紫,3,13,舌中,0,0
tip_middle_root_1_2_2,SVM,青紫,3,13,舌根,0,0
tip_middle_root_1_2_2,SVM,青紫,3,17,舌中,0,1
tip_middle_root_1_2_2,SVM,青紫,3,17,舌右邊,0,0
tip_middle_root_1_2_2,SVM,青紫,3,17,舌根,0,0
tip_middle_root_1_2_2,SVM,青紫,3,20,舌右邊,0,1
tip_middle_root_1_2_2,SVM,青紫,3,20,舌尖,0,0
tip_middle_root_1_2_2,SVM,青紫,3,20,舌左邊,0,1
tip_middle_root_1_2_2,SVM,青紫,3,20,舌根,0,0
tip_middle_root_1_2_2,SVM,青紫,3,30,舌右邊,0,1
tip_middle_root_1_2_2,SVM,青紫,3,30,舌左邊,0,1
tip_middle_root_1_2_2,SVM,青紫,3,30,舌根,0,0
tip_middle_root_1_2_2,SVM,青紫,3,32,舌中,0,0
tip_middle_root_1_2_2,SVM,青紫,3,32,舌尖,0,0
tip_middle_root_1_2_2,SVM,青紫,3,32,舌左邊,0,0
tip_middle_root_1_2_2,SVM,青紫,3,32,舌根,0,0
tip_middle_root_1_2_2,SVM,青紫,3,36,舌中,0,0
tip_middle_root_1_2_2,SVM,青紫,3,36,舌右邊,0,0
tip_middle_root_1_2_2,SVM,青紫,3,36,舌尖,0,0
tip_middle_root_1_2_2,SVM,青紫,3,36,舌左邊,0,0
tip_middle_root_1_2_2,SVM,青紫,3,36,舌根,0,0
tip_middle_root_1_2_2,SVM,青紫,3,45,舌中,0,0
tip_middle_root_1_2_2,SVM,青紫,3,45,舌右邊,0,0
tip_middle_root_1_2_2,SVM,青紫,3,45,舌尖,0,1
tip_middle_root_1_2_2,SVM,青紫,3,45,舌左邊,0,0
tip_middle_root_1_2_2,SVM,青紫,3,45,舌根,0,0
tip_middle_root_1_2_2,SVM,青紫,3,4,舌中,0,0
tip_middle_root_1_2_2,SVM,青紫,3,4,舌右邊,0,0
tip_middle_root_1_2_2,SVM,青紫,3,4,舌尖,0,0
tip_middle_root_1_2_2,SVM,青紫,3,4,舌左邊,0,0
tip_middle_root_1_2_2,SVM,青紫,3,4,舌根,0,0
tip_middle_root_1_2_2,SVM,青紫,3,50,舌中,1,1
tip_middle_root_1_2_2,SVM,青紫,3,50,舌右邊,1,1
tip_middle_root_1_2_2,SVM,青紫,3,50,舌左邊,1,1
tip_middle_root_1_2_2,SVM,青紫,3,50,舌根,0,0
tip_middle_root_1_2_2,SVM,青紫,3,56,舌中,0,0
tip_middle_root_1_2_2,SVM,青紫,3,56,舌尖,0,0
tip_middle_root_1_2_2,SVM,青紫,3,56,舌左邊,0,0
tip_middle_root_1_2_2,SVM,青紫,3,56,舌根,0,0
tip_middle_root_1_2_2,SVM,青紫,3,64,舌根,0,0
tip_middle_root_1_2_2,SVM,青紫,3,65,舌中,0,0
tip_middle_root_1_2_2,SVM,青紫,3,65,舌右邊,0,0
tip_middle_root_1_2_2,SVM,青紫,3,65,舌尖,0,0
tip_middle_root_1_2_2,SVM,青紫,3,65,舌左邊,0,0
tip_middle_root_1_2_2,SVM,青紫,3,65,舌根,0,0
tip_middle_root_1_2_2,SVM,青紫,3,67,舌中,0,0
tip_middle_root_1_2_2,SVM,青紫,3,67,舌右邊,0,0
tip_middle_root_1_2_2,SVM,青紫,3,67,舌尖,0,0
tip_middle_root_1_2_2,SVM,青紫,3,67,舌左邊,0,0
tip_middle_root_1_2_2,SVM,青紫,3,67,舌根,0,0
tip_middle_root_1_2_2,SVM,青紫,3,76,舌中,0,0
tip_middle_root_1_2_2,SVM,青紫,3,76,舌左邊,0,0
tip_middle_root_1_2_2,SVM,青紫,3,76,舌根,0,0
tip_middle_root_1_2_2,SVM,青紫,3,7,舌中,0,1
tip_middle_root_1_2_2,SVM,青紫,3,7,舌右邊,0,0
tip_middle_root_1_2_2,SVM,青紫,3,7,舌尖,0,0
tip_middle_root_1_2_2,SVM,青紫,3,7,舌左邊,0,1
tip_middle_root_1_2_2,SVM,青紫,3,7,舌根,0,0
tip_middle_root_1_2_2,SVM,青紫,3,87,舌中,0,0
tip_middle_root_1_2_2,SVM,青紫,3,87,舌根,0,0
tip_middle_root_1_2_2,SVM,青紫,3,88,舌中,0,1
tip_middle_root_1_2_2,SVM,青紫,3,88,舌右邊,0,1
tip_middle_root_1_2_2,SVM,青紫,3,88,舌尖,0,0
tip_middle_root_1_2_2,SVM,青紫,3,88,舌左邊,0,0
tip_middle_root_1_2_2,SVM,青紫,3,88,舌根,0,0
tip_middle_root_1_2_2,SVM,青紫,3,90,舌右邊,0,0
tip_middle_root_1_2_2,SVM,青紫,3,90,舌左邊,0,0
tip_middle_root_1_2_2,SVM,青紫,3,90,舌根,0,1
tip_middle_root_1_2_2,SVM,青紫,3,92,舌中,1,1
tip_middle_root_1_2_2,SVM,青紫,3,92,舌尖,1,1
tip_middle_root_1_2_2,SVM,青紫,3,92,舌根,0,0
tip_middle_root_1_2_2,SVM,青紫,3,94,舌中,1,1
tip_middle_root_1_2_2,SVM,青紫,3,94,舌右邊,1,0
tip_middle_root_1_2_2,SVM,青紫,3,94,舌尖,1,1
tip_middle_root_1_2_2,SVM,青紫,3,94,舌左邊,1,1
tip_middle_root_1_2_2,SVM,青紫,3,94,舌根,1,1
tip_middle_root_1_2_2,SVM,青紫,4,11,舌中,0,1
tip_middle_root_1_2_2,SVM,青紫,4,11,舌右邊,0,1
tip_middle_root_1_2_2,SVM,青紫,4,11,舌尖,0,1
tip_middle_root_1_2_2,SVM,青紫,4,11,舌左邊,0,1
tip_middle_root_1_2_2,SVM,青紫,4,11,舌根,0,0
tip_middle_root_1_2_2,SVM,青紫,4,12,舌中,0,1
tip_middle_root_1_2_2,SVM,青紫,4,12,舌右邊,0,1
tip_middle_root_1_2_2,SVM,青紫,4,12,舌尖,0,1
tip_middle_root_1_2_2,SVM,青紫,4,12,舌左邊,0,1
tip_middle_root_1_2_2,SVM,青紫,4,12,舌根,0,1
tip_middle_root_1_2_2,SVM,青紫,4,15,舌中,0,1
tip_middle_root_1_2_2,SVM,青紫,4,15,舌右邊,0,1
tip_middle_root_1_2_2,SVM,青紫,4,15,舌尖,0,1
tip_middle_root_1_2_2,SVM,青紫,4,15,舌左邊,0,1
tip_middle_root_1_2_2,SVM,青紫,4,15,舌根,0,1
tip_middle_root_1_2_2,SVM,青紫,4,23,舌中,0,0
tip_middle_root_1_2_2,SVM,青紫,4,23,舌尖,0,0
tip_middle_root_1_2_2,SVM,青紫,4,23,舌根,0,0
tip_middle_root_1_2_2,SVM,青紫,4,46,舌右邊,0,0
tip_middle_root_1_2_2,SVM,青紫,4,46,舌尖,0,0
tip_middle_root_1_2_2,SVM,青紫,4,46,舌左邊,0,0
tip_middle_root_1_2_2,SVM,青紫,4,46,舌根,0,0
tip_middle_root_1_2_2,SVM,青紫,4,49,舌中,1,0
tip_middle_root_1_2_2,SVM,青紫,4,49,舌右邊,1,1
tip_middle_root_1_2_2,SVM,青紫,4,49,舌尖,1,1
tip_middle_root_1_2_2,SVM,青紫,4,49,舌左邊,1,0
tip_middle_root_1_2_2,SVM,青紫,4,5,舌右邊,0,1
tip_middle_root_1_2_2,SVM,青紫,4,5,舌尖,0,1
tip_middle_root_1_2_2,SVM,青紫,4,5,舌左邊,0,1
tip_middle_root_1_2_2,SVM,青紫,4,62,舌中,1,0
tip_middle_root_1_2_2,SVM,青紫,4,62,舌根,0,0
tip_middle_root_1_2_2,SVM,青紫,4,63,舌中,0,0
tip_middle_root_1_2_2,SVM,青紫,4,63,舌根,0,0
tip_middle_root_1_2_2,SVM,青紫,4,66,舌中,0,0
tip_middle_root_1_2_2,SVM,青紫,4,66,舌右邊,0,1
tip_middle_root_1_2_2,SVM,青紫,4,66,舌尖,0,1
tip_middle_root_1_2_2,SVM,青紫,4,66,舌左邊,0,1
tip_middle_root_1_2_2,SVM,青紫,4,66,舌根,0,0
tip_middle_root_1_2_2,SVM,青紫,4,70,舌中,0,0
tip_middle_root_1_2_2,SVM,青紫,4,70,舌右邊,0,0
tip_middle_root_1_2_2,SVM,青紫,4,70,舌尖,0,1
tip_middle_root_1_2_2,SVM,青紫,4,70,舌左邊,0,0
tip_middle_root_1_2_2,SVM,青紫,4,70,舌根,0,0
tip_middle_root_1_2_2,SVM,青紫,4,75,舌右邊,0,0
tip_middle_root_1_2_2,SVM,青紫,4,75,舌尖,0,0
tip_middle_root_1_2_2,SVM,青紫,4,75,舌左邊,0,0
tip_middle_root_1_2_2,SVM,青紫,4,75,舌根,0,0
tip_middle_root_1_2_2,SVM,青紫,4,77,舌右邊,0,0
tip_middle_root_1_2_2,SVM,青紫,4,77,舌根,0,0
tip_middle_root_1_2_2,SVM,青紫,4,78,舌中,1,0
tip_middle_root_1_2_2,SVM,青紫,4,78,舌右邊,0,0
tip_middle_root_1_2_2,SVM,青紫,4,78,舌左邊,0,0
tip_middle_root_1_2_2,SVM,青紫,4,78,舌根,0,0
tip_middle_root_1_2_2,SVM,青紫,4,79,舌中,0,0
tip_middle_root_1_2_2,SVM,青紫,4,79,舌尖,0,0
tip_middle_root_1_2_2,SVM,青紫,4,79,舌根,0,0
tip_middle_root_1_2_2,SVM,青紫,4,84,舌中,1,0
tip_middle_root_1_2_2,SVM,青紫,4,84,舌右邊,0,0
tip_middle_root_1_2_2,SVM,青紫,4,84,舌尖,1,0
tip_middle_root_1_2_2,SVM,青紫,4,84,舌左邊,1,0
tip_middle_root_1_2_2,SVM,青紫,4,84,舌根,0,0
tip_middle_root_1_2_2,SVM,青紫,4,86,舌右邊,0,0
tip_middle_root_1_2_2,SVM,青紫,4,86,舌尖,0,0
tip_middle_root_1_2_2,SVM,青紫,4,86,舌左邊,0,0
tip_middle_root_1_2_2,SVM,青紫,4,86,舌根,0,0
tip_middle_root_1_2_2,SVM,青紫,4,96,舌中,0,0
tip_middle_root_1_2_2,SVM,青紫,4,96,舌右邊,0,0
tip_middle_root_1_2_2,SVM,青紫,4,96,舌尖,0,0
tip_middle_root_1_2_2,SVM,青紫,4,96,舌左邊,0,0
tip_middle_root_1_2_2,SVM,青紫,4,96,舌根,0,0
tip_middle_root_1_2_2,SVM,青紫,4,98,舌中,0,1
tip_middle_root_1_2_2,SVM,青紫,4,98,舌尖,0,1
tip_middle_root_1_2_2,SVM,青紫,4,98,舌根,0,0
tip_middle_root_1_2_2,SVM,青紫,4,9,舌中,0,1
tip_middle_root_1_2_2,SVM,青紫,4,9,舌右邊,0,0
tip_middle_root_1_2_2,SVM,青紫,4,9,舌尖,0,0
tip_middle_root_1_2_2,SVM,青紫,4,9,舌左邊,0,0
tip_middle_root_1_2_2,SVM,青紫,4,9,舌根,0,0
tip_middle_root_1_2_2,SVM,青紫,5,10,舌中,0,1
tip_middle_root_1_2_2,SVM,青紫,5,10,舌右邊,0,1
tip_middle_root_1_2_2,SVM,青紫,5,10,舌尖,0,1
tip_middle_root_1_2_2,SVM,青紫,5,10,舌左邊,0,1
tip_middle_root_1_2_2,SVM,青紫,5,10,舌根,0,0
tip_middle_root_1_2_2,SVM,青紫,5,16,舌中,0,1
tip_middle_root_1_2_2,SVM,青紫,5,16,舌右邊,0,1
tip_middle_root_1_2_2,SVM,青紫,5,16,舌尖,0,1
tip_middle_root_1_2_2,SVM,青紫,5,16,舌左邊,0,1
tip_middle_root_1_2_2,SVM,青紫,5,16,舌根,0,0
tip_middle_root_1_2_2,SVM,青紫,5,19,舌中,0,0
tip_middle_root_1_2_2,SVM,青紫,5,19,舌尖,0,0
tip_middle_root_1_2_2,SVM,青紫,5,19,舌左邊,0,0
tip_middle_root_1_2_2,SVM,青紫,5,19,舌根,0,0
tip_middle_root_1_2_2,SVM,青紫,5,21,舌右邊,0,0
tip_middle_root_1_2_2,SVM,青紫,5,21,舌尖,0,0
tip_middle_root_1_2_2,SVM,青紫,5,21,舌左邊,0,0
tip_middle_root_1_2_2,SVM,青紫,5,21,舌根,0,0
tip_middle_root_1_2_2,SVM,青紫,5,2,舌中,0,1
tip_middle_root_1_2_2,SVM,青紫,5,2,舌右邊,0,0
tip_middle_root_1_2_2,SVM,青紫,5,2,舌尖,0,0
tip_middle_root_1_2_2,SVM,青紫,5,2,舌左邊,0,0
tip_middle_root_1_2_2,SVM,青紫,5,2,舌根,0,0
tip_middle_root_1_2_2,SVM,青紫,5,35,舌中,0,1
tip_middle_root_1_2_2,SVM,青紫,5,35,舌尖,1,0
tip_middle_root_1_2_2,SVM,青紫,5,35,舌根,0,0
tip_middle_root_1_2_2,SVM,青紫,5,40,舌中,0,0
tip_middle_root_1_2_2,SVM,青紫,5,40,舌右邊,0,0
tip_middle_root_1_2_2,SVM,青紫,5,40,舌尖,1,0
tip_middle_root_1_2_2,SVM,青紫,5,40,舌左邊,0,0
tip_middle_root_1_2_2,SVM,青紫,5,40,舌根,0,0
tip_middle_root_1_2_2,SVM,青紫,5,42,舌尖,0,0
tip_middle_root_1_2_2,SVM,青紫,5,42,舌根,0,0
tip_middle_root_1_2_2,SVM,青紫,5,44,舌右邊,0,0
tip_middle_root_1_2_2,SVM,青紫,5,44,舌尖,0,0
tip_middle_root_1_2_2,SVM,青紫,5,44,舌左邊,0,0
tip_middle_root_1_2_2,SVM,青紫,5,44,舌根,0,0
tip_middle_root_1_2_2,SVM,青紫,5,48,舌根,0,0
tip_middle_root_1_2_2,SVM,青紫,5,51,舌中,0,0
tip_middle_root_1_2_2,SVM,青紫,5,51,舌右邊,0,0
tip_middle_root_1_2_2,SVM,青紫,5,51,舌尖,0,0
tip_middle_root_1_2_2,SVM,青紫,5,51,舌左邊,0,0
tip_middle_root_1_2_2,SVM,青紫,5,51,舌根,0,0
tip_middle_root_1_2_2,SVM,青紫,5,55,舌中,0,0
tip_middle_root_1_2_2,SVM,青紫,5,55,舌尖,0,0
tip_middle_root_1_2_2,SVM,青紫,5,55,舌根,0,0
tip_middle_root_1_2_2,SVM,青紫,5,69,舌右邊,1,1
tip_middle_root_1_2_2,SVM,青紫,5,69,舌尖,0,1
tip_middle_root_1_2_2,SVM,青紫,5,69,舌左邊,1,1
tip_middle_root_1_2_2,SVM,青紫,5,69,舌根,0,0
tip_middle_root_1_2_2,SVM,青紫,5,6,舌中,0,1
tip_middle_root_1_2_2,SVM,青紫,5,6,舌右邊,0,1
tip_middle_root_1_2_2,SVM,青紫,5,6,舌尖,0,1
tip_middle_root_1_2_2,SVM,青紫,5,6,舌左邊,0,1
tip_middle_root_1_2_2,SVM,青紫,5,6,舌根,0,0
tip_middle_root_1_2_2,SVM,青紫,5,71,舌右邊,1,1
tip_middle_root_1_2_2,SVM,青紫,5,71,舌尖,1,1
tip_middle_root_1_2_2,SVM,青紫,5,71,舌左邊,1,1
tip_middle_root_1_2_2,SVM,青紫,5,71,舌根,0,1
tip_middle_root_1_2_2,SVM,青紫,5,73,舌中,1,1
tip_middle_root_1_2_2,SVM,青紫,5,73,舌右邊,1,1
tip_middle_root_1_2_2,SVM,青紫,5,73,舌左邊,1,1
tip_middle_root_1_2_2,SVM,青紫,5,74,舌中,0,1
tip_middle_root_1_2_2,SVM,青紫,5,74,舌尖,0,1
tip_middle_root_1_2_2,SVM,青紫,5,74,舌根,0,0
tip_middle_root_1_2_2,SVM,青紫,5,80,舌中,0,0
tip_middle_root_1_2_2,SVM,青紫,5,80,舌右邊,0,0
tip_middle_root_1_2_2,SVM,青紫,5,80,舌尖,0,0
tip_middle_root_1_2_2,SVM,青紫,5,80,舌左邊,0,0
tip_middle_root_1_2_2,SVM,青紫,5,80,舌根,0,0
tip_middle_root_1_2_2,SVM,青紫,5,93,舌中,0,0
tip_middle_root_1_2_2,SVM,青紫,5,93,舌右邊,0,1
tip_middle_root_1_2_2,SVM,青紫,5,93,舌尖,0,0
tip_middle_root_1_2_2,SVM,青紫,5,93,舌左邊,0,1
tip_middle_root_1_2_2,SVM,青紫,5,93,舌根,0,0
tip_middle_root_1_2_2,SVM,青紫,5,97,舌中,0,0
tip_middle_root_1_2_2,SVM,青紫,5,97,舌尖,0,1
tip_middle_root_1_2_2,SVM,青紫,5,97,舌左邊,0,1
tip_middle_root_1_2_2,SVM,青紫,5,97,舌根,0,0
tip_middle_root_1_2_2,Random Forest,青紫,1,100,舌尖,1,0
tip_middle_root_1_2_2,Random Forest,青紫,1,100,舌根,0,0
tip_middle_root_1_2_2,Random Forest,青紫,1,18,舌中,0,0
tip_middle_root_1_2_2,Random Forest,青紫,1,18,舌尖,0,0
tip_middle_root_1_2_2,Random Forest,青紫,1,18,舌根,0,0
tip_middle_root_1_2_2,Random Forest,青紫,1,24,舌中,0,0
tip_middle_root_1_2_2,Random Forest,青紫,1,24,舌尖,1,0
tip_middle_root_1_2_2,Random Forest,青紫,1,24,舌根,0,0
tip_middle_root_1_2_2,Random Forest,青紫,1,26,舌中,0,0
tip_middle_root_1_2_2,Random Forest,青紫,1,26,舌尖,0,0
tip_middle_root_1_2_2,Random Forest,青紫,1,26,舌根,0,0
tip_middle_root_1_2_2,Random Forest,青紫,1,28,舌中,0,0
tip_middle_root_1_2_2,Random Forest,青紫,1,28,舌右邊,0,0
tip_middle_root_1_2_2,Random Forest,青紫,1,28,舌尖,0,0
tip_middle_root_1_2_2,Random Forest,青紫,1,28,舌左邊,0,0
tip_middle_root_1_2_2,Random Forest,青紫,1,28,舌根,0,0
tip_middle_root_1_2_2,Random Forest,青紫,1,29,舌中,0,0
tip_middle_root_1_2_2,Random Forest,青紫,1,29,舌右邊,0,0
tip_middle_root_1_2_2,Random Forest,青紫,1,29,舌尖,0,0
tip_middle_root_1_2_2,Random Forest,青紫,1,29,舌左邊,0,0
tip_middle_root_1_2_2,Random Forest,青紫,1,29,舌根,0,0
tip_middle_root_1_2_2,Random Forest,青紫,1,33,舌右邊,0,0
tip_middle_root_1_2_2,Random Forest,青紫,1,33,舌尖,0,0
tip_middle_root_1_2_2,Random Forest,青紫,1,33,舌左邊,0,0
tip_middle_root_1_2_2,Random Forest,青紫,1,33,舌根,0,0
tip_middle_root_1_2_2,Random Forest,青紫,1,34,舌尖,0,0
tip_middle_root_1_2_2,Random Forest,青紫,1,34,舌根,0,0
tip_middle_root_1_2_2,Random Forest,青紫,1,39,舌中,0,0
tip_middle_root_1_2_2,Random Forest,青紫,1,39,舌尖,0,0
tip_middle_root_1_2_2,Random Forest,青紫,1,39,舌左邊,0,0
tip_middle_root_1_2_2,Random Forest,青紫,1,39,舌根,0,0
tip_middle_root_1_2_2,Random Forest,青紫,1,52,舌中,0,0
tip_middle_root_1_2_2,Random Forest,青紫,1,52,舌右邊,0,0
tip_middle_root_1_2_2,Random Forest,青紫,1,52,舌尖,0,0
tip_middle_root_1_2_2,Random Forest,青紫,1,52,舌左邊,0,0
tip_middle_root_1_2_2,Random Forest,青紫,1,52,舌根,0,0
tip_middle_root_1_2_2,Random Forest,青紫,1,59,舌中,0,0
tip_middle_root_1_2_2,Random Forest,青紫,1,59,舌右邊,0,0
tip_middle_root_1_2_2,Random Forest,青紫,1,59,舌尖,0,0
tip_middle_root_1_2_2,Random Forest,青紫,1,59,舌左邊,0,0
tip_middle_root_1_2_2,Random Forest,青紫,1,59,舌根,0,0
tip_middle_root_1_2_2,Random Forest,青紫,1,60,舌右邊,0,0
tip_middle_root_1_2_2,Random Forest,青紫,1,60,舌左邊,0,0
tip_middle_root_1_2_2,Random Forest,青紫,1,60,舌根,0,0
tip_middle_root_1_2_2,Random Forest,青紫,1,61,舌右邊,0,0
tip_middle_root_1_2_2,Random Forest,青紫,1,61,舌尖,0,0
tip_middle_root_1_2_2,Random Forest,青紫,1,61,舌左邊,0,0
tip_middle_root_1_2_2,Random Forest,青紫,1,61,舌根,0,0
tip_middle_root_1_2_2,Random Forest,青紫,1,68,舌中,1,0
tip_middle_root_1_2_2,Random Forest,青紫,1,68,舌右邊,1,0
tip_middle_root_1_2_2,Random Forest,青紫,1,68,舌尖,1,0
tip_middle_root_1_2_2,Random Forest,青紫,1,68,舌左邊,1,1
tip_middle_root_1_2_2,Random Forest,青紫,1,68,舌根,1,0
tip_middle_root_1_2_2,Random Forest,青紫,1,82,舌中,0,0
tip_middle_root_1_2_2,Random Forest,青紫,1,82,舌根,0,0
tip_middle_root_1_2_2,Random Forest,青紫,1,83,舌中,0,0
tip_middle_root_1_2_2,Random Forest,青紫,1,83,舌尖,1,0
tip_middle_root_1_2_2,Random Forest,青紫,1,83,舌根,0,0
tip_middle_root_1_2_2,Random Forest,青紫,1,85,舌中,0,0
tip_middle_root_1_2_2,Random Forest,青紫,1,85,舌右邊,1,0
tip_middle_root_1_2_2,Random Forest,青紫,1,85,舌尖,0,0
tip_middle_root_1_2_2,Random Forest,青紫,1,85,舌根,0,0
tip_middle_root_1_2_2,Random Forest,青紫,1,89,舌中,0,0
tip_middle_root_1_2_2,Random Forest,青紫,1,89,舌尖,0,0
tip_middle_root_1_2_2,Random Forest,青紫,1,89,舌根,0,0
tip_middle_root_1_2_2,Random Forest,青紫,1,8,舌中,0,0
tip_middle_root_1_2_2,Random Forest,青紫,1,8,舌右邊,0,0
tip_middle_root_1_2_2,Random Forest,青紫,1,8,舌尖,0,0
tip_middle_root_1_2_2,Random Forest,青紫,1,8,舌左邊,0,0
tip_middle_root_1_2_2,Random Forest,青紫,1,8,舌根,0,0
tip_middle_root_1_2_2,Random Forest,青紫,1,95,舌中,0,0
tip_middle_root_1_2_2,Random Forest,青紫,1,95,舌右邊,0,0
tip_middle_root_1_2_2,Random Forest,青紫,1,95,舌尖,0,0
tip_middle_root_1_2_2,Random Forest,青紫,1,95,舌左邊,0,0
tip_middle_root_1_2_2,Random Forest,青紫,1,95,舌根,0,0
tip_middle_root_1_2_2,Random Forest,青紫,1,99,舌中,0,0
tip_middle_root_1_2_2,Random Forest,青紫,1,99,舌右邊,0,0
tip_middle_root_1_2_2,Random Forest,青紫,1,99,舌尖,0,0
tip_middle_root_1_2_2,Random Forest,青紫,1,99,舌左邊,0,0
tip_middle_root_1_2_2,Random Forest,青紫,1,99,舌根,0,0
tip_middle_root_1_2_2,Random Forest,青紫,2,14,舌中,0,0
tip_middle_root_1_2_2,Random Forest,青紫,2,14,舌右邊,0,0
tip_middle_root_1_2_2,Random Forest,青紫,2,14,舌尖,0,0
tip_middle_root_1_2_2,Random Forest,青紫,2,14,舌左邊,0,0
tip_middle_root_1_2_2,Random Forest,青紫,2,14,舌根,0,0
tip_middle_root_1_2_2,Random Forest,青紫,2,1,舌中,0,0
tip_middle_root_1_2_2,Random Forest,青紫,2,1,舌右邊,0,1
tip_middle_root_1_2_2,Random Forest,青紫,2,1,舌尖,1,0
tip_middle_root_1_2_2,Random Forest,青紫,2,1,舌根,0,0
tip_middle_root_1_2_2,Random Forest,青紫,2,22,舌中,0,0
tip_middle_root_1_2_2,Random Forest,青紫,2,22,舌右邊,0,0
tip_middle_root_1_2_2,Random Forest,青紫,2,22,舌左邊,0,0
tip_middle_root_1_2_2,Random Forest,青紫,2,22,舌根,0,0
tip_middle_root_1_2_2,Random Forest,青紫,2,25,舌中,0,0
tip_middle_root_1_2_2,Random Forest,青紫,2,25,舌右邊,0,1
tip_middle_root_1_2_2,Random Forest,青紫,2,25,舌尖,0,1
tip_middle_root_1_2_2,Random Forest,青紫,2,25,舌左邊,0,1
tip_middle_root_1_2_2,Random Forest,青紫,2,25,舌根,0,0
tip_middle_root_1_2_2,Random Forest,青紫,2,27,舌中,0,0
tip_middle_root_1_2_2,Random Forest,青紫,2,27,舌右邊,0,0
tip_middle_root_1_2_2,Random Forest,青紫,2,27,舌左邊,0,0
tip_middle_root_1_2_2,Random Forest,青紫,2,27,舌根,0,0
tip_middle_root_1_2_2,Random Forest,青紫,2,31,舌中,0,0
tip_middle_root_1_2_2,Random Forest,青紫,2,31,舌右邊,0,0
tip_middle_root_1_2_2,Random Forest,青紫,2,31,舌尖,0,0
tip_middle_root_1_2_2,Random Forest,青紫,2,31,舌左邊,0,0
tip_middle_root_1_2_2,Random Forest,青紫,2,31,舌根,0,0
tip_middle_root_1_2_2,Random Forest,青紫,2,37,舌中,1,0
tip_middle_root_1_2_2,Random Forest,青紫,2,37,舌右邊,0,0
tip_middle_root_1_2_2,Random Forest,青紫,2,37,舌尖,0,0
tip_middle_root_1_2_2,Random Forest,青紫,2,37,舌左邊,0,0
tip_middle_root_1_2_2,Random Forest,青紫,2,37,舌根,0,0
tip_middle_root_1_2_2,Random Forest,青紫,2,38,舌中,0,0
tip_middle_root_1_2_2,Random Forest,青紫,2,38,舌右邊,0,0
tip_middle_root_1_2_2,Random Forest,青紫,2,38,舌尖,0,0
tip_middle_root_1_2_2,Random Forest,青紫,2,38,舌左邊,0,0
tip_middle_root_1_2_2,Random Forest,青紫,2,38,舌根,0,0
tip_middle_root_1_2_2,Random Forest,青紫,2,3,舌中,0,0
tip_middle_root_1_2_2,Random Forest,青紫,2,3,舌右邊,0,0
tip_middle_root_1_2_2,Random Forest,青紫,2,3,舌尖,0,0
tip_middle_root_1_2_2,Random Forest,青紫,2,3,舌左邊,0,0
tip_middle_root_1_2_2,Random Forest,青紫,2,3,舌根,1,0
tip_middle_root_1_2_2,Random Forest,青紫,2,41,舌中,0,0
tip_middle_root_1_2_2,Random Forest,青紫,2,41,舌尖,0,1
tip_middle_root_1_2_2,Random Forest,青紫,2,41,舌根,0,0
tip_middle_root_1_2_2,Random Forest,青紫,2,43,舌中,0,0
tip_middle_root_1_2_2,Random Forest,青紫,2,43,舌右邊,1,0
tip_middle_root_1_2_2,Random Forest,青紫,2,43,舌尖,0,0
tip_middle_root_1_2_2,Random Forest,青紫,2,43,舌根,0,0
tip_middle_root_1_2_2,Random Forest,青紫,2,47,舌中,0,0
tip_middle_root_1_2_2,Random Forest,青紫,2,47,舌右邊,0,0
tip_middle_root_1_2_2,Random Forest,青紫,2,47,舌尖,0,0
tip_middle_root_1_2_2,Random Forest,青紫,2,47,舌左邊,0,0
tip_middle_root_1_2_2,Random Forest,青紫,2,47,舌根,0,0
tip_middle_root_1_2_2,Random Forest,青紫,2,53,舌中,0,0
tip_middle_root_1_2_2,Random Forest,青紫,2,53,舌右邊,0,0
tip_middle_root_1_2_2,Random Forest,青紫,2,53,舌尖,0,0
tip_middle_root_1_2_2,Random Forest,青紫,2,53,舌左邊,0,0
tip_middle_root_1_2_2,Random Forest,青紫,2,53,舌根,0,0
tip_middle_root_1_2_2,Random Forest,青紫,2,54,舌中,0,0
tip_middle_root_1_2_2,Random Forest,青紫,2,54,舌右邊,0,0
tip_middle_root_1_2_2,Random Forest,青紫,2,54,舌尖,0,0
tip_middle_root_1_2_2,Random Forest,青紫,2,54,舌左邊,0,0
tip_middle_root_1_2_2,Random Forest,青紫,2,54,舌根,0,0
tip_middle_root_1_2_2,Random Forest,青紫,2,57,舌中,0,1
tip_middle_root_1_2_2,Random Forest,青紫,2,57,舌右邊,0,1
tip_middle_root_1_2_2,Random Forest,青紫,2,57,舌尖,1,0
tip_middle_root_1_2_2,Random Forest,青紫,2,57,舌根,0,0
tip_middle_root_1_2_2,Random Forest,青紫,2,58,舌中,0,0
tip_middle_root_1_2_2,Random Forest,青紫,2,58,舌右邊,0,0
tip_middle_root_1_2_2,Random Forest,青紫,2,58,舌左邊,0,0
tip_middle_root_1_2_2,Random Forest,青紫,2,58,舌根,0,0
tip_middle_root_1_2_2,Random Forest,青紫,2,72,舌中,0,0
tip_middle_root_1_2_2,Random Forest,青紫,2,72,舌右邊,0,0
tip_middle_root_1_2_2,Random Forest,青紫,2,72,舌左邊,0,0
tip_middle_root_1_2_2,Random Forest,青紫,2,72,舌根,0,0
tip_middle_root_1_2_2,Random Forest,青紫,2,81,舌中,0,0
tip_middle_root_1_2_2,Random Forest,青紫,2,81,舌右邊,1,0
tip_middle_root_1_2_2,Random Forest,青紫,2,81,舌尖,1,0
tip_middle_root_1_2_2,Random Forest,青紫,2,81,舌左邊,1,0
tip_middle_root_1_2_2,Random Forest,青紫,2,81,舌根,0,0
tip_middle_root_1_2_2,Random Forest,青紫,2,91,舌中,0,0
tip_middle_root_1_2_2,Random Forest,青紫,2,91,舌右邊,1,0
tip_middle_root_1_2_2,Random Forest,青紫,2,91,舌左邊,1,0
tip_middle_root_1_2_2,Random Forest,青紫,2,91,舌根,0,0
tip_middle_root_1_2_2,Random Forest,青紫,3,13,舌中,0,0
tip_middle_root_1_2_2,Random Forest,青紫,3,13,舌根,0,0
tip_middle_root_1_2_2,Random Forest,青紫,3,17,舌中,0,0
tip_middle_root_1_2_2,Random Forest,青紫,3,17,舌右邊,0,0
tip_middle_root_1_2_2,Random Forest,青紫,3,17,舌根,0,0
tip_middle_root_1_2_2,Random Forest,青紫,3,20,舌右邊,0,0
tip_middle_root_1_2_2,Random Forest,青紫,3,20,舌尖,0,0
tip_middle_root_1_2_2,Random Forest,青紫,3,20,舌左邊,0,0
tip_middle_root_1_2_2,Random Forest,青紫,3,20,舌根,0,0
tip_middle_root_1_2_2,Random Forest,青紫,3,30,舌右邊,0,1
tip_middle_root_1_2_2,Random Forest,青紫,3,30,舌左邊,0,0
tip_middle_root_1_2_2,Random Forest,青紫,3,30,舌根,0,0
tip_middle_root_1_2_2,Random Forest,青紫,3,32,舌中,0,0
tip_middle_root_1_2_2,Random Forest,青紫,3,32,舌尖,0,0
tip_middle_root_1_2_2,Random Forest,青紫,3,32,舌左邊,0,0
tip_middle_root_1_2_2,Random Forest,青紫,3,32,舌根,0,0
tip_middle_root_1_2_2,Random Forest,青紫,3,36,舌中,0,0
tip_middle_root_1_2_2,Random Forest,青紫,3,36,舌右邊,0,0
tip_middle_root_1_2_2,Random Forest,青紫,3,36,舌尖,0,0
tip_middle_root_1_2_2,Random Forest,青紫,3,36,舌左邊,0,0
tip_middle_root_1_2_2,Random Forest,青紫,3,36,舌根,0,0
tip_middle_root_1_2_2,Random Forest,青紫,3,45,舌中,0,0
tip_middle_root_1_2_2,Random Forest,青紫,3,45,舌右邊,0,0
tip_middle_root_1_2_2,Random Forest,青紫,3,45,舌尖,0,0
tip_middle_root_1_2_2,Random Forest,青紫,3,45,舌左邊,0,0
tip_middle_root_1_2_2,Random Forest,青紫,3,45,舌根,0,0
tip_middle_root_1_2_2,Random Forest,青紫,3,4,舌中,0,0
tip_middle_root_1_2_2,Random Forest,青紫,3,4,舌右邊,0,0
tip_middle_root_1_2_2,Random Forest,青紫,3,4,舌尖,0,0
tip_middle_root_1_2_2,Random Forest,青紫,3,4,舌左邊,0,0
tip_middle_root_1_2_2,Random Forest,青紫,3,4,舌根,0,0
tip_middle_root_1_2_2,Random Forest,青紫,3,50,舌中,1,0
tip_middle_root_1_2_2,Random Forest,青紫,3,50,舌右邊,1,0
tip_middle_root_1_2_2,Random Forest,青紫,3,50,舌左邊,1,0
tip_middle_root_1_2_2,Random Forest,青紫,3,50,舌根,0,0
tip_middle_root_1_2_2,Random Forest,青紫,3,56,舌中,0,0
tip_middle_root_1_2_2,Random Forest,青紫,3,56,舌尖,0,0
tip_middle_root_1_2_2,Random Forest,青紫,3,56,舌左邊,0,0
tip_middle_root_1_2_2,Random Forest,青紫,3,56,舌根,0,0
tip_middle_root_1_2_2,Random Forest,青紫,3,64,舌根,0,0
tip_middle_root_1_2_2,Random Forest,青紫,3,65,舌中,0,0
tip_middle_root_1_2_2,Random Forest,青紫,3,65,舌右邊,0,0
tip_middle_root_1_2_2,Random Forest,青紫,3,65,舌尖,0,0
tip_middle_root_1_2_2,Random Forest,青紫,3,65,舌左邊,0,0
tip_middle_root_1_2_2,Random Forest,青紫,3,65,舌根,0,0
tip_middle_root_1_2_2,Random Forest,青紫,3,67,舌中,0,0
tip_middle_root_1_2_2,Random Forest,青紫,3,67,舌右邊,0,0
tip_middle_root_1_2_2,Random Forest,青紫,3,67,舌尖,0,0
tip_middle_root_1_2_2,Random Forest,青紫,3,67,舌左邊,0,0
tip_middle_root_1_2_2,Random Forest,青紫,3,67,舌根,0,0
tip_middle_root_1_2_2,Random Forest,青紫,3,76,舌中,0,0
tip_middle_root_1_2_2,Random Forest,青紫,3,76,舌左邊,0,0
tip_middle_root_1_2_2,Random Forest,青紫,3,76,舌根,0,0
tip_middle_root_1_2_2,Random Forest,青紫,3,7,舌中,0,0
tip_middle_root_1_2_2,Random Forest,青紫,3,7,舌右邊,0,0
tip_middle_root_1_2_2,Random Forest,青紫,3,7,舌尖,0,0
tip_middle_root_1_2_2,Random Forest,青紫,3,7,舌左邊,0,0
tip_middle_root_1_2_2,Random Forest,青紫,3,7,舌根,0,0
tip_middle_root_1_2_2,Random Forest,青紫,3,87,舌中,0,0
tip_middle_root_1_2_2,Random Forest,青紫,3,87,舌根,0,0
tip_middle_root_1_2_2,Random Forest,青紫,3,88,舌中,0,0
tip_middle_root_1_2_2,Random Forest,青紫,3,88,舌右邊,0,0
tip_middle_root_1_2_2,Random Forest,青紫,3,88,舌尖,0,0
tip_middle_root_1_2_2,Random Forest,青紫,3,88,舌左邊,0,0
tip_middle_root_1_2_2,Random Forest,青紫,3,88,舌根,0,0
tip_middle_root_1_2_2,Random Forest,青紫,3,90,舌右邊,0,0
tip_middle_root_1_2_2,Random Forest,青紫,3,90,舌左邊,0,0
tip_middle_root_1_2_2,Random Forest,青紫,3,90,舌根,0,0
tip_middle_root_1_2_2,Random Forest,青紫,3,92,舌中,1,1
tip_middle_root_1_2_2,Random Forest,青紫,3,92,舌尖,1,0
tip_middle_root_1_2_2,Random Forest,青紫,3,92,舌根,0,0
tip_middle_root_1_2_2,Random Forest,青紫,3,94,舌中,1,0
tip_middle_root_1_2_2,Random Forest,青紫,3,94,舌右邊,1,0
tip_middle_root_1_2_2,Random Forest,青紫,3,94,舌尖,1,0
tip_middle_root_1_2_2,Random Forest,青紫,3,94,舌左邊,1,1
tip_middle_root_1_2_2,Random Forest,青紫,3,94,舌根,1,0
tip_middle_root_1_2_2,Random Forest,青紫,4,11,舌中,0,1
tip_middle_root_1_2_2,Random Forest,青紫,4,11,舌右邊,0,1
tip_middle_root_1_2_2,Random Forest,青紫,4,11,舌尖,0,0
tip_middle_root_1_2_2,Random Forest,青紫,4,11,舌左邊,0,1
tip_middle_root_1_2_2,Random Forest,青紫,4,11,舌根,0,0
tip_middle_root_1_2_2,Random Forest,青紫,4,12,舌中,0,0
tip_middle_root_1_2_2,Random Forest,青紫,4,12,舌右邊,0,1
tip_middle_root_1_2_2,Random Forest,青紫,4,12,舌尖,0,0
tip_middle_root_1_2_2,Random Forest,青紫,4,12,舌左邊,0,0
tip_middle_root_1_2_2,Random Forest,青紫,4,12,舌根,0,0
tip_middle_root_1_2_2,Random Forest,青紫,4,15,舌中,0,0
tip_middle_root_1_2_2,Random Forest,青紫,4,15,舌右邊,0,0
tip_middle_root_1_2_2,Random Forest,青紫,4,15,舌尖,0,0
tip_middle_root_1_2_2,Random Forest,青紫,4,15,舌左邊,0,1
tip_middle_root_1_2_2,Random Forest,青紫,4,15,舌根,0,0
tip_middle_root_1_2_2,Random Forest,青紫,4,23,舌中,0,0
tip_middle_root_1_2_2,Random Forest,青紫,4,23,舌尖,0,0
tip_middle_root_1_2_2,Random Forest,青紫,4,23,舌根,0,0
tip_middle_root_1_2_2,Random Forest,青紫,4,46,舌右邊,0,0
tip_middle_root_1_2_2,Random Forest,青紫,4,46,舌尖,0,0
tip_middle_root_1_2_2,Random Forest,青紫,4,46,舌左邊,0,0
tip_middle_root_1_2_2,Random Forest,青紫,4,46,舌根,0,0
tip_middle_root_1_2_2,Random Forest,青紫,4,49,舌中,1,0
tip_middle_root_1_2_2,Random Forest,青紫,4,49,舌右邊,1,0
tip_middle_root_1_2_2,Random Forest,青紫,4,49,舌尖,1,0
tip_middle_root_1_2_2,Random Forest,青紫,4,49,舌左邊,1,0
tip_middle_root_1_2_2,Random Forest,青紫,4,5,舌右邊,0,1
tip_middle_root_1_2_2,Random Forest,青紫,4,5,舌尖,0,1
tip_middle_root_1_2_2,Random Forest,青紫,4,5,舌左邊,0,1
tip_middle_root_1_2_2,Random Forest,青紫,4,62,舌中,1,0
tip_middle_root_1_2_2,Random Forest,青紫,4,62,舌根,0,0
tip_middle_root_1_2_2,Random Forest,青紫,4,63,舌中,0,0
tip_middle_root_1_2_2,Random Forest,青紫,4,63,舌根,0,0
tip_middle_root_1_2_2,Random Forest,青紫,4,66,舌中,0,0
tip_middle_root_1_2_2,Random Forest,青紫,4,66,舌右邊,0,1
tip_middle_root_1_2_2,Random Forest,青紫,4,66,舌尖,0,0
tip_middle_root_1_2_2,Random Forest,青紫,4,66,舌左邊,0,0
tip_middle_root_1_2_2,Random Forest,青紫,4,66,舌根,0,0
tip_middle_root_1_2_2,Random Forest,青紫,4,70,舌中,0,0
tip_middle_root_1_2_2,Random Forest,青紫,4,70,舌右邊,0,1
tip_middle_root_1_2_2,Random Forest,青紫,4,70,舌尖,0,1
tip_middle_root_1_2_2,Random Forest,青紫,4,70,舌左邊,0,1
tip_middle_root_1_2_2,Random Forest,青紫,4,70,舌根,0,0
tip_middle_root_1_2_2,Random Forest,青紫,4,75,舌右邊,0,0
tip_middle_root_1_2_2,Random Forest,青紫,4,75,舌尖,0,0
tip_middle_root_1_2_2,Random Forest,青紫,4,75,舌左邊,0,0
tip_middle_root_1_2_2,Random Forest,青紫,4,75,舌根,0,0
tip_middle_root_1_2_2,Random Forest,青紫,4,77,舌右邊,0,0
tip_middle_root_1_2_2,Random Forest,青紫,4,77,舌根,0,0
tip_middle_root_1_2_2,Random Forest,青紫,4,78,舌中,1,0
tip_middle_root_1_2_2,Random Forest,青紫,4,78,舌右邊,0,0
tip_middle_root_1_2_2,Random Forest,青紫,4,78,舌左邊,0,0
tip_middle_root_1_2_2,Random Forest,青紫,4,78,舌根,0,0
tip_middle_root_1_2_2,Random Forest,青紫,4,79,舌中,0,0
tip_middle_root_1_2_2,Random Forest,青紫,4,79,舌尖,0,0
tip_middle_root_1_2_2,Random Forest,青紫,4,79,舌根,0,0
tip_middle_root_1_2_2,Random Forest,青紫,4,84,舌中,1,0
tip_middle_root_1_2_2,Random Forest,青紫,4,84,舌右邊,0,0
tip_middle_root_1_2_2,Random Forest,青紫,4,84,舌尖,1,0
tip_middle_root_1_2_2,Random Forest,青紫,4,84,舌左邊,1,0
tip_middle_root_1_2_2,Random Forest,青紫,4,84,舌根,0,0
tip_middle_root_1_2_2,Random Forest,青紫,4,86,舌右邊,0,0
tip_middle_root_1_2_2,Random Forest,青紫,4,86,舌尖,0,0
tip_middle_root_1_2_2,Random Forest,青紫,4,86,舌左邊,0,0
tip_middle_root_1_2_2,Random Forest,青紫,4,86,舌根,0,0
tip_middle_root_1_2_2,Random Forest,青紫,4,96,舌中,0,0
tip_middle_root_1_2_2,Random Forest,青紫,4,96,舌右邊,0,0
tip_middle_root_1_2_2,Random Forest,青紫,4,96,舌尖,0,0
tip_middle_root_1_2_2,Random Forest,青紫,4,96,舌左邊,0,0
tip_middle_root_1_2_2,Random Forest,青紫,4,96,舌根,0,0
tip_middle_root_1_2_2,Random Forest,青紫,4,98,舌中,0,0
tip_middle_root_1_2_2,Random Forest,青紫,4,98,舌尖,0,1
tip_middle_root_1_2_2,Random Forest,青紫,4,98,舌根,0,0
tip_middle_root_1_2_2,Random Forest,青紫,4,9,舌中,0,0
tip_middle_root_1_2_2,Random Forest,青紫,4,9,舌右邊,0,0
tip_middle_root_1_2_2,Random Forest,青紫,4,9,舌尖,0,0
tip_middle_root_1_2_2,Random Forest,青紫,4,9,舌左邊,0,0
tip_middle_root_1_2_2,Random Forest,青紫,4,9,舌根,0,0
tip_middle_root_1_2_2,Random Forest,青紫,5,10,舌中,0,1
tip_middle_root_1_2_2,Random Forest,青紫,5,10,舌右邊,0,0
tip_middle_root_1_2_2,Random Forest,青紫,5,10,舌尖,0,1
tip_middle_root_1_2_2,Random Forest,青紫,5,10,舌左邊,0,1
tip_middle_root_1_2_2,Random Forest,青紫,5,10,舌根,0,0
tip_middle_root_1_2_2,Random Forest,青紫,5,16,舌中,0,0
tip_middle_root_1_2_2,Random Forest,青紫,5,16,舌右邊,0,1
tip_middle_root_1_2_2,Random Forest,青紫,5,16,舌尖,0,1
tip_middle_root_1_2_2,Random Forest,青紫,5,16,舌左邊,0,1
tip_middle_root_1_2_2,Random Forest,青紫,5,16,舌根,0,0
tip_middle_root_1_2_2,Random Forest,青紫,5,19,舌中,0,0
tip_middle_root_1_2_2,Random Forest,青紫,5,19,舌尖,0,0
tip_middle_root_1_2_2,Random Forest,青紫,5,19,舌左邊,0,0
tip_middle_root_1_2_2,Random Forest,青紫,5,19,舌根,0,0
tip_middle_root_1_2_2,Random Forest,青紫,5,21,舌右邊,0,0
tip_middle_root_1_2_2,Random Forest,青紫,5,21,舌尖,0,0
tip_middle_root_1_2_2,Random Forest,青紫,5,21,舌左邊,0,0
tip_middle_root_1_2_2,Random Forest,青紫,5,21,舌根,0,0
tip_middle_root_1_2_2,Random Forest,青紫,5,2,舌中,0,0
tip_middle_root_1_2_2,Random Forest,青紫,5,2,舌右邊,0,0
tip_middle_root_1_2_2,Random Forest,青紫,5,2,舌尖,0,0
tip_middle_root_1_2_2,Random Forest,青紫,5,2,舌左邊,0,0
tip_middle_root_1_2_2,Random Forest,青紫,5,2,舌根,0,0
tip_middle_root_1_2_2,Random Forest,青紫,5,35,舌中,0,0
tip_middle_root_1_2_2,Random Forest,青紫,5,35,舌尖,1,0
tip_middle_root_1_2_2,Random Forest,青紫,5,35,舌根,0,0
tip_middle_root_1_2_2,Random Forest,青紫,5,40,舌中,0,0
tip_middle_root_1_2_2,Random Forest,青紫,5,40,舌右邊,0,0
tip_middle_root_1_2_2,Random Forest,青紫,5,40,舌尖,1,0
tip_middle_root_1_2_2,Random Forest,青紫,5,40,舌左邊,0,0
tip_middle_root_1_2_2,Random Forest,青紫,5,40,舌根,0,0
tip_middle_root_1_2_2,Random Forest,青紫,5,42,舌尖,0,0
tip_middle_root_1_2_2,Random Forest,青紫,5,42,舌根,0,0
tip_middle_root_1_2_2,Random Forest,青紫,5,44,舌右邊,0,0
tip_middle_root_1_2_2,Random Forest,青紫,5,44,舌尖,0,0
tip_middle_root_1_2_2,Random Forest,青紫,5,44,舌左邊,0,0
tip_middle_root_1_2_2,Random Forest,青紫,5,44,舌根,0,0
tip_middle_root_1_2_2,Random Forest,青紫,5,48,舌根,0,0
tip_middle_root_1_2_2,Random Forest,青紫,5,51,舌中,0,0
tip_middle_root_1_2_2,Random Forest,青紫,5,51,舌右邊,0,0
tip_middle_root_1_2_2,Random Forest,青紫,5,51,舌尖,0,0
tip_middle_root_1_2_2,Random Forest,青紫,5,51,舌左邊,0,0
tip_middle_root_1_2_2,Random Forest,青紫,5,51,舌根,0,0
tip_middle_root_1_2_2,Random Forest,青紫,5,55,舌中,0,0
tip_middle_root_1_2_2,Random Forest,青紫,5,55,舌尖,0,0
tip_middle_root_1_2_2,Random Forest,青紫,5,55,舌根,0,0
tip_middle_root_1_2_2,Random Forest,青紫,5,69,舌右邊,1,1
tip_middle_root_1_2_2,Random Forest,青紫,5,69,舌尖,0,1
tip_middle_root_1_2_2,Random Forest,青紫,5,69,舌左邊,1,1
tip_middle_root_1_2_2,Random Forest,青紫,5,69,舌根,0,0
tip_middle_root_1_2_2,Random Forest,青紫,5,6,舌中,0,1
tip_middle_root_1_2_2,Random Forest,青紫,5,6,舌右邊,0,1
tip_middle_root_1_2_2,Random Forest,青紫,5,6,舌尖,0,0
tip_middle_root_1_2_2,Random Forest,青紫,5,6,舌左邊,0,1
tip_middle_root_1_2_2,Random Forest,青紫,5,6,舌根,0,0
tip_middle_root_1_2_2,Random Forest,青紫,5,71,舌右邊,1,1
tip_middle_root_1_2_2,Random Forest,青紫,5,71,舌尖,1,1
tip_middle_root_1_2_2,Random Forest,青紫,5,71,舌左邊,1,1
tip_middle_root_1_2_2,Random Forest,青紫,5,71,舌根,0,0
tip_middle_root_1_2_2,Random Forest,青紫,5,73,舌中,1,0
tip_middle_root_1_2_2,Random Forest,青紫,5,73,舌右邊,1,1
tip_middle_root_1_2_2,Random Forest,青紫,5,73,舌左邊,1,0
tip_middle_root_1_2_2,Random Forest,青紫,5,74,舌中,0,0
tip_middle_root_1_2_2,Random Forest,青紫,5,74,舌尖,0,1
tip_middle_root_1_2_2,Random Forest,青紫,5,74,舌根,0,0
tip_middle_root_1_2_2,Random Forest,青紫,5,80,舌中,0,0
tip_middle_root_1_2_2,Random Forest,青紫,5,80,舌右邊,0,0
tip_middle_root_1_2_2,Random Forest,青紫,5,80,舌尖,0,0
tip_middle_root_1_2_2,Random Forest,青紫,5,80,舌左邊,0,0
tip_middle_root_1_2_2,Random Forest,青紫,5,80,舌根,0,0
tip_middle_root_1_2_2,Random Forest,青紫,5,93,舌中,0,0
tip_middle_root_1_2_2,Random Forest,青紫,5,93,舌右邊,0,1
tip_middle_root_1_2_2,Random Forest,青紫,5,93,舌尖,0,0
tip_middle_root_1_2_2,Random Forest,青紫,5,93,舌左邊,0,1
tip_middle_root_1_2_2,Random Forest,青紫,5,93,舌根,0,0
tip_middle_root_1_2_2,Random Forest,青紫,5,97,舌中,0,0
tip_middle_root_1_2_2,Random Forest,青紫,5,97,舌尖,0,0
tip_middle_root_1_2_2,Random Forest,青紫,5,97,舌左邊,0,1
tip_middle_root_1_2_2,Random Forest,青紫,5,97,舌根,0,0
tip_middle_root_1_3_1,SVM,青紫,1,100,舌尖,1,0
tip_middle_root_1_3_1,SVM,青紫,1,100,舌根,0,0
tip_middle_root_1_3_1,SVM,青紫,1,18,舌中,0,0
tip_middle_root_1_3_1,SVM,青紫,1,18,舌尖,0,0
tip_middle_root_1_3_1,SVM,青紫,1,18,舌根,0,0
tip_middle_root_1_3_1,SVM,青紫,1,24,舌中,0,0
tip_middle_root_1_3_1,SVM,青紫,1,24,舌尖,1,0
tip_middle_root_1_3_1,SVM,青紫,1,24,舌根,0,0
tip_middle_root_1_3_1,SVM,青紫,1,26,舌中,0,0
tip_middle_root_1_3_1,SVM,青紫,1,26,舌尖,0,0
tip_middle_root_1_3_1,SVM,青紫,1,26,舌根,0,0
tip_middle_root_1_3_1,SVM,青紫,1,28,舌中,0,0
tip_middle_root_1_3_1,SVM,青紫,1,28,舌右邊,0,0
tip_middle_root_1_3_1,SVM,青紫,1,28,舌尖,0,0
tip_middle_root_1_3_1,SVM,青紫,1,28,舌左邊,0,0
tip_middle_root_1_3_1,SVM,青紫,1,28,舌根,0,0
tip_middle_root_1_3_1,SVM,青紫,1,29,舌中,0,0
tip_middle_root_1_3_1,SVM,青紫,1,29,舌右邊,0,0
tip_middle_root_1_3_1,SVM,青紫,1,29,舌尖,0,0
tip_middle_root_1_3_1,SVM,青紫,1,29,舌左邊,0,0
tip_middle_root_1_3_1,SVM,青紫,1,29,舌根,0,0
tip_middle_root_1_3_1,SVM,青紫,1,33,舌右邊,0,0
tip_middle_root_1_3_1,SVM,青紫,1,33,舌尖,0,0
tip_middle_root_1_3_1,SVM,青紫,1,33,舌左邊,0,0
tip_middle_root_1_3_1,SVM,青紫,1,33,舌根,0,0
tip_middle_root_1_3_1,SVM,青紫,1,34,舌尖,0,1
tip_middle_root_1_3_1,SVM,青紫,1,34,舌根,0,0
tip_middle_root_1_3_1,SVM,青紫,1,39,舌中,0,0
tip_middle_root_1_3_1,SVM,青紫,1,39,舌尖,0,0
tip_middle_root_1_3_1,SVM,青紫,1,39,舌左邊,0,0
tip_middle_root_1_3_1,SVM,青紫,1,39,舌根,0,0
tip_middle_root_1_3_1,SVM,青紫,1,52,舌中,0,0
tip_middle_root_1_3_1,SVM,青紫,1,52,舌右邊,0,0
tip_middle_root_1_3_1,SVM,青紫,1,52,舌尖,0,0
tip_middle_root_1_3_1,SVM,青紫,1,52,舌左邊,0,0
tip_middle_root_1_3_1,SVM,青紫,1,52,舌根,0,0
tip_middle_root_1_3_1,SVM,青紫,1,59,舌中,0,0
tip_middle_root_1_3_1,SVM,青紫,1,59,舌右邊,0,0
tip_middle_root_1_3_1,SVM,青紫,1,59,舌尖,0,0
tip_middle_root_1_3_1,SVM,青紫,1,59,舌左邊,0,0
tip_middle_root_1_3_1,SVM,青紫,1,59,舌根,0,0
tip_middle_root_1_3_1,SVM,青紫,1,60,舌右邊,0,0
tip_middle_root_1_3_1,SVM,青紫,1,60,舌左邊,0,1
tip_middle_root_1_3_1,SVM,青紫,1,60,舌根,0,0
tip_middle_root_1_3_1,SVM,青紫,1,61,舌右邊,0,0
tip_middle_root_1_3_1,SVM,青紫,1,61,舌尖,0,0
tip_middle_root_1_3_1,SVM,青紫,1,61,舌左邊,0,0
tip_middle_root_1_3_1,SVM,青紫,1,61,舌根,0,0
tip_middle_root_1_3_1,SVM,青紫,1,68,舌中,1,0
tip_middle_root_1_3_1,SVM,青紫,1,68,舌右邊,1,0
tip_middle_root_1_3_1,SVM,青紫,1,68,舌尖,1,1
tip_middle_root_1_3_1,SVM,青紫,1,68,舌左邊,1,1
tip_middle_root_1_3_1,SVM,青紫,1,68,舌根,1,0
tip_middle_root_1_3_1,SVM,青紫,1,82,舌中,0,0
tip_middle_root_1_3_1,SVM,青紫,1,82,舌根,0,0
tip_middle_root_1_3_1,SVM,青紫,1,83,舌中,0,0
tip_middle_root_1_3_1,SVM,青紫,1,83,舌尖,1,0
tip_middle_root_1_3_1,SVM,青紫,1,83,舌根,0,0
tip_middle_root_1_3_1,SVM,青紫,1,85,舌中,0,0
tip_middle_root_1_3_1,SVM,青紫,1,85,舌右邊,1,1
tip_middle_root_1_3_1,SVM,青紫,1,85,舌尖,0,0
tip_middle_root_1_3_1,SVM,青紫,1,85,舌根,0,0
tip_middle_root_1_3_1,SVM,青紫,1,89,舌中,0,0
tip_middle_root_1_3_1,SVM,青紫,1,89,舌尖,0,0
tip_middle_root_1_3_1,SVM,青紫,1,89,舌根,0,0
tip_middle_root_1_3_1,SVM,青紫,1,8,舌中,0,0
tip_middle_root_1_3_1,SVM,青紫,1,8,舌右邊,0,1
tip_middle_root_1_3_1,SVM,青紫,1,8,舌尖,0,0
tip_middle_root_1_3_1,SVM,青紫,1,8,舌左邊,0,0
tip_middle_root_1_3_1,SVM,青紫,1,8,舌根,0,0
tip_middle_root_1_3_1,SVM,青紫,1,95,舌中,0,0
tip_middle_root_1_3_1,SVM,青紫,1,95,舌右邊,0,0
tip_middle_root_1_3_1,SVM,青紫,1,95,舌尖,0,0
tip_middle_root_1_3_1,SVM,青紫,1,95,舌左邊,0,1
tip_middle_root_1_3_1,SVM,青紫,1,95,舌根,0,1
tip_middle_root_1_3_1,SVM,青紫,1,99,舌中,0,0
tip_middle_root_1_3_1,SVM,青紫,1,99,舌右邊,0,0
tip_middle_root_1_3_1,SVM,青紫,1,99,舌尖,0,0
tip_middle_root_1_3_1,SVM,青紫,1,99,舌左邊,0,0
tip_middle_root_1_3_1,SVM,青紫,1,99,舌根,0,0
tip_middle_root_1_3_1,SVM,青紫,2,14,舌中,0,0
tip_middle_root_1_3_1,SVM,青紫,2,14,舌右邊,0,1
tip_middle_root_1_3_1,SVM,青紫,2,14,舌尖,0,1
tip_middle_root_1_3_1,SVM,青紫,2,14,舌左邊,0,0
tip_middle_root_1_3_1,SVM,青紫,2,14,舌根,0,0
tip_middle_root_1_3_1,SVM,青紫,2,1,舌中,0,1
tip_middle_root_1_3_1,SVM,青紫,2,1,舌右邊,0,1
tip_middle_root_1_3_1,SVM,青紫,2,1,舌尖,1,1
tip_middle_root_1_3_1,SVM,青紫,2,1,舌根,0,0
tip_middle_root_1_3_1,SVM,青紫,2,22,舌中,0,0
tip_middle_root_1_3_1,SVM,青紫,2,22,舌右邊,0,0
tip_middle_root_1_3_1,SVM,青紫,2,22,舌左邊,0,1
tip_middle_root_1_3_1,SVM,青紫,2,22,舌根,0,0
tip_middle_root_1_3_1,SVM,青紫,2,25,舌中,0,0
tip_middle_root_1_3_1,SVM,青紫,2,25,舌右邊,0,0
tip_middle_root_1_3_1,SVM,青紫,2,25,舌尖,0,1
tip_middle_root_1_3_1,SVM,青紫,2,25,舌左邊,0,1
tip_middle_root_1_3_1,SVM,青紫,2,25,舌根,0,0
tip_middle_root_1_3_1,SVM,青紫,2,27,舌中,0,0
tip_middle_root_1_3_1,SVM,青紫,2,27,舌右邊,0,0
tip_middle_root_1_3_1,SVM,青紫,2,27,舌左邊,0,0
tip_middle_root_1_3_1,SVM,青紫,2,27,舌根,0,0
tip_middle_root_1_3_1,SVM,青紫,2,31,舌中,0,0
tip_middle_root_1_3_1,SVM,青紫,2,31,舌右邊,0,0
tip_middle_root_1_3_1,SVM,青紫,2,31,舌尖,0,0
tip_middle_root_1_3_1,SVM,青紫,2,31,舌左邊,0,0
tip_middle_root_1_3_1,SVM,青紫,2,31,舌根,0,0
tip_middle_root_1_3_1,SVM,青紫,2,37,舌中,1,0
tip_middle_root_1_3_1,SVM,青紫,2,37,舌右邊,0,0
tip_middle_root_1_3_1,SVM,青紫,2,37,舌尖,0,1
tip_middle_root_1_3_1,SVM,青紫,2,37,舌左邊,0,1
tip_middle_root_1_3_1,SVM,青紫,2,37,舌根,0,0
tip_middle_root_1_3_1,SVM,青紫,2,38,舌中,0,0
tip_middle_root_1_3_1,SVM,青紫,2,38,舌右邊,0,0
tip_middle_root_1_3_1,SVM,青紫,2,38,舌尖,0,0
tip_middle_root_1_3_1,SVM,青紫,2,38,舌左邊,0,0
tip_middle_root_1_3_1,SVM,青紫,2,38,舌根,0,0
tip_middle_root_1_3_1,SVM,青紫,2,3,舌中,0,0
tip_middle_root_1_3_1,SVM,青紫,2,3,舌右邊,0,1
tip_middle_root_1_3_1,SVM,青紫,2,3,舌尖,0,1
tip_middle_root_1_3_1,SVM,青紫,2,3,舌左邊,0,1
tip_middle_root_1_3_1,SVM,青紫,2,3,舌根,1,0
tip_middle_root_1_3_1,SVM,青紫,2,41,舌中,0,0
tip_middle_root_1_3_1,SVM,青紫,2,41,舌尖,0,0
tip_middle_root_1_3_1,SVM,青紫,2,41,舌根,0,0
tip_middle_root_1_3_1,SVM,青紫,2,43,舌中,0,0
tip_middle_root_1_3_1,SVM,青紫,2,43,舌右邊,1,0
tip_middle_root_1_3_1,SVM,青紫,2,43,舌尖,0,0
tip_middle_root_1_3_1,SVM,青紫,2,43,舌根,0,0
tip_middle_root_1_3_1,SVM,青紫,2,47,舌中,0,0
tip_middle_root_1_3_1,SVM,青紫,2,47,舌右邊,0,0
tip_middle_root_1_3_1,SVM,青紫,2,47,舌尖,0,0
tip_middle_root_1_3_1,SVM,青紫,2,47,舌左邊,0,0
tip_middle_root_1_3_1,SVM,青紫,2,47,舌根,0,0
tip_middle_root_1_3_1,SVM,青紫,2,53,舌中,0,0
tip_middle_root_1_3_1,SVM,青紫,2,53,舌右邊,0,0
tip_middle_root_1_3_1,SVM,青紫,2,53,舌尖,0,0
tip_middle_root_1_3_1,SVM,青紫,2,53,舌左邊,0,0
tip_middle_root_1_3_1,SVM,青紫,2,53,舌根,0,0
tip_middle_root_1_3_1,SVM,青紫,2,54,舌中,0,1
tip_middle_root_1_3_1,SVM,青紫,2,54,舌右邊,0,1
tip_middle_root_1_3_1,SVM,青紫,2,54,舌尖,0,0
tip_middle_root_1_3_1,SVM,青紫,2,54,舌左邊,0,1
tip_middle_root_1_3_1,SVM,青紫,2,54,舌根,0,0
tip_middle_root_1_3_1,SVM,青紫,2,57,舌中,0,1
tip_middle_root_1_3_1,SVM,青紫,2,57,舌右邊,0,1
tip_middle_root_1_3_1,SVM,青紫,2,57,舌尖,1,1
tip_middle_root_1_3_1,SVM,青紫,2,57,舌根,0,0
tip_middle_root_1_3_1,SVM,青紫,2,58,舌中,0,0
tip_middle_root_1_3_1,SVM,青紫,2,58,舌右邊,0,0
tip_middle_root_1_3_1,SVM,青紫,2,58,舌左邊,0,0
tip_middle_root_1_3_1,SVM,青紫,2,58,舌根,0,0
tip_middle_root_1_3_1,SVM,青紫,2,72,舌中,0,0
tip_middle_root_1_3_1,SVM,青紫,2,72,舌右邊,0,0
tip_middle_root_1_3_1,SVM,青紫,2,72,舌左邊,0,0
tip_middle_root_1_3_1,SVM,青紫,2,72,舌根,0,0
tip_middle_root_1_3_1,SVM,青紫,2,81,舌中,0,0
tip_middle_root_1_3_1,SVM,青紫,2,81,舌右邊,1,0
tip_middle_root_1_3_1,SVM,青紫,2,81,舌尖,1,0
tip_middle_root_1_3_1,SVM,青紫,2,81,舌左邊,1,0
tip_middle_root_1_3_1,SVM,青紫,2,81,舌根,0,0
tip_middle_root_1_3_1,SVM,青紫,2,91,舌中,0,0
tip_middle_root_1_3_1,SVM,青紫,2,91,舌右邊,1,0
tip_middle_root_1_3_1,SVM,青紫,2,91,舌左邊,1,0
tip_middle_root_1_3_1,SVM,青紫,2,91,舌根,0,0
tip_middle_root_1_3_1,SVM,青紫,3,13,舌中,0,0
tip_middle_root_1_3_1,SVM,青紫,3,13,舌根,0,0
tip_middle_root_1_3_1,SVM,青紫,3,17,舌中,0,1
tip_middle_root_1_3_1,SVM,青紫,3,17,舌右邊,0,1
tip_middle_root_1_3_1,SVM,青紫,3,17,舌根,0,0
tip_middle_root_1_3_1,SVM,青紫,3,20,舌右邊,0,1
tip_middle_root_1_3_1,SVM,青紫,3,20,舌尖,0,0
tip_middle_root_1_3_1,SVM,青紫,3,20,舌左邊,0,1
tip_middle_root_1_3_1,SVM,青紫,3,20,舌根,0,0
tip_middle_root_1_3_1,SVM,青紫,3,30,舌右邊,0,1
tip_middle_root_1_3_1,SVM,青紫,3,30,舌左邊,0,1
tip_middle_root_1_3_1,SVM,青紫,3,30,舌根,0,0
tip_middle_root_1_3_1,SVM,青紫,3,32,舌中,0,1
tip_middle_root_1_3_1,SVM,青紫,3,32,舌尖,0,0
tip_middle_root_1_3_1,SVM,青紫,3,32,舌左邊,0,1
tip_middle_root_1_3_1,SVM,青紫,3,32,舌根,0,1
tip_middle_root_1_3_1,SVM,青紫,3,36,舌中,0,0
tip_middle_root_1_3_1,SVM,青紫,3,36,舌右邊,0,0
tip_middle_root_1_3_1,SVM,青紫,3,36,舌尖,0,0
tip_middle_root_1_3_1,SVM,青紫,3,36,舌左邊,0,0
tip_middle_root_1_3_1,SVM,青紫,3,36,舌根,0,0
tip_middle_root_1_3_1,SVM,青紫,3,45,舌中,0,0
tip_middle_root_1_3_1,SVM,青紫,3,45,舌右邊,0,0
tip_middle_root_1_3_1,SVM,青紫,3,45,舌尖,0,1
tip_middle_root_1_3_1,SVM,青紫,3,45,舌左邊,0,0
tip_middle_root_1_3_1,SVM,青紫,3,45,舌根,0,0
tip_middle_root_1_3_1,SVM,青紫,3,4,舌中,0,0
tip_middle_root_1_3_1,SVM,青紫,3,4,舌右邊,0,1
tip_middle_root_1_3_1,SVM,青紫,3,4,舌尖,0,0
tip_middle_root_1_3_1,SVM,青紫,3,4,舌左邊,0,0
tip_middle_root_1_3_1,SVM,青紫,3,4,舌根,0,0
tip_middle_root_1_3_1,SVM,青紫,3,50,舌中,1,1
tip_middle_root_1_3_1,SVM,青紫,3,50,舌右邊,1,1
tip_middle_root_1_3_1,SVM,青紫,3,50,舌左邊,1,1
tip_middle_root_1_3_1,SVM,青紫,3,50,舌根,0,0
tip_middle_root_1_3_1,SVM,青紫,3,56,舌中,0,0
tip_middle_root_1_3_1,SVM,青紫,3,56,舌尖,0,0
tip_middle_root_1_3_1,SVM,青紫,3,56,舌左邊,0,0
tip_middle_root_1_3_1,SVM,青紫,3,56,舌根,0,0
tip_middle_root_1_3_1,SVM,青紫,3,64,舌根,0,0
tip_middle_root_1_3_1,SVM,青紫,3,65,舌中,0,0
tip_middle_root_1_3_1,SVM,青紫,3,65,舌右邊,0,0
tip_middle_root_1_3_1,SVM,青紫,3,65,舌尖,0,0
tip_middle_root_1_3_1,SVM,青紫,3,65,舌左邊,0,0
tip_middle_root_1_3_1,SVM,青紫,3,65,舌根,0,0
tip_middle_root_1_3_1,SVM,青紫,3,67,舌中,0,0
tip_middle_root_1_3_1,SVM,青紫,3,67,舌右邊,0,0
tip_middle_root_1_3_1,SVM,青紫,3,67,舌尖,0,0
tip_middle_root_1_3_1,SVM,青紫,3,67,舌左邊,0,0
tip_middle_root_1_3_1,SVM,青紫,3,67,舌根,0,0
tip_middle_root_1_3_1,SVM,青紫,3,76,舌中,0,0
tip_middle_root_1_3_1,SVM,青紫,3,76,舌左邊,0,0
tip_middle_root_1_3_1,SVM,青紫,3,76,舌根,0,0
tip_middle_root_1_3_1,SVM,青紫,3,7,舌中,0,0
tip_middle_root_1_3_1,SVM,青紫,3,7,舌右邊,0,0
tip_middle_root_1_3_1,SVM,青紫,3,7,舌尖,0,0
tip_middle_root_1_3_1,SVM,青紫,3,7,舌左邊,0,1
tip_middle_root_1_3_1,SVM,青紫,3,7,舌根,0,0
tip_middle_root_1_3_1,SVM,青紫,3,87,舌中,0,0
tip_middle_root_1_3_1,SVM,青紫,3,87,舌根,0,0
tip_middle_root_1_3_1,SVM,青紫,3,88,舌中,0,0
tip_middle_root_1_3_1,SVM,青紫,3,88,舌右邊,0,1
tip_middle_root_1_3_1,SVM,青紫,3,88,舌尖,0,0
tip_middle_root_1_3_1,SVM,青紫,3,88,舌左邊,0,0
tip_middle_root_1_3_1,SVM,青紫,3,88,舌根,0,0
tip_middle_root_1_3_1,SVM,青紫,3,90,舌右邊,0,0
tip_middle_root_1_3_1,SVM,青紫,3,90,舌左邊,0,0
tip_middle_root_1_3_1,SVM,青紫,3,90,舌根,0,1
tip_middle_root_1_3_1,SVM,青紫,3,92,舌中,1,1
tip_middle_root_1_3_1,SVM,青紫,3,92,舌尖,1,1
tip_middle_root_1_3_1,SVM,青紫,3,92,舌根,0,0
tip_middle_root_1_3_1,SVM,青紫,3,94,舌中,1,1
tip_middle_root_1_3_1,SVM,青紫,3,94,舌右邊,1,0
tip_middle_root_1_3_1,SVM,青紫,3,94,舌尖,1,1
tip_middle_root_1_3_1,SVM,青紫,3,94,舌左邊,1,1
tip_middle_root_1_3_1,SVM,青紫,3,94,舌根,1,1
tip_middle_root_1_3_1,SVM,青紫,4,11,舌中,0,1
tip_middle_root_1_3_1,SVM,青紫,4,11,舌右邊,0,1
tip_middle_root_1_3_1,SVM,青紫,4,11,舌尖,0,1
tip_middle_root_1_3_1,SVM,青紫,4,11,舌左邊,0,1
tip_middle_root_1_3_1,SVM,青紫,4,11,舌根,0,0
tip_middle_root_1_3_1,SVM,青紫,4,12,舌中,0,1
tip_middle_root_1_3_1,SVM,青紫,4,12,舌右邊,0,1
tip_middle_root_1_3_1,SVM,青紫,4,12,舌尖,0,1
tip_middle_root_1_3_1,SVM,青紫,4,12,舌左邊,0,1
tip_middle_root_1_3_1,SVM,青紫,4,12,舌根,0,1
tip_middle_root_1_3_1,SVM,青紫,4,15,舌中,0,1
tip_middle_root_1_3_1,SVM,青紫,4,15,舌右邊,0,1
tip_middle_root_1_3_1,SVM,青紫,4,15,舌尖,0,1
tip_middle_root_1_3_1,SVM,青紫,4,15,舌左邊,0,1
tip_middle_root_1_3_1,SVM,青紫,4,15,舌根,0,0
tip_middle_root_1_3_1,SVM,青紫,4,23,舌中,0,0
tip_middle_root_1_3_1,SVM,青紫,4,23,舌尖,0,0
tip_middle_root_1_3_1,SVM,青紫,4,23,舌根,0,0
tip_middle_root_1_3_1,SVM,青紫,4,46,舌右邊,0,1
tip_middle_root_1_3_1,SVM,青紫,4,46,舌尖,0,0
tip_middle_root_1_3_1,SVM,青紫,4,46,舌左邊,0,0
tip_middle_root_1_3_1,SVM,青紫,4,46,舌根,0,0
tip_middle_root_1_3_1,SVM,青紫,4,49,舌中,1,0
tip_middle_root_1_3_1,SVM,青紫,4,49,舌右邊,1,1
tip_middle_root_1_3_1,SVM,青紫,4,49,舌尖,1,1
tip_middle_root_1_3_1,SVM,青紫,4,49,舌左邊,1,0
tip_middle_root_1_3_1,SVM,青紫,4,5,舌右邊,0,1
tip_middle_root_1_3_1,SVM,青紫,4,5,舌尖,0,1
tip_middle_root_1_3_1,SVM,青紫,4,5,舌左邊,0,1
tip_middle_root_1_3_1,SVM,青紫,4,62,舌中,1,0
tip_middle_root_1_3_1,SVM,青紫,4,62,舌根,0,0
tip_middle_root_1_3_1,SVM,青紫,4,63,舌中,0,0
tip_middle_root_1_3_1,SVM,青紫,4,63,舌根,0,0
tip_middle_root_1_3_1,SVM,青紫,4,66,舌中,0,0
tip_middle_root_1_3_1,SVM,青紫,4,66,舌右邊,0,1
tip_middle_root_1_3_1,SVM,青紫,4,66,舌尖,0,1
tip_middle_root_1_3_1,SVM,青紫,4,66,舌左邊,0,1
tip_middle_root_1_3_1,SVM,青紫,4,66,舌根,0,0
tip_middle_root_1_3_1,SVM,青紫,4,70,舌中,0,0
tip_middle_root_1_3_1,SVM,青紫,4,70,舌右邊,0,1
tip_middle_root_1_3_1,SVM,青紫,4,70,舌尖,0,1
tip_middle_root_1_3_1,SVM,青紫,4,70,舌左邊,0,1
tip_middle_root_1_3_1,SVM,青紫,4,70,舌根,0,0
tip_middle_root_1_3_1,SVM,青紫,4,75,舌右邊,0,0
tip_middle_root_1_3_1,SVM,青紫,4,75,舌尖,0,0
tip_middle_root_1_3_1,SVM,青紫,4,75,舌左邊,0,0
tip_middle_root_1_3_1,SVM,青紫,4,75,舌根,0,0
tip_middle_root_1_3_1,SVM,青紫,4,77,舌右邊,0,0
tip_middle_root_1_3_1,SVM,青紫,4,77,舌根,0,0
tip_middle_root_1_3_1,SVM,青紫,4,78,舌中,1,0
tip_middle_root_1_3_1,SVM,青紫,4,78,舌右邊,0,0
tip_middle_root_1_3_1,SVM,青紫,4,78,舌左邊,0,0
tip_middle_root_1_3_1,SVM,青紫,4,78,舌根,0,0
tip_middle_root_1_3_1,SVM,青紫,4,79,舌中,0,0
tip_middle_root_1_3_1,SVM,青紫,4,79,舌尖,0,0
tip_middle_root_1_3_1,SVM,青紫,4,79,舌根,0,0
tip_middle_root_1_3_1,SVM,青紫,4,84,舌中,1,0
tip_middle_root_1_3_1,SVM,青紫,4,84,舌右邊,0,0
tip_middle_root_1_3_1,SVM,青紫,4,84,舌尖,1,0
tip_middle_root_1_3_1,SVM,青紫,4,84,舌左邊,1,0
tip_middle_root_1_3_1,SVM,青紫,4,84,舌根,0,0
tip_middle_root_1_3_1,SVM,青紫,4,86,舌右邊,0,0
tip_middle_root_1_3_1,SVM,青紫,4,86,舌尖,0,0
tip_middle_root_1_3_1,SVM,青紫,4,86,舌左邊,0,0
tip_middle_root_1_3_1,SVM,青紫,4,86,舌根,0,0
tip_middle_root_1_3_1,SVM,青紫,4,96,舌中,0,0
tip_middle_root_1_3_1,SVM,青紫,4,96,舌右邊,0,0
tip_middle_root_1_3_1,SVM,青紫,4,96,舌尖,0,1
tip_middle_root_1_3_1,SVM,青紫,4,96,舌左邊,0,0
tip_middle_root_1_3_1,SVM,青紫,4,96,舌根,0,0
tip_middle_root_1_3_1,SVM,青紫,4,98,舌中,0,0
tip_middle_root_1_3_1,SVM,青紫,4,98,舌尖,0,1
tip_middle_root_1_3_1,SVM,青紫,4,98,舌根,0,0
tip_middle_root_1_3_1,SVM,青紫,4,9,舌中,0,1
tip_middle_root_1_3_1,SVM,青紫,4,9,舌右邊,0,0
tip_middle_root_1_3_1,SVM,青紫,4,9,舌尖,0,0
tip_middle_root_1_3_1,SVM,青紫,4,9,舌左邊,0,0
tip_middle_root_1_3_1,SVM,青紫,4,9,舌根,0,0
tip_middle_root_1_3_1,SVM,青紫,5,10,舌中,0,1
tip_middle_root_1_3_1,SVM,青紫,5,10,舌右邊,0,1
tip_middle_root_1_3_1,SVM,青紫,5,10,舌尖,0,1
tip_middle_root_1_3_1,SVM,青紫,5,10,舌左邊,0,1
tip_middle_root_1_3_1,SVM,青紫,5,10,舌根,0,0
tip_middle_root_1_3_1,SVM,青紫,5,16,舌中,0,1
tip_middle_root_1_3_1,SVM,青紫,5,16,舌右邊,0,1
tip_middle_root_1_3_1,SVM,青紫,5,16,舌尖,0,1
tip_middle_root_1_3_1,SVM,青紫,5,16,舌左邊,0,1
tip_middle_root_1_3_1,SVM,青紫,5,16,舌根,0,0
tip_middle_root_1_3_1,SVM,青紫,5,19,舌中,0,0
tip_middle_root_1_3_1,SVM,青紫,5,19,舌尖,0,0
tip_middle_root_1_3_1,SVM,青紫,5,19,舌左邊,0,0
tip_middle_root_1_3_1,SVM,青紫,5,19,舌根,0,0
tip_middle_root_1_3_1,SVM,青紫,5,21,舌右邊,0,0
tip_middle_root_1_3_1,SVM,青紫,5,21,舌尖,0,0
tip_middle_root_1_3_1,SVM,青紫,5,21,舌左邊,0,0
tip_middle_root_1_3_1,SVM,青紫,5,21,舌根,0,0
tip_middle_root_1_3_1,SVM,青紫,5,2,舌中,0,0
tip_middle_root_1_3_1,SVM,青紫,5,2,舌右邊,0,0
tip_middle_root_1_3_1,SVM,青紫,5,2,舌尖,0,0
tip_middle_root_1_3_1,SVM,青紫,5,2,舌左邊,0,0
tip_middle_root_1_3_1,SVM,青紫,5,2,舌根,0,0
tip_middle_root_1_3_1,SVM,青紫,5,35,舌中,0,1
tip_middle_root_1_3_1,SVM,青紫,5,35,舌尖,1,0
tip_middle_root_1_3_1,SVM,青紫,5,35,舌根,0,0
tip_middle_root_1_3_1,SVM,青紫,5,40,舌中,0,0
tip_middle_root_1_3_1,SVM,青紫,5,40,舌右邊,0,0
tip_middle_root_1_3_1,SVM,青紫,5,40,舌尖,1,0
tip_middle_root_1_3_1,SVM,青紫,5,40,舌左邊,0,0
tip_middle_root_1_3_1,SVM,青紫,5,40,舌根,0,0
tip_middle_root_1_3_1,SVM,青紫,5,42,舌尖,0,0
tip_middle_root_1_3_1,SVM,青紫,5,42,舌根,0,0
tip_middle_root_1_3_1,SVM,青紫,5,44,舌右邊,0,0
tip_middle_root_1_3_1,SVM,青紫,5,44,舌尖,0,0
tip_middle_root_1_3_1,SVM,青紫,5,44,舌左邊,0,0
tip_middle_root_1_3_1,SVM,青紫,5,44,舌根,0,0
tip_middle_root_1_3_1,SVM,青紫,5,48,舌根,0,0
tip_middle_root_1_3_1,SVM,青紫,5,51,舌中,0,0
tip_middle_root_1_3_1,SVM,青紫,5,51,舌右邊,0,0
tip_middle_root_1_3_1,SVM,青紫,5,51,舌尖,0,0
tip_middle_root_1_3_1,SVM,青紫,5,51,舌左邊,0,0
tip_middle_root_1_3_1,SVM,青紫,5,51,舌根,0,0
tip_middle_root_1_3_1,SVM,青紫,5,55,舌中,0,0
tip_middle_root_1_3_1,SVM,青紫,5,55,舌尖,0,0
tip_middle_root_1_3_1,SVM,青紫,5,55,舌根,0,0
tip_middle_root_1_3_1,SVM,青紫,5,69,舌右邊,1,1
tip_middle_root_1_3_1,SVM,青紫,5,69,舌尖,0,1
tip_middle_root_1_3_1,SVM,青紫,5,69,舌左邊,1,1
tip_middle_root_1_3_1,SVM,青紫,5,69,舌根,0,0
tip_middle_root_1_3_1,SVM,青紫,5,6,舌中,0,1
tip_middle_root_1_3_1,SVM,青紫,5,6,舌右邊,0,1
tip_middle_root_1_3_1,SVM,青紫,5,6,舌尖,0,1
tip_middle_root_1_3_1,SVM,青紫,5,6,舌左邊,0,1
tip_middle_root_1_3_1,SVM,青紫,5,6,舌根,0,0
tip_middle_root_1_3_1,SVM,青紫,5,71,舌右邊,1,1
tip_middle_root_1_3_1,SVM,青紫,5,71,舌尖,1,1
tip_middle_root_1_3_1,SVM,青紫,5,71,舌左邊,1,1
tip_middle_root_1_3_1,SVM,青紫,5,71,舌根,0,1
tip_middle_root_1_3_1,SVM,青紫,5,73,舌中,1,1
tip_middle_root_1_3_1,SVM,青紫,5,73,舌右邊,1,1
tip_middle_root_1_3_1,SVM,青紫,5,73,舌左邊,1,1
tip_middle_root_1_3_1,SVM,青紫,5,74,舌中,0,0
tip_middle_root_1_3_1,SVM,青紫,5,74,舌尖,0,1
tip_middle_root_1_3_1,SVM,青紫,5,74,舌根,0,0
tip_middle_root_1_3_1,SVM,青紫,5,80,舌中,0,0
tip_middle_root_1_3_1,SVM,青紫,5,80,舌右邊,0,0
tip_middle_root_1_3_1,SVM,青紫,5,80,舌尖,0,0
tip_middle_root_1_3_1,SVM,青紫,5,80,舌左邊,0,0
tip_middle_root_1_3_1,SVM,青紫,5,80,舌根,0,0
tip_middle_root_1_3_1,SVM,青紫,5,93,舌中,0,0
tip_middle_root_1_3_1,SVM,青紫,5,93,舌右邊,0,1
tip_middle_root_1_3_1,SVM,青紫,5,93,舌尖,0,0
tip_middle_root_1_3_1,SVM,青紫,5,93,舌左邊,0,1
tip_middle_root_1_3_1,SVM,青紫,5,93,舌根,0,0
tip_middle_root_1_3_1,SVM,青紫,5,97,舌中,0,0
tip_middle_root_1_3_1,SVM,青紫,5,97,舌尖,0,1
tip_middle_root_1_3_1,SVM,青紫,5,97,舌左邊,0,1
tip_middle_root_1_3_1,SVM,青紫,5,97,舌根,0,1
tip_middle_root_1_3_1,Random Forest,青紫,1,100,舌尖,1,0
tip_middle_root_1_3_1,Random Forest,青紫,1,100,舌根,0,0
tip_middle_root_1_3_1,Random Forest,青紫,1,18,舌中,0,0
tip_middle_root_1_3_1,Random Forest,青紫,1,18,舌尖,0,0
tip_middle_root_1_3_1,Random Forest,青紫,1,18,舌根,0,0
tip_middle_root_1_3_1,Random Forest,青紫,1,24,舌中,0,0
tip_middle_root_1_3_1,Random Forest,青紫,1,24,舌尖,1,0
tip_middle_root_1_3_1,Random Forest,青紫,1,24,舌根,0,0
tip_middle_root_1_3_1,Random Forest,青紫,1,26,舌中,0,0
tip_middle_root_1_3_1,Random Forest,青紫,1,26,舌尖,0,0
tip_middle_root_1_3_1,Random Forest,青紫,1,26,舌根,0,0
tip_middle_root_1_3_1,Random Forest,青紫,1,28,舌中,0,0
tip_middle_root_1_3_1,Random Forest,青紫,1,28,舌右邊,0,0
tip_middle_root_1_3_1,Random Forest,青紫,1,28,舌尖,0,0
tip_middle_root_1_3_1,Random Forest,青紫,1,28,舌左邊,0,0
tip_middle_root_1_3_1,Random Forest,青紫,1,28,舌根,0,0
tip_middle_root_1_3_1,Random Forest,青紫,1,29,舌中,0,0
tip_middle_root_1_3_1,Random Forest,青紫,1,29,舌右邊,0,0
tip_middle_root_1_3_1,Random Forest,青紫,1,29,舌尖,0,0
tip_middle_root_1_3_1,Random Forest,青紫,1,29,舌左邊,0,0
tip_middle_root_1_3_1,Random Forest,青紫,1,29,舌根,0,0
tip_middle_root_1_3_1,Random Forest,青紫,1,33,舌右邊,0,0
tip_middle_root_1_3_1,Random Forest,青紫,1,33,舌尖,0,0
tip_middle_root_1_3_1,Random Forest,青紫,1,33,舌左邊,0,0
tip_middle_root_1_3_1,Random Forest,青紫,1,33,舌根,0,0
tip_middle_root_1_3_1,Random Forest,青紫,1,34,舌尖,0,1
tip_middle_root_1_3_1,Random Forest,青紫,1,34,舌根,0,0
tip_middle_root_1_3_1,Random Forest,青紫,1,39,舌中,0,0
tip_middle_root_1_3_1,Random Forest,青紫,1,39,舌尖,0,0
tip_middle_root_1_3_1,Random Forest,青紫,1,39,舌左邊,0,0
tip_middle_root_1_3_1,Random Forest,青紫,1,39,舌根,0,0
tip_middle_root_1_3_1,Random Forest,青紫,1,52,舌中,0,0
tip_middle_root_1_3_1,Random Forest,青紫,1,52,舌右邊,0,0
tip_middle_root_1_3_1,Random Forest,青紫,1,52,舌尖,0,0
tip_middle_root_1_3_1,Random Forest,青紫,1,52,舌左邊,0,0
tip_middle_root_1_3_1,Random Forest,青紫,1,52,舌根,0,0
tip_middle_root_1_3_1,Random Forest,青紫,1,59,舌中,0,0
tip_middle_root_1_3_1,Random Forest,青紫,1,59,舌右邊,0,0
tip_middle_root_1_3_1,Random Forest,青紫,1,59,舌尖,0,0
tip_middle_root_1_3_1,Random Forest,青紫,1,59,舌左邊,0,0
tip_middle_root_1_3_1,Random Forest,青紫,1,59,舌根,0,0
tip_middle_root_1_3_1,Random Forest,青紫,1,60,舌右邊,0,0
tip_middle_root_1_3_1,Random Forest,青紫,1,60,舌左邊,0,0
tip_middle_root_1_3_1,Random Forest,青紫,1,60,舌根,0,0
tip_middle_root_1_3_1,Random Forest,青紫,1,61,舌右邊,0,0
tip_middle_root_1_3_1,Random Forest,青紫,1,61,舌尖,0,0
tip_middle_root_1_3_1,Random Forest,青紫,1,61,舌左邊,0,0
tip_middle_root_1_3_1,Random Forest,青紫,1,61,舌根,0,0
tip_middle_root_1_3_1,Random Forest,青紫,1,68,舌中,1,0
tip_middle_root_1_3_1,Random Forest,青紫,1,68,舌右邊,1,0
tip_middle_root_1_3_1,Random Forest,青紫,1,68,舌尖,1,0
tip_middle_root_1_3_1,Random Forest,青紫,1,68,舌左邊,1,1
tip_middle_root_1_3_1,Random Forest,青紫,1,68,舌根,1,0
tip_middle_root_1_3_1,Random Forest,青紫,1,82,舌中,0,0
tip_middle_root_1_3_1,Random Forest,青紫,1,82,舌根,0,0
tip_middle_root_1_3_1,Random Forest,青紫,1,83,舌中,0,0
tip_middle_root_1_3_1,Random Forest,青紫,1,83,舌尖,1,0
tip_middle_root_1_3_1,Random Forest,青紫,1,83,舌根,0,0
tip_middle_root_1_3_1,Random Forest,青紫,1,85,舌中,0,0
tip_middle_root_1_3_1,Random Forest,青紫,1,85,舌右邊,1,0
tip_middle_root_1_3_1,Random Forest,青紫,1,85,舌尖,0,0
tip_middle_root_1_3_1,Random Forest,青紫,1,85,舌根,0,0
tip_middle_root_1_3_1,Random Forest,青紫,1,89,舌中,0,0
tip_middle_root_1_3_1,Random Forest,青紫,1,89,舌尖,0,0
tip_middle_root_1_3_1,Random Forest,青紫,1,89,舌根,0,0
tip_middle_root_1_3_1,Random Forest,青紫,1,8,舌中,0,0
tip_middle_root_1_3_1,Random Forest,青紫,1,8,舌右邊,0,0
tip_middle_root_1_3_1,Random Forest,青紫,1,8,舌尖,0,0
tip_middle_root_1_3_1,Random Forest,青紫,1,8,舌左邊,0,0
tip_middle_root_1_3_1,Random Forest,青紫,1,8,舌根,0,0
tip_middle_root_1_3_1,Random Forest,青紫,1,95,舌中,0,0
tip_middle_root_1_3_1,Random Forest,青紫,1,95,舌右邊,0,0
tip_middle_root_1_3_1,Random Forest,青紫,1,95,舌尖,0,0
tip_middle_root_1_3_1,Random Forest,青紫,1,95,舌左邊,0,1
tip_middle_root_1_3_1,Random Forest,青紫,1,95,舌根,0,0
tip_middle_root_1_3_1,Random Forest,青紫,1,99,舌中,0,0
tip_middle_root_1_3_1,Random Forest,青紫,1,99,舌右邊,0,0
tip_middle_root_1_3_1,Random Forest,青紫,1,99,舌尖,0,0
tip_middle_root_1_3_1,Random Forest,青紫,1,99,舌左邊,0,0
tip_middle_root_1_3_1,Random Forest,青紫,1,99,舌根,0,0
tip_middle_root_1_3_1,Random Forest,青紫,2,14,舌中,0,0
tip_middle_root_1_3_1,Random Forest,青紫,2,14,舌右邊,0,0
tip_middle_root_1_3_1,Random Forest,青紫,2,14,舌尖,0,0
tip_middle_root_1_3_1,Random Forest,青紫,2,14,舌左邊,0,0
tip_middle_root_1_3_1,Random Forest,青紫,2,14,舌根,0,0
tip_middle_root_1_3_1,Random Forest,青紫,2,1,舌中,0,0
tip_middle_root_1_3_1,Random Forest,青紫,2,1,舌右邊,0,1
tip_middle_root_1_3_1,Random Forest,青紫,2,1,舌尖,1,0
tip_middle_root_1_3_1,Random Forest,青紫,2,1,舌根,0,1
tip_middle_root_1_3_1,Random Forest,青紫,2,22,舌中,0,0
tip_middle_root_1_3_1,Random Forest,青紫,2,22,舌右邊,0,0
tip_middle_root_1_3_1,Random Forest,青紫,2,22,舌左邊,0,0
tip_middle_root_1_3_1,Random Forest,青紫,2,22,舌根,0,0
tip_middle_root_1_3_1,Random Forest,青紫,2,25,舌中,0,0
tip_middle_root_1_3_1,Random Forest,青紫,2,25,舌右邊,0,0
tip_middle_root_1_3_1,Random Forest,青紫,2,25,舌尖,0,1
tip_middle_root_1_3_1,Random Forest,青紫,2,25,舌左邊,0,0
tip_middle_root_1_3_1,Random Forest,青紫,2,25,舌根,0,0
tip_middle_root_1_3_1,Random Forest,青紫,2,27,舌中,0,0
tip_middle_root_1_3_1,Random Forest,青紫,2,27,舌右邊,0,0
tip_middle_root_1_3_1,Random Forest,青紫,2,27,舌左邊,0,0
tip_middle_root_1_3_1,Random Forest,青紫,2,27,舌根,0,0
tip_middle_root_1_3_1,Random Forest,青紫,2,31,舌中,0,0
tip_middle_root_1_3_1,Random Forest,青紫,2,31,舌右邊,0,0
tip_middle_root_1_3_1,Random Forest,青紫,2,31,舌尖,0,0
tip_middle_root_1_3_1,Random Forest,青紫,2,31,舌左邊,0,0
tip_middle_root_1_3_1,Random Forest,青紫,2,31,舌根,0,0
tip_middle_root_1_3_1,Random Forest,青紫,2,37,舌中,1,0
tip_middle_root_1_3_1,Random Forest,青紫,2,37,舌右邊,0,0
tip_middle_root_1_3_1,Random Forest,青紫,2,37,舌尖,0,1
tip_middle_root_1_3_1,Random Forest,青紫,2,37,舌左邊,0,1
tip_middle_root_1_3_1,Random Forest,青紫,2,37,舌根,0,0
tip_middle_root_1_3_1,Random Forest,青紫,2,38,舌中,0,0
tip_middle_root_1_3_1,Random Forest,青紫,2,38,舌右邊,0,0
tip_middle_root_1_3_1,Random Forest,青紫,2,38,舌尖,0,0
tip_middle_root_1_3_1,Random Forest,青紫,2,38,舌左邊,0,0
tip_middle_root_1_3_1,Random Forest,青紫,2,38,舌根,0,0
tip_middle_root_1_3_1,Random Forest,青紫,2,3,舌中,0,0
tip_middle_root_1_3_1,Random Forest,青紫,2,3,舌右邊,0,0
tip_middle_root_1_3_1,Random Forest,青紫,2,3,舌尖,0,0
tip_middle_root_1_3_1,Random Forest,青紫,2,3,舌左邊,0,0
tip_middle_root_1_3_1,Random Forest,青紫,2,3,舌根,1,0
tip_middle_root_1_3_1,Random Forest,青紫,2,41,舌中,0,0
tip_middle_root_1_3_1,Random Forest,青紫,2,41,舌尖,0,1
tip_middle_root_1_3_1,Random Forest,青紫,2,41,舌根,0,0
tip_middle_root_1_3_1,Random Forest,青紫,2,43,舌中,0,0
tip_middle_root_1_3_1,Random Forest,青紫,2,43,舌右邊,1,0
tip_middle_root_1_3_1,Random Forest,青紫,2,43,舌尖,0,0
tip_middle_root_1_3_1,Random Forest,青紫,2,43,舌根,0,0
tip_middle_root_1_3_1,Random Forest,青紫,2,47,舌中,0,0
tip_middle_root_1_3_1,Random Forest,青紫,2,47,舌右邊,0,0
tip_middle_root_1_3_1,Random Forest,青紫,2,47,舌尖,0,0
tip_middle_root_1_3_1,Random Forest,青紫,2,47,舌左邊,0,0
tip_middle_root_1_3_1,Random Forest,青紫,2,47,舌根,0,0
tip_middle_root_1_3_1,Random Forest,青紫,2,53,舌中,0,0
tip_middle_root_1_3_1,Random Forest,青紫,2,53,舌右邊,0,0
tip_middle_root_1_3_1,Random Forest,青紫,2,53,舌尖,0,0
tip_middle_root_1_3_1,Random Forest,青紫,2,53,舌左邊,0,0
tip_middle_root_1_3_1,Random Forest,青紫,2,53,舌根,0,0
tip_middle_root_1_3_1,Random Forest,青紫,2,54,舌中,0,0
tip_middle_root_1_3_1,Random Forest,青紫,2,54,舌右邊,0,0
tip_middle_root_1_3_1,Random Forest,青紫,2,54,舌尖,0,1
tip_middle_root_1_3_1,Random Forest,青紫,2,54,舌左邊,0,0
tip_middle_root_1_3_1,Random Forest,青紫,2,54,舌根,0,0
tip_middle_root_1_3_1,Random Forest,青紫,2,57,舌中,0,0
tip_middle_root_1_3_1,Random Forest,青紫,2,57,舌右邊,0,1
tip_middle_root_1_3_1,Random Forest,青紫,2,57,舌尖,1,1
tip_middle_root_1_3_1,Random Forest,青紫,2,57,舌根,0,0
tip_middle_root_1_3_1,Random Forest,青紫,2,58,舌中,0,0
tip_middle_root_1_3_1,Random Forest,青紫,2,58,舌右邊,0,0
tip_middle_root_1_3_1,Random Forest,青紫,2,58,舌左邊,0,0
tip_middle_root_1_3_1,Random Forest,青紫,2,58,舌根,0,0
tip_middle_root_1_3_1,Random Forest,青紫,2,72,舌中,0,1
tip_middle_root_1_3_1,Random Forest,青紫,2,72,舌右邊,0,0
tip_middle_root_1_3_1,Random Forest,青紫,2,72,舌左邊,0,0
tip_middle_root_1_3_1,Random Forest,青紫,2,72,舌根,0,0
tip_middle_root_1_3_1,Random Forest,青紫,2,81,舌中,0,0
tip_middle_root_1_3_1,Random Forest,青紫,2,81,舌右邊,1,0
tip_middle_root_1_3_1,Random Forest,青紫,2,81,舌尖,1,0
tip_middle_root_1_3_1,Random Forest,青紫,2,81,舌左邊,1,0
tip_middle_root_1_3_1,Random Forest,青紫,2,81,舌根,0,0
tip_middle_root_1_3_1,Random Forest,青紫,2,91,舌中,0,0
tip_middle_root_1_3_1,Random Forest,青紫,2,91,舌右邊,1,0
tip_middle_root_1_3_1,Random Forest,青紫,2,91,舌左邊,1,0
tip_middle_root_1_3_1,Random Forest,青紫,2,91,舌根,0,0
tip_middle_root_1_3_1,Random Forest,青紫,3,13,舌中,0,0
tip_middle_root_1_3_1,Random Forest,青紫,3,13,舌根,0,0
tip_middle_root_1_3_1,Random Forest,青紫,3,17,舌中,0,0
tip_middle_root_1_3_1,Random Forest,青紫,3,17,舌右邊,0,0
tip_middle_root_1_3_1,Random Forest,青紫,3,17,舌根,0,0
tip_middle_root_1_3_1,Random Forest,青紫,3,20,舌右邊,0,0
tip_middle_root_1_3_1,Random Forest,青紫,3,20,舌尖,0,0
tip_middle_root_1_3_1,Random Forest,青紫,3,20,舌左邊,0,0
tip_middle_root_1_3_1,Random Forest,青紫,3,20,舌根,0,0
tip_middle_root_1_3_1,Random Forest,青紫,3,30,舌右邊,0,0
tip_middle_root_1_3_1,Random Forest,青紫,3,30,舌左邊,0,0
tip_middle_root_1_3_1,Random Forest,青紫,3,30,舌根,0,0
tip_middle_root_1_3_1,Random Forest,青紫,3,32,舌中,0,0
tip_middle_root_1_3_1,Random Forest,青紫,3,32,舌尖,0,0
tip_middle_root_1_3_1,Random Forest,青紫,3,32,舌左邊,0,0
tip_middle_root_1_3_1,Random Forest,青紫,3,32,舌根,0,0
tip_middle_root_1_3_1,Random Forest,青紫,3,36,舌中,0,0
tip_middle_root_1_3_1,Random Forest,青紫,3,36,舌右邊,0,0
tip_middle_root_1_3_1,Random Forest,青紫,3,36,舌尖,0,0
tip_middle_root_1_3_1,Random Forest,青紫,3,36,舌左邊,0,0
tip_middle_root_1_3_1,Random Forest,青紫,3,36,舌根,0,0
tip_middle_root_1_3_1,Random Forest,青紫,3,45,舌中,0,0
tip_middle_root_1_3_1,Random Forest,青紫,3,45,舌右邊,0,0
tip_middle_root_1_3_1,Random Forest,青紫,3,45,舌尖,0,0
tip_middle_root_1_3_1,Random Forest,青紫,3,45,舌左邊,0,0
tip_middle_root_1_3_1,Random Forest,青紫,3,45,舌根,0,0
tip_middle_root_1_3_1,Random Forest,青紫,3,4,舌中,0,0
tip_middle_root_1_3_1,Random Forest,青紫,3,4,舌右邊,0,0
tip_middle_root_1_3_1,Random Forest,青紫,3,4,舌尖,0,0
tip_middle_root_1_3_1,Random Forest,青紫,3,4,舌左邊,0,0
tip_middle_root_1_3_1,Random Forest,青紫,3,4,舌根,0,0
tip_middle_root_1_3_1,Random Forest,青紫,3,50,舌中,1,0
tip_middle_root_1_3_1,Random Forest,青紫,3,50,舌右邊,1,0
tip_middle_root_1_3_1,Random Forest,青紫,3,50,舌左邊,1,0
tip_middle_root_1_3_1,Random Forest,青紫,3,50,舌根,0,0
tip_middle_root_1_3_1,Random Forest,青紫,3,56,舌中,0,0
tip_middle_root_1_3_1,Random Forest,青紫,3,56,舌尖,0,0
tip_middle_root_1_3_1,Random Forest,青紫,3,56,舌左邊,0,0
tip_middle_root_1_3_1,Random Forest,青紫,3,56,舌根,0,0
tip_middle_root_1_3_1,Random Forest,青紫,3,64,舌根,0,0
tip_middle_root_1_3_1,Random Forest,青紫,3,65,舌中,0,0
tip_middle_root_1_3_1,Random Forest,青紫,3,65,舌右邊,0,0
tip_middle_root_1_3_1,Random Forest,青紫,3,65,舌尖,0,1
tip_middle_root_1_3_1,Random Forest,青紫,3,65,舌左邊,0,0
tip_middle_root_1_3_1,Random Forest,青紫,3,65,舌根,0,0
tip_middle_root_1_3_1,Random Forest,青紫,3,67,舌中,0,0
tip_middle_root_1_3_1,Random Forest,青紫,3,67,舌右邊,0,0
tip_middle_root_1_3_1,Random Forest,青紫,3,67,舌尖,0,0
tip_middle_root_1_3_1,Random Forest,青紫,3,67,舌左邊,0,1
tip_middle_root_1_3_1,Random Forest,青紫,3,67,舌根,0,0
tip_middle_root_1_3_1,Random Forest,青紫,3,76,舌中,0,0
tip_middle_root_1_3_1,Random Forest,青紫,3,76,舌左邊,0,0
tip_middle_root_1_3_1,Random Forest,青紫,3,76,舌根,0,0
tip_middle_root_1_3_1,Random Forest,青紫,3,7,舌中,0,0
tip_middle_root_1_3_1,Random Forest,青紫,3,7,舌右邊,0,0
tip_middle_root_1_3_1,Random Forest,青紫,3,7,舌尖,0,0
tip_middle_root_1_3_1,Random Forest,青紫,3,7,舌左邊,0,0
tip_middle_root_1_3_1,Random Forest,青紫,3,7,舌根,0,0
tip_middle_root_1_3_1,Random Forest,青紫,3,87,舌中,0,0
tip_middle_root_1_3_1,Random Forest,青紫,3,87,舌根,0,0
tip_middle_root_1_3_1,Random Forest,青紫,3,88,舌中,0,0
tip_middle_root_1_3_1,Random Forest,青紫,3,88,舌右邊,0,0
tip_middle_root_1_3_1,Random Forest,青紫,3,88,舌尖,0,0
tip_middle_root_1_3_1,Random Forest,青紫,3,88,舌左邊,0,0
tip_middle_root_1_3_1,Random Forest,青紫,3,88,舌根,0,0
tip_middle_root_1_3_1,Random Forest,青紫,3,90,舌右邊,0,0
tip_middle_root_1_3_1,Random Forest,青紫,3,90,舌左邊,0,0
tip_middle_root_1_3_1,Random Forest,青紫,3,90,舌根,0,0
tip_middle_root_1_3_1,Random Forest,青紫,3,92,舌中,1,1
tip_middle_root_1_3_1,Random Forest,青紫,3,92,舌尖,1,0
tip_middle_root_1_3_1,Random Forest,青紫,3,92,舌根,0,0
tip_middle_root_1_3_1,Random Forest,青紫,3,94,舌中,1,0
tip_middle_root_1_3_1,Random Forest,青紫,3,94,舌右邊,1,0
tip_middle_root_1_3_1,Random Forest,青紫,3,94,舌尖,1,0
tip_middle_root_1_3_1,Random Forest,青紫,3,94,舌左邊,1,1
tip_middle_root_1_3_1,Random Forest,青紫,3,94,舌根,1,1
tip_middle_root_1_3_1,Random Forest,青紫,4,11,舌中,0,1
tip_middle_root_1_3_1,Random Forest,青紫,4,11,舌右邊,0,1
tip_middle_root_1_3_1,Random Forest,青紫,4,11,舌尖,0,1
tip_middle_root_1_3_1,Random Forest,青紫,4,11,舌左邊,0,1
tip_middle_root_1_3_1,Random Forest,青紫,4,11,舌根,0,0
tip_middle_root_1_3_1,Random Forest,青紫,4,12,舌中,0,0
tip_middle_root_1_3_1,Random Forest,青紫,4,12,舌右邊,0,1
tip_middle_root_1_3_1,Random Forest,青紫,4,12,舌尖,0,0
tip_middle_root_1_3_1,Random Forest,青紫,4,12,舌左邊,0,0
tip_middle_root_1_3_1,Random Forest,青紫,4,12,舌根,0,0
tip_middle_root_1_3_1,Random Forest,青紫,4,15,舌中,0,0
tip_middle_root_1_3_1,Random Forest,青紫,4,15,舌右邊,0,1
tip_middle_root_1_3_1,Random Forest,青紫,4,15,舌尖,0,0
tip_middle_root_1_3_1,Random Forest,青紫,4,15,舌左邊,0,0
tip_middle_root_1_3_1,Random Forest,青紫,4,15,舌根,0,0
tip_middle_root_1_3_1,Random Forest,青紫,4,23,舌中,0,0
tip_middle_root_1_3_1,Random Forest,青紫,4,23,舌尖,0,0
tip_middle_root_1_3_1,Random Forest,青紫,4,23,舌根,0,0
tip_middle_root_1_3_1,Random Forest,青紫,4,46,舌右邊,0,0
tip_middle_root_1_3_1,Random Forest,青紫,4,46,舌尖,0,0
tip_middle_root_1_3_1,Random Forest,青紫,4,46,舌左邊,0,0
tip_middle_root_1_3_1,Random Forest,青紫,4,46,舌根,0,0
tip_middle_root_1_3_1,Random Forest,青紫,4,49,舌中,1,0
tip_middle_root_1_3_1,Random Forest,青紫,4,49,舌右邊,1,0
tip_middle_root_1_3_1,Random Forest,青紫,4,49,舌尖,1,0
tip_middle_root_1_3_1,Random Forest,青紫,4,49,舌左邊,1,0
tip_middle_root_1_3_1,Random Forest,青紫,4,5,舌右邊,0,1
tip_middle_root_1_3_1,Random Forest,青紫,4,5,舌尖,0,1
tip_middle_root_1_3_1,Random Forest,青紫,4,5,舌左邊,0,1
tip_middle_root_1_3_1,Random Forest,青紫,4,62,舌中,1,0
tip_middle_root_1_3_1,Random Forest,青紫,4,62,舌根,0,0
tip_middle_root_1_3_1,Random Forest,青紫,4,63,舌中,0,0
tip_middle_root_1_3_1,Random Forest,青紫,4,63,舌根,0,0
tip_middle_root_1_3_1,Random Forest,青紫,4,66,舌中,0,0
tip_middle_root_1_3_1,Random Forest,青紫,4,66,舌右邊,0,0
tip_middle_root_1_3_1,Random Forest,青紫,4,66,舌尖,0,0
tip_middle_root_1_3_1,Random Forest,青紫,4,66,舌左邊,0,0
tip_middle_root_1_3_1,Random Forest,青紫,4,66,舌根,0,0
tip_middle_root_1_3_1,Random Forest,青紫,4,70,舌中,0,0
tip_middle_root_1_3_1,Random Forest,青紫,4,70,舌右邊,0,0
tip_middle_root_1_3_1,Random Forest,青紫,4,70,舌尖,0,1
tip_middle_root_1_3_1,Random Forest,青紫,4,70,舌左邊,0,0
tip_middle_root_1_3_1,Random Forest,青紫,4,70,舌根,0,0
tip_middle_root_1_3_1,Random Forest,青紫,4,75,舌右邊,0,0
tip_middle_root_1_3_1,Random Forest,青紫,4,75,舌尖,0,0
tip_middle_root_1_3_1,Random Forest,青紫,4,75,舌左邊,0,0
tip_middle_root_1_3_1,Random Forest,青紫,4,75,舌根,0,0
tip_middle_root_1_3_1,Random Forest,青紫,4,77,舌右邊,0,0
tip_middle_root_1_3_1,Random Forest,青紫,4,77,舌根,0,0
tip_middle_root_1_3_1,Random Forest,青紫,4,78,舌中,1,0
tip_middle_root_1_3_1,Random Forest,青紫,4,78,舌右邊,0,0
tip_middle_root_1_3_1,Random Forest,青紫,4,78,舌左邊,0,0
tip_middle_root_1_3_1,Random Forest,青紫,4,78,舌根,0,0
tip_middle_root_1_3_1,Random Forest,青紫,4,79,舌中,0,0
tip_middle_root_1_3_1,Random Forest,青紫,4,79,舌尖,0,0
tip_middle_root_1_3_1,Random Forest,青紫,4,79,舌根,0,0
tip_middle_root_1_3_1,Random Forest,青紫,4,84,舌中,1,0
tip_middle_root_1_3_1,Random Forest,青紫,4,84,舌右邊,0,0
tip_middle_root_1_3_1,Random Forest,青紫,4,84,舌尖,1,0
tip_middle_root_1_3_1,Random Forest,青紫,4,84,舌左邊,1,0
tip_middle_root_1_3_1,Random Forest,青紫,4,84,舌根,0,0
tip_middle_root_1_3_1,Random Forest,青紫,4,86,舌右邊,0,0
tip_middle_root_1_3_1,Random Forest,青紫,4,86,舌尖,0,0
tip_middle_root_1_3_1,Random Forest,青紫,4,86,舌左邊,0,0
tip_middle_root_1_3_1,Random Forest,青紫,4,86,舌根,0,0
tip_middle_root_1_3_1,Random Forest,青紫,4,96,舌中,0,0
tip_middle_root_1_3_1,Random Forest,青紫,4,96,舌右邊,0,0
tip_middle_root_1_3_1,Random Forest,青紫,4,96,舌尖,0,0
tip_middle_root_1_3_1,Random Forest,青紫,4,96,舌左邊,0,0
tip_middle_root_1_3_1,Random Forest,青紫,4,96,舌根,0,0
tip_middle_root_1_3_1,Random Forest,青紫,4,98,舌中,0,0
tip_middle_root_1_3_1,Random Forest,青紫,4,98,舌尖,0,1
tip_middle_root_1_3_1,Random Forest,青紫,4,98,舌根,0,0
tip_middle_root_1_3_1,Random Forest,青紫,4,9,舌中,0,0
tip_middle_root_1_3_1,Random Forest,青紫,4,9,舌右邊,0,0
tip_middle_root_1_3_1,Random Forest,青紫,4,9,舌尖,0,0
tip_middle_root_1_3_1,Random Forest,青紫,4,9,舌左邊,0,0
tip_middle_root_1_3_1,Random Forest,青紫,4,9,舌根,0,0
tip_middle_root_1_3_1,Random Forest,青紫,5,10,舌中,0,1
tip_middle_root_1_3_1,Random Forest,青紫,5,10,舌右邊,0,0
tip_middle_root_1_3_1,Random Forest,青紫,5,10,舌尖,0,0
tip_middle_root_1_3_1,Random Forest,青紫,5,10,舌左邊,0,0
tip_middle_root_1_3_1,Random Forest,青紫,5,10,舌根,0,0
tip_middle_root_1_3_1,Random Forest,青紫,5,16,舌中,0,0
tip_middle_root_1_3_1,Random Forest,青紫,5,16,舌右邊,0,1
tip_middle_root_1_3_1,Random Forest,青紫,5,16,舌尖,0,1
tip_middle_root_1_3_1,Random Forest,青紫,5,16,舌左邊,0,0
tip_middle_root_1_3_1,Random Forest,青紫,5,16,舌根,0,0
tip_middle_root_1_3_1,Random Forest,青紫,5,19,舌中,0,0
tip_middle_root_1_3_1,Random Forest,青紫,5,19,舌尖,0,0
tip_middle_root_1_3_1,Random Forest,青紫,5,19,舌左邊,0,0
tip_middle_root_1_3_1,Random Forest,青紫,5,19,舌根,0,0
tip_middle_root_1_3_1,Random Forest,青紫,5,21,舌右邊,0,0
tip_middle_root_1_3_1,Random Forest,青紫,5,21,舌尖,0,0
tip_middle_root_1_3_1,Random Forest,青紫,5,21,舌左邊,0,0
tip_middle_root_1_3_1,Random Forest,青紫,5,21,舌根,0,0
tip_middle_root_1_3_1,Random Forest,青紫,5,2,舌中,0,0
tip_middle_root_1_3_1,Random Forest,青紫,5,2,舌右邊,0,0
tip_middle_root_1_3_1,Random Forest,青紫,5,2,舌尖,0,0
tip_middle_root_1_3_1,Random Forest,青紫,5,2,舌左邊,0,0
tip_middle_root_1_3_1,Random Forest,青紫,5,2,舌根,0,0
tip_middle_root_1_3_1,Random Forest,青紫,5,35,舌中,0,0
tip_middle_root_1_3_1,Random Forest,青紫,5,35,舌尖,1,0
tip_middle_root_1_3_1,Random Forest,青紫,5,35,舌根,0,0
tip_middle_root_1_3_1,Random Forest,青紫,5,40,舌中,0,0
tip_middle_root_1_3_1,Random Forest,青紫,5,40,舌右邊,0,0
tip_middle_root_1_3_1,Random Forest,青紫,5,40,舌尖,1,0
tip_middle_root_1_3_1,Random Forest,青紫,5,40,舌左邊,0,0
tip_middle_root_1_3_1,Random Forest,青紫,5,40,舌根,0,0
tip_middle_root_1_3_1,Random Forest,青紫,5,42,舌尖,0,0
tip_middle_root_1_3_1,Random Forest,青紫,5,42,舌根,0,0
tip_middle_root_1_3_1,Random Forest,青紫,5,44,舌右邊,0,0
tip_middle_root_1_3_1,Random Forest,青紫,5,44,舌尖,0,0
tip_middle_root_1_3_1,Random Forest,青紫,5,44,舌左邊,0,0
tip_middle_root_1_3_1,Random Forest,青紫,5,44,舌根,0,0
tip_middle_root_1_3_1,Random Forest,青紫,5,48,舌根,0,0
tip_middle_root_1_3_1,Random Forest,青紫,5,51,舌中,0,0
tip_middle_root_1_3_1,Random Forest,青紫,5,51,舌右邊,0,0
tip_middle_root_1_3_1,Random Forest,青紫,5,51,舌尖,0,0
tip_middle_root_1_3_1,Random Forest,青紫,5,51,舌左邊,0,0
tip_middle_root_1_3_1,Random Forest,青紫,5,51,舌根,0,0
tip_middle_root_1_3_1,Random Forest,青紫,5,55,舌中,0,0
tip_middle_root_1_3_1,Random Forest,青紫,5,55,舌尖,0,0
tip_middle_root_1_3_1,Random Forest,青紫,5,55,舌根,0,0
tip_middle_root_1_3_1,Random Forest,青紫,5,69,舌右邊,1,1
tip_middle_root_1_3_1,Random Forest,青紫,5,69,舌尖,0,0
tip_middle_root_1_3_1,Random Forest,青紫,5,69,舌左邊,1,1
tip_middle_root_1_3_1,Random Forest,青紫,5,69,舌根,0,0
tip_middle_root_1_3_1,Random Forest,青紫,5,6,舌中,0,1
tip_middle_root_1_3_1,Random Forest,青紫,5,6,舌右邊,0,1
tip_middle_root_1_3_1,Random Forest,青紫,5,6,舌尖,0,1
tip_middle_root_1_3_1,Random Forest,青紫,5,6,舌左邊,0,1
tip_middle_root_1_3_1,Random Forest,青紫,5,6,舌根,0,0
tip_middle_root_1_3_1,Random Forest,青紫,5,71,舌右邊,1,1
tip_middle_root_1_3_1,Random Forest,青紫,5,71,舌尖,1,1
tip_middle_root_1_3_1,Random Forest,青紫,5,71,舌左邊,1,1
tip_middle_root_1_3_1,Random Forest,青紫,5,71,舌根,0,0
tip_middle_root_1_3_1,Random Forest,青紫,5,73,舌中,1,0
tip_middle_root_1_3_1,Random Forest,青紫,5,73,舌右邊,1,0
tip_middle_root_1_3_1,Random Forest,青紫,5,73,舌左邊,1,0
tip_middle_root_1_3_1,Random Forest,青紫,5,74,舌中,0,0
tip_middle_root_1_3_1,Random Forest,青紫,5,74,舌尖,0,1
tip_middle_root_1_3_1,Random Forest,青紫,5,74,舌根,0,0
tip_middle_root_1_3_1,Random Forest,青紫,5,80,舌中,0,0
tip_middle_root_1_3_1,Random Forest,青紫,5,80,舌右邊,0,0
tip_middle_root_1_3_1,Random Forest,青紫,5,80,舌尖,0,0
tip_middle_root_1_3_1,Random Forest,青紫,5,80,舌左邊,0,0
tip_middle_root_1_3_1,Random Forest,青紫,5,80,舌根,0,0
tip_middle_root_1_3_1,Random Forest,青紫,5,93,舌中,0,0
tip_middle_root_1_3_1,Random Forest,青紫,5,93,舌右邊,0,0
tip_middle_root_1_3_1,Random Forest,青紫,5,93,舌尖,0,0
tip_middle_root_1_3_1,Random Forest,青紫,5,93,舌左邊,0,1
tip_middle_root_1_3_1,Random Forest,青紫,5,93,舌根,0,0
tip_middle_root_1_3_1,Random Forest,青紫,5,97,舌中,0,0
tip_middle_root_1_3_1,Random Forest,青紫,5,97,舌尖,0,1
tip_middle_root_1_3_1,Random Forest,青紫,5,97,舌左邊,0,0
tip_middle_root_1_3_1,Random Forest,青紫,5,97,舌根,0,1
