color,analysis_type,segmentation_method,model,fold,image_id,region,positive_votes,agreement_detail,true,pred
淡紅,primary,tip_middle_root_1_2_2,SVM,1,17,舌尖,3,three_one_positive,1,1
淡紅,primary,tip_middle_root_1_2_2,SVM,1,17,舌左邊,1,three_one_negative,0,1
淡紅,primary,tip_middle_root_1_2_2,SVM,1,17,舌右邊,1,three_one_negative,0,1
淡紅,primary,tip_middle_root_1_2_2,SVM,1,19,舌尖,3,three_one_positive,1,1
淡紅,primary,tip_middle_root_1_2_2,SVM,1,19,舌中,3,three_one_positive,1,1
淡紅,primary,tip_middle_root_1_2_2,SVM,1,19,舌左邊,3,three_one_positive,1,1
淡紅,primary,tip_middle_root_1_2_2,SVM,1,19,舌右邊,3,three_one_positive,1,1
淡紅,primary,tip_middle_root_1_2_2,SVM,1,19,舌根,3,three_one_positive,1,0
淡紅,primary,tip_middle_root_1_2_2,SVM,1,21,舌中,3,three_one_positive,1,1
淡紅,primary,tip_middle_root_1_2_2,SVM,1,21,舌左邊,3,three_one_positive,1,1
淡紅,primary,tip_middle_root_1_2_2,SVM,1,21,舌右邊,3,three_one_positive,1,0
淡紅,primary,tip_middle_root_1_2_2,SVM,1,21,舌根,3,three_one_positive,1,0
淡紅,primary,tip_middle_root_1_2_2,SVM,1,31,舌尖,1,three_one_negative,0,1
淡紅,primary,tip_middle_root_1_2_2,SVM,1,31,舌中,1,three_one_negative,0,1
淡紅,primary,tip_middle_root_1_2_2,SVM,1,31,舌根,1,three_one_negative,0,0
淡紅,primary,tip_middle_root_1_2_2,SVM,1,40,舌尖,1,three_one_negative,0,1
淡紅,primary,tip_middle_root_1_2_2,SVM,1,40,舌中,1,three_one_negative,0,1
淡紅,primary,tip_middle_root_1_2_2,SVM,1,40,舌左邊,1,three_one_negative,0,1
淡紅,primary,tip_middle_root_1_2_2,SVM,1,40,舌右邊,1,three_one_negative,0,1
淡紅,primary,tip_middle_root_1_2_2,SVM,1,40,舌根,1,three_one_negative,0,1
淡紅,primary,tip_middle_root_1_2_2,SVM,1,45,舌中,1,three_one_negative,0,0
淡紅,primary,tip_middle_root_1_2_2,SVM,1,45,舌左邊,3,three_one_positive,1,0
淡紅,primary,tip_middle_root_1_2_2,SVM,1,45,舌右邊,3,three_one_positive,1,0
淡紅,primary,tip_middle_root_1_2_2,SVM,1,45,舌根,1,three_one_negative,0,0
淡紅,primary,tip_middle_root_1_2_2,SVM,1,55,舌尖,3,three_one_positive,1,1
淡紅,primary,tip_middle_root_1_2_2,SVM,1,55,舌中,3,three_one_positive,1,0
淡紅,primary,tip_middle_root_1_2_2,SVM,1,55,舌左邊,3,three_one_positive,1,1
淡紅,primary,tip_middle_root_1_2_2,SVM,1,55,舌右邊,3,three_one_positive,1,1
淡紅,primary,tip_middle_root_1_2_2,SVM,1,7,舌中,1,three_one_negative,0,1
淡紅,primary,tip_middle_root_1_2_2,SVM,1,7,舌根,1,three_one_negative,0,1
淡紅,primary,tip_middle_root_1_2_2,SVM,1,73,舌左邊,1,three_one_negative,0,0
淡紅,primary,tip_middle_root_1_2_2,SVM,1,73,舌右邊,1,three_one_negative,0,0
淡紅,primary,tip_middle_root_1_2_2,SVM,1,74,舌中,1,three_one_negative,0,0
淡紅,primary,tip_middle_root_1_2_2,SVM,1,74,舌左邊,1,three_one_negative,0,0
淡紅,primary,tip_middle_root_1_2_2,SVM,1,74,舌右邊,1,three_one_negative,0,1
淡紅,primary,tip_middle_root_1_2_2,SVM,1,74,舌根,1,three_one_negative,0,0
淡紅,primary,tip_middle_root_1_2_2,SVM,1,86,舌尖,3,three_one_positive,1,0
淡紅,primary,tip_middle_root_1_2_2,SVM,1,86,舌左邊,3,three_one_positive,1,0
淡紅,primary,tip_middle_root_1_2_2,SVM,1,86,舌右邊,3,three_one_positive,1,1
淡紅,primary,tip_middle_root_1_2_2,SVM,1,92,舌中,1,three_one_negative,0,0
淡紅,primary,tip_middle_root_1_2_2,SVM,1,92,舌左邊,1,three_one_negative,0,0
淡紅,primary,tip_middle_root_1_2_2,SVM,1,92,舌根,1,three_one_negative,0,0
淡紅,primary,tip_middle_root_1_2_2,SVM,1,93,舌尖,1,three_one_negative,0,0
淡紅,primary,tip_middle_root_1_2_2,Random Forest,1,17,舌尖,3,three_one_positive,1,0
淡紅,primary,tip_middle_root_1_2_2,Random Forest,1,17,舌左邊,1,three_one_negative,0,1
淡紅,primary,tip_middle_root_1_2_2,Random Forest,1,17,舌右邊,1,three_one_negative,0,0
淡紅,primary,tip_middle_root_1_2_2,Random Forest,1,19,舌尖,3,three_one_positive,1,1
淡紅,primary,tip_middle_root_1_2_2,Random Forest,1,19,舌中,3,three_one_positive,1,1
淡紅,primary,tip_middle_root_1_2_2,Random Forest,1,19,舌左邊,3,three_one_positive,1,1
淡紅,primary,tip_middle_root_1_2_2,Random Forest,1,19,舌右邊,3,three_one_positive,1,1
淡紅,primary,tip_middle_root_1_2_2,Random Forest,1,19,舌根,3,three_one_positive,1,0
淡紅,primary,tip_middle_root_1_2_2,Random Forest,1,21,舌中,3,three_one_positive,1,1
淡紅,primary,tip_middle_root_1_2_2,Random Forest,1,21,舌左邊,3,three_one_positive,1,1
淡紅,primary,tip_middle_root_1_2_2,Random Forest,1,21,舌右邊,3,three_one_positive,1,0
淡紅,primary,tip_middle_root_1_2_2,Random Forest,1,21,舌根,3,three_one_positive,1,0
淡紅,primary,tip_middle_root_1_2_2,Random Forest,1,31,舌尖,1,three_one_negative,0,1
淡紅,primary,tip_middle_root_1_2_2,Random Forest,1,31,舌中,1,three_one_negative,0,1
淡紅,primary,tip_middle_root_1_2_2,Random Forest,1,31,舌根,1,three_one_negative,0,0
淡紅,primary,tip_middle_root_1_2_2,Random Forest,1,40,舌尖,1,three_one_negative,0,1
淡紅,primary,tip_middle_root_1_2_2,Random Forest,1,40,舌中,1,three_one_negative,0,1
淡紅,primary,tip_middle_root_1_2_2,Random Forest,1,40,舌左邊,1,three_one_negative,0,1
淡紅,primary,tip_middle_root_1_2_2,Random Forest,1,40,舌右邊,1,three_one_negative,0,1
淡紅,primary,tip_middle_root_1_2_2,Random Forest,1,40,舌根,1,three_one_negative,0,1
淡紅,primary,tip_middle_root_1_2_2,Random Forest,1,45,舌中,1,three_one_negative,0,1
淡紅,primary,tip_middle_root_1_2_2,Random Forest,1,45,舌左邊,3,three_one_positive,1,1
淡紅,primary,tip_middle_root_1_2_2,Random Forest,1,45,舌右邊,3,three_one_positive,1,1
淡紅,primary,tip_middle_root_1_2_2,Random Forest,1,45,舌根,1,three_one_negative,0,1
淡紅,primary,tip_middle_root_1_2_2,Random Forest,1,55,舌尖,3,three_one_positive,1,1
淡紅,primary,tip_middle_root_1_2_2,Random Forest,1,55,舌中,3,three_one_positive,1,1
淡紅,primary,tip_middle_root_1_2_2,Random Forest,1,55,舌左邊,3,three_one_positive,1,1
淡紅,primary,tip_middle_root_1_2_2,Random Forest,1,55,舌右邊,3,three_one_positive,1,1
淡紅,primary,tip_middle_root_1_2_2,Random Forest,1,7,舌中,1,three_one_negative,0,1
淡紅,primary,tip_middle_root_1_2_2,Random Forest,1,7,舌根,1,three_one_negative,0,0
淡紅,primary,tip_middle_root_1_2_2,Random Forest,1,73,舌左邊,1,three_one_negative,0,0
淡紅,primary,tip_middle_root_1_2_2,Random Forest,1,73,舌右邊,1,three_one_negative,0,0
淡紅,primary,tip_middle_root_1_2_2,Random Forest,1,74,舌中,1,three_one_negative,0,0
淡紅,primary,tip_middle_root_1_2_2,Random Forest,1,74,舌左邊,1,three_one_negative,0,0
淡紅,primary,tip_middle_root_1_2_2,Random Forest,1,74,舌右邊,1,three_one_negative,0,0
淡紅,primary,tip_middle_root_1_2_2,Random Forest,1,74,舌根,1,three_one_negative,0,0
淡紅,primary,tip_middle_root_1_2_2,Random Forest,1,86,舌尖,3,three_one_positive,1,0
淡紅,primary,tip_middle_root_1_2_2,Random Forest,1,86,舌左邊,3,three_one_positive,1,0
淡紅,primary,tip_middle_root_1_2_2,Random Forest,1,86,舌右邊,3,three_one_positive,1,0
淡紅,primary,tip_middle_root_1_2_2,Random Forest,1,92,舌中,1,three_one_negative,0,0
淡紅,primary,tip_middle_root_1_2_2,Random Forest,1,92,舌左邊,1,three_one_negative,0,0
淡紅,primary,tip_middle_root_1_2_2,Random Forest,1,92,舌根,1,three_one_negative,0,0
淡紅,primary,tip_middle_root_1_2_2,Random Forest,1,93,舌尖,1,three_one_negative,0,0
淡紅,primary,tip_middle_root_1_2_2,SVM,2,12,舌中,3,three_one_positive,1,0
淡紅,primary,tip_middle_root_1_2_2,SVM,2,14,舌中,3,three_one_positive,1,0
淡紅,primary,tip_middle_root_1_2_2,SVM,2,14,舌左邊,3,three_one_positive,1,0
淡紅,primary,tip_middle_root_1_2_2,SVM,2,14,舌右邊,3,three_one_positive,1,0
淡紅,primary,tip_middle_root_1_2_2,SVM,2,14,舌根,3,three_one_positive,1,0
淡紅,primary,tip_middle_root_1_2_2,SVM,2,24,舌中,1,three_one_negative,0,1
淡紅,primary,tip_middle_root_1_2_2,SVM,2,24,舌根,1,three_one_negative,0,0
淡紅,primary,tip_middle_root_1_2_2,SVM,2,32,舌尖,1,three_one_negative,0,1
淡紅,primary,tip_middle_root_1_2_2,SVM,2,32,舌左邊,1,three_one_negative,0,1
淡紅,primary,tip_middle_root_1_2_2,SVM,2,32,舌右邊,1,three_one_negative,0,1
淡紅,primary,tip_middle_root_1_2_2,SVM,2,46,舌根,3,three_one_positive,1,0
淡紅,primary,tip_middle_root_1_2_2,SVM,2,47,舌左邊,1,three_one_negative,0,1
淡紅,primary,tip_middle_root_1_2_2,SVM,2,50,舌尖,1,three_one_negative,0,1
淡紅,primary,tip_middle_root_1_2_2,SVM,2,53,舌尖,1,three_one_negative,0,1
淡紅,primary,tip_middle_root_1_2_2,SVM,2,54,舌尖,3,three_one_positive,1,0
淡紅,primary,tip_middle_root_1_2_2,SVM,2,54,舌根,3,three_one_positive,1,0
淡紅,primary,tip_middle_root_1_2_2,SVM,2,57,舌尖,1,three_one_negative,0,1
淡紅,primary,tip_middle_root_1_2_2,SVM,2,57,舌左邊,1,three_one_negative,0,0
淡紅,primary,tip_middle_root_1_2_2,SVM,2,57,舌右邊,1,three_one_negative,0,0
淡紅,primary,tip_middle_root_1_2_2,SVM,2,80,舌根,1,three_one_negative,0,0
淡紅,primary,tip_middle_root_1_2_2,SVM,2,90,舌尖,1,three_one_negative,0,0
淡紅,primary,tip_middle_root_1_2_2,SVM,2,90,舌中,1,three_one_negative,0,0
淡紅,primary,tip_middle_root_1_2_2,SVM,2,90,舌左邊,1,three_one_negative,0,0
淡紅,primary,tip_middle_root_1_2_2,SVM,2,90,舌右邊,1,three_one_negative,0,0
淡紅,primary,tip_middle_root_1_2_2,SVM,2,90,舌根,1,three_one_negative,0,0
淡紅,primary,tip_middle_root_1_2_2,SVM,2,95,舌尖,1,three_one_negative,0,0
淡紅,primary,tip_middle_root_1_2_2,SVM,2,95,舌中,1,three_one_negative,0,0
淡紅,primary,tip_middle_root_1_2_2,SVM,2,95,舌左邊,1,three_one_negative,0,0
淡紅,primary,tip_middle_root_1_2_2,SVM,2,95,舌右邊,1,three_one_negative,0,0
淡紅,primary,tip_middle_root_1_2_2,SVM,2,95,舌根,1,three_one_negative,0,0
淡紅,primary,tip_middle_root_1_2_2,Random Forest,2,12,舌中,3,three_one_positive,1,0
淡紅,primary,tip_middle_root_1_2_2,Random Forest,2,14,舌中,3,three_one_positive,1,0
淡紅,primary,tip_middle_root_1_2_2,Random Forest,2,14,舌左邊,3,three_one_positive,1,0
淡紅,primary,tip_middle_root_1_2_2,Random Forest,2,14,舌右邊,3,three_one_positive,1,0
淡紅,primary,tip_middle_root_1_2_2,Random Forest,2,14,舌根,3,three_one_positive,1,0
淡紅,primary,tip_middle_root_1_2_2,Random Forest,2,24,舌中,1,three_one_negative,0,1
淡紅,primary,tip_middle_root_1_2_2,Random Forest,2,24,舌根,1,three_one_negative,0,1
淡紅,primary,tip_middle_root_1_2_2,Random Forest,2,32,舌尖,1,three_one_negative,0,1
淡紅,primary,tip_middle_root_1_2_2,Random Forest,2,32,舌左邊,1,three_one_negative,0,1
淡紅,primary,tip_middle_root_1_2_2,Random Forest,2,32,舌右邊,1,three_one_negative,0,1
淡紅,primary,tip_middle_root_1_2_2,Random Forest,2,46,舌根,3,three_one_positive,1,0
淡紅,primary,tip_middle_root_1_2_2,Random Forest,2,47,舌左邊,1,three_one_negative,0,1
淡紅,primary,tip_middle_root_1_2_2,Random Forest,2,50,舌尖,1,three_one_negative,0,1
淡紅,primary,tip_middle_root_1_2_2,Random Forest,2,53,舌尖,1,three_one_negative,0,1
淡紅,primary,tip_middle_root_1_2_2,Random Forest,2,54,舌尖,3,three_one_positive,1,1
淡紅,primary,tip_middle_root_1_2_2,Random Forest,2,54,舌根,3,three_one_positive,1,0
淡紅,primary,tip_middle_root_1_2_2,Random Forest,2,57,舌尖,1,three_one_negative,0,1
淡紅,primary,tip_middle_root_1_2_2,Random Forest,2,57,舌左邊,1,three_one_negative,0,0
淡紅,primary,tip_middle_root_1_2_2,Random Forest,2,57,舌右邊,1,three_one_negative,0,0
淡紅,primary,tip_middle_root_1_2_2,Random Forest,2,80,舌根,1,three_one_negative,0,0
淡紅,primary,tip_middle_root_1_2_2,Random Forest,2,90,舌尖,1,three_one_negative,0,0
淡紅,primary,tip_middle_root_1_2_2,Random Forest,2,90,舌中,1,three_one_negative,0,0
淡紅,primary,tip_middle_root_1_2_2,Random Forest,2,90,舌左邊,1,three_one_negative,0,0
淡紅,primary,tip_middle_root_1_2_2,Random Forest,2,90,舌右邊,1,three_one_negative,0,0
淡紅,primary,tip_middle_root_1_2_2,Random Forest,2,90,舌根,1,three_one_negative,0,0
淡紅,primary,tip_middle_root_1_2_2,Random Forest,2,95,舌尖,1,three_one_negative,0,0
淡紅,primary,tip_middle_root_1_2_2,Random Forest,2,95,舌中,1,three_one_negative,0,0
淡紅,primary,tip_middle_root_1_2_2,Random Forest,2,95,舌左邊,1,three_one_negative,0,0
淡紅,primary,tip_middle_root_1_2_2,Random Forest,2,95,舌右邊,1,three_one_negative,0,0
淡紅,primary,tip_middle_root_1_2_2,Random Forest,2,95,舌根,1,three_one_negative,0,0
淡紅,primary,tip_middle_root_1_2_2,SVM,3,13,舌尖,1,three_one_negative,0,0
淡紅,primary,tip_middle_root_1_2_2,SVM,3,13,舌左邊,1,three_one_negative,0,0
淡紅,primary,tip_middle_root_1_2_2,SVM,3,13,舌右邊,1,three_one_negative,0,0
淡紅,primary,tip_middle_root_1_2_2,SVM,3,15,舌中,3,three_one_positive,1,0
淡紅,primary,tip_middle_root_1_2_2,SVM,3,15,舌根,3,three_one_positive,1,0
淡紅,primary,tip_middle_root_1_2_2,SVM,3,23,舌中,3,three_one_positive,1,1
淡紅,primary,tip_middle_root_1_2_2,SVM,3,23,舌左邊,3,three_one_positive,1,1
淡紅,primary,tip_middle_root_1_2_2,SVM,3,23,舌根,3,three_one_positive,1,0
淡紅,primary,tip_middle_root_1_2_2,SVM,3,29,舌右邊,3,three_one_positive,1,1
淡紅,primary,tip_middle_root_1_2_2,SVM,3,29,舌根,3,three_one_positive,1,0
淡紅,primary,tip_middle_root_1_2_2,SVM,3,41,舌左邊,3,three_one_positive,1,0
淡紅,primary,tip_middle_root_1_2_2,SVM,3,41,舌右邊,3,three_one_positive,1,0
淡紅,primary,tip_middle_root_1_2_2,SVM,3,41,舌根,3,three_one_positive,1,0
淡紅,primary,tip_middle_root_1_2_2,SVM,3,43,舌尖,1,three_one_negative,0,1
淡紅,primary,tip_middle_root_1_2_2,SVM,3,43,舌左邊,1,three_one_negative,0,0
淡紅,primary,tip_middle_root_1_2_2,SVM,3,43,舌右邊,1,three_one_negative,0,0
淡紅,primary,tip_middle_root_1_2_2,SVM,3,43,舌根,1,three_one_negative,0,0
淡紅,primary,tip_middle_root_1_2_2,SVM,3,49,舌尖,3,three_one_positive,1,1
淡紅,primary,tip_middle_root_1_2_2,SVM,3,49,舌左邊,3,three_one_positive,1,1
淡紅,primary,tip_middle_root_1_2_2,SVM,3,51,舌尖,1,three_one_negative,0,1
淡紅,primary,tip_middle_root_1_2_2,SVM,3,51,舌中,1,three_one_negative,0,1
淡紅,primary,tip_middle_root_1_2_2,SVM,3,51,舌左邊,1,three_one_negative,0,1
淡紅,primary,tip_middle_root_1_2_2,SVM,3,51,舌右邊,1,three_one_negative,0,0
淡紅,primary,tip_middle_root_1_2_2,SVM,3,51,舌根,1,three_one_negative,0,0
淡紅,primary,tip_middle_root_1_2_2,SVM,3,60,舌左邊,1,three_one_negative,0,1
淡紅,primary,tip_middle_root_1_2_2,SVM,3,60,舌右邊,1,three_one_negative,0,0
淡紅,primary,tip_middle_root_1_2_2,SVM,3,69,舌左邊,1,three_one_negative,0,0
淡紅,primary,tip_middle_root_1_2_2,SVM,3,78,舌尖,1,three_one_negative,0,0
淡紅,primary,tip_middle_root_1_2_2,SVM,3,94,舌尖,1,three_one_negative,0,0
淡紅,primary,tip_middle_root_1_2_2,SVM,3,97,舌中,1,three_one_negative,0,0
淡紅,primary,tip_middle_root_1_2_2,SVM,3,97,舌根,1,three_one_negative,0,0
淡紅,primary,tip_middle_root_1_2_2,Random Forest,3,13,舌尖,1,three_one_negative,0,0
淡紅,primary,tip_middle_root_1_2_2,Random Forest,3,13,舌左邊,1,three_one_negative,0,0
淡紅,primary,tip_middle_root_1_2_2,Random Forest,3,13,舌右邊,1,three_one_negative,0,0
淡紅,primary,tip_middle_root_1_2_2,Random Forest,3,15,舌中,3,three_one_positive,1,0
淡紅,primary,tip_middle_root_1_2_2,Random Forest,3,15,舌根,3,three_one_positive,1,0
淡紅,primary,tip_middle_root_1_2_2,Random Forest,3,23,舌中,3,three_one_positive,1,0
淡紅,primary,tip_middle_root_1_2_2,Random Forest,3,23,舌左邊,3,three_one_positive,1,0
淡紅,primary,tip_middle_root_1_2_2,Random Forest,3,23,舌根,3,three_one_positive,1,0
淡紅,primary,tip_middle_root_1_2_2,Random Forest,3,29,舌右邊,3,three_one_positive,1,1
淡紅,primary,tip_middle_root_1_2_2,Random Forest,3,29,舌根,3,three_one_positive,1,0
淡紅,primary,tip_middle_root_1_2_2,Random Forest,3,41,舌左邊,3,three_one_positive,1,1
淡紅,primary,tip_middle_root_1_2_2,Random Forest,3,41,舌右邊,3,three_one_positive,1,1
淡紅,primary,tip_middle_root_1_2_2,Random Forest,3,41,舌根,3,three_one_positive,1,1
淡紅,primary,tip_middle_root_1_2_2,Random Forest,3,43,舌尖,1,three_one_negative,0,1
淡紅,primary,tip_middle_root_1_2_2,Random Forest,3,43,舌左邊,1,three_one_negative,0,0
淡紅,primary,tip_middle_root_1_2_2,Random Forest,3,43,舌右邊,1,three_one_negative,0,0
淡紅,primary,tip_middle_root_1_2_2,Random Forest,3,43,舌根,1,three_one_negative,0,1
淡紅,primary,tip_middle_root_1_2_2,Random Forest,3,49,舌尖,3,three_one_positive,1,0
淡紅,primary,tip_middle_root_1_2_2,Random Forest,3,49,舌左邊,3,three_one_positive,1,1
淡紅,primary,tip_middle_root_1_2_2,Random Forest,3,51,舌尖,1,three_one_negative,0,0
淡紅,primary,tip_middle_root_1_2_2,Random Forest,3,51,舌中,1,three_one_negative,0,1
淡紅,primary,tip_middle_root_1_2_2,Random Forest,3,51,舌左邊,1,three_one_negative,0,0
淡紅,primary,tip_middle_root_1_2_2,Random Forest,3,51,舌右邊,1,three_one_negative,0,1
淡紅,primary,tip_middle_root_1_2_2,Random Forest,3,51,舌根,1,three_one_negative,0,1
淡紅,primary,tip_middle_root_1_2_2,Random Forest,3,60,舌左邊,1,three_one_negative,0,1
淡紅,primary,tip_middle_root_1_2_2,Random Forest,3,60,舌右邊,1,three_one_negative,0,1
淡紅,primary,tip_middle_root_1_2_2,Random Forest,3,69,舌左邊,1,three_one_negative,0,0
淡紅,primary,tip_middle_root_1_2_2,Random Forest,3,78,舌尖,1,three_one_negative,0,0
淡紅,primary,tip_middle_root_1_2_2,Random Forest,3,94,舌尖,1,three_one_negative,0,0
淡紅,primary,tip_middle_root_1_2_2,Random Forest,3,97,舌中,1,three_one_negative,0,0
淡紅,primary,tip_middle_root_1_2_2,Random Forest,3,97,舌根,1,three_one_negative,0,0
淡紅,primary,tip_middle_root_1_2_2,SVM,4,1,舌尖,1,three_one_negative,0,0
淡紅,primary,tip_middle_root_1_2_2,SVM,4,18,舌中,3,three_one_positive,1,1
淡紅,primary,tip_middle_root_1_2_2,SVM,4,18,舌根,3,three_one_positive,1,0
淡紅,primary,tip_middle_root_1_2_2,SVM,4,2,舌尖,1,three_one_negative,0,1
淡紅,primary,tip_middle_root_1_2_2,SVM,4,20,舌根,3,three_one_positive,1,0
淡紅,primary,tip_middle_root_1_2_2,SVM,4,25,舌左邊,1,three_one_negative,0,1
淡紅,primary,tip_middle_root_1_2_2,SVM,4,25,舌右邊,1,three_one_negative,0,0
淡紅,primary,tip_middle_root_1_2_2,SVM,4,25,舌根,1,three_one_negative,0,0
淡紅,primary,tip_middle_root_1_2_2,SVM,4,30,舌左邊,1,three_one_negative,0,1
淡紅,primary,tip_middle_root_1_2_2,SVM,4,30,舌右邊,1,three_one_negative,0,1
淡紅,primary,tip_middle_root_1_2_2,SVM,4,35,舌中,1,three_one_negative,0,0
淡紅,primary,tip_middle_root_1_2_2,SVM,4,35,舌左邊,1,three_one_negative,0,1
淡紅,primary,tip_middle_root_1_2_2,SVM,4,35,舌右邊,1,three_one_negative,0,1
淡紅,primary,tip_middle_root_1_2_2,SVM,4,35,舌根,1,three_one_negative,0,0
淡紅,primary,tip_middle_root_1_2_2,SVM,4,38,舌尖,3,three_one_positive,1,1
淡紅,primary,tip_middle_root_1_2_2,SVM,4,38,舌中,3,three_one_positive,1,1
淡紅,primary,tip_middle_root_1_2_2,SVM,4,38,舌左邊,3,three_one_positive,1,1
淡紅,primary,tip_middle_root_1_2_2,SVM,4,38,舌右邊,3,three_one_positive,1,0
淡紅,primary,tip_middle_root_1_2_2,SVM,4,4,舌尖,1,three_one_negative,0,0
淡紅,primary,tip_middle_root_1_2_2,SVM,4,4,舌中,1,three_one_negative,0,1
淡紅,primary,tip_middle_root_1_2_2,SVM,4,44,舌根,1,three_one_negative,0,0
淡紅,primary,tip_middle_root_1_2_2,SVM,4,52,舌中,3,three_one_positive,1,1
淡紅,primary,tip_middle_root_1_2_2,SVM,4,52,舌左邊,3,three_one_positive,1,1
淡紅,primary,tip_middle_root_1_2_2,SVM,4,52,舌右邊,3,three_one_positive,1,1
淡紅,primary,tip_middle_root_1_2_2,SVM,4,52,舌根,3,three_one_positive,1,0
淡紅,primary,tip_middle_root_1_2_2,SVM,4,58,舌根,1,three_one_negative,0,0
淡紅,primary,tip_middle_root_1_2_2,SVM,4,79,舌中,1,three_one_negative,0,0
淡紅,primary,tip_middle_root_1_2_2,SVM,4,84,舌尖,3,three_one_positive,1,0
淡紅,primary,tip_middle_root_1_2_2,SVM,4,84,舌中,3,three_one_positive,1,0
淡紅,primary,tip_middle_root_1_2_2,SVM,4,84,舌左邊,3,three_one_positive,1,0
淡紅,primary,tip_middle_root_1_2_2,SVM,4,84,舌右邊,3,three_one_positive,1,0
淡紅,primary,tip_middle_root_1_2_2,SVM,4,84,舌根,3,three_one_positive,1,0
淡紅,primary,tip_middle_root_1_2_2,Random Forest,4,1,舌尖,1,three_one_negative,0,0
淡紅,primary,tip_middle_root_1_2_2,Random Forest,4,18,舌中,3,three_one_positive,1,1
淡紅,primary,tip_middle_root_1_2_2,Random Forest,4,18,舌根,3,three_one_positive,1,0
淡紅,primary,tip_middle_root_1_2_2,Random Forest,4,2,舌尖,1,three_one_negative,0,0
淡紅,primary,tip_middle_root_1_2_2,Random Forest,4,20,舌根,3,three_one_positive,1,0
淡紅,primary,tip_middle_root_1_2_2,Random Forest,4,25,舌左邊,1,three_one_negative,0,0
淡紅,primary,tip_middle_root_1_2_2,Random Forest,4,25,舌右邊,1,three_one_negative,0,0
淡紅,primary,tip_middle_root_1_2_2,Random Forest,4,25,舌根,1,three_one_negative,0,0
淡紅,primary,tip_middle_root_1_2_2,Random Forest,4,30,舌左邊,1,three_one_negative,0,0
淡紅,primary,tip_middle_root_1_2_2,Random Forest,4,30,舌右邊,1,three_one_negative,0,0
淡紅,primary,tip_middle_root_1_2_2,Random Forest,4,35,舌中,1,three_one_negative,0,1
淡紅,primary,tip_middle_root_1_2_2,Random Forest,4,35,舌左邊,1,three_one_negative,0,1
淡紅,primary,tip_middle_root_1_2_2,Random Forest,4,35,舌右邊,1,three_one_negative,0,1
淡紅,primary,tip_middle_root_1_2_2,Random Forest,4,35,舌根,1,three_one_negative,0,1
淡紅,primary,tip_middle_root_1_2_2,Random Forest,4,38,舌尖,3,three_one_positive,1,0
淡紅,primary,tip_middle_root_1_2_2,Random Forest,4,38,舌中,3,three_one_positive,1,1
淡紅,primary,tip_middle_root_1_2_2,Random Forest,4,38,舌左邊,3,three_one_positive,1,0
淡紅,primary,tip_middle_root_1_2_2,Random Forest,4,38,舌右邊,3,three_one_positive,1,0
淡紅,primary,tip_middle_root_1_2_2,Random Forest,4,4,舌尖,1,three_one_negative,0,0
淡紅,primary,tip_middle_root_1_2_2,Random Forest,4,4,舌中,1,three_one_negative,0,0
淡紅,primary,tip_middle_root_1_2_2,Random Forest,4,44,舌根,1,three_one_negative,0,0
淡紅,primary,tip_middle_root_1_2_2,Random Forest,4,52,舌中,3,three_one_positive,1,0
淡紅,primary,tip_middle_root_1_2_2,Random Forest,4,52,舌左邊,3,three_one_positive,1,1
淡紅,primary,tip_middle_root_1_2_2,Random Forest,4,52,舌右邊,3,three_one_positive,1,0
淡紅,primary,tip_middle_root_1_2_2,Random Forest,4,52,舌根,3,three_one_positive,1,0
淡紅,primary,tip_middle_root_1_2_2,Random Forest,4,58,舌根,1,three_one_negative,0,0
淡紅,primary,tip_middle_root_1_2_2,Random Forest,4,79,舌中,1,three_one_negative,0,0
淡紅,primary,tip_middle_root_1_2_2,Random Forest,4,84,舌尖,3,three_one_positive,1,0
淡紅,primary,tip_middle_root_1_2_2,Random Forest,4,84,舌中,3,three_one_positive,1,0
淡紅,primary,tip_middle_root_1_2_2,Random Forest,4,84,舌左邊,3,three_one_positive,1,0
淡紅,primary,tip_middle_root_1_2_2,Random Forest,4,84,舌右邊,3,three_one_positive,1,0
淡紅,primary,tip_middle_root_1_2_2,Random Forest,4,84,舌根,3,three_one_positive,1,0
淡紅,primary,tip_middle_root_1_2_2,SVM,5,26,舌尖,3,three_one_positive,1,1
淡紅,primary,tip_middle_root_1_2_2,SVM,5,26,舌中,3,three_one_positive,1,1
淡紅,primary,tip_middle_root_1_2_2,SVM,5,27,舌尖,3,three_one_positive,1,1
淡紅,primary,tip_middle_root_1_2_2,SVM,5,27,舌右邊,3,three_one_positive,1,0
淡紅,primary,tip_middle_root_1_2_2,SVM,5,28,舌尖,3,three_one_positive,1,1
淡紅,primary,tip_middle_root_1_2_2,SVM,5,34,舌尖,1,three_one_negative,0,1
淡紅,primary,tip_middle_root_1_2_2,SVM,5,34,舌左邊,1,three_one_negative,0,1
淡紅,primary,tip_middle_root_1_2_2,SVM,5,34,舌右邊,1,three_one_negative,0,1
淡紅,primary,tip_middle_root_1_2_2,SVM,5,34,舌根,1,three_one_negative,0,0
淡紅,primary,tip_middle_root_1_2_2,SVM,5,36,舌中,3,three_one_positive,1,0
淡紅,primary,tip_middle_root_1_2_2,SVM,5,36,舌左邊,3,three_one_positive,1,1
淡紅,primary,tip_middle_root_1_2_2,SVM,5,36,舌右邊,3,three_one_positive,1,1
淡紅,primary,tip_middle_root_1_2_2,SVM,5,36,舌根,3,three_one_positive,1,1
淡紅,primary,tip_middle_root_1_2_2,SVM,5,37,舌中,3,three_one_positive,1,1
淡紅,primary,tip_middle_root_1_2_2,SVM,5,37,舌根,3,three_one_positive,1,0
淡紅,primary,tip_middle_root_1_2_2,SVM,5,39,舌尖,3,three_one_positive,1,1
淡紅,primary,tip_middle_root_1_2_2,SVM,5,39,舌左邊,3,three_one_positive,1,1
淡紅,primary,tip_middle_root_1_2_2,SVM,5,42,舌尖,1,three_one_negative,0,1
淡紅,primary,tip_middle_root_1_2_2,SVM,5,42,舌左邊,1,three_one_negative,0,0
淡紅,primary,tip_middle_root_1_2_2,SVM,5,42,舌右邊,1,three_one_negative,0,0
淡紅,primary,tip_middle_root_1_2_2,SVM,5,59,舌尖,1,three_one_negative,0,1
淡紅,primary,tip_middle_root_1_2_2,SVM,5,59,舌中,1,three_one_negative,0,1
淡紅,primary,tip_middle_root_1_2_2,SVM,5,59,舌左邊,1,three_one_negative,0,1
淡紅,primary,tip_middle_root_1_2_2,SVM,5,59,舌右邊,1,three_one_negative,0,1
淡紅,primary,tip_middle_root_1_2_2,SVM,5,59,舌根,1,three_one_negative,0,0
淡紅,primary,tip_middle_root_1_2_2,SVM,5,6,舌尖,1,three_one_negative,0,0
淡紅,primary,tip_middle_root_1_2_2,SVM,5,82,舌中,1,three_one_negative,0,0
淡紅,primary,tip_middle_root_1_2_2,SVM,5,82,舌根,1,three_one_negative,0,0
淡紅,primary,tip_middle_root_1_2_2,SVM,5,91,舌尖,1,three_one_negative,0,1
淡紅,primary,tip_middle_root_1_2_2,SVM,5,91,舌中,1,three_one_negative,0,1
淡紅,primary,tip_middle_root_1_2_2,SVM,5,91,舌左邊,1,three_one_negative,0,1
淡紅,primary,tip_middle_root_1_2_2,SVM,5,91,舌右邊,1,three_one_negative,0,1
淡紅,primary,tip_middle_root_1_2_2,SVM,5,91,舌根,1,three_one_negative,0,1
淡紅,primary,tip_middle_root_1_2_2,SVM,5,98,舌中,1,three_one_negative,0,1
淡紅,primary,tip_middle_root_1_2_2,SVM,5,98,舌左邊,1,three_one_negative,0,0
淡紅,primary,tip_middle_root_1_2_2,SVM,5,98,舌右邊,1,three_one_negative,0,0
淡紅,primary,tip_middle_root_1_2_2,SVM,5,98,舌根,1,three_one_negative,0,0
淡紅,primary,tip_middle_root_1_2_2,Random Forest,5,26,舌尖,3,three_one_positive,1,1
淡紅,primary,tip_middle_root_1_2_2,Random Forest,5,26,舌中,3,three_one_positive,1,1
淡紅,primary,tip_middle_root_1_2_2,Random Forest,5,27,舌尖,3,three_one_positive,1,0
淡紅,primary,tip_middle_root_1_2_2,Random Forest,5,27,舌右邊,3,three_one_positive,1,0
淡紅,primary,tip_middle_root_1_2_2,Random Forest,5,28,舌尖,3,three_one_positive,1,1
淡紅,primary,tip_middle_root_1_2_2,Random Forest,5,34,舌尖,1,three_one_negative,0,1
淡紅,primary,tip_middle_root_1_2_2,Random Forest,5,34,舌左邊,1,three_one_negative,0,1
淡紅,primary,tip_middle_root_1_2_2,Random Forest,5,34,舌右邊,1,three_one_negative,0,1
淡紅,primary,tip_middle_root_1_2_2,Random Forest,5,34,舌根,1,three_one_negative,0,0
淡紅,primary,tip_middle_root_1_2_2,Random Forest,5,36,舌中,3,three_one_positive,1,1
淡紅,primary,tip_middle_root_1_2_2,Random Forest,5,36,舌左邊,3,three_one_positive,1,1
淡紅,primary,tip_middle_root_1_2_2,Random Forest,5,36,舌右邊,3,three_one_positive,1,1
淡紅,primary,tip_middle_root_1_2_2,Random Forest,5,36,舌根,3,three_one_positive,1,1
淡紅,primary,tip_middle_root_1_2_2,Random Forest,5,37,舌中,3,three_one_positive,1,0
淡紅,primary,tip_middle_root_1_2_2,Random Forest,5,37,舌根,3,three_one_positive,1,0
淡紅,primary,tip_middle_root_1_2_2,Random Forest,5,39,舌尖,3,three_one_positive,1,1
淡紅,primary,tip_middle_root_1_2_2,Random Forest,5,39,舌左邊,3,three_one_positive,1,1
淡紅,primary,tip_middle_root_1_2_2,Random Forest,5,42,舌尖,1,three_one_negative,0,1
淡紅,primary,tip_middle_root_1_2_2,Random Forest,5,42,舌左邊,1,three_one_negative,0,0
淡紅,primary,tip_middle_root_1_2_2,Random Forest,5,42,舌右邊,1,three_one_negative,0,0
淡紅,primary,tip_middle_root_1_2_2,Random Forest,5,59,舌尖,1,three_one_negative,0,1
淡紅,primary,tip_middle_root_1_2_2,Random Forest,5,59,舌中,1,three_one_negative,0,1
淡紅,primary,tip_middle_root_1_2_2,Random Forest,5,59,舌左邊,1,three_one_negative,0,1
淡紅,primary,tip_middle_root_1_2_2,Random Forest,5,59,舌右邊,1,three_one_negative,0,1
淡紅,primary,tip_middle_root_1_2_2,Random Forest,5,59,舌根,1,three_one_negative,0,0
淡紅,primary,tip_middle_root_1_2_2,Random Forest,5,6,舌尖,1,three_one_negative,0,0
淡紅,primary,tip_middle_root_1_2_2,Random Forest,5,82,舌中,1,three_one_negative,0,0
淡紅,primary,tip_middle_root_1_2_2,Random Forest,5,82,舌根,1,three_one_negative,0,0
淡紅,primary,tip_middle_root_1_2_2,Random Forest,5,91,舌尖,1,three_one_negative,0,0
淡紅,primary,tip_middle_root_1_2_2,Random Forest,5,91,舌中,1,three_one_negative,0,0
淡紅,primary,tip_middle_root_1_2_2,Random Forest,5,91,舌左邊,1,three_one_negative,0,1
淡紅,primary,tip_middle_root_1_2_2,Random Forest,5,91,舌右邊,1,three_one_negative,0,1
淡紅,primary,tip_middle_root_1_2_2,Random Forest,5,91,舌根,1,three_one_negative,0,0
淡紅,primary,tip_middle_root_1_2_2,Random Forest,5,98,舌中,1,three_one_negative,0,0
淡紅,primary,tip_middle_root_1_2_2,Random Forest,5,98,舌左邊,1,three_one_negative,0,0
淡紅,primary,tip_middle_root_1_2_2,Random Forest,5,98,舌右邊,1,three_one_negative,0,0
淡紅,primary,tip_middle_root_1_2_2,Random Forest,5,98,舌根,1,three_one_negative,0,0
淡紅,primary,tip_middle_root_1_3_1,SVM,1,17,舌尖,3,three_one_positive,1,1
淡紅,primary,tip_middle_root_1_3_1,SVM,1,17,舌左邊,1,three_one_negative,0,1
淡紅,primary,tip_middle_root_1_3_1,SVM,1,17,舌右邊,1,three_one_negative,0,1
淡紅,primary,tip_middle_root_1_3_1,SVM,1,19,舌尖,3,three_one_positive,1,1
淡紅,primary,tip_middle_root_1_3_1,SVM,1,19,舌中,3,three_one_positive,1,1
淡紅,primary,tip_middle_root_1_3_1,SVM,1,19,舌左邊,3,three_one_positive,1,1
淡紅,primary,tip_middle_root_1_3_1,SVM,1,19,舌右邊,3,three_one_positive,1,1
淡紅,primary,tip_middle_root_1_3_1,SVM,1,19,舌根,3,three_one_positive,1,0
淡紅,primary,tip_middle_root_1_3_1,SVM,1,21,舌中,3,three_one_positive,1,1
淡紅,primary,tip_middle_root_1_3_1,SVM,1,21,舌左邊,3,three_one_positive,1,0
淡紅,primary,tip_middle_root_1_3_1,SVM,1,21,舌右邊,3,three_one_positive,1,0
淡紅,primary,tip_middle_root_1_3_1,SVM,1,21,舌根,3,three_one_positive,1,0
淡紅,primary,tip_middle_root_1_3_1,SVM,1,31,舌尖,1,three_one_negative,0,1
淡紅,primary,tip_middle_root_1_3_1,SVM,1,31,舌中,1,three_one_negative,0,1
淡紅,primary,tip_middle_root_1_3_1,SVM,1,31,舌根,1,three_one_negative,0,0
淡紅,primary,tip_middle_root_1_3_1,SVM,1,40,舌尖,1,three_one_negative,0,0
淡紅,primary,tip_middle_root_1_3_1,SVM,1,40,舌中,1,three_one_negative,0,1
淡紅,primary,tip_middle_root_1_3_1,SVM,1,40,舌左邊,1,three_one_negative,0,1
淡紅,primary,tip_middle_root_1_3_1,SVM,1,40,舌右邊,1,three_one_negative,0,1
淡紅,primary,tip_middle_root_1_3_1,SVM,1,40,舌根,1,three_one_negative,0,1
淡紅,primary,tip_middle_root_1_3_1,SVM,1,45,舌中,1,three_one_negative,0,0
淡紅,primary,tip_middle_root_1_3_1,SVM,1,45,舌左邊,3,three_one_positive,1,1
淡紅,primary,tip_middle_root_1_3_1,SVM,1,45,舌右邊,3,three_one_positive,1,0
淡紅,primary,tip_middle_root_1_3_1,SVM,1,45,舌根,1,three_one_negative,0,0
淡紅,primary,tip_middle_root_1_3_1,SVM,1,55,舌尖,3,three_one_positive,1,1
淡紅,primary,tip_middle_root_1_3_1,SVM,1,55,舌中,3,three_one_positive,1,0
淡紅,primary,tip_middle_root_1_3_1,SVM,1,55,舌左邊,3,three_one_positive,1,1
淡紅,primary,tip_middle_root_1_3_1,SVM,1,55,舌右邊,3,three_one_positive,1,1
淡紅,primary,tip_middle_root_1_3_1,SVM,1,7,舌中,1,three_one_negative,0,0
淡紅,primary,tip_middle_root_1_3_1,SVM,1,7,舌根,1,three_one_negative,0,0
淡紅,primary,tip_middle_root_1_3_1,SVM,1,73,舌左邊,1,three_one_negative,0,0
淡紅,primary,tip_middle_root_1_3_1,SVM,1,73,舌右邊,1,three_one_negative,0,0
淡紅,primary,tip_middle_root_1_3_1,SVM,1,74,舌中,1,three_one_negative,0,0
淡紅,primary,tip_middle_root_1_3_1,SVM,1,74,舌左邊,1,three_one_negative,0,0
淡紅,primary,tip_middle_root_1_3_1,SVM,1,74,舌右邊,1,three_one_negative,0,0
淡紅,primary,tip_middle_root_1_3_1,SVM,1,74,舌根,1,three_one_negative,0,0
淡紅,primary,tip_middle_root_1_3_1,SVM,1,86,舌尖,3,three_one_positive,1,0
淡紅,primary,tip_middle_root_1_3_1,SVM,1,86,舌左邊,3,three_one_positive,1,1
淡紅,primary,tip_middle_root_1_3_1,SVM,1,86,舌右邊,3,three_one_positive,1,1
淡紅,primary,tip_middle_root_1_3_1,SVM,1,92,舌中,1,three_one_negative,0,0
淡紅,primary,tip_middle_root_1_3_1,SVM,1,92,舌左邊,1,three_one_negative,0,0
淡紅,primary,tip_middle_root_1_3_1,SVM,1,92,舌根,1,three_one_negative,0,0
淡紅,primary,tip_middle_root_1_3_1,SVM,1,93,舌尖,1,three_one_negative,0,0
淡紅,primary,tip_middle_root_1_3_1,Random Forest,1,17,舌尖,3,three_one_positive,1,1
淡紅,primary,tip_middle_root_1_3_1,Random Forest,1,17,舌左邊,1,three_one_negative,0,1
淡紅,primary,tip_middle_root_1_3_1,Random Forest,1,17,舌右邊,1,three_one_negative,0,1
淡紅,primary,tip_middle_root_1_3_1,Random Forest,1,19,舌尖,3,three_one_positive,1,1
淡紅,primary,tip_middle_root_1_3_1,Random Forest,1,19,舌中,3,three_one_positive,1,1
淡紅,primary,tip_middle_root_1_3_1,Random Forest,1,19,舌左邊,3,three_one_positive,1,1
淡紅,primary,tip_middle_root_1_3_1,Random Forest,1,19,舌右邊,3,three_one_positive,1,1
淡紅,primary,tip_middle_root_1_3_1,Random Forest,1,19,舌根,3,three_one_positive,1,0
淡紅,primary,tip_middle_root_1_3_1,Random Forest,1,21,舌中,3,three_one_positive,1,1
淡紅,primary,tip_middle_root_1_3_1,Random Forest,1,21,舌左邊,3,three_one_positive,1,1
淡紅,primary,tip_middle_root_1_3_1,Random Forest,1,21,舌右邊,3,three_one_positive,1,0
淡紅,primary,tip_middle_root_1_3_1,Random Forest,1,21,舌根,3,three_one_positive,1,1
淡紅,primary,tip_middle_root_1_3_1,Random Forest,1,31,舌尖,1,three_one_negative,0,1
淡紅,primary,tip_middle_root_1_3_1,Random Forest,1,31,舌中,1,three_one_negative,0,0
淡紅,primary,tip_middle_root_1_3_1,Random Forest,1,31,舌根,1,three_one_negative,0,0
淡紅,primary,tip_middle_root_1_3_1,Random Forest,1,40,舌尖,1,three_one_negative,0,0
淡紅,primary,tip_middle_root_1_3_1,Random Forest,1,40,舌中,1,three_one_negative,0,1
淡紅,primary,tip_middle_root_1_3_1,Random Forest,1,40,舌左邊,1,three_one_negative,0,1
淡紅,primary,tip_middle_root_1_3_1,Random Forest,1,40,舌右邊,1,three_one_negative,0,1
淡紅,primary,tip_middle_root_1_3_1,Random Forest,1,40,舌根,1,three_one_negative,0,1
淡紅,primary,tip_middle_root_1_3_1,Random Forest,1,45,舌中,1,three_one_negative,0,0
淡紅,primary,tip_middle_root_1_3_1,Random Forest,1,45,舌左邊,3,three_one_positive,1,1
淡紅,primary,tip_middle_root_1_3_1,Random Forest,1,45,舌右邊,3,three_one_positive,1,1
淡紅,primary,tip_middle_root_1_3_1,Random Forest,1,45,舌根,1,three_one_negative,0,0
淡紅,primary,tip_middle_root_1_3_1,Random Forest,1,55,舌尖,3,three_one_positive,1,1
淡紅,primary,tip_middle_root_1_3_1,Random Forest,1,55,舌中,3,three_one_positive,1,1
淡紅,primary,tip_middle_root_1_3_1,Random Forest,1,55,舌左邊,3,three_one_positive,1,1
淡紅,primary,tip_middle_root_1_3_1,Random Forest,1,55,舌右邊,3,three_one_positive,1,1
淡紅,primary,tip_middle_root_1_3_1,Random Forest,1,7,舌中,1,three_one_negative,0,0
淡紅,primary,tip_middle_root_1_3_1,Random Forest,1,7,舌根,1,three_one_negative,0,0
淡紅,primary,tip_middle_root_1_3_1,Random Forest,1,73,舌左邊,1,three_one_negative,0,0
淡紅,primary,tip_middle_root_1_3_1,Random Forest,1,73,舌右邊,1,three_one_negative,0,0
淡紅,primary,tip_middle_root_1_3_1,Random Forest,1,74,舌中,1,three_one_negative,0,0
淡紅,primary,tip_middle_root_1_3_1,Random Forest,1,74,舌左邊,1,three_one_negative,0,0
淡紅,primary,tip_middle_root_1_3_1,Random Forest,1,74,舌右邊,1,three_one_negative,0,1
淡紅,primary,tip_middle_root_1_3_1,Random Forest,1,74,舌根,1,three_one_negative,0,0
淡紅,primary,tip_middle_root_1_3_1,Random Forest,1,86,舌尖,3,three_one_positive,1,0
淡紅,primary,tip_middle_root_1_3_1,Random Forest,1,86,舌左邊,3,three_one_positive,1,0
淡紅,primary,tip_middle_root_1_3_1,Random Forest,1,86,舌右邊,3,three_one_positive,1,0
淡紅,primary,tip_middle_root_1_3_1,Random Forest,1,92,舌中,1,three_one_negative,0,0
淡紅,primary,tip_middle_root_1_3_1,Random Forest,1,92,舌左邊,1,three_one_negative,0,0
淡紅,primary,tip_middle_root_1_3_1,Random Forest,1,92,舌根,1,three_one_negative,0,0
淡紅,primary,tip_middle_root_1_3_1,Random Forest,1,93,舌尖,1,three_one_negative,0,0
淡紅,primary,tip_middle_root_1_3_1,SVM,2,12,舌中,3,three_one_positive,1,0
淡紅,primary,tip_middle_root_1_3_1,SVM,2,14,舌中,3,three_one_positive,1,0
淡紅,primary,tip_middle_root_1_3_1,SVM,2,14,舌左邊,3,three_one_positive,1,0
淡紅,primary,tip_middle_root_1_3_1,SVM,2,14,舌右邊,3,three_one_positive,1,0
淡紅,primary,tip_middle_root_1_3_1,SVM,2,14,舌根,3,three_one_positive,1,0
淡紅,primary,tip_middle_root_1_3_1,SVM,2,24,舌中,1,three_one_negative,0,0
淡紅,primary,tip_middle_root_1_3_1,SVM,2,24,舌根,1,three_one_negative,0,0
淡紅,primary,tip_middle_root_1_3_1,SVM,2,32,舌尖,1,three_one_negative,0,1
淡紅,primary,tip_middle_root_1_3_1,SVM,2,32,舌左邊,1,three_one_negative,0,1
淡紅,primary,tip_middle_root_1_3_1,SVM,2,32,舌右邊,1,three_one_negative,0,1
淡紅,primary,tip_middle_root_1_3_1,SVM,2,46,舌根,3,three_one_positive,1,0
淡紅,primary,tip_middle_root_1_3_1,SVM,2,47,舌左邊,1,three_one_negative,0,1
淡紅,primary,tip_middle_root_1_3_1,SVM,2,50,舌尖,1,three_one_negative,0,1
淡紅,primary,tip_middle_root_1_3_1,SVM,2,53,舌尖,1,three_one_negative,0,1
淡紅,primary,tip_middle_root_1_3_1,SVM,2,54,舌尖,3,three_one_positive,1,0
淡紅,primary,tip_middle_root_1_3_1,SVM,2,54,舌根,3,three_one_positive,1,0
淡紅,primary,tip_middle_root_1_3_1,SVM,2,57,舌尖,1,three_one_negative,0,1
淡紅,primary,tip_middle_root_1_3_1,SVM,2,57,舌左邊,1,three_one_negative,0,1
淡紅,primary,tip_middle_root_1_3_1,SVM,2,57,舌右邊,1,three_one_negative,0,0
淡紅,primary,tip_middle_root_1_3_1,SVM,2,80,舌根,1,three_one_negative,0,0
淡紅,primary,tip_middle_root_1_3_1,SVM,2,90,舌尖,1,three_one_negative,0,0
淡紅,primary,tip_middle_root_1_3_1,SVM,2,90,舌中,1,three_one_negative,0,0
淡紅,primary,tip_middle_root_1_3_1,SVM,2,90,舌左邊,1,three_one_negative,0,0
淡紅,primary,tip_middle_root_1_3_1,SVM,2,90,舌右邊,1,three_one_negative,0,0
淡紅,primary,tip_middle_root_1_3_1,SVM,2,90,舌根,1,three_one_negative,0,1
淡紅,primary,tip_middle_root_1_3_1,SVM,2,95,舌尖,1,three_one_negative,0,0
淡紅,primary,tip_middle_root_1_3_1,SVM,2,95,舌中,1,three_one_negative,0,0
淡紅,primary,tip_middle_root_1_3_1,SVM,2,95,舌左邊,1,three_one_negative,0,0
淡紅,primary,tip_middle_root_1_3_1,SVM,2,95,舌右邊,1,three_one_negative,0,0
淡紅,primary,tip_middle_root_1_3_1,SVM,2,95,舌根,1,three_one_negative,0,0
淡紅,primary,tip_middle_root_1_3_1,Random Forest,2,12,舌中,3,three_one_positive,1,0
淡紅,primary,tip_middle_root_1_3_1,Random Forest,2,14,舌中,3,three_one_positive,1,0
淡紅,primary,tip_middle_root_1_3_1,Random Forest,2,14,舌左邊,3,three_one_positive,1,0
淡紅,primary,tip_middle_root_1_3_1,Random Forest,2,14,舌右邊,3,three_one_positive,1,0
淡紅,primary,tip_middle_root_1_3_1,Random Forest,2,14,舌根,3,three_one_positive,1,0
淡紅,primary,tip_middle_root_1_3_1,Random Forest,2,24,舌中,1,three_one_negative,0,0
淡紅,primary,tip_middle_root_1_3_1,Random Forest,2,24,舌根,1,three_one_negative,0,0
淡紅,primary,tip_middle_root_1_3_1,Random Forest,2,32,舌尖,1,three_one_negative,0,1
淡紅,primary,tip_middle_root_1_3_1,Random Forest,2,32,舌左邊,1,three_one_negative,0,1
淡紅,primary,tip_middle_root_1_3_1,Random Forest,2,32,舌右邊,1,three_one_negative,0,1
淡紅,primary,tip_middle_root_1_3_1,Random Forest,2,46,舌根,3,three_one_positive,1,0
淡紅,primary,tip_middle_root_1_3_1,Random Forest,2,47,舌左邊,1,three_one_negative,0,1
淡紅,primary,tip_middle_root_1_3_1,Random Forest,2,50,舌尖,1,three_one_negative,0,1
淡紅,primary,tip_middle_root_1_3_1,Random Forest,2,53,舌尖,1,three_one_negative,0,1
淡紅,primary,tip_middle_root_1_3_1,Random Forest,2,54,舌尖,3,three_one_positive,1,0
淡紅,primary,tip_middle_root_1_3_1,Random Forest,2,54,舌根,3,three_one_positive,1,0
淡紅,primary,tip_middle_root_1_3_1,Random Forest,2,57,舌尖,1,three_one_negative,0,1
淡紅,primary,tip_middle_root_1_3_1,Random Forest,2,57,舌左邊,1,three_one_negative,0,0
淡紅,primary,tip_middle_root_1_3_1,Random Forest,2,57,舌右邊,1,three_one_negative,0,0
淡紅,primary,tip_middle_root_1_3_1,Random Forest,2,80,舌根,1,three_one_negative,0,0
淡紅,primary,tip_middle_root_1_3_1,Random Forest,2,90,舌尖,1,three_one_negative,0,0
淡紅,primary,tip_middle_root_1_3_1,Random Forest,2,90,舌中,1,three_one_negative,0,0
淡紅,primary,tip_middle_root_1_3_1,Random Forest,2,90,舌左邊,1,three_one_negative,0,0
淡紅,primary,tip_middle_root_1_3_1,Random Forest,2,90,舌右邊,1,three_one_negative,0,0
淡紅,primary,tip_middle_root_1_3_1,Random Forest,2,90,舌根,1,three_one_negative,0,0
淡紅,primary,tip_middle_root_1_3_1,Random Forest,2,95,舌尖,1,three_one_negative,0,0
淡紅,primary,tip_middle_root_1_3_1,Random Forest,2,95,舌中,1,three_one_negative,0,0
淡紅,primary,tip_middle_root_1_3_1,Random Forest,2,95,舌左邊,1,three_one_negative,0,0
淡紅,primary,tip_middle_root_1_3_1,Random Forest,2,95,舌右邊,1,three_one_negative,0,0
淡紅,primary,tip_middle_root_1_3_1,Random Forest,2,95,舌根,1,three_one_negative,0,0
淡紅,primary,tip_middle_root_1_3_1,SVM,3,13,舌尖,1,three_one_negative,0,0
淡紅,primary,tip_middle_root_1_3_1,SVM,3,13,舌左邊,1,three_one_negative,0,0
淡紅,primary,tip_middle_root_1_3_1,SVM,3,13,舌右邊,1,three_one_negative,0,0
淡紅,primary,tip_middle_root_1_3_1,SVM,3,15,舌中,3,three_one_positive,1,0
淡紅,primary,tip_middle_root_1_3_1,SVM,3,15,舌根,3,three_one_positive,1,0
淡紅,primary,tip_middle_root_1_3_1,SVM,3,23,舌中,3,three_one_positive,1,1
淡紅,primary,tip_middle_root_1_3_1,SVM,3,23,舌左邊,3,three_one_positive,1,1
淡紅,primary,tip_middle_root_1_3_1,SVM,3,23,舌根,3,three_one_positive,1,1
淡紅,primary,tip_middle_root_1_3_1,SVM,3,29,舌右邊,3,three_one_positive,1,1
淡紅,primary,tip_middle_root_1_3_1,SVM,3,29,舌根,3,three_one_positive,1,0
淡紅,primary,tip_middle_root_1_3_1,SVM,3,41,舌左邊,3,three_one_positive,1,0
淡紅,primary,tip_middle_root_1_3_1,SVM,3,41,舌右邊,3,three_one_positive,1,0
淡紅,primary,tip_middle_root_1_3_1,SVM,3,41,舌根,3,three_one_positive,1,0
淡紅,primary,tip_middle_root_1_3_1,SVM,3,43,舌尖,1,three_one_negative,0,1
淡紅,primary,tip_middle_root_1_3_1,SVM,3,43,舌左邊,1,three_one_negative,0,0
淡紅,primary,tip_middle_root_1_3_1,SVM,3,43,舌右邊,1,three_one_negative,0,0
淡紅,primary,tip_middle_root_1_3_1,SVM,3,43,舌根,1,three_one_negative,0,0
淡紅,primary,tip_middle_root_1_3_1,SVM,3,49,舌尖,3,three_one_positive,1,1
淡紅,primary,tip_middle_root_1_3_1,SVM,3,49,舌左邊,3,three_one_positive,1,1
淡紅,primary,tip_middle_root_1_3_1,SVM,3,51,舌尖,1,three_one_negative,0,0
淡紅,primary,tip_middle_root_1_3_1,SVM,3,51,舌中,1,three_one_negative,0,1
淡紅,primary,tip_middle_root_1_3_1,SVM,3,51,舌左邊,1,three_one_negative,0,1
淡紅,primary,tip_middle_root_1_3_1,SVM,3,51,舌右邊,1,three_one_negative,0,0
淡紅,primary,tip_middle_root_1_3_1,SVM,3,51,舌根,1,three_one_negative,0,0
淡紅,primary,tip_middle_root_1_3_1,SVM,3,60,舌左邊,1,three_one_negative,0,1
淡紅,primary,tip_middle_root_1_3_1,SVM,3,60,舌右邊,1,three_one_negative,0,0
淡紅,primary,tip_middle_root_1_3_1,SVM,3,69,舌左邊,1,three_one_negative,0,0
淡紅,primary,tip_middle_root_1_3_1,SVM,3,78,舌尖,1,three_one_negative,0,0
淡紅,primary,tip_middle_root_1_3_1,SVM,3,94,舌尖,1,three_one_negative,0,0
淡紅,primary,tip_middle_root_1_3_1,SVM,3,97,舌中,1,three_one_negative,0,0
淡紅,primary,tip_middle_root_1_3_1,SVM,3,97,舌根,1,three_one_negative,0,0
淡紅,primary,tip_middle_root_1_3_1,Random Forest,3,13,舌尖,1,three_one_negative,0,0
淡紅,primary,tip_middle_root_1_3_1,Random Forest,3,13,舌左邊,1,three_one_negative,0,0
淡紅,primary,tip_middle_root_1_3_1,Random Forest,3,13,舌右邊,1,three_one_negative,0,0
淡紅,primary,tip_middle_root_1_3_1,Random Forest,3,15,舌中,3,three_one_positive,1,0
淡紅,primary,tip_middle_root_1_3_1,Random Forest,3,15,舌根,3,three_one_positive,1,0
淡紅,primary,tip_middle_root_1_3_1,Random Forest,3,23,舌中,3,three_one_positive,1,0
淡紅,primary,tip_middle_root_1_3_1,Random Forest,3,23,舌左邊,3,three_one_positive,1,0
淡紅,primary,tip_middle_root_1_3_1,Random Forest,3,23,舌根,3,three_one_positive,1,1
淡紅,primary,tip_middle_root_1_3_1,Random Forest,3,29,舌右邊,3,three_one_positive,1,1
淡紅,primary,tip_middle_root_1_3_1,Random Forest,3,29,舌根,3,three_one_positive,1,0
淡紅,primary,tip_middle_root_1_3_1,Random Forest,3,41,舌左邊,3,three_one_positive,1,1
淡紅,primary,tip_middle_root_1_3_1,Random Forest,3,41,舌右邊,3,three_one_positive,1,1
淡紅,primary,tip_middle_root_1_3_1,Random Forest,3,41,舌根,3,three_one_positive,1,0
淡紅,primary,tip_middle_root_1_3_1,Random Forest,3,43,舌尖,1,three_one_negative,0,1
淡紅,primary,tip_middle_root_1_3_1,Random Forest,3,43,舌左邊,1,three_one_negative,0,0
淡紅,primary,tip_middle_root_1_3_1,Random Forest,3,43,舌右邊,1,three_one_negative,0,0
淡紅,primary,tip_middle_root_1_3_1,Random Forest,3,43,舌根,1,three_one_negative,0,0
淡紅,primary,tip_middle_root_1_3_1,Random Forest,3,49,舌尖,3,three_one_positive,1,0
淡紅,primary,tip_middle_root_1_3_1,Random Forest,3,49,舌左邊,3,three_one_positive,1,1
淡紅,primary,tip_middle_root_1_3_1,Random Forest,3,51,舌尖,1,three_one_negative,0,0
淡紅,primary,tip_middle_root_1_3_1,Random Forest,3,51,舌中,1,three_one_negative,0,1
淡紅,primary,tip_middle_root_1_3_1,Random Forest,3,51,舌左邊,1,three_one_negative,0,1
淡紅,primary,tip_middle_root_1_3_1,Random Forest,3,51,舌右邊,1,three_one_negative,0,0
淡紅,primary,tip_middle_root_1_3_1,Random Forest,3,51,舌根,1,three_one_negative,0,0
淡紅,primary,tip_middle_root_1_3_1,Random Forest,3,60,舌左邊,1,three_one_negative,0,1
淡紅,primary,tip_middle_root_1_3_1,Random Forest,3,60,舌右邊,1,three_one_negative,0,1
淡紅,primary,tip_middle_root_1_3_1,Random Forest,3,69,舌左邊,1,three_one_negative,0,0
淡紅,primary,tip_middle_root_1_3_1,Random Forest,3,78,舌尖,1,three_one_negative,0,0
淡紅,primary,tip_middle_root_1_3_1,Random Forest,3,94,舌尖,1,three_one_negative,0,0
淡紅,primary,tip_middle_root_1_3_1,Random Forest,3,97,舌中,1,three_one_negative,0,0
淡紅,primary,tip_middle_root_1_3_1,Random Forest,3,97,舌根,1,three_one_negative,0,0
淡紅,primary,tip_middle_root_1_3_1,SVM,4,1,舌尖,1,three_one_negative,0,0
淡紅,primary,tip_middle_root_1_3_1,SVM,4,18,舌中,3,three_one_positive,1,1
淡紅,primary,tip_middle_root_1_3_1,SVM,4,18,舌根,3,three_one_positive,1,0
淡紅,primary,tip_middle_root_1_3_1,SVM,4,2,舌尖,1,three_one_negative,0,1
淡紅,primary,tip_middle_root_1_3_1,SVM,4,20,舌根,3,three_one_positive,1,0
淡紅,primary,tip_middle_root_1_3_1,SVM,4,25,舌左邊,1,three_one_negative,0,1
淡紅,primary,tip_middle_root_1_3_1,SVM,4,25,舌右邊,1,three_one_negative,0,0
淡紅,primary,tip_middle_root_1_3_1,SVM,4,25,舌根,1,three_one_negative,0,0
淡紅,primary,tip_middle_root_1_3_1,SVM,4,30,舌左邊,1,three_one_negative,0,1
淡紅,primary,tip_middle_root_1_3_1,SVM,4,30,舌右邊,1,three_one_negative,0,1
淡紅,primary,tip_middle_root_1_3_1,SVM,4,35,舌中,1,three_one_negative,0,0
淡紅,primary,tip_middle_root_1_3_1,SVM,4,35,舌左邊,1,three_one_negative,0,1
淡紅,primary,tip_middle_root_1_3_1,SVM,4,35,舌右邊,1,three_one_negative,0,1
淡紅,primary,tip_middle_root_1_3_1,SVM,4,35,舌根,1,three_one_negative,0,1
淡紅,primary,tip_middle_root_1_3_1,SVM,4,38,舌尖,3,three_one_positive,1,1
淡紅,primary,tip_middle_root_1_3_1,SVM,4,38,舌中,3,three_one_positive,1,1
淡紅,primary,tip_middle_root_1_3_1,SVM,4,38,舌左邊,3,three_one_positive,1,1
淡紅,primary,tip_middle_root_1_3_1,SVM,4,38,舌右邊,3,three_one_positive,1,0
淡紅,primary,tip_middle_root_1_3_1,SVM,4,4,舌尖,1,three_one_negative,0,0
淡紅,primary,tip_middle_root_1_3_1,SVM,4,4,舌中,1,three_one_negative,0,1
淡紅,primary,tip_middle_root_1_3_1,SVM,4,44,舌根,1,three_one_negative,0,0
淡紅,primary,tip_middle_root_1_3_1,SVM,4,52,舌中,3,three_one_positive,1,1
淡紅,primary,tip_middle_root_1_3_1,SVM,4,52,舌左邊,3,three_one_positive,1,1
淡紅,primary,tip_middle_root_1_3_1,SVM,4,52,舌右邊,3,three_one_positive,1,1
淡紅,primary,tip_middle_root_1_3_1,SVM,4,52,舌根,3,three_one_positive,1,0
淡紅,primary,tip_middle_root_1_3_1,SVM,4,58,舌根,1,three_one_negative,0,0
淡紅,primary,tip_middle_root_1_3_1,SVM,4,79,舌中,1,three_one_negative,0,0
淡紅,primary,tip_middle_root_1_3_1,SVM,4,84,舌尖,3,three_one_positive,1,0
淡紅,primary,tip_middle_root_1_3_1,SVM,4,84,舌中,3,three_one_positive,1,0
淡紅,primary,tip_middle_root_1_3_1,SVM,4,84,舌左邊,3,three_one_positive,1,0
淡紅,primary,tip_middle_root_1_3_1,SVM,4,84,舌右邊,3,three_one_positive,1,0
淡紅,primary,tip_middle_root_1_3_1,SVM,4,84,舌根,3,three_one_positive,1,0
淡紅,primary,tip_middle_root_1_3_1,Random Forest,4,1,舌尖,1,three_one_negative,0,0
淡紅,primary,tip_middle_root_1_3_1,Random Forest,4,18,舌中,3,three_one_positive,1,1
淡紅,primary,tip_middle_root_1_3_1,Random Forest,4,18,舌根,3,three_one_positive,1,0
淡紅,primary,tip_middle_root_1_3_1,Random Forest,4,2,舌尖,1,three_one_negative,0,0
淡紅,primary,tip_middle_root_1_3_1,Random Forest,4,20,舌根,3,three_one_positive,1,0
淡紅,primary,tip_middle_root_1_3_1,Random Forest,4,25,舌左邊,1,three_one_negative,0,0
淡紅,primary,tip_middle_root_1_3_1,Random Forest,4,25,舌右邊,1,three_one_negative,0,0
淡紅,primary,tip_middle_root_1_3_1,Random Forest,4,25,舌根,1,three_one_negative,0,0
淡紅,primary,tip_middle_root_1_3_1,Random Forest,4,30,舌左邊,1,three_one_negative,0,0
淡紅,primary,tip_middle_root_1_3_1,Random Forest,4,30,舌右邊,1,three_one_negative,0,0
淡紅,primary,tip_middle_root_1_3_1,Random Forest,4,35,舌中,1,three_one_negative,0,1
淡紅,primary,tip_middle_root_1_3_1,Random Forest,4,35,舌左邊,1,three_one_negative,0,1
淡紅,primary,tip_middle_root_1_3_1,Random Forest,4,35,舌右邊,1,three_one_negative,0,1
淡紅,primary,tip_middle_root_1_3_1,Random Forest,4,35,舌根,1,three_one_negative,0,0
淡紅,primary,tip_middle_root_1_3_1,Random Forest,4,38,舌尖,3,three_one_positive,1,0
淡紅,primary,tip_middle_root_1_3_1,Random Forest,4,38,舌中,3,three_one_positive,1,1
淡紅,primary,tip_middle_root_1_3_1,Random Forest,4,38,舌左邊,3,three_one_positive,1,0
淡紅,primary,tip_middle_root_1_3_1,Random Forest,4,38,舌右邊,3,three_one_positive,1,0
淡紅,primary,tip_middle_root_1_3_1,Random Forest,4,4,舌尖,1,three_one_negative,0,0
淡紅,primary,tip_middle_root_1_3_1,Random Forest,4,4,舌中,1,three_one_negative,0,0
淡紅,primary,tip_middle_root_1_3_1,Random Forest,4,44,舌根,1,three_one_negative,0,0
淡紅,primary,tip_middle_root_1_3_1,Random Forest,4,52,舌中,3,three_one_positive,1,0
淡紅,primary,tip_middle_root_1_3_1,Random Forest,4,52,舌左邊,3,three_one_positive,1,1
淡紅,primary,tip_middle_root_1_3_1,Random Forest,4,52,舌右邊,3,three_one_positive,1,0
淡紅,primary,tip_middle_root_1_3_1,Random Forest,4,52,舌根,3,three_one_positive,1,0
淡紅,primary,tip_middle_root_1_3_1,Random Forest,4,58,舌根,1,three_one_negative,0,0
淡紅,primary,tip_middle_root_1_3_1,Random Forest,4,79,舌中,1,three_one_negative,0,0
淡紅,primary,tip_middle_root_1_3_1,Random Forest,4,84,舌尖,3,three_one_positive,1,0
淡紅,primary,tip_middle_root_1_3_1,Random Forest,4,84,舌中,3,three_one_positive,1,0
淡紅,primary,tip_middle_root_1_3_1,Random Forest,4,84,舌左邊,3,three_one_positive,1,0
淡紅,primary,tip_middle_root_1_3_1,Random Forest,4,84,舌右邊,3,three_one_positive,1,0
淡紅,primary,tip_middle_root_1_3_1,Random Forest,4,84,舌根,3,three_one_positive,1,0
淡紅,primary,tip_middle_root_1_3_1,SVM,5,26,舌尖,3,three_one_positive,1,1
淡紅,primary,tip_middle_root_1_3_1,SVM,5,26,舌中,3,three_one_positive,1,0
淡紅,primary,tip_middle_root_1_3_1,SVM,5,27,舌尖,3,three_one_positive,1,1
淡紅,primary,tip_middle_root_1_3_1,SVM,5,27,舌右邊,3,three_one_positive,1,0
淡紅,primary,tip_middle_root_1_3_1,SVM,5,28,舌尖,3,three_one_positive,1,1
淡紅,primary,tip_middle_root_1_3_1,SVM,5,34,舌尖,1,three_one_negative,0,1
淡紅,primary,tip_middle_root_1_3_1,SVM,5,34,舌左邊,1,three_one_negative,0,1
淡紅,primary,tip_middle_root_1_3_1,SVM,5,34,舌右邊,1,three_one_negative,0,1
淡紅,primary,tip_middle_root_1_3_1,SVM,5,34,舌根,1,three_one_negative,0,0
淡紅,primary,tip_middle_root_1_3_1,SVM,5,36,舌中,3,three_one_positive,1,0
淡紅,primary,tip_middle_root_1_3_1,SVM,5,36,舌左邊,3,three_one_positive,1,1
淡紅,primary,tip_middle_root_1_3_1,SVM,5,36,舌右邊,3,three_one_positive,1,1
淡紅,primary,tip_middle_root_1_3_1,SVM,5,36,舌根,3,three_one_positive,1,1
淡紅,primary,tip_middle_root_1_3_1,SVM,5,37,舌中,3,three_one_positive,1,1
淡紅,primary,tip_middle_root_1_3_1,SVM,5,37,舌根,3,three_one_positive,1,0
淡紅,primary,tip_middle_root_1_3_1,SVM,5,39,舌尖,3,three_one_positive,1,1
淡紅,primary,tip_middle_root_1_3_1,SVM,5,39,舌左邊,3,three_one_positive,1,1
淡紅,primary,tip_middle_root_1_3_1,SVM,5,42,舌尖,1,three_one_negative,0,1
淡紅,primary,tip_middle_root_1_3_1,SVM,5,42,舌左邊,1,three_one_negative,0,0
淡紅,primary,tip_middle_root_1_3_1,SVM,5,42,舌右邊,1,three_one_negative,0,0
淡紅,primary,tip_middle_root_1_3_1,SVM,5,59,舌尖,1,three_one_negative,0,1
淡紅,primary,tip_middle_root_1_3_1,SVM,5,59,舌中,1,three_one_negative,0,1
淡紅,primary,tip_middle_root_1_3_1,SVM,5,59,舌左邊,1,three_one_negative,0,1
淡紅,primary,tip_middle_root_1_3_1,SVM,5,59,舌右邊,1,three_one_negative,0,1
淡紅,primary,tip_middle_root_1_3_1,SVM,5,59,舌根,1,three_one_negative,0,0
淡紅,primary,tip_middle_root_1_3_1,SVM,5,6,舌尖,1,three_one_negative,0,0
淡紅,primary,tip_middle_root_1_3_1,SVM,5,82,舌中,1,three_one_negative,0,0
淡紅,primary,tip_middle_root_1_3_1,SVM,5,82,舌根,1,three_one_negative,0,0
淡紅,primary,tip_middle_root_1_3_1,SVM,5,91,舌尖,1,three_one_negative,0,1
淡紅,primary,tip_middle_root_1_3_1,SVM,5,91,舌中,1,three_one_negative,0,0
淡紅,primary,tip_middle_root_1_3_1,SVM,5,91,舌左邊,1,three_one_negative,0,1
淡紅,primary,tip_middle_root_1_3_1,SVM,5,91,舌右邊,1,three_one_negative,0,1
淡紅,primary,tip_middle_root_1_3_1,SVM,5,91,舌根,1,three_one_negative,0,1
淡紅,primary,tip_middle_root_1_3_1,SVM,5,98,舌中,1,three_one_negative,0,0
淡紅,primary,tip_middle_root_1_3_1,SVM,5,98,舌左邊,1,three_one_negative,0,0
淡紅,primary,tip_middle_root_1_3_1,SVM,5,98,舌右邊,1,three_one_negative,0,0
淡紅,primary,tip_middle_root_1_3_1,SVM,5,98,舌根,1,three_one_negative,0,0
淡紅,primary,tip_middle_root_1_3_1,Random Forest,5,26,舌尖,3,three_one_positive,1,1
淡紅,primary,tip_middle_root_1_3_1,Random Forest,5,26,舌中,3,three_one_positive,1,1
淡紅,primary,tip_middle_root_1_3_1,Random Forest,5,27,舌尖,3,three_one_positive,1,0
淡紅,primary,tip_middle_root_1_3_1,Random Forest,5,27,舌右邊,3,three_one_positive,1,1
淡紅,primary,tip_middle_root_1_3_1,Random Forest,5,28,舌尖,3,three_one_positive,1,1
淡紅,primary,tip_middle_root_1_3_1,Random Forest,5,34,舌尖,1,three_one_negative,0,1
淡紅,primary,tip_middle_root_1_3_1,Random Forest,5,34,舌左邊,1,three_one_negative,0,0
淡紅,primary,tip_middle_root_1_3_1,Random Forest,5,34,舌右邊,1,three_one_negative,0,1
淡紅,primary,tip_middle_root_1_3_1,Random Forest,5,34,舌根,1,three_one_negative,0,0
淡紅,primary,tip_middle_root_1_3_1,Random Forest,5,36,舌中,3,three_one_positive,1,1
淡紅,primary,tip_middle_root_1_3_1,Random Forest,5,36,舌左邊,3,three_one_positive,1,1
淡紅,primary,tip_middle_root_1_3_1,Random Forest,5,36,舌右邊,3,three_one_positive,1,1
淡紅,primary,tip_middle_root_1_3_1,Random Forest,5,36,舌根,3,three_one_positive,1,1
淡紅,primary,tip_middle_root_1_3_1,Random Forest,5,37,舌中,3,three_one_positive,1,0
淡紅,primary,tip_middle_root_1_3_1,Random Forest,5,37,舌根,3,three_one_positive,1,0
淡紅,primary,tip_middle_root_1_3_1,Random Forest,5,39,舌尖,3,three_one_positive,1,1
淡紅,primary,tip_middle_root_1_3_1,Random Forest,5,39,舌左邊,3,three_one_positive,1,1
淡紅,primary,tip_middle_root_1_3_1,Random Forest,5,42,舌尖,1,three_one_negative,0,1
淡紅,primary,tip_middle_root_1_3_1,Random Forest,5,42,舌左邊,1,three_one_negative,0,0
淡紅,primary,tip_middle_root_1_3_1,Random Forest,5,42,舌右邊,1,three_one_negative,0,0
淡紅,primary,tip_middle_root_1_3_1,Random Forest,5,59,舌尖,1,three_one_negative,0,1
淡紅,primary,tip_middle_root_1_3_1,Random Forest,5,59,舌中,1,three_one_negative,0,1
淡紅,primary,tip_middle_root_1_3_1,Random Forest,5,59,舌左邊,1,three_one_negative,0,1
淡紅,primary,tip_middle_root_1_3_1,Random Forest,5,59,舌右邊,1,three_one_negative,0,1
淡紅,primary,tip_middle_root_1_3_1,Random Forest,5,59,舌根,1,three_one_negative,0,0
淡紅,primary,tip_middle_root_1_3_1,Random Forest,5,6,舌尖,1,three_one_negative,0,0
淡紅,primary,tip_middle_root_1_3_1,Random Forest,5,82,舌中,1,three_one_negative,0,0
淡紅,primary,tip_middle_root_1_3_1,Random Forest,5,82,舌根,1,three_one_negative,0,0
淡紅,primary,tip_middle_root_1_3_1,Random Forest,5,91,舌尖,1,three_one_negative,0,0
淡紅,primary,tip_middle_root_1_3_1,Random Forest,5,91,舌中,1,three_one_negative,0,0
淡紅,primary,tip_middle_root_1_3_1,Random Forest,5,91,舌左邊,1,three_one_negative,0,1
淡紅,primary,tip_middle_root_1_3_1,Random Forest,5,91,舌右邊,1,three_one_negative,0,1
淡紅,primary,tip_middle_root_1_3_1,Random Forest,5,91,舌根,1,three_one_negative,0,0
淡紅,primary,tip_middle_root_1_3_1,Random Forest,5,98,舌中,1,three_one_negative,0,0
淡紅,primary,tip_middle_root_1_3_1,Random Forest,5,98,舌左邊,1,three_one_negative,0,0
淡紅,primary,tip_middle_root_1_3_1,Random Forest,5,98,舌右邊,1,three_one_negative,0,0
淡紅,primary,tip_middle_root_1_3_1,Random Forest,5,98,舌根,1,three_one_negative,0,0
鮮紅,primary,tip_middle_root_1_2_2,SVM,1,12,舌尖,1,three_one_negative,0,1
鮮紅,primary,tip_middle_root_1_2_2,SVM,1,12,舌中,1,three_one_negative,0,1
鮮紅,primary,tip_middle_root_1_2_2,SVM,1,24,舌尖,1,three_one_negative,0,0
鮮紅,primary,tip_middle_root_1_2_2,SVM,1,24,舌中,1,three_one_negative,0,0
鮮紅,primary,tip_middle_root_1_2_2,SVM,1,24,舌左邊,1,three_one_negative,0,0
鮮紅,primary,tip_middle_root_1_2_2,SVM,1,24,舌右邊,1,three_one_negative,0,0
鮮紅,primary,tip_middle_root_1_2_2,SVM,1,24,舌根,1,three_one_negative,0,0
鮮紅,primary,tip_middle_root_1_2_2,SVM,1,3,舌尖,1,three_one_negative,0,0
鮮紅,primary,tip_middle_root_1_2_2,SVM,1,3,舌中,1,three_one_negative,0,0
鮮紅,primary,tip_middle_root_1_2_2,SVM,1,3,舌左邊,1,three_one_negative,0,0
鮮紅,primary,tip_middle_root_1_2_2,SVM,1,3,舌右邊,1,three_one_negative,0,1
鮮紅,primary,tip_middle_root_1_2_2,SVM,1,3,舌根,1,three_one_negative,0,0
鮮紅,primary,tip_middle_root_1_2_2,SVM,1,31,舌尖,3,three_one_positive,1,0
鮮紅,primary,tip_middle_root_1_2_2,SVM,1,40,舌左邊,3,three_one_positive,1,0
鮮紅,primary,tip_middle_root_1_2_2,SVM,1,40,舌右邊,3,three_one_positive,1,0
鮮紅,primary,tip_middle_root_1_2_2,SVM,1,42,舌尖,3,three_one_positive,1,0
鮮紅,primary,tip_middle_root_1_2_2,SVM,1,42,舌左邊,3,three_one_positive,1,1
鮮紅,primary,tip_middle_root_1_2_2,SVM,1,42,舌右邊,3,three_one_positive,1,1
鮮紅,primary,tip_middle_root_1_2_2,SVM,1,48,舌尖,3,three_one_positive,1,0
鮮紅,primary,tip_middle_root_1_2_2,SVM,1,50,舌中,1,three_one_negative,0,0
鮮紅,primary,tip_middle_root_1_2_2,SVM,1,50,舌左邊,1,three_one_negative,0,0
鮮紅,primary,tip_middle_root_1_2_2,SVM,1,50,舌右邊,1,three_one_negative,0,0
鮮紅,primary,tip_middle_root_1_2_2,SVM,1,50,舌根,1,three_one_negative,0,0
鮮紅,primary,tip_middle_root_1_2_2,SVM,1,54,舌尖,1,three_one_negative,0,0
鮮紅,primary,tip_middle_root_1_2_2,SVM,1,63,舌尖,3,three_one_positive,1,1
鮮紅,primary,tip_middle_root_1_2_2,SVM,1,64,舌中,1,three_one_negative,0,0
鮮紅,primary,tip_middle_root_1_2_2,SVM,1,64,舌左邊,1,three_one_negative,0,0
鮮紅,primary,tip_middle_root_1_2_2,SVM,1,64,舌右邊,1,three_one_negative,0,1
鮮紅,primary,tip_middle_root_1_2_2,SVM,1,64,舌根,1,three_one_negative,0,0
鮮紅,primary,tip_middle_root_1_2_2,SVM,1,85,舌尖,3,three_one_positive,1,1
鮮紅,primary,tip_middle_root_1_2_2,SVM,1,85,舌中,3,three_one_positive,1,1
鮮紅,primary,tip_middle_root_1_2_2,SVM,1,85,舌左邊,3,three_one_positive,1,1
鮮紅,primary,tip_middle_root_1_2_2,SVM,1,85,舌右邊,3,three_one_positive,1,1
鮮紅,primary,tip_middle_root_1_2_2,SVM,1,85,舌根,3,three_one_positive,1,0
鮮紅,primary,tip_middle_root_1_2_2,SVM,1,90,舌尖,3,three_one_positive,1,1
鮮紅,primary,tip_middle_root_1_2_2,SVM,1,98,舌尖,1,three_one_negative,0,1
鮮紅,primary,tip_middle_root_1_2_2,SVM,1,98,舌中,1,three_one_negative,0,0
鮮紅,primary,tip_middle_root_1_2_2,SVM,1,98,舌左邊,1,three_one_negative,0,0
鮮紅,primary,tip_middle_root_1_2_2,SVM,1,98,舌右邊,1,three_one_negative,0,1
鮮紅,primary,tip_middle_root_1_2_2,SVM,1,98,舌根,1,three_one_negative,0,0
鮮紅,primary,tip_middle_root_1_2_2,Random Forest,1,12,舌尖,1,three_one_negative,0,1
鮮紅,primary,tip_middle_root_1_2_2,Random Forest,1,12,舌中,1,three_one_negative,0,0
鮮紅,primary,tip_middle_root_1_2_2,Random Forest,1,24,舌尖,1,three_one_negative,0,0
鮮紅,primary,tip_middle_root_1_2_2,Random Forest,1,24,舌中,1,three_one_negative,0,0
鮮紅,primary,tip_middle_root_1_2_2,Random Forest,1,24,舌左邊,1,three_one_negative,0,0
鮮紅,primary,tip_middle_root_1_2_2,Random Forest,1,24,舌右邊,1,three_one_negative,0,0
鮮紅,primary,tip_middle_root_1_2_2,Random Forest,1,24,舌根,1,three_one_negative,0,0
鮮紅,primary,tip_middle_root_1_2_2,Random Forest,1,3,舌尖,1,three_one_negative,0,0
鮮紅,primary,tip_middle_root_1_2_2,Random Forest,1,3,舌中,1,three_one_negative,0,0
鮮紅,primary,tip_middle_root_1_2_2,Random Forest,1,3,舌左邊,1,three_one_negative,0,0
鮮紅,primary,tip_middle_root_1_2_2,Random Forest,1,3,舌右邊,1,three_one_negative,0,1
鮮紅,primary,tip_middle_root_1_2_2,Random Forest,1,3,舌根,1,three_one_negative,0,1
鮮紅,primary,tip_middle_root_1_2_2,Random Forest,1,31,舌尖,3,three_one_positive,1,0
鮮紅,primary,tip_middle_root_1_2_2,Random Forest,1,40,舌左邊,3,three_one_positive,1,0
鮮紅,primary,tip_middle_root_1_2_2,Random Forest,1,40,舌右邊,3,three_one_positive,1,0
鮮紅,primary,tip_middle_root_1_2_2,Random Forest,1,42,舌尖,3,three_one_positive,1,0
鮮紅,primary,tip_middle_root_1_2_2,Random Forest,1,42,舌左邊,3,three_one_positive,1,1
鮮紅,primary,tip_middle_root_1_2_2,Random Forest,1,42,舌右邊,3,three_one_positive,1,0
鮮紅,primary,tip_middle_root_1_2_2,Random Forest,1,48,舌尖,3,three_one_positive,1,0
鮮紅,primary,tip_middle_root_1_2_2,Random Forest,1,50,舌中,1,three_one_negative,0,0
鮮紅,primary,tip_middle_root_1_2_2,Random Forest,1,50,舌左邊,1,three_one_negative,0,0
鮮紅,primary,tip_middle_root_1_2_2,Random Forest,1,50,舌右邊,1,three_one_negative,0,0
鮮紅,primary,tip_middle_root_1_2_2,Random Forest,1,50,舌根,1,three_one_negative,0,0
鮮紅,primary,tip_middle_root_1_2_2,Random Forest,1,54,舌尖,1,three_one_negative,0,0
鮮紅,primary,tip_middle_root_1_2_2,Random Forest,1,63,舌尖,3,three_one_positive,1,1
鮮紅,primary,tip_middle_root_1_2_2,Random Forest,1,64,舌中,1,three_one_negative,0,0
鮮紅,primary,tip_middle_root_1_2_2,Random Forest,1,64,舌左邊,1,three_one_negative,0,0
鮮紅,primary,tip_middle_root_1_2_2,Random Forest,1,64,舌右邊,1,three_one_negative,0,0
鮮紅,primary,tip_middle_root_1_2_2,Random Forest,1,64,舌根,1,three_one_negative,0,0
鮮紅,primary,tip_middle_root_1_2_2,Random Forest,1,85,舌尖,3,three_one_positive,1,1
鮮紅,primary,tip_middle_root_1_2_2,Random Forest,1,85,舌中,3,three_one_positive,1,1
鮮紅,primary,tip_middle_root_1_2_2,Random Forest,1,85,舌左邊,3,three_one_positive,1,1
鮮紅,primary,tip_middle_root_1_2_2,Random Forest,1,85,舌右邊,3,three_one_positive,1,1
鮮紅,primary,tip_middle_root_1_2_2,Random Forest,1,85,舌根,3,three_one_positive,1,1
鮮紅,primary,tip_middle_root_1_2_2,Random Forest,1,90,舌尖,3,three_one_positive,1,1
鮮紅,primary,tip_middle_root_1_2_2,Random Forest,1,98,舌尖,1,three_one_negative,0,1
鮮紅,primary,tip_middle_root_1_2_2,Random Forest,1,98,舌中,1,three_one_negative,0,0
鮮紅,primary,tip_middle_root_1_2_2,Random Forest,1,98,舌左邊,1,three_one_negative,0,0
鮮紅,primary,tip_middle_root_1_2_2,Random Forest,1,98,舌右邊,1,three_one_negative,0,0
鮮紅,primary,tip_middle_root_1_2_2,Random Forest,1,98,舌根,1,three_one_negative,0,0
鮮紅,primary,tip_middle_root_1_2_2,SVM,2,10,舌中,3,three_one_positive,1,0
鮮紅,primary,tip_middle_root_1_2_2,SVM,2,10,舌左邊,3,three_one_positive,1,0
鮮紅,primary,tip_middle_root_1_2_2,SVM,2,10,舌右邊,3,three_one_positive,1,1
鮮紅,primary,tip_middle_root_1_2_2,SVM,2,10,舌根,3,three_one_positive,1,0
鮮紅,primary,tip_middle_root_1_2_2,SVM,2,15,舌中,1,three_one_negative,0,0
鮮紅,primary,tip_middle_root_1_2_2,SVM,2,15,舌根,1,three_one_negative,0,0
鮮紅,primary,tip_middle_root_1_2_2,SVM,2,25,舌尖,1,three_one_negative,0,0
鮮紅,primary,tip_middle_root_1_2_2,SVM,2,25,舌中,1,three_one_negative,0,0
鮮紅,primary,tip_middle_root_1_2_2,SVM,2,25,舌左邊,1,three_one_negative,0,0
鮮紅,primary,tip_middle_root_1_2_2,SVM,2,25,舌右邊,1,three_one_negative,0,1
鮮紅,primary,tip_middle_root_1_2_2,SVM,2,25,舌根,1,three_one_negative,0,0
鮮紅,primary,tip_middle_root_1_2_2,SVM,2,35,舌左邊,3,three_one_positive,1,0
鮮紅,primary,tip_middle_root_1_2_2,SVM,2,35,舌右邊,3,three_one_positive,1,0
鮮紅,primary,tip_middle_root_1_2_2,SVM,2,38,舌尖,1,three_one_negative,0,0
鮮紅,primary,tip_middle_root_1_2_2,SVM,2,6,舌尖,1,three_one_negative,0,0
鮮紅,primary,tip_middle_root_1_2_2,SVM,2,6,舌中,1,three_one_negative,0,0
鮮紅,primary,tip_middle_root_1_2_2,SVM,2,6,舌根,1,three_one_negative,0,0
鮮紅,primary,tip_middle_root_1_2_2,SVM,2,67,舌尖,3,three_one_positive,1,1
鮮紅,primary,tip_middle_root_1_2_2,SVM,2,67,舌左邊,3,three_one_positive,1,1
鮮紅,primary,tip_middle_root_1_2_2,SVM,2,67,舌右邊,3,three_one_positive,1,1
鮮紅,primary,tip_middle_root_1_2_2,SVM,2,82,舌中,3,three_one_positive,1,1
鮮紅,primary,tip_middle_root_1_2_2,SVM,2,82,舌根,3,three_one_positive,1,0
鮮紅,primary,tip_middle_root_1_2_2,SVM,2,96,舌尖,3,three_one_positive,1,1
鮮紅,primary,tip_middle_root_1_2_2,SVM,2,96,舌中,3,three_one_positive,1,1
鮮紅,primary,tip_middle_root_1_2_2,SVM,2,96,舌左邊,3,three_one_positive,1,1
鮮紅,primary,tip_middle_root_1_2_2,SVM,2,96,舌右邊,3,three_one_positive,1,1
鮮紅,primary,tip_middle_root_1_2_2,Random Forest,2,10,舌中,3,three_one_positive,1,0
鮮紅,primary,tip_middle_root_1_2_2,Random Forest,2,10,舌左邊,3,three_one_positive,1,0
鮮紅,primary,tip_middle_root_1_2_2,Random Forest,2,10,舌右邊,3,three_one_positive,1,1
鮮紅,primary,tip_middle_root_1_2_2,Random Forest,2,10,舌根,3,three_one_positive,1,0
鮮紅,primary,tip_middle_root_1_2_2,Random Forest,2,15,舌中,1,three_one_negative,0,0
鮮紅,primary,tip_middle_root_1_2_2,Random Forest,2,15,舌根,1,three_one_negative,0,0
鮮紅,primary,tip_middle_root_1_2_2,Random Forest,2,25,舌尖,1,three_one_negative,0,0
鮮紅,primary,tip_middle_root_1_2_2,Random Forest,2,25,舌中,1,three_one_negative,0,0
鮮紅,primary,tip_middle_root_1_2_2,Random Forest,2,25,舌左邊,1,three_one_negative,0,0
鮮紅,primary,tip_middle_root_1_2_2,Random Forest,2,25,舌右邊,1,three_one_negative,0,1
鮮紅,primary,tip_middle_root_1_2_2,Random Forest,2,25,舌根,1,three_one_negative,0,0
鮮紅,primary,tip_middle_root_1_2_2,Random Forest,2,35,舌左邊,3,three_one_positive,1,0
鮮紅,primary,tip_middle_root_1_2_2,Random Forest,2,35,舌右邊,3,three_one_positive,1,0
鮮紅,primary,tip_middle_root_1_2_2,Random Forest,2,38,舌尖,1,three_one_negative,0,0
鮮紅,primary,tip_middle_root_1_2_2,Random Forest,2,6,舌尖,1,three_one_negative,0,0
鮮紅,primary,tip_middle_root_1_2_2,Random Forest,2,6,舌中,1,three_one_negative,0,0
鮮紅,primary,tip_middle_root_1_2_2,Random Forest,2,6,舌根,1,three_one_negative,0,0
鮮紅,primary,tip_middle_root_1_2_2,Random Forest,2,67,舌尖,3,three_one_positive,1,1
鮮紅,primary,tip_middle_root_1_2_2,Random Forest,2,67,舌左邊,3,three_one_positive,1,1
鮮紅,primary,tip_middle_root_1_2_2,Random Forest,2,67,舌右邊,3,three_one_positive,1,1
鮮紅,primary,tip_middle_root_1_2_2,Random Forest,2,82,舌中,3,three_one_positive,1,0
鮮紅,primary,tip_middle_root_1_2_2,Random Forest,2,82,舌根,3,three_one_positive,1,1
鮮紅,primary,tip_middle_root_1_2_2,Random Forest,2,96,舌尖,3,three_one_positive,1,1
鮮紅,primary,tip_middle_root_1_2_2,Random Forest,2,96,舌中,3,three_one_positive,1,1
鮮紅,primary,tip_middle_root_1_2_2,Random Forest,2,96,舌左邊,3,three_one_positive,1,1
鮮紅,primary,tip_middle_root_1_2_2,Random Forest,2,96,舌右邊,3,three_one_positive,1,1
鮮紅,primary,tip_middle_root_1_2_2,SVM,3,2,舌尖,1,three_one_negative,0,1
鮮紅,primary,tip_middle_root_1_2_2,SVM,3,2,舌中,1,three_one_negative,0,0
鮮紅,primary,tip_middle_root_1_2_2,SVM,3,2,舌根,1,three_one_negative,0,0
鮮紅,primary,tip_middle_root_1_2_2,SVM,3,26,舌尖,1,three_one_negative,0,1
鮮紅,primary,tip_middle_root_1_2_2,SVM,3,26,舌中,1,three_one_negative,0,0
鮮紅,primary,tip_middle_root_1_2_2,SVM,3,26,舌根,1,three_one_negative,0,0
鮮紅,primary,tip_middle_root_1_2_2,SVM,3,51,舌左邊,3,three_one_positive,1,1
鮮紅,primary,tip_middle_root_1_2_2,SVM,3,51,舌右邊,3,three_one_positive,1,1
鮮紅,primary,tip_middle_root_1_2_2,SVM,3,72,舌尖,3,three_one_positive,1,1
鮮紅,primary,tip_middle_root_1_2_2,SVM,3,72,舌中,3,three_one_positive,1,1
鮮紅,primary,tip_middle_root_1_2_2,SVM,3,72,舌左邊,3,three_one_positive,1,1
鮮紅,primary,tip_middle_root_1_2_2,SVM,3,72,舌右邊,3,three_one_positive,1,1
鮮紅,primary,tip_middle_root_1_2_2,SVM,3,76,舌左邊,3,three_one_positive,1,1
鮮紅,primary,tip_middle_root_1_2_2,SVM,3,76,舌右邊,3,three_one_positive,1,1
鮮紅,primary,tip_middle_root_1_2_2,SVM,3,79,舌中,3,three_one_positive,1,1
鮮紅,primary,tip_middle_root_1_2_2,SVM,3,79,舌根,3,three_one_positive,1,1
鮮紅,primary,tip_middle_root_1_2_2,SVM,3,88,舌尖,1,three_one_negative,0,0
鮮紅,primary,tip_middle_root_1_2_2,SVM,3,88,舌中,1,three_one_negative,0,0
鮮紅,primary,tip_middle_root_1_2_2,SVM,3,88,舌左邊,1,three_one_negative,0,0
鮮紅,primary,tip_middle_root_1_2_2,SVM,3,88,舌右邊,1,three_one_negative,0,0
鮮紅,primary,tip_middle_root_1_2_2,SVM,3,88,舌根,1,three_one_negative,0,0
鮮紅,primary,tip_middle_root_1_2_2,SVM,3,93,舌尖,3,three_one_positive,1,1
鮮紅,primary,tip_middle_root_1_2_2,SVM,3,93,舌中,3,three_one_positive,1,1
鮮紅,primary,tip_middle_root_1_2_2,SVM,3,93,舌根,3,three_one_positive,1,0
鮮紅,primary,tip_middle_root_1_2_2,SVM,3,94,舌尖,1,three_one_negative,0,1
鮮紅,primary,tip_middle_root_1_2_2,SVM,3,94,舌中,1,three_one_negative,0,0
鮮紅,primary,tip_middle_root_1_2_2,SVM,3,94,舌左邊,1,three_one_negative,0,0
鮮紅,primary,tip_middle_root_1_2_2,SVM,3,94,舌右邊,1,three_one_negative,0,1
鮮紅,primary,tip_middle_root_1_2_2,SVM,3,94,舌根,1,three_one_negative,0,0
鮮紅,primary,tip_middle_root_1_2_2,Random Forest,3,2,舌尖,1,three_one_negative,0,1
鮮紅,primary,tip_middle_root_1_2_2,Random Forest,3,2,舌中,1,three_one_negative,0,0
鮮紅,primary,tip_middle_root_1_2_2,Random Forest,3,2,舌根,1,three_one_negative,0,1
鮮紅,primary,tip_middle_root_1_2_2,Random Forest,3,26,舌尖,1,three_one_negative,0,1
鮮紅,primary,tip_middle_root_1_2_2,Random Forest,3,26,舌中,1,three_one_negative,0,0
鮮紅,primary,tip_middle_root_1_2_2,Random Forest,3,26,舌根,1,three_one_negative,0,0
鮮紅,primary,tip_middle_root_1_2_2,Random Forest,3,51,舌左邊,3,three_one_positive,1,0
鮮紅,primary,tip_middle_root_1_2_2,Random Forest,3,51,舌右邊,3,three_one_positive,1,1
鮮紅,primary,tip_middle_root_1_2_2,Random Forest,3,72,舌尖,3,three_one_positive,1,1
鮮紅,primary,tip_middle_root_1_2_2,Random Forest,3,72,舌中,3,three_one_positive,1,0
鮮紅,primary,tip_middle_root_1_2_2,Random Forest,3,72,舌左邊,3,three_one_positive,1,1
鮮紅,primary,tip_middle_root_1_2_2,Random Forest,3,72,舌右邊,3,three_one_positive,1,1
鮮紅,primary,tip_middle_root_1_2_2,Random Forest,3,76,舌左邊,3,three_one_positive,1,0
鮮紅,primary,tip_middle_root_1_2_2,Random Forest,3,76,舌右邊,3,three_one_positive,1,1
鮮紅,primary,tip_middle_root_1_2_2,Random Forest,3,79,舌中,3,three_one_positive,1,1
鮮紅,primary,tip_middle_root_1_2_2,Random Forest,3,79,舌根,3,three_one_positive,1,1
鮮紅,primary,tip_middle_root_1_2_2,Random Forest,3,88,舌尖,1,three_one_negative,0,0
鮮紅,primary,tip_middle_root_1_2_2,Random Forest,3,88,舌中,1,three_one_negative,0,0
鮮紅,primary,tip_middle_root_1_2_2,Random Forest,3,88,舌左邊,1,three_one_negative,0,0
鮮紅,primary,tip_middle_root_1_2_2,Random Forest,3,88,舌右邊,1,three_one_negative,0,0
鮮紅,primary,tip_middle_root_1_2_2,Random Forest,3,88,舌根,1,three_one_negative,0,0
鮮紅,primary,tip_middle_root_1_2_2,Random Forest,3,93,舌尖,3,three_one_positive,1,1
鮮紅,primary,tip_middle_root_1_2_2,Random Forest,3,93,舌中,3,three_one_positive,1,1
鮮紅,primary,tip_middle_root_1_2_2,Random Forest,3,93,舌根,3,three_one_positive,1,0
鮮紅,primary,tip_middle_root_1_2_2,Random Forest,3,94,舌尖,1,three_one_negative,0,0
鮮紅,primary,tip_middle_root_1_2_2,Random Forest,3,94,舌中,1,three_one_negative,0,0
鮮紅,primary,tip_middle_root_1_2_2,Random Forest,3,94,舌左邊,1,three_one_negative,0,0
鮮紅,primary,tip_middle_root_1_2_2,Random Forest,3,94,舌右邊,1,three_one_negative,0,0
鮮紅,primary,tip_middle_root_1_2_2,Random Forest,3,94,舌根,1,three_one_negative,0,0
鮮紅,primary,tip_middle_root_1_2_2,SVM,4,11,舌尖,1,three_one_negative,0,1
鮮紅,primary,tip_middle_root_1_2_2,SVM,4,11,舌中,1,three_one_negative,0,1
鮮紅,primary,tip_middle_root_1_2_2,SVM,4,11,舌左邊,1,three_one_negative,0,1
鮮紅,primary,tip_middle_root_1_2_2,SVM,4,11,舌右邊,1,three_one_negative,0,1
鮮紅,primary,tip_middle_root_1_2_2,SVM,4,11,舌根,1,three_one_negative,0,0
鮮紅,primary,tip_middle_root_1_2_2,SVM,4,32,舌尖,3,three_one_positive,1,0
鮮紅,primary,tip_middle_root_1_2_2,SVM,4,32,舌左邊,3,three_one_positive,1,0
鮮紅,primary,tip_middle_root_1_2_2,SVM,4,32,舌右邊,3,three_one_positive,1,0
鮮紅,primary,tip_middle_root_1_2_2,SVM,4,34,舌尖,3,three_one_positive,1,0
鮮紅,primary,tip_middle_root_1_2_2,SVM,4,34,舌左邊,3,three_one_positive,1,0
鮮紅,primary,tip_middle_root_1_2_2,SVM,4,34,舌右邊,3,three_one_positive,1,0
鮮紅,primary,tip_middle_root_1_2_2,SVM,4,43,舌尖,3,three_one_positive,1,0
鮮紅,primary,tip_middle_root_1_2_2,SVM,4,49,舌尖,1,three_one_negative,0,0
鮮紅,primary,tip_middle_root_1_2_2,SVM,4,49,舌中,1,three_one_negative,0,0
鮮紅,primary,tip_middle_root_1_2_2,SVM,4,49,舌左邊,1,three_one_negative,0,0
鮮紅,primary,tip_middle_root_1_2_2,SVM,4,49,舌右邊,1,three_one_negative,0,0
鮮紅,primary,tip_middle_root_1_2_2,SVM,4,49,舌根,1,three_one_negative,0,0
鮮紅,primary,tip_middle_root_1_2_2,SVM,4,53,舌尖,3,three_one_positive,1,0
鮮紅,primary,tip_middle_root_1_2_2,SVM,4,60,舌尖,3,three_one_positive,1,0
鮮紅,primary,tip_middle_root_1_2_2,SVM,4,70,舌中,3,three_one_positive,1,1
鮮紅,primary,tip_middle_root_1_2_2,SVM,4,70,舌根,3,three_one_positive,1,0
鮮紅,primary,tip_middle_root_1_2_2,SVM,4,75,舌中,1,three_one_negative,0,0
鮮紅,primary,tip_middle_root_1_2_2,SVM,4,75,舌左邊,1,three_one_negative,0,0
鮮紅,primary,tip_middle_root_1_2_2,SVM,4,75,舌右邊,1,three_one_negative,0,0
鮮紅,primary,tip_middle_root_1_2_2,SVM,4,75,舌根,1,three_one_negative,0,0
鮮紅,primary,tip_middle_root_1_2_2,SVM,4,80,舌左邊,3,three_one_positive,1,1
鮮紅,primary,tip_middle_root_1_2_2,SVM,4,80,舌右邊,3,three_one_positive,1,1
鮮紅,primary,tip_middle_root_1_2_2,SVM,4,87,舌中,3,three_one_positive,1,1
鮮紅,primary,tip_middle_root_1_2_2,SVM,4,87,舌根,3,three_one_positive,1,0
鮮紅,primary,tip_middle_root_1_2_2,SVM,4,9,舌中,1,three_one_negative,0,0
鮮紅,primary,tip_middle_root_1_2_2,SVM,4,9,舌左邊,1,three_one_negative,0,1
鮮紅,primary,tip_middle_root_1_2_2,SVM,4,9,舌右邊,1,three_one_negative,0,1
鮮紅,primary,tip_middle_root_1_2_2,SVM,4,9,舌根,1,three_one_negative,0,0
鮮紅,primary,tip_middle_root_1_2_2,SVM,4,97,舌尖,1,three_one_negative,0,1
鮮紅,primary,tip_middle_root_1_2_2,SVM,4,97,舌中,1,three_one_negative,0,0
鮮紅,primary,tip_middle_root_1_2_2,SVM,4,97,舌左邊,1,three_one_negative,0,0
鮮紅,primary,tip_middle_root_1_2_2,SVM,4,97,舌右邊,1,three_one_negative,0,0
鮮紅,primary,tip_middle_root_1_2_2,SVM,4,97,舌根,1,three_one_negative,0,0
鮮紅,primary,tip_middle_root_1_2_2,Random Forest,4,11,舌尖,1,three_one_negative,0,1
鮮紅,primary,tip_middle_root_1_2_2,Random Forest,4,11,舌中,1,three_one_negative,0,0
鮮紅,primary,tip_middle_root_1_2_2,Random Forest,4,11,舌左邊,1,three_one_negative,0,1
鮮紅,primary,tip_middle_root_1_2_2,Random Forest,4,11,舌右邊,1,three_one_negative,0,1
鮮紅,primary,tip_middle_root_1_2_2,Random Forest,4,11,舌根,1,three_one_negative,0,1
鮮紅,primary,tip_middle_root_1_2_2,Random Forest,4,32,舌尖,3,three_one_positive,1,0
鮮紅,primary,tip_middle_root_1_2_2,Random Forest,4,32,舌左邊,3,three_one_positive,1,0
鮮紅,primary,tip_middle_root_1_2_2,Random Forest,4,32,舌右邊,3,three_one_positive,1,0
鮮紅,primary,tip_middle_root_1_2_2,Random Forest,4,34,舌尖,3,three_one_positive,1,0
鮮紅,primary,tip_middle_root_1_2_2,Random Forest,4,34,舌左邊,3,three_one_positive,1,0
鮮紅,primary,tip_middle_root_1_2_2,Random Forest,4,34,舌右邊,3,three_one_positive,1,0
鮮紅,primary,tip_middle_root_1_2_2,Random Forest,4,43,舌尖,3,three_one_positive,1,0
鮮紅,primary,tip_middle_root_1_2_2,Random Forest,4,49,舌尖,1,three_one_negative,0,0
鮮紅,primary,tip_middle_root_1_2_2,Random Forest,4,49,舌中,1,three_one_negative,0,0
鮮紅,primary,tip_middle_root_1_2_2,Random Forest,4,49,舌左邊,1,three_one_negative,0,0
鮮紅,primary,tip_middle_root_1_2_2,Random Forest,4,49,舌右邊,1,three_one_negative,0,0
鮮紅,primary,tip_middle_root_1_2_2,Random Forest,4,49,舌根,1,three_one_negative,0,0
鮮紅,primary,tip_middle_root_1_2_2,Random Forest,4,53,舌尖,3,three_one_positive,1,0
鮮紅,primary,tip_middle_root_1_2_2,Random Forest,4,60,舌尖,3,three_one_positive,1,0
鮮紅,primary,tip_middle_root_1_2_2,Random Forest,4,70,舌中,3,three_one_positive,1,1
鮮紅,primary,tip_middle_root_1_2_2,Random Forest,4,70,舌根,3,three_one_positive,1,1
鮮紅,primary,tip_middle_root_1_2_2,Random Forest,4,75,舌中,1,three_one_negative,0,0
鮮紅,primary,tip_middle_root_1_2_2,Random Forest,4,75,舌左邊,1,three_one_negative,0,0
鮮紅,primary,tip_middle_root_1_2_2,Random Forest,4,75,舌右邊,1,three_one_negative,0,0
鮮紅,primary,tip_middle_root_1_2_2,Random Forest,4,75,舌根,1,three_one_negative,0,0
鮮紅,primary,tip_middle_root_1_2_2,Random Forest,4,80,舌左邊,3,three_one_positive,1,1
鮮紅,primary,tip_middle_root_1_2_2,Random Forest,4,80,舌右邊,3,three_one_positive,1,1
鮮紅,primary,tip_middle_root_1_2_2,Random Forest,4,87,舌中,3,three_one_positive,1,1
鮮紅,primary,tip_middle_root_1_2_2,Random Forest,4,87,舌根,3,three_one_positive,1,1
鮮紅,primary,tip_middle_root_1_2_2,Random Forest,4,9,舌中,1,three_one_negative,0,0
鮮紅,primary,tip_middle_root_1_2_2,Random Forest,4,9,舌左邊,1,three_one_negative,0,0
鮮紅,primary,tip_middle_root_1_2_2,Random Forest,4,9,舌右邊,1,three_one_negative,0,0
鮮紅,primary,tip_middle_root_1_2_2,Random Forest,4,9,舌根,1,three_one_negative,0,0
鮮紅,primary,tip_middle_root_1_2_2,Random Forest,4,97,舌尖,1,three_one_negative,0,1
鮮紅,primary,tip_middle_root_1_2_2,Random Forest,4,97,舌中,1,three_one_negative,0,0
鮮紅,primary,tip_middle_root_1_2_2,Random Forest,4,97,舌左邊,1,three_one_negative,0,0
鮮紅,primary,tip_middle_root_1_2_2,Random Forest,4,97,舌右邊,1,three_one_negative,0,0
鮮紅,primary,tip_middle_root_1_2_2,Random Forest,4,97,舌根,1,three_one_negative,0,0
鮮紅,primary,tip_middle_root_1_2_2,SVM,5,100,舌根,1,three_one_negative,0,0
鮮紅,primary,tip_middle_root_1_2_2,SVM,5,13,舌中,1,three_one_negative,0,0
鮮紅,primary,tip_middle_root_1_2_2,SVM,5,13,舌左邊,1,three_one_negative,0,1
鮮紅,primary,tip_middle_root_1_2_2,SVM,5,13,舌右邊,1,three_one_negative,0,1
鮮紅,primary,tip_middle_root_1_2_2,SVM,5,13,舌根,1,three_one_negative,0,0
鮮紅,primary,tip_middle_root_1_2_2,SVM,5,17,舌左邊,1,three_one_negative,0,0
鮮紅,primary,tip_middle_root_1_2_2,SVM,5,17,舌右邊,1,three_one_negative,0,0
鮮紅,primary,tip_middle_root_1_2_2,SVM,5,33,舌尖,3,three_one_positive,1,0
鮮紅,primary,tip_middle_root_1_2_2,SVM,5,4,舌尖,1,three_one_negative,0,1
鮮紅,primary,tip_middle_root_1_2_2,SVM,5,4,舌中,1,three_one_negative,0,0
鮮紅,primary,tip_middle_root_1_2_2,SVM,5,55,舌尖,1,three_one_negative,0,0
鮮紅,primary,tip_middle_root_1_2_2,SVM,5,55,舌中,1,three_one_negative,0,0
鮮紅,primary,tip_middle_root_1_2_2,SVM,5,55,舌左邊,1,three_one_negative,0,0
鮮紅,primary,tip_middle_root_1_2_2,SVM,5,55,舌右邊,1,three_one_negative,0,0
鮮紅,primary,tip_middle_root_1_2_2,SVM,5,55,舌根,1,three_one_negative,0,0
鮮紅,primary,tip_middle_root_1_2_2,SVM,5,56,舌尖,1,three_one_negative,0,0
鮮紅,primary,tip_middle_root_1_2_2,SVM,5,59,舌尖,3,three_one_positive,1,0
鮮紅,primary,tip_middle_root_1_2_2,SVM,5,59,舌中,3,three_one_positive,1,0
鮮紅,primary,tip_middle_root_1_2_2,SVM,5,59,舌左邊,3,three_one_positive,1,0
鮮紅,primary,tip_middle_root_1_2_2,SVM,5,59,舌右邊,3,three_one_positive,1,0
鮮紅,primary,tip_middle_root_1_2_2,SVM,5,66,舌尖,3,three_one_positive,1,1
鮮紅,primary,tip_middle_root_1_2_2,SVM,5,66,舌中,3,three_one_positive,1,0
鮮紅,primary,tip_middle_root_1_2_2,SVM,5,73,舌中,1,three_one_negative,0,0
鮮紅,primary,tip_middle_root_1_2_2,SVM,5,73,舌根,1,three_one_negative,0,0
鮮紅,primary,tip_middle_root_1_2_2,SVM,5,74,舌尖,1,three_one_negative,0,1
鮮紅,primary,tip_middle_root_1_2_2,SVM,5,74,舌中,1,three_one_negative,0,0
鮮紅,primary,tip_middle_root_1_2_2,SVM,5,74,舌左邊,1,three_one_negative,0,1
鮮紅,primary,tip_middle_root_1_2_2,SVM,5,74,舌右邊,1,three_one_negative,0,1
鮮紅,primary,tip_middle_root_1_2_2,SVM,5,74,舌根,1,three_one_negative,0,0
鮮紅,primary,tip_middle_root_1_2_2,SVM,5,89,舌尖,3,three_one_positive,1,1
鮮紅,primary,tip_middle_root_1_2_2,SVM,5,89,舌左邊,3,three_one_positive,1,0
鮮紅,primary,tip_middle_root_1_2_2,SVM,5,89,舌右邊,3,three_one_positive,1,1
鮮紅,primary,tip_middle_root_1_2_2,SVM,5,95,舌尖,3,three_one_positive,1,1
鮮紅,primary,tip_middle_root_1_2_2,SVM,5,95,舌中,3,three_one_positive,1,1
鮮紅,primary,tip_middle_root_1_2_2,SVM,5,95,舌左邊,3,three_one_positive,1,1
鮮紅,primary,tip_middle_root_1_2_2,SVM,5,95,舌右邊,3,three_one_positive,1,1
鮮紅,primary,tip_middle_root_1_2_2,SVM,5,95,舌根,3,three_one_positive,1,0
鮮紅,primary,tip_middle_root_1_2_2,Random Forest,5,100,舌根,1,three_one_negative,0,0
鮮紅,primary,tip_middle_root_1_2_2,Random Forest,5,13,舌中,1,three_one_negative,0,0
鮮紅,primary,tip_middle_root_1_2_2,Random Forest,5,13,舌左邊,1,three_one_negative,0,1
鮮紅,primary,tip_middle_root_1_2_2,Random Forest,5,13,舌右邊,1,three_one_negative,0,1
鮮紅,primary,tip_middle_root_1_2_2,Random Forest,5,13,舌根,1,three_one_negative,0,0
鮮紅,primary,tip_middle_root_1_2_2,Random Forest,5,17,舌左邊,1,three_one_negative,0,0
鮮紅,primary,tip_middle_root_1_2_2,Random Forest,5,17,舌右邊,1,three_one_negative,0,0
鮮紅,primary,tip_middle_root_1_2_2,Random Forest,5,33,舌尖,3,three_one_positive,1,0
鮮紅,primary,tip_middle_root_1_2_2,Random Forest,5,4,舌尖,1,three_one_negative,0,1
鮮紅,primary,tip_middle_root_1_2_2,Random Forest,5,4,舌中,1,three_one_negative,0,0
鮮紅,primary,tip_middle_root_1_2_2,Random Forest,5,55,舌尖,1,three_one_negative,0,0
鮮紅,primary,tip_middle_root_1_2_2,Random Forest,5,55,舌中,1,three_one_negative,0,0
鮮紅,primary,tip_middle_root_1_2_2,Random Forest,5,55,舌左邊,1,three_one_negative,0,0
鮮紅,primary,tip_middle_root_1_2_2,Random Forest,5,55,舌右邊,1,three_one_negative,0,0
鮮紅,primary,tip_middle_root_1_2_2,Random Forest,5,55,舌根,1,three_one_negative,0,0
鮮紅,primary,tip_middle_root_1_2_2,Random Forest,5,56,舌尖,1,three_one_negative,0,0
鮮紅,primary,tip_middle_root_1_2_2,Random Forest,5,59,舌尖,3,three_one_positive,1,0
鮮紅,primary,tip_middle_root_1_2_2,Random Forest,5,59,舌中,3,three_one_positive,1,0
鮮紅,primary,tip_middle_root_1_2_2,Random Forest,5,59,舌左邊,3,three_one_positive,1,0
鮮紅,primary,tip_middle_root_1_2_2,Random Forest,5,59,舌右邊,3,three_one_positive,1,0
鮮紅,primary,tip_middle_root_1_2_2,Random Forest,5,66,舌尖,3,three_one_positive,1,1
鮮紅,primary,tip_middle_root_1_2_2,Random Forest,5,66,舌中,3,three_one_positive,1,0
鮮紅,primary,tip_middle_root_1_2_2,Random Forest,5,73,舌中,1,three_one_negative,0,1
鮮紅,primary,tip_middle_root_1_2_2,Random Forest,5,73,舌根,1,three_one_negative,0,0
鮮紅,primary,tip_middle_root_1_2_2,Random Forest,5,74,舌尖,1,three_one_negative,0,0
鮮紅,primary,tip_middle_root_1_2_2,Random Forest,5,74,舌中,1,three_one_negative,0,0
鮮紅,primary,tip_middle_root_1_2_2,Random Forest,5,74,舌左邊,1,three_one_negative,0,0
鮮紅,primary,tip_middle_root_1_2_2,Random Forest,5,74,舌右邊,1,three_one_negative,0,0
鮮紅,primary,tip_middle_root_1_2_2,Random Forest,5,74,舌根,1,three_one_negative,0,0
鮮紅,primary,tip_middle_root_1_2_2,Random Forest,5,89,舌尖,3,three_one_positive,1,1
鮮紅,primary,tip_middle_root_1_2_2,Random Forest,5,89,舌左邊,3,three_one_positive,1,0
鮮紅,primary,tip_middle_root_1_2_2,Random Forest,5,89,舌右邊,3,three_one_positive,1,1
鮮紅,primary,tip_middle_root_1_2_2,Random Forest,5,95,舌尖,3,three_one_positive,1,1
鮮紅,primary,tip_middle_root_1_2_2,Random Forest,5,95,舌中,3,three_one_positive,1,1
鮮紅,primary,tip_middle_root_1_2_2,Random Forest,5,95,舌左邊,3,three_one_positive,1,1
鮮紅,primary,tip_middle_root_1_2_2,Random Forest,5,95,舌右邊,3,three_one_positive,1,1
鮮紅,primary,tip_middle_root_1_2_2,Random Forest,5,95,舌根,3,three_one_positive,1,0
鮮紅,primary,tip_middle_root_1_3_1,SVM,1,12,舌尖,1,three_one_negative,0,1
鮮紅,primary,tip_middle_root_1_3_1,SVM,1,12,舌中,1,three_one_negative,0,1
鮮紅,primary,tip_middle_root_1_3_1,SVM,1,24,舌尖,1,three_one_negative,0,0
鮮紅,primary,tip_middle_root_1_3_1,SVM,1,24,舌中,1,three_one_negative,0,0
鮮紅,primary,tip_middle_root_1_3_1,SVM,1,24,舌左邊,1,three_one_negative,0,0
鮮紅,primary,tip_middle_root_1_3_1,SVM,1,24,舌右邊,1,three_one_negative,0,0
鮮紅,primary,tip_middle_root_1_3_1,SVM,1,24,舌根,1,three_one_negative,0,0
鮮紅,primary,tip_middle_root_1_3_1,SVM,1,3,舌尖,1,three_one_negative,0,0
鮮紅,primary,tip_middle_root_1_3_1,SVM,1,3,舌中,1,three_one_negative,0,0
鮮紅,primary,tip_middle_root_1_3_1,SVM,1,3,舌左邊,1,three_one_negative,0,0
鮮紅,primary,tip_middle_root_1_3_1,SVM,1,3,舌右邊,1,three_one_negative,0,1
鮮紅,primary,tip_middle_root_1_3_1,SVM,1,3,舌根,1,three_one_negative,0,0
鮮紅,primary,tip_middle_root_1_3_1,SVM,1,31,舌尖,3,three_one_positive,1,0
鮮紅,primary,tip_middle_root_1_3_1,SVM,1,40,舌左邊,3,three_one_positive,1,0
鮮紅,primary,tip_middle_root_1_3_1,SVM,1,40,舌右邊,3,three_one_positive,1,0
鮮紅,primary,tip_middle_root_1_3_1,SVM,1,42,舌尖,3,three_one_positive,1,0
鮮紅,primary,tip_middle_root_1_3_1,SVM,1,42,舌左邊,3,three_one_positive,1,1
鮮紅,primary,tip_middle_root_1_3_1,SVM,1,42,舌右邊,3,three_one_positive,1,1
鮮紅,primary,tip_middle_root_1_3_1,SVM,1,48,舌尖,3,three_one_positive,1,0
鮮紅,primary,tip_middle_root_1_3_1,SVM,1,50,舌中,1,three_one_negative,0,0
鮮紅,primary,tip_middle_root_1_3_1,SVM,1,50,舌左邊,1,three_one_negative,0,0
鮮紅,primary,tip_middle_root_1_3_1,SVM,1,50,舌右邊,1,three_one_negative,0,0
鮮紅,primary,tip_middle_root_1_3_1,SVM,1,50,舌根,1,three_one_negative,0,0
鮮紅,primary,tip_middle_root_1_3_1,SVM,1,54,舌尖,1,three_one_negative,0,0
鮮紅,primary,tip_middle_root_1_3_1,SVM,1,63,舌尖,3,three_one_positive,1,1
鮮紅,primary,tip_middle_root_1_3_1,SVM,1,64,舌中,1,three_one_negative,0,0
鮮紅,primary,tip_middle_root_1_3_1,SVM,1,64,舌左邊,1,three_one_negative,0,0
鮮紅,primary,tip_middle_root_1_3_1,SVM,1,64,舌右邊,1,three_one_negative,0,0
鮮紅,primary,tip_middle_root_1_3_1,SVM,1,64,舌根,1,three_one_negative,0,0
鮮紅,primary,tip_middle_root_1_3_1,SVM,1,85,舌尖,3,three_one_positive,1,1
鮮紅,primary,tip_middle_root_1_3_1,SVM,1,85,舌中,3,three_one_positive,1,0
鮮紅,primary,tip_middle_root_1_3_1,SVM,1,85,舌左邊,3,three_one_positive,1,1
鮮紅,primary,tip_middle_root_1_3_1,SVM,1,85,舌右邊,3,three_one_positive,1,1
鮮紅,primary,tip_middle_root_1_3_1,SVM,1,85,舌根,3,three_one_positive,1,0
鮮紅,primary,tip_middle_root_1_3_1,SVM,1,90,舌尖,3,three_one_positive,1,1
鮮紅,primary,tip_middle_root_1_3_1,SVM,1,98,舌尖,1,three_one_negative,0,1
鮮紅,primary,tip_middle_root_1_3_1,SVM,1,98,舌中,1,three_one_negative,0,0
鮮紅,primary,tip_middle_root_1_3_1,SVM,1,98,舌左邊,1,three_one_negative,0,1
鮮紅,primary,tip_middle_root_1_3_1,SVM,1,98,舌右邊,1,three_one_negative,0,1
鮮紅,primary,tip_middle_root_1_3_1,SVM,1,98,舌根,1,three_one_negative,0,0
鮮紅,primary,tip_middle_root_1_3_1,Random Forest,1,12,舌尖,1,three_one_negative,0,1
鮮紅,primary,tip_middle_root_1_3_1,Random Forest,1,12,舌中,1,three_one_negative,0,0
鮮紅,primary,tip_middle_root_1_3_1,Random Forest,1,24,舌尖,1,three_one_negative,0,0
鮮紅,primary,tip_middle_root_1_3_1,Random Forest,1,24,舌中,1,three_one_negative,0,0
鮮紅,primary,tip_middle_root_1_3_1,Random Forest,1,24,舌左邊,1,three_one_negative,0,0
鮮紅,primary,tip_middle_root_1_3_1,Random Forest,1,24,舌右邊,1,three_one_negative,0,0
鮮紅,primary,tip_middle_root_1_3_1,Random Forest,1,24,舌根,1,three_one_negative,0,0
鮮紅,primary,tip_middle_root_1_3_1,Random Forest,1,3,舌尖,1,three_one_negative,0,0
鮮紅,primary,tip_middle_root_1_3_1,Random Forest,1,3,舌中,1,three_one_negative,0,0
鮮紅,primary,tip_middle_root_1_3_1,Random Forest,1,3,舌左邊,1,three_one_negative,0,0
鮮紅,primary,tip_middle_root_1_3_1,Random Forest,1,3,舌右邊,1,three_one_negative,0,1
鮮紅,primary,tip_middle_root_1_3_1,Random Forest,1,3,舌根,1,three_one_negative,0,1
鮮紅,primary,tip_middle_root_1_3_1,Random Forest,1,31,舌尖,3,three_one_positive,1,0
鮮紅,primary,tip_middle_root_1_3_1,Random Forest,1,40,舌左邊,3,three_one_positive,1,0
鮮紅,primary,tip_middle_root_1_3_1,Random Forest,1,40,舌右邊,3,three_one_positive,1,0
鮮紅,primary,tip_middle_root_1_3_1,Random Forest,1,42,舌尖,3,three_one_positive,1,0
鮮紅,primary,tip_middle_root_1_3_1,Random Forest,1,42,舌左邊,3,three_one_positive,1,0
鮮紅,primary,tip_middle_root_1_3_1,Random Forest,1,42,舌右邊,3,three_one_positive,1,1
鮮紅,primary,tip_middle_root_1_3_1,Random Forest,1,48,舌尖,3,three_one_positive,1,0
鮮紅,primary,tip_middle_root_1_3_1,Random Forest,1,50,舌中,1,three_one_negative,0,0
鮮紅,primary,tip_middle_root_1_3_1,Random Forest,1,50,舌左邊,1,three_one_negative,0,0
鮮紅,primary,tip_middle_root_1_3_1,Random Forest,1,50,舌右邊,1,three_one_negative,0,0
鮮紅,primary,tip_middle_root_1_3_1,Random Forest,1,50,舌根,1,three_one_negative,0,0
鮮紅,primary,tip_middle_root_1_3_1,Random Forest,1,54,舌尖,1,three_one_negative,0,0
鮮紅,primary,tip_middle_root_1_3_1,Random Forest,1,63,舌尖,3,three_one_positive,1,1
鮮紅,primary,tip_middle_root_1_3_1,Random Forest,1,64,舌中,1,three_one_negative,0,0
鮮紅,primary,tip_middle_root_1_3_1,Random Forest,1,64,舌左邊,1,three_one_negative,0,0
鮮紅,primary,tip_middle_root_1_3_1,Random Forest,1,64,舌右邊,1,three_one_negative,0,0
鮮紅,primary,tip_middle_root_1_3_1,Random Forest,1,64,舌根,1,three_one_negative,0,0
鮮紅,primary,tip_middle_root_1_3_1,Random Forest,1,85,舌尖,3,three_one_positive,1,1
鮮紅,primary,tip_middle_root_1_3_1,Random Forest,1,85,舌中,3,three_one_positive,1,1
鮮紅,primary,tip_middle_root_1_3_1,Random Forest,1,85,舌左邊,3,three_one_positive,1,1
鮮紅,primary,tip_middle_root_1_3_1,Random Forest,1,85,舌右邊,3,three_one_positive,1,1
鮮紅,primary,tip_middle_root_1_3_1,Random Forest,1,85,舌根,3,three_one_positive,1,0
鮮紅,primary,tip_middle_root_1_3_1,Random Forest,1,90,舌尖,3,three_one_positive,1,1
鮮紅,primary,tip_middle_root_1_3_1,Random Forest,1,98,舌尖,1,three_one_negative,0,1
鮮紅,primary,tip_middle_root_1_3_1,Random Forest,1,98,舌中,1,three_one_negative,0,0
鮮紅,primary,tip_middle_root_1_3_1,Random Forest,1,98,舌左邊,1,three_one_negative,0,0
鮮紅,primary,tip_middle_root_1_3_1,Random Forest,1,98,舌右邊,1,three_one_negative,0,0
鮮紅,primary,tip_middle_root_1_3_1,Random Forest,1,98,舌根,1,three_one_negative,0,0
鮮紅,primary,tip_middle_root_1_3_1,SVM,2,10,舌中,3,three_one_positive,1,0
鮮紅,primary,tip_middle_root_1_3_1,SVM,2,10,舌左邊,3,three_one_positive,1,0
鮮紅,primary,tip_middle_root_1_3_1,SVM,2,10,舌右邊,3,three_one_positive,1,1
鮮紅,primary,tip_middle_root_1_3_1,SVM,2,10,舌根,3,three_one_positive,1,0
鮮紅,primary,tip_middle_root_1_3_1,SVM,2,15,舌中,1,three_one_negative,0,0
鮮紅,primary,tip_middle_root_1_3_1,SVM,2,15,舌根,1,three_one_negative,0,0
鮮紅,primary,tip_middle_root_1_3_1,SVM,2,25,舌尖,1,three_one_negative,0,0
鮮紅,primary,tip_middle_root_1_3_1,SVM,2,25,舌中,1,three_one_negative,0,0
鮮紅,primary,tip_middle_root_1_3_1,SVM,2,25,舌左邊,1,three_one_negative,0,0
鮮紅,primary,tip_middle_root_1_3_1,SVM,2,25,舌右邊,1,three_one_negative,0,1
鮮紅,primary,tip_middle_root_1_3_1,SVM,2,25,舌根,1,three_one_negative,0,0
鮮紅,primary,tip_middle_root_1_3_1,SVM,2,35,舌左邊,3,three_one_positive,1,0
鮮紅,primary,tip_middle_root_1_3_1,SVM,2,35,舌右邊,3,three_one_positive,1,1
鮮紅,primary,tip_middle_root_1_3_1,SVM,2,38,舌尖,1,three_one_negative,0,0
鮮紅,primary,tip_middle_root_1_3_1,SVM,2,6,舌尖,1,three_one_negative,0,0
鮮紅,primary,tip_middle_root_1_3_1,SVM,2,6,舌中,1,three_one_negative,0,0
鮮紅,primary,tip_middle_root_1_3_1,SVM,2,6,舌根,1,three_one_negative,0,0
鮮紅,primary,tip_middle_root_1_3_1,SVM,2,67,舌尖,3,three_one_positive,1,1
鮮紅,primary,tip_middle_root_1_3_1,SVM,2,67,舌左邊,3,three_one_positive,1,1
鮮紅,primary,tip_middle_root_1_3_1,SVM,2,67,舌右邊,3,three_one_positive,1,1
鮮紅,primary,tip_middle_root_1_3_1,SVM,2,82,舌中,3,three_one_positive,1,1
鮮紅,primary,tip_middle_root_1_3_1,SVM,2,82,舌根,3,three_one_positive,1,0
鮮紅,primary,tip_middle_root_1_3_1,SVM,2,96,舌尖,3,three_one_positive,1,1
鮮紅,primary,tip_middle_root_1_3_1,SVM,2,96,舌中,3,three_one_positive,1,1
鮮紅,primary,tip_middle_root_1_3_1,SVM,2,96,舌左邊,3,three_one_positive,1,1
鮮紅,primary,tip_middle_root_1_3_1,SVM,2,96,舌右邊,3,three_one_positive,1,1
鮮紅,primary,tip_middle_root_1_3_1,Random Forest,2,10,舌中,3,three_one_positive,1,0
鮮紅,primary,tip_middle_root_1_3_1,Random Forest,2,10,舌左邊,3,three_one_positive,1,0
鮮紅,primary,tip_middle_root_1_3_1,Random Forest,2,10,舌右邊,3,three_one_positive,1,0
鮮紅,primary,tip_middle_root_1_3_1,Random Forest,2,10,舌根,3,three_one_positive,1,0
鮮紅,primary,tip_middle_root_1_3_1,Random Forest,2,15,舌中,1,three_one_negative,0,0
鮮紅,primary,tip_middle_root_1_3_1,Random Forest,2,15,舌根,1,three_one_negative,0,0
鮮紅,primary,tip_middle_root_1_3_1,Random Forest,2,25,舌尖,1,three_one_negative,0,0
鮮紅,primary,tip_middle_root_1_3_1,Random Forest,2,25,舌中,1,three_one_negative,0,0
鮮紅,primary,tip_middle_root_1_3_1,Random Forest,2,25,舌左邊,1,three_one_negative,0,0
鮮紅,primary,tip_middle_root_1_3_1,Random Forest,2,25,舌右邊,1,three_one_negative,0,1
鮮紅,primary,tip_middle_root_1_3_1,Random Forest,2,25,舌根,1,three_one_negative,0,0
鮮紅,primary,tip_middle_root_1_3_1,Random Forest,2,35,舌左邊,3,three_one_positive,1,0
鮮紅,primary,tip_middle_root_1_3_1,Random Forest,2,35,舌右邊,3,three_one_positive,1,1
鮮紅,primary,tip_middle_root_1_3_1,Random Forest,2,38,舌尖,1,three_one_negative,0,0
鮮紅,primary,tip_middle_root_1_3_1,Random Forest,2,6,舌尖,1,three_one_negative,0,0
鮮紅,primary,tip_middle_root_1_3_1,Random Forest,2,6,舌中,1,three_one_negative,0,0
鮮紅,primary,tip_middle_root_1_3_1,Random Forest,2,6,舌根,1,three_one_negative,0,0
鮮紅,primary,tip_middle_root_1_3_1,Random Forest,2,67,舌尖,3,three_one_positive,1,1
鮮紅,primary,tip_middle_root_1_3_1,Random Forest,2,67,舌左邊,3,three_one_positive,1,1
鮮紅,primary,tip_middle_root_1_3_1,Random Forest,2,67,舌右邊,3,three_one_positive,1,1
鮮紅,primary,tip_middle_root_1_3_1,Random Forest,2,82,舌中,3,three_one_positive,1,0
鮮紅,primary,tip_middle_root_1_3_1,Random Forest,2,82,舌根,3,three_one_positive,1,1
鮮紅,primary,tip_middle_root_1_3_1,Random Forest,2,96,舌尖,3,three_one_positive,1,1
鮮紅,primary,tip_middle_root_1_3_1,Random Forest,2,96,舌中,3,three_one_positive,1,1
鮮紅,primary,tip_middle_root_1_3_1,Random Forest,2,96,舌左邊,3,three_one_positive,1,1
鮮紅,primary,tip_middle_root_1_3_1,Random Forest,2,96,舌右邊,3,three_one_positive,1,1
鮮紅,primary,tip_middle_root_1_3_1,SVM,3,2,舌尖,1,three_one_negative,0,1
鮮紅,primary,tip_middle_root_1_3_1,SVM,3,2,舌中,1,three_one_negative,0,0
鮮紅,primary,tip_middle_root_1_3_1,SVM,3,2,舌根,1,three_one_negative,0,0
鮮紅,primary,tip_middle_root_1_3_1,SVM,3,26,舌尖,1,three_one_negative,0,1
鮮紅,primary,tip_middle_root_1_3_1,SVM,3,26,舌中,1,three_one_negative,0,0
鮮紅,primary,tip_middle_root_1_3_1,SVM,3,26,舌根,1,three_one_negative,0,0
鮮紅,primary,tip_middle_root_1_3_1,SVM,3,51,舌左邊,3,three_one_positive,1,1
鮮紅,primary,tip_middle_root_1_3_1,SVM,3,51,舌右邊,3,three_one_positive,1,1
鮮紅,primary,tip_middle_root_1_3_1,SVM,3,72,舌尖,3,three_one_positive,1,1
鮮紅,primary,tip_middle_root_1_3_1,SVM,3,72,舌中,3,three_one_positive,1,0
鮮紅,primary,tip_middle_root_1_3_1,SVM,3,72,舌左邊,3,three_one_positive,1,1
鮮紅,primary,tip_middle_root_1_3_1,SVM,3,72,舌右邊,3,three_one_positive,1,1
鮮紅,primary,tip_middle_root_1_3_1,SVM,3,76,舌左邊,3,three_one_positive,1,1
鮮紅,primary,tip_middle_root_1_3_1,SVM,3,76,舌右邊,3,three_one_positive,1,1
鮮紅,primary,tip_middle_root_1_3_1,SVM,3,79,舌中,3,three_one_positive,1,1
鮮紅,primary,tip_middle_root_1_3_1,SVM,3,79,舌根,3,three_one_positive,1,1
鮮紅,primary,tip_middle_root_1_3_1,SVM,3,88,舌尖,1,three_one_negative,0,0
鮮紅,primary,tip_middle_root_1_3_1,SVM,3,88,舌中,1,three_one_negative,0,0
鮮紅,primary,tip_middle_root_1_3_1,SVM,3,88,舌左邊,1,three_one_negative,0,0
鮮紅,primary,tip_middle_root_1_3_1,SVM,3,88,舌右邊,1,three_one_negative,0,0
鮮紅,primary,tip_middle_root_1_3_1,SVM,3,88,舌根,1,three_one_negative,0,0
鮮紅,primary,tip_middle_root_1_3_1,SVM,3,93,舌尖,3,three_one_positive,1,1
鮮紅,primary,tip_middle_root_1_3_1,SVM,3,93,舌中,3,three_one_positive,1,1
鮮紅,primary,tip_middle_root_1_3_1,SVM,3,93,舌根,3,three_one_positive,1,0
鮮紅,primary,tip_middle_root_1_3_1,SVM,3,94,舌尖,1,three_one_negative,0,0
鮮紅,primary,tip_middle_root_1_3_1,SVM,3,94,舌中,1,three_one_negative,0,0
鮮紅,primary,tip_middle_root_1_3_1,SVM,3,94,舌左邊,1,three_one_negative,0,0
鮮紅,primary,tip_middle_root_1_3_1,SVM,3,94,舌右邊,1,three_one_negative,0,1
鮮紅,primary,tip_middle_root_1_3_1,SVM,3,94,舌根,1,three_one_negative,0,0
鮮紅,primary,tip_middle_root_1_3_1,Random Forest,3,2,舌尖,1,three_one_negative,0,1
鮮紅,primary,tip_middle_root_1_3_1,Random Forest,3,2,舌中,1,three_one_negative,0,0
鮮紅,primary,tip_middle_root_1_3_1,Random Forest,3,2,舌根,1,three_one_negative,0,0
鮮紅,primary,tip_middle_root_1_3_1,Random Forest,3,26,舌尖,1,three_one_negative,0,1
鮮紅,primary,tip_middle_root_1_3_1,Random Forest,3,26,舌中,1,three_one_negative,0,0
鮮紅,primary,tip_middle_root_1_3_1,Random Forest,3,26,舌根,1,three_one_negative,0,0
鮮紅,primary,tip_middle_root_1_3_1,Random Forest,3,51,舌左邊,3,three_one_positive,1,0
鮮紅,primary,tip_middle_root_1_3_1,Random Forest,3,51,舌右邊,3,three_one_positive,1,1
鮮紅,primary,tip_middle_root_1_3_1,Random Forest,3,72,舌尖,3,three_one_positive,1,1
鮮紅,primary,tip_middle_root_1_3_1,Random Forest,3,72,舌中,3,three_one_positive,1,0
鮮紅,primary,tip_middle_root_1_3_1,Random Forest,3,72,舌左邊,3,three_one_positive,1,1
鮮紅,primary,tip_middle_root_1_3_1,Random Forest,3,72,舌右邊,3,three_one_positive,1,1
鮮紅,primary,tip_middle_root_1_3_1,Random Forest,3,76,舌左邊,3,three_one_positive,1,0
鮮紅,primary,tip_middle_root_1_3_1,Random Forest,3,76,舌右邊,3,three_one_positive,1,1
鮮紅,primary,tip_middle_root_1_3_1,Random Forest,3,79,舌中,3,three_one_positive,1,1
鮮紅,primary,tip_middle_root_1_3_1,Random Forest,3,79,舌根,3,three_one_positive,1,1
鮮紅,primary,tip_middle_root_1_3_1,Random Forest,3,88,舌尖,1,three_one_negative,0,0
鮮紅,primary,tip_middle_root_1_3_1,Random Forest,3,88,舌中,1,three_one_negative,0,0
鮮紅,primary,tip_middle_root_1_3_1,Random Forest,3,88,舌左邊,1,three_one_negative,0,0
鮮紅,primary,tip_middle_root_1_3_1,Random Forest,3,88,舌右邊,1,three_one_negative,0,0
鮮紅,primary,tip_middle_root_1_3_1,Random Forest,3,88,舌根,1,three_one_negative,0,0
鮮紅,primary,tip_middle_root_1_3_1,Random Forest,3,93,舌尖,3,three_one_positive,1,1
鮮紅,primary,tip_middle_root_1_3_1,Random Forest,3,93,舌中,3,three_one_positive,1,1
鮮紅,primary,tip_middle_root_1_3_1,Random Forest,3,93,舌根,3,three_one_positive,1,0
鮮紅,primary,tip_middle_root_1_3_1,Random Forest,3,94,舌尖,1,three_one_negative,0,0
鮮紅,primary,tip_middle_root_1_3_1,Random Forest,3,94,舌中,1,three_one_negative,0,0
鮮紅,primary,tip_middle_root_1_3_1,Random Forest,3,94,舌左邊,1,three_one_negative,0,0
鮮紅,primary,tip_middle_root_1_3_1,Random Forest,3,94,舌右邊,1,three_one_negative,0,0
鮮紅,primary,tip_middle_root_1_3_1,Random Forest,3,94,舌根,1,three_one_negative,0,0
鮮紅,primary,tip_middle_root_1_3_1,SVM,4,11,舌尖,1,three_one_negative,0,1
鮮紅,primary,tip_middle_root_1_3_1,SVM,4,11,舌中,1,three_one_negative,0,1
鮮紅,primary,tip_middle_root_1_3_1,SVM,4,11,舌左邊,1,three_one_negative,0,1
鮮紅,primary,tip_middle_root_1_3_1,SVM,4,11,舌右邊,1,three_one_negative,0,1
鮮紅,primary,tip_middle_root_1_3_1,SVM,4,11,舌根,1,three_one_negative,0,0
鮮紅,primary,tip_middle_root_1_3_1,SVM,4,32,舌尖,3,three_one_positive,1,0
鮮紅,primary,tip_middle_root_1_3_1,SVM,4,32,舌左邊,3,three_one_positive,1,0
鮮紅,primary,tip_middle_root_1_3_1,SVM,4,32,舌右邊,3,three_one_positive,1,0
鮮紅,primary,tip_middle_root_1_3_1,SVM,4,34,舌尖,3,three_one_positive,1,0
鮮紅,primary,tip_middle_root_1_3_1,SVM,4,34,舌左邊,3,three_one_positive,1,0
鮮紅,primary,tip_middle_root_1_3_1,SVM,4,34,舌右邊,3,three_one_positive,1,0
鮮紅,primary,tip_middle_root_1_3_1,SVM,4,43,舌尖,3,three_one_positive,1,0
鮮紅,primary,tip_middle_root_1_3_1,SVM,4,49,舌尖,1,three_one_negative,0,0
鮮紅,primary,tip_middle_root_1_3_1,SVM,4,49,舌中,1,three_one_negative,0,0
鮮紅,primary,tip_middle_root_1_3_1,SVM,4,49,舌左邊,1,three_one_negative,0,0
鮮紅,primary,tip_middle_root_1_3_1,SVM,4,49,舌右邊,1,three_one_negative,0,0
鮮紅,primary,tip_middle_root_1_3_1,SVM,4,49,舌根,1,three_one_negative,0,0
鮮紅,primary,tip_middle_root_1_3_1,SVM,4,53,舌尖,3,three_one_positive,1,0
鮮紅,primary,tip_middle_root_1_3_1,SVM,4,60,舌尖,3,three_one_positive,1,0
鮮紅,primary,tip_middle_root_1_3_1,SVM,4,70,舌中,3,three_one_positive,1,1
鮮紅,primary,tip_middle_root_1_3_1,SVM,4,70,舌根,3,three_one_positive,1,0
鮮紅,primary,tip_middle_root_1_3_1,SVM,4,75,舌中,1,three_one_negative,0,1
鮮紅,primary,tip_middle_root_1_3_1,SVM,4,75,舌左邊,1,three_one_negative,0,0
鮮紅,primary,tip_middle_root_1_3_1,SVM,4,75,舌右邊,1,three_one_negative,0,0
鮮紅,primary,tip_middle_root_1_3_1,SVM,4,75,舌根,1,three_one_negative,0,0
鮮紅,primary,tip_middle_root_1_3_1,SVM,4,80,舌左邊,3,three_one_positive,1,1
鮮紅,primary,tip_middle_root_1_3_1,SVM,4,80,舌右邊,3,three_one_positive,1,1
鮮紅,primary,tip_middle_root_1_3_1,SVM,4,87,舌中,3,three_one_positive,1,1
鮮紅,primary,tip_middle_root_1_3_1,SVM,4,87,舌根,3,three_one_positive,1,0
鮮紅,primary,tip_middle_root_1_3_1,SVM,4,9,舌中,1,three_one_negative,0,0
鮮紅,primary,tip_middle_root_1_3_1,SVM,4,9,舌左邊,1,three_one_negative,0,0
鮮紅,primary,tip_middle_root_1_3_1,SVM,4,9,舌右邊,1,three_one_negative,0,0
鮮紅,primary,tip_middle_root_1_3_1,SVM,4,9,舌根,1,three_one_negative,0,0
鮮紅,primary,tip_middle_root_1_3_1,SVM,4,97,舌尖,1,three_one_negative,0,1
鮮紅,primary,tip_middle_root_1_3_1,SVM,4,97,舌中,1,three_one_negative,0,0
鮮紅,primary,tip_middle_root_1_3_1,SVM,4,97,舌左邊,1,three_one_negative,0,0
鮮紅,primary,tip_middle_root_1_3_1,SVM,4,97,舌右邊,1,three_one_negative,0,0
鮮紅,primary,tip_middle_root_1_3_1,SVM,4,97,舌根,1,three_one_negative,0,0
鮮紅,primary,tip_middle_root_1_3_1,Random Forest,4,11,舌尖,1,three_one_negative,0,1
鮮紅,primary,tip_middle_root_1_3_1,Random Forest,4,11,舌中,1,three_one_negative,0,0
鮮紅,primary,tip_middle_root_1_3_1,Random Forest,4,11,舌左邊,1,three_one_negative,0,1
鮮紅,primary,tip_middle_root_1_3_1,Random Forest,4,11,舌右邊,1,three_one_negative,0,1
鮮紅,primary,tip_middle_root_1_3_1,Random Forest,4,11,舌根,1,three_one_negative,0,0
鮮紅,primary,tip_middle_root_1_3_1,Random Forest,4,32,舌尖,3,three_one_positive,1,0
鮮紅,primary,tip_middle_root_1_3_1,Random Forest,4,32,舌左邊,3,three_one_positive,1,0
鮮紅,primary,tip_middle_root_1_3_1,Random Forest,4,32,舌右邊,3,three_one_positive,1,0
鮮紅,primary,tip_middle_root_1_3_1,Random Forest,4,34,舌尖,3,three_one_positive,1,0
鮮紅,primary,tip_middle_root_1_3_1,Random Forest,4,34,舌左邊,3,three_one_positive,1,0
鮮紅,primary,tip_middle_root_1_3_1,Random Forest,4,34,舌右邊,3,three_one_positive,1,0
鮮紅,primary,tip_middle_root_1_3_1,Random Forest,4,43,舌尖,3,three_one_positive,1,0
鮮紅,primary,tip_middle_root_1_3_1,Random Forest,4,49,舌尖,1,three_one_negative,0,0
鮮紅,primary,tip_middle_root_1_3_1,Random Forest,4,49,舌中,1,three_one_negative,0,0
鮮紅,primary,tip_middle_root_1_3_1,Random Forest,4,49,舌左邊,1,three_one_negative,0,0
鮮紅,primary,tip_middle_root_1_3_1,Random Forest,4,49,舌右邊,1,three_one_negative,0,0
鮮紅,primary,tip_middle_root_1_3_1,Random Forest,4,49,舌根,1,three_one_negative,0,0
鮮紅,primary,tip_middle_root_1_3_1,Random Forest,4,53,舌尖,3,three_one_positive,1,0
鮮紅,primary,tip_middle_root_1_3_1,Random Forest,4,60,舌尖,3,three_one_positive,1,0
鮮紅,primary,tip_middle_root_1_3_1,Random Forest,4,70,舌中,3,three_one_positive,1,1
鮮紅,primary,tip_middle_root_1_3_1,Random Forest,4,70,舌根,3,three_one_positive,1,0
鮮紅,primary,tip_middle_root_1_3_1,Random Forest,4,75,舌中,1,three_one_negative,0,0
鮮紅,primary,tip_middle_root_1_3_1,Random Forest,4,75,舌左邊,1,three_one_negative,0,0
鮮紅,primary,tip_middle_root_1_3_1,Random Forest,4,75,舌右邊,1,three_one_negative,0,0
鮮紅,primary,tip_middle_root_1_3_1,Random Forest,4,75,舌根,1,three_one_negative,0,0
鮮紅,primary,tip_middle_root_1_3_1,Random Forest,4,80,舌左邊,3,three_one_positive,1,1
鮮紅,primary,tip_middle_root_1_3_1,Random Forest,4,80,舌右邊,3,three_one_positive,1,1
鮮紅,primary,tip_middle_root_1_3_1,Random Forest,4,87,舌中,3,three_one_positive,1,1
鮮紅,primary,tip_middle_root_1_3_1,Random Forest,4,87,舌根,3,three_one_positive,1,0
鮮紅,primary,tip_middle_root_1_3_1,Random Forest,4,9,舌中,1,three_one_negative,0,0
鮮紅,primary,tip_middle_root_1_3_1,Random Forest,4,9,舌左邊,1,three_one_negative,0,0
鮮紅,primary,tip_middle_root_1_3_1,Random Forest,4,9,舌右邊,1,three_one_negative,0,0
鮮紅,primary,tip_middle_root_1_3_1,Random Forest,4,9,舌根,1,three_one_negative,0,0
鮮紅,primary,tip_middle_root_1_3_1,Random Forest,4,97,舌尖,1,three_one_negative,0,1
鮮紅,primary,tip_middle_root_1_3_1,Random Forest,4,97,舌中,1,three_one_negative,0,0
鮮紅,primary,tip_middle_root_1_3_1,Random Forest,4,97,舌左邊,1,three_one_negative,0,0
鮮紅,primary,tip_middle_root_1_3_1,Random Forest,4,97,舌右邊,1,three_one_negative,0,0
鮮紅,primary,tip_middle_root_1_3_1,Random Forest,4,97,舌根,1,three_one_negative,0,0
鮮紅,primary,tip_middle_root_1_3_1,SVM,5,100,舌根,1,three_one_negative,0,0
鮮紅,primary,tip_middle_root_1_3_1,SVM,5,13,舌中,1,three_one_negative,0,0
鮮紅,primary,tip_middle_root_1_3_1,SVM,5,13,舌左邊,1,three_one_negative,0,1
鮮紅,primary,tip_middle_root_1_3_1,SVM,5,13,舌右邊,1,three_one_negative,0,1
鮮紅,primary,tip_middle_root_1_3_1,SVM,5,13,舌根,1,three_one_negative,0,0
鮮紅,primary,tip_middle_root_1_3_1,SVM,5,17,舌左邊,1,three_one_negative,0,0
鮮紅,primary,tip_middle_root_1_3_1,SVM,5,17,舌右邊,1,three_one_negative,0,0
鮮紅,primary,tip_middle_root_1_3_1,SVM,5,33,舌尖,3,three_one_positive,1,0
鮮紅,primary,tip_middle_root_1_3_1,SVM,5,4,舌尖,1,three_one_negative,0,1
鮮紅,primary,tip_middle_root_1_3_1,SVM,5,4,舌中,1,three_one_negative,0,0
鮮紅,primary,tip_middle_root_1_3_1,SVM,5,55,舌尖,1,three_one_negative,0,0
鮮紅,primary,tip_middle_root_1_3_1,SVM,5,55,舌中,1,three_one_negative,0,0
鮮紅,primary,tip_middle_root_1_3_1,SVM,5,55,舌左邊,1,three_one_negative,0,0
鮮紅,primary,tip_middle_root_1_3_1,SVM,5,55,舌右邊,1,three_one_negative,0,0
鮮紅,primary,tip_middle_root_1_3_1,SVM,5,55,舌根,1,three_one_negative,0,0
鮮紅,primary,tip_middle_root_1_3_1,SVM,5,56,舌尖,1,three_one_negative,0,0
鮮紅,primary,tip_middle_root_1_3_1,SVM,5,59,舌尖,3,three_one_positive,1,0
鮮紅,primary,tip_middle_root_1_3_1,SVM,5,59,舌中,3,three_one_positive,1,0
鮮紅,primary,tip_middle_root_1_3_1,SVM,5,59,舌左邊,3,three_one_positive,1,0
鮮紅,primary,tip_middle_root_1_3_1,SVM,5,59,舌右邊,3,three_one_positive,1,0
鮮紅,primary,tip_middle_root_1_3_1,SVM,5,66,舌尖,3,three_one_positive,1,1
鮮紅,primary,tip_middle_root_1_3_1,SVM,5,66,舌中,3,three_one_positive,1,0
鮮紅,primary,tip_middle_root_1_3_1,SVM,5,73,舌中,1,three_one_negative,0,0
鮮紅,primary,tip_middle_root_1_3_1,SVM,5,73,舌根,1,three_one_negative,0,0
鮮紅,primary,tip_middle_root_1_3_1,SVM,5,74,舌尖,1,three_one_negative,0,1
鮮紅,primary,tip_middle_root_1_3_1,SVM,5,74,舌中,1,three_one_negative,0,0
鮮紅,primary,tip_middle_root_1_3_1,SVM,5,74,舌左邊,1,three_one_negative,0,1
鮮紅,primary,tip_middle_root_1_3_1,SVM,5,74,舌右邊,1,three_one_negative,0,1
鮮紅,primary,tip_middle_root_1_3_1,SVM,5,74,舌根,1,three_one_negative,0,0
鮮紅,primary,tip_middle_root_1_3_1,SVM,5,89,舌尖,3,three_one_positive,1,1
鮮紅,primary,tip_middle_root_1_3_1,SVM,5,89,舌左邊,3,three_one_positive,1,0
鮮紅,primary,tip_middle_root_1_3_1,SVM,5,89,舌右邊,3,three_one_positive,1,1
鮮紅,primary,tip_middle_root_1_3_1,SVM,5,95,舌尖,3,three_one_positive,1,1
鮮紅,primary,tip_middle_root_1_3_1,SVM,5,95,舌中,3,three_one_positive,1,0
鮮紅,primary,tip_middle_root_1_3_1,SVM,5,95,舌左邊,3,three_one_positive,1,1
鮮紅,primary,tip_middle_root_1_3_1,SVM,5,95,舌右邊,3,three_one_positive,1,1
鮮紅,primary,tip_middle_root_1_3_1,SVM,5,95,舌根,3,three_one_positive,1,0
鮮紅,primary,tip_middle_root_1_3_1,Random Forest,5,100,舌根,1,three_one_negative,0,0
鮮紅,primary,tip_middle_root_1_3_1,Random Forest,5,13,舌中,1,three_one_negative,0,0
鮮紅,primary,tip_middle_root_1_3_1,Random Forest,5,13,舌左邊,1,three_one_negative,0,1
鮮紅,primary,tip_middle_root_1_3_1,Random Forest,5,13,舌右邊,1,three_one_negative,0,1
鮮紅,primary,tip_middle_root_1_3_1,Random Forest,5,13,舌根,1,three_one_negative,0,0
鮮紅,primary,tip_middle_root_1_3_1,Random Forest,5,17,舌左邊,1,three_one_negative,0,0
鮮紅,primary,tip_middle_root_1_3_1,Random Forest,5,17,舌右邊,1,three_one_negative,0,0
鮮紅,primary,tip_middle_root_1_3_1,Random Forest,5,33,舌尖,3,three_one_positive,1,0
鮮紅,primary,tip_middle_root_1_3_1,Random Forest,5,4,舌尖,1,three_one_negative,0,1
鮮紅,primary,tip_middle_root_1_3_1,Random Forest,5,4,舌中,1,three_one_negative,0,0
鮮紅,primary,tip_middle_root_1_3_1,Random Forest,5,55,舌尖,1,three_one_negative,0,0
鮮紅,primary,tip_middle_root_1_3_1,Random Forest,5,55,舌中,1,three_one_negative,0,0
鮮紅,primary,tip_middle_root_1_3_1,Random Forest,5,55,舌左邊,1,three_one_negative,0,0
鮮紅,primary,tip_middle_root_1_3_1,Random Forest,5,55,舌右邊,1,three_one_negative,0,0
鮮紅,primary,tip_middle_root_1_3_1,Random Forest,5,55,舌根,1,three_one_negative,0,0
鮮紅,primary,tip_middle_root_1_3_1,Random Forest,5,56,舌尖,1,three_one_negative,0,0
鮮紅,primary,tip_middle_root_1_3_1,Random Forest,5,59,舌尖,3,three_one_positive,1,0
鮮紅,primary,tip_middle_root_1_3_1,Random Forest,5,59,舌中,3,three_one_positive,1,0
鮮紅,primary,tip_middle_root_1_3_1,Random Forest,5,59,舌左邊,3,three_one_positive,1,0
鮮紅,primary,tip_middle_root_1_3_1,Random Forest,5,59,舌右邊,3,three_one_positive,1,0
鮮紅,primary,tip_middle_root_1_3_1,Random Forest,5,66,舌尖,3,three_one_positive,1,1
鮮紅,primary,tip_middle_root_1_3_1,Random Forest,5,66,舌中,3,three_one_positive,1,0
鮮紅,primary,tip_middle_root_1_3_1,Random Forest,5,73,舌中,1,three_one_negative,0,0
鮮紅,primary,tip_middle_root_1_3_1,Random Forest,5,73,舌根,1,three_one_negative,0,0
鮮紅,primary,tip_middle_root_1_3_1,Random Forest,5,74,舌尖,1,three_one_negative,0,0
鮮紅,primary,tip_middle_root_1_3_1,Random Forest,5,74,舌中,1,three_one_negative,0,0
鮮紅,primary,tip_middle_root_1_3_1,Random Forest,5,74,舌左邊,1,three_one_negative,0,0
鮮紅,primary,tip_middle_root_1_3_1,Random Forest,5,74,舌右邊,1,three_one_negative,0,0
鮮紅,primary,tip_middle_root_1_3_1,Random Forest,5,74,舌根,1,three_one_negative,0,0
鮮紅,primary,tip_middle_root_1_3_1,Random Forest,5,89,舌尖,3,three_one_positive,1,1
鮮紅,primary,tip_middle_root_1_3_1,Random Forest,5,89,舌左邊,3,three_one_positive,1,0
鮮紅,primary,tip_middle_root_1_3_1,Random Forest,5,89,舌右邊,3,three_one_positive,1,1
鮮紅,primary,tip_middle_root_1_3_1,Random Forest,5,95,舌尖,3,three_one_positive,1,1
鮮紅,primary,tip_middle_root_1_3_1,Random Forest,5,95,舌中,3,three_one_positive,1,0
鮮紅,primary,tip_middle_root_1_3_1,Random Forest,5,95,舌左邊,3,three_one_positive,1,0
鮮紅,primary,tip_middle_root_1_3_1,Random Forest,5,95,舌右邊,3,three_one_positive,1,1
鮮紅,primary,tip_middle_root_1_3_1,Random Forest,5,95,舌根,3,three_one_positive,1,0
暗紅,exploratory,tip_middle_root_1_2_2,SVM,1,100,舌尖,1,three_one_negative,0,0
暗紅,exploratory,tip_middle_root_1_2_2,SVM,1,100,舌中,1,three_one_negative,0,0
暗紅,exploratory,tip_middle_root_1_2_2,SVM,1,100,舌左邊,1,three_one_negative,0,0
暗紅,exploratory,tip_middle_root_1_2_2,SVM,1,100,舌右邊,1,three_one_negative,0,0
暗紅,exploratory,tip_middle_root_1_2_2,SVM,1,13,舌左邊,1,three_one_negative,0,0
暗紅,exploratory,tip_middle_root_1_2_2,SVM,1,13,舌右邊,1,three_one_negative,0,0
暗紅,exploratory,tip_middle_root_1_2_2,SVM,1,14,舌中,1,three_one_negative,0,0
暗紅,exploratory,tip_middle_root_1_2_2,SVM,1,14,舌左邊,1,three_one_negative,0,0
暗紅,exploratory,tip_middle_root_1_2_2,SVM,1,14,舌右邊,1,three_one_negative,0,1
暗紅,exploratory,tip_middle_root_1_2_2,SVM,1,14,舌根,1,three_one_negative,0,0
暗紅,exploratory,tip_middle_root_1_2_2,SVM,1,20,舌中,1,three_one_negative,0,0
暗紅,exploratory,tip_middle_root_1_2_2,SVM,1,20,舌根,1,three_one_negative,0,0
暗紅,exploratory,tip_middle_root_1_2_2,SVM,1,3,舌尖,3,three_one_positive,1,0
暗紅,exploratory,tip_middle_root_1_2_2,SVM,1,3,舌中,3,three_one_positive,1,1
暗紅,exploratory,tip_middle_root_1_2_2,SVM,1,3,舌左邊,3,three_one_positive,1,0
暗紅,exploratory,tip_middle_root_1_2_2,SVM,1,3,舌右邊,3,three_one_positive,1,0
暗紅,exploratory,tip_middle_root_1_2_2,SVM,1,30,舌尖,1,three_one_negative,0,0
暗紅,exploratory,tip_middle_root_1_2_2,SVM,1,30,舌中,1,three_one_negative,0,0
暗紅,exploratory,tip_middle_root_1_2_2,SVM,1,30,舌根,1,three_one_negative,0,0
暗紅,exploratory,tip_middle_root_1_2_2,SVM,1,33,舌尖,1,three_one_negative,0,0
暗紅,exploratory,tip_middle_root_1_2_2,SVM,1,39,舌尖,1,three_one_negative,0,0
暗紅,exploratory,tip_middle_root_1_2_2,SVM,1,39,舌左邊,1,three_one_negative,0,0
暗紅,exploratory,tip_middle_root_1_2_2,SVM,1,55,舌根,1,three_one_negative,0,0
暗紅,exploratory,tip_middle_root_1_2_2,SVM,1,56,舌中,3,three_one_positive,1,0
暗紅,exploratory,tip_middle_root_1_2_2,SVM,1,56,舌左邊,3,three_one_positive,1,0
暗紅,exploratory,tip_middle_root_1_2_2,SVM,1,56,舌右邊,3,three_one_positive,1,0
暗紅,exploratory,tip_middle_root_1_2_2,SVM,1,56,舌根,3,three_one_positive,1,0
暗紅,exploratory,tip_middle_root_1_2_2,SVM,1,57,舌尖,3,three_one_positive,1,0
暗紅,exploratory,tip_middle_root_1_2_2,SVM,1,57,舌中,3,three_one_positive,1,0
暗紅,exploratory,tip_middle_root_1_2_2,SVM,1,57,舌左邊,3,three_one_positive,1,0
暗紅,exploratory,tip_middle_root_1_2_2,SVM,1,57,舌右邊,3,three_one_positive,1,0
暗紅,exploratory,tip_middle_root_1_2_2,SVM,1,57,舌根,3,three_one_positive,1,0
暗紅,exploratory,tip_middle_root_1_2_2,SVM,1,72,舌尖,1,three_one_negative,0,0
暗紅,exploratory,tip_middle_root_1_2_2,SVM,1,72,舌中,1,three_one_negative,0,1
暗紅,exploratory,tip_middle_root_1_2_2,SVM,1,72,舌左邊,1,three_one_negative,0,0
暗紅,exploratory,tip_middle_root_1_2_2,SVM,1,72,舌右邊,1,three_one_negative,0,0
暗紅,exploratory,tip_middle_root_1_2_2,SVM,1,83,舌尖,3,three_one_positive,1,0
暗紅,exploratory,tip_middle_root_1_2_2,SVM,1,83,舌中,3,three_one_positive,1,0
暗紅,exploratory,tip_middle_root_1_2_2,SVM,1,83,舌左邊,3,three_one_positive,1,0
暗紅,exploratory,tip_middle_root_1_2_2,SVM,1,83,舌右邊,3,three_one_positive,1,0
暗紅,exploratory,tip_middle_root_1_2_2,SVM,1,83,舌根,3,three_one_positive,1,0
暗紅,exploratory,tip_middle_root_1_2_2,SVM,1,96,舌尖,1,three_one_negative,0,0
暗紅,exploratory,tip_middle_root_1_2_2,SVM,1,96,舌中,1,three_one_negative,0,0
暗紅,exploratory,tip_middle_root_1_2_2,SVM,1,96,舌左邊,1,three_one_negative,0,0
暗紅,exploratory,tip_middle_root_1_2_2,SVM,1,96,舌右邊,1,three_one_negative,0,0
暗紅,exploratory,tip_middle_root_1_2_2,SVM,1,97,舌尖,1,three_one_negative,0,0
暗紅,exploratory,tip_middle_root_1_2_2,Random Forest,1,100,舌尖,1,three_one_negative,0,0
暗紅,exploratory,tip_middle_root_1_2_2,Random Forest,1,100,舌中,1,three_one_negative,0,0
暗紅,exploratory,tip_middle_root_1_2_2,Random Forest,1,100,舌左邊,1,three_one_negative,0,0
暗紅,exploratory,tip_middle_root_1_2_2,Random Forest,1,100,舌右邊,1,three_one_negative,0,0
暗紅,exploratory,tip_middle_root_1_2_2,Random Forest,1,13,舌左邊,1,three_one_negative,0,0
暗紅,exploratory,tip_middle_root_1_2_2,Random Forest,1,13,舌右邊,1,three_one_negative,0,0
暗紅,exploratory,tip_middle_root_1_2_2,Random Forest,1,14,舌中,1,three_one_negative,0,0
暗紅,exploratory,tip_middle_root_1_2_2,Random Forest,1,14,舌左邊,1,three_one_negative,0,0
暗紅,exploratory,tip_middle_root_1_2_2,Random Forest,1,14,舌右邊,1,three_one_negative,0,0
暗紅,exploratory,tip_middle_root_1_2_2,Random Forest,1,14,舌根,1,three_one_negative,0,0
暗紅,exploratory,tip_middle_root_1_2_2,Random Forest,1,20,舌中,1,three_one_negative,0,0
暗紅,exploratory,tip_middle_root_1_2_2,Random Forest,1,20,舌根,1,three_one_negative,0,0
暗紅,exploratory,tip_middle_root_1_2_2,Random Forest,1,3,舌尖,3,three_one_positive,1,0
暗紅,exploratory,tip_middle_root_1_2_2,Random Forest,1,3,舌中,3,three_one_positive,1,0
暗紅,exploratory,tip_middle_root_1_2_2,Random Forest,1,3,舌左邊,3,three_one_positive,1,0
暗紅,exploratory,tip_middle_root_1_2_2,Random Forest,1,3,舌右邊,3,three_one_positive,1,0
暗紅,exploratory,tip_middle_root_1_2_2,Random Forest,1,30,舌尖,1,three_one_negative,0,0
暗紅,exploratory,tip_middle_root_1_2_2,Random Forest,1,30,舌中,1,three_one_negative,0,0
暗紅,exploratory,tip_middle_root_1_2_2,Random Forest,1,30,舌根,1,three_one_negative,0,0
暗紅,exploratory,tip_middle_root_1_2_2,Random Forest,1,33,舌尖,1,three_one_negative,0,0
暗紅,exploratory,tip_middle_root_1_2_2,Random Forest,1,39,舌尖,1,three_one_negative,0,0
暗紅,exploratory,tip_middle_root_1_2_2,Random Forest,1,39,舌左邊,1,three_one_negative,0,0
暗紅,exploratory,tip_middle_root_1_2_2,Random Forest,1,55,舌根,1,three_one_negative,0,0
暗紅,exploratory,tip_middle_root_1_2_2,Random Forest,1,56,舌中,3,three_one_positive,1,0
暗紅,exploratory,tip_middle_root_1_2_2,Random Forest,1,56,舌左邊,3,three_one_positive,1,0
暗紅,exploratory,tip_middle_root_1_2_2,Random Forest,1,56,舌右邊,3,three_one_positive,1,0
暗紅,exploratory,tip_middle_root_1_2_2,Random Forest,1,56,舌根,3,three_one_positive,1,0
暗紅,exploratory,tip_middle_root_1_2_2,Random Forest,1,57,舌尖,3,three_one_positive,1,0
暗紅,exploratory,tip_middle_root_1_2_2,Random Forest,1,57,舌中,3,three_one_positive,1,0
暗紅,exploratory,tip_middle_root_1_2_2,Random Forest,1,57,舌左邊,3,three_one_positive,1,0
暗紅,exploratory,tip_middle_root_1_2_2,Random Forest,1,57,舌右邊,3,three_one_positive,1,0
暗紅,exploratory,tip_middle_root_1_2_2,Random Forest,1,57,舌根,3,three_one_positive,1,0
暗紅,exploratory,tip_middle_root_1_2_2,Random Forest,1,72,舌尖,1,three_one_negative,0,0
暗紅,exploratory,tip_middle_root_1_2_2,Random Forest,1,72,舌中,1,three_one_negative,0,0
暗紅,exploratory,tip_middle_root_1_2_2,Random Forest,1,72,舌左邊,1,three_one_negative,0,1
暗紅,exploratory,tip_middle_root_1_2_2,Random Forest,1,72,舌右邊,1,three_one_negative,0,0
暗紅,exploratory,tip_middle_root_1_2_2,Random Forest,1,83,舌尖,3,three_one_positive,1,0
暗紅,exploratory,tip_middle_root_1_2_2,Random Forest,1,83,舌中,3,three_one_positive,1,0
暗紅,exploratory,tip_middle_root_1_2_2,Random Forest,1,83,舌左邊,3,three_one_positive,1,0
暗紅,exploratory,tip_middle_root_1_2_2,Random Forest,1,83,舌右邊,3,three_one_positive,1,0
暗紅,exploratory,tip_middle_root_1_2_2,Random Forest,1,83,舌根,3,three_one_positive,1,0
暗紅,exploratory,tip_middle_root_1_2_2,Random Forest,1,96,舌尖,1,three_one_negative,0,0
暗紅,exploratory,tip_middle_root_1_2_2,Random Forest,1,96,舌中,1,three_one_negative,0,0
暗紅,exploratory,tip_middle_root_1_2_2,Random Forest,1,96,舌左邊,1,three_one_negative,0,0
暗紅,exploratory,tip_middle_root_1_2_2,Random Forest,1,96,舌右邊,1,three_one_negative,0,0
暗紅,exploratory,tip_middle_root_1_2_2,Random Forest,1,97,舌尖,1,three_one_negative,0,0
暗紅,exploratory,tip_middle_root_1_2_2,SVM,2,16,舌左邊,1,three_one_negative,0,0
暗紅,exploratory,tip_middle_root_1_2_2,SVM,2,16,舌右邊,1,three_one_negative,0,1
暗紅,exploratory,tip_middle_root_1_2_2,SVM,2,2,舌中,1,three_one_negative,0,0
暗紅,exploratory,tip_middle_root_1_2_2,SVM,2,2,舌根,1,three_one_negative,0,0
暗紅,exploratory,tip_middle_root_1_2_2,SVM,2,23,舌尖,1,three_one_negative,0,0
暗紅,exploratory,tip_middle_root_1_2_2,SVM,2,23,舌中,1,three_one_negative,0,0
暗紅,exploratory,tip_middle_root_1_2_2,SVM,2,23,舌左邊,1,three_one_negative,0,0
暗紅,exploratory,tip_middle_root_1_2_2,SVM,2,23,舌右邊,1,three_one_negative,0,0
暗紅,exploratory,tip_middle_root_1_2_2,SVM,2,23,舌根,1,three_one_negative,0,0
暗紅,exploratory,tip_middle_root_1_2_2,SVM,2,24,舌中,1,three_one_negative,0,0
暗紅,exploratory,tip_middle_root_1_2_2,SVM,2,24,舌根,1,three_one_negative,0,0
暗紅,exploratory,tip_middle_root_1_2_2,SVM,2,35,舌尖,1,three_one_negative,0,0
暗紅,exploratory,tip_middle_root_1_2_2,SVM,2,35,舌中,3,three_one_positive,1,0
暗紅,exploratory,tip_middle_root_1_2_2,SVM,2,35,舌根,3,three_one_positive,1,0
暗紅,exploratory,tip_middle_root_1_2_2,SVM,2,40,舌根,3,three_one_positive,1,0
暗紅,exploratory,tip_middle_root_1_2_2,SVM,2,44,舌尖,1,three_one_negative,0,0
暗紅,exploratory,tip_middle_root_1_2_2,SVM,2,44,舌中,1,three_one_negative,0,0
暗紅,exploratory,tip_middle_root_1_2_2,SVM,2,44,舌左邊,1,three_one_negative,0,0
暗紅,exploratory,tip_middle_root_1_2_2,SVM,2,44,舌右邊,1,three_one_negative,0,0
暗紅,exploratory,tip_middle_root_1_2_2,SVM,2,47,舌尖,3,three_one_positive,1,0
暗紅,exploratory,tip_middle_root_1_2_2,SVM,2,47,舌中,3,three_one_positive,1,0
暗紅,exploratory,tip_middle_root_1_2_2,SVM,2,47,舌根,3,three_one_positive,1,0
暗紅,exploratory,tip_middle_root_1_2_2,SVM,2,66,舌尖,1,three_one_negative,0,0
暗紅,exploratory,tip_middle_root_1_2_2,SVM,2,66,舌中,1,three_one_negative,0,0
暗紅,exploratory,tip_middle_root_1_2_2,SVM,2,69,舌尖,3,three_one_positive,1,0
暗紅,exploratory,tip_middle_root_1_2_2,SVM,2,69,舌中,3,three_one_positive,1,1
暗紅,exploratory,tip_middle_root_1_2_2,SVM,2,7,舌中,1,three_one_negative,0,0
暗紅,exploratory,tip_middle_root_1_2_2,SVM,2,7,舌根,1,three_one_negative,0,0
暗紅,exploratory,tip_middle_root_1_2_2,SVM,2,71,舌根,3,three_one_positive,1,0
暗紅,exploratory,tip_middle_root_1_2_2,SVM,2,74,舌中,3,three_one_positive,1,1
暗紅,exploratory,tip_middle_root_1_2_2,SVM,2,74,舌左邊,3,three_one_positive,1,1
暗紅,exploratory,tip_middle_root_1_2_2,SVM,2,74,舌右邊,3,three_one_positive,1,0
暗紅,exploratory,tip_middle_root_1_2_2,SVM,2,74,舌根,3,three_one_positive,1,1
暗紅,exploratory,tip_middle_root_1_2_2,SVM,2,76,舌尖,3,three_one_positive,1,0
暗紅,exploratory,tip_middle_root_1_2_2,SVM,2,76,舌左邊,3,three_one_positive,1,0
暗紅,exploratory,tip_middle_root_1_2_2,SVM,2,76,舌右邊,3,three_one_positive,1,0
暗紅,exploratory,tip_middle_root_1_2_2,SVM,2,80,舌左邊,1,three_one_negative,0,0
暗紅,exploratory,tip_middle_root_1_2_2,SVM,2,80,舌右邊,1,three_one_negative,0,0
暗紅,exploratory,tip_middle_root_1_2_2,SVM,2,80,舌根,1,three_one_negative,0,0
暗紅,exploratory,tip_middle_root_1_2_2,SVM,2,84,舌中,1,three_one_negative,0,0
暗紅,exploratory,tip_middle_root_1_2_2,SVM,2,84,舌根,1,three_one_negative,0,0
暗紅,exploratory,tip_middle_root_1_2_2,SVM,2,85,舌尖,1,three_one_negative,0,0
暗紅,exploratory,tip_middle_root_1_2_2,SVM,2,85,舌中,1,three_one_negative,0,0
暗紅,exploratory,tip_middle_root_1_2_2,SVM,2,85,舌根,1,three_one_negative,0,0
暗紅,exploratory,tip_middle_root_1_2_2,SVM,2,87,舌中,1,three_one_negative,0,0
暗紅,exploratory,tip_middle_root_1_2_2,SVM,2,87,舌根,1,three_one_negative,0,0
暗紅,exploratory,tip_middle_root_1_2_2,SVM,2,93,舌中,1,three_one_negative,0,0
暗紅,exploratory,tip_middle_root_1_2_2,SVM,2,93,舌根,1,three_one_negative,0,0
暗紅,exploratory,tip_middle_root_1_2_2,SVM,2,94,舌尖,1,three_one_negative,0,0
暗紅,exploratory,tip_middle_root_1_2_2,SVM,2,94,舌左邊,1,three_one_negative,0,0
暗紅,exploratory,tip_middle_root_1_2_2,SVM,2,94,舌右邊,1,three_one_negative,0,0
暗紅,exploratory,tip_middle_root_1_2_2,SVM,2,94,舌根,1,three_one_negative,0,1
暗紅,exploratory,tip_middle_root_1_2_2,Random Forest,2,16,舌左邊,1,three_one_negative,0,0
暗紅,exploratory,tip_middle_root_1_2_2,Random Forest,2,16,舌右邊,1,three_one_negative,0,0
暗紅,exploratory,tip_middle_root_1_2_2,Random Forest,2,2,舌中,1,three_one_negative,0,0
暗紅,exploratory,tip_middle_root_1_2_2,Random Forest,2,2,舌根,1,three_one_negative,0,0
暗紅,exploratory,tip_middle_root_1_2_2,Random Forest,2,23,舌尖,1,three_one_negative,0,0
暗紅,exploratory,tip_middle_root_1_2_2,Random Forest,2,23,舌中,1,three_one_negative,0,0
暗紅,exploratory,tip_middle_root_1_2_2,Random Forest,2,23,舌左邊,1,three_one_negative,0,0
暗紅,exploratory,tip_middle_root_1_2_2,Random Forest,2,23,舌右邊,1,three_one_negative,0,0
暗紅,exploratory,tip_middle_root_1_2_2,Random Forest,2,23,舌根,1,three_one_negative,0,0
暗紅,exploratory,tip_middle_root_1_2_2,Random Forest,2,24,舌中,1,three_one_negative,0,0
暗紅,exploratory,tip_middle_root_1_2_2,Random Forest,2,24,舌根,1,three_one_negative,0,0
暗紅,exploratory,tip_middle_root_1_2_2,Random Forest,2,35,舌尖,1,three_one_negative,0,0
暗紅,exploratory,tip_middle_root_1_2_2,Random Forest,2,35,舌中,3,three_one_positive,1,0
暗紅,exploratory,tip_middle_root_1_2_2,Random Forest,2,35,舌根,3,three_one_positive,1,0
暗紅,exploratory,tip_middle_root_1_2_2,Random Forest,2,40,舌根,3,three_one_positive,1,0
暗紅,exploratory,tip_middle_root_1_2_2,Random Forest,2,44,舌尖,1,three_one_negative,0,0
暗紅,exploratory,tip_middle_root_1_2_2,Random Forest,2,44,舌中,1,three_one_negative,0,0
暗紅,exploratory,tip_middle_root_1_2_2,Random Forest,2,44,舌左邊,1,three_one_negative,0,0
暗紅,exploratory,tip_middle_root_1_2_2,Random Forest,2,44,舌右邊,1,three_one_negative,0,0
暗紅,exploratory,tip_middle_root_1_2_2,Random Forest,2,47,舌尖,3,three_one_positive,1,0
暗紅,exploratory,tip_middle_root_1_2_2,Random Forest,2,47,舌中,3,three_one_positive,1,0
暗紅,exploratory,tip_middle_root_1_2_2,Random Forest,2,47,舌根,3,three_one_positive,1,0
暗紅,exploratory,tip_middle_root_1_2_2,Random Forest,2,66,舌尖,1,three_one_negative,0,0
暗紅,exploratory,tip_middle_root_1_2_2,Random Forest,2,66,舌中,1,three_one_negative,0,0
暗紅,exploratory,tip_middle_root_1_2_2,Random Forest,2,69,舌尖,3,three_one_positive,1,0
暗紅,exploratory,tip_middle_root_1_2_2,Random Forest,2,69,舌中,3,three_one_positive,1,0
暗紅,exploratory,tip_middle_root_1_2_2,Random Forest,2,7,舌中,1,three_one_negative,0,0
暗紅,exploratory,tip_middle_root_1_2_2,Random Forest,2,7,舌根,1,three_one_negative,0,0
暗紅,exploratory,tip_middle_root_1_2_2,Random Forest,2,71,舌根,3,three_one_positive,1,0
暗紅,exploratory,tip_middle_root_1_2_2,Random Forest,2,74,舌中,3,three_one_positive,1,0
暗紅,exploratory,tip_middle_root_1_2_2,Random Forest,2,74,舌左邊,3,three_one_positive,1,0
暗紅,exploratory,tip_middle_root_1_2_2,Random Forest,2,74,舌右邊,3,three_one_positive,1,0
暗紅,exploratory,tip_middle_root_1_2_2,Random Forest,2,74,舌根,3,three_one_positive,1,0
暗紅,exploratory,tip_middle_root_1_2_2,Random Forest,2,76,舌尖,3,three_one_positive,1,0
暗紅,exploratory,tip_middle_root_1_2_2,Random Forest,2,76,舌左邊,3,three_one_positive,1,0
暗紅,exploratory,tip_middle_root_1_2_2,Random Forest,2,76,舌右邊,3,three_one_positive,1,0
暗紅,exploratory,tip_middle_root_1_2_2,Random Forest,2,80,舌左邊,1,three_one_negative,0,0
暗紅,exploratory,tip_middle_root_1_2_2,Random Forest,2,80,舌右邊,1,three_one_negative,0,0
暗紅,exploratory,tip_middle_root_1_2_2,Random Forest,2,80,舌根,1,three_one_negative,0,0
暗紅,exploratory,tip_middle_root_1_2_2,Random Forest,2,84,舌中,1,three_one_negative,0,0
暗紅,exploratory,tip_middle_root_1_2_2,Random Forest,2,84,舌根,1,three_one_negative,0,0
暗紅,exploratory,tip_middle_root_1_2_2,Random Forest,2,85,舌尖,1,three_one_negative,0,0
暗紅,exploratory,tip_middle_root_1_2_2,Random Forest,2,85,舌中,1,three_one_negative,0,0
暗紅,exploratory,tip_middle_root_1_2_2,Random Forest,2,85,舌根,1,three_one_negative,0,0
暗紅,exploratory,tip_middle_root_1_2_2,Random Forest,2,87,舌中,1,three_one_negative,0,0
暗紅,exploratory,tip_middle_root_1_2_2,Random Forest,2,87,舌根,1,three_one_negative,0,0
暗紅,exploratory,tip_middle_root_1_2_2,Random Forest,2,93,舌中,1,three_one_negative,0,0
暗紅,exploratory,tip_middle_root_1_2_2,Random Forest,2,93,舌根,1,three_one_negative,0,0
暗紅,exploratory,tip_middle_root_1_2_2,Random Forest,2,94,舌尖,1,three_one_negative,0,0
暗紅,exploratory,tip_middle_root_1_2_2,Random Forest,2,94,舌左邊,1,three_one_negative,0,1
暗紅,exploratory,tip_middle_root_1_2_2,Random Forest,2,94,舌右邊,1,three_one_negative,0,1
暗紅,exploratory,tip_middle_root_1_2_2,Random Forest,2,94,舌根,1,three_one_negative,0,1
暗紅,exploratory,tip_middle_root_1_2_2,SVM,3,12,舌尖,3,three_one_positive,1,0
暗紅,exploratory,tip_middle_root_1_2_2,SVM,3,18,舌左邊,1,three_one_negative,0,1
暗紅,exploratory,tip_middle_root_1_2_2,SVM,3,18,舌右邊,1,three_one_negative,0,1
暗紅,exploratory,tip_middle_root_1_2_2,SVM,3,21,舌中,1,three_one_negative,0,0
暗紅,exploratory,tip_middle_root_1_2_2,SVM,3,21,舌左邊,1,three_one_negative,0,0
暗紅,exploratory,tip_middle_root_1_2_2,SVM,3,21,舌右邊,1,three_one_negative,0,1
暗紅,exploratory,tip_middle_root_1_2_2,SVM,3,21,舌根,1,three_one_negative,0,0
暗紅,exploratory,tip_middle_root_1_2_2,SVM,3,28,舌尖,1,three_one_negative,0,0
暗紅,exploratory,tip_middle_root_1_2_2,SVM,3,28,舌中,1,three_one_negative,0,0
暗紅,exploratory,tip_middle_root_1_2_2,SVM,3,28,舌左邊,1,three_one_negative,0,0
暗紅,exploratory,tip_middle_root_1_2_2,SVM,3,28,舌右邊,1,three_one_negative,0,0
暗紅,exploratory,tip_middle_root_1_2_2,SVM,3,28,舌根,1,three_one_negative,0,0
暗紅,exploratory,tip_middle_root_1_2_2,SVM,3,29,舌尖,1,three_one_negative,0,0
暗紅,exploratory,tip_middle_root_1_2_2,SVM,3,29,舌中,1,three_one_negative,0,0
暗紅,exploratory,tip_middle_root_1_2_2,SVM,3,38,舌中,1,three_one_negative,0,0
暗紅,exploratory,tip_middle_root_1_2_2,SVM,3,38,舌左邊,1,three_one_negative,0,0
暗紅,exploratory,tip_middle_root_1_2_2,SVM,3,38,舌右邊,1,three_one_negative,0,0
暗紅,exploratory,tip_middle_root_1_2_2,SVM,3,41,舌尖,3,three_one_positive,1,0
暗紅,exploratory,tip_middle_root_1_2_2,SVM,3,41,舌中,3,three_one_positive,1,0
暗紅,exploratory,tip_middle_root_1_2_2,SVM,3,41,舌左邊,3,three_one_positive,1,0
暗紅,exploratory,tip_middle_root_1_2_2,SVM,3,41,舌右邊,3,three_one_positive,1,0
暗紅,exploratory,tip_middle_root_1_2_2,SVM,3,5,舌尖,1,three_one_negative,0,0
暗紅,exploratory,tip_middle_root_1_2_2,SVM,3,5,舌左邊,1,three_one_negative,0,1
暗紅,exploratory,tip_middle_root_1_2_2,SVM,3,5,舌右邊,1,three_one_negative,0,0
暗紅,exploratory,tip_middle_root_1_2_2,SVM,3,50,舌中,3,three_one_positive,1,0
暗紅,exploratory,tip_middle_root_1_2_2,SVM,3,50,舌左邊,3,three_one_positive,1,0
暗紅,exploratory,tip_middle_root_1_2_2,SVM,3,50,舌右邊,3,three_one_positive,1,0
暗紅,exploratory,tip_middle_root_1_2_2,SVM,3,50,舌根,3,three_one_positive,1,0
暗紅,exploratory,tip_middle_root_1_2_2,SVM,3,51,舌尖,1,three_one_negative,0,0
暗紅,exploratory,tip_middle_root_1_2_2,SVM,3,51,舌中,1,three_one_negative,0,0
暗紅,exploratory,tip_middle_root_1_2_2,SVM,3,51,舌根,1,three_one_negative,0,0
暗紅,exploratory,tip_middle_root_1_2_2,SVM,3,60,舌中,1,three_one_negative,0,0
暗紅,exploratory,tip_middle_root_1_2_2,SVM,3,60,舌根,1,three_one_negative,0,0
暗紅,exploratory,tip_middle_root_1_2_2,SVM,3,62,舌尖,3,three_one_positive,1,0
暗紅,exploratory,tip_middle_root_1_2_2,SVM,3,62,舌右邊,3,three_one_positive,1,0
暗紅,exploratory,tip_middle_root_1_2_2,SVM,3,64,舌中,3,three_one_positive,1,0
暗紅,exploratory,tip_middle_root_1_2_2,SVM,3,68,舌左邊,3,three_one_positive,1,0
暗紅,exploratory,tip_middle_root_1_2_2,SVM,3,68,舌右邊,3,three_one_positive,1,0
暗紅,exploratory,tip_middle_root_1_2_2,SVM,3,68,舌根,1,three_one_negative,0,0
暗紅,exploratory,tip_middle_root_1_2_2,SVM,3,78,舌尖,1,three_one_negative,0,0
暗紅,exploratory,tip_middle_root_1_2_2,SVM,3,78,舌中,1,three_one_negative,0,0
暗紅,exploratory,tip_middle_root_1_2_2,SVM,3,78,舌根,1,three_one_negative,0,0
暗紅,exploratory,tip_middle_root_1_2_2,SVM,3,81,舌尖,3,three_one_positive,1,0
暗紅,exploratory,tip_middle_root_1_2_2,SVM,3,81,舌中,3,three_one_positive,1,0
暗紅,exploratory,tip_middle_root_1_2_2,SVM,3,81,舌左邊,3,three_one_positive,1,0
暗紅,exploratory,tip_middle_root_1_2_2,SVM,3,81,舌右邊,3,three_one_positive,1,0
暗紅,exploratory,tip_middle_root_1_2_2,SVM,3,81,舌根,3,three_one_positive,1,0
暗紅,exploratory,tip_middle_root_1_2_2,Random Forest,3,12,舌尖,3,three_one_positive,1,0
暗紅,exploratory,tip_middle_root_1_2_2,Random Forest,3,18,舌左邊,1,three_one_negative,0,1
暗紅,exploratory,tip_middle_root_1_2_2,Random Forest,3,18,舌右邊,1,three_one_negative,0,0
暗紅,exploratory,tip_middle_root_1_2_2,Random Forest,3,21,舌中,1,three_one_negative,0,0
暗紅,exploratory,tip_middle_root_1_2_2,Random Forest,3,21,舌左邊,1,three_one_negative,0,0
暗紅,exploratory,tip_middle_root_1_2_2,Random Forest,3,21,舌右邊,1,three_one_negative,0,0
暗紅,exploratory,tip_middle_root_1_2_2,Random Forest,3,21,舌根,1,three_one_negative,0,0
暗紅,exploratory,tip_middle_root_1_2_2,Random Forest,3,28,舌尖,1,three_one_negative,0,0
暗紅,exploratory,tip_middle_root_1_2_2,Random Forest,3,28,舌中,1,three_one_negative,0,0
暗紅,exploratory,tip_middle_root_1_2_2,Random Forest,3,28,舌左邊,1,three_one_negative,0,0
暗紅,exploratory,tip_middle_root_1_2_2,Random Forest,3,28,舌右邊,1,three_one_negative,0,0
暗紅,exploratory,tip_middle_root_1_2_2,Random Forest,3,28,舌根,1,three_one_negative,0,0
暗紅,exploratory,tip_middle_root_1_2_2,Random Forest,3,29,舌尖,1,three_one_negative,0,0
暗紅,exploratory,tip_middle_root_1_2_2,Random Forest,3,29,舌中,1,three_one_negative,0,0
暗紅,exploratory,tip_middle_root_1_2_2,Random Forest,3,38,舌中,1,three_one_negative,0,0
暗紅,exploratory,tip_middle_root_1_2_2,Random Forest,3,38,舌左邊,1,three_one_negative,0,0
暗紅,exploratory,tip_middle_root_1_2_2,Random Forest,3,38,舌右邊,1,three_one_negative,0,0
暗紅,exploratory,tip_middle_root_1_2_2,Random Forest,3,41,舌尖,3,three_one_positive,1,0
暗紅,exploratory,tip_middle_root_1_2_2,Random Forest,3,41,舌中,3,three_one_positive,1,0
暗紅,exploratory,tip_middle_root_1_2_2,Random Forest,3,41,舌左邊,3,three_one_positive,1,0
暗紅,exploratory,tip_middle_root_1_2_2,Random Forest,3,41,舌右邊,3,three_one_positive,1,0
暗紅,exploratory,tip_middle_root_1_2_2,Random Forest,3,5,舌尖,1,three_one_negative,0,0
暗紅,exploratory,tip_middle_root_1_2_2,Random Forest,3,5,舌左邊,1,three_one_negative,0,0
暗紅,exploratory,tip_middle_root_1_2_2,Random Forest,3,5,舌右邊,1,three_one_negative,0,0
暗紅,exploratory,tip_middle_root_1_2_2,Random Forest,3,50,舌中,3,three_one_positive,1,0
暗紅,exploratory,tip_middle_root_1_2_2,Random Forest,3,50,舌左邊,3,three_one_positive,1,0
暗紅,exploratory,tip_middle_root_1_2_2,Random Forest,3,50,舌右邊,3,three_one_positive,1,0
暗紅,exploratory,tip_middle_root_1_2_2,Random Forest,3,50,舌根,3,three_one_positive,1,0
暗紅,exploratory,tip_middle_root_1_2_2,Random Forest,3,51,舌尖,1,three_one_negative,0,0
暗紅,exploratory,tip_middle_root_1_2_2,Random Forest,3,51,舌中,1,three_one_negative,0,0
暗紅,exploratory,tip_middle_root_1_2_2,Random Forest,3,51,舌根,1,three_one_negative,0,0
暗紅,exploratory,tip_middle_root_1_2_2,Random Forest,3,60,舌中,1,three_one_negative,0,0
暗紅,exploratory,tip_middle_root_1_2_2,Random Forest,3,60,舌根,1,three_one_negative,0,0
暗紅,exploratory,tip_middle_root_1_2_2,Random Forest,3,62,舌尖,3,three_one_positive,1,0
暗紅,exploratory,tip_middle_root_1_2_2,Random Forest,3,62,舌右邊,3,three_one_positive,1,0
暗紅,exploratory,tip_middle_root_1_2_2,Random Forest,3,64,舌中,3,three_one_positive,1,0
暗紅,exploratory,tip_middle_root_1_2_2,Random Forest,3,68,舌左邊,3,three_one_positive,1,1
暗紅,exploratory,tip_middle_root_1_2_2,Random Forest,3,68,舌右邊,3,three_one_positive,1,0
暗紅,exploratory,tip_middle_root_1_2_2,Random Forest,3,68,舌根,1,three_one_negative,0,0
暗紅,exploratory,tip_middle_root_1_2_2,Random Forest,3,78,舌尖,1,three_one_negative,0,0
暗紅,exploratory,tip_middle_root_1_2_2,Random Forest,3,78,舌中,1,three_one_negative,0,0
暗紅,exploratory,tip_middle_root_1_2_2,Random Forest,3,78,舌根,1,three_one_negative,0,0
暗紅,exploratory,tip_middle_root_1_2_2,Random Forest,3,81,舌尖,3,three_one_positive,1,0
暗紅,exploratory,tip_middle_root_1_2_2,Random Forest,3,81,舌中,3,three_one_positive,1,0
暗紅,exploratory,tip_middle_root_1_2_2,Random Forest,3,81,舌左邊,3,three_one_positive,1,0
暗紅,exploratory,tip_middle_root_1_2_2,Random Forest,3,81,舌右邊,3,three_one_positive,1,0
暗紅,exploratory,tip_middle_root_1_2_2,Random Forest,3,81,舌根,3,three_one_positive,1,0
暗紅,exploratory,tip_middle_root_1_2_2,SVM,4,17,舌左邊,3,three_one_positive,1,0
暗紅,exploratory,tip_middle_root_1_2_2,SVM,4,17,舌右邊,3,three_one_positive,1,0
暗紅,exploratory,tip_middle_root_1_2_2,SVM,4,17,舌根,3,three_one_positive,1,0
暗紅,exploratory,tip_middle_root_1_2_2,SVM,4,25,舌尖,1,three_one_negative,0,0
暗紅,exploratory,tip_middle_root_1_2_2,SVM,4,25,舌中,1,three_one_negative,0,0
暗紅,exploratory,tip_middle_root_1_2_2,SVM,4,31,舌尖,1,three_one_negative,0,0
暗紅,exploratory,tip_middle_root_1_2_2,SVM,4,31,舌左邊,1,three_one_negative,0,0
暗紅,exploratory,tip_middle_root_1_2_2,SVM,4,31,舌右邊,1,three_one_negative,0,0
暗紅,exploratory,tip_middle_root_1_2_2,SVM,4,34,舌尖,1,three_one_negative,0,0
暗紅,exploratory,tip_middle_root_1_2_2,SVM,4,34,舌中,1,three_one_negative,0,0
暗紅,exploratory,tip_middle_root_1_2_2,SVM,4,34,舌左邊,1,three_one_negative,0,0
暗紅,exploratory,tip_middle_root_1_2_2,SVM,4,34,舌右邊,1,three_one_negative,0,0
暗紅,exploratory,tip_middle_root_1_2_2,SVM,4,37,舌尖,1,three_one_negative,0,0
暗紅,exploratory,tip_middle_root_1_2_2,SVM,4,37,舌中,1,three_one_negative,0,0
暗紅,exploratory,tip_middle_root_1_2_2,SVM,4,37,舌左邊,1,three_one_negative,0,0
暗紅,exploratory,tip_middle_root_1_2_2,SVM,4,37,舌右邊,1,three_one_negative,0,0
暗紅,exploratory,tip_middle_root_1_2_2,SVM,4,37,舌根,1,three_one_negative,0,0
暗紅,exploratory,tip_middle_root_1_2_2,SVM,4,42,舌尖,1,three_one_negative,0,0
暗紅,exploratory,tip_middle_root_1_2_2,SVM,4,46,舌尖,1,three_one_negative,0,0
暗紅,exploratory,tip_middle_root_1_2_2,SVM,4,46,舌中,1,three_one_negative,0,0
暗紅,exploratory,tip_middle_root_1_2_2,SVM,4,46,舌左邊,1,three_one_negative,0,0
暗紅,exploratory,tip_middle_root_1_2_2,SVM,4,46,舌右邊,1,three_one_negative,0,0
暗紅,exploratory,tip_middle_root_1_2_2,SVM,4,48,舌中,3,three_one_positive,1,0
暗紅,exploratory,tip_middle_root_1_2_2,SVM,4,48,舌左邊,3,three_one_positive,1,1
暗紅,exploratory,tip_middle_root_1_2_2,SVM,4,48,舌右邊,3,three_one_positive,1,0
暗紅,exploratory,tip_middle_root_1_2_2,SVM,4,48,舌根,3,three_one_positive,1,0
暗紅,exploratory,tip_middle_root_1_2_2,SVM,4,49,舌中,1,three_one_negative,0,0
暗紅,exploratory,tip_middle_root_1_2_2,SVM,4,49,舌根,1,three_one_negative,0,0
暗紅,exploratory,tip_middle_root_1_2_2,SVM,4,54,舌根,1,three_one_negative,0,0
暗紅,exploratory,tip_middle_root_1_2_2,SVM,4,58,舌根,3,three_one_positive,1,0
暗紅,exploratory,tip_middle_root_1_2_2,SVM,4,6,舌尖,3,three_one_positive,1,0
暗紅,exploratory,tip_middle_root_1_2_2,SVM,4,6,舌左邊,3,three_one_positive,1,1
暗紅,exploratory,tip_middle_root_1_2_2,SVM,4,6,舌右邊,3,three_one_positive,1,0
暗紅,exploratory,tip_middle_root_1_2_2,SVM,4,67,舌尖,1,three_one_negative,0,0
暗紅,exploratory,tip_middle_root_1_2_2,SVM,4,67,舌左邊,1,three_one_negative,0,0
暗紅,exploratory,tip_middle_root_1_2_2,SVM,4,67,舌右邊,1,three_one_negative,0,0
暗紅,exploratory,tip_middle_root_1_2_2,SVM,4,77,舌尖,3,three_one_positive,1,0
暗紅,exploratory,tip_middle_root_1_2_2,SVM,4,77,舌左邊,3,three_one_positive,1,0
暗紅,exploratory,tip_middle_root_1_2_2,SVM,4,77,舌右邊,3,three_one_positive,1,0
暗紅,exploratory,tip_middle_root_1_2_2,SVM,4,77,舌根,3,three_one_positive,1,0
暗紅,exploratory,tip_middle_root_1_2_2,SVM,4,79,舌根,1,three_one_negative,0,0
暗紅,exploratory,tip_middle_root_1_2_2,SVM,4,9,舌中,1,three_one_negative,0,0
暗紅,exploratory,tip_middle_root_1_2_2,SVM,4,9,舌根,1,three_one_negative,0,0
暗紅,exploratory,tip_middle_root_1_2_2,SVM,4,98,舌左邊,3,three_one_positive,1,1
暗紅,exploratory,tip_middle_root_1_2_2,SVM,4,98,舌右邊,3,three_one_positive,1,0
暗紅,exploratory,tip_middle_root_1_2_2,Random Forest,4,17,舌左邊,3,three_one_positive,1,0
暗紅,exploratory,tip_middle_root_1_2_2,Random Forest,4,17,舌右邊,3,three_one_positive,1,0
暗紅,exploratory,tip_middle_root_1_2_2,Random Forest,4,17,舌根,3,three_one_positive,1,0
暗紅,exploratory,tip_middle_root_1_2_2,Random Forest,4,25,舌尖,1,three_one_negative,0,0
暗紅,exploratory,tip_middle_root_1_2_2,Random Forest,4,25,舌中,1,three_one_negative,0,0
暗紅,exploratory,tip_middle_root_1_2_2,Random Forest,4,31,舌尖,1,three_one_negative,0,0
暗紅,exploratory,tip_middle_root_1_2_2,Random Forest,4,31,舌左邊,1,three_one_negative,0,0
暗紅,exploratory,tip_middle_root_1_2_2,Random Forest,4,31,舌右邊,1,three_one_negative,0,0
暗紅,exploratory,tip_middle_root_1_2_2,Random Forest,4,34,舌尖,1,three_one_negative,0,0
暗紅,exploratory,tip_middle_root_1_2_2,Random Forest,4,34,舌中,1,three_one_negative,0,0
暗紅,exploratory,tip_middle_root_1_2_2,Random Forest,4,34,舌左邊,1,three_one_negative,0,0
暗紅,exploratory,tip_middle_root_1_2_2,Random Forest,4,34,舌右邊,1,three_one_negative,0,0
暗紅,exploratory,tip_middle_root_1_2_2,Random Forest,4,37,舌尖,1,three_one_negative,0,0
暗紅,exploratory,tip_middle_root_1_2_2,Random Forest,4,37,舌中,1,three_one_negative,0,0
暗紅,exploratory,tip_middle_root_1_2_2,Random Forest,4,37,舌左邊,1,three_one_negative,0,0
暗紅,exploratory,tip_middle_root_1_2_2,Random Forest,4,37,舌右邊,1,three_one_negative,0,0
暗紅,exploratory,tip_middle_root_1_2_2,Random Forest,4,37,舌根,1,three_one_negative,0,0
暗紅,exploratory,tip_middle_root_1_2_2,Random Forest,4,42,舌尖,1,three_one_negative,0,0
暗紅,exploratory,tip_middle_root_1_2_2,Random Forest,4,46,舌尖,1,three_one_negative,0,0
暗紅,exploratory,tip_middle_root_1_2_2,Random Forest,4,46,舌中,1,three_one_negative,0,0
暗紅,exploratory,tip_middle_root_1_2_2,Random Forest,4,46,舌左邊,1,three_one_negative,0,0
暗紅,exploratory,tip_middle_root_1_2_2,Random Forest,4,46,舌右邊,1,three_one_negative,0,0
暗紅,exploratory,tip_middle_root_1_2_2,Random Forest,4,48,舌中,3,three_one_positive,1,0
暗紅,exploratory,tip_middle_root_1_2_2,Random Forest,4,48,舌左邊,3,three_one_positive,1,0
暗紅,exploratory,tip_middle_root_1_2_2,Random Forest,4,48,舌右邊,3,three_one_positive,1,0
暗紅,exploratory,tip_middle_root_1_2_2,Random Forest,4,48,舌根,3,three_one_positive,1,0
暗紅,exploratory,tip_middle_root_1_2_2,Random Forest,4,49,舌中,1,three_one_negative,0,0
暗紅,exploratory,tip_middle_root_1_2_2,Random Forest,4,49,舌根,1,three_one_negative,0,0
暗紅,exploratory,tip_middle_root_1_2_2,Random Forest,4,54,舌根,1,three_one_negative,0,0
暗紅,exploratory,tip_middle_root_1_2_2,Random Forest,4,58,舌根,3,three_one_positive,1,0
暗紅,exploratory,tip_middle_root_1_2_2,Random Forest,4,6,舌尖,3,three_one_positive,1,0
暗紅,exploratory,tip_middle_root_1_2_2,Random Forest,4,6,舌左邊,3,three_one_positive,1,0
暗紅,exploratory,tip_middle_root_1_2_2,Random Forest,4,6,舌右邊,3,three_one_positive,1,0
暗紅,exploratory,tip_middle_root_1_2_2,Random Forest,4,67,舌尖,1,three_one_negative,0,0
暗紅,exploratory,tip_middle_root_1_2_2,Random Forest,4,67,舌左邊,1,three_one_negative,0,0
暗紅,exploratory,tip_middle_root_1_2_2,Random Forest,4,67,舌右邊,1,three_one_negative,0,0
暗紅,exploratory,tip_middle_root_1_2_2,Random Forest,4,77,舌尖,3,three_one_positive,1,0
暗紅,exploratory,tip_middle_root_1_2_2,Random Forest,4,77,舌左邊,3,three_one_positive,1,0
暗紅,exploratory,tip_middle_root_1_2_2,Random Forest,4,77,舌右邊,3,three_one_positive,1,0
暗紅,exploratory,tip_middle_root_1_2_2,Random Forest,4,77,舌根,3,three_one_positive,1,0
暗紅,exploratory,tip_middle_root_1_2_2,Random Forest,4,79,舌根,1,three_one_negative,0,0
暗紅,exploratory,tip_middle_root_1_2_2,Random Forest,4,9,舌中,1,three_one_negative,0,0
暗紅,exploratory,tip_middle_root_1_2_2,Random Forest,4,9,舌根,1,three_one_negative,0,0
暗紅,exploratory,tip_middle_root_1_2_2,Random Forest,4,98,舌左邊,3,three_one_positive,1,0
暗紅,exploratory,tip_middle_root_1_2_2,Random Forest,4,98,舌右邊,3,three_one_positive,1,0
暗紅,exploratory,tip_middle_root_1_2_2,SVM,5,1,舌中,3,three_one_positive,1,0
暗紅,exploratory,tip_middle_root_1_2_2,SVM,5,1,舌左邊,3,three_one_positive,1,0
暗紅,exploratory,tip_middle_root_1_2_2,SVM,5,1,舌右邊,3,three_one_positive,1,0
暗紅,exploratory,tip_middle_root_1_2_2,SVM,5,1,舌根,3,three_one_positive,1,0
暗紅,exploratory,tip_middle_root_1_2_2,SVM,5,10,舌尖,1,three_one_negative,0,0
暗紅,exploratory,tip_middle_root_1_2_2,SVM,5,10,舌左邊,1,three_one_negative,0,0
暗紅,exploratory,tip_middle_root_1_2_2,SVM,5,10,舌右邊,1,three_one_negative,0,0
暗紅,exploratory,tip_middle_root_1_2_2,SVM,5,11,舌左邊,3,three_one_positive,1,0
暗紅,exploratory,tip_middle_root_1_2_2,SVM,5,11,舌右邊,3,three_one_positive,1,0
暗紅,exploratory,tip_middle_root_1_2_2,SVM,5,22,舌尖,1,three_one_negative,0,1
暗紅,exploratory,tip_middle_root_1_2_2,SVM,5,22,舌中,1,three_one_negative,0,0
暗紅,exploratory,tip_middle_root_1_2_2,SVM,5,22,舌左邊,1,three_one_negative,0,1
暗紅,exploratory,tip_middle_root_1_2_2,SVM,5,22,舌右邊,1,three_one_negative,0,1
暗紅,exploratory,tip_middle_root_1_2_2,SVM,5,22,舌根,1,three_one_negative,0,0
暗紅,exploratory,tip_middle_root_1_2_2,SVM,5,26,舌尖,1,three_one_negative,0,0
暗紅,exploratory,tip_middle_root_1_2_2,SVM,5,26,舌中,1,three_one_negative,0,0
暗紅,exploratory,tip_middle_root_1_2_2,SVM,5,26,舌左邊,1,three_one_negative,0,0
暗紅,exploratory,tip_middle_root_1_2_2,SVM,5,26,舌右邊,1,three_one_negative,0,0
暗紅,exploratory,tip_middle_root_1_2_2,SVM,5,26,舌根,1,three_one_negative,0,0
暗紅,exploratory,tip_middle_root_1_2_2,SVM,5,45,舌尖,1,three_one_negative,0,0
暗紅,exploratory,tip_middle_root_1_2_2,SVM,5,45,舌中,3,three_one_positive,1,0
暗紅,exploratory,tip_middle_root_1_2_2,SVM,5,45,舌左邊,1,three_one_negative,0,0
暗紅,exploratory,tip_middle_root_1_2_2,SVM,5,45,舌右邊,1,three_one_negative,0,0
暗紅,exploratory,tip_middle_root_1_2_2,SVM,5,45,舌根,3,three_one_positive,1,0
暗紅,exploratory,tip_middle_root_1_2_2,SVM,5,52,舌尖,1,three_one_negative,0,0
暗紅,exploratory,tip_middle_root_1_2_2,SVM,5,59,舌根,1,three_one_negative,0,0
暗紅,exploratory,tip_middle_root_1_2_2,SVM,5,61,舌尖,3,three_one_positive,1,0
暗紅,exploratory,tip_middle_root_1_2_2,SVM,5,61,舌中,3,three_one_positive,1,1
暗紅,exploratory,tip_middle_root_1_2_2,SVM,5,61,舌左邊,3,three_one_positive,1,1
暗紅,exploratory,tip_middle_root_1_2_2,SVM,5,61,舌右邊,3,three_one_positive,1,1
暗紅,exploratory,tip_middle_root_1_2_2,SVM,5,61,舌根,3,three_one_positive,1,0
暗紅,exploratory,tip_middle_root_1_2_2,SVM,5,63,舌中,3,three_one_positive,1,0
暗紅,exploratory,tip_middle_root_1_2_2,SVM,5,63,舌左邊,3,three_one_positive,1,0
暗紅,exploratory,tip_middle_root_1_2_2,SVM,5,63,舌右邊,3,three_one_positive,1,0
暗紅,exploratory,tip_middle_root_1_2_2,SVM,5,70,舌中,1,three_one_negative,0,0
暗紅,exploratory,tip_middle_root_1_2_2,SVM,5,70,舌根,1,three_one_negative,0,0
暗紅,exploratory,tip_middle_root_1_2_2,SVM,5,73,舌左邊,1,three_one_negative,0,0
暗紅,exploratory,tip_middle_root_1_2_2,SVM,5,73,舌右邊,1,three_one_negative,0,0
暗紅,exploratory,tip_middle_root_1_2_2,SVM,5,86,舌尖,1,three_one_negative,0,0
暗紅,exploratory,tip_middle_root_1_2_2,SVM,5,86,舌中,1,three_one_negative,0,0
暗紅,exploratory,tip_middle_root_1_2_2,SVM,5,89,舌尖,1,three_one_negative,0,0
暗紅,exploratory,tip_middle_root_1_2_2,SVM,5,89,舌中,1,three_one_negative,0,0
暗紅,exploratory,tip_middle_root_1_2_2,SVM,5,89,舌左邊,1,three_one_negative,0,0
暗紅,exploratory,tip_middle_root_1_2_2,SVM,5,89,舌右邊,1,three_one_negative,0,0
暗紅,exploratory,tip_middle_root_1_2_2,SVM,5,90,舌中,1,three_one_negative,0,0
暗紅,exploratory,tip_middle_root_1_2_2,SVM,5,90,舌左邊,1,three_one_negative,0,0
暗紅,exploratory,tip_middle_root_1_2_2,SVM,5,90,舌右邊,1,three_one_negative,0,0
暗紅,exploratory,tip_middle_root_1_2_2,SVM,5,92,舌尖,1,three_one_negative,0,0
暗紅,exploratory,tip_middle_root_1_2_2,SVM,5,92,舌左邊,1,three_one_negative,0,1
暗紅,exploratory,tip_middle_root_1_2_2,SVM,5,92,舌右邊,1,three_one_negative,0,0
暗紅,exploratory,tip_middle_root_1_2_2,SVM,5,92,舌根,1,three_one_negative,0,0
暗紅,exploratory,tip_middle_root_1_2_2,Random Forest,5,1,舌中,3,three_one_positive,1,0
暗紅,exploratory,tip_middle_root_1_2_2,Random Forest,5,1,舌左邊,3,three_one_positive,1,0
暗紅,exploratory,tip_middle_root_1_2_2,Random Forest,5,1,舌右邊,3,three_one_positive,1,0
暗紅,exploratory,tip_middle_root_1_2_2,Random Forest,5,1,舌根,3,three_one_positive,1,0
暗紅,exploratory,tip_middle_root_1_2_2,Random Forest,5,10,舌尖,1,three_one_negative,0,0
暗紅,exploratory,tip_middle_root_1_2_2,Random Forest,5,10,舌左邊,1,three_one_negative,0,0
暗紅,exploratory,tip_middle_root_1_2_2,Random Forest,5,10,舌右邊,1,three_one_negative,0,0
暗紅,exploratory,tip_middle_root_1_2_2,Random Forest,5,11,舌左邊,3,three_one_positive,1,0
暗紅,exploratory,tip_middle_root_1_2_2,Random Forest,5,11,舌右邊,3,three_one_positive,1,0
暗紅,exploratory,tip_middle_root_1_2_2,Random Forest,5,22,舌尖,1,three_one_negative,0,0
暗紅,exploratory,tip_middle_root_1_2_2,Random Forest,5,22,舌中,1,three_one_negative,0,0
暗紅,exploratory,tip_middle_root_1_2_2,Random Forest,5,22,舌左邊,1,three_one_negative,0,0
暗紅,exploratory,tip_middle_root_1_2_2,Random Forest,5,22,舌右邊,1,three_one_negative,0,0
暗紅,exploratory,tip_middle_root_1_2_2,Random Forest,5,22,舌根,1,three_one_negative,0,0
暗紅,exploratory,tip_middle_root_1_2_2,Random Forest,5,26,舌尖,1,three_one_negative,0,0
暗紅,exploratory,tip_middle_root_1_2_2,Random Forest,5,26,舌中,1,three_one_negative,0,0
暗紅,exploratory,tip_middle_root_1_2_2,Random Forest,5,26,舌左邊,1,three_one_negative,0,0
暗紅,exploratory,tip_middle_root_1_2_2,Random Forest,5,26,舌右邊,1,three_one_negative,0,0
暗紅,exploratory,tip_middle_root_1_2_2,Random Forest,5,26,舌根,1,three_one_negative,0,0
暗紅,exploratory,tip_middle_root_1_2_2,Random Forest,5,45,舌尖,1,three_one_negative,0,0
暗紅,exploratory,tip_middle_root_1_2_2,Random Forest,5,45,舌中,3,three_one_positive,1,0
暗紅,exploratory,tip_middle_root_1_2_2,Random Forest,5,45,舌左邊,1,three_one_negative,0,0
暗紅,exploratory,tip_middle_root_1_2_2,Random Forest,5,45,舌右邊,1,three_one_negative,0,0
暗紅,exploratory,tip_middle_root_1_2_2,Random Forest,5,45,舌根,3,three_one_positive,1,0
暗紅,exploratory,tip_middle_root_1_2_2,Random Forest,5,52,舌尖,1,three_one_negative,0,0
暗紅,exploratory,tip_middle_root_1_2_2,Random Forest,5,59,舌根,1,three_one_negative,0,0
暗紅,exploratory,tip_middle_root_1_2_2,Random Forest,5,61,舌尖,3,three_one_positive,1,0
暗紅,exploratory,tip_middle_root_1_2_2,Random Forest,5,61,舌中,3,three_one_positive,1,0
暗紅,exploratory,tip_middle_root_1_2_2,Random Forest,5,61,舌左邊,3,three_one_positive,1,0
暗紅,exploratory,tip_middle_root_1_2_2,Random Forest,5,61,舌右邊,3,three_one_positive,1,0
暗紅,exploratory,tip_middle_root_1_2_2,Random Forest,5,61,舌根,3,three_one_positive,1,0
暗紅,exploratory,tip_middle_root_1_2_2,Random Forest,5,63,舌中,3,three_one_positive,1,0
暗紅,exploratory,tip_middle_root_1_2_2,Random Forest,5,63,舌左邊,3,three_one_positive,1,0
暗紅,exploratory,tip_middle_root_1_2_2,Random Forest,5,63,舌右邊,3,three_one_positive,1,0
暗紅,exploratory,tip_middle_root_1_2_2,Random Forest,5,70,舌中,1,three_one_negative,0,0
暗紅,exploratory,tip_middle_root_1_2_2,Random Forest,5,70,舌根,1,three_one_negative,0,0
暗紅,exploratory,tip_middle_root_1_2_2,Random Forest,5,73,舌左邊,1,three_one_negative,0,0
暗紅,exploratory,tip_middle_root_1_2_2,Random Forest,5,73,舌右邊,1,three_one_negative,0,0
暗紅,exploratory,tip_middle_root_1_2_2,Random Forest,5,86,舌尖,1,three_one_negative,0,0
暗紅,exploratory,tip_middle_root_1_2_2,Random Forest,5,86,舌中,1,three_one_negative,0,0
暗紅,exploratory,tip_middle_root_1_2_2,Random Forest,5,89,舌尖,1,three_one_negative,0,0
暗紅,exploratory,tip_middle_root_1_2_2,Random Forest,5,89,舌中,1,three_one_negative,0,0
暗紅,exploratory,tip_middle_root_1_2_2,Random Forest,5,89,舌左邊,1,three_one_negative,0,0
暗紅,exploratory,tip_middle_root_1_2_2,Random Forest,5,89,舌右邊,1,three_one_negative,0,0
暗紅,exploratory,tip_middle_root_1_2_2,Random Forest,5,90,舌中,1,three_one_negative,0,0
暗紅,exploratory,tip_middle_root_1_2_2,Random Forest,5,90,舌左邊,1,three_one_negative,0,0
暗紅,exploratory,tip_middle_root_1_2_2,Random Forest,5,90,舌右邊,1,three_one_negative,0,0
暗紅,exploratory,tip_middle_root_1_2_2,Random Forest,5,92,舌尖,1,three_one_negative,0,0
暗紅,exploratory,tip_middle_root_1_2_2,Random Forest,5,92,舌左邊,1,three_one_negative,0,0
暗紅,exploratory,tip_middle_root_1_2_2,Random Forest,5,92,舌右邊,1,three_one_negative,0,0
暗紅,exploratory,tip_middle_root_1_2_2,Random Forest,5,92,舌根,1,three_one_negative,0,0
暗紅,exploratory,tip_middle_root_1_3_1,SVM,1,100,舌尖,1,three_one_negative,0,0
暗紅,exploratory,tip_middle_root_1_3_1,SVM,1,100,舌中,1,three_one_negative,0,0
暗紅,exploratory,tip_middle_root_1_3_1,SVM,1,100,舌左邊,1,three_one_negative,0,0
暗紅,exploratory,tip_middle_root_1_3_1,SVM,1,100,舌右邊,1,three_one_negative,0,0
暗紅,exploratory,tip_middle_root_1_3_1,SVM,1,13,舌左邊,1,three_one_negative,0,0
暗紅,exploratory,tip_middle_root_1_3_1,SVM,1,13,舌右邊,1,three_one_negative,0,0
暗紅,exploratory,tip_middle_root_1_3_1,SVM,1,14,舌中,1,three_one_negative,0,0
暗紅,exploratory,tip_middle_root_1_3_1,SVM,1,14,舌左邊,1,three_one_negative,0,0
暗紅,exploratory,tip_middle_root_1_3_1,SVM,1,14,舌右邊,1,three_one_negative,0,0
暗紅,exploratory,tip_middle_root_1_3_1,SVM,1,14,舌根,1,three_one_negative,0,0
暗紅,exploratory,tip_middle_root_1_3_1,SVM,1,20,舌中,1,three_one_negative,0,0
暗紅,exploratory,tip_middle_root_1_3_1,SVM,1,20,舌根,1,three_one_negative,0,0
暗紅,exploratory,tip_middle_root_1_3_1,SVM,1,3,舌尖,3,three_one_positive,1,0
暗紅,exploratory,tip_middle_root_1_3_1,SVM,1,3,舌中,3,three_one_positive,1,0
暗紅,exploratory,tip_middle_root_1_3_1,SVM,1,3,舌左邊,3,three_one_positive,1,0
暗紅,exploratory,tip_middle_root_1_3_1,SVM,1,3,舌右邊,3,three_one_positive,1,0
暗紅,exploratory,tip_middle_root_1_3_1,SVM,1,30,舌尖,1,three_one_negative,0,0
暗紅,exploratory,tip_middle_root_1_3_1,SVM,1,30,舌中,1,three_one_negative,0,0
暗紅,exploratory,tip_middle_root_1_3_1,SVM,1,30,舌根,1,three_one_negative,0,0
暗紅,exploratory,tip_middle_root_1_3_1,SVM,1,33,舌尖,1,three_one_negative,0,0
暗紅,exploratory,tip_middle_root_1_3_1,SVM,1,39,舌尖,1,three_one_negative,0,0
暗紅,exploratory,tip_middle_root_1_3_1,SVM,1,39,舌左邊,1,three_one_negative,0,0
暗紅,exploratory,tip_middle_root_1_3_1,SVM,1,55,舌根,1,three_one_negative,0,0
暗紅,exploratory,tip_middle_root_1_3_1,SVM,1,56,舌中,3,three_one_positive,1,0
暗紅,exploratory,tip_middle_root_1_3_1,SVM,1,56,舌左邊,3,three_one_positive,1,0
暗紅,exploratory,tip_middle_root_1_3_1,SVM,1,56,舌右邊,3,three_one_positive,1,0
暗紅,exploratory,tip_middle_root_1_3_1,SVM,1,56,舌根,3,three_one_positive,1,0
暗紅,exploratory,tip_middle_root_1_3_1,SVM,1,57,舌尖,3,three_one_positive,1,0
暗紅,exploratory,tip_middle_root_1_3_1,SVM,1,57,舌中,3,three_one_positive,1,0
暗紅,exploratory,tip_middle_root_1_3_1,SVM,1,57,舌左邊,3,three_one_positive,1,0
暗紅,exploratory,tip_middle_root_1_3_1,SVM,1,57,舌右邊,3,three_one_positive,1,0
暗紅,exploratory,tip_middle_root_1_3_1,SVM,1,57,舌根,3,three_one_positive,1,0
暗紅,exploratory,tip_middle_root_1_3_1,SVM,1,72,舌尖,1,three_one_negative,0,0
暗紅,exploratory,tip_middle_root_1_3_1,SVM,1,72,舌中,1,three_one_negative,0,1
暗紅,exploratory,tip_middle_root_1_3_1,SVM,1,72,舌左邊,1,three_one_negative,0,1
暗紅,exploratory,tip_middle_root_1_3_1,SVM,1,72,舌右邊,1,three_one_negative,0,0
暗紅,exploratory,tip_middle_root_1_3_1,SVM,1,83,舌尖,3,three_one_positive,1,0
暗紅,exploratory,tip_middle_root_1_3_1,SVM,1,83,舌中,3,three_one_positive,1,0
暗紅,exploratory,tip_middle_root_1_3_1,SVM,1,83,舌左邊,3,three_one_positive,1,0
暗紅,exploratory,tip_middle_root_1_3_1,SVM,1,83,舌右邊,3,three_one_positive,1,0
暗紅,exploratory,tip_middle_root_1_3_1,SVM,1,83,舌根,3,three_one_positive,1,0
暗紅,exploratory,tip_middle_root_1_3_1,SVM,1,96,舌尖,1,three_one_negative,0,0
暗紅,exploratory,tip_middle_root_1_3_1,SVM,1,96,舌中,1,three_one_negative,0,0
暗紅,exploratory,tip_middle_root_1_3_1,SVM,1,96,舌左邊,1,three_one_negative,0,0
暗紅,exploratory,tip_middle_root_1_3_1,SVM,1,96,舌右邊,1,three_one_negative,0,0
暗紅,exploratory,tip_middle_root_1_3_1,SVM,1,97,舌尖,1,three_one_negative,0,0
暗紅,exploratory,tip_middle_root_1_3_1,Random Forest,1,100,舌尖,1,three_one_negative,0,0
暗紅,exploratory,tip_middle_root_1_3_1,Random Forest,1,100,舌中,1,three_one_negative,0,0
暗紅,exploratory,tip_middle_root_1_3_1,Random Forest,1,100,舌左邊,1,three_one_negative,0,0
暗紅,exploratory,tip_middle_root_1_3_1,Random Forest,1,100,舌右邊,1,three_one_negative,0,0
暗紅,exploratory,tip_middle_root_1_3_1,Random Forest,1,13,舌左邊,1,three_one_negative,0,0
暗紅,exploratory,tip_middle_root_1_3_1,Random Forest,1,13,舌右邊,1,three_one_negative,0,0
暗紅,exploratory,tip_middle_root_1_3_1,Random Forest,1,14,舌中,1,three_one_negative,0,0
暗紅,exploratory,tip_middle_root_1_3_1,Random Forest,1,14,舌左邊,1,three_one_negative,0,0
暗紅,exploratory,tip_middle_root_1_3_1,Random Forest,1,14,舌右邊,1,three_one_negative,0,0
暗紅,exploratory,tip_middle_root_1_3_1,Random Forest,1,14,舌根,1,three_one_negative,0,0
暗紅,exploratory,tip_middle_root_1_3_1,Random Forest,1,20,舌中,1,three_one_negative,0,0
暗紅,exploratory,tip_middle_root_1_3_1,Random Forest,1,20,舌根,1,three_one_negative,0,0
暗紅,exploratory,tip_middle_root_1_3_1,Random Forest,1,3,舌尖,3,three_one_positive,1,0
暗紅,exploratory,tip_middle_root_1_3_1,Random Forest,1,3,舌中,3,three_one_positive,1,0
暗紅,exploratory,tip_middle_root_1_3_1,Random Forest,1,3,舌左邊,3,three_one_positive,1,0
暗紅,exploratory,tip_middle_root_1_3_1,Random Forest,1,3,舌右邊,3,three_one_positive,1,0
暗紅,exploratory,tip_middle_root_1_3_1,Random Forest,1,30,舌尖,1,three_one_negative,0,0
暗紅,exploratory,tip_middle_root_1_3_1,Random Forest,1,30,舌中,1,three_one_negative,0,0
暗紅,exploratory,tip_middle_root_1_3_1,Random Forest,1,30,舌根,1,three_one_negative,0,0
暗紅,exploratory,tip_middle_root_1_3_1,Random Forest,1,33,舌尖,1,three_one_negative,0,0
暗紅,exploratory,tip_middle_root_1_3_1,Random Forest,1,39,舌尖,1,three_one_negative,0,0
暗紅,exploratory,tip_middle_root_1_3_1,Random Forest,1,39,舌左邊,1,three_one_negative,0,0
暗紅,exploratory,tip_middle_root_1_3_1,Random Forest,1,55,舌根,1,three_one_negative,0,0
暗紅,exploratory,tip_middle_root_1_3_1,Random Forest,1,56,舌中,3,three_one_positive,1,0
暗紅,exploratory,tip_middle_root_1_3_1,Random Forest,1,56,舌左邊,3,three_one_positive,1,0
暗紅,exploratory,tip_middle_root_1_3_1,Random Forest,1,56,舌右邊,3,three_one_positive,1,0
暗紅,exploratory,tip_middle_root_1_3_1,Random Forest,1,56,舌根,3,three_one_positive,1,0
暗紅,exploratory,tip_middle_root_1_3_1,Random Forest,1,57,舌尖,3,three_one_positive,1,0
暗紅,exploratory,tip_middle_root_1_3_1,Random Forest,1,57,舌中,3,three_one_positive,1,0
暗紅,exploratory,tip_middle_root_1_3_1,Random Forest,1,57,舌左邊,3,three_one_positive,1,0
暗紅,exploratory,tip_middle_root_1_3_1,Random Forest,1,57,舌右邊,3,three_one_positive,1,0
暗紅,exploratory,tip_middle_root_1_3_1,Random Forest,1,57,舌根,3,three_one_positive,1,0
暗紅,exploratory,tip_middle_root_1_3_1,Random Forest,1,72,舌尖,1,three_one_negative,0,0
暗紅,exploratory,tip_middle_root_1_3_1,Random Forest,1,72,舌中,1,three_one_negative,0,1
暗紅,exploratory,tip_middle_root_1_3_1,Random Forest,1,72,舌左邊,1,three_one_negative,0,1
暗紅,exploratory,tip_middle_root_1_3_1,Random Forest,1,72,舌右邊,1,three_one_negative,0,1
暗紅,exploratory,tip_middle_root_1_3_1,Random Forest,1,83,舌尖,3,three_one_positive,1,0
暗紅,exploratory,tip_middle_root_1_3_1,Random Forest,1,83,舌中,3,three_one_positive,1,0
暗紅,exploratory,tip_middle_root_1_3_1,Random Forest,1,83,舌左邊,3,three_one_positive,1,0
暗紅,exploratory,tip_middle_root_1_3_1,Random Forest,1,83,舌右邊,3,three_one_positive,1,0
暗紅,exploratory,tip_middle_root_1_3_1,Random Forest,1,83,舌根,3,three_one_positive,1,0
暗紅,exploratory,tip_middle_root_1_3_1,Random Forest,1,96,舌尖,1,three_one_negative,0,0
暗紅,exploratory,tip_middle_root_1_3_1,Random Forest,1,96,舌中,1,three_one_negative,0,0
暗紅,exploratory,tip_middle_root_1_3_1,Random Forest,1,96,舌左邊,1,three_one_negative,0,0
暗紅,exploratory,tip_middle_root_1_3_1,Random Forest,1,96,舌右邊,1,three_one_negative,0,0
暗紅,exploratory,tip_middle_root_1_3_1,Random Forest,1,97,舌尖,1,three_one_negative,0,0
暗紅,exploratory,tip_middle_root_1_3_1,SVM,2,16,舌左邊,1,three_one_negative,0,0
暗紅,exploratory,tip_middle_root_1_3_1,SVM,2,16,舌右邊,1,three_one_negative,0,1
暗紅,exploratory,tip_middle_root_1_3_1,SVM,2,2,舌中,1,three_one_negative,0,0
暗紅,exploratory,tip_middle_root_1_3_1,SVM,2,2,舌根,1,three_one_negative,0,0
暗紅,exploratory,tip_middle_root_1_3_1,SVM,2,23,舌尖,1,three_one_negative,0,0
暗紅,exploratory,tip_middle_root_1_3_1,SVM,2,23,舌中,1,three_one_negative,0,0
暗紅,exploratory,tip_middle_root_1_3_1,SVM,2,23,舌左邊,1,three_one_negative,0,0
暗紅,exploratory,tip_middle_root_1_3_1,SVM,2,23,舌右邊,1,three_one_negative,0,0
暗紅,exploratory,tip_middle_root_1_3_1,SVM,2,23,舌根,1,three_one_negative,0,0
暗紅,exploratory,tip_middle_root_1_3_1,SVM,2,24,舌中,1,three_one_negative,0,0
暗紅,exploratory,tip_middle_root_1_3_1,SVM,2,24,舌根,1,three_one_negative,0,0
暗紅,exploratory,tip_middle_root_1_3_1,SVM,2,35,舌尖,1,three_one_negative,0,0
暗紅,exploratory,tip_middle_root_1_3_1,SVM,2,35,舌中,3,three_one_positive,1,0
暗紅,exploratory,tip_middle_root_1_3_1,SVM,2,35,舌根,3,three_one_positive,1,0
暗紅,exploratory,tip_middle_root_1_3_1,SVM,2,40,舌根,3,three_one_positive,1,0
暗紅,exploratory,tip_middle_root_1_3_1,SVM,2,44,舌尖,1,three_one_negative,0,0
暗紅,exploratory,tip_middle_root_1_3_1,SVM,2,44,舌中,1,three_one_negative,0,0
暗紅,exploratory,tip_middle_root_1_3_1,SVM,2,44,舌左邊,1,three_one_negative,0,0
暗紅,exploratory,tip_middle_root_1_3_1,SVM,2,44,舌右邊,1,three_one_negative,0,0
暗紅,exploratory,tip_middle_root_1_3_1,SVM,2,47,舌尖,3,three_one_positive,1,0
暗紅,exploratory,tip_middle_root_1_3_1,SVM,2,47,舌中,3,three_one_positive,1,0
暗紅,exploratory,tip_middle_root_1_3_1,SVM,2,47,舌根,3,three_one_positive,1,0
暗紅,exploratory,tip_middle_root_1_3_1,SVM,2,66,舌尖,1,three_one_negative,0,0
暗紅,exploratory,tip_middle_root_1_3_1,SVM,2,66,舌中,1,three_one_negative,0,0
暗紅,exploratory,tip_middle_root_1_3_1,SVM,2,69,舌尖,3,three_one_positive,1,0
暗紅,exploratory,tip_middle_root_1_3_1,SVM,2,69,舌中,3,three_one_positive,1,1
暗紅,exploratory,tip_middle_root_1_3_1,SVM,2,7,舌中,1,three_one_negative,0,0
暗紅,exploratory,tip_middle_root_1_3_1,SVM,2,7,舌根,1,three_one_negative,0,1
暗紅,exploratory,tip_middle_root_1_3_1,SVM,2,71,舌根,3,three_one_positive,1,0
暗紅,exploratory,tip_middle_root_1_3_1,SVM,2,74,舌中,3,three_one_positive,1,1
暗紅,exploratory,tip_middle_root_1_3_1,SVM,2,74,舌左邊,3,three_one_positive,1,1
暗紅,exploratory,tip_middle_root_1_3_1,SVM,2,74,舌右邊,3,three_one_positive,1,0
暗紅,exploratory,tip_middle_root_1_3_1,SVM,2,74,舌根,3,three_one_positive,1,1
暗紅,exploratory,tip_middle_root_1_3_1,SVM,2,76,舌尖,3,three_one_positive,1,0
暗紅,exploratory,tip_middle_root_1_3_1,SVM,2,76,舌左邊,3,three_one_positive,1,0
暗紅,exploratory,tip_middle_root_1_3_1,SVM,2,76,舌右邊,3,three_one_positive,1,0
暗紅,exploratory,tip_middle_root_1_3_1,SVM,2,80,舌左邊,1,three_one_negative,0,0
暗紅,exploratory,tip_middle_root_1_3_1,SVM,2,80,舌右邊,1,three_one_negative,0,0
暗紅,exploratory,tip_middle_root_1_3_1,SVM,2,80,舌根,1,three_one_negative,0,0
暗紅,exploratory,tip_middle_root_1_3_1,SVM,2,84,舌中,1,three_one_negative,0,0
暗紅,exploratory,tip_middle_root_1_3_1,SVM,2,84,舌根,1,three_one_negative,0,0
暗紅,exploratory,tip_middle_root_1_3_1,SVM,2,85,舌尖,1,three_one_negative,0,0
暗紅,exploratory,tip_middle_root_1_3_1,SVM,2,85,舌中,1,three_one_negative,0,0
暗紅,exploratory,tip_middle_root_1_3_1,SVM,2,85,舌根,1,three_one_negative,0,0
暗紅,exploratory,tip_middle_root_1_3_1,SVM,2,87,舌中,1,three_one_negative,0,0
暗紅,exploratory,tip_middle_root_1_3_1,SVM,2,87,舌根,1,three_one_negative,0,0
暗紅,exploratory,tip_middle_root_1_3_1,SVM,2,93,舌中,1,three_one_negative,0,0
暗紅,exploratory,tip_middle_root_1_3_1,SVM,2,93,舌根,1,three_one_negative,0,0
暗紅,exploratory,tip_middle_root_1_3_1,SVM,2,94,舌尖,1,three_one_negative,0,0
暗紅,exploratory,tip_middle_root_1_3_1,SVM,2,94,舌左邊,1,three_one_negative,0,0
暗紅,exploratory,tip_middle_root_1_3_1,SVM,2,94,舌右邊,1,three_one_negative,0,0
暗紅,exploratory,tip_middle_root_1_3_1,SVM,2,94,舌根,1,three_one_negative,0,1
暗紅,exploratory,tip_middle_root_1_3_1,Random Forest,2,16,舌左邊,1,three_one_negative,0,0
暗紅,exploratory,tip_middle_root_1_3_1,Random Forest,2,16,舌右邊,1,three_one_negative,0,1
暗紅,exploratory,tip_middle_root_1_3_1,Random Forest,2,2,舌中,1,three_one_negative,0,0
暗紅,exploratory,tip_middle_root_1_3_1,Random Forest,2,2,舌根,1,three_one_negative,0,0
暗紅,exploratory,tip_middle_root_1_3_1,Random Forest,2,23,舌尖,1,three_one_negative,0,0
暗紅,exploratory,tip_middle_root_1_3_1,Random Forest,2,23,舌中,1,three_one_negative,0,0
暗紅,exploratory,tip_middle_root_1_3_1,Random Forest,2,23,舌左邊,1,three_one_negative,0,0
暗紅,exploratory,tip_middle_root_1_3_1,Random Forest,2,23,舌右邊,1,three_one_negative,0,0
暗紅,exploratory,tip_middle_root_1_3_1,Random Forest,2,23,舌根,1,three_one_negative,0,0
暗紅,exploratory,tip_middle_root_1_3_1,Random Forest,2,24,舌中,1,three_one_negative,0,0
暗紅,exploratory,tip_middle_root_1_3_1,Random Forest,2,24,舌根,1,three_one_negative,0,0
暗紅,exploratory,tip_middle_root_1_3_1,Random Forest,2,35,舌尖,1,three_one_negative,0,0
暗紅,exploratory,tip_middle_root_1_3_1,Random Forest,2,35,舌中,3,three_one_positive,1,0
暗紅,exploratory,tip_middle_root_1_3_1,Random Forest,2,35,舌根,3,three_one_positive,1,0
暗紅,exploratory,tip_middle_root_1_3_1,Random Forest,2,40,舌根,3,three_one_positive,1,0
暗紅,exploratory,tip_middle_root_1_3_1,Random Forest,2,44,舌尖,1,three_one_negative,0,0
暗紅,exploratory,tip_middle_root_1_3_1,Random Forest,2,44,舌中,1,three_one_negative,0,0
暗紅,exploratory,tip_middle_root_1_3_1,Random Forest,2,44,舌左邊,1,three_one_negative,0,0
暗紅,exploratory,tip_middle_root_1_3_1,Random Forest,2,44,舌右邊,1,three_one_negative,0,0
暗紅,exploratory,tip_middle_root_1_3_1,Random Forest,2,47,舌尖,3,three_one_positive,1,0
暗紅,exploratory,tip_middle_root_1_3_1,Random Forest,2,47,舌中,3,three_one_positive,1,0
暗紅,exploratory,tip_middle_root_1_3_1,Random Forest,2,47,舌根,3,three_one_positive,1,0
暗紅,exploratory,tip_middle_root_1_3_1,Random Forest,2,66,舌尖,1,three_one_negative,0,0
暗紅,exploratory,tip_middle_root_1_3_1,Random Forest,2,66,舌中,1,three_one_negative,0,0
暗紅,exploratory,tip_middle_root_1_3_1,Random Forest,2,69,舌尖,3,three_one_positive,1,0
暗紅,exploratory,tip_middle_root_1_3_1,Random Forest,2,69,舌中,3,three_one_positive,1,0
暗紅,exploratory,tip_middle_root_1_3_1,Random Forest,2,7,舌中,1,three_one_negative,0,0
暗紅,exploratory,tip_middle_root_1_3_1,Random Forest,2,7,舌根,1,three_one_negative,0,0
暗紅,exploratory,tip_middle_root_1_3_1,Random Forest,2,71,舌根,3,three_one_positive,1,0
暗紅,exploratory,tip_middle_root_1_3_1,Random Forest,2,74,舌中,3,three_one_positive,1,0
暗紅,exploratory,tip_middle_root_1_3_1,Random Forest,2,74,舌左邊,3,three_one_positive,1,1
暗紅,exploratory,tip_middle_root_1_3_1,Random Forest,2,74,舌右邊,3,three_one_positive,1,0
暗紅,exploratory,tip_middle_root_1_3_1,Random Forest,2,74,舌根,3,three_one_positive,1,0
暗紅,exploratory,tip_middle_root_1_3_1,Random Forest,2,76,舌尖,3,three_one_positive,1,0
暗紅,exploratory,tip_middle_root_1_3_1,Random Forest,2,76,舌左邊,3,three_one_positive,1,0
暗紅,exploratory,tip_middle_root_1_3_1,Random Forest,2,76,舌右邊,3,three_one_positive,1,0
暗紅,exploratory,tip_middle_root_1_3_1,Random Forest,2,80,舌左邊,1,three_one_negative,0,0
暗紅,exploratory,tip_middle_root_1_3_1,Random Forest,2,80,舌右邊,1,three_one_negative,0,0
暗紅,exploratory,tip_middle_root_1_3_1,Random Forest,2,80,舌根,1,three_one_negative,0,0
暗紅,exploratory,tip_middle_root_1_3_1,Random Forest,2,84,舌中,1,three_one_negative,0,0
暗紅,exploratory,tip_middle_root_1_3_1,Random Forest,2,84,舌根,1,three_one_negative,0,0
暗紅,exploratory,tip_middle_root_1_3_1,Random Forest,2,85,舌尖,1,three_one_negative,0,0
暗紅,exploratory,tip_middle_root_1_3_1,Random Forest,2,85,舌中,1,three_one_negative,0,0
暗紅,exploratory,tip_middle_root_1_3_1,Random Forest,2,85,舌根,1,three_one_negative,0,0
暗紅,exploratory,tip_middle_root_1_3_1,Random Forest,2,87,舌中,1,three_one_negative,0,0
暗紅,exploratory,tip_middle_root_1_3_1,Random Forest,2,87,舌根,1,three_one_negative,0,0
暗紅,exploratory,tip_middle_root_1_3_1,Random Forest,2,93,舌中,1,three_one_negative,0,0
暗紅,exploratory,tip_middle_root_1_3_1,Random Forest,2,93,舌根,1,three_one_negative,0,0
暗紅,exploratory,tip_middle_root_1_3_1,Random Forest,2,94,舌尖,1,three_one_negative,0,0
暗紅,exploratory,tip_middle_root_1_3_1,Random Forest,2,94,舌左邊,1,three_one_negative,0,1
暗紅,exploratory,tip_middle_root_1_3_1,Random Forest,2,94,舌右邊,1,three_one_negative,0,1
暗紅,exploratory,tip_middle_root_1_3_1,Random Forest,2,94,舌根,1,three_one_negative,0,1
暗紅,exploratory,tip_middle_root_1_3_1,SVM,3,12,舌尖,3,three_one_positive,1,0
暗紅,exploratory,tip_middle_root_1_3_1,SVM,3,18,舌左邊,1,three_one_negative,0,0
暗紅,exploratory,tip_middle_root_1_3_1,SVM,3,18,舌右邊,1,three_one_negative,0,0
暗紅,exploratory,tip_middle_root_1_3_1,SVM,3,21,舌中,1,three_one_negative,0,0
暗紅,exploratory,tip_middle_root_1_3_1,SVM,3,21,舌左邊,1,three_one_negative,0,0
暗紅,exploratory,tip_middle_root_1_3_1,SVM,3,21,舌右邊,1,three_one_negative,0,0
暗紅,exploratory,tip_middle_root_1_3_1,SVM,3,21,舌根,1,three_one_negative,0,0
暗紅,exploratory,tip_middle_root_1_3_1,SVM,3,28,舌尖,1,three_one_negative,0,0
暗紅,exploratory,tip_middle_root_1_3_1,SVM,3,28,舌中,1,three_one_negative,0,0
暗紅,exploratory,tip_middle_root_1_3_1,SVM,3,28,舌左邊,1,three_one_negative,0,0
暗紅,exploratory,tip_middle_root_1_3_1,SVM,3,28,舌右邊,1,three_one_negative,0,0
暗紅,exploratory,tip_middle_root_1_3_1,SVM,3,28,舌根,1,three_one_negative,0,0
暗紅,exploratory,tip_middle_root_1_3_1,SVM,3,29,舌尖,1,three_one_negative,0,0
暗紅,exploratory,tip_middle_root_1_3_1,SVM,3,29,舌中,1,three_one_negative,0,0
暗紅,exploratory,tip_middle_root_1_3_1,SVM,3,38,舌中,1,three_one_negative,0,0
暗紅,exploratory,tip_middle_root_1_3_1,SVM,3,38,舌左邊,1,three_one_negative,0,0
暗紅,exploratory,tip_middle_root_1_3_1,SVM,3,38,舌右邊,1,three_one_negative,0,0
暗紅,exploratory,tip_middle_root_1_3_1,SVM,3,41,舌尖,3,three_one_positive,1,0
暗紅,exploratory,tip_middle_root_1_3_1,SVM,3,41,舌中,3,three_one_positive,1,0
暗紅,exploratory,tip_middle_root_1_3_1,SVM,3,41,舌左邊,3,three_one_positive,1,0
暗紅,exploratory,tip_middle_root_1_3_1,SVM,3,41,舌右邊,3,three_one_positive,1,0
暗紅,exploratory,tip_middle_root_1_3_1,SVM,3,5,舌尖,1,three_one_negative,0,0
暗紅,exploratory,tip_middle_root_1_3_1,SVM,3,5,舌左邊,1,three_one_negative,0,1
暗紅,exploratory,tip_middle_root_1_3_1,SVM,3,5,舌右邊,1,three_one_negative,0,0
暗紅,exploratory,tip_middle_root_1_3_1,SVM,3,50,舌中,3,three_one_positive,1,0
暗紅,exploratory,tip_middle_root_1_3_1,SVM,3,50,舌左邊,3,three_one_positive,1,0
暗紅,exploratory,tip_middle_root_1_3_1,SVM,3,50,舌右邊,3,three_one_positive,1,0
暗紅,exploratory,tip_middle_root_1_3_1,SVM,3,50,舌根,3,three_one_positive,1,0
暗紅,exploratory,tip_middle_root_1_3_1,SVM,3,51,舌尖,1,three_one_negative,0,0
暗紅,exploratory,tip_middle_root_1_3_1,SVM,3,51,舌中,1,three_one_negative,0,0
暗紅,exploratory,tip_middle_root_1_3_1,SVM,3,51,舌根,1,three_one_negative,0,0
暗紅,exploratory,tip_middle_root_1_3_1,SVM,3,60,舌中,1,three_one_negative,0,0
暗紅,exploratory,tip_middle_root_1_3_1,SVM,3,60,舌根,1,three_one_negative,0,0
暗紅,exploratory,tip_middle_root_1_3_1,SVM,3,62,舌尖,3,three_one_positive,1,0
暗紅,exploratory,tip_middle_root_1_3_1,SVM,3,62,舌右邊,3,three_one_positive,1,0
暗紅,exploratory,tip_middle_root_1_3_1,SVM,3,64,舌中,3,three_one_positive,1,1
暗紅,exploratory,tip_middle_root_1_3_1,SVM,3,68,舌左邊,3,three_one_positive,1,0
暗紅,exploratory,tip_middle_root_1_3_1,SVM,3,68,舌右邊,3,three_one_positive,1,0
暗紅,exploratory,tip_middle_root_1_3_1,SVM,3,68,舌根,1,three_one_negative,0,0
暗紅,exploratory,tip_middle_root_1_3_1,SVM,3,78,舌尖,1,three_one_negative,0,0
暗紅,exploratory,tip_middle_root_1_3_1,SVM,3,78,舌中,1,three_one_negative,0,0
暗紅,exploratory,tip_middle_root_1_3_1,SVM,3,78,舌根,1,three_one_negative,0,0
暗紅,exploratory,tip_middle_root_1_3_1,SVM,3,81,舌尖,3,three_one_positive,1,0
暗紅,exploratory,tip_middle_root_1_3_1,SVM,3,81,舌中,3,three_one_positive,1,0
暗紅,exploratory,tip_middle_root_1_3_1,SVM,3,81,舌左邊,3,three_one_positive,1,0
暗紅,exploratory,tip_middle_root_1_3_1,SVM,3,81,舌右邊,3,three_one_positive,1,0
暗紅,exploratory,tip_middle_root_1_3_1,SVM,3,81,舌根,3,three_one_positive,1,0
暗紅,exploratory,tip_middle_root_1_3_1,Random Forest,3,12,舌尖,3,three_one_positive,1,0
暗紅,exploratory,tip_middle_root_1_3_1,Random Forest,3,18,舌左邊,1,three_one_negative,0,1
暗紅,exploratory,tip_middle_root_1_3_1,Random Forest,3,18,舌右邊,1,three_one_negative,0,0
暗紅,exploratory,tip_middle_root_1_3_1,Random Forest,3,21,舌中,1,three_one_negative,0,0
暗紅,exploratory,tip_middle_root_1_3_1,Random Forest,3,21,舌左邊,1,three_one_negative,0,0
暗紅,exploratory,tip_middle_root_1_3_1,Random Forest,3,21,舌右邊,1,three_one_negative,0,0
暗紅,exploratory,tip_middle_root_1_3_1,Random Forest,3,21,舌根,1,three_one_negative,0,0
暗紅,exploratory,tip_middle_root_1_3_1,Random Forest,3,28,舌尖,1,three_one_negative,0,0
暗紅,exploratory,tip_middle_root_1_3_1,Random Forest,3,28,舌中,1,three_one_negative,0,0
暗紅,exploratory,tip_middle_root_1_3_1,Random Forest,3,28,舌左邊,1,three_one_negative,0,0
暗紅,exploratory,tip_middle_root_1_3_1,Random Forest,3,28,舌右邊,1,three_one_negative,0,0
暗紅,exploratory,tip_middle_root_1_3_1,Random Forest,3,28,舌根,1,three_one_negative,0,0
暗紅,exploratory,tip_middle_root_1_3_1,Random Forest,3,29,舌尖,1,three_one_negative,0,0
暗紅,exploratory,tip_middle_root_1_3_1,Random Forest,3,29,舌中,1,three_one_negative,0,0
暗紅,exploratory,tip_middle_root_1_3_1,Random Forest,3,38,舌中,1,three_one_negative,0,0
暗紅,exploratory,tip_middle_root_1_3_1,Random Forest,3,38,舌左邊,1,three_one_negative,0,0
暗紅,exploratory,tip_middle_root_1_3_1,Random Forest,3,38,舌右邊,1,three_one_negative,0,0
暗紅,exploratory,tip_middle_root_1_3_1,Random Forest,3,41,舌尖,3,three_one_positive,1,0
暗紅,exploratory,tip_middle_root_1_3_1,Random Forest,3,41,舌中,3,three_one_positive,1,0
暗紅,exploratory,tip_middle_root_1_3_1,Random Forest,3,41,舌左邊,3,three_one_positive,1,0
暗紅,exploratory,tip_middle_root_1_3_1,Random Forest,3,41,舌右邊,3,three_one_positive,1,0
暗紅,exploratory,tip_middle_root_1_3_1,Random Forest,3,5,舌尖,1,three_one_negative,0,0
暗紅,exploratory,tip_middle_root_1_3_1,Random Forest,3,5,舌左邊,1,three_one_negative,0,0
暗紅,exploratory,tip_middle_root_1_3_1,Random Forest,3,5,舌右邊,1,three_one_negative,0,0
暗紅,exploratory,tip_middle_root_1_3_1,Random Forest,3,50,舌中,3,three_one_positive,1,0
暗紅,exploratory,tip_middle_root_1_3_1,Random Forest,3,50,舌左邊,3,three_one_positive,1,0
暗紅,exploratory,tip_middle_root_1_3_1,Random Forest,3,50,舌右邊,3,three_one_positive,1,0
暗紅,exploratory,tip_middle_root_1_3_1,Random Forest,3,50,舌根,3,three_one_positive,1,0
暗紅,exploratory,tip_middle_root_1_3_1,Random Forest,3,51,舌尖,1,three_one_negative,0,0
暗紅,exploratory,tip_middle_root_1_3_1,Random Forest,3,51,舌中,1,three_one_negative,0,0
暗紅,exploratory,tip_middle_root_1_3_1,Random Forest,3,51,舌根,1,three_one_negative,0,1
暗紅,exploratory,tip_middle_root_1_3_1,Random Forest,3,60,舌中,1,three_one_negative,0,0
暗紅,exploratory,tip_middle_root_1_3_1,Random Forest,3,60,舌根,1,three_one_negative,0,0
暗紅,exploratory,tip_middle_root_1_3_1,Random Forest,3,62,舌尖,3,three_one_positive,1,0
暗紅,exploratory,tip_middle_root_1_3_1,Random Forest,3,62,舌右邊,3,three_one_positive,1,0
暗紅,exploratory,tip_middle_root_1_3_1,Random Forest,3,64,舌中,3,three_one_positive,1,0
暗紅,exploratory,tip_middle_root_1_3_1,Random Forest,3,68,舌左邊,3,three_one_positive,1,1
暗紅,exploratory,tip_middle_root_1_3_1,Random Forest,3,68,舌右邊,3,three_one_positive,1,0
暗紅,exploratory,tip_middle_root_1_3_1,Random Forest,3,68,舌根,1,three_one_negative,0,1
暗紅,exploratory,tip_middle_root_1_3_1,Random Forest,3,78,舌尖,1,three_one_negative,0,0
暗紅,exploratory,tip_middle_root_1_3_1,Random Forest,3,78,舌中,1,three_one_negative,0,0
暗紅,exploratory,tip_middle_root_1_3_1,Random Forest,3,78,舌根,1,three_one_negative,0,0
暗紅,exploratory,tip_middle_root_1_3_1,Random Forest,3,81,舌尖,3,three_one_positive,1,0
暗紅,exploratory,tip_middle_root_1_3_1,Random Forest,3,81,舌中,3,three_one_positive,1,0
暗紅,exploratory,tip_middle_root_1_3_1,Random Forest,3,81,舌左邊,3,three_one_positive,1,0
暗紅,exploratory,tip_middle_root_1_3_1,Random Forest,3,81,舌右邊,3,three_one_positive,1,0
暗紅,exploratory,tip_middle_root_1_3_1,Random Forest,3,81,舌根,3,three_one_positive,1,0
暗紅,exploratory,tip_middle_root_1_3_1,SVM,4,17,舌左邊,3,three_one_positive,1,0
暗紅,exploratory,tip_middle_root_1_3_1,SVM,4,17,舌右邊,3,three_one_positive,1,0
暗紅,exploratory,tip_middle_root_1_3_1,SVM,4,17,舌根,3,three_one_positive,1,0
暗紅,exploratory,tip_middle_root_1_3_1,SVM,4,25,舌尖,1,three_one_negative,0,0
暗紅,exploratory,tip_middle_root_1_3_1,SVM,4,25,舌中,1,three_one_negative,0,0
暗紅,exploratory,tip_middle_root_1_3_1,SVM,4,31,舌尖,1,three_one_negative,0,0
暗紅,exploratory,tip_middle_root_1_3_1,SVM,4,31,舌左邊,1,three_one_negative,0,0
暗紅,exploratory,tip_middle_root_1_3_1,SVM,4,31,舌右邊,1,three_one_negative,0,0
暗紅,exploratory,tip_middle_root_1_3_1,SVM,4,34,舌尖,1,three_one_negative,0,0
暗紅,exploratory,tip_middle_root_1_3_1,SVM,4,34,舌中,1,three_one_negative,0,0
暗紅,exploratory,tip_middle_root_1_3_1,SVM,4,34,舌左邊,1,three_one_negative,0,0
暗紅,exploratory,tip_middle_root_1_3_1,SVM,4,34,舌右邊,1,three_one_negative,0,0
暗紅,exploratory,tip_middle_root_1_3_1,SVM,4,37,舌尖,1,three_one_negative,0,0
暗紅,exploratory,tip_middle_root_1_3_1,SVM,4,37,舌中,1,three_one_negative,0,0
暗紅,exploratory,tip_middle_root_1_3_1,SVM,4,37,舌左邊,1,three_one_negative,0,0
暗紅,exploratory,tip_middle_root_1_3_1,SVM,4,37,舌右邊,1,three_one_negative,0,0
暗紅,exploratory,tip_middle_root_1_3_1,SVM,4,37,舌根,1,three_one_negative,0,0
暗紅,exploratory,tip_middle_root_1_3_1,SVM,4,42,舌尖,1,three_one_negative,0,0
暗紅,exploratory,tip_middle_root_1_3_1,SVM,4,46,舌尖,1,three_one_negative,0,0
暗紅,exploratory,tip_middle_root_1_3_1,SVM,4,46,舌中,1,three_one_negative,0,0
暗紅,exploratory,tip_middle_root_1_3_1,SVM,4,46,舌左邊,1,three_one_negative,0,0
暗紅,exploratory,tip_middle_root_1_3_1,SVM,4,46,舌右邊,1,three_one_negative,0,0
暗紅,exploratory,tip_middle_root_1_3_1,SVM,4,48,舌中,3,three_one_positive,1,0
暗紅,exploratory,tip_middle_root_1_3_1,SVM,4,48,舌左邊,3,three_one_positive,1,0
暗紅,exploratory,tip_middle_root_1_3_1,SVM,4,48,舌右邊,3,three_one_positive,1,0
暗紅,exploratory,tip_middle_root_1_3_1,SVM,4,48,舌根,3,three_one_positive,1,0
暗紅,exploratory,tip_middle_root_1_3_1,SVM,4,49,舌中,1,three_one_negative,0,0
暗紅,exploratory,tip_middle_root_1_3_1,SVM,4,49,舌根,1,three_one_negative,0,0
暗紅,exploratory,tip_middle_root_1_3_1,SVM,4,54,舌根,1,three_one_negative,0,0
暗紅,exploratory,tip_middle_root_1_3_1,SVM,4,58,舌根,3,three_one_positive,1,0
暗紅,exploratory,tip_middle_root_1_3_1,SVM,4,6,舌尖,3,three_one_positive,1,0
暗紅,exploratory,tip_middle_root_1_3_1,SVM,4,6,舌左邊,3,three_one_positive,1,0
暗紅,exploratory,tip_middle_root_1_3_1,SVM,4,6,舌右邊,3,three_one_positive,1,0
暗紅,exploratory,tip_middle_root_1_3_1,SVM,4,67,舌尖,1,three_one_negative,0,0
暗紅,exploratory,tip_middle_root_1_3_1,SVM,4,67,舌左邊,1,three_one_negative,0,0
暗紅,exploratory,tip_middle_root_1_3_1,SVM,4,67,舌右邊,1,three_one_negative,0,0
暗紅,exploratory,tip_middle_root_1_3_1,SVM,4,77,舌尖,3,three_one_positive,1,0
暗紅,exploratory,tip_middle_root_1_3_1,SVM,4,77,舌左邊,3,three_one_positive,1,0
暗紅,exploratory,tip_middle_root_1_3_1,SVM,4,77,舌右邊,3,three_one_positive,1,0
暗紅,exploratory,tip_middle_root_1_3_1,SVM,4,77,舌根,3,three_one_positive,1,0
暗紅,exploratory,tip_middle_root_1_3_1,SVM,4,79,舌根,1,three_one_negative,0,0
暗紅,exploratory,tip_middle_root_1_3_1,SVM,4,9,舌中,1,three_one_negative,0,0
暗紅,exploratory,tip_middle_root_1_3_1,SVM,4,9,舌根,1,three_one_negative,0,0
暗紅,exploratory,tip_middle_root_1_3_1,SVM,4,98,舌左邊,3,three_one_positive,1,0
暗紅,exploratory,tip_middle_root_1_3_1,SVM,4,98,舌右邊,3,three_one_positive,1,0
暗紅,exploratory,tip_middle_root_1_3_1,Random Forest,4,17,舌左邊,3,three_one_positive,1,0
暗紅,exploratory,tip_middle_root_1_3_1,Random Forest,4,17,舌右邊,3,three_one_positive,1,0
暗紅,exploratory,tip_middle_root_1_3_1,Random Forest,4,17,舌根,3,three_one_positive,1,0
暗紅,exploratory,tip_middle_root_1_3_1,Random Forest,4,25,舌尖,1,three_one_negative,0,0
暗紅,exploratory,tip_middle_root_1_3_1,Random Forest,4,25,舌中,1,three_one_negative,0,0
暗紅,exploratory,tip_middle_root_1_3_1,Random Forest,4,31,舌尖,1,three_one_negative,0,0
暗紅,exploratory,tip_middle_root_1_3_1,Random Forest,4,31,舌左邊,1,three_one_negative,0,0
暗紅,exploratory,tip_middle_root_1_3_1,Random Forest,4,31,舌右邊,1,three_one_negative,0,0
暗紅,exploratory,tip_middle_root_1_3_1,Random Forest,4,34,舌尖,1,three_one_negative,0,0
暗紅,exploratory,tip_middle_root_1_3_1,Random Forest,4,34,舌中,1,three_one_negative,0,0
暗紅,exploratory,tip_middle_root_1_3_1,Random Forest,4,34,舌左邊,1,three_one_negative,0,0
暗紅,exploratory,tip_middle_root_1_3_1,Random Forest,4,34,舌右邊,1,three_one_negative,0,0
暗紅,exploratory,tip_middle_root_1_3_1,Random Forest,4,37,舌尖,1,three_one_negative,0,0
暗紅,exploratory,tip_middle_root_1_3_1,Random Forest,4,37,舌中,1,three_one_negative,0,0
暗紅,exploratory,tip_middle_root_1_3_1,Random Forest,4,37,舌左邊,1,three_one_negative,0,0
暗紅,exploratory,tip_middle_root_1_3_1,Random Forest,4,37,舌右邊,1,three_one_negative,0,0
暗紅,exploratory,tip_middle_root_1_3_1,Random Forest,4,37,舌根,1,three_one_negative,0,0
暗紅,exploratory,tip_middle_root_1_3_1,Random Forest,4,42,舌尖,1,three_one_negative,0,0
暗紅,exploratory,tip_middle_root_1_3_1,Random Forest,4,46,舌尖,1,three_one_negative,0,0
暗紅,exploratory,tip_middle_root_1_3_1,Random Forest,4,46,舌中,1,three_one_negative,0,0
暗紅,exploratory,tip_middle_root_1_3_1,Random Forest,4,46,舌左邊,1,three_one_negative,0,0
暗紅,exploratory,tip_middle_root_1_3_1,Random Forest,4,46,舌右邊,1,three_one_negative,0,0
暗紅,exploratory,tip_middle_root_1_3_1,Random Forest,4,48,舌中,3,three_one_positive,1,0
暗紅,exploratory,tip_middle_root_1_3_1,Random Forest,4,48,舌左邊,3,three_one_positive,1,1
暗紅,exploratory,tip_middle_root_1_3_1,Random Forest,4,48,舌右邊,3,three_one_positive,1,1
暗紅,exploratory,tip_middle_root_1_3_1,Random Forest,4,48,舌根,3,three_one_positive,1,0
暗紅,exploratory,tip_middle_root_1_3_1,Random Forest,4,49,舌中,1,three_one_negative,0,0
暗紅,exploratory,tip_middle_root_1_3_1,Random Forest,4,49,舌根,1,three_one_negative,0,0
暗紅,exploratory,tip_middle_root_1_3_1,Random Forest,4,54,舌根,1,three_one_negative,0,0
暗紅,exploratory,tip_middle_root_1_3_1,Random Forest,4,58,舌根,3,three_one_positive,1,0
暗紅,exploratory,tip_middle_root_1_3_1,Random Forest,4,6,舌尖,3,three_one_positive,1,0
暗紅,exploratory,tip_middle_root_1_3_1,Random Forest,4,6,舌左邊,3,three_one_positive,1,0
暗紅,exploratory,tip_middle_root_1_3_1,Random Forest,4,6,舌右邊,3,three_one_positive,1,0
暗紅,exploratory,tip_middle_root_1_3_1,Random Forest,4,67,舌尖,1,three_one_negative,0,0
暗紅,exploratory,tip_middle_root_1_3_1,Random Forest,4,67,舌左邊,1,three_one_negative,0,0
暗紅,exploratory,tip_middle_root_1_3_1,Random Forest,4,67,舌右邊,1,three_one_negative,0,0
暗紅,exploratory,tip_middle_root_1_3_1,Random Forest,4,77,舌尖,3,three_one_positive,1,0
暗紅,exploratory,tip_middle_root_1_3_1,Random Forest,4,77,舌左邊,3,three_one_positive,1,0
暗紅,exploratory,tip_middle_root_1_3_1,Random Forest,4,77,舌右邊,3,three_one_positive,1,0
暗紅,exploratory,tip_middle_root_1_3_1,Random Forest,4,77,舌根,3,three_one_positive,1,0
暗紅,exploratory,tip_middle_root_1_3_1,Random Forest,4,79,舌根,1,three_one_negative,0,0
暗紅,exploratory,tip_middle_root_1_3_1,Random Forest,4,9,舌中,1,three_one_negative,0,0
暗紅,exploratory,tip_middle_root_1_3_1,Random Forest,4,9,舌根,1,three_one_negative,0,0
暗紅,exploratory,tip_middle_root_1_3_1,Random Forest,4,98,舌左邊,3,three_one_positive,1,0
暗紅,exploratory,tip_middle_root_1_3_1,Random Forest,4,98,舌右邊,3,three_one_positive,1,1
暗紅,exploratory,tip_middle_root_1_3_1,SVM,5,1,舌中,3,three_one_positive,1,0
暗紅,exploratory,tip_middle_root_1_3_1,SVM,5,1,舌左邊,3,three_one_positive,1,0
暗紅,exploratory,tip_middle_root_1_3_1,SVM,5,1,舌右邊,3,three_one_positive,1,0
暗紅,exploratory,tip_middle_root_1_3_1,SVM,5,1,舌根,3,three_one_positive,1,0
暗紅,exploratory,tip_middle_root_1_3_1,SVM,5,10,舌尖,1,three_one_negative,0,0
暗紅,exploratory,tip_middle_root_1_3_1,SVM,5,10,舌左邊,1,three_one_negative,0,0
暗紅,exploratory,tip_middle_root_1_3_1,SVM,5,10,舌右邊,1,three_one_negative,0,0
暗紅,exploratory,tip_middle_root_1_3_1,SVM,5,11,舌左邊,3,three_one_positive,1,0
暗紅,exploratory,tip_middle_root_1_3_1,SVM,5,11,舌右邊,3,three_one_positive,1,0
暗紅,exploratory,tip_middle_root_1_3_1,SVM,5,22,舌尖,1,three_one_negative,0,0
暗紅,exploratory,tip_middle_root_1_3_1,SVM,5,22,舌中,1,three_one_negative,0,0
暗紅,exploratory,tip_middle_root_1_3_1,SVM,5,22,舌左邊,1,three_one_negative,0,0
暗紅,exploratory,tip_middle_root_1_3_1,SVM,5,22,舌右邊,1,three_one_negative,0,0
暗紅,exploratory,tip_middle_root_1_3_1,SVM,5,22,舌根,1,three_one_negative,0,0
暗紅,exploratory,tip_middle_root_1_3_1,SVM,5,26,舌尖,1,three_one_negative,0,0
暗紅,exploratory,tip_middle_root_1_3_1,SVM,5,26,舌中,1,three_one_negative,0,0
暗紅,exploratory,tip_middle_root_1_3_1,SVM,5,26,舌左邊,1,three_one_negative,0,0
暗紅,exploratory,tip_middle_root_1_3_1,SVM,5,26,舌右邊,1,three_one_negative,0,0
暗紅,exploratory,tip_middle_root_1_3_1,SVM,5,26,舌根,1,three_one_negative,0,0
暗紅,exploratory,tip_middle_root_1_3_1,SVM,5,45,舌尖,1,three_one_negative,0,0
暗紅,exploratory,tip_middle_root_1_3_1,SVM,5,45,舌中,3,three_one_positive,1,0
暗紅,exploratory,tip_middle_root_1_3_1,SVM,5,45,舌左邊,1,three_one_negative,0,0
暗紅,exploratory,tip_middle_root_1_3_1,SVM,5,45,舌右邊,1,three_one_negative,0,0
暗紅,exploratory,tip_middle_root_1_3_1,SVM,5,45,舌根,3,three_one_positive,1,0
暗紅,exploratory,tip_middle_root_1_3_1,SVM,5,52,舌尖,1,three_one_negative,0,0
暗紅,exploratory,tip_middle_root_1_3_1,SVM,5,59,舌根,1,three_one_negative,0,0
暗紅,exploratory,tip_middle_root_1_3_1,SVM,5,61,舌尖,3,three_one_positive,1,0
暗紅,exploratory,tip_middle_root_1_3_1,SVM,5,61,舌中,3,three_one_positive,1,1
暗紅,exploratory,tip_middle_root_1_3_1,SVM,5,61,舌左邊,3,three_one_positive,1,0
暗紅,exploratory,tip_middle_root_1_3_1,SVM,5,61,舌右邊,3,three_one_positive,1,1
暗紅,exploratory,tip_middle_root_1_3_1,SVM,5,61,舌根,3,three_one_positive,1,0
暗紅,exploratory,tip_middle_root_1_3_1,SVM,5,63,舌中,3,three_one_positive,1,0
暗紅,exploratory,tip_middle_root_1_3_1,SVM,5,63,舌左邊,3,three_one_positive,1,0
暗紅,exploratory,tip_middle_root_1_3_1,SVM,5,63,舌右邊,3,three_one_positive,1,0
暗紅,exploratory,tip_middle_root_1_3_1,SVM,5,70,舌中,1,three_one_negative,0,0
暗紅,exploratory,tip_middle_root_1_3_1,SVM,5,70,舌根,1,three_one_negative,0,0
暗紅,exploratory,tip_middle_root_1_3_1,SVM,5,73,舌左邊,1,three_one_negative,0,0
暗紅,exploratory,tip_middle_root_1_3_1,SVM,5,73,舌右邊,1,three_one_negative,0,0
暗紅,exploratory,tip_middle_root_1_3_1,SVM,5,86,舌尖,1,three_one_negative,0,0
暗紅,exploratory,tip_middle_root_1_3_1,SVM,5,86,舌中,1,three_one_negative,0,0
暗紅,exploratory,tip_middle_root_1_3_1,SVM,5,89,舌尖,1,three_one_negative,0,0
暗紅,exploratory,tip_middle_root_1_3_1,SVM,5,89,舌中,1,three_one_negative,0,0
暗紅,exploratory,tip_middle_root_1_3_1,SVM,5,89,舌左邊,1,three_one_negative,0,0
暗紅,exploratory,tip_middle_root_1_3_1,SVM,5,89,舌右邊,1,three_one_negative,0,0
暗紅,exploratory,tip_middle_root_1_3_1,SVM,5,90,舌中,1,three_one_negative,0,0
暗紅,exploratory,tip_middle_root_1_3_1,SVM,5,90,舌左邊,1,three_one_negative,0,0
暗紅,exploratory,tip_middle_root_1_3_1,SVM,5,90,舌右邊,1,three_one_negative,0,0
暗紅,exploratory,tip_middle_root_1_3_1,SVM,5,92,舌尖,1,three_one_negative,0,0
暗紅,exploratory,tip_middle_root_1_3_1,SVM,5,92,舌左邊,1,three_one_negative,0,0
暗紅,exploratory,tip_middle_root_1_3_1,SVM,5,92,舌右邊,1,three_one_negative,0,0
暗紅,exploratory,tip_middle_root_1_3_1,SVM,5,92,舌根,1,three_one_negative,0,0
暗紅,exploratory,tip_middle_root_1_3_1,Random Forest,5,1,舌中,3,three_one_positive,1,0
暗紅,exploratory,tip_middle_root_1_3_1,Random Forest,5,1,舌左邊,3,three_one_positive,1,0
暗紅,exploratory,tip_middle_root_1_3_1,Random Forest,5,1,舌右邊,3,three_one_positive,1,0
暗紅,exploratory,tip_middle_root_1_3_1,Random Forest,5,1,舌根,3,three_one_positive,1,0
暗紅,exploratory,tip_middle_root_1_3_1,Random Forest,5,10,舌尖,1,three_one_negative,0,0
暗紅,exploratory,tip_middle_root_1_3_1,Random Forest,5,10,舌左邊,1,three_one_negative,0,0
暗紅,exploratory,tip_middle_root_1_3_1,Random Forest,5,10,舌右邊,1,three_one_negative,0,0
暗紅,exploratory,tip_middle_root_1_3_1,Random Forest,5,11,舌左邊,3,three_one_positive,1,0
暗紅,exploratory,tip_middle_root_1_3_1,Random Forest,5,11,舌右邊,3,three_one_positive,1,0
暗紅,exploratory,tip_middle_root_1_3_1,Random Forest,5,22,舌尖,1,three_one_negative,0,0
暗紅,exploratory,tip_middle_root_1_3_1,Random Forest,5,22,舌中,1,three_one_negative,0,0
暗紅,exploratory,tip_middle_root_1_3_1,Random Forest,5,22,舌左邊,1,three_one_negative,0,0
暗紅,exploratory,tip_middle_root_1_3_1,Random Forest,5,22,舌右邊,1,three_one_negative,0,0
暗紅,exploratory,tip_middle_root_1_3_1,Random Forest,5,22,舌根,1,three_one_negative,0,0
暗紅,exploratory,tip_middle_root_1_3_1,Random Forest,5,26,舌尖,1,three_one_negative,0,0
暗紅,exploratory,tip_middle_root_1_3_1,Random Forest,5,26,舌中,1,three_one_negative,0,0
暗紅,exploratory,tip_middle_root_1_3_1,Random Forest,5,26,舌左邊,1,three_one_negative,0,0
暗紅,exploratory,tip_middle_root_1_3_1,Random Forest,5,26,舌右邊,1,three_one_negative,0,0
暗紅,exploratory,tip_middle_root_1_3_1,Random Forest,5,26,舌根,1,three_one_negative,0,0
暗紅,exploratory,tip_middle_root_1_3_1,Random Forest,5,45,舌尖,1,three_one_negative,0,0
暗紅,exploratory,tip_middle_root_1_3_1,Random Forest,5,45,舌中,3,three_one_positive,1,0
暗紅,exploratory,tip_middle_root_1_3_1,Random Forest,5,45,舌左邊,1,three_one_negative,0,0
暗紅,exploratory,tip_middle_root_1_3_1,Random Forest,5,45,舌右邊,1,three_one_negative,0,0
暗紅,exploratory,tip_middle_root_1_3_1,Random Forest,5,45,舌根,3,three_one_positive,1,0
暗紅,exploratory,tip_middle_root_1_3_1,Random Forest,5,52,舌尖,1,three_one_negative,0,0
暗紅,exploratory,tip_middle_root_1_3_1,Random Forest,5,59,舌根,1,three_one_negative,0,0
暗紅,exploratory,tip_middle_root_1_3_1,Random Forest,5,61,舌尖,3,three_one_positive,1,0
暗紅,exploratory,tip_middle_root_1_3_1,Random Forest,5,61,舌中,3,three_one_positive,1,0
暗紅,exploratory,tip_middle_root_1_3_1,Random Forest,5,61,舌左邊,3,three_one_positive,1,0
暗紅,exploratory,tip_middle_root_1_3_1,Random Forest,5,61,舌右邊,3,three_one_positive,1,0
暗紅,exploratory,tip_middle_root_1_3_1,Random Forest,5,61,舌根,3,three_one_positive,1,0
暗紅,exploratory,tip_middle_root_1_3_1,Random Forest,5,63,舌中,3,three_one_positive,1,0
暗紅,exploratory,tip_middle_root_1_3_1,Random Forest,5,63,舌左邊,3,three_one_positive,1,0
暗紅,exploratory,tip_middle_root_1_3_1,Random Forest,5,63,舌右邊,3,three_one_positive,1,0
暗紅,exploratory,tip_middle_root_1_3_1,Random Forest,5,70,舌中,1,three_one_negative,0,0
暗紅,exploratory,tip_middle_root_1_3_1,Random Forest,5,70,舌根,1,three_one_negative,0,0
暗紅,exploratory,tip_middle_root_1_3_1,Random Forest,5,73,舌左邊,1,three_one_negative,0,0
暗紅,exploratory,tip_middle_root_1_3_1,Random Forest,5,73,舌右邊,1,three_one_negative,0,0
暗紅,exploratory,tip_middle_root_1_3_1,Random Forest,5,86,舌尖,1,three_one_negative,0,0
暗紅,exploratory,tip_middle_root_1_3_1,Random Forest,5,86,舌中,1,three_one_negative,0,0
暗紅,exploratory,tip_middle_root_1_3_1,Random Forest,5,89,舌尖,1,three_one_negative,0,0
暗紅,exploratory,tip_middle_root_1_3_1,Random Forest,5,89,舌中,1,three_one_negative,0,0
暗紅,exploratory,tip_middle_root_1_3_1,Random Forest,5,89,舌左邊,1,three_one_negative,0,0
暗紅,exploratory,tip_middle_root_1_3_1,Random Forest,5,89,舌右邊,1,three_one_negative,0,0
暗紅,exploratory,tip_middle_root_1_3_1,Random Forest,5,90,舌中,1,three_one_negative,0,0
暗紅,exploratory,tip_middle_root_1_3_1,Random Forest,5,90,舌左邊,1,three_one_negative,0,0
暗紅,exploratory,tip_middle_root_1_3_1,Random Forest,5,90,舌右邊,1,three_one_negative,0,0
暗紅,exploratory,tip_middle_root_1_3_1,Random Forest,5,92,舌尖,1,three_one_negative,0,0
暗紅,exploratory,tip_middle_root_1_3_1,Random Forest,5,92,舌左邊,1,three_one_negative,0,0
暗紅,exploratory,tip_middle_root_1_3_1,Random Forest,5,92,舌右邊,1,three_one_negative,0,0
暗紅,exploratory,tip_middle_root_1_3_1,Random Forest,5,92,舌根,1,three_one_negative,0,1
青紫,exploratory,tip_middle_root_1_2_2,SVM,1,18,舌尖,1,three_one_negative,0,0
青紫,exploratory,tip_middle_root_1_2_2,SVM,1,18,舌根,1,three_one_negative,0,0
青紫,exploratory,tip_middle_root_1_2_2,SVM,1,24,舌尖,3,three_one_positive,1,0
青紫,exploratory,tip_middle_root_1_2_2,SVM,1,24,舌中,1,three_one_negative,0,0
青紫,exploratory,tip_middle_root_1_2_2,SVM,1,26,舌尖,1,three_one_negative,0,0
青紫,exploratory,tip_middle_root_1_2_2,SVM,1,33,舌尖,1,three_one_negative,0,0
青紫,exploratory,tip_middle_root_1_2_2,SVM,1,33,舌左邊,1,three_one_negative,0,0
青紫,exploratory,tip_middle_root_1_2_2,SVM,1,33,舌右邊,1,three_one_negative,0,0
青紫,exploratory,tip_middle_root_1_2_2,SVM,1,39,舌尖,1,three_one_negative,0,0
青紫,exploratory,tip_middle_root_1_2_2,SVM,1,39,舌中,1,three_one_negative,0,0
青紫,exploratory,tip_middle_root_1_2_2,SVM,1,39,舌左邊,1,three_one_negative,0,0
青紫,exploratory,tip_middle_root_1_2_2,SVM,1,59,舌中,1,three_one_negative,0,0
青紫,exploratory,tip_middle_root_1_2_2,SVM,1,60,舌左邊,1,three_one_negative,0,0
青紫,exploratory,tip_middle_root_1_2_2,SVM,1,60,舌右邊,1,three_one_negative,0,0
青紫,exploratory,tip_middle_root_1_2_2,SVM,1,60,舌根,1,three_one_negative,0,0
青紫,exploratory,tip_middle_root_1_2_2,SVM,1,68,舌尖,3,three_one_positive,1,1
青紫,exploratory,tip_middle_root_1_2_2,SVM,1,68,舌中,3,three_one_positive,1,0
青紫,exploratory,tip_middle_root_1_2_2,SVM,1,68,舌左邊,3,three_one_positive,1,1
青紫,exploratory,tip_middle_root_1_2_2,SVM,1,68,舌右邊,3,three_one_positive,1,0
青紫,exploratory,tip_middle_root_1_2_2,SVM,1,8,舌尖,1,three_one_negative,0,0
青紫,exploratory,tip_middle_root_1_2_2,SVM,1,82,舌中,1,three_one_negative,0,0
青紫,exploratory,tip_middle_root_1_2_2,SVM,1,83,舌尖,3,three_one_positive,1,0
青紫,exploratory,tip_middle_root_1_2_2,SVM,1,85,舌中,1,three_one_negative,0,0
青紫,exploratory,tip_middle_root_1_2_2,SVM,1,85,舌右邊,3,three_one_positive,1,0
青紫,exploratory,tip_middle_root_1_2_2,SVM,1,95,舌中,1,three_one_negative,0,0
青紫,exploratory,tip_middle_root_1_2_2,SVM,1,95,舌左邊,1,three_one_negative,0,1
青紫,exploratory,tip_middle_root_1_2_2,SVM,1,95,舌右邊,1,three_one_negative,0,1
青紫,exploratory,tip_middle_root_1_2_2,Random Forest,1,18,舌尖,1,three_one_negative,0,0
青紫,exploratory,tip_middle_root_1_2_2,Random Forest,1,18,舌根,1,three_one_negative,0,0
青紫,exploratory,tip_middle_root_1_2_2,Random Forest,1,24,舌尖,3,three_one_positive,1,0
青紫,exploratory,tip_middle_root_1_2_2,Random Forest,1,24,舌中,1,three_one_negative,0,0
青紫,exploratory,tip_middle_root_1_2_2,Random Forest,1,26,舌尖,1,three_one_negative,0,0
青紫,exploratory,tip_middle_root_1_2_2,Random Forest,1,33,舌尖,1,three_one_negative,0,0
青紫,exploratory,tip_middle_root_1_2_2,Random Forest,1,33,舌左邊,1,three_one_negative,0,0
青紫,exploratory,tip_middle_root_1_2_2,Random Forest,1,33,舌右邊,1,three_one_negative,0,0
青紫,exploratory,tip_middle_root_1_2_2,Random Forest,1,39,舌尖,1,three_one_negative,0,0
青紫,exploratory,tip_middle_root_1_2_2,Random Forest,1,39,舌中,1,three_one_negative,0,0
青紫,exploratory,tip_middle_root_1_2_2,Random Forest,1,39,舌左邊,1,three_one_negative,0,0
青紫,exploratory,tip_middle_root_1_2_2,Random Forest,1,59,舌中,1,three_one_negative,0,0
青紫,exploratory,tip_middle_root_1_2_2,Random Forest,1,60,舌左邊,1,three_one_negative,0,0
青紫,exploratory,tip_middle_root_1_2_2,Random Forest,1,60,舌右邊,1,three_one_negative,0,0
青紫,exploratory,tip_middle_root_1_2_2,Random Forest,1,60,舌根,1,three_one_negative,0,0
青紫,exploratory,tip_middle_root_1_2_2,Random Forest,1,68,舌尖,3,three_one_positive,1,0
青紫,exploratory,tip_middle_root_1_2_2,Random Forest,1,68,舌中,3,three_one_positive,1,0
青紫,exploratory,tip_middle_root_1_2_2,Random Forest,1,68,舌左邊,3,three_one_positive,1,1
青紫,exploratory,tip_middle_root_1_2_2,Random Forest,1,68,舌右邊,3,three_one_positive,1,0
青紫,exploratory,tip_middle_root_1_2_2,Random Forest,1,8,舌尖,1,three_one_negative,0,0
青紫,exploratory,tip_middle_root_1_2_2,Random Forest,1,82,舌中,1,three_one_negative,0,0
青紫,exploratory,tip_middle_root_1_2_2,Random Forest,1,83,舌尖,3,three_one_positive,1,0
青紫,exploratory,tip_middle_root_1_2_2,Random Forest,1,85,舌中,1,three_one_negative,0,0
青紫,exploratory,tip_middle_root_1_2_2,Random Forest,1,85,舌右邊,3,three_one_positive,1,0
青紫,exploratory,tip_middle_root_1_2_2,Random Forest,1,95,舌中,1,three_one_negative,0,0
青紫,exploratory,tip_middle_root_1_2_2,Random Forest,1,95,舌左邊,1,three_one_negative,0,1
青紫,exploratory,tip_middle_root_1_2_2,Random Forest,1,95,舌右邊,1,three_one_negative,0,1
青紫,exploratory,tip_middle_root_1_2_2,SVM,2,1,舌尖,3,three_one_positive,1,0
青紫,exploratory,tip_middle_root_1_2_2,SVM,2,1,舌中,1,three_one_negative,0,0
青紫,exploratory,tip_middle_root_1_2_2,SVM,2,1,舌右邊,1,three_one_negative,0,0
青紫,exploratory,tip_middle_root_1_2_2,SVM,2,14,舌尖,1,three_one_negative,0,1
青紫,exploratory,tip_middle_root_1_2_2,SVM,2,14,舌中,1,three_one_negative,0,0
青紫,exploratory,tip_middle_root_1_2_2,SVM,2,22,舌中,1,three_one_negative,0,0
青紫,exploratory,tip_middle_root_1_2_2,SVM,2,22,舌右邊,1,three_one_negative,0,0
青紫,exploratory,tip_middle_root_1_2_2,SVM,2,25,舌尖,1,three_one_negative,0,0
青紫,exploratory,tip_middle_root_1_2_2,SVM,2,25,舌右邊,1,three_one_negative,0,0
青紫,exploratory,tip_middle_root_1_2_2,SVM,2,27,舌中,1,three_one_negative,0,0
青紫,exploratory,tip_middle_root_1_2_2,SVM,2,27,舌左邊,1,three_one_negative,0,0
青紫,exploratory,tip_middle_root_1_2_2,SVM,2,27,舌右邊,1,three_one_negative,0,0
青紫,exploratory,tip_middle_root_1_2_2,SVM,2,27,舌根,1,three_one_negative,0,0
青紫,exploratory,tip_middle_root_1_2_2,SVM,2,3,舌尖,1,three_one_negative,0,1
青紫,exploratory,tip_middle_root_1_2_2,SVM,2,3,舌中,1,three_one_negative,0,1
青紫,exploratory,tip_middle_root_1_2_2,SVM,2,3,舌根,3,three_one_positive,1,0
青紫,exploratory,tip_middle_root_1_2_2,SVM,2,37,舌中,3,three_one_positive,1,0
青紫,exploratory,tip_middle_root_1_2_2,SVM,2,37,舌根,1,three_one_negative,0,0
青紫,exploratory,tip_middle_root_1_2_2,SVM,2,38,舌中,1,three_one_negative,0,0
青紫,exploratory,tip_middle_root_1_2_2,SVM,2,38,舌左邊,1,three_one_negative,0,0
青紫,exploratory,tip_middle_root_1_2_2,SVM,2,38,舌右邊,1,three_one_negative,0,0
青紫,exploratory,tip_middle_root_1_2_2,SVM,2,41,舌尖,1,three_one_negative,0,0
青紫,exploratory,tip_middle_root_1_2_2,SVM,2,43,舌中,1,three_one_negative,0,0
青紫,exploratory,tip_middle_root_1_2_2,SVM,2,43,舌右邊,3,three_one_positive,1,0
青紫,exploratory,tip_middle_root_1_2_2,SVM,2,43,舌根,1,three_one_negative,0,0
青紫,exploratory,tip_middle_root_1_2_2,SVM,2,47,舌尖,1,three_one_negative,0,0
青紫,exploratory,tip_middle_root_1_2_2,SVM,2,47,舌中,1,three_one_negative,0,0
青紫,exploratory,tip_middle_root_1_2_2,SVM,2,47,舌左邊,1,three_one_negative,0,0
青紫,exploratory,tip_middle_root_1_2_2,SVM,2,47,舌右邊,1,three_one_negative,0,0
青紫,exploratory,tip_middle_root_1_2_2,SVM,2,53,舌尖,1,three_one_negative,0,0
青紫,exploratory,tip_middle_root_1_2_2,SVM,2,54,舌尖,1,three_one_negative,0,0
青紫,exploratory,tip_middle_root_1_2_2,SVM,2,57,舌尖,3,three_one_positive,1,0
青紫,exploratory,tip_middle_root_1_2_2,SVM,2,57,舌右邊,1,three_one_negative,0,0
青紫,exploratory,tip_middle_root_1_2_2,SVM,2,72,舌中,1,three_one_negative,0,0
青紫,exploratory,tip_middle_root_1_2_2,SVM,2,72,舌左邊,1,three_one_negative,0,1
青紫,exploratory,tip_middle_root_1_2_2,SVM,2,72,舌右邊,1,three_one_negative,0,0
青紫,exploratory,tip_middle_root_1_2_2,SVM,2,91,舌中,1,three_one_negative,0,0
青紫,exploratory,tip_middle_root_1_2_2,SVM,2,91,舌左邊,3,three_one_positive,1,0
青紫,exploratory,tip_middle_root_1_2_2,SVM,2,91,舌右邊,3,three_one_positive,1,0
青紫,exploratory,tip_middle_root_1_2_2,SVM,2,91,舌根,1,three_one_negative,0,0
青紫,exploratory,tip_middle_root_1_2_2,Random Forest,2,1,舌尖,3,three_one_positive,1,0
青紫,exploratory,tip_middle_root_1_2_2,Random Forest,2,1,舌中,1,three_one_negative,0,0
青紫,exploratory,tip_middle_root_1_2_2,Random Forest,2,1,舌右邊,1,three_one_negative,0,1
青紫,exploratory,tip_middle_root_1_2_2,Random Forest,2,14,舌尖,1,three_one_negative,0,1
青紫,exploratory,tip_middle_root_1_2_2,Random Forest,2,14,舌中,1,three_one_negative,0,0
青紫,exploratory,tip_middle_root_1_2_2,Random Forest,2,22,舌中,1,three_one_negative,0,0
青紫,exploratory,tip_middle_root_1_2_2,Random Forest,2,22,舌右邊,1,three_one_negative,0,0
青紫,exploratory,tip_middle_root_1_2_2,Random Forest,2,25,舌尖,1,three_one_negative,0,0
青紫,exploratory,tip_middle_root_1_2_2,Random Forest,2,25,舌右邊,1,three_one_negative,0,0
青紫,exploratory,tip_middle_root_1_2_2,Random Forest,2,27,舌中,1,three_one_negative,0,0
青紫,exploratory,tip_middle_root_1_2_2,Random Forest,2,27,舌左邊,1,three_one_negative,0,0
青紫,exploratory,tip_middle_root_1_2_2,Random Forest,2,27,舌右邊,1,three_one_negative,0,0
青紫,exploratory,tip_middle_root_1_2_2,Random Forest,2,27,舌根,1,three_one_negative,0,0
青紫,exploratory,tip_middle_root_1_2_2,Random Forest,2,3,舌尖,1,three_one_negative,0,0
青紫,exploratory,tip_middle_root_1_2_2,Random Forest,2,3,舌中,1,three_one_negative,0,0
青紫,exploratory,tip_middle_root_1_2_2,Random Forest,2,3,舌根,3,three_one_positive,1,0
青紫,exploratory,tip_middle_root_1_2_2,Random Forest,2,37,舌中,3,three_one_positive,1,0
青紫,exploratory,tip_middle_root_1_2_2,Random Forest,2,37,舌根,1,three_one_negative,0,0
青紫,exploratory,tip_middle_root_1_2_2,Random Forest,2,38,舌中,1,three_one_negative,0,0
青紫,exploratory,tip_middle_root_1_2_2,Random Forest,2,38,舌左邊,1,three_one_negative,0,0
青紫,exploratory,tip_middle_root_1_2_2,Random Forest,2,38,舌右邊,1,three_one_negative,0,0
青紫,exploratory,tip_middle_root_1_2_2,Random Forest,2,41,舌尖,1,three_one_negative,0,0
青紫,exploratory,tip_middle_root_1_2_2,Random Forest,2,43,舌中,1,three_one_negative,0,0
青紫,exploratory,tip_middle_root_1_2_2,Random Forest,2,43,舌右邊,3,three_one_positive,1,0
青紫,exploratory,tip_middle_root_1_2_2,Random Forest,2,43,舌根,1,three_one_negative,0,0
青紫,exploratory,tip_middle_root_1_2_2,Random Forest,2,47,舌尖,1,three_one_negative,0,0
青紫,exploratory,tip_middle_root_1_2_2,Random Forest,2,47,舌中,1,three_one_negative,0,0
青紫,exploratory,tip_middle_root_1_2_2,Random Forest,2,47,舌左邊,1,three_one_negative,0,0
青紫,exploratory,tip_middle_root_1_2_2,Random Forest,2,47,舌右邊,1,three_one_negative,0,0
青紫,exploratory,tip_middle_root_1_2_2,Random Forest,2,53,舌尖,1,three_one_negative,0,0
青紫,exploratory,tip_middle_root_1_2_2,Random Forest,2,54,舌尖,1,three_one_negative,0,0
青紫,exploratory,tip_middle_root_1_2_2,Random Forest,2,57,舌尖,3,three_one_positive,1,0
青紫,exploratory,tip_middle_root_1_2_2,Random Forest,2,57,舌右邊,1,three_one_negative,0,0
青紫,exploratory,tip_middle_root_1_2_2,Random Forest,2,72,舌中,1,three_one_negative,0,0
青紫,exploratory,tip_middle_root_1_2_2,Random Forest,2,72,舌左邊,1,three_one_negative,0,0
青紫,exploratory,tip_middle_root_1_2_2,Random Forest,2,72,舌右邊,1,three_one_negative,0,0
青紫,exploratory,tip_middle_root_1_2_2,Random Forest,2,91,舌中,1,three_one_negative,0,0
青紫,exploratory,tip_middle_root_1_2_2,Random Forest,2,91,舌左邊,3,three_one_positive,1,0
青紫,exploratory,tip_middle_root_1_2_2,Random Forest,2,91,舌右邊,3,three_one_positive,1,0
青紫,exploratory,tip_middle_root_1_2_2,Random Forest,2,91,舌根,1,three_one_negative,0,0
青紫,exploratory,tip_middle_root_1_2_2,SVM,3,17,舌中,1,three_one_negative,0,0
青紫,exploratory,tip_middle_root_1_2_2,SVM,3,20,舌尖,1,three_one_negative,0,0
青紫,exploratory,tip_middle_root_1_2_2,SVM,3,20,舌左邊,1,three_one_negative,0,0
青紫,exploratory,tip_middle_root_1_2_2,SVM,3,20,舌右邊,1,three_one_negative,0,0
青紫,exploratory,tip_middle_root_1_2_2,SVM,3,30,舌左邊,1,three_one_negative,0,0
青紫,exploratory,tip_middle_root_1_2_2,SVM,3,30,舌右邊,1,three_one_negative,0,0
青紫,exploratory,tip_middle_root_1_2_2,SVM,3,32,舌左邊,1,three_one_negative,0,0
青紫,exploratory,tip_middle_root_1_2_2,SVM,3,4,舌尖,1,three_one_negative,0,1
青紫,exploratory,tip_middle_root_1_2_2,SVM,3,4,舌中,1,three_one_negative,0,0
青紫,exploratory,tip_middle_root_1_2_2,SVM,3,45,舌尖,1,three_one_negative,0,0
青紫,exploratory,tip_middle_root_1_2_2,SVM,3,45,舌中,1,three_one_negative,0,0
青紫,exploratory,tip_middle_root_1_2_2,SVM,3,45,舌左邊,1,three_one_negative,0,0
青紫,exploratory,tip_middle_root_1_2_2,SVM,3,45,舌右邊,1,three_one_negative,0,0
青紫,exploratory,tip_middle_root_1_2_2,SVM,3,50,舌中,3,three_one_positive,1,0
青紫,exploratory,tip_middle_root_1_2_2,SVM,3,50,舌左邊,3,three_one_positive,1,0
青紫,exploratory,tip_middle_root_1_2_2,SVM,3,50,舌右邊,3,three_one_positive,1,0
青紫,exploratory,tip_middle_root_1_2_2,SVM,3,50,舌根,1,three_one_negative,0,0
青紫,exploratory,tip_middle_root_1_2_2,SVM,3,56,舌左邊,1,three_one_negative,0,0
青紫,exploratory,tip_middle_root_1_2_2,SVM,3,64,舌根,1,three_one_negative,0,0
青紫,exploratory,tip_middle_root_1_2_2,SVM,3,65,舌尖,1,three_one_negative,0,0
青紫,exploratory,tip_middle_root_1_2_2,SVM,3,65,舌左邊,1,three_one_negative,0,0
青紫,exploratory,tip_middle_root_1_2_2,SVM,3,65,舌右邊,1,three_one_negative,0,0
青紫,exploratory,tip_middle_root_1_2_2,SVM,3,7,舌尖,1,three_one_negative,0,0
青紫,exploratory,tip_middle_root_1_2_2,SVM,3,7,舌中,1,three_one_negative,0,0
青紫,exploratory,tip_middle_root_1_2_2,SVM,3,76,舌左邊,1,three_one_negative,0,0
青紫,exploratory,tip_middle_root_1_2_2,SVM,3,90,舌根,1,three_one_negative,0,0
青紫,exploratory,tip_middle_root_1_2_2,SVM,3,92,舌尖,3,three_one_positive,1,0
青紫,exploratory,tip_middle_root_1_2_2,SVM,3,92,舌根,1,three_one_negative,0,0
青紫,exploratory,tip_middle_root_1_2_2,SVM,3,94,舌尖,3,three_one_positive,1,1
青紫,exploratory,tip_middle_root_1_2_2,SVM,3,94,舌中,3,three_one_positive,1,0
青紫,exploratory,tip_middle_root_1_2_2,SVM,3,94,舌根,3,three_one_positive,1,0
青紫,exploratory,tip_middle_root_1_2_2,Random Forest,3,17,舌中,1,three_one_negative,0,0
青紫,exploratory,tip_middle_root_1_2_2,Random Forest,3,20,舌尖,1,three_one_negative,0,0
青紫,exploratory,tip_middle_root_1_2_2,Random Forest,3,20,舌左邊,1,three_one_negative,0,0
青紫,exploratory,tip_middle_root_1_2_2,Random Forest,3,20,舌右邊,1,three_one_negative,0,0
青紫,exploratory,tip_middle_root_1_2_2,Random Forest,3,30,舌左邊,1,three_one_negative,0,0
青紫,exploratory,tip_middle_root_1_2_2,Random Forest,3,30,舌右邊,1,three_one_negative,0,0
青紫,exploratory,tip_middle_root_1_2_2,Random Forest,3,32,舌左邊,1,three_one_negative,0,0
青紫,exploratory,tip_middle_root_1_2_2,Random Forest,3,4,舌尖,1,three_one_negative,0,0
青紫,exploratory,tip_middle_root_1_2_2,Random Forest,3,4,舌中,1,three_one_negative,0,0
青紫,exploratory,tip_middle_root_1_2_2,Random Forest,3,45,舌尖,1,three_one_negative,0,0
青紫,exploratory,tip_middle_root_1_2_2,Random Forest,3,45,舌中,1,three_one_negative,0,0
青紫,exploratory,tip_middle_root_1_2_2,Random Forest,3,45,舌左邊,1,three_one_negative,0,0
青紫,exploratory,tip_middle_root_1_2_2,Random Forest,3,45,舌右邊,1,three_one_negative,0,0
青紫,exploratory,tip_middle_root_1_2_2,Random Forest,3,50,舌中,3,three_one_positive,1,0
青紫,exploratory,tip_middle_root_1_2_2,Random Forest,3,50,舌左邊,3,three_one_positive,1,0
青紫,exploratory,tip_middle_root_1_2_2,Random Forest,3,50,舌右邊,3,three_one_positive,1,0
青紫,exploratory,tip_middle_root_1_2_2,Random Forest,3,50,舌根,1,three_one_negative,0,0
青紫,exploratory,tip_middle_root_1_2_2,Random Forest,3,56,舌左邊,1,three_one_negative,0,0
青紫,exploratory,tip_middle_root_1_2_2,Random Forest,3,64,舌根,1,three_one_negative,0,0
青紫,exploratory,tip_middle_root_1_2_2,Random Forest,3,65,舌尖,1,three_one_negative,0,0
青紫,exploratory,tip_middle_root_1_2_2,Random Forest,3,65,舌左邊,1,three_one_negative,0,0
青紫,exploratory,tip_middle_root_1_2_2,Random Forest,3,65,舌右邊,1,three_one_negative,0,0
青紫,exploratory,tip_middle_root_1_2_2,Random Forest,3,7,舌尖,1,three_one_negative,0,0
青紫,exploratory,tip_middle_root_1_2_2,Random Forest,3,7,舌中,1,three_one_negative,0,0
青紫,exploratory,tip_middle_root_1_2_2,Random Forest,3,76,舌左邊,1,three_one_negative,0,0
青紫,exploratory,tip_middle_root_1_2_2,Random Forest,3,90,舌根,1,three_one_negative,0,0
青紫,exploratory,tip_middle_root_1_2_2,Random Forest,3,92,舌尖,3,three_one_positive,1,0
青紫,exploratory,tip_middle_root_1_2_2,Random Forest,3,92,舌根,1,three_one_negative,0,0
青紫,exploratory,tip_middle_root_1_2_2,Random Forest,3,94,舌尖,3,three_one_positive,1,0
青紫,exploratory,tip_middle_root_1_2_2,Random Forest,3,94,舌中,3,three_one_positive,1,0
青紫,exploratory,tip_middle_root_1_2_2,Random Forest,3,94,舌根,3,three_one_positive,1,0
青紫,exploratory,tip_middle_root_1_2_2,SVM,4,11,舌左邊,1,three_one_negative,0,1
青紫,exploratory,tip_middle_root_1_2_2,SVM,4,11,舌右邊,1,three_one_negative,0,1
青紫,exploratory,tip_middle_root_1_2_2,SVM,4,12,舌尖,1,three_one_negative,0,0
青紫,exploratory,tip_middle_root_1_2_2,SVM,4,12,舌中,1,three_one_negative,0,0
青紫,exploratory,tip_middle_root_1_2_2,SVM,4,15,舌尖,1,three_one_negative,0,1
青紫,exploratory,tip_middle_root_1_2_2,SVM,4,15,舌中,1,three_one_negative,0,0
青紫,exploratory,tip_middle_root_1_2_2,SVM,4,23,舌尖,1,three_one_negative,0,0
青紫,exploratory,tip_middle_root_1_2_2,SVM,4,46,舌尖,1,three_one_negative,0,0
青紫,exploratory,tip_middle_root_1_2_2,SVM,4,46,舌左邊,1,three_one_negative,0,0
青紫,exploratory,tip_middle_root_1_2_2,SVM,4,49,舌尖,3,three_one_positive,1,0
青紫,exploratory,tip_middle_root_1_2_2,SVM,4,49,舌中,3,three_one_positive,1,0
青紫,exploratory,tip_middle_root_1_2_2,SVM,4,49,舌左邊,3,three_one_positive,1,0
青紫,exploratory,tip_middle_root_1_2_2,SVM,4,49,舌右邊,3,three_one_positive,1,0
青紫,exploratory,tip_middle_root_1_2_2,SVM,4,5,舌尖,1,three_one_negative,0,0
青紫,exploratory,tip_middle_root_1_2_2,SVM,4,5,舌左邊,1,three_one_negative,0,1
青紫,exploratory,tip_middle_root_1_2_2,SVM,4,5,舌右邊,1,three_one_negative,0,0
青紫,exploratory,tip_middle_root_1_2_2,SVM,4,62,舌中,3,three_one_positive,1,0
青紫,exploratory,tip_middle_root_1_2_2,SVM,4,62,舌根,1,three_one_negative,0,0
青紫,exploratory,tip_middle_root_1_2_2,SVM,4,63,舌中,1,three_one_negative,0,0
青紫,exploratory,tip_middle_root_1_2_2,SVM,4,66,舌左邊,1,three_one_negative,0,1
青紫,exploratory,tip_middle_root_1_2_2,SVM,4,66,舌右邊,1,three_one_negative,0,1
青紫,exploratory,tip_middle_root_1_2_2,SVM,4,78,舌中,3,three_one_positive,1,0
青紫,exploratory,tip_middle_root_1_2_2,SVM,4,78,舌左邊,1,three_one_negative,0,0
青紫,exploratory,tip_middle_root_1_2_2,SVM,4,78,舌右邊,1,three_one_negative,0,0
青紫,exploratory,tip_middle_root_1_2_2,SVM,4,78,舌根,1,three_one_negative,0,0
青紫,exploratory,tip_middle_root_1_2_2,SVM,4,84,舌尖,3,three_one_positive,1,1
青紫,exploratory,tip_middle_root_1_2_2,SVM,4,84,舌中,3,three_one_positive,1,0
青紫,exploratory,tip_middle_root_1_2_2,SVM,4,84,舌左邊,3,three_one_positive,1,0
青紫,exploratory,tip_middle_root_1_2_2,SVM,4,84,舌右邊,1,three_one_negative,0,0
青紫,exploratory,tip_middle_root_1_2_2,SVM,4,84,舌根,1,three_one_negative,0,0
青紫,exploratory,tip_middle_root_1_2_2,SVM,4,86,舌尖,1,three_one_negative,0,0
青紫,exploratory,tip_middle_root_1_2_2,SVM,4,86,舌左邊,1,three_one_negative,0,0
青紫,exploratory,tip_middle_root_1_2_2,SVM,4,86,舌右邊,1,three_one_negative,0,1
青紫,exploratory,tip_middle_root_1_2_2,SVM,4,96,舌尖,1,three_one_negative,0,0
青紫,exploratory,tip_middle_root_1_2_2,SVM,4,96,舌左邊,1,three_one_negative,0,0
青紫,exploratory,tip_middle_root_1_2_2,SVM,4,96,舌右邊,1,three_one_negative,0,0
青紫,exploratory,tip_middle_root_1_2_2,SVM,4,98,舌尖,1,three_one_negative,0,1
青紫,exploratory,tip_middle_root_1_2_2,SVM,4,98,舌中,1,three_one_negative,0,0
青紫,exploratory,tip_middle_root_1_2_2,Random Forest,4,11,舌左邊,1,three_one_negative,0,1
青紫,exploratory,tip_middle_root_1_2_2,Random Forest,4,11,舌右邊,1,three_one_negative,0,1
青紫,exploratory,tip_middle_root_1_2_2,Random Forest,4,12,舌尖,1,three_one_negative,0,0
青紫,exploratory,tip_middle_root_1_2_2,Random Forest,4,12,舌中,1,three_one_negative,0,0
青紫,exploratory,tip_middle_root_1_2_2,Random Forest,4,15,舌尖,1,three_one_negative,0,0
青紫,exploratory,tip_middle_root_1_2_2,Random Forest,4,15,舌中,1,three_one_negative,0,0
青紫,exploratory,tip_middle_root_1_2_2,Random Forest,4,23,舌尖,1,three_one_negative,0,0
青紫,exploratory,tip_middle_root_1_2_2,Random Forest,4,46,舌尖,1,three_one_negative,0,0
青紫,exploratory,tip_middle_root_1_2_2,Random Forest,4,46,舌左邊,1,three_one_negative,0,0
青紫,exploratory,tip_middle_root_1_2_2,Random Forest,4,49,舌尖,3,three_one_positive,1,0
青紫,exploratory,tip_middle_root_1_2_2,Random Forest,4,49,舌中,3,three_one_positive,1,0
青紫,exploratory,tip_middle_root_1_2_2,Random Forest,4,49,舌左邊,3,three_one_positive,1,0
青紫,exploratory,tip_middle_root_1_2_2,Random Forest,4,49,舌右邊,3,three_one_positive,1,0
青紫,exploratory,tip_middle_root_1_2_2,Random Forest,4,5,舌尖,1,three_one_negative,0,0
青紫,exploratory,tip_middle_root_1_2_2,Random Forest,4,5,舌左邊,1,three_one_negative,0,0
青紫,exploratory,tip_middle_root_1_2_2,Random Forest,4,5,舌右邊,1,three_one_negative,0,0
青紫,exploratory,tip_middle_root_1_2_2,Random Forest,4,62,舌中,3,three_one_positive,1,0
青紫,exploratory,tip_middle_root_1_2_2,Random Forest,4,62,舌根,1,three_one_negative,0,0
青紫,exploratory,tip_middle_root_1_2_2,Random Forest,4,63,舌中,1,three_one_negative,0,0
青紫,exploratory,tip_middle_root_1_2_2,Random Forest,4,66,舌左邊,1,three_one_negative,0,0
青紫,exploratory,tip_middle_root_1_2_2,Random Forest,4,66,舌右邊,1,three_one_negative,0,0
青紫,exploratory,tip_middle_root_1_2_2,Random Forest,4,78,舌中,3,three_one_positive,1,0
青紫,exploratory,tip_middle_root_1_2_2,Random Forest,4,78,舌左邊,1,three_one_negative,0,0
青紫,exploratory,tip_middle_root_1_2_2,Random Forest,4,78,舌右邊,1,three_one_negative,0,0
青紫,exploratory,tip_middle_root_1_2_2,Random Forest,4,78,舌根,1,three_one_negative,0,0
青紫,exploratory,tip_middle_root_1_2_2,Random Forest,4,84,舌尖,3,three_one_positive,1,0
青紫,exploratory,tip_middle_root_1_2_2,Random Forest,4,84,舌中,3,three_one_positive,1,0
青紫,exploratory,tip_middle_root_1_2_2,Random Forest,4,84,舌左邊,3,three_one_positive,1,0
青紫,exploratory,tip_middle_root_1_2_2,Random Forest,4,84,舌右邊,1,three_one_negative,0,0
青紫,exploratory,tip_middle_root_1_2_2,Random Forest,4,84,舌根,1,three_one_negative,0,0
青紫,exploratory,tip_middle_root_1_2_2,Random Forest,4,86,舌尖,1,three_one_negative,0,0
青紫,exploratory,tip_middle_root_1_2_2,Random Forest,4,86,舌左邊,1,three_one_negative,0,0
青紫,exploratory,tip_middle_root_1_2_2,Random Forest,4,86,舌右邊,1,three_one_negative,0,0
青紫,exploratory,tip_middle_root_1_2_2,Random Forest,4,96,舌尖,1,three_one_negative,0,0
青紫,exploratory,tip_middle_root_1_2_2,Random Forest,4,96,舌左邊,1,three_one_negative,0,0
青紫,exploratory,tip_middle_root_1_2_2,Random Forest,4,96,舌右邊,1,three_one_negative,0,0
青紫,exploratory,tip_middle_root_1_2_2,Random Forest,4,98,舌尖,1,three_one_negative,0,0
青紫,exploratory,tip_middle_root_1_2_2,Random Forest,4,98,舌中,1,three_one_negative,0,0
青紫,exploratory,tip_middle_root_1_2_2,SVM,5,10,舌左邊,1,three_one_negative,0,1
青紫,exploratory,tip_middle_root_1_2_2,SVM,5,10,舌右邊,1,three_one_negative,0,1
青紫,exploratory,tip_middle_root_1_2_2,SVM,5,16,舌中,1,three_one_negative,0,0
青紫,exploratory,tip_middle_root_1_2_2,SVM,5,16,舌左邊,1,three_one_negative,0,0
青紫,exploratory,tip_middle_root_1_2_2,SVM,5,16,舌右邊,1,three_one_negative,0,0
青紫,exploratory,tip_middle_root_1_2_2,SVM,5,19,舌左邊,1,three_one_negative,0,0
青紫,exploratory,tip_middle_root_1_2_2,SVM,5,2,舌尖,1,three_one_negative,0,0
青紫,exploratory,tip_middle_root_1_2_2,SVM,5,2,舌左邊,1,three_one_negative,0,0
青紫,exploratory,tip_middle_root_1_2_2,SVM,5,21,舌尖,1,three_one_negative,0,0
青紫,exploratory,tip_middle_root_1_2_2,SVM,5,35,舌尖,3,three_one_positive,1,0
青紫,exploratory,tip_middle_root_1_2_2,SVM,5,40,舌尖,3,three_one_positive,1,0
青紫,exploratory,tip_middle_root_1_2_2,SVM,5,40,舌中,1,three_one_negative,0,0
青紫,exploratory,tip_middle_root_1_2_2,SVM,5,40,舌左邊,1,three_one_negative,0,0
青紫,exploratory,tip_middle_root_1_2_2,SVM,5,40,舌右邊,1,three_one_negative,0,0
青紫,exploratory,tip_middle_root_1_2_2,SVM,5,42,舌尖,1,three_one_negative,0,0
青紫,exploratory,tip_middle_root_1_2_2,SVM,5,42,舌根,1,three_one_negative,0,0
青紫,exploratory,tip_middle_root_1_2_2,SVM,5,51,舌尖,1,three_one_negative,0,0
青紫,exploratory,tip_middle_root_1_2_2,SVM,5,69,舌尖,1,three_one_negative,0,1
青紫,exploratory,tip_middle_root_1_2_2,SVM,5,69,舌左邊,3,three_one_positive,1,1
青紫,exploratory,tip_middle_root_1_2_2,SVM,5,69,舌右邊,3,three_one_positive,1,1
青紫,exploratory,tip_middle_root_1_2_2,SVM,5,69,舌根,1,three_one_negative,0,0
青紫,exploratory,tip_middle_root_1_2_2,SVM,5,71,舌尖,3,three_one_positive,1,1
青紫,exploratory,tip_middle_root_1_2_2,SVM,5,71,舌左邊,3,three_one_positive,1,1
青紫,exploratory,tip_middle_root_1_2_2,SVM,5,71,舌右邊,3,three_one_positive,1,1
青紫,exploratory,tip_middle_root_1_2_2,SVM,5,71,舌根,1,three_one_negative,0,1
青紫,exploratory,tip_middle_root_1_2_2,SVM,5,73,舌中,3,three_one_positive,1,1
青紫,exploratory,tip_middle_root_1_2_2,SVM,5,73,舌左邊,3,three_one_positive,1,1
青紫,exploratory,tip_middle_root_1_2_2,SVM,5,73,舌右邊,3,three_one_positive,1,1
青紫,exploratory,tip_middle_root_1_2_2,SVM,5,74,舌中,1,three_one_negative,0,0
青紫,exploratory,tip_middle_root_1_2_2,SVM,5,74,舌根,1,three_one_negative,0,0
青紫,exploratory,tip_middle_root_1_2_2,SVM,5,80,舌尖,1,three_one_negative,0,0
青紫,exploratory,tip_middle_root_1_2_2,SVM,5,80,舌左邊,1,three_one_negative,0,0
青紫,exploratory,tip_middle_root_1_2_2,SVM,5,80,舌右邊,1,three_one_negative,0,0
青紫,exploratory,tip_middle_root_1_2_2,SVM,5,93,舌尖,1,three_one_negative,0,0
青紫,exploratory,tip_middle_root_1_2_2,SVM,5,93,舌左邊,1,three_one_negative,0,1
青紫,exploratory,tip_middle_root_1_2_2,SVM,5,93,舌右邊,1,three_one_negative,0,1
青紫,exploratory,tip_middle_root_1_2_2,SVM,5,97,舌中,1,three_one_negative,0,0
青紫,exploratory,tip_middle_root_1_2_2,SVM,5,97,舌左邊,1,three_one_negative,0,1
青紫,exploratory,tip_middle_root_1_2_2,Random Forest,5,10,舌左邊,1,three_one_negative,0,1
青紫,exploratory,tip_middle_root_1_2_2,Random Forest,5,10,舌右邊,1,three_one_negative,0,1
青紫,exploratory,tip_middle_root_1_2_2,Random Forest,5,16,舌中,1,three_one_negative,0,0
青紫,exploratory,tip_middle_root_1_2_2,Random Forest,5,16,舌左邊,1,three_one_negative,0,0
青紫,exploratory,tip_middle_root_1_2_2,Random Forest,5,16,舌右邊,1,three_one_negative,0,0
青紫,exploratory,tip_middle_root_1_2_2,Random Forest,5,19,舌左邊,1,three_one_negative,0,0
青紫,exploratory,tip_middle_root_1_2_2,Random Forest,5,2,舌尖,1,three_one_negative,0,0
青紫,exploratory,tip_middle_root_1_2_2,Random Forest,5,2,舌左邊,1,three_one_negative,0,0
青紫,exploratory,tip_middle_root_1_2_2,Random Forest,5,21,舌尖,1,three_one_negative,0,0
青紫,exploratory,tip_middle_root_1_2_2,Random Forest,5,35,舌尖,3,three_one_positive,1,0
青紫,exploratory,tip_middle_root_1_2_2,Random Forest,5,40,舌尖,3,three_one_positive,1,0
青紫,exploratory,tip_middle_root_1_2_2,Random Forest,5,40,舌中,1,three_one_negative,0,0
青紫,exploratory,tip_middle_root_1_2_2,Random Forest,5,40,舌左邊,1,three_one_negative,0,0
青紫,exploratory,tip_middle_root_1_2_2,Random Forest,5,40,舌右邊,1,three_one_negative,0,0
青紫,exploratory,tip_middle_root_1_2_2,Random Forest,5,42,舌尖,1,three_one_negative,0,0
青紫,exploratory,tip_middle_root_1_2_2,Random Forest,5,42,舌根,1,three_one_negative,0,0
青紫,exploratory,tip_middle_root_1_2_2,Random Forest,5,51,舌尖,1,three_one_negative,0,0
青紫,exploratory,tip_middle_root_1_2_2,Random Forest,5,69,舌尖,1,three_one_negative,0,1
青紫,exploratory,tip_middle_root_1_2_2,Random Forest,5,69,舌左邊,3,three_one_positive,1,1
青紫,exploratory,tip_middle_root_1_2_2,Random Forest,5,69,舌右邊,3,three_one_positive,1,1
青紫,exploratory,tip_middle_root_1_2_2,Random Forest,5,69,舌根,1,three_one_negative,0,1
青紫,exploratory,tip_middle_root_1_2_2,Random Forest,5,71,舌尖,3,three_one_positive,1,1
青紫,exploratory,tip_middle_root_1_2_2,Random Forest,5,71,舌左邊,3,three_one_positive,1,1
青紫,exploratory,tip_middle_root_1_2_2,Random Forest,5,71,舌右邊,3,three_one_positive,1,1
青紫,exploratory,tip_middle_root_1_2_2,Random Forest,5,71,舌根,1,three_one_negative,0,0
青紫,exploratory,tip_middle_root_1_2_2,Random Forest,5,73,舌中,3,three_one_positive,1,1
青紫,exploratory,tip_middle_root_1_2_2,Random Forest,5,73,舌左邊,3,three_one_positive,1,1
青紫,exploratory,tip_middle_root_1_2_2,Random Forest,5,73,舌右邊,3,three_one_positive,1,1
青紫,exploratory,tip_middle_root_1_2_2,Random Forest,5,74,舌中,1,three_one_negative,0,0
青紫,exploratory,tip_middle_root_1_2_2,Random Forest,5,74,舌根,1,three_one_negative,0,0
青紫,exploratory,tip_middle_root_1_2_2,Random Forest,5,80,舌尖,1,three_one_negative,0,0
青紫,exploratory,tip_middle_root_1_2_2,Random Forest,5,80,舌左邊,1,three_one_negative,0,0
青紫,exploratory,tip_middle_root_1_2_2,Random Forest,5,80,舌右邊,1,three_one_negative,0,0
青紫,exploratory,tip_middle_root_1_2_2,Random Forest,5,93,舌尖,1,three_one_negative,0,0
青紫,exploratory,tip_middle_root_1_2_2,Random Forest,5,93,舌左邊,1,three_one_negative,0,0
青紫,exploratory,tip_middle_root_1_2_2,Random Forest,5,93,舌右邊,1,three_one_negative,0,1
青紫,exploratory,tip_middle_root_1_2_2,Random Forest,5,97,舌中,1,three_one_negative,0,0
青紫,exploratory,tip_middle_root_1_2_2,Random Forest,5,97,舌左邊,1,three_one_negative,0,0
青紫,exploratory,tip_middle_root_1_3_1,SVM,1,18,舌尖,1,three_one_negative,0,0
青紫,exploratory,tip_middle_root_1_3_1,SVM,1,18,舌根,1,three_one_negative,0,0
青紫,exploratory,tip_middle_root_1_3_1,SVM,1,24,舌尖,3,three_one_positive,1,0
青紫,exploratory,tip_middle_root_1_3_1,SVM,1,24,舌中,1,three_one_negative,0,0
青紫,exploratory,tip_middle_root_1_3_1,SVM,1,26,舌尖,1,three_one_negative,0,0
青紫,exploratory,tip_middle_root_1_3_1,SVM,1,33,舌尖,1,three_one_negative,0,0
青紫,exploratory,tip_middle_root_1_3_1,SVM,1,33,舌左邊,1,three_one_negative,0,0
青紫,exploratory,tip_middle_root_1_3_1,SVM,1,33,舌右邊,1,three_one_negative,0,0
青紫,exploratory,tip_middle_root_1_3_1,SVM,1,39,舌尖,1,three_one_negative,0,0
青紫,exploratory,tip_middle_root_1_3_1,SVM,1,39,舌中,1,three_one_negative,0,0
青紫,exploratory,tip_middle_root_1_3_1,SVM,1,39,舌左邊,1,three_one_negative,0,0
青紫,exploratory,tip_middle_root_1_3_1,SVM,1,59,舌中,1,three_one_negative,0,0
青紫,exploratory,tip_middle_root_1_3_1,SVM,1,60,舌左邊,1,three_one_negative,0,0
青紫,exploratory,tip_middle_root_1_3_1,SVM,1,60,舌右邊,1,three_one_negative,0,0
青紫,exploratory,tip_middle_root_1_3_1,SVM,1,60,舌根,1,three_one_negative,0,0
青紫,exploratory,tip_middle_root_1_3_1,SVM,1,68,舌尖,3,three_one_positive,1,1
青紫,exploratory,tip_middle_root_1_3_1,SVM,1,68,舌中,3,three_one_positive,1,0
青紫,exploratory,tip_middle_root_1_3_1,SVM,1,68,舌左邊,3,three_one_positive,1,0
青紫,exploratory,tip_middle_root_1_3_1,SVM,1,68,舌右邊,3,three_one_positive,1,0
青紫,exploratory,tip_middle_root_1_3_1,SVM,1,8,舌尖,1,three_one_negative,0,0
青紫,exploratory,tip_middle_root_1_3_1,SVM,1,82,舌中,1,three_one_negative,0,0
青紫,exploratory,tip_middle_root_1_3_1,SVM,1,83,舌尖,3,three_one_positive,1,0
青紫,exploratory,tip_middle_root_1_3_1,SVM,1,85,舌中,1,three_one_negative,0,0
青紫,exploratory,tip_middle_root_1_3_1,SVM,1,85,舌右邊,3,three_one_positive,1,0
青紫,exploratory,tip_middle_root_1_3_1,SVM,1,95,舌中,1,three_one_negative,0,0
青紫,exploratory,tip_middle_root_1_3_1,SVM,1,95,舌左邊,1,three_one_negative,0,1
青紫,exploratory,tip_middle_root_1_3_1,SVM,1,95,舌右邊,1,three_one_negative,0,1
青紫,exploratory,tip_middle_root_1_3_1,Random Forest,1,18,舌尖,1,three_one_negative,0,0
青紫,exploratory,tip_middle_root_1_3_1,Random Forest,1,18,舌根,1,three_one_negative,0,0
青紫,exploratory,tip_middle_root_1_3_1,Random Forest,1,24,舌尖,3,three_one_positive,1,0
青紫,exploratory,tip_middle_root_1_3_1,Random Forest,1,24,舌中,1,three_one_negative,0,0
青紫,exploratory,tip_middle_root_1_3_1,Random Forest,1,26,舌尖,1,three_one_negative,0,0
青紫,exploratory,tip_middle_root_1_3_1,Random Forest,1,33,舌尖,1,three_one_negative,0,0
青紫,exploratory,tip_middle_root_1_3_1,Random Forest,1,33,舌左邊,1,three_one_negative,0,0
青紫,exploratory,tip_middle_root_1_3_1,Random Forest,1,33,舌右邊,1,three_one_negative,0,0
青紫,exploratory,tip_middle_root_1_3_1,Random Forest,1,39,舌尖,1,three_one_negative,0,0
青紫,exploratory,tip_middle_root_1_3_1,Random Forest,1,39,舌中,1,three_one_negative,0,0
青紫,exploratory,tip_middle_root_1_3_1,Random Forest,1,39,舌左邊,1,three_one_negative,0,0
青紫,exploratory,tip_middle_root_1_3_1,Random Forest,1,59,舌中,1,three_one_negative,0,0
青紫,exploratory,tip_middle_root_1_3_1,Random Forest,1,60,舌左邊,1,three_one_negative,0,0
青紫,exploratory,tip_middle_root_1_3_1,Random Forest,1,60,舌右邊,1,three_one_negative,0,0
青紫,exploratory,tip_middle_root_1_3_1,Random Forest,1,60,舌根,1,three_one_negative,0,0
青紫,exploratory,tip_middle_root_1_3_1,Random Forest,1,68,舌尖,3,three_one_positive,1,0
青紫,exploratory,tip_middle_root_1_3_1,Random Forest,1,68,舌中,3,three_one_positive,1,0
青紫,exploratory,tip_middle_root_1_3_1,Random Forest,1,68,舌左邊,3,three_one_positive,1,1
青紫,exploratory,tip_middle_root_1_3_1,Random Forest,1,68,舌右邊,3,three_one_positive,1,0
青紫,exploratory,tip_middle_root_1_3_1,Random Forest,1,8,舌尖,1,three_one_negative,0,0
青紫,exploratory,tip_middle_root_1_3_1,Random Forest,1,82,舌中,1,three_one_negative,0,0
青紫,exploratory,tip_middle_root_1_3_1,Random Forest,1,83,舌尖,3,three_one_positive,1,0
青紫,exploratory,tip_middle_root_1_3_1,Random Forest,1,85,舌中,1,three_one_negative,0,0
青紫,exploratory,tip_middle_root_1_3_1,Random Forest,1,85,舌右邊,3,three_one_positive,1,0
青紫,exploratory,tip_middle_root_1_3_1,Random Forest,1,95,舌中,1,three_one_negative,0,0
青紫,exploratory,tip_middle_root_1_3_1,Random Forest,1,95,舌左邊,1,three_one_negative,0,1
青紫,exploratory,tip_middle_root_1_3_1,Random Forest,1,95,舌右邊,1,three_one_negative,0,0
青紫,exploratory,tip_middle_root_1_3_1,SVM,2,1,舌尖,3,three_one_positive,1,1
青紫,exploratory,tip_middle_root_1_3_1,SVM,2,1,舌中,1,three_one_negative,0,0
青紫,exploratory,tip_middle_root_1_3_1,SVM,2,1,舌右邊,1,three_one_negative,0,0
青紫,exploratory,tip_middle_root_1_3_1,SVM,2,14,舌尖,1,three_one_negative,0,1
青紫,exploratory,tip_middle_root_1_3_1,SVM,2,14,舌中,1,three_one_negative,0,0
青紫,exploratory,tip_middle_root_1_3_1,SVM,2,22,舌中,1,three_one_negative,0,0
青紫,exploratory,tip_middle_root_1_3_1,SVM,2,22,舌右邊,1,three_one_negative,0,0
青紫,exploratory,tip_middle_root_1_3_1,SVM,2,25,舌尖,1,three_one_negative,0,0
青紫,exploratory,tip_middle_root_1_3_1,SVM,2,25,舌右邊,1,three_one_negative,0,0
青紫,exploratory,tip_middle_root_1_3_1,SVM,2,27,舌中,1,three_one_negative,0,0
青紫,exploratory,tip_middle_root_1_3_1,SVM,2,27,舌左邊,1,three_one_negative,0,0
青紫,exploratory,tip_middle_root_1_3_1,SVM,2,27,舌右邊,1,three_one_negative,0,0
青紫,exploratory,tip_middle_root_1_3_1,SVM,2,27,舌根,1,three_one_negative,0,0
青紫,exploratory,tip_middle_root_1_3_1,SVM,2,3,舌尖,1,three_one_negative,0,1
青紫,exploratory,tip_middle_root_1_3_1,SVM,2,3,舌中,1,three_one_negative,0,1
青紫,exploratory,tip_middle_root_1_3_1,SVM,2,3,舌根,3,three_one_positive,1,0
青紫,exploratory,tip_middle_root_1_3_1,SVM,2,37,舌中,3,three_one_positive,1,0
青紫,exploratory,tip_middle_root_1_3_1,SVM,2,37,舌根,1,three_one_negative,0,0
青紫,exploratory,tip_middle_root_1_3_1,SVM,2,38,舌中,1,three_one_negative,0,0
青紫,exploratory,tip_middle_root_1_3_1,SVM,2,38,舌左邊,1,three_one_negative,0,0
青紫,exploratory,tip_middle_root_1_3_1,SVM,2,38,舌右邊,1,three_one_negative,0,0
青紫,exploratory,tip_middle_root_1_3_1,SVM,2,41,舌尖,1,three_one_negative,0,0
青紫,exploratory,tip_middle_root_1_3_1,SVM,2,43,舌中,1,three_one_negative,0,0
青紫,exploratory,tip_middle_root_1_3_1,SVM,2,43,舌右邊,3,three_one_positive,1,0
青紫,exploratory,tip_middle_root_1_3_1,SVM,2,43,舌根,1,three_one_negative,0,0
青紫,exploratory,tip_middle_root_1_3_1,SVM,2,47,舌尖,1,three_one_negative,0,0
青紫,exploratory,tip_middle_root_1_3_1,SVM,2,47,舌中,1,three_one_negative,0,0
青紫,exploratory,tip_middle_root_1_3_1,SVM,2,47,舌左邊,1,three_one_negative,0,0
青紫,exploratory,tip_middle_root_1_3_1,SVM,2,47,舌右邊,1,three_one_negative,0,0
青紫,exploratory,tip_middle_root_1_3_1,SVM,2,53,舌尖,1,three_one_negative,0,0
青紫,exploratory,tip_middle_root_1_3_1,SVM,2,54,舌尖,1,three_one_negative,0,0
青紫,exploratory,tip_middle_root_1_3_1,SVM,2,57,舌尖,3,three_one_positive,1,0
青紫,exploratory,tip_middle_root_1_3_1,SVM,2,57,舌右邊,1,three_one_negative,0,0
青紫,exploratory,tip_middle_root_1_3_1,SVM,2,72,舌中,1,three_one_negative,0,0
青紫,exploratory,tip_middle_root_1_3_1,SVM,2,72,舌左邊,1,three_one_negative,0,1
青紫,exploratory,tip_middle_root_1_3_1,SVM,2,72,舌右邊,1,three_one_negative,0,0
青紫,exploratory,tip_middle_root_1_3_1,SVM,2,91,舌中,1,three_one_negative,0,0
青紫,exploratory,tip_middle_root_1_3_1,SVM,2,91,舌左邊,3,three_one_positive,1,0
青紫,exploratory,tip_middle_root_1_3_1,SVM,2,91,舌右邊,3,three_one_positive,1,0
青紫,exploratory,tip_middle_root_1_3_1,SVM,2,91,舌根,1,three_one_negative,0,0
青紫,exploratory,tip_middle_root_1_3_1,Random Forest,2,1,舌尖,3,three_one_positive,1,0
青紫,exploratory,tip_middle_root_1_3_1,Random Forest,2,1,舌中,1,three_one_negative,0,0
青紫,exploratory,tip_middle_root_1_3_1,Random Forest,2,1,舌右邊,1,three_one_negative,0,0
青紫,exploratory,tip_middle_root_1_3_1,Random Forest,2,14,舌尖,1,three_one_negative,0,1
青紫,exploratory,tip_middle_root_1_3_1,Random Forest,2,14,舌中,1,three_one_negative,0,0
青紫,exploratory,tip_middle_root_1_3_1,Random Forest,2,22,舌中,1,three_one_negative,0,0
青紫,exploratory,tip_middle_root_1_3_1,Random Forest,2,22,舌右邊,1,three_one_negative,0,0
青紫,exploratory,tip_middle_root_1_3_1,Random Forest,2,25,舌尖,1,three_one_negative,0,0
青紫,exploratory,tip_middle_root_1_3_1,Random Forest,2,25,舌右邊,1,three_one_negative,0,0
青紫,exploratory,tip_middle_root_1_3_1,Random Forest,2,27,舌中,1,three_one_negative,0,0
青紫,exploratory,tip_middle_root_1_3_1,Random Forest,2,27,舌左邊,1,three_one_negative,0,0
青紫,exploratory,tip_middle_root_1_3_1,Random Forest,2,27,舌右邊,1,three_one_negative,0,0
青紫,exploratory,tip_middle_root_1_3_1,Random Forest,2,27,舌根,1,three_one_negative,0,0
青紫,exploratory,tip_middle_root_1_3_1,Random Forest,2,3,舌尖,1,three_one_negative,0,0
青紫,exploratory,tip_middle_root_1_3_1,Random Forest,2,3,舌中,1,three_one_negative,0,0
青紫,exploratory,tip_middle_root_1_3_1,Random Forest,2,3,舌根,3,three_one_positive,1,0
青紫,exploratory,tip_middle_root_1_3_1,Random Forest,2,37,舌中,3,three_one_positive,1,0
青紫,exploratory,tip_middle_root_1_3_1,Random Forest,2,37,舌根,1,three_one_negative,0,0
青紫,exploratory,tip_middle_root_1_3_1,Random Forest,2,38,舌中,1,three_one_negative,0,0
青紫,exploratory,tip_middle_root_1_3_1,Random Forest,2,38,舌左邊,1,three_one_negative,0,0
青紫,exploratory,tip_middle_root_1_3_1,Random Forest,2,38,舌右邊,1,three_one_negative,0,0
青紫,exploratory,tip_middle_root_1_3_1,Random Forest,2,41,舌尖,1,three_one_negative,0,0
青紫,exploratory,tip_middle_root_1_3_1,Random Forest,2,43,舌中,1,three_one_negative,0,0
青紫,exploratory,tip_middle_root_1_3_1,Random Forest,2,43,舌右邊,3,three_one_positive,1,0
青紫,exploratory,tip_middle_root_1_3_1,Random Forest,2,43,舌根,1,three_one_negative,0,0
青紫,exploratory,tip_middle_root_1_3_1,Random Forest,2,47,舌尖,1,three_one_negative,0,0
青紫,exploratory,tip_middle_root_1_3_1,Random Forest,2,47,舌中,1,three_one_negative,0,0
青紫,exploratory,tip_middle_root_1_3_1,Random Forest,2,47,舌左邊,1,three_one_negative,0,0
青紫,exploratory,tip_middle_root_1_3_1,Random Forest,2,47,舌右邊,1,three_one_negative,0,0
青紫,exploratory,tip_middle_root_1_3_1,Random Forest,2,53,舌尖,1,three_one_negative,0,0
青紫,exploratory,tip_middle_root_1_3_1,Random Forest,2,54,舌尖,1,three_one_negative,0,0
青紫,exploratory,tip_middle_root_1_3_1,Random Forest,2,57,舌尖,3,three_one_positive,1,0
青紫,exploratory,tip_middle_root_1_3_1,Random Forest,2,57,舌右邊,1,three_one_negative,0,0
青紫,exploratory,tip_middle_root_1_3_1,Random Forest,2,72,舌中,1,three_one_negative,0,0
青紫,exploratory,tip_middle_root_1_3_1,Random Forest,2,72,舌左邊,1,three_one_negative,0,0
青紫,exploratory,tip_middle_root_1_3_1,Random Forest,2,72,舌右邊,1,three_one_negative,0,0
青紫,exploratory,tip_middle_root_1_3_1,Random Forest,2,91,舌中,1,three_one_negative,0,0
青紫,exploratory,tip_middle_root_1_3_1,Random Forest,2,91,舌左邊,3,three_one_positive,1,0
青紫,exploratory,tip_middle_root_1_3_1,Random Forest,2,91,舌右邊,3,three_one_positive,1,0
青紫,exploratory,tip_middle_root_1_3_1,Random Forest,2,91,舌根,1,three_one_negative,0,0
青紫,exploratory,tip_middle_root_1_3_1,SVM,3,17,舌中,1,three_one_negative,0,0
青紫,exploratory,tip_middle_root_1_3_1,SVM,3,20,舌尖,1,three_one_negative,0,0
青紫,exploratory,tip_middle_root_1_3_1,SVM,3,20,舌左邊,1,three_one_negative,0,0
青紫,exploratory,tip_middle_root_1_3_1,SVM,3,20,舌右邊,1,three_one_negative,0,0
青紫,exploratory,tip_middle_root_1_3_1,SVM,3,30,舌左邊,1,three_one_negative,0,0
青紫,exploratory,tip_middle_root_1_3_1,SVM,3,30,舌右邊,1,three_one_negative,0,0
青紫,exploratory,tip_middle_root_1_3_1,SVM,3,32,舌左邊,1,three_one_negative,0,0
青紫,exploratory,tip_middle_root_1_3_1,SVM,3,4,舌尖,1,three_one_negative,0,1
青紫,exploratory,tip_middle_root_1_3_1,SVM,3,4,舌中,1,three_one_negative,0,0
青紫,exploratory,tip_middle_root_1_3_1,SVM,3,45,舌尖,1,three_one_negative,0,0
青紫,exploratory,tip_middle_root_1_3_1,SVM,3,45,舌中,1,three_one_negative,0,0
青紫,exploratory,tip_middle_root_1_3_1,SVM,3,45,舌左邊,1,three_one_negative,0,0
青紫,exploratory,tip_middle_root_1_3_1,SVM,3,45,舌右邊,1,three_one_negative,0,0
青紫,exploratory,tip_middle_root_1_3_1,SVM,3,50,舌中,3,three_one_positive,1,0
青紫,exploratory,tip_middle_root_1_3_1,SVM,3,50,舌左邊,3,three_one_positive,1,0
青紫,exploratory,tip_middle_root_1_3_1,SVM,3,50,舌右邊,3,three_one_positive,1,0
青紫,exploratory,tip_middle_root_1_3_1,SVM,3,50,舌根,1,three_one_negative,0,0
青紫,exploratory,tip_middle_root_1_3_1,SVM,3,56,舌左邊,1,three_one_negative,0,0
青紫,exploratory,tip_middle_root_1_3_1,SVM,3,64,舌根,1,three_one_negative,0,0
青紫,exploratory,tip_middle_root_1_3_1,SVM,3,65,舌尖,1,three_one_negative,0,0
青紫,exploratory,tip_middle_root_1_3_1,SVM,3,65,舌左邊,1,three_one_negative,0,0
青紫,exploratory,tip_middle_root_1_3_1,SVM,3,65,舌右邊,1,three_one_negative,0,0
青紫,exploratory,tip_middle_root_1_3_1,SVM,3,7,舌尖,1,three_one_negative,0,0
青紫,exploratory,tip_middle_root_1_3_1,SVM,3,7,舌中,1,three_one_negative,0,0
青紫,exploratory,tip_middle_root_1_3_1,SVM,3,76,舌左邊,1,three_one_negative,0,0
青紫,exploratory,tip_middle_root_1_3_1,SVM,3,90,舌根,1,three_one_negative,0,0
青紫,exploratory,tip_middle_root_1_3_1,SVM,3,92,舌尖,3,three_one_positive,1,0
青紫,exploratory,tip_middle_root_1_3_1,SVM,3,92,舌根,1,three_one_negative,0,0
青紫,exploratory,tip_middle_root_1_3_1,SVM,3,94,舌尖,3,three_one_positive,1,1
青紫,exploratory,tip_middle_root_1_3_1,SVM,3,94,舌中,3,three_one_positive,1,0
青紫,exploratory,tip_middle_root_1_3_1,SVM,3,94,舌根,3,three_one_positive,1,0
青紫,exploratory,tip_middle_root_1_3_1,Random Forest,3,17,舌中,1,three_one_negative,0,0
青紫,exploratory,tip_middle_root_1_3_1,Random Forest,3,20,舌尖,1,three_one_negative,0,0
青紫,exploratory,tip_middle_root_1_3_1,Random Forest,3,20,舌左邊,1,three_one_negative,0,0
青紫,exploratory,tip_middle_root_1_3_1,Random Forest,3,20,舌右邊,1,three_one_negative,0,0
青紫,exploratory,tip_middle_root_1_3_1,Random Forest,3,30,舌左邊,1,three_one_negative,0,0
青紫,exploratory,tip_middle_root_1_3_1,Random Forest,3,30,舌右邊,1,three_one_negative,0,0
青紫,exploratory,tip_middle_root_1_3_1,Random Forest,3,32,舌左邊,1,three_one_negative,0,0
青紫,exploratory,tip_middle_root_1_3_1,Random Forest,3,4,舌尖,1,three_one_negative,0,0
青紫,exploratory,tip_middle_root_1_3_1,Random Forest,3,4,舌中,1,three_one_negative,0,0
青紫,exploratory,tip_middle_root_1_3_1,Random Forest,3,45,舌尖,1,three_one_negative,0,0
青紫,exploratory,tip_middle_root_1_3_1,Random Forest,3,45,舌中,1,three_one_negative,0,0
青紫,exploratory,tip_middle_root_1_3_1,Random Forest,3,45,舌左邊,1,three_one_negative,0,0
青紫,exploratory,tip_middle_root_1_3_1,Random Forest,3,45,舌右邊,1,three_one_negative,0,0
青紫,exploratory,tip_middle_root_1_3_1,Random Forest,3,50,舌中,3,three_one_positive,1,0
青紫,exploratory,tip_middle_root_1_3_1,Random Forest,3,50,舌左邊,3,three_one_positive,1,0
青紫,exploratory,tip_middle_root_1_3_1,Random Forest,3,50,舌右邊,3,three_one_positive,1,0
青紫,exploratory,tip_middle_root_1_3_1,Random Forest,3,50,舌根,1,three_one_negative,0,0
青紫,exploratory,tip_middle_root_1_3_1,Random Forest,3,56,舌左邊,1,three_one_negative,0,0
青紫,exploratory,tip_middle_root_1_3_1,Random Forest,3,64,舌根,1,three_one_negative,0,0
青紫,exploratory,tip_middle_root_1_3_1,Random Forest,3,65,舌尖,1,three_one_negative,0,0
青紫,exploratory,tip_middle_root_1_3_1,Random Forest,3,65,舌左邊,1,three_one_negative,0,0
青紫,exploratory,tip_middle_root_1_3_1,Random Forest,3,65,舌右邊,1,three_one_negative,0,0
青紫,exploratory,tip_middle_root_1_3_1,Random Forest,3,7,舌尖,1,three_one_negative,0,0
青紫,exploratory,tip_middle_root_1_3_1,Random Forest,3,7,舌中,1,three_one_negative,0,0
青紫,exploratory,tip_middle_root_1_3_1,Random Forest,3,76,舌左邊,1,three_one_negative,0,0
青紫,exploratory,tip_middle_root_1_3_1,Random Forest,3,90,舌根,1,three_one_negative,0,0
青紫,exploratory,tip_middle_root_1_3_1,Random Forest,3,92,舌尖,3,three_one_positive,1,0
青紫,exploratory,tip_middle_root_1_3_1,Random Forest,3,92,舌根,1,three_one_negative,0,0
青紫,exploratory,tip_middle_root_1_3_1,Random Forest,3,94,舌尖,3,three_one_positive,1,0
青紫,exploratory,tip_middle_root_1_3_1,Random Forest,3,94,舌中,3,three_one_positive,1,0
青紫,exploratory,tip_middle_root_1_3_1,Random Forest,3,94,舌根,3,three_one_positive,1,0
青紫,exploratory,tip_middle_root_1_3_1,SVM,4,11,舌左邊,1,three_one_negative,0,1
青紫,exploratory,tip_middle_root_1_3_1,SVM,4,11,舌右邊,1,three_one_negative,0,1
青紫,exploratory,tip_middle_root_1_3_1,SVM,4,12,舌尖,1,three_one_negative,0,0
青紫,exploratory,tip_middle_root_1_3_1,SVM,4,12,舌中,1,three_one_negative,0,0
青紫,exploratory,tip_middle_root_1_3_1,SVM,4,15,舌尖,1,three_one_negative,0,1
青紫,exploratory,tip_middle_root_1_3_1,SVM,4,15,舌中,1,three_one_negative,0,0
青紫,exploratory,tip_middle_root_1_3_1,SVM,4,23,舌尖,1,three_one_negative,0,0
青紫,exploratory,tip_middle_root_1_3_1,SVM,4,46,舌尖,1,three_one_negative,0,0
青紫,exploratory,tip_middle_root_1_3_1,SVM,4,46,舌左邊,1,three_one_negative,0,0
青紫,exploratory,tip_middle_root_1_3_1,SVM,4,49,舌尖,3,three_one_positive,1,0
青紫,exploratory,tip_middle_root_1_3_1,SVM,4,49,舌中,3,three_one_positive,1,0
青紫,exploratory,tip_middle_root_1_3_1,SVM,4,49,舌左邊,3,three_one_positive,1,0
青紫,exploratory,tip_middle_root_1_3_1,SVM,4,49,舌右邊,3,three_one_positive,1,0
青紫,exploratory,tip_middle_root_1_3_1,SVM,4,5,舌尖,1,three_one_negative,0,0
青紫,exploratory,tip_middle_root_1_3_1,SVM,4,5,舌左邊,1,three_one_negative,0,1
青紫,exploratory,tip_middle_root_1_3_1,SVM,4,5,舌右邊,1,three_one_negative,0,0
青紫,exploratory,tip_middle_root_1_3_1,SVM,4,62,舌中,3,three_one_positive,1,0
青紫,exploratory,tip_middle_root_1_3_1,SVM,4,62,舌根,1,three_one_negative,0,0
青紫,exploratory,tip_middle_root_1_3_1,SVM,4,63,舌中,1,three_one_negative,0,0
青紫,exploratory,tip_middle_root_1_3_1,SVM,4,66,舌左邊,1,three_one_negative,0,1
青紫,exploratory,tip_middle_root_1_3_1,SVM,4,66,舌右邊,1,three_one_negative,0,1
青紫,exploratory,tip_middle_root_1_3_1,SVM,4,78,舌中,3,three_one_positive,1,0
青紫,exploratory,tip_middle_root_1_3_1,SVM,4,78,舌左邊,1,three_one_negative,0,0
青紫,exploratory,tip_middle_root_1_3_1,SVM,4,78,舌右邊,1,three_one_negative,0,0
青紫,exploratory,tip_middle_root_1_3_1,SVM,4,78,舌根,1,three_one_negative,0,0
青紫,exploratory,tip_middle_root_1_3_1,SVM,4,84,舌尖,3,three_one_positive,1,0
青紫,exploratory,tip_middle_root_1_3_1,SVM,4,84,舌中,3,three_one_positive,1,0
青紫,exploratory,tip_middle_root_1_3_1,SVM,4,84,舌左邊,3,three_one_positive,1,0
青紫,exploratory,tip_middle_root_1_3_1,SVM,4,84,舌右邊,1,three_one_negative,0,0
青紫,exploratory,tip_middle_root_1_3_1,SVM,4,84,舌根,1,three_one_negative,0,0
青紫,exploratory,tip_middle_root_1_3_1,SVM,4,86,舌尖,1,three_one_negative,0,0
青紫,exploratory,tip_middle_root_1_3_1,SVM,4,86,舌左邊,1,three_one_negative,0,0
青紫,exploratory,tip_middle_root_1_3_1,SVM,4,86,舌右邊,1,three_one_negative,0,1
青紫,exploratory,tip_middle_root_1_3_1,SVM,4,96,舌尖,1,three_one_negative,0,0
青紫,exploratory,tip_middle_root_1_3_1,SVM,4,96,舌左邊,1,three_one_negative,0,0
青紫,exploratory,tip_middle_root_1_3_1,SVM,4,96,舌右邊,1,three_one_negative,0,0
青紫,exploratory,tip_middle_root_1_3_1,SVM,4,98,舌尖,1,three_one_negative,0,1
青紫,exploratory,tip_middle_root_1_3_1,SVM,4,98,舌中,1,three_one_negative,0,0
青紫,exploratory,tip_middle_root_1_3_1,Random Forest,4,11,舌左邊,1,three_one_negative,0,1
青紫,exploratory,tip_middle_root_1_3_1,Random Forest,4,11,舌右邊,1,three_one_negative,0,1
青紫,exploratory,tip_middle_root_1_3_1,Random Forest,4,12,舌尖,1,three_one_negative,0,0
青紫,exploratory,tip_middle_root_1_3_1,Random Forest,4,12,舌中,1,three_one_negative,0,0
青紫,exploratory,tip_middle_root_1_3_1,Random Forest,4,15,舌尖,1,three_one_negative,0,0
青紫,exploratory,tip_middle_root_1_3_1,Random Forest,4,15,舌中,1,three_one_negative,0,0
青紫,exploratory,tip_middle_root_1_3_1,Random Forest,4,23,舌尖,1,three_one_negative,0,0
青紫,exploratory,tip_middle_root_1_3_1,Random Forest,4,46,舌尖,1,three_one_negative,0,0
青紫,exploratory,tip_middle_root_1_3_1,Random Forest,4,46,舌左邊,1,three_one_negative,0,0
青紫,exploratory,tip_middle_root_1_3_1,Random Forest,4,49,舌尖,3,three_one_positive,1,0
青紫,exploratory,tip_middle_root_1_3_1,Random Forest,4,49,舌中,3,three_one_positive,1,0
青紫,exploratory,tip_middle_root_1_3_1,Random Forest,4,49,舌左邊,3,three_one_positive,1,0
青紫,exploratory,tip_middle_root_1_3_1,Random Forest,4,49,舌右邊,3,three_one_positive,1,0
青紫,exploratory,tip_middle_root_1_3_1,Random Forest,4,5,舌尖,1,three_one_negative,0,0
青紫,exploratory,tip_middle_root_1_3_1,Random Forest,4,5,舌左邊,1,three_one_negative,0,0
青紫,exploratory,tip_middle_root_1_3_1,Random Forest,4,5,舌右邊,1,three_one_negative,0,0
青紫,exploratory,tip_middle_root_1_3_1,Random Forest,4,62,舌中,3,three_one_positive,1,0
青紫,exploratory,tip_middle_root_1_3_1,Random Forest,4,62,舌根,1,three_one_negative,0,0
青紫,exploratory,tip_middle_root_1_3_1,Random Forest,4,63,舌中,1,three_one_negative,0,0
青紫,exploratory,tip_middle_root_1_3_1,Random Forest,4,66,舌左邊,1,three_one_negative,0,0
青紫,exploratory,tip_middle_root_1_3_1,Random Forest,4,66,舌右邊,1,three_one_negative,0,0
青紫,exploratory,tip_middle_root_1_3_1,Random Forest,4,78,舌中,3,three_one_positive,1,0
青紫,exploratory,tip_middle_root_1_3_1,Random Forest,4,78,舌左邊,1,three_one_negative,0,0
青紫,exploratory,tip_middle_root_1_3_1,Random Forest,4,78,舌右邊,1,three_one_negative,0,0
青紫,exploratory,tip_middle_root_1_3_1,Random Forest,4,78,舌根,1,three_one_negative,0,0
青紫,exploratory,tip_middle_root_1_3_1,Random Forest,4,84,舌尖,3,three_one_positive,1,1
青紫,exploratory,tip_middle_root_1_3_1,Random Forest,4,84,舌中,3,three_one_positive,1,0
青紫,exploratory,tip_middle_root_1_3_1,Random Forest,4,84,舌左邊,3,three_one_positive,1,0
青紫,exploratory,tip_middle_root_1_3_1,Random Forest,4,84,舌右邊,1,three_one_negative,0,0
青紫,exploratory,tip_middle_root_1_3_1,Random Forest,4,84,舌根,1,three_one_negative,0,0
青紫,exploratory,tip_middle_root_1_3_1,Random Forest,4,86,舌尖,1,three_one_negative,0,0
青紫,exploratory,tip_middle_root_1_3_1,Random Forest,4,86,舌左邊,1,three_one_negative,0,0
青紫,exploratory,tip_middle_root_1_3_1,Random Forest,4,86,舌右邊,1,three_one_negative,0,0
青紫,exploratory,tip_middle_root_1_3_1,Random Forest,4,96,舌尖,1,three_one_negative,0,0
青紫,exploratory,tip_middle_root_1_3_1,Random Forest,4,96,舌左邊,1,three_one_negative,0,0
青紫,exploratory,tip_middle_root_1_3_1,Random Forest,4,96,舌右邊,1,three_one_negative,0,0
青紫,exploratory,tip_middle_root_1_3_1,Random Forest,4,98,舌尖,1,three_one_negative,0,1
青紫,exploratory,tip_middle_root_1_3_1,Random Forest,4,98,舌中,1,three_one_negative,0,0
青紫,exploratory,tip_middle_root_1_3_1,SVM,5,10,舌左邊,1,three_one_negative,0,1
青紫,exploratory,tip_middle_root_1_3_1,SVM,5,10,舌右邊,1,three_one_negative,0,1
青紫,exploratory,tip_middle_root_1_3_1,SVM,5,16,舌中,1,three_one_negative,0,0
青紫,exploratory,tip_middle_root_1_3_1,SVM,5,16,舌左邊,1,three_one_negative,0,0
青紫,exploratory,tip_middle_root_1_3_1,SVM,5,16,舌右邊,1,three_one_negative,0,1
青紫,exploratory,tip_middle_root_1_3_1,SVM,5,19,舌左邊,1,three_one_negative,0,0
青紫,exploratory,tip_middle_root_1_3_1,SVM,5,2,舌尖,1,three_one_negative,0,0
青紫,exploratory,tip_middle_root_1_3_1,SVM,5,2,舌左邊,1,three_one_negative,0,0
青紫,exploratory,tip_middle_root_1_3_1,SVM,5,21,舌尖,1,three_one_negative,0,0
青紫,exploratory,tip_middle_root_1_3_1,SVM,5,35,舌尖,3,three_one_positive,1,0
青紫,exploratory,tip_middle_root_1_3_1,SVM,5,40,舌尖,3,three_one_positive,1,0
青紫,exploratory,tip_middle_root_1_3_1,SVM,5,40,舌中,1,three_one_negative,0,0
青紫,exploratory,tip_middle_root_1_3_1,SVM,5,40,舌左邊,1,three_one_negative,0,0
青紫,exploratory,tip_middle_root_1_3_1,SVM,5,40,舌右邊,1,three_one_negative,0,0
青紫,exploratory,tip_middle_root_1_3_1,SVM,5,42,舌尖,1,three_one_negative,0,0
青紫,exploratory,tip_middle_root_1_3_1,SVM,5,42,舌根,1,three_one_negative,0,0
青紫,exploratory,tip_middle_root_1_3_1,SVM,5,51,舌尖,1,three_one_negative,0,0
青紫,exploratory,tip_middle_root_1_3_1,SVM,5,69,舌尖,1,three_one_negative,0,1
青紫,exploratory,tip_middle_root_1_3_1,SVM,5,69,舌左邊,3,three_one_positive,1,1
青紫,exploratory,tip_middle_root_1_3_1,SVM,5,69,舌右邊,3,three_one_positive,1,1
青紫,exploratory,tip_middle_root_1_3_1,SVM,5,69,舌根,1,three_one_negative,0,0
青紫,exploratory,tip_middle_root_1_3_1,SVM,5,71,舌尖,3,three_one_positive,1,1
青紫,exploratory,tip_middle_root_1_3_1,SVM,5,71,舌左邊,3,three_one_positive,1,1
青紫,exploratory,tip_middle_root_1_3_1,SVM,5,71,舌右邊,3,three_one_positive,1,1
青紫,exploratory,tip_middle_root_1_3_1,SVM,5,71,舌根,1,three_one_negative,0,1
青紫,exploratory,tip_middle_root_1_3_1,SVM,5,73,舌中,3,three_one_positive,1,1
青紫,exploratory,tip_middle_root_1_3_1,SVM,5,73,舌左邊,3,three_one_positive,1,1
青紫,exploratory,tip_middle_root_1_3_1,SVM,5,73,舌右邊,3,three_one_positive,1,1
青紫,exploratory,tip_middle_root_1_3_1,SVM,5,74,舌中,1,three_one_negative,0,0
青紫,exploratory,tip_middle_root_1_3_1,SVM,5,74,舌根,1,three_one_negative,0,0
青紫,exploratory,tip_middle_root_1_3_1,SVM,5,80,舌尖,1,three_one_negative,0,0
青紫,exploratory,tip_middle_root_1_3_1,SVM,5,80,舌左邊,1,three_one_negative,0,0
青紫,exploratory,tip_middle_root_1_3_1,SVM,5,80,舌右邊,1,three_one_negative,0,0
青紫,exploratory,tip_middle_root_1_3_1,SVM,5,93,舌尖,1,three_one_negative,0,0
青紫,exploratory,tip_middle_root_1_3_1,SVM,5,93,舌左邊,1,three_one_negative,0,1
青紫,exploratory,tip_middle_root_1_3_1,SVM,5,93,舌右邊,1,three_one_negative,0,1
青紫,exploratory,tip_middle_root_1_3_1,SVM,5,97,舌中,1,three_one_negative,0,0
青紫,exploratory,tip_middle_root_1_3_1,SVM,5,97,舌左邊,1,three_one_negative,0,1
青紫,exploratory,tip_middle_root_1_3_1,Random Forest,5,10,舌左邊,1,three_one_negative,0,0
青紫,exploratory,tip_middle_root_1_3_1,Random Forest,5,10,舌右邊,1,three_one_negative,0,0
青紫,exploratory,tip_middle_root_1_3_1,Random Forest,5,16,舌中,1,three_one_negative,0,0
青紫,exploratory,tip_middle_root_1_3_1,Random Forest,5,16,舌左邊,1,three_one_negative,0,0
青紫,exploratory,tip_middle_root_1_3_1,Random Forest,5,16,舌右邊,1,three_one_negative,0,0
青紫,exploratory,tip_middle_root_1_3_1,Random Forest,5,19,舌左邊,1,three_one_negative,0,0
青紫,exploratory,tip_middle_root_1_3_1,Random Forest,5,2,舌尖,1,three_one_negative,0,0
青紫,exploratory,tip_middle_root_1_3_1,Random Forest,5,2,舌左邊,1,three_one_negative,0,0
青紫,exploratory,tip_middle_root_1_3_1,Random Forest,5,21,舌尖,1,three_one_negative,0,0
青紫,exploratory,tip_middle_root_1_3_1,Random Forest,5,35,舌尖,3,three_one_positive,1,0
青紫,exploratory,tip_middle_root_1_3_1,Random Forest,5,40,舌尖,3,three_one_positive,1,0
青紫,exploratory,tip_middle_root_1_3_1,Random Forest,5,40,舌中,1,three_one_negative,0,0
青紫,exploratory,tip_middle_root_1_3_1,Random Forest,5,40,舌左邊,1,three_one_negative,0,0
青紫,exploratory,tip_middle_root_1_3_1,Random Forest,5,40,舌右邊,1,three_one_negative,0,0
青紫,exploratory,tip_middle_root_1_3_1,Random Forest,5,42,舌尖,1,three_one_negative,0,0
青紫,exploratory,tip_middle_root_1_3_1,Random Forest,5,42,舌根,1,three_one_negative,0,0
青紫,exploratory,tip_middle_root_1_3_1,Random Forest,5,51,舌尖,1,three_one_negative,0,0
青紫,exploratory,tip_middle_root_1_3_1,Random Forest,5,69,舌尖,1,three_one_negative,0,1
青紫,exploratory,tip_middle_root_1_3_1,Random Forest,5,69,舌左邊,3,three_one_positive,1,1
青紫,exploratory,tip_middle_root_1_3_1,Random Forest,5,69,舌右邊,3,three_one_positive,1,1
青紫,exploratory,tip_middle_root_1_3_1,Random Forest,5,69,舌根,1,three_one_negative,0,0
青紫,exploratory,tip_middle_root_1_3_1,Random Forest,5,71,舌尖,3,three_one_positive,1,1
青紫,exploratory,tip_middle_root_1_3_1,Random Forest,5,71,舌左邊,3,three_one_positive,1,1
青紫,exploratory,tip_middle_root_1_3_1,Random Forest,5,71,舌右邊,3,three_one_positive,1,1
青紫,exploratory,tip_middle_root_1_3_1,Random Forest,5,71,舌根,1,three_one_negative,0,1
青紫,exploratory,tip_middle_root_1_3_1,Random Forest,5,73,舌中,3,three_one_positive,1,1
青紫,exploratory,tip_middle_root_1_3_1,Random Forest,5,73,舌左邊,3,three_one_positive,1,1
青紫,exploratory,tip_middle_root_1_3_1,Random Forest,5,73,舌右邊,3,three_one_positive,1,1
青紫,exploratory,tip_middle_root_1_3_1,Random Forest,5,74,舌中,1,three_one_negative,0,0
青紫,exploratory,tip_middle_root_1_3_1,Random Forest,5,74,舌根,1,three_one_negative,0,0
青紫,exploratory,tip_middle_root_1_3_1,Random Forest,5,80,舌尖,1,three_one_negative,0,0
青紫,exploratory,tip_middle_root_1_3_1,Random Forest,5,80,舌左邊,1,three_one_negative,0,0
青紫,exploratory,tip_middle_root_1_3_1,Random Forest,5,80,舌右邊,1,three_one_negative,0,0
青紫,exploratory,tip_middle_root_1_3_1,Random Forest,5,93,舌尖,1,three_one_negative,0,0
青紫,exploratory,tip_middle_root_1_3_1,Random Forest,5,93,舌左邊,1,three_one_negative,0,0
青紫,exploratory,tip_middle_root_1_3_1,Random Forest,5,93,舌右邊,1,three_one_negative,0,0
青紫,exploratory,tip_middle_root_1_3_1,Random Forest,5,97,舌中,1,three_one_negative,0,0
青紫,exploratory,tip_middle_root_1_3_1,Random Forest,5,97,舌左邊,1,three_one_negative,0,0
