segmentation_method,image_id,region,pixel_count,R_mean,R_std,G_mean,G_std,B_mean,B_std,H_mean,H_std,S_mean,S_std,V_mean,V_std,Lab_L_mean,Lab_L_std,Lab_a_mean,Lab_a_std,Lab_b_mean,Lab_b_std,R_hist_0,R_hist_1,R_hist_2,R_hist_3,R_hist_4,R_hist_5,R_hist_6,R_hist_7,G_hist_0,G_hist_1,G_hist_2,G_hist_3,G_hist_4,G_hist_5,G_hist_6,G_hist_7,B_hist_0,B_hist_1,B_hist_2,B_hist_3,B_hist_4,B_hist_5,B_hist_6,B_hist_7,H_hist_0,H_hist_1,H_hist_2,H_hist_3,H_hist_4,H_hist_5,H_hist_6,H_hist_7,S_hist_0,S_hist_1,S_hist_2,S_hist_3,S_hist_4,S_hist_5,S_hist_6,S_hist_7,V_hist_0,V_hist_1,V_hist_2,V_hist_3,V_hist_4,V_hist_5,V_hist_6,V_hist_7,Lab_L_hist_0,Lab_L_hist_1,Lab_L_hist_2,Lab_L_hist_3,Lab_L_hist_4,Lab_L_hist_5,Lab_L_hist_6,Lab_L_hist_7,Lab_a_hist_0,Lab_a_hist_1,Lab_a_hist_2,Lab_a_hist_3,Lab_a_hist_4,Lab_a_hist_5,Lab_a_hist_6,Lab_a_hist_7,Lab_b_hist_0,Lab_b_hist_1,Lab_b_hist_2,Lab_b_hist_3,Lab_b_hist_4,Lab_b_hist_5,Lab_b_hist_6,Lab_b_hist_7
tip_middle_root_1_3_1,10,舌尖,108549,131.71617126464844,10.945695877075195,85.67415618896484,12.983203887939453,103.65390014648438,12.703193664550781,167.67251586914062,6.4662580490112305,89.3507080078125,19.34212875366211,131.71636962890625,10.94597053527832,107.19681549072266,11.727314949035645,149.87144470214844,4.540338516235352,125.74285888671875,2.2557361125946045,0.0,0.0,0.0002303107352439912,0.3206478180360943,0.6789836847875154,0.00013818644114639472,0.0,0.0,0.0,0.044053837437470635,0.7227058747662346,0.23237431943177736,0.0008659683645174069,0.0,0.0,0.0,0.0,6.448700586831753e-05,0.2508820901159845,0.7248800081069379,0.024173414771209316,0.0,0.0,0.0,0.0012344655409077929,0.0,0.0,0.0,0.0,0.0,0.002275470064210633,0.9964900643948815,5.527457645855788e-05,0.09369040709725562,0.5345235792130743,0.34937217293572487,0.022349353748076905,9.212429409759648e-06,0.0,0.0,0.0,0.0,0.0002303107352439912,0.3206478180360943,0.6789836847875154,0.00013818644114639472,0.0,0.0,0.0,0.0,0.1591723553418272,0.8068522049949792,0.03397543966319358,0.0,0.0,0.0,0.0,0.0,0.0,0.0,0.9890187841435665,0.0109812158564335,0.0,0.0,0.0,0.0,0.0,0.7920017687864467,0.20799823121355332,0.0,0.0,0.0
tip_middle_root_1_3_1,10,舌中,428972,136.7095947265625,8.660123825073242,110.40067291259766,12.769171714782715,125.42936706542969,12.101091384887695,162.48251342773438,4.22424840927124,49.718666076660156,13.15461540222168,136.71218872070312,8.662939071655273,126.30172729492188,11.712313652038574,141.10023498535156,2.620086908340454,123.75199890136719,1.4664393663406372,0.0,0.0,0.0003496731721417715,0.12670290834833042,0.8729124511623136,3.496731721417715e-05,0.0,0.0,0.0,0.005214792573874285,0.10703029568363437,0.829932955997128,0.057821955745363335,0.0,0.0,0.0,0.0,8.392156131402515e-05,0.02576158816892478,0.4754296317708382,0.4987201961899611,4.662308961890287e-06,0.0,0.0,0.0001561873502233246,0.0,0.0,0.0,0.0,0.0,0.10560829145025782,0.8942355211995189,0.03756655446043099,0.8338889251512919,0.12004746230523204,0.008350195350745503,0.00014686273229954402,0.0,0.0,0.0,0.0,0.0,0.0003496731721417715,0.12669824603936855,0.8729124511623136,3.9629626176067435e-05,0.0,0.0,0.0,2.3311544809451434e-06,0.020425575562041345,0.4575123784302938,0.5220597148531839,0.0,0.0,0.0,0.0,0.0,0.0,0.0,1.0,0.0,0.0,0.0,0.0,0.0,0.0,0.985551504527102,0.014448495472897997,0.0,0.0,0.0
tip_middle_root_1_3_1,10,舌左邊,163154,133.7675018310547,9.70097541809082,97.4966812133789,20.29931640625,115.02175903320312,19.388269424438477,164.1641387939453,4.801016330718994,70.79898071289062,27.84069061279297,133.77713012695312,9.72077751159668,116.27125549316406,17.25425148010254,145.75033569335938,5.4525861740112305,124.24251556396484,2.2593607902526855,0.0,0.0,0.0,0.26060041433247116,0.7377569658114419,0.0016303614989519105,1.225835713497677e-05,0.0,0.0,0.06124275224634394,0.34628633070595877,0.5607095137109724,0.03168785319391495,7.355014280986063e-05,0.0,0.0,0.0,0.0009745393922306533,0.19712051190899396,0.48912070804270813,0.31183421797810656,0.0009316351422582346,1.8387535702465157e-05,0.0,0.0,0.0,0.0,0.0,0.0,0.0,0.11199235078514777,0.8880076492148522,0.0177317135957439,0.48562094708067227,0.265945058043321,0.2111869767213798,0.019080132880591343,0.00043517167829167536,0.0,0.0,0.0,0.0,0.0,0.26060041433247116,0.7375301862044449,0.0018510119273814924,1.8387535702465157e-05,0.0,0.0,0.0,0.16393713914461183,0.5252460865194847,0.31027127744339705,0.0005454968925064663,0.0,0.0,0.0,0.0,0.0,0.0,0.99736445321598,0.0026355467840200055,0.0,0.0,0.0,0.0,0.0,0.9135847113769813,0.08641528862301874,0.0,0.0,0.0
tip_middle_root_1_3_1,10,舌右邊,130946,130.9552764892578,11.006803512573242,88.1109619140625,19.663557052612305,103.24683380126953,21.190000534057617,167.40663146972656,11.780834197998047,84.93119049072266,27.90859603881836,130.95584106445312,11.007746696472168,108.4958724975586,17.065948486328125,148.19921875,5.238046646118164,126.88703918457031,3.7005696296691895,0.0,0.0,0.002932506529409069,0.33586363844638245,0.6598826997388236,0.001321155285384815,0.0,0.0,0.00043529393795915876,0.11596383241947063,0.5016495349227926,0.37124463519313305,0.010706703526644571,0.0,0.0,0.0,0.0004276572022054893,0.022161807157148748,0.34369892932964735,0.48963694958227055,0.14389137507063982,0.00018328165808806682,0.0,0.0,0.004062743420952148,0.0,0.0,0.0,0.0,0.0,0.035839200891970735,0.9600980556870771,0.0017640859590976434,0.3009102989018374,0.2844149496739114,0.3607517602675912,0.05170070105234219,0.0004582041452201671,0.0,0.0,0.0,0.0,0.002932506529409069,0.33586363844638245,0.6598826997388236,0.001321155285384815,0.0,0.0,0.0,0.0022528370473324883,0.24410062163029034,0.6007590915339147,0.15285690284544773,3.054694301467781e-05,0.0,0.0,0.0,0.0,0.0,0.0,0.9977853466314358,0.002214653368564141,0.0,0.0,0.0,0.0,0.0,0.6236769355306767,0.37632306446932323,0.0,0.0,0.0
tip_middle_root_1_3_1,10,舌根,217187,89.42506408691406,29.699270248413086,64.01311492919922,25.78615379333496,76.24493408203125,28.75973129272461,165.2753448486328,3.9306437969207764,77.2694091796875,22.487995147705078,89.42607879638672,29.700414657592773,76.3694076538086,30.069974899291992,141.187744140625,4.012028217315674,125.14505767822266,2.0576751232147217,0.04479549880978143,0.18103293475208002,0.2612679396096451,0.46870208622063014,0.044196936280716616,4.604327146652424e-06,0.0,0.0,0.14710825233554495,0.31055726171455933,0.43333164508004623,0.10895679759838296,4.604327146652424e-05,0.0,0.0,0.0,0.09529575895426522,0.22292310313232375,0.37395424219681656,0.30226026419629165,0.005566631520302781,0.0,0.0,0.0,0.0,0.0,0.0,0.0,0.0,0.0,0.018735007159728714,0.9812649928402712,0.0012431683295961544,0.32066836412860805,0.4482312477266135,0.21374207480189883,0.01611054068613683,4.604327146652424e-06,0.0,0.0,0.04479549880978143,0.18103293475208002,0.2612679396096451,0.46863762564057704,0.04426139686076975,4.604327146652424e-06,0.0,0.0,0.10600081957023211,0.21505430803869477,0.35793118372646615,0.31460906960361346,0.006404619060993521,0.0,0.0,0.0,0.0,0.0,0.0,0.0,0.9999493524013868,5.0647598613176665e-05,0.0,0.0,0.0,0.0,0.0,0.8723634471676481,0.12763655283235184,0.0,0.0,0.0
tip_middle_root_1_3_1,11,舌尖,85645,130.38726806640625,19.250722885131836,87.98481750488281,16.618240356445312,105.02533721923828,15.615602493286133,165.18577575683594,15.652506828308105,84.31765747070312,17.971580505371094,131.1428985595703,18.078893661499023,108.26026153564453,16.857826232910156,148.2915802001953,4.303820610046387,125.48870086669922,4.264529705047607,0.0,3.50283145542647e-05,0.05782007122423959,0.3273279234047522,0.5894331251094634,0.025383851946990485,0.0,0.0,0.0,0.05688598283612587,0.6152840212505108,0.32336972386012025,0.004460272053243038,0.0,0.0,0.0,0.0,0.0007355946056395587,0.3020491564014245,0.6055928542238309,0.0916107186642536,1.1676104851421566e-05,0.0,0.0,0.006083250627590636,0.0,0.0,0.0,0.0,0.021040340942261662,0.07838169186759297,0.8944947165625547,0.00024519820187985286,0.1174849670150038,0.6117111331659758,0.2593496409597758,0.011197384552513281,1.1676104851421566e-05,0.0,0.0,0.0,0.0,0.030229435460330432,0.35305038239243386,0.5913363302002452,0.025383851946990485,0.0,0.0,0.0,0.0009340883881137253,0.2472181680191488,0.6005954813474225,0.1512172339307607,3.50283145542647e-05,0.0,0.0,0.0,0.0,0.0,0.0,0.9965321968591278,0.003467803140872205,0.0,0.0,0.0,0.0,0.0,0.6721700040866367,0.3278299959133633,0.0,0.0,0.0
tip_middle_root_1_3_1,11,舌中,357845,139.3933563232422,15.252257347106934,102.1865005493164,19.069644927978516,120.6359634399414,17.80474281311035,164.7157745361328,3.279844284057617,69.37399291992188,18.662811279296875,139.40057373046875,15.234930992126465,121.22484588623047,17.85451889038086,146.08973693847656,3.808518171310425,123.71836853027344,1.801194190979004,0.0,0.0,0.0043678128798781595,0.20274420489318,0.7234305355670752,0.06945744665986671,0.0,0.0,0.0,0.01745448448350543,0.34284955776942533,0.5454121197725272,0.09428383797454205,0.0,0.0,0.0,0.0,1.117802400480655e-05,0.09741089018988669,0.5191549413852367,0.38197264178624823,0.00145034861462365,0.0,0.0,0.0,0.0,0.0,0.0,0.0,0.0,0.03313725216224902,0.966862747837751,0.002705081809163185,0.40893403568584163,0.49391775768838464,0.0930095432379941,0.00143358157861644,0.0,0.0,0.0,0.0,0.0,0.0041777864717964484,0.20293423130126173,0.7234305355670752,0.06945744665986671,0.0,0.0,0.0,0.00011736925205046877,0.09730469896184102,0.502723246098171,0.39836521398929703,0.0014894716986404728,0.0,0.0,0.0,0.0,0.0,0.0,0.9999608769159832,3.912308401682293e-05,0.0,0.0,0.0,0.0,0.0,0.9839735080831086,0.016026491916891393,0.0,0.0,0.0
tip_middle_root_1_3_1,11,舌左邊,111627,126.83757781982422,12.87274169921875,75.58036041259766,17.524471282958984,93.20919036865234,17.765783309936523,169.21006774902344,3.0216550827026367,104.23938751220703,24.713516235351562,126.83757781982422,12.87274169921875,98.52320098876953,15.752678871154785,152.23216247558594,4.847644805908203,127.226318359375,2.9798998832702637,0.0,0.0,0.00857319465720659,0.5078789181828769,0.47475073234970033,0.008734445967373486,6.270884284268143e-05,0.0,5.375043672229837e-05,0.2694688561011225,0.5883433219561576,0.1376100764152042,0.004523995090793446,0.0,0.0,0.0,0.0,0.02709022010803838,0.5581355765182259,0.37362824406281636,0.04071595581714101,0.000430003493778387,0.0,0.0,0.0,0.0,0.0,0.0,0.0,0.0,0.001746889193474697,0.9982531108065253,0.0002329185591299596,0.06966952439821907,0.2866152454155357,0.4431992259937112,0.19946787067644925,0.0008152149569548585,0.0,0.0,0.0,0.0,0.00857319465720659,0.5078789181828769,0.47475073234970033,0.008734445967373486,6.270884284268143e-05,0.0,0.0,0.0054198357028317524,0.46142958244869076,0.48262517132951704,0.05007749021294131,0.0004479203060191531,0.0,0.0,0.0,0.0,0.0,0.0,0.9729276967042024,0.02707230329579761,0.0,0.0,0.0,0.0,0.0,0.5601780931136732,0.4398219068863268,0.0,0.0,0.0
tip_middle_root_1_3_1,11,舌右邊,135100,120.07725524902344,13.776577949523926,75.20785522460938,16.183149337768555,93.11422729492188,16.88991355895996,167.39669799804688,5.606756210327148,96.52548217773438,20.994081497192383,120.09446716308594,13.748042106628418,95.89157104492188,15.551900863647461,149.79522705078125,3.6494479179382324,125.66767120361328,2.948129177093506,0.0,0.0,0.03464100666173205,0.6800962250185049,0.27999259807549964,0.005085122131754256,0.0001850481125092524,0.0,0.00025906735751295336,0.22820873427091043,0.6629755736491488,0.10490747594374537,0.0034863064396743154,0.00016284233900814213,0.0,0.0,0.0,0.04145817912657291,0.5301850481125092,0.4014655810510733,0.025706883789785345,0.0011324944485566247,5.1813471502590674e-05,0.0,0.0005773501110288675,0.0,0.0,0.0,0.0,0.00011102886750555144,0.022050333086602515,0.9772612879348631,7.401924500370096e-06,0.05900814211695041,0.41711324944485567,0.45552923760177644,0.06666173205033309,0.001680236861584012,0.0,0.0,0.0,0.0,0.033515914137675795,0.6812213175425611,0.27999259807549964,0.005085122131754256,0.0001850481125092524,0.0,0.0,0.011147298297557364,0.4931680236861584,0.4648260547742413,0.029718726868985936,0.0011324944485566247,7.401924500370096e-06,0.0,0.0,0.0,0.0,0.0,0.9992894152479644,0.0007105847520355292,0.0,0.0,0.0,0.0,0.0,0.7527905255366395,0.24720947446336047,0.0,0.0,0.0
tip_middle_root_1_3_1,11,舌根,184719,89.75309753417969,27.888900756835938,60.20358657836914,25.132774353027344,69.61776733398438,27.154422760009766,170.5225830078125,3.885870933532715,89.307373046875,25.864524841308594,89.75309753417969,27.888900756835938,73.4052505493164,28.50807762145996,142.60133361816406,3.858844041824341,127.68258666992188,1.9441471099853516,0.0008770077793838208,0.21467201533139527,0.32456866916776295,0.3732913235779752,0.08626616644741472,0.0003248176960680818,0.0,0.0,0.138913701351783,0.42953892128043136,0.3291864940801975,0.10092085816835301,0.0014400251192351627,0.0,0.0,0.0,0.08245497214688256,0.35611929471250925,0.36429387339688934,0.18766342390333426,0.009463022212116782,5.413628267801363e-06,0.0,0.0,0.0001894769893730477,0.0,0.0,0.0,0.0,0.0,0.00015158159149843817,0.9996589414191285,0.00033023132433588313,0.16854248886145984,0.45067913966619566,0.29284480751844694,0.08169706418939038,0.005830477644422068,7.579079574921909e-05,0.0,0.0008770077793838208,0.21467201533139527,0.32456866916776295,0.3732913235779752,0.08626616644741472,0.0003248176960680818,0.0,0.0,0.07484341080235385,0.31037954947785557,0.3686247760111304,0.22768637768718974,0.018455058764934848,1.0827256535602726e-05,0.0,0.0,0.0,0.0,0.0,0.0,0.999453223544952,0.0005467764550479377,0.0,0.0,0.0,0.0,0.0,0.507576372760788,0.492423627239212,0.0,0.0,0.0
tip_middle_root_1_3_1,13,舌尖,145598,159.60598754882812,12.003689765930176,98.62535095214844,16.607576370239258,109.2352294921875,17.245220184326172,172.11436462402344,19.957910537719727,97.8941879272461,19.71401023864746,159.60598754882812,12.003689765930176,124.54313659667969,13.933065414428711,154.12918090820312,5.297324180603027,132.69935607910156,3.231834888458252,0.0,0.0,0.0,0.012582590420198079,0.4574376021648649,0.5141554142227228,0.015426036071924065,0.00039835712029011387,0.0,0.0011057844201156609,0.513605956125771,0.4227461915685655,0.05708869627330046,0.005158037885135785,0.00029533372711163615,0.0,0.0,6.868226211898514e-05,0.1961634088380335,0.6650778170029809,0.12406763829173478,0.014024917924696768,0.0005837992280113738,1.373645242379703e-05,0.013770793554856523,0.0,0.0,0.0,0.0,0.0,0.0,0.9862292064451434,7.555048833088367e-05,0.0513537273863652,0.37340485446228655,0.5287091855657358,0.04614761191774612,0.00030907017953543317,0.0,0.0,0.0,0.0,0.0,0.012582590420198079,0.4574376021648649,0.5141554142227228,0.015426036071924065,0.00039835712029011387,0.0,0.0,0.006277558757675243,0.6859572246871523,0.2792071319660984,0.02746603662138216,0.001078311515268067,1.373645242379703e-05,0.0,0.0,0.0,0.0,0.8571477630187228,0.14285223698127722,0.0,0.0,0.0,0.0,0.0,0.03502795368068243,0.9649720463193175,0.0,0.0,0.0
tip_middle_root_1_3_1,13,舌中,347964,154.79869079589844,10.86024284362793,114.16285705566406,13.834514617919922,123.32361602783203,13.529356002807617,172.73397827148438,10.595294952392578,67.4288330078125,13.103130340576172,154.79869079589844,10.86024284362793,133.56285095214844,12.594327926635742,145.49136352539062,3.299938678741455,129.29017639160156,1.52358078956604,0.0,0.0,0.0,0.013760044142497499,0.6466502281845249,0.3380148521111379,0.0015748755618397304,0.0,0.0,0.00029025991194491386,0.08977078088537895,0.7387775746916347,0.17014978561000563,0.0010115989010357393,0.0,0.0,0.0,0.0,0.027916681035969237,0.5795340897334207,0.3885919233024106,0.003931441183570714,2.5864744628754698e-05,0.0,0.003621064248025658,0.0,0.0,0.0,0.0,0.0,0.0,0.9963789357519743,7.184651285765194e-05,0.4146003609568806,0.5572214367003483,0.027887942430826176,0.0002184133990872619,0.0,0.0,0.0,0.0,0.0,0.0,0.013760044142497499,0.6466502281845249,0.3380148521111379,0.0015748755618397304,0.0,0.0,0.0,0.0036095688059684336,0.29714855559770553,0.6871802830177834,0.012018484670828018,4.310790771459117e-05,0.0,0.0,0.0,0.0,0.0,0.999126346403651,0.0008736535963490476,0.0,0.0,0.0,0.0,0.0,0.10224620937798164,0.8977537906220183,0.0,0.0,0.0
tip_middle_root_1_3_1,13,舌左邊,157938,143.8922882080078,13.333113670349121,93.783203125,14.886756896972656,104.0011215209961,14.978185653686523,173.61196899414062,5.5113606452941895,89.42091369628906,15.83711051940918,143.8922882080078,13.333113670349121,115.99493408203125,14.004621505737305,149.96902465820312,3.5839860439300537,130.70346069335938,2.078674793243408,0.0,0.0,0.002488318200812977,0.08896529017715812,0.7952234421101951,0.11031544023604199,0.0028808773062847445,0.00012663196950702174,0.0,0.017595512163000673,0.538160544010941,0.42920006584862413,0.01322670921500842,0.0017158631868201446,0.00010130557560561739,0.0,0.0,0.003849611873013461,0.26480644303460854,0.6758474844559258,0.05238131418657954,0.002754245336777723,0.00034823791614430977,1.2663196950702174e-05,0.000943408172827312,0.0,0.0,0.0,0.0,0.0,0.0,0.9990565918271727,5.0652787802808695e-05,0.042136787853461484,0.6305702237586901,0.31929617951348,0.007939824488090262,6.331598475351087e-06,0.0,0.0,0.0,0.0,0.002488318200812977,0.08896529017715812,0.7952234421101951,0.11031544023604199,0.0028808773062847445,0.00012663196950702174,0.0,0.001095366536235738,0.0608276665526979,0.753219617824716,0.1804758829414074,0.0037483062974078434,0.0006268282490597576,6.331598475351087e-06,0.0,0.0,0.0,0.0,0.9940229710392686,0.005977028960731426,0.0,0.0,0.0,0.0,0.0,0.027276526231812485,0.9727234737681875,0.0,0.0,0.0
tip_middle_root_1_3_1,13,舌右邊,152731,145.82472229003906,11.521681785583496,96.06404876708984,13.47831916809082,104.90372467041016,14.66649055480957,168.60580444335938,30.919071197509766,87.68934631347656,14.987648963928223,145.82472229003906,11.521681785583496,118.08238220214844,12.485835075378418,149.5706329345703,3.598147392272949,131.38897705078125,2.3580093383789062,0.0,0.0,4.583221480904335e-05,0.06283596650319843,0.8411848282274064,0.09508875081024808,0.000805337488787476,3.928475555060859e-05,0.0,0.00388919079951025,0.4682611912447375,0.5157237234091311,0.011562813050395793,0.0005499865777085202,1.3094918516869528e-05,0.0,0.0,0.0021213767997328636,0.24458688805808906,0.6993603132304509,0.0527725216229842,0.0010803307776417362,7.856951110121718e-05,0.0,0.033437874432826344,0.0,0.0,0.0,0.0,0.0,0.0,0.9665621255671737,0.0,0.04457510263142388,0.6882820121651793,0.2604906665968271,0.006540911799176329,0.00011130680739339099,0.0,0.0,0.0,0.0,4.583221480904335e-05,0.06283596650319843,0.8411848282274064,0.09508875081024808,0.000805337488787476,3.928475555060859e-05,0.0,0.0,0.03511402400298564,0.7550595491419555,0.2076985025960676,0.002023164910856342,0.00010475934813495622,0.0,0.0,0.0,0.0,0.0,0.9934132559860146,0.006586744013985373,0.0,0.0,0.0,0.0,0.0,0.0042558485179825965,0.9957441514820174,0.0,0.0,0.0
tip_middle_root_1_3_1,13,舌根,150693,93.41860961914062,29.19874382019043,60.99168014526367,25.493314743041992,64.70004272460938,26.13536834716797,158.5052490234375,53.03715515136719,95.25173950195312,23.213808059692383,93.41860961914062,29.19874382019043,74.64046478271484,29.340749740600586,142.87095642089844,2.609508752822876,131.65806579589844,1.365188479423523,0.013358284724572475,0.1748123668650833,0.2896285826149854,0.40024420510574477,0.12159158023265845,0.0003649804569555321,0.0,0.0,0.15051130444015315,0.3694863065968559,0.38541272653673364,0.09409196180313618,0.0004844286065046153,1.3272016616564804e-05,0.0,0.0,0.13066300359008048,0.332550284352956,0.40693993748880175,0.12901063752131817,0.0008295010385353002,6.636008308282402e-06,0.0,0.0,0.1014778390502545,0.0,0.0,0.0,0.0,0.0,0.0,0.8985221609497455,1.9908024924847207e-05,0.05239792160219785,0.49542447227143926,0.3454307764793321,0.10370090183352909,0.002972931722110516,4.6452058157976815e-05,6.636008308282402e-06,0.013358284724572475,0.1748123668650833,0.2896285826149854,0.40024420510574477,0.12159158023265845,0.0003649804569555321,0.0,0.0,0.08713742509605622,0.27181753631555544,0.3620340692666547,0.2658517648464096,0.013106116408857744,5.308806646625922e-05,0.0,0.0,0.0,0.0,0.0,0.0,1.0,0.0,0.0,0.0,0.0,0.0,0.0,0.0015395539275215172,0.9984604460724785,0.0,0.0,0.0
tip_middle_root_1_3_1,17,舌尖,123238,200.2984161376953,14.378543853759766,150.00022888183594,22.01957130432129,175.85691833496094,22.014585494995117,163.40521240234375,8.661731719970703,64.83374786376953,17.754167556762695,200.29904174804688,14.380138397216797,172.191650390625,18.39295196533203,151.02188110351562,4.827827453613281,122.03199768066406,2.97220778465271,0.0,0.0,8.114380304776124e-06,8.114380304776124e-05,0.006694363751440302,0.2309028059527094,0.7293367305538876,0.03297684155861017,0.0,8.925818335253737e-05,0.0060046414255343315,0.1543273990165371,0.4728330547396095,0.3521235333257599,0.013908047842386277,0.0007140654668202989,0.0,3.2457521219104496e-05,0.0006653791849916421,0.01932845388597673,0.2156802285009494,0.49753322838734804,0.25945731024521657,0.007302942274298512,0.002109738879241792,0.0,0.0,0.0,0.0,0.0,0.06510978756552362,0.9327804735552346,0.0041383339554358235,0.5125286031905744,0.4315227446079943,0.051493857414109286,0.00031646083188626887,0.0,0.0,0.0,0.0,0.0,8.114380304776124e-06,8.114380304776124e-05,0.006694363751440302,0.2309028059527094,0.7293367305538876,0.03297684155861017,0.0,8.114380304776124e-06,0.00012171570457164187,0.009980687774874633,0.23194956101202552,0.6061847806683004,0.1495723721579383,0.0021827683019847773,0.0,0.0,0.0,0.0,0.9499991885619695,0.05000081143803048,0.0,0.0,0.0,0.0,0.0,0.9586004316850322,0.041399568314967786,0.0,0.0,0.0
tip_middle_root_1_3_1,17,舌中,326314,206.2582244873047,12.292043685913086,176.03768920898438,18.39763832092285,194.70730590820312,15.668487548828125,161.2457733154297,6.981391906738281,37.765628814697266,14.174824714660645,206.2620849609375,12.293490409851074,191.1780548095703,15.207503318786621,142.11798095703125,4.9500837326049805,122.64424896240234,2.3622517585754395,0.0,0.0,0.0,6.741972455977985e-05,0.002378077557199507,0.11723677194358807,0.8322505316964641,0.048067199078188495,0.0,0.0,0.0005209705988710261,0.011651354217103772,0.17488676550806892,0.5975839222344123,0.21535698744154402,0.0,0.0,0.0,3.983892814896082e-05,0.0013606526229337386,0.027041438614340788,0.32752195737847595,0.641268839216215,0.0027672732398855092,0.0011798451797961473,0.0,0.0,0.0,0.0,0.0,0.15509294728390446,0.8437272075362994,0.34882659033936636,0.6063270346966418,0.04394540228123832,0.0008917790839498152,9.193598803606343e-06,0.0,0.0,0.0,0.0,0.0,0.0,6.741972455977985e-05,0.002378077557199507,0.117230642877719,0.8322413380976605,0.04808252174286117,0.0,0.0,2.1451730541748133e-05,0.000931618012098776,0.03442696298657122,0.40482786518506714,0.5596695207683396,0.0001225813173814179,0.0,0.0,0.0,0.0,0.9995188683292779,0.0004811316707220653,0.0,0.0,0.0,0.0,0.0,0.9699706417744871,0.03002935822551285,0.0,0.0,0.0
tip_middle_root_1_3_1,17,舌左邊,150574,204.19334411621094,13.573731422424316,153.38475036621094,23.05074691772461,177.6505126953125,23.5927677154541,164.76148986816406,5.018924236297607,64.31498718261719,18.656278610229492,204.19679260253906,13.578922271728516,175.41793823242188,18.921152114868164,150.86880493164062,5.1187744140625,122.96151733398438,2.959805727005005,0.0,0.0,0.0,6.64125280592931e-06,0.0011821429994554173,0.18315246988191852,0.7373716577895254,0.07828708807629471,0.0,0.0,0.0020853533810618035,0.1483390226732371,0.4322857863907448,0.3752905548102594,0.04199928274469696,0.0,0.0,0.0,2.656501122371724e-05,0.015865952953365122,0.22458060488530557,0.4418558316840889,0.312570563311063,0.00510048215495371,0.00020587883698380862,0.0,0.0,0.0,0.0,0.0,0.048328396668747595,0.9514657244942686,0.024041335157464105,0.4998870987022992,0.41311913079283274,0.06291922908337429,3.3206264029646555e-05,0.0,0.0,0.0,0.0,0.0,0.0,6.64125280592931e-06,0.0011821429994554173,0.18315246988191852,0.7371857027109594,0.07847304315486073,0.0,0.0,6.64125280592931e-06,0.003141312577204564,0.2217381486843678,0.5489725981909227,0.22547053276130008,0.0006707665333988604,0.0,0.0,0.0,0.0,0.9471223451591908,0.05287765484080917,0.0,0.0,0.0,0.0,0.0,0.8989201322937559,0.10107986770624411,0.0,0.0,0.0
tip_middle_root_1_3_1,17,舌右邊,136065,199.48745727539062,15.955300331115723,154.7410125732422,25.823793411254883,177.8719940185547,24.973167419433594,163.62876892089844,3.918766975402832,58.369632720947266,21.060630798339844,199.48748779296875,15.95532512664795,175.01870727539062,21.433866500854492,148.48196411132812,5.723969459533691,122.6368179321289,2.3583667278289795,0.0,0.0,0.0,0.0,0.007812442582589204,0.30436923529195603,0.6335280931907544,0.05429022893470033,0.0,7.349428581927755e-06,0.02059309888656157,0.13468562819240804,0.3651490096644986,0.4339984566199978,0.045566457207952084,0.0,0.0,0.0,0.00010289200014698857,0.03964281777091831,0.18481608054973725,0.4417815014882593,0.32984235475691764,0.003814353434020505,0.0,0.0,0.0,0.0,0.0,0.0,0.04733766949619667,0.9526623305038033,0.027479513467827878,0.6606474846580679,0.22864072318377246,0.08185793554551134,0.0013743431448204901,0.0,0.0,0.0,0.0,0.0,0.0,0.0,0.007812442582589204,0.30436923529195603,0.6335280931907544,0.05429022893470033,0.0,0.0,2.2048285745783266e-05,0.023393231176276043,0.20242531143203615,0.5268511373240731,0.24711718663873883,0.00019108514313012162,0.0,0.0,0.0,0.0,0.9376694961966707,0.062330503803329294,0.0,0.0,0.0,0.0,0.0,0.9442619336346599,0.055738066365340094,0.0,0.0,0.0
tip_middle_root_1_3_1,17,舌根,130141,149.19729614257812,40.8977165222168,122.27800750732422,42.866455078125,135.05499267578125,42.939178466796875,162.40016174316406,21.671045303344727,51.04232406616211,27.509172439575195,149.2096405029297,40.91133499145508,137.17405700683594,42.65227508544922,140.83897399902344,5.658321380615234,125.13204193115234,2.6609954833984375,0.0,0.04020254954241938,0.07973659338717237,0.17185975211501373,0.22588577004940796,0.33147893438654996,0.15079798065175465,3.84198676819757e-05,0.020278006162546776,0.0846082326092469,0.17158312906770348,0.2345071883572433,0.2738107129959044,0.18688960435220262,0.02832312645515249,0.0,0.007522610092130843,0.05903596868012387,0.14405145188679971,0.17988182048701024,0.28801838006469904,0.23615155869403187,0.08528442228044966,5.3787814754765986e-05,0.016251604029475723,0.0,0.0,0.0,0.0,0.0,0.11967020385581792,0.8640781921147064,0.28521372972391484,0.43873183700755336,0.20562313183393396,0.053395932104409835,0.017035369330188028,0.0,0.0,0.0,0.0,0.04020254954241938,0.07973659338717237,0.17185975211501373,0.22586271812879877,0.33134062286289484,0.15090555628126417,9.220768243674169e-05,0.008137327975042455,0.05980436603376338,0.11768005470989158,0.18048117042284906,0.28625875012486457,0.2625767436856947,0.08506158704789421,0.0,0.0,0.0,0.0,0.0,0.9997617968203717,0.00023820317962824935,0.0,0.0,0.0,0.0,0.0,0.7983725344049916,0.2016274655950085,0.0,0.0,0.0
tip_middle_root_1_3_1,19,舌尖,333052,196.54542541503906,13.674581527709961,146.0358428955078,15.67663288116455,158.38172912597656,15.097596168518066,171.83651733398438,11.013167381286621,65.87845611572266,11.2247953414917,196.5492706298828,13.667470932006836,167.4828643798828,13.9478178024292,148.93295288085938,3.3268702030181885,129.12979125976562,2.1657748222351074,0.0,0.0,0.0,0.0,0.007260127547650217,0.3063155303075796,0.6846618546052868,0.001762487539483324,0.0,0.0,0.00027623314077081056,0.12828927614906982,0.6602452469884582,0.2109160131150691,0.0002732306066319974,0.0,0.0,0.0,9.007602416439475e-06,0.02286129493292339,0.48859637534078765,0.48296362129637416,0.005569700827498409,0.0,0.004047416019120138,0.0,0.0,0.0,0.0,0.0,0.003684109388323745,0.9922684745925561,9.908362658083423e-05,0.43358094231531413,0.5598104800451581,0.006509494012946928,0.0,0.0,0.0,0.0,0.0,0.0,0.0,0.0,0.007242112342817338,0.3063335455124125,0.6846618546052868,0.001762487539483324,0.0,0.0,0.0,0.002161824579945474,0.2867209925176849,0.6841484212675498,0.026968761634819788,0.0,0.0,0.0,0.0,0.0,0.9989521155855542,0.0010478844144457921,0.0,0.0,0.0,0.0,0.0,0.15915232456193026,0.8408476754380697,0.0,0.0,0.0
tip_middle_root_1_3_1,19,舌中,787101,204.1650390625,8.519067764282227,164.36981201171875,12.832620620727539,168.3129425048828,11.431478500366211,133.64170837402344,74.45321655273438,50.739173889160156,9.773581504821777,204.1650390625,8.519067764282227,181.5377960205078,10.584274291992188,143.26914978027344,3.5715115070343018,131.64988708496094,2.154794454574585,0.0,0.0,0.0,0.0,2.540969964464535e-06,0.08318881566660441,0.9140491499820227,0.002759493381408485,0.0,0.0,2.540969964464535e-06,0.006596358027749933,0.31668235715619725,0.6722720464082754,0.004446697437812936,0.0,0.0,0.0,0.0,0.0014305660899935333,0.20680827492278628,0.7822769885948563,0.009484170392363878,0.0,0.24285701580864463,0.0,0.0,0.0,0.0,0.0,0.0,0.7571429841913554,0.0043310833044298,0.8920341862099019,0.10317608540708245,0.0004586450785858486,0.0,0.0,0.0,0.0,0.0,0.0,0.0,0.0,2.540969964464535e-06,0.08318881566660441,0.9140491499820227,0.002759493381408485,0.0,0.0,0.0,7.622909893393605e-06,0.03233003134286451,0.797186129861352,0.17047494540090788,1.2704849822322675e-06,0.0,0.0,0.0,0.0,0.9998831153816347,0.00011688461836536861,0.0,0.0,0.0,0.0,0.0,0.023545898175710615,0.9764541018242894,0.0,0.0,0.0
tip_middle_root_1_3_1,19,舌左邊,378415,194.28494262695312,10.60336971282959,147.5806884765625,14.512407302856445,158.2556610107422,14.279025077819824,172.51214599609375,10.129239082336426,61.59530258178711,11.737927436828613,194.28494262695312,10.60336971282959,167.8539581298828,12.373664855957031,147.2364501953125,3.56874942779541,129.40695190429688,1.75411856174469,0.0,0.0,0.0,0.0,0.003834414597730005,0.37637514369144986,0.6186250545036533,0.0011653872071667349,0.0,0.0,0.00020348030601323943,0.060275094803324394,0.7129606384524926,0.22558830913150907,0.0009698347052838815,2.642601376795317e-06,0.0,0.0,1.0570405507181269e-05,0.0090852635334223,0.5512149359829817,0.431967548855093,0.007565767741764993,0.00015591348123092372,0.003371959356790825,0.0,0.0,0.0,0.0,0.0,3.6996419275134444e-05,0.9965910442239341,0.0010887517672396707,0.5672264577249845,0.428442318618448,0.0032424718893278542,0.0,0.0,0.0,0.0,0.0,0.0,0.0,0.0,0.003834414597730005,0.37637514369144986,0.6186250545036533,0.0011653872071667349,0.0,0.0,0.0,0.0020268752560020083,0.26693445027284857,0.7033706380561024,0.027591400975119907,7.66354399270642e-05,0.0,0.0,0.0,0.0,0.9983906557615316,0.0016093442384683483,0.0,0.0,0.0,0.0,0.0,0.1107804923166365,0.8892195076833636,0.0,0.0,0.0
tip_middle_root_1_3_1,19,舌右邊,347319,200.1702117919922,11.974295616149902,157.59661865234375,15.27505874633789,165.59596252441406,14.8706636428833,171.1428680419922,22.58343505859375,54.50736618041992,12.24783706665039,200.1702117919922,11.974295616149902,176.10606384277344,13.099571228027344,145.06539916992188,3.7914373874664307,130.07044982910156,1.9383212327957153,0.0,0.0,0.0,0.0,0.006342872114684196,0.19770009702895608,0.7808700359035929,0.015086994952766764,0.0,0.0,0.00037429567630909913,0.023059492858150576,0.5405808493056815,0.42619321142811073,0.009789271534237977,2.8791975100699933e-06,0.0,0.0,8.63759253020998e-06,0.009702895608935877,0.33802354607723734,0.6171185567158721,0.03500816252494105,0.00013820148048335968,0.01731549382556094,0.0,0.0,0.0,0.0,0.0,0.0,0.982684506174439,0.014217477304725628,0.7275386604245665,0.25720447196957263,0.0010393903011352676,0.0,0.0,0.0,0.0,0.0,0.0,0.0,0.0,0.006342872114684196,0.19770009702895608,0.7808700359035929,0.015086994952766764,0.0,0.0,0.0,0.0028331303499088733,0.0840149833438424,0.7925019938442758,0.1204195566611674,0.00023033580080559945,0.0,0.0,0.0,0.0,0.9997466306191138,0.0002533693808861594,0.0,0.0,0.0,0.0,0.0,0.07203464250444117,0.9279653574955589,0.0,0.0,0.0
tip_middle_root_1_3_1,19,舌根,313820,155.5046844482422,41.96318435668945,123.43094635009766,39.382320404052734,123.5537338256836,37.75865936279297,92.04166412353516,85.43327331542969,60.76889419555664,16.33136749267578,155.5046844482422,41.96318435668945,138.69078063964844,40.9146728515625,140.5332489013672,3.3656229972839355,132.68222045898438,3.176676034927368,0.000280415524823147,0.04649799247976547,0.07402969855331082,0.11107322669045949,0.16793703396851697,0.4311962271365751,0.168985405646549,0.0,0.021859664775986234,0.09032247785354662,0.11836084379580651,0.1926422790134472,0.40395768274807214,0.17283474603275764,2.2305780383659424e-05,0.0,0.017873303167420813,0.08638072780574851,0.1201198139060608,0.18106876553438278,0.46928175387164617,0.12526607609457652,9.559620164425467e-06,0.0,0.48736218214262955,0.0,0.0,0.0,0.0,0.0,0.0,0.5126378178573705,0.0008030080938117392,0.6401089796698745,0.31502453635842204,0.04356000254923204,0.0005034733286597413,0.0,0.0,0.0,0.000280415524823147,0.04649799247976547,0.07402969855331082,0.11107322669045949,0.16793703396851697,0.4311962271365751,0.168985405646549,0.0,0.012829010260658977,0.0658020521317953,0.09533490535976037,0.12964756866993818,0.293378369766108,0.39464979924797655,0.008358294563762667,0.0,0.0,0.0,0.0,0.0,1.0,0.0,0.0,0.0,0.0,0.0,0.0,0.02600216684723727,0.9739978331527628,0.0,0.0,0.0
tip_middle_root_1_3_1,2,舌尖,85333,150.89132690429688,7.028225421905518,101.8710708618164,13.165401458740234,107.44181823730469,13.377012252807617,175.22683715820312,14.675544738769531,83.13164520263672,18.562475204467773,150.89132690429688,7.028225421905518,123.65056610107422,10.645484924316406,148.60435485839844,4.5080485343933105,133.03558349609375,2.5541560649871826,0.0,0.0,0.0,0.007500029296989442,0.9046910339493514,0.0878089367536592,0.0,0.0,0.0,0.0028007921905944945,0.2920089531599733,0.6936355220137579,0.011554732635674358,0.0,0.0,0.0,0.0,0.0004687518310618401,0.18182883526888777,0.7682022195399201,0.04950019336013031,0.0,0.0,0.0,0.006914089508162141,0.0,0.0,0.0,0.0,0.0,0.0,0.9930859104918378,0.0,0.16870378399915625,0.550631057152567,0.27532138797417177,0.005343770874104977,0.0,0.0,0.0,0.0,0.0,0.0,0.007500029296989442,0.9046910339493514,0.0878089367536592,0.0,0.0,0.0,0.0,0.012796924987988234,0.6200297657412724,0.3666576822565713,0.0005156270141680241,0.0,0.0,0.0,0.0,0.0,0.0,0.9978906167602217,0.0021093832397782804,0.0,0.0,0.0,0.0,0.0,0.0010195352325595023,0.9989804647674405,0.0,0.0,0.0
tip_middle_root_1_3_1,2,舌中,260096,154.42181396484375,8.318145751953125,123.396484375,14.521333694458008,121.51768493652344,12.366501808166504,77.90769958496094,84.42593383789062,57.97123336791992,13.89628791809082,154.42181396484375,8.318145751953125,139.41627502441406,12.376562118530273,139.7781524658203,4.041919231414795,133.6162567138672,3.297590732574463,0.0,0.0,0.0,0.0053749384842519685,0.719603531003937,0.275021530511811,0.0,0.0,0.0,0.0017416646161417322,0.03387210875984252,0.5442067544291339,0.42010257750984253,7.689468503937008e-05,0.0,0.0,0.0,0.0006574495570866142,0.028124231053149606,0.622435562253937,0.3487827571358268,0.0,0.0,0.0,0.5758681409940944,0.0,0.0,0.0,0.0,0.0,0.0,0.4241318590059055,0.0025951956200787403,0.7002414493110236,0.282468780757874,0.013229730561023622,0.0013495017224409449,0.00011534202755905512,0.0,0.0,0.0,0.0,0.0,0.0053749384842519685,0.719603531003937,0.275021530511811,0.0,0.0,0.0,0.0,0.00419076033464567,0.1557386503444882,0.8121962659940944,0.027874323326771654,0.0,0.0,0.0,0.0,0.0,0.0,0.999630905511811,0.00036909448818897637,0.0,0.0,0.0,0.0,0.0,0.0012726070374015747,0.9987273929625984,0.0,0.0,0.0
tip_middle_root_1_3_1,2,舌左邊,113234,146.90969848632812,11.851418495178223,92.75917053222656,16.227264404296875,93.64846801757812,16.956989288330078,93.67980194091797,87.98497772216797,97.23201751708984,21.039159774780273,146.90969848632812,11.851418495178223,115.85738372802734,14.109203338623047,150.34861755371094,5.657622337341309,136.99061584472656,2.9588303565979004,0.0,2.6493809279898265e-05,0.0018457353798329123,0.07311408234275925,0.83855555751806,0.086458130950068,0.0,0.0,9.714396735962697e-05,0.049649398590529345,0.4671035201441263,0.47793065686984476,0.005157461539820195,6.181888831976262e-05,0.0,0.0,0.00025610682303901653,0.06182771958952258,0.40841973258915165,0.5250278184997439,0.004442128689262942,2.6493809279898265e-05,0.0,0.0,0.47819559496264374,0.0,0.0,0.0,0.0,0.0,0.0,0.5218044050373563,0.0001413003161594574,0.048483670982213824,0.4234947100694138,0.4483812282529982,0.07870427610081777,0.0007948142783969479,0.0,0.0,0.0,2.6493809279898265e-05,0.0018457353798329123,0.07311408234275925,0.83855555751806,0.086458130950068,0.0,0.0,8.831269759966088e-06,0.0016514474451136585,0.09580161435611212,0.7042054506596959,0.19816486214387904,0.00016779412543935568,0.0,0.0,0.0,0.0,0.0,0.0,0.9904710599289966,0.00952894007100341,0.0,0.0,0.0,0.0,0.0,0.0,1.0,0.0,0.0,0.0
tip_middle_root_1_3_1,2,舌右邊,107603,131.22048950195312,25.29306411743164,87.1078109741211,26.90848731994629,89.36225128173828,28.90024185180664,111.08438110351562,85.09603118896484,91.49209594726562,30.523052215576172,131.22048950195312,25.29306411743164,106.53683471679688,27.25154685974121,146.7255859375,4.632185935974121,134.47601318359375,3.4505226612091064,0.009609397507504438,0.00624517903775917,0.06638290753975261,0.2756149921470591,0.6189790247483806,0.023168499019544066,0.0,0.0,0.026318968801985074,0.18618440006319525,0.33144057321821885,0.439532355045863,0.016523702870737806,0.0,0.0,0.0,0.02790814382498629,0.18930698958207484,0.29266842002546395,0.4381662221313532,0.05195022443612167,0.0,0.0,0.0,0.3740602027824503,0.0,0.0,0.0,0.0,0.0,0.0,0.6259397972175497,0.0,0.1638894826352425,0.47542354767060396,0.21498471232214716,0.12101893069895821,0.017685380519130506,0.00532513034023215,0.001672815813685492,0.009609397507504438,0.00624517903775917,0.06638290753975261,0.2756149921470591,0.6189790247483806,0.023168499019544066,0.0,0.0,0.014144587046829549,0.0475358493722294,0.27692536453444605,0.3870245253385129,0.2743696737079821,0.0,0.0,0.0,0.0,0.0,0.0,0.0,0.99980483815507,0.00019516184492997406,0.0,0.0,0.0,0.0,0.0,4.646710593570811e-05,0.9999535328940643,0.0,0.0,0.0
tip_middle_root_1_3_1,2,舌根,99793,102.27495574951172,29.35603904724121,71.48942565917969,32.28720474243164,63.394927978515625,27.801820755004883,14.159059524536133,35.686424255371094,104.01171112060547,29.430564880371094,102.27495574951172,29.35603904724121,84.79911041259766,33.17083740234375,140.2269744873047,4.884206771850586,138.31915283203125,2.5017993450164795,0.0008718046355956831,0.09398454801438978,0.3526199232411091,0.32061367029751586,0.2253765294158909,0.006533524395498682,0.0,0.0,0.11026825528844708,0.3418877075546381,0.28740492820137686,0.21266020662771937,0.04777890232781858,0.0,0.0,0.0,0.13458859839868528,0.40638120910284287,0.3030573286703476,0.15224514745523232,0.003727716372891886,0.0,0.0,0.0,0.95572835770044,0.0,0.0,0.0,0.0,0.0,0.0,0.04427164229956009,0.0,0.06361167616967121,0.39291333059433026,0.31017205615624344,0.2009960618480254,0.03180583808483561,0.0005010371468940708,0.0,0.0008718046355956831,0.09398454801438978,0.3526199232411091,0.32061367029751586,0.2253765294158909,0.006533524395498682,0.0,0.0,0.034561542392753,0.2767628992013468,0.30217550329181403,0.2536049622719028,0.13265459501167418,0.00024049783050915396,0.0,0.0,0.0,0.0,0.0,0.0,1.0,0.0,0.0,0.0,0.0,0.0,0.0,0.0,1.0,0.0,0.0,0.0
tip_middle_root_1_3_1,20,舌尖,201404,194.48448181152344,7.0360331535339355,146.35748291015625,11.397581100463867,161.18556213378906,12.900717735290527,170.3149871826172,3.28236985206604,63.23191833496094,10.969832420349121,194.48451232910156,7.036088466644287,167.4127655029297,9.319954872131348,148.47203063964844,2.9142165184020996,127.41764831542969,2.7648098468780518,0.0,0.0,0.0,0.0,0.0,0.333657722786042,0.6660542988222676,0.00028797839169033385,0.0,0.0,0.0,0.03423963774304383,0.8552610673075013,0.10994816388949574,0.0005511310599590872,0.0,0.0,0.0,0.0,6.454688089610931e-05,0.4407906496395305,0.5449891759845882,0.014155627494985204,0.0,0.0,0.0,0.0,0.0,0.0,0.0,0.00022343151079422455,0.9997765684892058,0.001524299418085043,0.5339566244960379,0.46451907608587717,0.0,0.0,0.0,0.0,0.0,0.0,0.0,0.0,0.0,0.0,0.333657722786042,0.6660542988222676,0.00028797839169033385,0.0,0.0,0.0,0.0,0.2040575162360231,0.7799298921570574,0.016012591606919424,0.0,0.0,0.0,0.0,0.0,1.0,0.0,0.0,0.0,0.0,0.0,0.0,0.4913705785386586,0.5086294214613414,0.0,0.0,0.0
tip_middle_root_1_3_1,20,舌中,601426,191.12307739257812,5.865832805633545,160.35630798339844,9.41940975189209,176.22450256347656,8.725985527038574,164.13026428222656,3.4279074668884277,41.14582824707031,8.8054780960083,191.12744140625,5.8717780113220215,176.38636779785156,7.757054805755615,141.99813842773438,2.736046552658081,124.1033935546875,1.4054821729660034,0.0,0.0,0.0,0.0,1.8289864422223184e-05,0.49841875808495145,0.5015629520506264,0.0,0.0,0.0,0.0,0.0006002400960384153,0.4549770046522764,0.544331305929574,9.144932211111591e-05,0.0,0.0,0.0,0.0,8.978660716364108e-05,0.02598989734397914,0.9350094608480511,0.03891085520080608,0.0,6.65085978989934e-06,0.0,0.0,0.0,0.0,0.0,0.03408731913818159,0.9659060300020285,0.15054719948921397,0.8463568252785879,0.0030959752321981426,0.0,0.0,0.0,0.0,0.0,0.0,0.0,0.0,0.0,1.8289864422223184e-05,0.49837386478136964,0.5016078453542082,0.0,0.0,0.0,0.0,1.662714947474835e-06,0.017170857262572618,0.9658212315397073,0.01700624848277261,0.0,0.0,0.0,0.0,0.0,1.0,0.0,0.0,0.0,0.0,0.0,0.0,0.9842524267324658,0.01574757326753416,0.0,0.0,0.0
tip_middle_root_1_3_1,20,舌左邊,273959,189.94561767578125,8.778329849243164,152.18724060058594,11.380955696105957,164.4623260498047,12.61575698852539,169.92196655273438,2.995054006576538,50.8690185546875,8.63144302368164,189.94561767578125,8.778329849243164,170.03863525390625,10.065637588500977,144.10203552246094,2.2007579803466797,127.14717102050781,1.8557326793670654,0.0,0.0,0.0,0.0,0.0073587653627002585,0.5542836701842246,0.4383575644530751,0.0,0.0,0.0,0.0,0.024959939260984308,0.7014297759883779,0.27361028475063787,0.0,0.0,0.0,0.0,0.0,0.0008650929518650601,0.34625984180114544,0.6497432097503641,0.0031318554966254073,0.0,0.0,0.0,0.0,0.0,0.0,0.0,0.0005986297219656956,0.9994013702780343,0.00456272653937268,0.918538905456656,0.0768983680039714,0.0,0.0,0.0,0.0,0.0,0.0,0.0,0.0,0.0,0.0073587653627002585,0.5542836701842246,0.4383575644530751,0.0,0.0,0.0,0.0,1.4600724925992576e-05,0.14987279118408228,0.8459185498560003,0.004194058234991367,0.0,0.0,0.0,0.0,0.0,1.0,0.0,0.0,0.0,0.0,0.0,0.0,0.5764183691720294,0.4235816308279706,0.0,0.0,0.0
tip_middle_root_1_3_1,20,舌右邊,229455,188.59625244140625,11.078519821166992,148.6798095703125,13.965313911437988,161.07003784179688,15.567221641540527,170.21473693847656,6.959950923919678,54.37064743041992,9.059722900390625,188.59625244140625,11.078519821166992,167.23220825195312,12.7078857421875,145.01953125,1.9683805704116821,127.4176254272461,1.9853914976119995,0.0,0.0,0.0,0.0013379529755289709,0.01520123771545619,0.47598003965919244,0.5074807696498224,0.0,0.0,5.2297836177028176e-05,0.004671940031814517,0.05871739556775838,0.6825085528752914,0.2540498136889586,0.0,0.0,0.0,0.0,0.0026759059510579417,0.02221786406920747,0.3756030594234164,0.599084787866902,0.0004183826894162254,0.0,0.0013989671177355037,0.0,0.0,0.0,0.0,0.0,0.002545161360615371,0.9960558715216491,0.00047503867860800594,0.8530082151184328,0.14393236146521105,0.0025843847377481424,0.0,0.0,0.0,0.0,0.0,0.0,0.0,0.0013379529755289709,0.01520123771545619,0.47598003965919244,0.5074807696498224,0.0,0.0,0.0,0.0008803469089799742,0.008302281493103223,0.26263537512802076,0.7277854045455536,0.00039659192434246364,0.0,0.0,0.0,0.0,0.0,1.0,0.0,0.0,0.0,0.0,0.0,0.0,0.5341395916410625,0.4658604083589375,0.0,0.0,0.0
tip_middle_root_1_3_1,20,舌根,310413,132.99200439453125,49.972618103027344,107.13650512695312,46.665096282958984,111.75238037109375,48.879966735839844,146.4978790283203,62.53608322143555,57.65707015991211,22.902196884155273,132.99449157714844,49.97620391845703,120.1709213256836,50.211246490478516,139.14358520507812,2.9631400108337402,129.4668426513672,2.220101833343506,0.015998041319145784,0.13830928472712162,0.10769201032173266,0.1108941957972121,0.18788517233492155,0.42792666544249114,0.011259193397183752,3.5436660191422395e-05,0.10010212201164255,0.1452774207265804,0.10758570034115839,0.18499547377203918,0.3876706194650353,0.07419148038258706,0.00012563906795140666,5.15442330057053e-05,0.08953555424547296,0.1475034872895143,0.10796583905957546,0.14100569241623256,0.35180549783675297,0.1618166764922861,0.0002899363106570923,7.731634950855795e-05,0.1573194421625383,1.2886058251426325e-05,3.221514562856581e-06,3.221514562856581e-06,7.731634950855795e-05,8.375937863427112e-05,0.0017879405823854027,0.8407122124395563,0.07918804946957762,0.5869051876049005,0.24754117900989972,0.08541201560501654,0.0009535683106055481,0.0,0.0,0.0,0.015998041319145784,0.13830928472712162,0.10769201032173266,0.1108941957972121,0.18788517233492155,0.42788800726773685,0.011255971882620895,7.731634950855795e-05,0.07302851362539585,0.13058087129082868,0.10056602010869391,0.11821347688402226,0.2929065470840461,0.28434698289053617,0.00028671479609423576,7.087332038284479e-05,0.0,0.0,0.0,5.15442330057053e-05,0.9999484557669943,0.0,0.0,0.0,0.0,0.0,0.0,0.18882907610183852,0.8111709238981615,0.0,0.0,0.0
tip_middle_root_1_3_1,23,舌尖,291939,187.59690856933594,12.25480842590332,138.32025146484375,10.88582706451416,148.9980926513672,10.51515007019043,172.69790649414062,10.925338745117188,67.03968811035156,7.325456619262695,187.59690856933594,12.25480842590332,159.67034912109375,10.464747428894043,148.39341735839844,2.311349391937256,129.832275390625,2.035029649734497,0.0,0.0,0.0,0.0,0.004617402950616396,0.5916304433460414,0.4037521537033421,0.0,0.0,0.0,0.0,0.16243119281767768,0.8276729042710977,0.009895902911224604,0.0,0.0,0.0,0.0,0.0,0.027132380394534476,0.8033424790795337,0.1695251405259318,0.0,0.0,0.0038775223591229675,0.0,0.0,0.0,0.0,0.0,4.1104477305190467e-05,0.9960813731635718,0.0,0.32061834835359443,0.6785595621003018,0.0008220895461038093,0.0,0.0,0.0,0.0,0.0,0.0,0.0,0.0,0.004617402950616396,0.5916304433460414,0.4037521537033421,0.0,0.0,0.0,0.0,1.712686554382936e-05,0.5052356827967487,0.49474719033770753,0.0,0.0,0.0,0.0,0.0,0.0,1.0,0.0,0.0,0.0,0.0,0.0,0.0,0.11162605886846225,0.8883739411315378,0.0,0.0,0.0
tip_middle_root_1_3_1,23,舌中,729640,201.92701721191406,8.401372909545898,155.99534606933594,11.631031036376953,164.3435821533203,10.850117683410645,170.9889373779297,24.69764518737793,58.23814392089844,9.0536470413208,201.92701721191406,8.401372909545898,175.48374938964844,9.86098861694336,146.3722381591797,2.919717788696289,130.38267517089844,1.5685237646102905,0.0,0.0,0.0,0.0,2.741077791787731e-06,0.11231566251850228,0.8876720026314346,9.593772271257058e-06,0.0,0.0,0.0,0.028862178608628913,0.5061770188037936,0.46496080258757744,0.0,0.0,0.0,0.0,0.0,0.004488514884052409,0.26873526670686915,0.7267679951757031,8.223233375363192e-06,0.0,0.020519708349322954,0.0,0.0,0.0,0.0,0.0,0.0,0.9794802916506771,2.741077791787731e-06,0.7520366207992983,0.24765911956581327,0.0003015185570966504,0.0,0.0,0.0,0.0,0.0,0.0,0.0,0.0,2.741077791787731e-06,0.11231566251850228,0.8876720026314346,9.593772271257058e-06,0.0,0.0,0.0,1.0964311167150923e-05,0.0802505345101694,0.9161915465160901,0.0035469546625733236,0.0,0.0,0.0,0.0,0.0,0.999975330299874,2.4669700126089577e-05,0.0,0.0,0.0,0.0,0.0,0.011883942766295707,0.9881160572337043,0.0,0.0,0.0
tip_middle_root_1_3_1,23,舌左邊,303494,192.6968231201172,15.855029106140137,140.55181884765625,16.245012283325195,148.8722686767578,16.549257278442383,174.97605895996094,6.068819046020508,69.49695587158203,9.798807144165039,192.6968231201172,15.855029106140137,162.35552978515625,15.506769180297852,149.05064392089844,2.4319870471954346,131.5789031982422,1.4202214479446411,0.0,0.00011532353193143852,0.0008929336329548525,0.0055454144068746,0.0353680797643446,0.2908129979505361,0.6672191213005858,4.61294127725754e-05,0.00018781260914548558,0.0018089319722959926,0.019288684455046886,0.13050340369167102,0.7802889019222785,0.0679222653495621,0.0,0.0,0.0,0.0012982134737424792,0.009931003578324448,0.09602166764417089,0.6566159462790039,0.23611339927642722,1.9769748331103745e-05,0.0,0.001159825235424753,0.0,0.0,0.0,0.0,0.0,0.0,0.9988401747645752,0.0,0.27615372956302264,0.7038096305034037,0.01929856932921244,0.0007380706043612064,0.0,0.0,0.0,0.0,0.00011532353193143852,0.0008929336329548525,0.0055454144068746,0.0353680797643446,0.2908129979505361,0.6672191213005858,4.61294127725754e-05,0.0,0.0008072647235200696,0.004095632862593659,0.03067276453570746,0.2612341594891497,0.7026234456035375,0.0005667327854916407,0.0,0.0,0.0,0.0,0.0,0.9998154823489097,0.0001845176510903016,0.0,0.0,0.0,0.0,0.0,0.002411909296394657,0.9975880907036053,0.0,0.0,0.0
tip_middle_root_1_3_1,23,舌右邊,320128,192.68898010253906,10.316346168518066,143.60586547851562,11.981491088867188,152.4124755859375,12.454164505004883,160.1480712890625,46.994197845458984,65.43963623046875,9.873144149780273,192.68898010253906,10.316346168518066,164.57394409179688,10.576217651367188,147.9036407470703,3.3640520572662354,130.7527313232422,2.4212546348571777,0.0,0.0,0.0,0.0,0.0031050079968012794,0.3680371601359456,0.6288578318672531,0.0,0.0,0.0,3.12375049980008e-06,0.09142905337864854,0.8205342862854859,0.08803353658536585,0.0,0.0,0.0,0.0,0.0,0.041030462814874054,0.6547599710115953,0.30420956617353057,0.0,0.0,0.08096761295481807,0.0,0.0,0.0,0.0,0.0,0.0,0.919032387045182,0.0,0.44069247301079567,0.5588420881647341,0.0004654388244702119,0.0,0.0,0.0,0.0,0.0,0.0,0.0,0.0,0.0031050079968012794,0.3680371601359456,0.6288578318672531,0.0,0.0,0.0,0.0,0.0006684826069572171,0.2897278588564574,0.7095193172730908,8.434126349460217e-05,0.0,0.0,0.0,0.0,0.0,1.0,0.0,0.0,0.0,0.0,0.0,0.0,0.05111392942822871,0.9488860705717713,0.0,0.0,0.0
tip_middle_root_1_3_1,23,舌根,331837,106.10389709472656,47.319217681884766,70.14892578125,39.59814453125,73.53340148925781,40.05064010620117,143.91358947753906,67.71297454833984,97.99859619140625,26.665178298950195,106.10391235351562,47.319190979003906,84.62702941894531,45.06006622314453,143.99835205078125,3.9104857444763184,132.40390014648438,2.0508105754852295,0.013591010044087911,0.2557309763528479,0.16843209165945933,0.16406850351226657,0.22348924321278218,0.17432353836371473,0.00036463685484138295,0.0,0.24437600388142372,0.2318819179295859,0.19085876499606735,0.25152710517513116,0.0811723828265082,0.0001838251912836724,0.0,0.0,0.21022369416309813,0.2480103183189337,0.19313397842916855,0.23649864240575946,0.11081645506679484,0.0013169116162453252,0.0,0.0,0.18468103315784556,0.0,0.0,0.0,0.0,0.0,5.424349906731317e-05,0.8152647233430871,0.0,0.08929986710342729,0.40629284859735354,0.3342906306409472,0.16810060360960352,0.0020160500486684726,0.0,0.0,0.013591010044087911,0.2557309763528479,0.16843209165945933,0.16406850351226657,0.22348924321278218,0.17432353836371473,0.00036463685484138295,0.0,0.16837483463266603,0.21915277681512307,0.17157218754991155,0.20097517757212124,0.22406181348071494,0.01586320994946314,0.0,0.0,0.0,0.0,0.0,0.0,0.9999789053059183,2.10946940817329e-05,0.0,0.0,0.0,0.0,0.0,0.004568508032558154,0.9954314919674419,0.0,0.0,0.0
tip_middle_root_1_3_1,24,舌尖,210268,199.04248046875,10.943107604980469,155.28427124023438,14.410714149475098,160.86961364746094,16.926271438598633,156.83653259277344,53.1296272277832,57.39310836791992,11.091482162475586,199.04248046875,10.943107604980469,174.024658203125,12.782803535461426,145.1832733154297,2.3977556228637695,131.48593139648438,3.021191358566284,0.0,0.0,0.0,0.0,8.560503738086632e-05,0.23847661080145338,0.7608195255578595,0.0006182586033062567,0.0,0.0,0.0,0.05114900983506763,0.49856373770616547,0.4502872524587669,0.0,0.0,0.0,0.0,2.3779177050240646e-05,0.05103011394981642,0.3286044476572755,0.6190290486426846,0.0013126105731732837,0.0,0.10678752829722069,0.0,0.0,0.0,0.0,0.0,0.0,0.8932124717027793,0.0,0.7937061274183423,0.19119409515475488,0.01509977742690281,0.0,0.0,0.0,0.0,0.0,0.0,0.0,0.0,8.560503738086632e-05,0.23847661080145338,0.7608195255578595,0.0006182586033062567,0.0,0.0,0.0,3.32908478703369e-05,0.14500066581695742,0.8039026385374854,0.051063404797686764,0.0,0.0,0.0,0.0,0.0,0.999795499077368,0.00020450092263206955,0.0,0.0,0.0,0.0,0.0,0.0040234367569007175,0.9959765632430992,0.0,0.0,0.0
tip_middle_root_1_3_1,24,舌中,553146,214.44882202148438,7.804915904998779,178.74566650390625,10.69568157196045,184.64974975585938,9.335111618041992,160.0821533203125,48.25021743774414,42.71902084350586,7.577952861785889,214.44882202148438,7.804915904998779,194.1121063232422,8.907330513000488,141.83743286132812,2.8266823291778564,129.92758178710938,1.4148913621902466,0.0,0.0,0.0,0.0,0.0,0.006434106004562991,0.8783069930904318,0.1152589009050052,0.0,0.0,0.0,2.7117614517686108e-05,0.04208653773144884,0.8491573653248871,0.10872897932914638,0.0,0.0,0.0,0.0,0.0,0.012300549945222419,0.7420699055945447,0.2456295444602329,0.0,0.08463045922776265,0.0,0.0,0.0,0.0,0.0,1.2654886774920184e-05,0.9153568858854624,0.06673644932802551,0.9255061050789484,0.007757445593026073,0.0,0.0,0.0,0.0,0.0,0.0,0.0,0.0,0.0,0.0,0.006434106004562991,0.8783069930904318,0.1152589009050052,0.0,0.0,0.0,0.0,0.0011750966290997313,0.36447881752737976,0.6343460858435205,0.0,0.0,0.0,0.0,0.0,1.0,0.0,0.0,0.0,0.0,0.0,0.0,0.0282872876238823,0.9717127123761177,0.0,0.0,0.0
tip_middle_root_1_3_1,24,舌左邊,235462,200.16773986816406,13.104403495788574,152.4673309326172,19.872098922729492,162.4595489501953,19.27271270751953,170.903564453125,21.494319915771484,61.61793899536133,14.277721405029297,200.16773986816406,13.104403495788574,172.6706085205078,16.900959014892578,147.4274139404297,3.7889952659606934,129.88897705078125,2.0496766567230225,0.0,0.0,0.0,0.0,0.0008026772897537607,0.22715767300031428,0.7595960282338552,0.012443621476076819,0.0,0.0,0.00017837273105639128,0.14780304252915544,0.4381428850515157,0.4092592435297415,0.004616456158530889,0.0,0.0,0.0,4.6716667657626286e-05,0.0728482727573876,0.2820540044678122,0.6243172996067305,0.020733706500411956,0.0,0.015705294272536544,0.0,0.0,0.0,0.0,0.0,0.0,0.9842947057274635,2.1234848935284673e-05,0.6209961692332521,0.36181209706874146,0.017170498849071188,0.0,0.0,0.0,0.0,0.0,0.0,0.0,0.0,0.0008026772897537607,0.22715767300031428,0.7595960282338552,0.012443621476076819,0.0,0.0,0.0,0.0017667394314156849,0.21673560914287657,0.6658654050335086,0.11563224639219917,0.0,0.0,0.0,0.0,0.0,0.9987726257315406,0.0012273742684594541,0.0,0.0,0.0,0.0,0.0,0.06924684237796332,0.9307531576220367,0.0,0.0,0.0
tip_middle_root_1_3_1,24,舌右邊,246841,208.80532836914062,12.65359115600586,160.06423950195312,16.529157638549805,167.5568389892578,18.24432945251465,163.7731170654297,42.227294921875,60.51356887817383,11.123312950134277,208.80532836914062,12.65359115600586,179.93801879882812,14.514898300170898,147.21543884277344,2.847111701965332,131.25025939941406,2.749630928039551,0.0,0.0,0.0,3.646071762794674e-05,0.004043088465854538,0.09287760137092298,0.81431771869341,0.0887251307521846,0.0,0.0,0.001328790597996281,0.030027426562037912,0.4098427732832066,0.5511523612365855,0.007648648320173715,0.0,0.0,0.0,0.0024145097451395837,0.025056615392094507,0.2483015382371648,0.680024793287987,0.04420254333761409,0.0,0.06437342256756373,0.0,0.0,0.0,0.0,0.0,0.0,0.9356265774324363,0.0,0.6493005619001706,0.34101709197418584,0.009682346125643632,0.0,0.0,0.0,0.0,0.0,0.0,0.0,3.646071762794674e-05,0.004043088465854538,0.09287760137092298,0.81431771869341,0.0887251307521846,0.0,0.0,0.0,0.003330078876685802,0.09360681572348192,0.6815520922375132,0.22149480839892888,1.6204763390198548e-05,0.0,0.0,0.0,0.0,0.9999594880915245,4.0511908475496374e-05,0.0,0.0,0.0,0.0,0.0,0.01149727962534587,0.9885027203746541,0.0,0.0,0.0
tip_middle_root_1_3_1,24,舌根,321046,159.9967041015625,32.56901931762695,118.18585205078125,32.2598991394043,121.79370880126953,32.45076370239258,117.88228607177734,81.96438598632812,70.77003479003906,20.593482971191406,159.99765014648438,32.5663948059082,136.95899963378906,32.16987991333008,145.0181121826172,4.738613128662109,132.6160125732422,1.7265251874923706,0.0002927929330999296,0.004229923437762813,0.03287067896812295,0.14738074917613053,0.24740068401412882,0.38173034393825184,0.18606679416656802,2.8033365935099643e-05,0.0056970029216996945,0.05121072992655258,0.1920783937504283,0.32177943347682264,0.3363069466680787,0.09290880434579468,1.8688910623399763e-05,0.0,0.002538577026345134,0.043894021417491574,0.18061274708297254,0.293331796689571,0.3565906443313419,0.12301352454165447,1.8688910623399763e-05,0.0,0.3338773882870367,0.0,0.0,0.0,3.1148184372332937e-06,7.164082405636576e-05,0.00022115210904356385,0.6658267039614261,0.0001931187431084642,0.40777645571039667,0.4857777390155928,0.08694081222005569,0.019286955763348556,2.491854749786635e-05,0.0,0.0,0.0002927929330999296,0.004201890071827713,0.03289871233405805,0.14738074917613053,0.24740068401412882,0.38173034393825184,0.18606679416656802,2.8033365935099643e-05,0.001186745824585885,0.020610753599172704,0.09160369542059393,0.249232197255222,0.34768849323772916,0.28581573980052705,0.0038623748621692843,0.0,0.0,0.0,0.0,0.0,0.9999657369971904,3.426300280956623e-05,0.0,0.0,0.0,0.0,0.0,0.0012583866486422506,0.9987416133513578,0.0,0.0,0.0
tip_middle_root_1_3_1,26,舌尖,224198,200.12046813964844,7.674361705780029,151.1553955078125,20.90083885192871,166.21279907226562,19.814903259277344,169.70013427734375,4.186826229095459,62.768760681152344,22.338279724121094,200.12118530273438,7.67572021484375,172.3104705810547,15.583359718322754,148.77000427246094,6.853893280029297,127.5674057006836,2.7202706336975098,0.0,0.0,0.0,0.0,8.028617561262813e-05,0.1141669417211572,0.8826528336559648,0.0030999384472653636,0.0,0.0,0.00016949303740443716,0.12302072275399424,0.5267174551066468,0.3190349601691362,0.03105290858972872,4.460343089590452e-06,0.0,0.0,4.460343089590452e-06,0.0037689899107039315,0.42537399976806217,0.4455258298468318,0.12523751326952068,8.920686179180903e-05,1.7841372358361807e-05,0.0,0.0,0.0,0.0,0.0,0.01750238628355293,0.9824797723440887,0.09442100286354026,0.39226933335712183,0.46694885770613476,0.04635634573011356,4.460343089590452e-06,0.0,0.0,0.0,0.0,0.0,0.0,0.0,8.028617561262813e-05,0.1141669417211572,0.8826483733128753,0.003104398790354954,0.0,0.0,0.0,0.0002676205853754271,0.24216540736313438,0.619483670683949,0.13804315827973487,4.0143087806314064e-05,0.0,0.0,0.0,0.0,0.9719176799079385,0.02808232009206148,0.0,0.0,0.0,0.0,0.0,0.4743931703226612,0.5256068296773387,0.0,0.0,0.0
tip_middle_root_1_3_1,26,舌中,764211,203.76495361328125,11.175965309143066,171.8751220703125,22.559206008911133,184.90538024902344,20.891218185424805,166.07044982910156,9.85495376586914,40.7291145324707,18.250499725341797,203.77651977539062,11.194005012512207,187.27908325195312,18.137353897094727,141.86526489257812,5.435459613800049,125.82674407958984,2.2855238914489746,0.0,0.0,0.0,0.0,0.00031143231385049415,0.1479800735660701,0.8348335734502644,0.01687492066981501,0.0,0.0,0.0003690080357388208,0.028367819882205308,0.2621278678270792,0.4926453557983332,0.216096078177362,0.0003938702792815073,0.0,0.0,1.831954787355848e-05,0.004895244899641591,0.13035797705084068,0.43639256697430423,0.4226241182081912,0.005711773319148769,0.0024888414325363022,0.0,0.0,0.0,0.0,0.00037293365314029764,0.06018887453857639,0.936949350375747,0.34691073538590783,0.5298379635990583,0.1202154902245584,0.002993937538192986,4.1873252282419385e-05,0.0,0.0,0.0,0.0,0.0,0.0,0.0,0.00031143231385049415,0.1479800735660701,0.8340994829961882,0.017609011123891176,0.0,0.0,0.0,0.0007157709062026063,0.07626951195415926,0.48128331049932543,0.43735434323766603,0.004377063402646651,0.0,0.0,0.0,0.0,0.9994386367115888,0.0005613632884111849,0.0,0.0,0.0,0.0,0.0,0.7721480062443488,0.22785199375565127,0.0,0.0,0.0
tip_middle_root_1_3_1,26,舌左邊,329671,200.35720825195312,10.557494163513184,154.31861877441406,22.127042770385742,171.56198120117188,21.771963119506836,167.75274658203125,6.216865062713623,59.31819152832031,20.454513549804688,200.35935974121094,10.559237480163574,174.60462951660156,17.516977310180664,147.99627685546875,5.9804792404174805,125.89591217041016,3.1445698738098145,0.0,0.0,0.00030939937088794587,0.0005308322539744169,0.0012315308292206472,0.16926268916586537,0.8268243187905517,0.0018412295894998346,0.0,0.0005065656366498722,0.0018321296080031303,0.12119962022743887,0.45390101040127884,0.37738229932265804,0.04517837480397123,0.0,0.0,0.0003852325500271483,0.00047016571066305497,0.029059274246142366,0.2509714230247732,0.5264035963126875,0.19257684176042175,0.00013346639528499625,0.0006369987047693003,0.0,0.0,0.0,0.0,3.0333271655680965e-06,0.019962326076603643,0.9793976418914615,0.08638005769388268,0.510857794589151,0.3609173994679544,0.04182958161318405,1.5166635827840484e-05,0.0,0.0,0.0,0.0,0.0,0.00030939937088794587,0.0005308322539744169,0.0012315308292206472,0.16925358918436867,0.8268000521732273,0.0018745961883210838,0.0,3.0333271655680968e-05,0.0006794652850872537,0.0029362606962699176,0.19768799803440398,0.6253931950338367,0.17323634775275956,3.639992598681716e-05,0.0,0.0,0.0,0.0,0.9801772069730125,0.01982279302698751,0.0,0.0,0.0,0.0,0.0,0.690861495248293,0.309138504751707,0.0,0.0,0.0
tip_middle_root_1_3_1,26,舌右邊,332471,206.35491943359375,9.909720420837402,162.83836364746094,23.052425384521484,175.8002471923828,22.39813995361328,169.66868591308594,5.6932878494262695,54.353553771972656,22.179553985595703,206.35943603515625,9.916601181030273,181.7404022216797,17.6978759765625,146.22720336914062,6.772760391235352,127.7480697631836,2.8444297313690186,0.0,0.0,0.0,0.0,2.7070030168044732e-05,0.0773571228768825,0.8949291817932993,0.027686625299650196,0.0,0.0,0.00011128790180196167,0.06440862511316776,0.37831269494181446,0.4368320846028676,0.12032628409695884,9.023343389348243e-06,0.0,0.0,7.218674711478595e-05,0.009110569042111943,0.25318899994285216,0.45774518679824705,0.2778588207693303,0.0020242367003437895,0.00036694929783349527,0.0,0.0,0.0,0.0,6.015562259565496e-06,0.020958218912326187,0.9786688162275807,0.16867035019595694,0.4857205590863564,0.3130889611424756,0.03252012957521107,0.0,0.0,0.0,0.0,0.0,0.0,0.0,0.0,2.7070030168044732e-05,0.0773571228768825,0.894517115778519,0.02809869131443043,0.0,0.0,0.0,0.0001503890564891374,0.11721623840876347,0.5586923370760156,0.32338760373085174,0.0005534317278800256,0.0,0.0,0.0,0.0,0.9735225027145225,0.02647749728547753,0.0,0.0,0.0,0.0,0.0,0.5050034439093936,0.4949965560906064,0.0,0.0,0.0
tip_middle_root_1_3_1,26,舌根,361018,164.13340759277344,36.1783447265625,138.39788818359375,38.2705192565918,145.36195373535156,38.24467468261719,162.2765655517578,37.306053161621094,42.60098648071289,23.372913360595703,164.13800048828125,36.175575256347656,152.69029235839844,37.11735153198242,139.0583953857422,5.564728736877441,128.0585479736328,2.0126280784606934,0.001282484529857237,0.004290644787794514,0.04933272025217579,0.1221767335700713,0.19997063858311773,0.36151106039034064,0.26073492180445296,0.0007007960821898078,0.003135577727426333,0.03780420920840512,0.11116343229423464,0.1973225711737365,0.32318887146901265,0.2655546260851259,0.06182794209706995,2.7699449888925204e-06,0.002437551590225418,0.02687954617221302,0.08942767396639503,0.17519071071248524,0.30366906913228703,0.30063597936944975,0.10156280296273316,0.00019666609421136898,0.05119966317468935,5.539889977785041e-05,0.0,0.0,0.0,0.00046258081314505095,0.014705637946030392,0.9335767191663573,0.3718568049238542,0.4627636295143178,0.13110426626927188,0.030652211247084633,0.002925061908270502,0.0004210316383116631,0.00025206499398921936,2.4929504900032686e-05,0.001282484529857237,0.004290644787794514,0.04933272025217579,0.1221739636250824,0.1999484790232066,0.36153598989524066,0.260682292849664,0.0007534250369787656,0.0024929504900032687,0.015375964633342383,0.06927078428222415,0.1449512212687456,0.2774238403625304,0.34996592967663664,0.14023400495266164,0.0002853043338559296,0.0,0.0,0.0,0.0,0.9969807599621071,0.0030192400378928476,0.0,0.0,0.0,0.0,0.0,0.4197380740018503,0.5802619259981496,0.0,0.0,0.0
tip_middle_root_1_3_1,27,舌尖,438014,201.0903778076172,13.404605865478516,154.5294647216797,15.795461654663086,179.33665466308594,17.98100471496582,160.32870483398438,22.420682907104492,59.74233627319336,9.756464004516602,201.09048461914062,13.404722213745117,175.3706512451172,14.292281150817871,149.33203125,2.803401231765747,121.84052276611328,3.455974578857422,0.0,0.0,0.0,0.00018264256393631253,0.009983699151168684,0.19790691621728987,0.7903993936266878,0.0015273484409174137,0.0,0.0,0.0006164186532850548,0.05795933463313958,0.5214901806791564,0.4192925340285927,0.0006415320058262978,0.0,0.0,5.2509737131689857e-05,0.003285283118804422,0.016054281370001873,0.09386457967096942,0.6626569013775815,0.22402708589223175,5.9358833279301574e-05,0.020136342673978458,0.0,0.0,0.0,0.0,0.0,0.0098763966448561,0.9699872606811655,0.00026254868565844927,0.684786331030515,0.3110836639924751,0.0038309277785641555,3.652851278726251e-05,0.0,0.0,0.0,0.0,0.0,0.0,0.00018264256393631253,0.009983699151168684,0.19790691621728987,0.7903925445305401,0.0015341975370650252,0.0,0.0,1.369819229522344e-05,0.0034176989776582485,0.14435611647116303,0.7498070837918422,0.10240540256704124,0.0,0.0,0.0,0.0,0.0,0.9998287725963098,0.000171227403690293,0.0,0.0,0.0,0.0,0.0,0.9519376093001594,0.04806239069984065,0.0,0.0,0.0
tip_middle_root_1_3_1,27,舌中,1065128,205.29937744140625,14.950580596923828,162.6536407470703,16.503385543823242,169.26170349121094,18.77324676513672,118.48980712890625,77.67198944091797,55.81189727783203,12.211164474487305,205.2998504638672,14.950539588928223,180.78717041015625,14.77302360534668,144.82020568847656,4.048947811126709,130.71885681152344,5.918856143951416,0.0,0.0,0.0,0.0001821377336808346,0.01967087523753014,0.11935185254729948,0.836131432090791,0.024663702390698584,0.0,9.388542973238898e-06,0.0016120128285051186,0.03515539916329305,0.32534587392313413,0.619069257403805,0.01880806813828948,0.0,0.0,0.0,0.0007416948948858729,0.02982082904589871,0.2351886346054183,0.6421359686347556,0.09177300756341022,0.00033986525563124806,0.31448145199450206,0.0,0.0,0.0,0.0,0.0,0.0034944156946395176,0.6820241323108585,0.012740252814685183,0.7533977137020151,0.22948697245777033,0.004288686430175528,7.041407229929172e-05,1.5960523054506127e-05,0.0,0.0,0.0,0.0,0.0,0.0001821377336808346,0.01967087523753014,0.11933213660705567,0.8361483314681428,0.024666518953590556,0.0,0.0,8.731344965112174e-05,0.006597329147294973,0.0803987877513313,0.7035182625937916,0.2093842242434712,1.4082814459858346e-05,0.0,0.0,0.0,0.0,0.999139070609354,0.0008609293906460068,0.0,0.0,0.0,0.0,0.0,0.32084782298465536,0.6791352776379928,1.6899377351830015e-05,0.0,0.0
tip_middle_root_1_3_1,27,舌左邊,486750,210.2983856201172,12.825150489807129,170.50633239746094,19.734027862548828,180.0260467529297,18.822786331176758,133.53273010253906,68.71800231933594,50.760013580322266,14.530674934387207,210.29849243164062,12.825313568115234,187.6439971923828,16.323490142822266,144.10716247558594,5.214919090270996,128.73074340820312,5.212739944458008,0.0,0.0,3.287108371854135e-05,0.00043143297380585517,0.004729327170005136,0.07910015408320493,0.8111350796096559,0.10457113507960966,0.0,9.450436569080637e-05,0.0008731381612737545,0.02053004622496148,0.25957678479712376,0.5756527991782229,0.14324807395993835,2.465331278890601e-05,0.0,1.027221366204417e-05,0.0002300975860297894,0.0070097586029789416,0.13173908577298407,0.5629830508474576,0.29617668207498715,0.0018510529019003595,0.2209553158705701,0.0,0.0,0.0,0.0,0.0,0.001645608628659476,0.7773990755007704,0.08829378531073447,0.702783769902414,0.20589625064201336,0.003024139702105804,2.054442732408834e-06,0.0,0.0,0.0,0.0,0.0,3.287108371854135e-05,0.00043143297380585517,0.004729327170005136,0.07910015408320493,0.8111350796096559,0.10457113507960966,0.0,4.108885464817668e-06,0.00021777092963533643,0.0019763739085772985,0.052622496147919876,0.49638623523369285,0.447492552645095,0.001300462249614792,0.0,0.0,0.0,0.0,0.9999979455572676,2.054442732408834e-06,0.0,0.0,0.0,0.0,0.0,0.4688608115048793,0.5311391884951207,0.0,0.0,0.0
tip_middle_root_1_3_1,27,舌右邊,439769,209.44296264648438,18.303478240966797,171.25547790527344,22.843992233276367,182.6359405517578,26.013591766357422,142.81922912597656,59.879947662353516,48.666534423828125,14.646061897277832,209.45465087890625,18.322071075439453,187.971435546875,20.489286422729492,143.81399536132812,4.313506603240967,127.60218048095703,4.653259754180908,3.183489513812934e-05,0.0008026941416971183,0.0008163376681848879,0.0017895758909791278,0.014555368841368991,0.12130232008167925,0.6472670879484457,0.21343478053250683,0.0014666790974352444,0.0021624989483114998,0.004188562631745303,0.02301208134270492,0.2360239125540909,0.5398652474367225,0.19158694678342494,0.0016940712055647396,0.0014757747817604242,0.0014007353860776908,0.006573905846023708,0.01581739504148769,0.15896754887224884,0.3871600772223599,0.4063974495701152,0.022207113279926506,0.1574167346948057,0.0,0.0,0.0,0.0,2.0465289731654573e-05,0.02327813010921643,0.8192846699062463,0.08756642691958733,0.8128540210883441,0.08921501970352617,0.006376074711951047,0.0024740261364489084,0.0013711744120208564,0.000143257028121582,0.0,3.183489513812934e-05,0.0008026941416971183,0.0008163376681848879,0.0017895758909791278,0.014555368841368991,0.12130232008167925,0.647262540106283,0.21343932837466942,0.0007890506152093485,0.0009504990119812901,0.002264825396969773,0.009163901957618658,0.055567809463604755,0.4523693120706553,0.47189547239573504,0.006999129088225864,0.0,0.0,0.0,0.0,0.9988380263274583,0.0011619736725417208,0.0,0.0,0.0,0.0,0.0,0.5533109427904195,0.44668905720958046,0.0,0.0,0.0
tip_middle_root_1_3_1,27,舌根,492681,114.7641830444336,31.84848976135254,77.69811248779297,31.36578941345215,73.44977569580078,31.120859146118164,43.900390625,72.30049896240234,100.11969757080078,27.301837921142578,114.7641830444336,31.84848976135254,93.57439422607422,32.91236877441406,143.27052307128906,2.5562551021575928,137.03086853027344,4.311767578125,8.118843633101338e-06,0.03776886058118742,0.27487157004227886,0.34542635092483776,0.2370418181338432,0.10374867307649371,0.001134608397725912,0.0,0.039082083538841565,0.3435306009365086,0.33489621073270537,0.1999041976451294,0.07967427199343997,0.002912635153375105,0.0,0.0,0.04368952730062657,0.41471662191154113,0.275462215916587,0.2110046866024872,0.05371223976569017,0.001414708503067908,0.0,0.0,0.7695263263653358,0.0,0.0,0.0,0.0,0.0,4.668335089033269e-05,0.2304269902837739,0.0006961908415384397,0.1045727357052535,0.3297813392438515,0.38369249067855266,0.17723435651060218,0.004022887020201713,0.0,0.0,8.118843633101338e-06,0.03776886058118742,0.27487157004227886,0.34542635092483776,0.2370418181338432,0.10374867307649371,0.001134608397725912,0.0,0.006639184380968619,0.2005882102212182,0.34308203482577976,0.26979729277159054,0.1576334382693873,0.022225334445614912,3.450508544068068e-05,0.0,0.0,0.0,0.0,0.0,0.9999391086727517,6.089132724826003e-05,0.0,0.0,0.0,0.0,0.0,0.01855358741254483,0.9814464125874551,0.0,0.0,0.0
tip_middle_root_1_3_1,29,舌尖,178950,205.9179229736328,10.604199409484863,150.45542907714844,14.384784698486328,154.57725524902344,16.083871841430664,131.66578674316406,76.94303131103516,69.31105041503906,10.161423683166504,205.9179229736328,10.604199409484863,172.480712890625,12.451116561889648,149.4545440673828,2.7464399337768555,134.21145629882812,2.535440444946289,0.0,0.0,0.0,0.0,0.0,0.11450684548756636,0.8697289745739033,0.015764179938530316,0.0,0.0,5.5881531153953615e-06,0.07185247275775357,0.660961162335848,0.2644705224923163,0.0027102542609667504,0.0,0.0,0.0,3.352891869237217e-05,0.057859737356803574,0.5294328024587873,0.40388935456831515,0.008784576697401509,0.0,0.25594300083822297,0.0,0.0,0.0,0.0,0.0,0.0,0.744056999161777,5.5881531153953615e-06,0.3008549874266555,0.693271863649064,0.00586756077116513,0.0,0.0,0.0,0.0,0.0,0.0,0.0,0.0,0.0,0.11450684548756636,0.8697289745739033,0.015764179938530316,0.0,0.0,0.0,0.00012852752165409332,0.15233864207879297,0.8024420229114277,0.045090807488125176,0.0,0.0,0.0,0.0,0.0,1.0,0.0,0.0,0.0,0.0,0.0,0.0,0.00043587594300083823,0.9995641240569991,0.0,0.0,0.0
tip_middle_root_1_3_1,29,舌中,480000,208.12339782714844,10.844663619995117,169.5651397705078,12.279462814331055,172.8827667236328,13.079004287719727,129.4155731201172,76.88090515136719,48.332706451416016,8.754143714904785,208.12339782714844,10.844663619995117,186.05447387695312,10.805706977844238,142.6190643310547,3.513361930847168,131.7311553955078,1.8355213403701782,0.0,0.0,0.0,2.0833333333333334e-06,0.0015125,0.08628541666666667,0.8938,0.0184,0.0,0.0,0.00023541666666666668,0.00500625,0.17601875,0.8025104166666667,0.016216666666666667,1.25e-05,0.0,0.0,0.00011041666666666666,0.004166666666666667,0.13762291666666668,0.8191270833333333,0.03892916666666667,4.375e-05,0.26876041666666667,0.0,0.0,0.0,0.0,0.0,0.0,0.7312395833333334,0.012947916666666667,0.93395,0.05294375,0.00015833333333333332,0.0,0.0,0.0,0.0,0.0,0.0,0.0,2.0833333333333334e-06,0.0015125,0.08628541666666667,0.8938,0.0184,0.0,0.0,6.25e-06,0.00075,0.023664583333333333,0.6583770833333333,0.31714166666666666,6.041666666666667e-05,0.0,0.0,0.0,0.0,1.0,0.0,0.0,0.0,0.0,0.0,0.0,0.0010875,0.9989125,0.0,0.0,0.0
tip_middle_root_1_3_1,29,舌左邊,199802,202.82366943359375,13.623252868652344,156.46389770507812,20.111696243286133,158.87576293945312,20.4749698638916,143.59530639648438,69.96038818359375,59.31989669799805,14.5325288772583,202.82366943359375,13.623252868652344,175.5879669189453,17.237876892089844,145.71597290039062,3.6968672275543213,133.60723876953125,1.9741995334625244,0.0,0.0,0.0002052031511196084,0.001391377463689052,0.0026025765507852773,0.19332138817429256,0.7791063152520996,0.023373139408013933,0.0,0.0012111990870962252,0.0027877598822834606,0.09538443058628042,0.40399995996036075,0.48320337133762425,0.013413279146354892,0.0,0.0,0.0009359265673016286,0.002877849070579874,0.0823515280127326,0.3745107656580014,0.5152801273260528,0.024043803365331677,0.0,0.19334641294881932,0.0,0.0,0.0,0.0,0.0,0.0,0.8066535870511806,0.0014264121480265463,0.6554338795407454,0.3316633467132461,0.010710603497462489,0.0007657581005195143,0.0,0.0,0.0,0.0,0.0,0.0002052031511196084,0.001391377463689052,0.0026025765507852773,0.19332138817429256,0.7791063152520996,0.023373139408013933,0.0,0.00010510405301248236,0.0017317143972532807,0.0029479184392548624,0.17464289646750283,0.6524108867779101,0.16807139067677002,9.008918829641345e-05,0.0,0.0,0.0,0.0,0.9999799801803786,2.001981962142521e-05,0.0,0.0,0.0,0.0,0.0,1.0009909810712605e-05,0.9999899900901893,0.0,0.0,0.0
tip_middle_root_1_3_1,29,舌右邊,214464,197.37391662597656,16.470996856689453,153.5843963623047,21.308469772338867,156.17669677734375,22.24927520751953,148.44540405273438,65.63048553466797,57.774497985839844,14.037386894226074,197.37391662597656,16.470996856689453,172.14883422851562,19.05449676513672,144.8201904296875,3.2189388275146484,133.10543823242188,2.0124497413635254,0.0007413831692032229,0.00018651148910772903,0.00017252312742464937,0.0002517905102954342,0.012962548492987168,0.3231684571769621,0.6457680543121457,0.016748731721874067,0.0009232318710832587,0.0001958370635631155,0.004280438675022381,0.12440782602208296,0.42946135481945685,0.4306876678603402,0.010020329752312743,2.3313936138466128e-05,0.0009232318710832587,0.00020516263801850193,0.00403331095195464,0.110195650552074,0.40016972545508805,0.4587576469710534,0.02564066696508505,7.460459564309162e-05,0.16500205162638018,0.0,0.0,0.0,0.0,0.0,0.0,0.8349979483736198,0.0021588704864219637,0.6956692032229186,0.29573261712921517,0.005590681886004178,0.00027510444643390035,0.00024246493584004775,0.00014920919128618324,0.0001818487018800358,0.0007413831692032229,0.00018651148910772903,0.00017252312742464937,0.0002517905102954342,0.012962548492987168,0.3231684571769621,0.6457680543121457,0.016748731721874067,0.0008952551477170994,0.00015387197851387646,0.00023313936138466128,0.01036537600716204,0.2390471128021486,0.6055701656222023,0.1435205908683975,0.0002144882124738884,0.0,0.0,0.0,0.0,1.0,0.0,0.0,0.0,0.0,0.0,0.0,0.00023313936138466128,0.9997668606386153,0.0,0.0,0.0
tip_middle_root_1_3_1,29,舌根,213049,129.80044555664062,38.13763427734375,91.39742279052734,36.7640495300293,92.81385803222656,35.9132080078125,124.36312103271484,81.14445495605469,83.21101379394531,24.938695907592773,129.80044555664062,38.13763427734375,108.28504180908203,38.60163497924805,144.1376190185547,2.6955485343933105,133.60536193847656,1.171256422996521,0.004238461574567353,0.05349004219686551,0.15362663049345457,0.2346971823383353,0.28929964468267866,0.24694319147238428,0.0176672971945421,3.755004717224676e-05,0.05375289252707124,0.2130120300963628,0.2505808522921957,0.2879900867875465,0.1831268863031509,0.011509089458293632,2.816253537918507e-05,0.0,0.04467047486728405,0.20344615557923296,0.2511300217320898,0.3026627677201019,0.18742636670437318,0.010603194570263179,6.101882665490098e-05,0.0,0.303432543687133,0.0,0.0,0.0,0.0,0.0,0.0,0.696567456312867,0.0,0.25418565682073135,0.4503705720280311,0.23759322972649485,0.0534431046379002,0.004243155330463884,0.00010795638562020944,5.632507075837014e-05,0.004238461574567353,0.05349004219686551,0.15362663049345457,0.2346971823383353,0.28929964468267866,0.24694319147238428,0.0176672971945421,3.755004717224676e-05,0.016681608456270623,0.13714215978483824,0.22009490774422785,0.25492727025238326,0.29078287154598237,0.08017404446864336,0.0001971377476542955,0.0,0.0,0.0,0.0,0.0,1.0,0.0,0.0,0.0,0.0,0.0,0.0,0.00041305051889471434,0.9995869494811053,0.0,0.0,0.0
tip_middle_root_1_3_1,30,舌尖,132921,199.80677795410156,10.957375526428223,158.48704528808594,13.991764068603516,180.8084259033203,12.237369537353516,162.9182586669922,5.405147075653076,52.85042190551758,13.086201667785645,199.8619842529297,10.8611421585083,177.68478393554688,11.602019309997559,146.98544311523438,4.206172943115234,122.39350128173828,1.8918334245681763,0.0,0.0,0.0,0.0,7.523265699174698e-06,0.22411808517841425,0.7755433678651229,0.0003310236907636867,0.0,0.0,0.0,0.01133756140865627,0.5082567841048442,0.4774414878010247,0.002964166685474831,0.0,0.0,0.0,0.0,0.0,0.04860781968236772,0.7512883592509837,0.20010382106664862,0.0,0.0004288261448529578,0.0,0.0,0.0,0.0,0.00012037225118679516,0.08040114052708,0.9190496610768802,0.030755110178226165,0.7493924962947917,0.21964926535310447,0.00020312817387771684,0.0,0.0,0.0,0.0,0.0,0.0,0.0,0.0,7.523265699174698e-06,0.22349365412538275,0.7761677989181544,0.0003310236907636867,0.0,0.0,0.0,0.0,0.07351735241233515,0.8106544488831712,0.11582819870449365,0.0,0.0,0.0,0.0,0.0,0.999398138744066,0.0006018612559339758,0.0,0.0,0.0,0.0,0.0,0.9901445219340812,0.009855478065918855,0.0,0.0,0.0
tip_middle_root_1_3_1,30,舌中,387590,206.7314453125,6.00205659866333,182.0660400390625,11.272929191589355,198.8603973388672,9.366438865661621,158.71929931640625,6.419959545135498,30.7021541595459,9.652474403381348,206.86563110351562,6.086965560913086,195.44041442871094,8.879270553588867,139.72512817382812,3.463111639022827,122.84129333496094,1.7399603128433228,0.0,0.0,0.0,0.0,0.0,0.018679532495678424,0.980861219329704,0.0004592481746175082,0.0,0.0,0.0,0.0,0.02636806935163446,0.7652029206119869,0.20842642999045383,2.5800459248174618e-06,0.0,0.0,0.0,0.0,0.0012384220439123816,0.18855491627750973,0.8093939472122603,0.0008127144663175004,0.0005340695064372146,0.0,0.0,0.0,0.0,0.0010913594261977863,0.35356949353698497,0.6448050775303801,0.5271498232668541,0.4725947521865889,0.0002554245465569287,0.0,0.0,0.0,0.0,0.0,0.0,0.0,0.0,0.0,0.0,0.0186614721742047,0.9803942310173122,0.000944296808483191,0.0,0.0,0.0,0.0,0.0006166309760313734,0.3116024665239041,0.6877215614437937,5.9341056270801624e-05,0.0,0.0,0.0,0.0,1.0,0.0,0.0,0.0,0.0,0.0,0.0,0.9915787301013959,0.008421269898604195,0.0,0.0,0.0
tip_middle_root_1_3_1,30,舌左邊,165262,194.2561492919922,18.343021392822266,166.63565063476562,22.257238388061523,183.35960388183594,20.940017700195312,161.28842163085938,4.039723873138428,37.100738525390625,11.705669403076172,194.28695678710938,18.34904670715332,181.4774169921875,20.066869735717773,140.97702026367188,3.1012380123138428,123.24592590332031,1.530730128288269,0.0,0.0,3.0254989047693966e-05,0.0034611707470561894,0.05025353680821967,0.292547591097772,0.6536287833863804,7.866297152400431e-05,0.0,3.630598685723276e-05,0.004955767206012271,0.05743002021033269,0.23799784584477982,0.6086880226549358,0.09089203809708221,0.0,0.0,0.0,0.0005082838160012586,0.016791518921470152,0.1370611513838632,0.40428531664871536,0.44126901526061646,8.471396933354311e-05,0.0,0.0,0.0,0.0,0.0,6.050997809538793e-06,0.1593832823032518,0.8406106666989387,0.33673197710302427,0.6296426280693687,0.03361934382979753,6.050997809538793e-06,0.0,0.0,0.0,0.0,0.0,0.0,3.0254989047693966e-05,0.0034611707470561894,0.05016882283888613,0.2922631942007237,0.6539192312812383,0.00015732594304800862,0.0,0.0,0.0007987317108591207,0.011297212910408926,0.15515363483438419,0.4548111483583643,0.37793927218598344,0.0,0.0,0.0,0.0,0.0,1.0,0.0,0.0,0.0,0.0,0.0,0.0,0.9945298979801769,0.005470102019823069,0.0,0.0,0.0
tip_middle_root_1_3_1,30,舌右邊,131755,190.36634826660156,20.266019821166992,160.21139526367188,23.46849822998047,178.45379638671875,24.401182174682617,160.0706787109375,13.57395076751709,41.65599822998047,14.288407325744629,190.38169860839844,20.27764892578125,176.04319763183594,22.0585994720459,142.25509643554688,2.9460182189941406,122.87882232666016,2.105024576187134,0.0006830860308906682,0.0014193009752950553,0.005016887404652575,0.009616333345983075,0.028219042920572274,0.3951424993358886,0.5599028499867178,0.0,0.0022997229706652497,0.005214223369132101,0.011468255474175553,0.05863914082957004,0.3223710675116694,0.5780425790292588,0.02196501081552882,0.0,0.0026640355204736064,0.0039846685135288985,0.006125004743652992,0.01898979165876058,0.13054533034799437,0.5129596599749535,0.32473150924063604,0.0,0.006671473568365527,0.0,0.0,0.0,0.0,0.0,0.19590907365944366,0.7974194527721908,0.20262608629653522,0.7382945618762097,0.051891768813327764,0.003202914500398467,0.0024818792455694283,0.0013813517513566848,9.86679822397632e-05,2.2769534363022277e-05,0.0006830860308906682,0.0014193009752950553,0.005016887404652575,0.009616333345983075,0.028219042920572274,0.39500588212971044,0.5600394671928959,0.0,0.0013585822169936625,0.004075746650980988,0.005411559333611628,0.016963303100451597,0.14443474630943798,0.5909453151683048,0.23681074722021936,0.0,0.0,0.0,0.0,0.0,1.0,0.0,0.0,0.0,0.0,0.0,0.0,0.9744449925999014,0.025555007400098667,0.0,0.0,0.0
tip_middle_root_1_3_1,30,舌根,231950,152.88856506347656,44.58205032348633,130.96392822265625,48.17429733276367,139.66812133789062,48.954586029052734,165.78269958496094,17.31834602355957,43.52228927612305,26.06583023071289,152.9039764404297,44.59532165527344,143.8373565673828,47.90254592895508,138.14254760742188,3.200570583343506,126.55919647216797,2.31921648979187,0.0,0.041616727743048074,0.10762233239922397,0.13425307178271179,0.1689286484156068,0.31070920456995044,0.23687001508945893,0.0,0.011985341668463032,0.12148738952360423,0.12760508730329811,0.1344212114679888,0.2369864194869584,0.3221513257167493,0.045363224832938136,0.0,0.0018366027161026083,0.10582021987497306,0.12229790903211898,0.11987066178055615,0.19259754257383058,0.3370209096788101,0.12055615434360854,0.0,0.009484802759215347,0.0,0.0,0.0,0.0,0.0009527915499029963,0.05701228713084717,0.9325501185600344,0.4171545591722354,0.38040094848027595,0.14384565639146368,0.053860745850398795,0.004565639146367752,0.00017245095925846088,0.0,0.0,0.0,0.041616727743048074,0.10762233239922397,0.13423582668678594,0.16890278077171805,0.3105755550765251,0.23704677732269885,0.0,0.0019400732916576848,0.08951498167708558,0.11089890062513473,0.12422935977581376,0.18301789178702307,0.3410045268376805,0.14939426600560465,0.0,0.0,0.0,0.0,0.0,1.0,0.0,0.0,0.0,0.0,0.0,0.0,0.6781590860099159,0.3218409139900841,0.0,0.0,0.0
tip_middle_root_1_3_1,31,舌尖,178799,199.66429138183594,9.043438911437988,136.0561065673828,15.612016677856445,146.38137817382812,16.620319366455078,174.3947296142578,10.146875381469727,81.70252990722656,13.466224670410156,199.66429138183594,9.043438911437988,161.56671142578125,12.759714126586914,153.79946899414062,3.5919158458709717,132.55902099609375,2.631927967071533,0.0,0.0,0.0,0.0,0.0,0.1871431048272082,0.8128568951727918,0.0,0.0,0.0,0.00013422893864059642,0.30678583213552646,0.6241086359543397,0.06897130297149313,0.0,0.0,0.0,0.0,0.0,0.1342177528957097,0.622565003159973,0.24318927958210057,2.7964362216790923e-05,0.0,0.0032942018691379704,0.0,0.0,0.0,0.0,0.0,0.0,0.996705798130862,0.0,0.1002466456747521,0.7462569701172825,0.15349638420796538,0.0,0.0,0.0,0.0,0.0,0.0,0.0,0.0,0.0,0.1871431048272082,0.8128568951727918,0.0,0.0,0.0,0.0,0.00016778617330074554,0.4330169631821207,0.5647514807129794,0.0020637699315991702,0.0,0.0,0.0,0.0,0.0,0.9532827364806291,0.046717263519370916,0.0,0.0,0.0,0.0,0.0,0.013193586093881956,0.986806413906118,0.0,0.0,0.0
tip_middle_root_1_3_1,31,舌中,451820,213.40318298339844,6.598203182220459,176.83273315429688,12.913759231567383,181.5245361328125,11.346237182617188,131.06271362304688,74.90978240966797,44.6968879699707,11.729378700256348,213.40318298339844,6.598203182220459,192.5034637451172,9.890019416809082,141.993408203125,4.506168365478516,130.6886444091797,2.059877634048462,0.0,0.0,0.0,0.0,0.0,0.004461953875437121,0.9533752379266079,0.04216280819795494,0.0,0.0,0.0,0.0,0.10745650922933912,0.7550573237129831,0.13748616705767783,0.0,0.0,0.0,0.0,0.0,0.03290912310212031,0.7625426054623523,0.20454827143552742,0.0,0.2538378115178611,0.0,0.0,0.0,0.0,0.0,0.0,0.7461621884821389,0.1313222079589217,0.7952436811119472,0.07343411092913107,0.0,0.0,0.0,0.0,0.0,0.0,0.0,0.0,0.0,0.0,0.004461953875437121,0.9533752379266079,0.04216280819795494,0.0,0.0,0.0,0.0,0.00017706166172369527,0.4504935593820548,0.5493293789562215,0.0,0.0,0.0,0.0,0.0,1.0,0.0,0.0,0.0,0.0,0.0,0.0,0.031229250586516755,0.9687707494134833,0.0,0.0,0.0
tip_middle_root_1_3_1,31,舌左邊,215334,204.41275024414062,11.787239074707031,147.66958618164062,18.059036254882812,150.73062133789062,21.561758041381836,103.49819946289062,86.288818359375,72.44874572753906,14.963408470153809,204.41275024414062,11.787239074707031,170.15478515625,15.299433708190918,149.9163360595703,3.553964853286743,135.06460571289062,3.9629528522491455,0.0,0.0,0.0,0.0,0.0,0.16398246445057446,0.8338813192528816,0.0021362162965439736,0.0,0.0,0.0,0.1441156528927155,0.5422599310838047,0.31356868864183085,5.5727381648973225e-05,0.0,0.0,0.0,0.0,0.14594072464171937,0.46426946046606665,0.38383162900424456,0.005958185887969387,0.0,0.4142773551784669,0.0,0.0,0.0,0.0,0.0,0.0,0.585722644821533,0.00017182609341766743,0.3236042612871168,0.6100197832204853,0.06620412939898018,0.0,0.0,0.0,0.0,0.0,0.0,0.0,0.0,0.0,0.16398246445057446,0.8338813192528816,0.0021362162965439736,0.0,0.0,0.0,8.82350209442076e-05,0.26963693610855693,0.6758198891025106,0.05445493976798833,0.0,0.0,0.0,0.0,0.0,0.9990479905634967,0.0009520094365032926,0.0,0.0,0.0,0.0,0.0,0.00574456425831499,0.994255435741685,0.0,0.0,0.0
tip_middle_root_1_3_1,31,舌右邊,182207,203.14498901367188,14.834338188171387,146.5894012451172,24.856502532958984,149.34681701660156,26.86524772644043,111.5732650756836,84.98790740966797,73.02017974853516,22.121505737304688,203.14498901367188,14.834338188171387,169.09671020507812,20.64216423034668,149.91049194335938,5.311470031738281,135.34849548339844,4.117321014404297,0.0,0.0,1.646479004648559e-05,0.0033258875893900893,0.013759076215513125,0.13925919421317512,0.8320536532624981,0.011585723929377028,0.001097652669765706,0.008836103991613933,0.014906123255418288,0.18460322600119644,0.436097405697915,0.34880657713479724,0.005652911249293386,0.0,0.00028538969413908355,0.00776589263859237,0.014505480030953805,0.1951955742644355,0.3719999780469466,0.3856712420488785,0.02457644327605416,0.0,0.3699144379743918,0.0,0.0,0.0,0.0,0.0,0.0,0.6300855620256083,0.006207225847525068,0.36809233454258067,0.4975110725713063,0.11258623433786846,0.011525353032539914,0.003808854764087,0.00026892490409259796,0.0,0.0,0.0,1.646479004648559e-05,0.0033258875893900893,0.013759076215513125,0.13925919421317512,0.8320536532624981,0.011585723929377028,0.0,0.0008122629756266225,0.008424484240451793,0.018687536702761146,0.2709665380583622,0.5906798311810194,0.11042934684177885,0.0,0.0,0.0,0.0,0.0,0.9755991811511083,0.024400818848891646,0.0,0.0,0.0,0.0,0.0,0.002469718506972839,0.9975302814930271,0.0,0.0,0.0
tip_middle_root_1_3_1,31,舌根,201749,151.65003967285156,43.00213623046875,114.10282897949219,42.728214263916016,113.62815856933594,40.99722671508789,72.77596282958984,84.96377563476562,72.94730377197266,29.850008010864258,151.65003967285156,43.00213623046875,130.9714813232422,43.36302947998047,142.8369140625,6.709118366241455,134.2419891357422,2.2677290439605713,0.0214573554267927,0.02247842616320279,0.07993596002954166,0.13408244898363808,0.1878968421156982,0.41839116922512626,0.13575779805600027,0.0,0.038300065923499,0.12183951345483744,0.14654347729108944,0.22625638788792013,0.33029655661242435,0.13660538590030186,0.00015861292992778154,0.0,0.03353176471754507,0.12429801386871805,0.14483838829436577,0.23702719716082857,0.35861887791265384,0.10167584473776822,9.913308120486346e-06,0.0,0.60028550327387,0.0,0.0,0.0,0.0,0.0,0.00020817947053021328,0.39950631725559976,0.008510575021437528,0.4707681326797159,0.31381072520805553,0.14592885218761928,0.05073631096064912,0.010002527893570723,0.0002428760489519155,0.0,0.0214573554267927,0.02247842616320279,0.07993596002954166,0.13408244898363808,0.1878968421156982,0.41839116922512626,0.13575779805600027,0.0,0.027291337255698912,0.06289002671636539,0.13038478505469667,0.1541271580032615,0.3189805153928892,0.29662600558119245,0.00970017199589589,0.0,0.0,0.0,0.0,0.0,0.9838958309582699,0.01610416904173007,0.0,0.0,0.0,0.0,0.0,0.013397835924837297,0.9866021640751627,0.0,0.0,0.0
tip_middle_root_1_3_1,32,舌尖,123092,204.12673950195312,13.787077903747559,140.16969299316406,16.041521072387695,154.6192169189453,15.809281349182129,161.82000732421875,41.015167236328125,80.69792175292969,14.412705421447754,204.12673950195312,13.787077903747559,165.89120483398438,13.41367244720459,154.36972045898438,5.783191680908203,130.38095092773438,2.9953041076660156,0.0,0.0,0.0,0.0,0.0001218600721411627,0.19474864329119682,0.7453286972345887,0.059800799402073244,0.0,0.0,0.0016735449907386345,0.2073977187794495,0.6707097130601501,0.11902479446267832,0.0011942287069833944,0.0,0.0,0.0,0.00022747213466350373,0.04912585708250739,0.5682091443798135,0.37129139180450393,0.01112988658889286,1.6248009618821694e-05,0.06481331036947974,0.0,0.0,0.0,0.0,0.0,1.6248009618821694e-05,0.9351704416209015,6.499203847528678e-05,0.10505963019530108,0.7635752120365256,0.13047964124394762,0.0008205244857504956,0.0,0.0,0.0,0.0,0.0,0.0,0.0,0.0001218600721411627,0.19474864329119682,0.7453286972345887,0.059800799402073244,0.0,0.0,0.0,0.0010804926396516426,0.3153901147109479,0.6610990153706171,0.02243037727878335,0.0,0.0,0.0,0.0,0.0,0.8669369252266598,0.13306307477334026,0.0,0.0,0.0,0.0,0.0,0.11994280700614175,0.8800571929938582,0.0,0.0,0.0
tip_middle_root_1_3_1,32,舌中,382320,203.71107482910156,6.693946361541748,163.31436157226562,15.015201568603516,180.64398193359375,13.398468971252441,166.20472717285156,3.689685583114624,50.58683395385742,17.289451599121094,203.71107482910156,6.693946361541748,181.7119903564453,10.893647193908691,145.73338317871094,5.612349510192871,124.90290832519531,2.1866281032562256,0.0,0.0,0.0,0.0,0.0,0.03703965264699728,0.9594057334170328,0.0035546139359698683,0.0,0.0,1.83092697216991e-05,0.01751412429378531,0.34261613308223476,0.6348739275999163,0.004977505754341913,0.0,0.0,0.0,0.0,0.0005021971123666039,0.07939945595312826,0.7007271395689475,0.21932935760619376,4.1849759363883655e-05,0.0,0.0,0.0,0.0,0.0,0.0,0.012732789286461602,0.9872672107135384,0.07833228708934924,0.7032355095208203,0.20209771918811467,0.016303096882192926,3.138731952291274e-05,0.0,0.0,0.0,0.0,0.0,0.0,0.0,0.0,0.03703965264699728,0.9594057334170328,0.0035546139359698683,0.0,0.0,0.0,0.0,0.03028091650973007,0.7788240217618748,0.19086890562879263,2.6156099602427287e-05,0.0,0.0,0.0,0.0,0.9790855827578991,0.020914417242100858,0.0,0.0,0.0,0.0,0.0,0.8746965892446118,0.12530341075538814,0.0,0.0,0.0
tip_middle_root_1_3_1,32,舌左邊,153022,199.99966430664062,9.228944778442383,154.81407165527344,16.742969512939453,168.79959106445312,17.510696411132812,170.15472412109375,4.748671531677246,58.07864761352539,14.479087829589844,199.99966430664062,9.228944778442383,174.5708465576172,13.687521934509277,147.08277893066406,3.9426279067993164,127.39744567871094,2.5573251247406006,0.0,0.0,0.0,0.0,0.001496516840715714,0.15264471775300284,0.8448915842166486,0.0009671811896328632,0.0,0.0,0.002025852491798565,0.06205643632941669,0.48272143874736967,0.45153638038974786,0.0016598920416672112,0.0,0.0,0.0,0.00022219027329403615,0.01788631700016991,0.2610866411365686,0.669792578844872,0.051012272745095476,0.0,0.0004313105305119525,0.0,0.0,0.0,0.0,0.0,0.0,0.9995686894694881,0.0058619022101397186,0.6490243232999177,0.3373501849407275,0.007691704460796487,7.188508841865875e-05,0.0,0.0,0.0,0.0,0.0,0.0,0.0,0.001496516840715714,0.15264471775300284,0.8448915842166486,0.0009671811896328632,0.0,0.0,0.0,0.0028427284965560507,0.14563918913620263,0.7735489014651488,0.07796918090209251,0.0,0.0,0.0,0.0,0.0,0.9980460325966201,0.0019539674033799063,0.0,0.0,0.0,0.0,0.0,0.5413469958568049,0.4586530041431951,0.0,0.0,0.0
tip_middle_root_1_3_1,32,舌右邊,131000,201.74546813964844,10.783329963684082,156.9250946044922,19.16217041015625,171.27615356445312,20.0382137298584,169.57034301757812,7.462921619415283,57.23994064331055,16.41546630859375,201.74546813964844,10.783329963684082,176.49951171875,15.702227592468262,146.98658752441406,4.576236724853516,127.15033721923828,2.6316819190979004,0.0,7.633587786259541e-06,0.0001450381679389313,0.0001603053435114504,0.0007480916030534351,0.15790076335877862,0.8392824427480916,0.0017557251908396946,0.0,0.00019083969465648855,0.0011068702290076336,0.08502290076335878,0.3908854961832061,0.5188015267175573,0.00399236641221374,0.0,0.0,0.00012977099236641222,0.00037404580152671754,0.025969465648854963,0.2315496183206107,0.610793893129771,0.13118320610687023,0.0,0.0015877862595419848,0.0,0.0,0.0,0.0,0.0,6.106870229007633e-05,0.9983511450381679,0.014290076335877862,0.671175572519084,0.29031297709923665,0.024213740458015266,7.633587786259541e-06,0.0,0.0,0.0,0.0,7.633587786259541e-06,0.0001450381679389313,0.0001603053435114504,0.0007480916030534351,0.15790076335877862,0.8392824427480916,0.0017557251908396946,0.0,0.00010687022900763359,0.00015267175572519084,0.0015038167938931297,0.1684885496183206,0.6669007633587787,0.1628473282442748,0.0,0.0,0.0,0.0,0.0,0.9907862595419847,0.009213740458015268,0.0,0.0,0.0,0.0,0.0,0.6069465648854961,0.3930534351145038,0.0,0.0,0.0
tip_middle_root_1_3_1,32,舌根,233151,181.4990692138672,23.641338348388672,148.77369689941406,26.801616668701172,163.21734619140625,27.78118133544922,166.11412048339844,5.0417890548706055,47.547916412353516,15.706279754638672,181.50027465820312,23.633100509643555,165.3838348388672,25.519628524780273,142.73516845703125,3.1168243885040283,125.21178436279297,2.0270984172821045,0.0020716188221367266,0.0018528764620353334,0.003422674575704157,0.017229177657397995,0.1377647962050345,0.4012335353483365,0.4364253209293548,0.0,0.0035470574863500476,0.008719670942865354,0.025815887557848777,0.151391158519586,0.3876500636926284,0.42251588026643677,0.00036028153428464816,0.0,0.002792181890706023,0.004992472689372982,0.014402683239617244,0.09555609883723423,0.22455404437467563,0.5686700893412424,0.08903242962715151,0.0,0.0004074612590123997,0.0,0.0,0.0,0.0,0.00012438291064589043,0.009633241976229997,0.9898349138541117,0.1021655493650038,0.7642429155354256,0.11881570312801575,0.01393946412410841,0.0008363678474465047,0.0,0.0,0.0,0.0020716188221367266,0.0018528764620353334,0.003422674575704157,0.017229177657397995,0.1377647962050345,0.4012335353483365,0.4364253209293548,0.0,0.002968033591964006,0.0031481743591063303,0.012442580130473384,0.06708956856286269,0.22762930461374817,0.6072330807073527,0.07948925803449267,0.0,0.0,0.0,0.0,0.0,1.0,0.0,0.0,0.0,0.0,0.0,0.0,0.8740901818992841,0.12590981810071583,0.0,0.0,0.0
tip_middle_root_1_3_1,34,舌尖,193362,199.82937622070312,11.05534553527832,149.40164184570312,16.853961944580078,167.80091857910156,16.492204666137695,168.65919494628906,4.421818256378174,64.81007385253906,13.638318061828613,199.82948303222656,11.055618286132812,171.10911560058594,14.098592758178711,149.81546020507812,3.814574956893921,125.88223266601562,2.124886989593506,0.0,0.0,0.0,0.0,5.688811658960913e-05,0.22873677351289293,0.7710253307268232,0.00018100764369421085,0.0,0.0,5.171646962691738e-06,0.12359201911440718,0.5621993980202935,0.3135104105253359,0.000693000693000693,0.0,0.0,0.0,0.0,0.003009898532286592,0.3224263298890165,0.6090028030326538,0.0654161624310878,0.0001448061149553687,0.0004654482266422565,0.0,0.0,0.0,0.0,0.0,0.0008481501018814452,0.9986864016714763,0.0013187699754863935,0.4835231327768641,0.507752298797075,0.00740579845057457,0.0,0.0,0.0,0.0,0.0,0.0,0.0,0.0,5.688811658960913e-05,0.22873677351289293,0.7710098157859352,0.00019652258458228606,0.0,0.0,0.0,5.688811658960913e-05,0.23559954903238486,0.7132270042717804,0.051116558579245144,0.0,0.0,0.0,0.0,0.0,0.9981537220343191,0.0018462779656809507,0.0,0.0,0.0,0.0,0.0,0.7510369152160197,0.2489630847839803,0.0,0.0,0.0
tip_middle_root_1_3_1,34,舌中,691745,199.3303985595703,8.551142692565918,174.73126220703125,11.63851547241211,189.9951934814453,11.502714157104492,159.348388671875,11.3772611618042,31.710193634033203,12.960533142089844,199.62637329101562,8.72651481628418,188.49598693847656,9.274345397949219,139.52337646484375,4.547919750213623,123.54955291748047,2.152923107147217,0.0,0.0,0.0,0.0,0.00036863295000325264,0.16765860251971462,0.8304389623343862,0.0015338021958958864,0.0,0.0,0.0,0.0020788007141359895,0.08635552118193843,0.8500762564239712,0.061466291769365876,2.3129910588439383e-05,0.0,0.0,0.0,3.903172411799146e-05,0.012135974961871788,0.5190482041792858,0.4673846576411828,0.0013921314935416954,0.003011225234732452,0.0,0.0,0.0,0.0,0.002036877751194443,0.33493989837295535,0.6600119986411177,0.5762542555421434,0.40582873746828674,0.01730550997838799,0.0006114970111818661,0.0,0.0,0.0,0.0,0.0,0.0,0.0,0.0,0.00036863295000325264,0.1646965283449826,0.8329384382973495,0.0019964004076646743,0.0,0.0,0.0,0.0,0.0068695834447664965,0.6184822441795749,0.37432869048565587,0.00031948189000281893,0.0,0.0,0.0,0.0,0.9996863005876443,0.0003136994123557091,0.0,0.0,0.0,0.0,0.0,0.9648410902861604,0.035158909713839635,0.0,0.0,0.0
tip_middle_root_1_3_1,34,舌左邊,284913,191.14791870117188,9.84149169921875,154.03512573242188,19.26490020751953,170.5775909423828,18.558626174926758,165.32073974609375,5.235661029815674,50.08674621582031,18.69369888305664,191.16616821289062,9.86068344116211,172.00328063964844,15.520661354064941,144.5992431640625,5.24694299697876,124.80180358886719,2.086188793182373,0.0,0.0,0.0,0.0,0.00416969390656095,0.4412048590271416,0.5546254470662975,0.0,0.0,0.0,0.001481153896101617,0.12792677062822685,0.39037530755002403,0.47744399167465157,0.002772776250995918,0.0,0.0,0.0,1.0529530067073107e-05,0.0161698483396686,0.24234064433704325,0.6532836339514168,0.08819534384180434,0.0,0.0001790020111402428,0.0,0.0,0.0,0.0,3.158859020121932e-05,0.07204655456226988,0.9277428548363886,0.16116498720662098,0.588028626282409,0.24508183199783792,0.005577141092193055,0.00014741342093902349,0.0,0.0,0.0,0.0,0.0,0.0,0.0,0.00416969390656095,0.4409310912453977,0.5548992148480413,0.0,0.0,0.0,0.0,0.00386433753461583,0.2156482856170129,0.7221467605900749,0.05834061625829639,0.0,0.0,0.0,0.0,0.0,0.9987118874884614,0.00128811251153861,0.0,0.0,0.0,0.0,0.0,0.8758357814490739,0.12416421855092608,0.0,0.0,0.0
tip_middle_root_1_3_1,34,舌右邊,254263,197.34674072265625,10.25864315032959,160.28334045410156,20.276952743530273,176.07510375976562,20.557640075683594,164.8714599609375,7.421642303466797,48.55174255371094,19.33106231689453,197.4876251220703,10.4169340133667,177.87278747558594,16.206708908081055,144.37234497070312,5.522792816162109,125.20704650878906,2.6968300342559814,0.0,0.0,0.0,0.0,0.0012978687422078713,0.24513594191840732,0.7512850867015649,0.002281102637819895,0.0,0.0,3.5396420242032855e-05,0.06914494047501996,0.3837797870708676,0.4991760499954771,0.047863826038393315,0.0,0.0,0.0,0.0,0.010555999103290687,0.21374718303488907,0.5287084632840798,0.24577701041834635,0.0012113441593940132,4.3262291406929044e-05,0.0,0.0,0.0,0.0,0.001411923874098866,0.1554217483471838,0.8431230654873104,0.24001132685447746,0.5069239330928998,0.2491672008904166,0.003897539162206062,0.0,0.0,0.0,0.0,0.0,0.0,0.0,0.0,0.0012978687422078713,0.24493929513928492,0.7509075248856499,0.002855311232857317,0.0,0.0,0.0,0.0006174708864443509,0.14811828697057772,0.6417292331168908,0.20940522215186638,0.00012978687422078713,0.0,0.0,0.0,0.0,0.9989263085859916,0.0010736914140083299,0.0,0.0,0.0,0.0,0.0,0.7753271219170701,0.22467287808292988,0.0,0.0,0.0
tip_middle_root_1_3_1,34,舌根,324962,127.1224594116211,41.93708801269531,105.70016479492188,42.22123336791992,113.98823547363281,43.47585678100586,167.14306640625,14.545354843139648,49.490081787109375,21.516075134277344,127.12733459472656,41.94331359863281,118.31820678710938,44.10672378540039,138.14364624023438,2.5103111267089844,126.61475372314453,1.8300769329071045,0.0011355173835710022,0.08898578910764951,0.17531588308786875,0.17320486703060667,0.2730596192785618,0.2845194207322702,0.0037789033794720615,0.0,0.04299579643158277,0.17710378444248867,0.17545128353469022,0.2178162369754002,0.30766058800721313,0.07888306940503813,8.924120358688092e-05,0.0,0.03037278204836258,0.14596783623931414,0.17117693761116684,0.18691416227128094,0.2991888282322241,0.1650962266357297,0.0012832269619217015,0.0,0.006825413432955237,0.0,0.0,0.0,0.0,1.2309131529224956e-05,0.01912223583065097,0.9740400416048646,0.24914913128304234,0.4701595878902764,0.25859331244884015,0.022085659246311878,1.2309131529224956e-05,0.0,0.0,0.0,0.0011355173835710022,0.08898578910764951,0.17531588308786875,0.17319255789907742,0.27307192841009104,0.2844917251863295,0.0038065989254128176,0.0,0.03174525021387116,0.12091259901157674,0.16366529009545733,0.18046725463284938,0.2885722022882676,0.21307106677088397,0.0015663369870938756,0.0,0.0,0.0,0.0,0.0,1.0,0.0,0.0,0.0,0.0,0.0,0.0,0.7135726638806998,0.2864273361193001,0.0,0.0,0.0
tip_middle_root_1_3_1,35,舌尖,164624,195.48648071289062,9.765609741210938,154.31024169921875,21.413135528564453,167.75643920898438,22.681547164916992,168.27432250976562,10.142926216125488,54.500667572021484,20.297147750854492,195.49102783203125,9.77312183380127,173.08782958984375,17.11652374267578,145.6268310546875,5.3680009841918945,127.14653778076172,3.434652090072632,0.0,0.0,0.0,0.0,0.0021928758868694723,0.28873675770240065,0.7088152395762465,0.0002551268344834289,0.0,0.0,0.0010265817863737972,0.14359996112353,0.38244727378754007,0.4629215667217417,0.010004616580814462,0.0,0.0,0.0,6.681893284089804e-05,0.06591384002332588,0.2518223345320245,0.5480974827485664,0.1338018757896783,0.00029764797356400036,0.002927884148119351,0.0,0.0,0.0,0.0,0.0,0.022603022645543785,0.9744690932063369,0.09773180095247351,0.6101783458062008,0.2554548546991933,0.036634998542132376,0.0,0.0,0.0,0.0,0.0,0.0,0.0,0.0,0.0021928758868694723,0.28873675770240065,0.7087362717465254,0.00033409466420449024,0.0,0.0,0.0,0.0034016911264457186,0.21736198853144134,0.6515271163378366,0.12766668286519584,4.2521139080571483e-05,0.0,0.0,0.0,0.0,0.9961730974827485,0.0038269025172514336,0.0,0.0,0.0,0.0,0.0,0.617406939449898,0.38259306055010206,0.0,0.0,0.0
tip_middle_root_1_3_1,35,舌中,459690,207.7406005859375,9.718358993530273,182.06936645507812,16.605859756469727,190.35984802246094,15.10782241821289,158.69790649414062,41.40899658203125,32.01314926147461,11.88357162475586,207.74183654785156,9.718321800231934,195.0263214111328,13.62944221496582,138.63504028320312,3.6892588138580322,127.22937774658203,2.3272767066955566,0.0,0.0,0.0,0.0,1.9578411538210534e-05,0.062468185081250405,0.9124845004241989,0.025027736083012463,0.0,0.0,4.133220213622224e-05,0.004431247144814984,0.09311057451760969,0.5832125997955143,0.3192042463399247,0.0,0.0,0.0,6.526137179403511e-06,0.0016315342948508777,0.037429572102938936,0.4273597424351193,0.5332006352106855,0.0003719898192260001,0.06384520002610455,0.0,0.0,0.0,0.0,0.0,0.015851987208771127,0.9203028127651244,0.5446888120254955,0.4388239900802715,0.015997737605777808,0.0004894602884552633,0.0,0.0,0.0,0.0,0.0,0.0,0.0,0.0,1.9578411538210534e-05,0.062468185081250405,0.9124823250451392,0.025029911462072268,0.0,0.0,0.0,9.354129957145032e-05,0.014559812047249232,0.3440536013400335,0.6400683069024777,0.001224738410668059,0.0,0.0,0.0,0.0,0.9999586677978638,4.133220213622224e-05,0.0,0.0,0.0,0.0,0.0,0.5697709325850029,0.43022906741499706,0.0,0.0,0.0
tip_middle_root_1_3_1,35,舌左邊,215592,201.12017822265625,10.349615097045898,154.18275451660156,21.421070098876953,164.35836791992188,22.726274490356445,164.3829803466797,36.132720947265625,60.386775970458984,19.864837646484375,201.1201934814453,10.349638938903809,174.22125244140625,17.06101417541504,147.19760131835938,5.523659706115723,129.760986328125,3.695683002471924,0.0,0.0,0.0,2.7830346209506846e-05,0.0005334149690155479,0.1574316301161453,0.8399987012505102,0.0020084233181194107,0.0,1.3915173104753423e-05,0.000844187168355041,0.12317247393224239,0.45099539871609334,0.3977188392890274,0.02725518572117704,0.0,0.0,0.0,0.00016698207725704108,0.07640821551820105,0.30851794129652305,0.5014842851311737,0.11342257597684516,0.0,0.0464674013878066,0.0,0.0,0.0,0.0,0.0,0.0004313703662473561,0.953101228245946,0.0545428401795985,0.543962670228951,0.35274036142342946,0.048749489776986156,4.6383910349178074e-06,0.0,0.0,0.0,0.0,0.0,0.0,2.7830346209506846e-05,0.0005334149690155479,0.1574316301161453,0.8399987012505102,0.0020084233181194107,0.0,0.0,1.855356413967123e-05,0.0023980481650525067,0.18599484210916917,0.6520835652528851,0.15950499090875356,0.0,0.0,0.0,0.0,0.0,0.985268470073101,0.014731529926898957,0.0,0.0,0.0,0.0,0.0,0.2999508330550299,0.7000491669449701,0.0,0.0,0.0
tip_middle_root_1_3_1,35,舌右邊,212621,195.152587890625,16.8216552734375,153.03321838378906,30.60517120361328,163.79446411132812,31.639907836914062,167.5950469970703,24.103294372558594,57.029205322265625,26.339265823364258,195.15415954589844,16.823272705078125,171.84844970703125,25.405473709106445,145.65969848632812,6.625319480895996,128.8052520751953,3.75164532661438,0.0,0.0,0.0001363929244994615,0.0029912379304019828,0.0364827557014594,0.28174545317724964,0.6752813691968338,0.0033627910695556884,0.00040447556920529955,0.0038707371332088554,0.025947578084949276,0.20487157900677733,0.24877128787843159,0.45539245888223645,0.06074188344519121,0.0,0.0001363929244994615,0.001904797738699376,0.009956683488460688,0.16567977763250102,0.1856872086952841,0.4377883652132198,0.19882325828587016,2.3516021465424395e-05,0.01990866377262829,0.0,0.0,0.0,0.0,0.0,0.005700283603218873,0.9743910526241528,0.15423688158742552,0.4925901016362448,0.24191401601911383,0.10529533771358426,0.004712610701671048,0.0012228331162020686,2.8219225758509274e-05,0.0,0.0,0.0,0.0001363929244994615,0.0029912379304019828,0.0364827557014594,0.28174545317724964,0.6752813691968338,0.0033627910695556884,0.0,0.0005926037409286947,0.0041811486165524575,0.057548407730186574,0.22399010445816736,0.46809581367785874,0.24556370255054769,2.8219225758509274e-05,0.0,0.0,0.0,0.0,0.9826686921799822,0.017331307820017777,0.0,0.0,0.0,0.0,0.0,0.43520630605631616,0.5647936939436838,0.0,0.0,0.0
tip_middle_root_1_3_1,35,舌根,219101,177.39593505859375,26.874465942382812,147.14703369140625,35.42557144165039,150.58262634277344,34.95033645629883,129.68280029296875,75.5624771118164,46.92995071411133,28.48283576965332,177.39630126953125,26.874805450439453,162.44110107421875,31.872432708740234,140.14439392089844,6.560019016265869,130.6676788330078,3.3085296154022217,5.4769261664711705e-05,0.0007895901889995938,0.006380618983938914,0.05162002911899079,0.17035522430294706,0.40627381892369274,0.36441184659129805,0.00011410262846814939,0.001853026686322746,0.021611037831867495,0.06116813706920553,0.19595985413119976,0.2923720110816473,0.3508336338035883,0.07620229939616889,0.0,0.0010771288127393302,0.017667650992008253,0.054454338410139615,0.1784656391344631,0.2827463133440742,0.3643935901707432,0.10119533913583233,0.0,0.25868435105271087,0.0,0.0,0.0,0.0,0.0,0.002816052870593927,0.7384995960766952,0.37205215859352536,0.3960228387821142,0.15633429331678084,0.061679316844742836,0.01141939105709239,0.00189410363257128,0.0005340003012309391,6.389747194216365e-05,5.4769261664711705e-05,0.0007895901889995938,0.006380618983938914,0.05162002911899079,0.17035522430294706,0.40627381892369274,0.36441184659129805,0.00011410262846814939,0.0007895901889995938,0.005549951848690786,0.030985709786810648,0.10062939009863031,0.27044148589006894,0.4000757641453028,0.19152810804149684,0.0,0.0,0.0,0.0,0.0,0.998767691612544,0.0012323083874560133,0.0,0.0,0.0,0.0,0.0,0.12330842853295969,0.8766915714670404,0.0,0.0,0.0
tip_middle_root_1_3_1,36,舌尖,113109,215.90187072753906,15.321524620056152,154.18670654296875,19.029172897338867,164.52999877929688,20.518850326538086,170.3306121826172,26.560161590576172,73.64788818359375,13.802740097045898,215.90187072753906,15.321524620056152,178.1095428466797,16.323116302490234,152.58717346191406,4.532512664794922,132.0004425048828,2.6579251289367676,0.0,0.0,0.0,0.0,0.008991326950110071,0.05306385875571352,0.6225676117727148,0.3153772025214616,0.0,0.0,0.0,0.08624424227957103,0.5318498085917124,0.35358813180206705,0.027522124676197298,0.0007956926504522186,0.0,0.0,3.536411779787638e-05,0.03909503222555234,0.34846033472137494,0.5242288412062701,0.08361845653307871,0.004561971195926054,0.02543564172612259,0.0,0.0,0.0,0.0,0.0,8.841029449469095e-06,0.9745555172444279,0.0011404927989815134,0.23153772025214617,0.7085201000804534,0.05879284583896949,8.841029449469095e-06,0.0,0.0,0.0,0.0,0.0,0.0,0.0,0.008991326950110071,0.05306385875571352,0.6225676117727148,0.3153772025214616,0.0,0.0,0.0,0.0007514875032048732,0.13201425173947254,0.6770460352403433,0.18470678725830836,0.00548143825867084,0.0,0.0,0.0,0.0,0.9469449822737359,0.053055017726264045,0.0,0.0,0.0,0.0,0.0,0.03219902925496645,0.9678009707450336,0.0,0.0,0.0
tip_middle_root_1_3_1,36,舌中,425216,216.97674560546875,9.047300338745117,173.0222930908203,13.87002944946289,182.7900390625,13.660067558288574,169.64727783203125,24.846227645874023,51.81031799316406,12.014768600463867,216.97674560546875,9.047300338745117,191.06680297851562,11.106778144836426,145.55184936523438,4.226551532745361,129.2581787109375,1.975418210029602,0.0,0.0,0.0,0.0,0.0,0.003990912853702589,0.7716148968994582,0.22439419024683926,0.0,0.0,0.0,0.0004115555388320289,0.17058389148103553,0.742265107615894,0.08656541616496087,0.00017402919927754366,0.0,0.0,0.0,4.7034918723660445e-06,0.04230555764599639,0.6889110475617098,0.26679616947621915,0.0019825218242022877,0.021057533112582783,0.0,0.0,0.0,0.0,0.0,0.0,0.9789424668874173,0.021878292444310655,0.8047533488862131,0.17278042218543047,0.0005879364840457556,0.0,0.0,0.0,0.0,0.0,0.0,0.0,0.0,0.0,0.003990912853702589,0.7716148968994582,0.22439419024683926,0.0,0.0,0.0,0.0,0.0024034843467790486,0.5112319385912101,0.4845255117399157,0.0018390653220951233,0.0,0.0,0.0,0.0,0.9990146184527393,0.0009853815472606864,0.0,0.0,0.0,0.0,0.0,0.16259030704394942,0.8374096929560506,0.0,0.0,0.0
tip_middle_root_1_3_1,36,舌左邊,133701,211.0485382080078,11.306644439697266,165.04501342773438,16.985321044921875,174.28173828125,16.424440383911133,173.4005889892578,9.814130783081055,55.99005126953125,12.260114669799805,211.0485382080078,11.306644439697266,184.04995727539062,14.16012191772461,146.37838745117188,3.7482717037200928,129.89694213867188,1.581031084060669,0.0,0.0,0.0,0.0,5.983500497378479e-05,0.05519031271269474,0.8303303640212115,0.11441948826111996,0.0,0.0,0.0,0.01175757847734871,0.3598103230342331,0.5726135182234987,0.05580362151367604,1.4958751243446198e-05,0.0,0.0,0.0,0.001204179475097419,0.186483272376422,0.6617601962588163,0.14989416683495263,0.0006581850547116327,0.003111420258636809,0.0,0.0,0.0,0.0,0.0,0.0,0.9968885797413632,0.006544453669007712,0.7365689112272907,0.2557422906335779,0.001144344470123634,0.0,0.0,0.0,0.0,0.0,0.0,0.0,0.0,5.983500497378479e-05,0.05519031271269474,0.8303303640212115,0.11441948826111996,0.0,0.0,0.0,0.0,0.046020598200462226,0.6422764227642277,0.3108204127119468,0.0008825663233633256,0.0,0.0,0.0,0.0,0.9994540055796142,0.0005459944203857862,0.0,0.0,0.0,0.0,0.0,0.044090919290057665,0.9559090807099423,0.0,0.0,0.0
tip_middle_root_1_3_1,36,舌右邊,131112,195.1197509765625,14.934309005737305,149.30686950683594,18.008617401123047,155.73756408691406,19.60788345336914,157.4425048828125,52.01350021362305,61.01658248901367,13.280263900756836,195.1197509765625,14.934309005737305,168.9361114501953,16.00885009765625,146.20587158203125,4.049292087554932,131.4569549560547,2.566574811935425,0.0,0.0,0.0,0.0010754164378546586,0.016977850997620354,0.3723000183049606,0.606016230398438,0.0036304838611263654,0.0,0.0,0.0015559216547684422,0.09835865519555799,0.5891070230032339,0.3051513210079932,0.005827079138446519,0.0,0.0,0.0,0.00038898041369211055,0.07523338824821527,0.48582128256757584,0.4190539386173653,0.019502410153151503,0.0,0.10194337665507353,0.0,0.0,0.0,0.0,0.0,0.0,0.8980566233449265,0.005705046067484288,0.5641970223930686,0.4279776069314784,0.0021203246079687594,0.0,0.0,0.0,0.0,0.0,0.0,0.0,0.0010754164378546586,0.016977850997620354,0.3723000183049606,0.606016230398438,0.0036304838611263654,0.0,0.0,2.288120080541827e-05,0.0056440295320031725,0.30079626578802854,0.6099670510708401,0.08356977240832265,0.0,0.0,0.0,0.0,0.0,0.9996644090548539,0.0003355909451461346,0.0,0.0,0.0,0.0,0.0,0.008351638293977668,0.9916483617060223,0.0,0.0,0.0
tip_middle_root_1_3_1,36,舌根,175121,182.556884765625,20.12857437133789,143.66229248046875,21.854530334472656,148.56903076171875,21.03541374206543,152.1969757080078,59.248233795166016,55.61735153198242,10.992144584655762,182.556884765625,20.12857437133789,161.45835876464844,20.621803283691406,143.48410034179688,2.4340362548828125,131.1189422607422,2.0132339000701904,0.0,0.0,0.00019415147241050475,0.019363754204235927,0.10031920786199257,0.5077403623780129,0.3707151055555873,0.0016674185277608055,0.0,0.00021128248468201986,0.029453920432158335,0.17424523615100415,0.5624054225364177,0.2284020762786873,0.005282062117050497,0.0,0.0,4.5682699390707e-05,0.020642869787175725,0.1289108673431513,0.528725852410619,0.3152106257958783,0.00646410196378504,0.0,0.13360476470554644,0.0,0.0,0.0,0.0,0.0,0.0,0.8663952352944535,0.005293482791898173,0.7919495662998727,0.2011409254172829,0.00161602549094626,0.0,0.0,0.0,0.0,0.0,0.0,0.00019415147241050475,0.019363754204235927,0.10031920786199257,0.5077403623780129,0.3707151055555873,0.0016674185277608055,0.0,0.0,0.008457009724704633,0.055767155281205565,0.34204921168791863,0.5511275061243369,0.042599117181834276,0.0,0.0,0.0,0.0,0.0,1.0,0.0,0.0,0.0,0.0,0.0,0.0,0.020608607762632694,0.9793913922373673,0.0,0.0,0.0
tip_middle_root_1_3_1,37,舌尖,277888,194.79849243164062,13.155815124511719,148.35748291015625,17.361820220947266,165.77772521972656,18.219545364379883,168.35194396972656,3.739398241043091,61.34468460083008,12.243731498718262,194.83203125,13.09617805480957,168.9550018310547,15.233768463134766,148.23431396484375,3.1456496715545654,125.75267791748047,2.2285473346710205,0.0,0.0,0.0,0.0,0.007578592814371257,0.3607424573929065,0.6290519921695071,0.002626957623215108,0.0,0.0,0.0003418643482266237,0.12657257600184246,0.5910726623675725,0.2775326750345463,0.0044190465223399355,6.117572547213265e-05,0.0,0.0,0.0,0.02061262091202211,0.3456752360663289,0.5720614060340857,0.06048479963150622,0.0011659373560571164,7.557001381851682e-05,0.0,0.0,0.0,0.0,0.0003166743436204514,0.010522224781206816,0.9890855308613542,0.007096384154767388,0.5740658106863197,0.4136522627821281,0.005185542376784892,0.0,0.0,0.0,0.0,0.0,0.0,0.0,0.0,0.006700541225241824,0.36160611469368953,0.6290196050207277,0.002673739060340857,0.0,0.0,0.0,0.0024830147397512667,0.2723543298019346,0.676524355135882,0.048271245969599266,0.0003670543528327959,0.0,0.0,0.0,0.0,0.9999856057116536,1.4394288346384155e-05,0.0,0.0,0.0,0.0,0.0,0.7756038403961308,0.2243961596038692,0.0,0.0,0.0
tip_middle_root_1_3_1,37,舌中,699130,203.32557678222656,9.777872085571289,169.80645751953125,16.997657775878906,188.34849548339844,15.46633529663086,162.53965759277344,4.372107028961182,42.48973083496094,13.460010528564453,203.34494018554688,9.802452087402344,186.1212158203125,13.898691177368164,143.36474609375,4.070295333862305,123.22549438476562,1.6769963502883911,0.0,0.0,0.0,0.0,0.0002917912262383248,0.12098036130619484,0.8764435798778482,0.00228426758971865,0.0,0.0,0.00010298513867234992,0.017149886287242715,0.22623546407678113,0.6655314462260238,0.09097878792213179,1.4303491482270822e-06,0.0,0.0,0.0,0.001357401341667501,0.04815556477336118,0.4905983150487034,0.45875016091427917,0.0011385579219887574,0.0,0.0,0.0,0.0,0.0,0.0,0.13349734670233004,0.86650265329767,0.21857737473717334,0.7171055454636477,0.0630083103285512,0.0013087694706277802,0.0,0.0,0.0,0.0,0.0,0.0,0.0,0.0,0.0002917912262383248,0.12097750060789839,0.8760116144350836,0.0027190937307796834,0.0,0.0,0.0,0.00024602005349505816,0.044375151974597,0.5859010484459256,0.36939767997368156,8.00995523007166e-05,0.0,0.0,0.0,0.0,0.9996924749331312,0.00030752506686882266,0.0,0.0,0.0,0.0,0.0,0.9885643585599245,0.011435641440075523,0.0,0.0,0.0
tip_middle_root_1_3_1,37,舌左邊,325713,200.3092041015625,11.597025871276855,169.71336364746094,16.763490676879883,185.2460479736328,17.563175201416016,163.5973358154297,7.4810991287231445,39.48941421508789,10.984694480895996,200.38626098632812,11.552483558654785,185.0909423828125,14.473124504089355,141.78936767578125,2.904977560043335,124.31178283691406,2.058931350708008,0.0,0.0,0.0,0.0,0.005099581533435878,0.16652390294523092,0.8252510645875356,0.003125450933797546,0.0,0.0,3.377206313533694e-05,0.019016741732752453,0.21237715412034522,0.6890053513369132,0.07912794392609444,0.0004390368207593802,0.0,0.0,0.0,0.003595189630134505,0.07459020671572826,0.5355512368250577,0.3828155462017175,0.0034478206273621257,0.0009763196433670133,0.0,0.0,0.0,0.0,0.000985530206040287,0.1316342915388701,0.8664038586117226,0.24099130215864886,0.7339314058695846,0.02498211615747606,9.5175814290495e-05,0.0,0.0,0.0,0.0,0.0,0.0,0.0,0.0,0.004473263271653265,0.1671471510194558,0.8242624641939376,0.004117121514953349,0.0,0.0,0.0,0.0004298262580861065,0.06279147593126463,0.5909834731803766,0.3445794303574005,0.0012157942728721297,0.0,0.0,0.0,0.0,1.0,0.0,0.0,0.0,0.0,0.0,0.0,0.9394466907983409,0.060553309201659127,0.0,0.0,0.0
tip_middle_root_1_3_1,37,舌右邊,278465,196.4014129638672,18.664281845092773,159.53582763671875,26.314516067504883,173.6762237548828,26.96076011657715,166.42977905273438,11.772150993347168,49.570701599121094,20.632930755615234,196.43399047851562,18.626569747924805,176.80389404296875,23.2877140045166,144.05532836914062,4.475822448730469,126.05313873291016,2.7790634632110596,0.0013394861113604942,0.001993069146930494,0.0017524644030668128,0.001723735478426373,0.021665200294471477,0.26595083762770905,0.7020164113982008,0.0035587955398344497,0.004977286193956152,0.0016231842421848346,0.0035192932684538453,0.08743289102759773,0.37577433429694934,0.42885820480132153,0.09779325947605624,2.1546693480329666e-05,0.004435027741367856,0.0017452821719067028,0.0027400211875819223,0.022512703571364444,0.2569766397931517,0.42561901854811196,0.28470005207117594,0.0012712549153394502,0.0040328227964017025,0.0,0.0,0.0,0.0,3.9502271380604385e-05,0.05708437326055339,0.9388433016716643,0.19140646041692852,0.5877076113694719,0.21053633311188122,0.003806582514858241,0.0015010863124629665,0.001795557790027472,0.00254969206183901,0.0006966764225306591,0.0013394861113604942,0.001993069146930494,0.0017524644030668128,0.001723735478426373,0.020332896414271093,0.26728314150790944,0.7015890686441744,0.003986138293860988,0.0033253730271308782,0.002068482574111648,0.001791966674447417,0.007135546657569174,0.19378377893092488,0.5072486667983409,0.2845025407142729,0.00014364462320219776,0.0,0.0,0.0,0.0,0.9992458657281884,0.0007541342718115383,0.0,0.0,0.0,0.0,0.0,0.7097911766290198,0.2902088233709802,0.0,0.0,0.0
tip_middle_root_1_3_1,37,舌根,317662,148.42279052734375,34.19115447998047,110.9725341796875,35.50628662109375,126.7580795288086,36.41828536987305,167.02508544921875,3.2818734645843506,68.93148040771484,23.84467315673828,148.4234161376953,34.19194793701172,129.2625732421875,35.6911735534668,145.5740966796875,3.6504604816436768,125.29422760009766,2.145498275756836,0.0,0.012450340298808166,0.08666129407987105,0.15836643980079457,0.28008071472193713,0.40839319780143674,0.053991349295792385,5.6664001359936034e-05,0.007844816188275589,0.11789889882957358,0.1890374045368977,0.3088912114133891,0.31055335545328056,0.06549728957193494,0.0002770240066485762,0.0,0.00014480800347539208,0.07646806983523367,0.13712373529096963,0.22592881742229162,0.368029540832709,0.18670788448098924,0.005575108133802595,2.203600052886401e-05,0.0,0.0,0.0,0.0,0.0,0.0,0.0072341041736185005,0.9927658958263815,0.0181608124358595,0.45047881081149144,0.3798534291164823,0.13546159125107818,0.0158848083812354,0.00016054800385315209,0.0,0.0,0.0,0.012450340298808166,0.08666129407987105,0.15836643980079457,0.28008071472193713,0.4083837538012101,0.05399764529594349,5.9812001435488036e-05,0.00014795600355094408,0.06201245348829888,0.12659682303832376,0.22497497339939937,0.37683449704402794,0.20405966089743185,0.005367340128816163,6.2960001511040035e-06,0.0,0.0,0.0,0.0,0.9998111199954669,0.0001888800045331201,0.0,0.0,0.0,0.0,0.0,0.8644911887477885,0.13550881125221148,0.0,0.0,0.0
tip_middle_root_1_3_1,38,舌尖,154370,187.74636840820312,16.961095809936523,137.5423126220703,17.730024337768555,149.8929901123047,17.605642318725586,170.1854705810547,19.168550491333008,68.59839630126953,12.773859977722168,187.74639892578125,16.961048126220703,159.26002502441406,16.32081413269043,149.0464324951172,3.7292346954345703,129.1416473388672,2.496856212615967,0.0,0.0,0.0,0.0007903089978622789,0.0653559629461683,0.4577897259830278,0.4750793547969165,0.0009846472760251343,0.0,0.00011012502429228477,0.0066787588261968,0.29530349161106434,0.580287620651681,0.11743214355120814,0.00018786033555742696,0.0,0.0,0.0,0.001619485651357129,0.11038414199650191,0.5734857809159811,0.3123793483189739,0.0021312431171859815,0.0,0.012599598367558463,0.0,0.0,0.0,0.0,0.0,0.002714257951674548,0.984686143680767,5.182354084342813e-05,0.3764138109736348,0.5951350651033231,0.02833452095614433,6.477942605428517e-05,0.0,0.0,0.0,0.0,0.0,0.0,0.0007903089978622789,0.0653559629461683,0.4577897259830278,0.4750793547969165,0.0009846472760251343,0.0,0.0,0.0004534559823799961,0.01890911446524584,0.47625186240849904,0.49205804236574463,0.012327524778130466,0.0,0.0,0.0,0.0,0.0,0.9920386085379284,0.007961391462071647,0.0,0.0,0.0,0.0,0.0,0.18463432013992356,0.8153656798600765,0.0,0.0,0.0
tip_middle_root_1_3_1,38,舌中,554250,200.97137451171875,12.660280227661133,163.4346923828125,12.574055671691895,168.91729736328125,12.128053665161133,146.72183227539062,63.407230377197266,48.27994155883789,8.523679733276367,200.97137451171875,12.660280227661133,180.17446899414062,11.482474327087402,142.6611328125,3.338029146194458,130.47561645507812,2.175095319747925,0.0,0.0,0.0,0.0,0.007648173207036536,0.18395669824086602,0.7981001353179973,0.010294993234100136,0.0,0.0,1.8042399639152007e-06,0.01339828597203428,0.31072440234551196,0.6739702300405954,0.0019052774018944519,0.0,0.0,0.0,0.0,0.005434370771312585,0.1795254848894903,0.7990509697789806,0.01598917456021651,0.0,0.16197383852052322,0.0,0.0,0.0,0.0,0.0,0.0,0.8380261614794767,0.001726657645466847,0.947787099684258,0.05000992331980153,0.00047631935047361297,0.0,0.0,0.0,0.0,0.0,0.0,0.0,0.0,0.007648173207036536,0.18395669824086602,0.7981001353179973,0.010294993234100136,0.0,0.0,0.0,0.0006856111862877763,0.049961208840775824,0.8118249887235002,0.1375281912494362,0.0,0.0,0.0,0.0,0.0,0.9996842580063149,0.0003157419936851601,0.0,0.0,0.0,0.0,0.0,0.04929544429409111,0.9507045557059088,0.0,0.0,0.0
tip_middle_root_1_3_1,38,舌左邊,188405,183.65347290039062,9.44704532623291,140.12989807128906,15.310227394104004,150.5900115966797,14.909652709960938,172.28575134277344,8.213501930236816,60.7623405456543,15.157452583312988,183.65347290039062,9.44704532623291,159.90475463867188,12.670400619506836,146.2021942138672,4.336907863616943,129.0413360595703,1.7000133991241455,0.0,0.0,0.0,0.0,0.004155940659748945,0.7756641278097715,0.22017993153047954,0.0,0.0,0.0,0.0,0.25216952840954326,0.6453809612271436,0.10244951036331308,0.0,0.0,0.0,0.0,0.0,0.061882646426581034,0.6193306971683342,0.3187866564050848,0.0,0.0,0.0021283936201268545,0.0,0.0,0.0,0.0,0.0,0.0,0.9978716063798732,0.0009394655131233248,0.5267163822616172,0.4659802022239325,0.006363950001326928,0.0,0.0,0.0,0.0,0.0,0.0,0.0,0.0,0.004155940659748945,0.7756641278097715,0.22017993153047954,0.0,0.0,0.0,0.0,0.00012207743955839812,0.45469069292216235,0.5451553833496988,3.184628858045169e-05,0.0,0.0,0.0,0.0,0.0,1.0,0.0,0.0,0.0,0.0,0.0,0.0,0.1897136487885141,0.8102863512114858,0.0,0.0,0.0
tip_middle_root_1_3_1,38,舌右邊,188276,179.29559326171875,13.840517044067383,136.29820251464844,18.160600662231445,146.30726623535156,20.206829071044922,169.9259796142578,21.45548439025879,61.89459991455078,15.088191032409668,179.29559326171875,13.840517044067383,155.94921875,16.385643005371094,146.03623962402344,3.5987977981567383,129.218505859375,2.802396059036255,0.0,0.0007435891988357518,0.0015668486689753341,0.002331683273492107,0.05816992075463681,0.7571331449574029,0.18005481314665703,0.0,0.0009879113641674988,0.002368862733433895,0.010665193651872783,0.27505364464934456,0.6217786653636151,0.08914572223756613,0.0,0.0,0.0005576918991268138,0.0024963351675200236,0.006001827104888568,0.16848668975334083,0.5485829314410758,0.2735664662516731,0.00030805838237481144,0.0,0.015477278038624148,0.0,0.0,0.0,0.0,0.0,0.0,0.9845227219613758,0.00018589729970893795,0.5388153561792263,0.4417822770825809,0.01788332023199983,0.0012322335294992458,0.00010091567698485203,0.0,0.0,0.0,0.0007435891988357518,0.0015668486689753341,0.002331683273492107,0.05816992075463681,0.7571331449574029,0.18005481314665703,0.0,0.0002974356795343007,0.0016836984002209523,0.0025069578703605347,0.039808578894814,0.5054813146657036,0.4497652382672247,0.0004567762221419618,0.0,0.0,0.0,0.0,0.0,0.9998990843230151,0.00010091567698485203,0.0,0.0,0.0,0.0,0.0,0.2852036372134526,0.7147963627865475,0.0,0.0,0.0
tip_middle_root_1_3_1,38,舌根,288717,173.09071350097656,24.380659103393555,137.76876831054688,28.881921768188477,139.16749572753906,25.463186264038086,102.82427215576172,83.39360046386719,58.306419372558594,16.95142936706543,173.09165954589844,24.37457275390625,154.501708984375,26.93105697631836,141.75978088378906,4.489080429077148,132.4040069580078,3.7003962993621826,0.0012226505540027085,0.0020123511951149397,0.005683766456426189,0.035210950515556755,0.1986097112397261,0.5238035862107184,0.23345698382845487,0.0,0.0024175923135804265,0.011319042522608645,0.08184485153281587,0.22452782482500164,0.41668138696370494,0.26291489590152295,0.0002944059407655247,0.0,0.0019950331985993204,0.007495228891959947,0.05641164184997766,0.22157337461943702,0.488377892538368,0.22413643810374864,1.039079790937146e-05,0.0,0.4230232372877247,0.0,0.0,0.0,0.0,0.00021127955749055302,0.0006130570766529162,0.5761524260781319,0.005441314505207522,0.6933571628965388,0.26723400423251836,0.03373199361312289,0.00023552475261241976,0.0,0.0,0.0,0.0012226505540027085,0.0020123511951149397,0.005683766456426189,0.035210950515556755,0.1986097112397261,0.5238035862107184,0.23345698382845487,0.0,0.0019569336062649585,0.0039831391985923935,0.020795450215955417,0.13565186670684443,0.3189593962253695,0.49658662288677147,0.02206659116020186,0.0,0.0,0.0,0.0,0.0,1.0,0.0,0.0,0.0,0.0,0.0,0.0,0.04472545780123789,0.9552745421987621,0.0,0.0,0.0
tip_middle_root_1_3_1,39,舌尖,153963,204.19932556152344,13.08621597290039,149.16650390625,18.678298950195312,156.48809814453125,24.872718811035156,145.81549072265625,63.32095718383789,71.55512237548828,17.075576782226562,204.19932556152344,13.08621597290039,171.34849548339844,16.321781158447266,149.84536743164062,3.4084067344665527,132.5659942626953,5.281040668487549,0.0,0.0,0.0,5.845560296954463e-05,0.009638679422978249,0.11341685989490982,0.8456252476244293,0.03126075745471314,0.0,0.0,0.004085397140871508,0.11331293882296396,0.5741444372998707,0.30257269603735965,0.005780609626988302,0.00010392107194585712,0.0,2.598026798646428e-05,0.029260276819755397,0.08987224203217656,0.3689717659437657,0.47458805037573965,0.03693095094275897,0.00035073361781726777,0.16561771334671316,0.0,0.0,0.0,0.0,0.0,0.0,0.8343822866532868,0.0005715658957022141,0.34276417061241987,0.573884634620006,0.07316043464988341,0.0096191942219884,0.0,0.0,0.0,0.0,0.0,0.0,5.845560296954463e-05,0.009638679422978249,0.11341685989490982,0.8456252476244293,0.03126075745471314,0.0,0.0,0.0,0.012704351045381033,0.2047115215993453,0.6869637510310919,0.09515273150042543,0.00046764482375635704,0.0,0.0,0.0,0.0,0.9943622818469372,0.005637718153062749,0.0,0.0,0.0,0.0,0.0,0.04825185271786078,0.9517481472821392,0.0,0.0,0.0
tip_middle_root_1_3_1,39,舌中,555616,210.9645233154297,10.589362144470215,178.64614868164062,17.71040916442871,179.12677001953125,15.748138427734375,101.79666900634766,83.03115844726562,43.294193267822266,12.425250053405762,210.9646759033203,10.589789390563965,192.89328002929688,14.086847305297852,139.7882843017578,5.706392765045166,132.18508911132812,3.0115294456481934,0.0,0.0,0.0,3.059667108218626e-05,0.0004895467373149801,0.03584130046650924,0.8690246501180672,0.09461390600702643,0.0,2.5197258538271036e-05,0.00039055750734320107,0.0025359240914588493,0.12983967344352934,0.6303580170477452,0.23083928468582618,0.0060113459655589474,0.0,2.339745435696596e-05,0.00047514830386453954,0.002476530553475782,0.09124107297126073,0.707776593906583,0.19252685307838507,0.00548040373207395,0.43531863733225823,0.002456732707481426,0.0,0.0,0.0,1.6198237631745668e-05,0.0003131659275470829,0.5618952657950815,0.1780294303979727,0.7703197892069343,0.05074547889189656,0.0007721159937798767,0.00013318550941657548,0.0,0.0,0.0,0.0,0.0,0.0,3.059667108218626e-05,0.0004895467373149801,0.03584130046650924,0.8690246501180672,0.09461390600702643,0.0,0.0,5.039451707654207e-05,0.0006299314634567759,0.009695545124690433,0.4534534642630882,0.520659952197201,0.015510712434487128,0.0,0.0,0.0,0.0044365173069170075,0.995433896792029,0.00012958590105396534,0.0,0.0,0.0,0.0,0.0,0.03670160686517307,0.9632983931348269,0.0,0.0,0.0
tip_middle_root_1_3_1,39,舌左邊,183405,209.43582153320312,10.948113441467285,159.13197326660156,21.58648109436035,168.40786743164062,20.499832153320312,173.93064880371094,8.829475402832031,62.0091438293457,17.52069664001465,209.43582153320312,10.948113441467285,179.65652465820312,17.211103439331055,148.1442108154297,5.203496932983398,130.6410675048828,2.0556020736694336,0.0,0.0,0.0,0.0,0.0,0.07180829312177966,0.8517270521523405,0.07646465472587988,0.0,0.0,0.0,0.08536299446579973,0.38430795234590115,0.48887434911807204,0.04094217714893269,0.0005125269212944031,0.0,0.0,0.0,0.01571930972438047,0.3054387830211826,0.5665058204520051,0.11107112674136474,0.0012649600610670374,0.0024863008096834872,0.0,0.0,0.0,0.0,0.0,4.3619312450587495e-05,0.997470079877866,0.007835118998936779,0.5744281780758431,0.39184318857174016,0.02589351435348,0.0,0.0,0.0,0.0,0.0,0.0,0.0,0.0,0.0,0.07180829312177966,0.8517270521523405,0.07646465472587988,0.0,0.0,0.0,0.0,0.171712875875794,0.5357978244867915,0.29082631335023584,0.0016629862871786482,0.0,0.0,0.0,0.0,0.9870723262724571,0.01292767372754287,0.0,0.0,0.0,0.0,0.0,0.02228401624819389,0.9777159837518061,0.0,0.0,0.0
tip_middle_root_1_3_1,39,舌右邊,198668,206.20213317871094,17.04927635192871,161.94125366210938,26.57046127319336,166.57827758789062,25.07026481628418,139.14781188964844,70.54976654052734,56.96466064453125,18.02894401550293,206.20213317871094,17.04927635192871,180.32086181640625,22.366073608398438,145.17774963378906,5.36657190322876,132.1051025390625,2.3691976070404053,0.0,0.0,0.0,0.0,0.013112328105180503,0.17479916242172872,0.6870104898624841,0.12507801961060663,0.0,0.0,0.004892584613526083,0.11499587251092275,0.3051523144139972,0.4564751243280246,0.11679787383977289,0.0016862302937564178,0.0,0.0,0.0026778343769504904,0.08283669237119214,0.2594932248776854,0.5105452312400588,0.14124066281434353,0.003206354319769666,0.2115791169186784,0.0,0.0,0.0,0.0,0.0,0.0,0.7884208830813216,0.03739907785853786,0.6115126744115811,0.3324742786961161,0.01860893551049993,5.0335232649445305e-06,0.0,0.0,0.0,0.0,0.0,0.0,0.0,0.013112328105180503,0.17479916242172872,0.6870104898624841,0.12507801961060663,0.0,0.0,2.5167616324722654e-05,0.015105603318098536,0.18357259347252702,0.430129663559305,0.36402440252078844,0.007142569512956289,0.0,0.0,0.0,0.0,0.9997835584996074,0.00021644150039261482,0.0,0.0,0.0,0.0,0.0,0.008501620794491313,0.9914983792055087,0.0,0.0,0.0
tip_middle_root_1_3_1,39,舌根,277365,186.7344512939453,23.73956298828125,153.32911682128906,26.730287551879883,149.27468872070312,28.31982421875,86.57048797607422,82.79912567138672,56.38081359863281,15.998363494873047,186.7348175048828,23.740222930908203,168.79986572265625,24.411842346191406,139.86041259765625,6.5606560707092285,134.97503662109375,4.656674385070801,0.0,0.0,2.523750292935302e-05,0.01032574405566672,0.13851062679141204,0.3611702990644097,0.47278135309069275,0.017186739494889407,0.0,0.0002055053809961603,0.01476033385611018,0.17043246263948228,0.36897950354226383,0.38515313756241776,0.058327474627296164,0.0021415823914336706,0.0,0.0006165161429884809,0.03882970093559029,0.18563265011807545,0.37404863627350243,0.35707461287473186,0.04229805490959566,0.0014998287455158365,0.5248931912822454,0.01334703369206641,1.4421430245344581e-05,7.210715122672291e-06,0.0,3.6053575613361454e-06,4.686964829736989e-05,0.46168766787446147,0.04052782434697961,0.6455609035026049,0.3045733960665549,0.009229715357020532,0.00010816072684008437,0.0,0.0,0.0,0.0,0.0,2.523750292935302e-05,0.01032574405566672,0.13851062679141204,0.3611702990644097,0.4727633263028861,0.017204766282696085,0.0,2.163214536801687e-05,0.0013844573035530798,0.059729958718655926,0.28373442936203197,0.467914120382889,0.18358480702323654,0.0036305950642654987,0.0,0.0,0.0,0.03656193102950985,0.9633407243163341,9.734465415607593e-05,0.0,0.0,0.0,0.0,0.0,0.008476195626701278,0.9915238043732987,0.0,0.0,0.0
tip_middle_root_1_3_1,40,舌尖,159037,190.5139617919922,13.337875366210938,139.38192749023438,20.773889541625977,155.57984924316406,20.06914710998535,168.40187072753906,17.035982131958008,69.42311096191406,17.388172149658203,190.5139617919922,13.337875366210938,161.60302734375,17.451812744140625,149.99781799316406,4.655959129333496,127.29545593261719,2.7101502418518066,0.0,0.0,0.0,0.0,0.01065789721888617,0.49796588215320964,0.49096122286008914,0.00041499776781503677,0.0,0.0,0.004810201399674289,0.3107201468840584,0.4945264309563183,0.1888365600457755,0.0011066607141734313,0.0,0.0,0.0,0.0036909649955670695,0.07612693901419167,0.4788256820739828,0.4172991190729201,0.024057294843338344,0.0,0.010425246955111074,0.0,0.0,0.0,0.0,0.0,6.2878449668944965e-06,0.989568465199922,0.005005124593648019,0.3911605475455397,0.5280469324748329,0.0752969434785616,0.0004904519074177707,0.0,0.0,0.0,0.0,0.0,0.0,0.0,0.01065789721888617,0.49796588215320964,0.49096122286008914,0.00041499776781503677,0.0,0.0,0.0,0.01422310531511535,0.4445569270044078,0.5029647189018908,0.03825524877858612,0.0,0.0,0.0,0.0,0.0,0.9874809006709131,0.012519099329086942,0.0,0.0,0.0,0.0,0.0,0.529172456723907,0.470827543276093,0.0,0.0,0.0
tip_middle_root_1_3_1,40,舌中,428274,206.03997802734375,10.712533950805664,171.06497192382812,19.504331588745117,182.6289825439453,17.5804500579834,169.44561767578125,9.803086280822754,43.926734924316406,15.141203880310059,206.03997802734375,10.712533950805664,187.14520263671875,15.875239372253418,142.68423461914062,4.540241718292236,127.01206970214844,1.960503339767456,0.0,0.0,0.0,0.0,0.00017979144192736425,0.10397782727879815,0.8823907124877999,0.013451668791474617,0.0,0.0,0.001200166248709938,0.032754731783857995,0.20541522483270055,0.6397072901927271,0.1209179170344219,4.669907582528942e-06,0.0,0.0,1.1674768956322354e-05,0.008008891504037136,0.0994993859071529,0.5369856680536292,0.355464025366938,3.0354399286438122e-05,0.0029630563611146134,0.0,0.0,0.0,0.0,0.0,0.0005814034940248532,0.9964555401448605,0.19478184526728215,0.7010068320747932,0.09570508599634814,0.008459537585751178,4.6699075825289415e-05,0.0,0.0,0.0,0.0,0.0,0.0,0.0,0.00017979144192736425,0.10397782727879815,0.8823907124877999,0.013451668791474617,0.0,0.0,0.0,0.0015200549181131706,0.06348972853827223,0.47647534055301044,0.4584728468223614,4.2029168242760476e-05,0.0,0.0,0.0,0.0,0.9963878264849139,0.0036121735150861363,0.0,0.0,0.0,0.0,0.0,0.5813451201800717,0.4186548798199284,0.0,0.0,0.0
tip_middle_root_1_3_1,40,舌左邊,192122,203.71568298339844,10.610340118408203,159.21144104003906,21.980974197387695,169.17259216308594,20.52864646911621,170.37489318847656,21.44510269165039,56.51593780517578,19.029592514038086,203.71568298339844,10.610340118408203,178.29579162597656,17.461711883544922,146.1247100830078,5.723756313323975,129.3973388671875,2.200429677963257,0.0,0.0,0.0,0.0,2.0820103892318424e-05,0.14267496694808507,0.8495695443520264,0.007734668595996294,0.0,0.0,0.00014053570127314934,0.10039974599473252,0.3630713817261948,0.49207795046897285,0.044310386108826684,0.0,0.0,0.0,0.0,0.026363456553648204,0.29165842537554265,0.5405992025900209,0.14128001998729975,9.889549348851251e-05,0.015641103049104214,0.0,0.0,0.0,0.0,0.0,5.205025973079606e-05,0.984306846691165,0.06474011305316414,0.5936384172557021,0.3200778671885573,0.02154360250257649,0.0,0.0,0.0,0.0,0.0,0.0,0.0,0.0,2.0820103892318424e-05,0.14267496694808507,0.8495695443520264,0.007734668595996294,0.0,0.0,0.0,0.00015615077919238816,0.16982958744964138,0.5658071433776455,0.26413424802989766,7.287036362311447e-05,0.0,0.0,0.0,0.0,0.994706488585378,0.005293511414621959,0.0,0.0,0.0,0.0,0.0,0.17272878691664673,0.8272712130833533,0.0,0.0,0.0
tip_middle_root_1_3_1,40,舌右邊,150666,201.8021240234375,16.13557243347168,154.11390686035156,28.37620735168457,165.57090759277344,27.73434829711914,170.14527893066406,19.213254928588867,61.92732238769531,23.451190948486328,201.8021240234375,16.13557243347168,174.3514862060547,23.469470977783203,147.7145233154297,6.204389572143555,129.25282287597656,2.7195634841918945,0.0,0.0,0.0004446922331514741,0.005210200045132943,0.013885017190341551,0.18619330174027318,0.7625741706821711,0.031692618108929684,0.0001327439501944699,0.008177027331979345,0.010878366718436807,0.17291226952331648,0.328660746286488,0.4147651095801309,0.06447373660945402,0.0,1.9911592529170484e-05,0.004134974048557737,0.00872127752777667,0.09069730397037155,0.2702135850158629,0.4404377895477414,0.18561586555692725,0.00015929274023336387,0.012584126478435745,0.0,0.0,0.0,0.0,0.0,0.0,0.9874158735215642,0.06029893937583795,0.5203031871822442,0.3265633918734154,0.08327027995699096,0.009199155748476764,0.00036504586303479216,0.0,0.0,0.0,0.0,0.0004446922331514741,0.005210200045132943,0.013885017190341551,0.18619330174027318,0.7625741706821711,0.031692618108929684,0.0,0.0007433661210890314,0.007818618666454277,0.017296536710339427,0.22958066186133566,0.4750640489559688,0.26935074933959885,0.00014601834521391687,0.0,0.0,0.0,0.0,0.9744268779950354,0.025573122004964623,0.0,0.0,0.0,0.0,0.0,0.24638604595595556,0.7536139540440444,0.0,0.0,0.0
tip_middle_root_1_3_1,40,舌根,197647,191.12782287597656,21.966590881347656,152.54617309570312,26.612876892089844,159.4033660888672,25.976919174194336,167.3163299560547,33.9898567199707,53.20625305175781,19.835186004638672,191.12890625,21.957813262939453,170.0308074951172,24.611698150634766,143.5462646484375,4.966060638427734,130.08641052246094,2.270249843597412,0.005494644492453718,0.0021250006324406642,0.0014166670882937763,0.002625893638658821,0.04013721432655188,0.35255784302316756,0.5949647604061787,0.0006779763922548787,0.008054764302013184,0.0016848219300065268,0.016650897812767206,0.11367741478494488,0.39986440472154905,0.4420962625286496,0.01797143392006962,0.0,0.007594347498317708,0.0020592268033413105,0.009172919396702202,0.07279139071172343,0.32301021518161166,0.5422445066203889,0.04312739378791482,0.0,0.04022828578222791,0.0,0.0,0.0,0.0,8.601193036069356e-05,0.0021654768349633436,0.9575202254524481,0.06257620910006223,0.7083740203494108,0.18428815008575897,0.03942382125708966,0.003465774841004417,0.0013964289870324366,0.0004250001264881329,5.0595253153349153e-05,0.005494644492453718,0.0021250006324406642,0.0014166670882937763,0.002625893638658821,0.04013721432655188,0.35255784302316756,0.5949647604061787,0.0006779763922548787,0.007144049745252901,0.0017607148097365504,0.0018872029426199235,0.030863104423542984,0.20794143093494968,0.6134067301805745,0.1369967669633235,0.0,0.0,0.0,0.0,0.0,0.9971818443993584,0.002818155600641548,0.0,0.0,0.0,0.0,0.0,0.07040835428820068,0.9295916457117993,0.0,0.0,0.0
tip_middle_root_1_3_1,41,舌尖,256749,180.0128173828125,14.853008270263672,161.01979064941406,17.326047897338867,184.68057250976562,16.181026458740234,143.1905059814453,13.842110633850098,36.05382537841797,10.199650764465332,187.0203857421875,14.56124496459961,174.8554229736328,15.281571388244629,139.35557556152344,3.7155776023864746,118.3779067993164,2.8060693740844727,0.0,0.0,0.0,0.001032136444543114,0.0992603671289859,0.6467211167326844,0.2529863796937865,0.0,0.0,0.0,0.0,0.01977028148113527,0.4497583242777966,0.5017741062282618,0.02869728801280628,0.0,0.0,0.0,0.0,7.789709015419729e-06,0.059684750476145965,0.5842009121749258,0.35549505548220245,0.0006114921577104487,0.003618319837662464,0.0,0.0,0.0,0.005145102804684731,0.18737755551141388,0.6831730600703411,0.12068596177589787,0.3977230680547928,0.585244733182992,0.01659208020284402,0.0004401185593712147,0.0,0.0,0.0,0.0,0.0,0.0,0.0,0.0,0.02815979809074232,0.5781989413785448,0.3930297683730024,0.0006114921577104487,0.0,0.0,0.0,9.737136269274662e-05,0.17766768322369317,0.6651476734086598,0.15708727200495426,0.0,0.0,0.0,0.0,9.737136269274662e-05,0.9999026286373073,0.0,0.0,0.0,0.0,0.0,0.0,0.9928062037242599,0.00719379627574012,0.0,0.0,0.0
tip_middle_root_1_3_1,41,舌中,695505,203.4811248779297,7.460448741912842,191.67190551757812,11.127056121826172,210.72189331054688,12.89735221862793,139.24765014648438,11.151326179504395,24.138092041015625,6.299537181854248,211.66610717773438,11.381085395812988,201.72825622558594,9.334409713745117,135.67083740234375,2.7270023822784424,120.0089111328125,2.580103635787964,0.0,0.0,0.0,0.0,2.588047533806371e-05,0.06230005535546114,0.9363297172558069,0.0013443469133938648,0.0,0.0,0.0,0.0,0.009088360256216706,0.4586365302909397,0.5304965456754445,0.001778563777399156,0.0,0.0,0.0,0.0,0.0005089826816485863,0.08141997541354842,0.7700692302715293,0.14800181163327367,1.4378041854479838e-05,0.0,0.0,0.0,0.0020833782647141285,0.36242011200494606,0.5612281723352097,0.07425395935327568,0.9326719434080273,0.0671325152227518,0.0001955413692209258,0.0,0.0,0.0,0.0,0.0,0.0,0.0,0.0,0.0,0.0,0.04507947462635064,0.8069187137403757,0.14800181163327367,0.0,0.0,0.0,0.0,0.00025161573245339715,0.12870504166037627,0.8651598478803172,0.00588349472685315,0.0,0.0,0.0,0.0001409048101739024,0.9998590951898261,0.0,0.0,0.0,0.0,0.0,0.0,0.9988598212809398,0.0011401787190602512,0.0,0.0,0.0
tip_middle_root_1_3_1,41,舌左邊,324366,199.93603515625,8.504443168640137,177.0281524658203,16.081932067871094,198.2112579345703,17.2853946685791,150.1962127685547,10.701000213623047,33.31438064575195,10.179182052612305,203.31321716308594,11.757637977600098,190.63633728027344,13.214254379272461,140.0435333251953,3.560302257537842,120.34239959716797,2.329371213912964,0.0,0.0,0.0,0.0,0.00012023454986034294,0.14754937323887213,0.8519696885616865,0.00036070364958102886,0.0,0.0,0.0,0.0005888410005980898,0.14720100133799474,0.6849022400621521,0.16699345800731272,0.0003144595919424354,0.0,0.0,0.0,1.5414685879531147e-05,0.02559762737154942,0.2786327790212291,0.6509960970015353,0.04475808191980664,0.0,0.0,0.0,0.0,0.0,0.07489995868864184,0.6453543219696269,0.27974571934173126,0.5931478638328308,0.38574326532373926,0.021108870843429953,0.0,0.0,0.0,0.0,0.0,0.0,0.0,0.0,0.0,0.00012023454986034294,0.14374194582662794,0.8113797377037051,0.04475808191980664,0.0,0.0,0.0,0.0,0.022668837054438503,0.4377370007953978,0.5381451816774878,0.0014489804726759278,0.0,0.0,0.0,0.0,1.0,0.0,0.0,0.0,0.0,0.0,0.0,0.9931867088412473,0.006813291158752767,0.0,0.0,0.0
tip_middle_root_1_3_1,41,舌右邊,194675,192.2520751953125,17.19658851623535,165.92556762695312,23.141767501831055,185.53887939453125,24.344932556152344,154.68460083007812,11.814742088317871,37.95484924316406,13.394281387329102,194.1971435546875,19.133220672607422,180.75253295898438,20.4870662689209,141.11692810058594,3.927739143371582,121.62720489501953,2.3988165855407715,0.0,0.0005188134069603184,0.0008013355592654424,0.0017567741106973161,0.05207653781944266,0.3158135353794786,0.6274971105688969,0.0015358931552587646,0.0008064723256709901,0.0009965326826762552,0.0023218184153075637,0.04076024142802106,0.3593424939000899,0.4592936946192372,0.13606266855014768,0.00041607807884936433,0.0008321561576987287,0.0008270193912931809,0.0017002696802362913,0.004864517786053679,0.13982791832541416,0.41519969179401567,0.4072531141646334,0.029495312700654936,0.0009194811865930397,0.0,0.0,0.0,3.082059843328625e-05,0.06115320405804546,0.45629382303839733,0.4816026711185309,0.411948118659304,0.573242583793502,0.012359059971747785,0.0011403621420315911,0.0005239501733658662,0.0007242840631822268,6.16411968665725e-05,0.0,0.0,0.0005188134069603184,0.0008013355592654424,0.001741363811480673,0.05135225375626044,0.31162707075895724,0.60440734557596,0.029551817131115963,0.0004623089764992937,0.0007088737639655837,0.0012071401053037113,0.005773725439835623,0.14754847823295236,0.4864363683061513,0.3567381533324772,0.001124951842814948,0.0,0.0,0.0,0.0,1.0,0.0,0.0,0.0,0.0,0.0,0.0,0.9840708873763966,0.015929112623603442,0.0,0.0,0.0
tip_middle_root_1_3_1,41,舌根,396180,131.62960815429688,44.562618255615234,113.82723999023438,44.43097686767578,125.33390045166016,46.7579460144043,155.32545471191406,24.59623146057129,41.38433074951172,22.80474281311035,132.63356018066406,45.20313262939453,125.92655181884766,45.87596130371094,137.2046661376953,4.050853729248047,124.36444091796875,3.2045810222625732,0.012448886869604724,0.05207733858347216,0.21205260235246606,0.15345802413044576,0.20963955777676813,0.329486597001363,0.030836993285880156,0.0,0.027752536725730727,0.14024938159422484,0.2054217779797062,0.1652001615427331,0.2852567014993185,0.17315866525316775,0.002960775405118885,0.0,0.018688474935635316,0.08160432126811046,0.22817406229491646,0.14305618658185673,0.21751476601544753,0.27212630622444345,0.03880054520672421,3.533747286586905e-05,0.019397748498157404,0.0007723761926397093,0.0003054167297692968,0.0006512191428138725,0.0032636680296834774,0.04158715735271846,0.3262254530768842,0.6077969609773335,0.3701246907971124,0.49871018224039576,0.09932606391034378,0.02454944722096017,0.004742793679640567,0.0021252965823615527,0.00039880862234337926,2.2716946842344388e-05,0.012448886869604724,0.0519435610076228,0.21150234741784038,0.14993184915947297,0.20118632944621131,0.3266545509616841,0.04629713766469786,3.533747286586905e-05,0.02120753192993084,0.08037255792821445,0.20690595184007268,0.14706446564692816,0.23067292644757434,0.29213488818213945,0.02164167802514009,0.0,0.0,0.0,0.0,0.004364177898934828,0.9956358221010652,0.0,0.0,0.0,0.0,0.0,0.0,0.886783785148165,0.11321621485183503,0.0,0.0,0.0
tip_middle_root_1_3_1,42,舌尖,131922,199.0222930908203,18.002389907836914,147.6173858642578,18.916244506835938,167.20950317382812,19.36540985107422,165.66969299316406,20.93218994140625,66.21615600585938,13.050620079040527,199.0222930908203,18.002389907836914,169.71022033691406,17.123699188232422,150.38160705566406,4.361704349517822,125.39107513427734,2.818495035171509,0.0,0.0,0.0,0.0,0.005654856657721987,0.33908673306954107,0.5703218568548082,0.08493655341792877,0.0,0.0,0.0005760979973014357,0.13273752672033473,0.6060929943451433,0.24833613802095178,0.012257242916268705,0.0,0.0,0.0,0.0,0.01945846788253665,0.3382150058367823,0.5237261412046512,0.11839571868225163,0.00020466639377814163,0.015751732084110306,0.0,0.0,0.0,0.0,0.0,0.0,0.9842482679158897,0.0001743454465517503,0.45145616349054746,0.5218159215293886,0.026129076272342747,0.0004244932611694789,0.0,0.0,0.0,0.0,0.0,0.0,0.0,0.005654856657721987,0.33908673306954107,0.5703218568548082,0.08493655341792877,0.0,0.0,0.0,0.0007049620230135989,0.3074771455860281,0.5672063795272965,0.12456603144282227,4.548142083958703e-05,0.0,0.0,0.0,0.0,0.9726959870226346,0.027304012977365413,0.0,0.0,0.0,0.0,0.0,0.818976364821637,0.18102363517836298,0.0,0.0,0.0
tip_middle_root_1_3_1,42,舌中,560305,215.8758087158203,14.260306358337402,182.19403076171875,21.759634017944336,194.81875610351562,19.054187774658203,166.29335021972656,20.401180267333984,40.54201126098633,14.538398742675781,215.8758087158203,14.260306358337402,197.22935485839844,18.14784049987793,142.23605346679688,4.577982425689697,126.22976684570312,2.265061140060425,0.0,0.0,0.0,0.0,0.0008870168925852884,0.06282114205655848,0.5991915117659132,0.33710032928494305,0.0,0.0,0.0007603001936445329,0.03223601431363275,0.09781993735554742,0.48235336111582083,0.3866090789837678,0.00022130803758667154,0.0,0.0,0.0,0.012312936704116508,0.037327883920364804,0.29214802652126964,0.6499406573205665,0.008270495533682547,0.014649164294446775,0.0,0.0,0.0,0.0,0.0,0.0009048643149713102,0.9844459713905819,0.29742907880529357,0.6391054871900126,0.05694577060708007,0.0065196633976138,0.0,0.0,0.0,0.0,0.0,0.0,0.0,0.0,0.0008870168925852884,0.06282114205655848,0.5991915117659132,0.33710032928494305,0.0,0.0,0.0,0.002068516254539938,0.04225734198338405,0.2506170746289967,0.6917196883840051,0.013337378749074164,0.0,0.0,0.0,0.0,0.9984972470350969,0.001502752964903044,0.0,0.0,0.0,0.0,0.0,0.7341198097464774,0.2658801902535226,0.0,0.0,0.0
tip_middle_root_1_3_1,42,舌左邊,209027,191.4347686767578,16.958560943603516,147.28370666503906,30.727399826049805,165.0040283203125,27.9080753326416,166.08236694335938,13.426987648010254,60.55348205566406,26.263763427734375,191.4355926513672,16.95961570739746,167.42210388183594,24.9825496673584,147.61032104492188,7.350758075714111,125.4155502319336,3.037468671798706,0.0,0.0,0.0,0.0,0.015840058939754195,0.5391360924665235,0.40177106306840743,0.04325278552531491,0.0,0.0,0.020241404220507398,0.2990714118271802,0.3090796882699364,0.2838054414023069,0.0875437144483727,0.0002583398316963837,0.0,0.0,0.00016265841254957495,0.10096303348371263,0.32997172614064213,0.36579006539825,0.2009261961373411,0.0021863204275045806,0.006061417902950336,0.0,0.0,0.0,0.0,0.0,0.008309931252900343,0.9856286508441493,0.12358212097001822,0.4691642706444622,0.2688887081573194,0.1381209126093758,0.0002439876188243624,0.0,0.0,0.0,0.0,0.0,0.0,0.0,0.015840058939754195,0.5391360924665235,0.4017567108555354,0.04326713773818693,0.0,0.0,0.0,0.03145048247355605,0.4018045515651088,0.36085290417027466,0.20310773249388836,0.0027843292971721357,0.0,0.0,0.0,0.0,0.9408306103996135,0.059169389600386556,0.0,0.0,0.0,0.0,0.0,0.77602893406115,0.22397106593885,0.0,0.0,0.0
tip_middle_root_1_3_1,42,舌右邊,135010,182.29464721679688,20.065340042114258,119.29967498779297,22.311847686767578,139.5616912841797,24.442785263061523,168.79039001464844,14.119214057922363,89.3519287109375,20.96071434020996,182.2948760986328,20.063444137573242,145.94622802734375,20.97793197631836,155.56396484375,5.396817207336426,127.46709442138672,3.5041472911834717,0.00526627657210577,0.0025109251166580255,0.002133175320346641,0.008147544626323977,0.03532330938449004,0.6782979038589734,0.26820976223983406,0.00011110288126805421,0.009199318568994889,0.012569439300792533,0.0688541589511888,0.581268054218206,0.2955114435967706,0.03230131101399896,0.00029627435004814457,0.0,0.008140137767572773,0.005829197837197245,0.018450485149248203,0.198326049922228,0.6189689652618324,0.14558921561365826,0.004695948448263092,0.0,0.006621731723576031,0.0,0.0,0.0,0.0,0.0,0.0024887045404044144,0.9908895637360196,0.0006888378638619362,0.12080586623213095,0.48417154284867786,0.365913636026961,0.021242870898451966,0.006710614028590475,0.000422190948818606,4.4441152507221685e-05,0.00526627657210577,0.0025109251166580255,0.002133175320346641,0.008147544626323977,0.03532330938449004,0.6782979038589734,0.26820976223983406,0.00011110288126805421,0.0073920450337012075,0.0029701503592326492,0.011954670024442634,0.0864750759203022,0.6966817272794608,0.19207466113621213,0.0024516702466483966,0.0,0.0,0.0,0.0,0.0,0.7652766461743574,0.23472335382564255,0.0,0.0,0.0,0.0,0.0,0.4833345678097919,0.5166654321902081,0.0,0.0,0.0
tip_middle_root_1_3_1,42,舌根,293995,165.5569305419922,38.3121223449707,129.87857055664062,43.25987243652344,138.91592407226562,42.81845474243164,145.76290893554688,60.62074661254883,60.980125427246094,30.861562728881836,165.55764770507812,38.311519622802734,146.95553588867188,41.44108963012695,143.3736114501953,6.304677963256836,128.6828155517578,3.4960641860961914,0.008874300583343254,0.0033197843500739808,0.03724212996819674,0.11939318695896188,0.1962278270038606,0.3488358645555196,0.2773958740794911,0.00871103250055273,0.017269001173489344,0.06738890117178864,0.14363509583496317,0.2029830439293185,0.2736407081753091,0.25161992550893725,0.04346332420619398,0.0,0.011928774298882634,0.045476963893943775,0.12321638123097331,0.17477167979047262,0.2625724927294682,0.30305277300634365,0.07893331519243525,4.76198574805694e-05,0.15015561489140972,0.0,0.0,0.0,0.0,0.0,0.00781986088198779,0.8420245242266025,0.10791680130614466,0.5389955611489992,0.2173846493987993,0.08836544839197946,0.0362285072875389,0.01068385516760489,0.00041837446215071684,6.8028367829384855e-06,0.008874300583343254,0.0033197843500739808,0.03724212996819674,0.11939318695896188,0.1962278270038606,0.3488086532083879,0.27741628258983997,0.008717835337335668,0.010472967227333799,0.023537815268967158,0.09570230786237861,0.16426129696083266,0.2580247963400738,0.32207350465143963,0.125794656371707,0.00013265531726730045,0.0,0.0,0.0,0.0,0.979152706678685,0.020847293321314988,0.0,0.0,0.0,0.0,0.0,0.3705947380057484,0.6294052619942516,0.0,0.0,0.0
tip_middle_root_1_3_1,44,舌尖,105367,205.97238159179688,12.937782287597656,145.3814239501953,18.487260818481445,151.14352416992188,19.336580276489258,169.1179656982422,35.90934371948242,75.97089385986328,13.481622695922852,205.97238159179688,12.937782287597656,169.2010955810547,15.791150093078613,151.79823303222656,3.620389223098755,134.32150268554688,2.254542827606201,0.0,0.0,0.0,0.0,1.8981274972239887e-05,0.15520988544800554,0.8168591684303435,0.027911964846678752,0.0,0.0,7.592509988895955e-05,0.19893325234656012,0.5772870063682177,0.2163960253210208,0.0072033938519650365,0.00010439701234731937,0.0,0.0,0.002163865346835347,0.1465734053356364,0.4869266468628698,0.34887583398976907,0.01504266041550011,0.0004175880493892775,0.04436873024761073,0.0,0.0,0.0,0.0,0.0,0.0,0.9556312697523893,0.0020120151470574277,0.18004688374918143,0.7379540083707422,0.07998709273301888,0.0,0.0,0.0,0.0,0.0,0.0,0.0,0.0,1.8981274972239887e-05,0.15520988544800554,0.8168591684303435,0.027911964846678752,0.0,0.0,0.0,0.0010629513984454337,0.2528780358176659,0.6951891958582858,0.05030986931392182,0.0005599476116810767,0.0,0.0,0.0,0.0,0.989000351153587,0.010999648846413013,0.0,0.0,0.0,0.0,0.0,0.0012527641481678323,0.9987472358518321,0.0,0.0,0.0
tip_middle_root_1_3_1,44,舌中,434481,212.254638671875,6.200976371765137,166.3260955810547,9.721577644348145,171.55355834960938,9.208093643188477,150.7484893798828,61.144474029541016,55.716552734375,9.19892406463623,212.254638671875,6.200976371765137,185.00830078125,7.561429977416992,145.6837615966797,3.6628060340881348,131.94993591308594,1.7528266906738281,0.0,0.0,0.0,0.0,0.0,0.007945111523864104,0.9799692046372569,0.01208568383887903,0.0,0.0,0.0,0.0012152430140788665,0.23056704435867162,0.7663810385264258,0.0018366741008237414,0.0,0.0,0.0,0.0,0.000632939069832743,0.08947456850817412,0.9022557948448839,0.007636697577109241,0.0,0.14497757094096175,0.0,0.0,0.0,0.0,0.0,0.0,0.8550224290590382,0.0003199219298427319,0.804078889525664,0.19494983670171998,0.0006513518427733319,0.0,0.0,0.0,0.0,0.0,0.0,0.0,0.0,0.0,0.007945111523864104,0.9799692046372569,0.01208568383887903,0.0,0.0,0.0,0.0,0.004299382481627505,0.8089398615819794,0.18674694635668762,1.3809579705441664e-05,0.0,0.0,0.0,0.0,0.9996593637005992,0.0003406362994008944,0.0,0.0,0.0,0.0,0.0,0.0012497669633424707,0.9987502330366576,0.0,0.0,0.0
tip_middle_root_1_3_1,44,舌左邊,149808,206.95594787597656,12.102439880371094,158.2123565673828,17.235183715820312,160.60279846191406,17.316457748413086,133.1514129638672,76.83136749267578,61.006229400634766,12.116281509399414,206.95594787597656,12.102439880371094,177.8707275390625,14.800212860107422,146.52439880371094,3.32902455329895,133.93658447265625,1.7734458446502686,0.0,0.0,0.0,0.0,0.0009211791092598526,0.11065497169710563,0.8846990814909751,0.003724767702659404,0.0,0.0,0.0007008971483498878,0.08073667627897041,0.3153903663355762,0.6024311118231336,0.0007409484139698814,0.0,0.0,0.0,0.0004872903983765887,0.07519625120153797,0.26365080636548116,0.6580890206130514,0.0025766314215529213,0.0,0.252296272562213,0.0,0.0,0.0,0.0,0.0,0.0,0.747703727437787,0.00020693153903663357,0.6699708960803161,0.31806045071024247,0.011761721670404785,0.0,0.0,0.0,0.0,0.0,0.0,0.0,0.0,0.0009211791092598526,0.11065497169710563,0.8846990814909751,0.003724767702659404,0.0,0.0,0.0,0.00329087899177614,0.1164624052120047,0.7652128057246609,0.11503391007155826,0.0,0.0,0.0,0.0,0.0,0.9994659831250667,0.0005340168749332479,0.0,0.0,0.0,0.0,0.0,2.6700843746662394e-05,0.9999732991562533,0.0,0.0,0.0
tip_middle_root_1_3_1,44,舌右邊,156024,203.94964599609375,11.800037384033203,151.93313598632812,18.37312889099121,155.4520263671875,20.32052993774414,143.8244171142578,68.90592193603516,66.260986328125,14.32597541809082,203.94964599609375,11.800037384033203,172.89645385742188,15.643684387207031,148.0828094482422,3.383878469467163,134.0276641845703,2.721250534057617,0.0,5.1274162949289855e-05,0.00016664102958519202,0.000275598625852433,0.0005768343331795108,0.16667307593703531,0.8316925601189561,0.0005640157924421884,0.00020509665179715942,0.00032046351843306156,0.0004550581961749474,0.14655437624980772,0.3833000051274163,0.46902399630826025,0.0001410039481105471,0.0,0.00021791519253448188,0.00031405424806440037,0.0005383787109675435,0.13775444803363585,0.30623493821463366,0.5543057478336666,0.0006345177664974619,0.0,0.1889645182792391,0.0,0.0,0.0,0.0,0.0,0.0,0.8110354817207609,0.0,0.5572283751217761,0.4051171614623391,0.03705840127159924,0.00026918935548377173,0.00021791519253448188,0.00010895759626724094,0.0,0.0,5.1274162949289855e-05,0.00016664102958519202,0.000275598625852433,0.0005768343331795108,0.16667307593703531,0.8316925601189561,0.0005640157924421884,5.1274162949289855e-05,0.00021150592216582064,0.0002884171665897554,0.0007114290109213967,0.21839588781213146,0.7412321181356715,0.03910936778957084,0.0,0.0,0.0,0.0,0.0,0.9991219299594934,0.0008780700405065888,0.0,0.0,0.0,0.0,0.0,0.0,1.0,0.0,0.0,0.0
tip_middle_root_1_3_1,44,舌根,202207,160.17196655273438,38.40408706665039,119.59407043457031,38.26531219482422,116.6931381225586,38.06503677368164,41.03276443481445,72.34564971923828,75.01444244384766,23.868619918823242,160.17196655273438,38.40408706665039,137.263671875,38.56378173828125,143.5955047607422,3.576967716217041,135.97274780273438,2.1255955696105957,0.001923771184973814,0.0057812044093429014,0.07493311309697488,0.13870439697933307,0.18473148802959344,0.33247118052292945,0.2614548457768524,0.0,0.008575370783405124,0.1034385555396203,0.1672840208301394,0.20095743470799726,0.38797371010894777,0.13177090802989017,0.0,0.0,0.008703951890884094,0.11312170201822884,0.1791926095535763,0.2092558615676015,0.3929240827468881,0.09680179222282116,0.0,0.0,0.7831331259550857,0.0,0.0,0.0,0.0,0.0,0.0,0.21686687404491437,0.00013352653468969917,0.40036695069903616,0.4143625097054009,0.15798167224675705,0.021408754395248433,0.002541949586315014,0.002937583763173382,0.00026705306937939834,0.001923771184973814,0.0057812044093429014,0.07493311309697488,0.13870439697933307,0.18473148802959344,0.33247118052292945,0.2614548457768524,0.0,0.005237207416162645,0.04526549525980802,0.12506985415935157,0.17493954215234883,0.2616674991469138,0.38401242291315335,0.003807978952261791,0.0,0.0,0.0,0.0,0.0,1.0,0.0,0.0,0.0,0.0,0.0,0.0,0.00015330824353261758,0.9998466917564673,0.0,0.0,0.0
tip_middle_root_1_3_1,45,舌尖,286420,195.14620971679688,17.7004337310791,157.3944091796875,19.42572784423828,173.63063049316406,19.308927536010742,165.67889404296875,9.640820503234863,49.869606018066406,13.28077507019043,195.3105926513672,17.38494110107422,175.2164764404297,17.53856658935547,144.6905059814453,3.872385025024414,125.01750183105469,2.5223746299743652,0.0,0.0,0.0,1.3965505202150688e-05,0.048243837720829554,0.3058969345716081,0.6427414286711822,0.0031038335311779903,0.0,0.0,0.00018155156762795894,0.07794148453320299,0.4163501152154179,0.48640807206200687,0.019118776621744292,0.0,0.0,0.0,0.00019202569652957197,0.011200335172124851,0.23083583548634873,0.563993436212555,0.19376789330354025,1.0474128901613016e-05,0.002244954961245723,0.0,0.0,0.0,0.0,0.004367711751972627,0.06301585084840444,0.9303714824383772,0.0760247189442078,0.7708644647720131,0.1520494378884156,0.0010613783953634522,0.0,0.0,0.0,0.0,0.0,0.0,0.0,1.0474128901613016e-05,0.04188953285385099,0.3120033517212485,0.6429928077648209,0.0031038335311779903,0.0,0.0,0.0,0.0034110746456253054,0.20466447873751833,0.6073318902311291,0.18458208225682565,1.0474128901613016e-05,0.0,0.0,0.0,0.0,0.999993017247399,6.982752601075344e-06,0.0,0.0,0.0,0.0,0.0,0.8471056490468543,0.15289435095314574,0.0,0.0,0.0
tip_middle_root_1_3_1,45,舌中,696440,209.356201171875,8.43050479888916,190.5465087890625,13.81483268737793,195.21424865722656,11.899807929992676,128.62245178222656,72.37958526611328,23.669422149658203,11.354386329650879,209.35916137695312,8.438798904418945,201.16383361816406,11.020606994628906,135.4708251953125,4.354803085327148,128.04820251464844,2.129847764968872,0.0,0.0,0.0,0.0,5.743495491356039e-06,0.02714806731376716,0.9423396128884038,0.030506576302337603,0.0,0.0,0.0,4.164034231233129e-05,0.024536212739073,0.4547656653839527,0.5154198495204181,0.005236632014243869,0.0,0.0,0.0,1.4358738728390098e-06,0.005344322554706795,0.340679742691402,0.64513956694044,0.008834931939578428,0.2523562690253288,3.0153351329619206e-05,0.0,0.0,0.0,0.0003029693871690311,0.007254034805582677,0.7400565734305898,0.7947145482740796,0.20061886163919362,0.004660846591235426,5.743495491356039e-06,0.0,0.0,0.0,0.0,0.0,0.0,0.0,0.0,5.743495491356039e-06,0.02714806731376716,0.9422979725460916,0.030548216644649934,0.0,0.0,0.0,0.0,0.0006834759634713687,0.18217936936419504,0.804235827924875,0.012901326747458502,0.0,0.0,0.0,2.4409855838263166e-05,0.9999755901441617,0.0,0.0,0.0,0.0,0.0,0.0,0.381912296823847,0.618087703176153,0.0,0.0,0.0
tip_middle_root_1_3_1,45,舌左邊,306869,203.63099670410156,11.204915046691895,171.2981719970703,22.37691307067871,181.98831176757812,21.380611419677734,168.34774780273438,10.896402359008789,41.17250061035156,19.05268096923828,203.6312255859375,11.205316543579102,186.69683837890625,17.90699577331543,141.64022827148438,5.687402725219727,127.09246063232422,2.1657936573028564,0.0,0.0,0.0,0.0,7.820926845005523e-05,0.15104816713320668,0.8287314782529352,0.020142145345407977,0.0,0.0,0.0,0.013732244052022198,0.3302223424327645,0.4268922569565515,0.22904236009502427,0.00011079646363757825,0.0,0.0,0.0,0.0007527642088317817,0.1995607246088722,0.40244208440735296,0.39597352616262965,0.0012709006123133976,0.003512899641214981,0.0,0.0,0.0,0.0,0.0,0.007876325076824313,0.9886107752819607,0.3983132867770938,0.4369551828304586,0.16441869331864736,0.0003128370738002209,0.0,0.0,0.0,0.0,0.0,0.0,0.0,0.0,7.820926845005523e-05,0.15104816713320668,0.8287054084967853,0.020168215101557994,0.0,0.0,0.0,3.9104634225027616e-05,0.06097064219585556,0.4944161841046179,0.4434661044289257,0.0011079646363757825,0.0,0.0,0.0,0.0,0.9999120145729937,8.798542700631214e-05,0.0,0.0,0.0,0.0,0.0,0.6236667763768905,0.37633322362310956,0.0,0.0,0.0
tip_middle_root_1_3_1,45,舌右邊,313805,201.9973602294922,14.381296157836914,171.9952392578125,26.657928466796875,181.0853271484375,26.014673233032227,167.3309326171875,17.937362670898438,39.017578125,21.58414649963379,201.9978485107422,14.3820161819458,186.63934326171875,21.84543800354004,140.58966064453125,6.119365215301514,127.6020736694336,2.425518035888672,0.0,0.0,0.0,0.0006277783974124058,0.012523701024521598,0.20676216121476712,0.7586717866190787,0.021414572744220137,0.0,3.186692372651806e-06,0.002906263443858447,0.04497697614760759,0.2899953792960597,0.3607176431223212,0.30095122767323657,0.00044932362454390466,0.0,0.0,0.002115963735440799,0.014126607287965456,0.2346935198610602,0.3042080272780867,0.44098723729704753,0.0038686445403992927,0.010646739217029685,0.0,0.0,0.0,0.0,6.373384745303612e-06,0.019594971399435956,0.9697519159987891,0.46442535969790155,0.3469256385334842,0.1877790347508803,0.000869967017733943,0.0,0.0,0.0,0.0,0.0,0.0,0.0,0.0006277783974124058,0.012523701024521598,0.20676216121476712,0.7586431063877248,0.021443252975574003,0.0,0.0,0.0002007616194770638,0.007750035850289192,0.13027835757875114,0.3680820891955195,0.49020888768502735,0.003479868070935772,0.0,0.0,0.0,0.0,1.0,0.0,0.0,0.0,0.0,0.0,0.0,0.5527764057296729,0.4472235942703271,0.0,0.0,0.0
tip_middle_root_1_3_1,45,舌根,303716,160.3203582763672,37.12291717529297,143.6237335205078,38.04438781738281,146.12442016601562,36.93583297729492,103.50234985351562,80.92574310302734,30.34426498413086,14.674452781677246,160.32545471191406,37.12040710449219,155.18858337402344,37.551353454589844,134.76498413085938,3.810973882675171,128.97215270996094,2.526207447052002,0.0,0.004701760855536093,0.08377233994916303,0.12015830578566819,0.17100185699798495,0.41372532234060766,0.20662065877332772,1.9755297712336523e-05,0.00011194668703657364,0.0373901934702156,0.10805818593686208,0.14789474377378867,0.26606764213936707,0.40129594752992925,0.03918134046280077,0.0,6.585099237445508e-06,0.028184224736266774,0.1057632788526123,0.13191600047412713,0.2651226803987936,0.4330328333047979,0.03597439713416481,0.0,0.40256687168275623,1.9755297712336523e-05,0.0,0.0,0.0,0.0003358400611097209,0.019886999697085433,0.5771905332613363,0.6571204678054499,0.30441926009824966,0.03822650107337117,0.000200845526742088,3.2925496187227543e-05,0.0,0.0,0.0,0.0,0.004701760855536093,0.08374929210183198,0.12013525793833713,0.17096234640256028,0.4138010509818383,0.20663053642218387,1.9755297712336523e-05,0.0,0.015198409040024233,0.09033109878965875,0.11721476642653005,0.20807596570480316,0.4378959290916514,0.1312706607488575,1.3170198474891017e-05,0.0,0.0,0.0,2.963294656850479e-05,0.9999703670534315,0.0,0.0,0.0,0.0,0.0,0.0,0.31344743115278745,0.6865525688472125,0.0,0.0,0.0
tip_middle_root_1_3_1,46,舌尖,122980,189.82669067382812,14.286591529846191,143.04867553710938,18.23932456970215,154.2568817138672,18.9677734375,168.73854064941406,23.791723251342773,63.55490493774414,14.265754699707031,189.8294677734375,14.281264305114746,163.56890869140625,15.972013473510742,147.49526977539062,3.7769815921783447,129.18701171875,3.1212239265441895,0.0,0.0,0.0,0.0,0.024491787282484957,0.4539274678809562,0.5214831679947959,9.757684176288828e-05,0.0,0.0,0.006732802081639291,0.18907139372255652,0.6004960156122947,0.2036184745487071,8.13140348024069e-05,0.0,0.0,0.0,0.003114327532932184,0.07231257114978046,0.5316636851520572,0.3773377785005692,0.015571637664660921,0.0,0.02028785168320052,0.0,0.0,0.0,0.0,0.0,0.007180029273052529,0.9725321190437469,0.0004797528053342007,0.5255651325418768,0.45085379736542525,0.022784192551634413,0.0003171247357293869,0.0,0.0,0.0,0.0,0.0,0.0,0.0,0.024329159212880144,0.45409009595056105,0.5214831679947959,9.757684176288828e-05,0.0,0.0,8.13140348024069e-06,0.013416815742397137,0.3923239551146528,0.563953488372093,0.03029760936737681,0.0,0.0,0.0,0.0,0.0,0.9964791022930558,0.0035208977069442187,0.0,0.0,0.0,0.0,0.0,0.25370791998698977,0.7462920800130103,0.0,0.0,0.0
tip_middle_root_1_3_1,46,舌中,450144,200.39724731445312,8.984068870544434,163.59193420410156,12.58694839477539,177.9763641357422,12.962247848510742,167.8462371826172,4.557778835296631,47.04973602294922,9.327260971069336,200.3972930908203,8.984091758728027,180.76951599121094,10.757282257080078,143.89797973632812,2.589301824569702,125.83626556396484,2.203509569168091,0.0,0.0,0.0,0.0,0.0001443982370086017,0.1611750906376626,0.8375564263880003,0.0011240847373284993,0.0,0.0,1.1107556692969362e-05,0.006140257339873462,0.3322581218454539,0.6578850323452051,0.0037054809127745787,0.0,0.0,0.0,0.0,0.0006397952655150352,0.09111973057510485,0.7709799530816805,0.13722719840762068,3.332267007890808e-05,0.0002465877585839198,0.0,0.0,0.0,0.0,0.0,0.00864612212980735,0.9911072901116087,0.026720338380607094,0.9208342219378688,0.052387680386720696,5.775929480344068e-05,0.0,0.0,0.0,0.0,0.0,0.0,0.0,0.0,0.0001443982370086017,0.1611750906376626,0.8375564263880003,0.0011240847373284993,0.0,0.0,0.0,7.108836283500391e-05,0.03762573754176441,0.8130442702779554,0.1492500177720907,8.886045354375489e-06,0.0,0.0,0.0,0.0,1.0,0.0,0.0,0.0,0.0,0.0,0.0,0.769549299779626,0.23045070022037392,0.0,0.0,0.0
tip_middle_root_1_3_1,46,舌左邊,98605,196.11471557617188,10.135127067565918,154.64376831054688,16.17775535583496,164.50477600097656,17.28066635131836,171.62359619140625,12.42956256866455,54.39353942871094,11.990278244018555,196.11660766601562,10.142377853393555,173.1411590576172,13.682060241699219,145.04217529296875,3.128405809402466,128.9596710205078,2.4619874954223633,0.0,0.0,0.0,0.0,0.0005374980984737082,0.32980072004462246,0.6586988489427514,0.010962932914152426,0.0,0.0,0.0003042442066832311,0.024998732315805485,0.6162364991633285,0.3395263931849298,0.018112671771208358,0.0008214593580447239,0.0,0.0,0.00026367831245880025,0.007910349373764008,0.3996044825313118,0.5294863343643832,0.05961158156280107,0.0031235738552811724,0.004867907306931697,0.0,0.0,0.0,0.0,0.0,0.002444095127021956,0.9926879975660463,0.030779372242786877,0.7475077328735865,0.22032351300643985,0.0013893818771867552,0.0,0.0,0.0,0.0,0.0,0.0,0.0,0.0,0.0005374980984737082,0.32980072004462246,0.6586887074691953,0.010973074387708535,0.0,0.0,0.0,0.0007301860960397546,0.1522235180771766,0.7565843517063029,0.08800770751990264,0.002454236600578064,0.0,0.0,0.0,0.0,1.0,0.0,0.0,0.0,0.0,0.0,0.0,0.2623700623700624,0.7376299376299377,0.0,0.0,0.0
tip_middle_root_1_3_1,46,舌右邊,139719,186.457763671875,16.22460174560547,148.67813110351562,20.422306060791016,158.76560974121094,23.17545509338379,162.449462890625,36.34306335449219,53.11972427368164,16.248178482055664,186.45899963378906,16.226640701293945,166.46270751953125,18.616718292236328,143.8714599609375,3.2603297233581543,128.31723022460938,3.6574716567993164,0.0,0.0003006033538745625,0.0022402107086366206,0.00834532168137476,0.03363178952039451,0.5726136030174851,0.37480943894531166,0.008059032772922794,0.0013455578697242321,0.004208446954243875,0.01097917963913283,0.0874397898639412,0.6181836400203266,0.2645452658550376,0.01299035922100788,0.0003077605765858616,0.0015531173283519063,0.007994617768521103,0.008073347218345394,0.04875500110936952,0.4095792268768027,0.4830266463401542,0.03882077598608636,0.002197267372368826,0.04929179281271695,0.0,0.0,0.0,0.0,0.0,0.004022359163750098,0.946685848023533,0.048203894960599486,0.7641551972172718,0.16901065710461713,0.011265468547584796,0.00609795375002684,0.001266828419899942,0.0,0.0,0.0,0.0003006033538745625,0.0022402107086366206,0.00834532168137476,0.03363178952039451,0.5726064457947738,0.3748022817226004,0.008073347218345394,2.1471668133897324e-05,0.0023404118265948084,0.007099964929608715,0.020705845303788318,0.25402414846942795,0.6656718127097961,0.04841861164193846,0.0017177334507117858,0.0,0.0,0.0,2.1471668133897324e-05,0.9993916360695396,0.0005868922623265268,0.0,0.0,0.0,0.0,0.0,0.46875514425382375,0.5312448557461763,0.0,0.0,0.0
tip_middle_root_1_3_1,46,舌根,224972,156.5799102783203,23.359359741210938,118.89559936523438,24.302255630493164,128.66201782226562,25.696699142456055,169.7892608642578,18.75130271911621,62.81107711791992,15.411689758300781,156.58004760742188,23.35924530029297,137.22618103027344,23.807086944580078,144.3733673095703,3.1477627754211426,128.5102081298828,2.4890096187591553,0.0,0.0,0.0017513290542823107,0.1337277527870135,0.36504542787546895,0.4585637323755845,0.040885087922052525,2.6669985598207776e-05,0.0,0.006280781608377931,0.17720427430969188,0.4259907899649734,0.3476610422630372,0.04272531692832886,0.00013779492559074018,0.0,0.0,0.0008000995679462333,0.11415198335792899,0.3586090713511015,0.4125535622210764,0.1111382749853315,0.002747008516615401,0.0,0.011943708550397383,0.0,0.0,0.0,0.0,3.555998079761037e-05,0.001155699375922337,0.9868650320928827,0.012285973365574382,0.5293903241292249,0.4344273954092065,0.023434027345625233,0.0004622797503689348,0.0,0.0,0.0,0.0,0.0,0.0017513290542823107,0.1337277527870135,0.36504542787546895,0.4585637323755845,0.040885087922052525,2.6669985598207776e-05,0.0,4.444997599701296e-05,0.05069964262219298,0.28313745710577315,0.4877051366392262,0.17551073022420569,0.0029025834326049465,0.0,0.0,0.0,0.0,0.0,1.0,0.0,0.0,0.0,0.0,0.0,0.0,0.3508347705492239,0.6491652294507761,0.0,0.0,0.0
tip_middle_root_1_3_1,47,舌尖,152418,205.0290985107422,15.398640632629395,133.95094299316406,21.370086669921875,147.9058074951172,20.508495330810547,171.12326049804688,21.682876586914062,89.39949035644531,16.980836868286133,205.0290985107422,15.398640632629395,162.0052490234375,17.919811248779297,157.1737823486328,4.96855354309082,132.06915283203125,2.5680761337280273,0.0,0.0,0.0,0.0,0.001049744780800168,0.2075542258788332,0.712704536209634,0.07869149313073259,0.0,6.5609048800010495e-06,0.018475508142082955,0.37521158918238,0.48964033119447836,0.11110236323793778,0.005432429240640869,0.000131218097600021,0.0,0.0,0.0038840556889606216,0.16807726121586689,0.5421800574735267,0.26832788778228295,0.016736868348882678,0.000793869490480127,0.01637601858048262,0.0,0.0,0.0,0.0,0.0,0.0,0.9836239814195173,0.00013777900248002206,0.07809445078665249,0.5402577123436865,0.3780196564710205,0.0034904013961605585,0.0,0.0,0.0,0.0,0.0,0.0,0.0,0.001049744780800168,0.2075542258788332,0.712704536209634,0.07869149313073259,0.0,0.0,0.0,0.014545526118962327,0.4141833641695863,0.5267094437664843,0.04381372278864701,0.0007479431563201197,0.0,0.0,0.0,0.0,0.6484929601490638,0.35150703985093623,0.0,0.0,0.0,0.0,0.0,0.02726712068128436,0.9727328793187157,0.0,0.0,0.0
tip_middle_root_1_3_1,47,舌中,636560,211.7925567626953,9.985363960266113,166.9727783203125,17.88248634338379,175.79673767089844,16.005809783935547,172.33578491210938,17.70938491821289,54.46002960205078,14.193922996520996,211.7925567626953,9.985363960266113,185.55694580078125,14.365078926086426,145.85903930664062,4.44131326675415,129.931884765625,1.5010300874710083,0.0,0.0,0.0,0.0,8.326002262159106e-05,0.030906748774663817,0.8694969837878598,0.09951300741485485,0.0,0.0,0.001552092497172301,0.024360625864019103,0.2792384064345859,0.6417462611537011,0.0528952494658791,0.00020736458464245319,0.0,0.0,5.8124921452808845e-05,0.008519228352394118,0.14284120899836622,0.6949305642830212,0.1528434083197185,0.0008074651250471283,0.010448347367098152,0.0,0.0,0.0,0.0,0.0,0.0,0.9895516526329019,0.006751916551464119,0.7716853085333668,0.20678490637174815,0.014452683172049768,0.00032518537137111975,0.0,0.0,0.0,0.0,0.0,0.0,0.0,8.326002262159106e-05,0.030906748774663817,0.8694969837878598,0.09951300741485485,0.0,0.0,0.0,0.0012551841146160613,0.044935277114490385,0.5783508231745633,0.3743920447404801,0.0010666708558501948,0.0,0.0,0.0,0.0,0.9902711449038583,0.009728855096141763,0.0,0.0,0.0,0.0,0.0,0.030625549830338068,0.969374450169662,0.0,0.0,0.0
tip_middle_root_1_3_1,47,舌左邊,207882,199.5534210205078,14.386148452758789,144.78680419921875,23.333463668823242,155.08273315429688,20.637096405029297,171.9760284423828,20.535070419311523,71.11414337158203,18.926910400390625,199.55348205566406,14.385326385498047,167.32711791992188,19.357282638549805,150.29312133789062,5.413369655609131,131.00131225585938,1.6879947185516357,0.0007456153009880606,0.00041850665281265335,0.00029343569909852705,0.00030305654169192136,0.0008947383611856727,0.2756852445137145,0.6859372143812356,0.03572218854927314,0.0011304490047238337,0.00030786696298861854,0.001019809314899799,0.24810228879845297,0.47158965182170653,0.2602486025726133,0.017591710682021533,9.62084259339433e-06,0.0009668946806361301,0.00028381485650513273,0.00037521286114237885,0.07378224184874112,0.5243744047103646,0.3620515484746154,0.03806005329946797,0.00010582926852733762,0.014123396927102875,0.0,0.0,0.0,0.0,0.0,0.0005002838148565051,0.9853763192580406,0.0006349756111640257,0.3634369498080642,0.5458144524297438,0.08899279398889755,0.00016836474538440077,0.00020684811575797808,0.00025014190742825255,0.000495473393559808,0.0007456153009880606,0.00041850665281265335,0.00029343569909852705,0.00030305654169192136,0.0008947383611856727,0.2756852445137145,0.6859372143812356,0.03572218854927314,0.0010582926852733762,0.00022127937964806958,0.00031267738428531573,0.0016451640834704304,0.37853205183709987,0.49068702436959427,0.127394387200431,0.00014912306019761212,0.0,0.0,0.0,0.0,0.9758805476183604,0.024119452381639584,0.0,0.0,0.0,0.0,0.0,0.014917116441057908,0.9850828835589421,0.0,0.0,0.0
tip_middle_root_1_3_1,47,舌右邊,171063,194.62698364257812,17.14098358154297,135.45166015625,25.064327239990234,147.2130584716797,24.227859497070312,171.73536682128906,18.979324340820312,79.19293975830078,18.72046661376953,194.62698364257812,17.14098358154297,159.72027587890625,21.397851943969727,152.43092346191406,4.9038286209106445,131.0981903076172,2.5283641815185547,0.0,0.0,0.0,0.0,0.01702296814623852,0.3985139977669046,0.5442322419225666,0.04023079216429035,0.0,0.0001578365865207555,0.039523450424697334,0.3654793847880605,0.41215809380169877,0.1735910161753272,0.009084372424194595,5.8457995007687225e-06,0.0,0.0,0.007032496799424773,0.21879658371477176,0.46897926494917075,0.26598972308447766,0.039073323863138144,0.0001286075890169119,0.01290167949819657,0.0,0.0,0.0,0.0,0.0,0.0,0.9870983205018035,0.0002864441755376674,0.21538263680632283,0.5870819522632013,0.19323290249791011,0.004016064257028112,0.0,0.0,0.0,0.0,0.0,0.0,0.0,0.01702296814623852,0.3985139977669046,0.5442322419225666,0.04023079216429035,0.0,0.0,8.184119301076212e-05,0.05970315030135096,0.45217843718396145,0.3991161151154838,0.08875092802067075,0.00016952818552229296,0.0,0.0,0.0,0.0,0.9490012451552937,0.05099875484470633,0.0,0.0,0.0,0.0,0.0,0.021629458152844273,0.977376755932025,0.0009937859151306829,0.0,0.0
tip_middle_root_1_3_1,47,舌根,265285,194.10897827148438,18.880599975585938,148.6599884033203,26.62744903564453,150.084716796875,24.58839225769043,116.7667236328125,82.18487548828125,63.84272003173828,17.358570098876953,194.10897827148438,18.880599975585938,167.8348388671875,22.94790267944336,145.40748596191406,5.734758377075195,134.0426788330078,3.0117504596710205,1.130859264564525e-05,0.0003581054337787662,0.0002186327911491415,0.0023107224305935125,0.03780462521439207,0.376123791394161,0.5483461183255743,0.034826695817705484,0.0002940234087867765,0.00038826168083382024,0.02152402133554479,0.1915901766025218,0.44228659743294946,0.29855815443768025,0.040533765572874456,0.00482499952880864,0.00021486326026725974,0.0002977929396686582,0.013555233051246772,0.16156963265921556,0.46627212243436306,0.31970522268503687,0.03802325800554121,0.000361874964660648,0.3477580715080008,0.0008594530410690389,0.0,0.0,0.0,0.0,0.0,0.6513824754509301,0.016476619484705128,0.49419680720734305,0.4491169873909192,0.039218199295097726,0.0008896092881240929,9.80078029289255e-05,3.7695308818817496e-06,0.0,1.130859264564525e-05,0.0003581054337787662,0.0002186327911491415,0.0023107224305935125,0.03780462521439207,0.376123791394161,0.5483461183255743,0.034826695817705484,0.00024124997644043198,0.00020732419850349624,0.0011949412895565148,0.03727689089092862,0.3232749684301789,0.4819005974706448,0.1481802589667716,0.007723768776975706,0.0,0.0,0.0,0.003479277003976855,0.9917447273686789,0.004775995627344177,0.0,0.0,0.0,0.0,0.0,0.0010441600542812448,0.9989558399457188,0.0,0.0,0.0
tip_middle_root_1_3_1,48,舌尖,118348,188.8090057373047,13.045138359069824,125.2502212524414,18.187490463256836,138.9148406982422,17.80937385559082,173.06045532226562,8.010826110839844,86.45132446289062,16.36870002746582,188.8090057373047,13.045138359069824,151.4554901123047,15.43890380859375,154.60797119140625,4.5216827392578125,130.9759063720703,2.0647990703582764,0.0,0.0,0.0,0.0,0.016797918004529015,0.43254638861662215,0.5506472437219049,8.449656943928076e-06,0.0,0.0,0.03935005238787305,0.4973890560043262,0.44587994727414065,0.017380944333660053,0.0,0.0,0.0,0.0,0.0,0.3020921350593166,0.5577027072700849,0.14020515767059857,0.0,0.0,0.0021208638929259473,0.0,0.0,0.0,0.0,0.0,0.0,0.997879136107074,0.0,0.10642342920877412,0.5776945955994187,0.3158819751918072,0.0,0.0,0.0,0.0,0.0,0.0,0.0,0.0,0.016797918004529015,0.43254638861662215,0.5506472437219049,8.449656943928076e-06,0.0,0.0,0.0,0.0736725588941089,0.568847804779126,0.3574458376989894,3.3798627775712305e-05,0.0,0.0,0.0,0.0,0.0,0.8516324737215669,0.1483675262784331,0.0,0.0,0.0,0.0,0.0,0.022822523405549733,0.9771774765944503,0.0,0.0,0.0
tip_middle_root_1_3_1,48,舌中,501695,192.39036560058594,7.938139915466309,154.2147979736328,14.776782989501953,164.72238159179688,14.171690940856934,171.46279907226562,2.6695425510406494,50.91103744506836,14.668034553527832,192.39036560058594,7.938139915466309,172.00094604492188,11.933465003967285,143.94082641601562,4.1475725173950195,128.1109161376953,1.5870717763900757,0.0,0.0,0.0,0.0,0.001122195756385852,0.35733064909955253,0.6415471551440616,0.0,0.0,0.0,0.0044170262809077225,0.05622738915077886,0.5502526435384049,0.38910094778700205,1.993242906546806e-06,0.0,0.0,0.0,2.3918914878561676e-05,0.03455087254208234,0.21551141629874726,0.7459233199453852,0.003990472298906706,0.0,4.783782975712335e-05,0.0,0.0,0.0,0.0,0.0,8.969593079460628e-05,0.9998624662394483,0.0482145526664607,0.8157167203181216,0.117427919353392,0.018638814419119187,1.993242906546806e-06,0.0,0.0,0.0,0.0,0.0,0.0,0.0,0.001122195756385852,0.35733064909955253,0.6415471551440616,0.0,0.0,0.0,0.0,0.009774863213705538,0.09572947707272347,0.8857812017261484,0.008714457987422637,0.0,0.0,0.0,0.0,0.0,0.9978791895474342,0.002120810452565802,0.0,0.0,0.0,0.0,0.0,0.34212419896550694,0.6578758010344931,0.0,0.0,0.0
tip_middle_root_1_3_1,48,舌左邊,188871,176.0287628173828,18.825218200683594,130.24000549316406,24.041601181030273,141.85548400878906,24.333284378051758,171.73422241210938,7.407078742980957,67.95282745361328,21.782325744628906,176.0287628173828,18.825218200683594,150.8713836669922,22.112451553344727,147.54107666015625,4.9460296630859375,128.95285034179688,2.2700045108795166,0.00040239104997590947,0.006787701658804157,0.002361400109069153,0.008031937142282298,0.09287820787733427,0.7625204504661912,0.127017911696343,0.0,0.008159008000169428,0.008444917430415469,0.04300289615663601,0.3417729561446702,0.5175807826505922,0.08103943961751672,0.0,0.0,0.00710008418444335,0.0031185306373132985,0.034843888156466586,0.19084454468923234,0.5340364587469755,0.22944231777244786,0.000614175813121125,0.0,0.0016678050097685723,0.0,0.0,0.0,0.0,0.0,0.00014824933420165087,0.9981839456560297,0.016709817812157503,0.41628413043823564,0.47158642671453005,0.08145241990564989,0.010885736825664077,0.0023931678235409354,0.0006618273848287985,2.647309539315194e-05,0.00040239104997590947,0.006787701658804157,0.002361400109069153,0.008031937142282298,0.09287820787733427,0.7625204504661912,0.127017911696343,0.0,0.006697693134467441,0.002552006395899847,0.013146539172239253,0.07055609384182855,0.5370279185264016,0.3690667174950098,0.0009530314341534698,0.0,0.0,0.0,0.0,0.0,0.9970932541258319,0.002906745874168083,0.0,0.0,0.0,0.0,0.0,0.2548459001117165,0.7451540998882835,0.0,0.0,0.0
tip_middle_root_1_3_1,48,舌右邊,93671,173.68212890625,19.411006927490234,121.61714935302734,22.590595245361328,129.82492065429688,23.861499786376953,169.93038940429688,29.080364227294922,78.38211059570312,22.52098274230957,173.68212890625,19.411006927490234,144.04071044921875,21.57732391357422,149.59457397460938,4.684145450592041,131.9206085205078,2.740635395050049,0.004366346040930491,0.005711479540092451,0.005732830865475974,0.011412283417493141,0.04381291968698957,0.9092141644692594,0.019749975979758944,0.0,0.011978093540156505,0.01636579090647052,0.03951062762220965,0.5366975905029304,0.3766267041026572,0.018821193325575684,0.0,0.0,0.011753904623629512,0.013835658848523022,0.033703067117891346,0.3380982374480896,0.550960275859124,0.051243180920455635,0.00040567518228694046,0.0,0.02845064107354464,0.0,0.0,0.0,0.0,0.0,3.2026988075284774e-05,0.9715173319383801,0.0024233754310298812,0.2306156654674339,0.603569941604125,0.13143875906096872,0.02181037887926893,0.005679452552017166,0.0041421571244034975,0.00032026988075284775,0.004366346040930491,0.005711479540092451,0.005732830865475974,0.011412283417493141,0.04381291968698957,0.9092141644692594,0.019749975979758944,0.0,0.009597420759893671,0.006426748940440478,0.01609889933917648,0.05169155875350962,0.7555380000213513,0.1601562917018074,0.0004910804838210332,0.0,0.0,0.0,0.0,0.0,0.9861002871753264,0.013899712824673591,0.0,0.0,0.0,0.0,0.0,0.021714297915043076,0.9782857020849569,0.0,0.0,0.0
tip_middle_root_1_3_1,48,舌根,311250,138.14405822753906,28.78573989868164,102.73523712158203,32.12534713745117,109.81684112548828,32.52313995361328,172.99374389648438,11.691123962402344,69.76701354980469,26.211702346801758,138.14405822753906,28.78573989868164,119.94235229492188,31.775787353515625,143.52598571777344,4.143669605255127,129.7577667236328,2.1463279724121094,0.003996787148594377,0.005436144578313253,0.06737991967871486,0.2637815261044177,0.3948144578313253,0.263081124497992,0.0015100401606425702,0.0,0.010788755020080322,0.11760642570281124,0.28720642570281124,0.3286875502008032,0.23720160642570282,0.018509236947791163,0.0,0.0,0.007524497991967871,0.08014136546184739,0.24382008032128513,0.3424417670682731,0.27526425702811247,0.0507566265060241,5.140562248995984e-05,0.0,0.0043630522088353415,0.0,0.0,0.0,0.0,0.0,0.0001253012048192771,0.9955116465863454,0.02245140562248996,0.4541204819277108,0.35160481927710846,0.14297831325301205,0.026570281124497993,0.0020658634538152612,0.00020883534136546185,0.0,0.003996787148594377,0.005436144578313253,0.06737991967871486,0.2637815261044177,0.3948144578313253,0.263081124497992,0.0015100401606425702,0.0,0.005805622489959839,0.03583293172690763,0.18687550200803213,0.3318265060240964,0.3337734939759036,0.1057574297188755,0.0001285140562248996,0.0,0.0,0.0,0.0,0.0,1.0,0.0,0.0,0.0,0.0,0.0,0.0,0.11693815261044177,0.8830618473895583,0.0,0.0,0.0
tip_middle_root_1_3_1,49,舌尖,195532,183.52645874023438,12.690400123596191,155.1959686279297,14.797938346862793,171.87400817871094,14.105278015136719,157.62786865234375,22.391939163208008,40.7231559753418,12.50428295135498,183.98233032226562,11.987438201904297,170.92991638183594,13.010968208312988,141.38580322265625,3.751951217651367,123.29647064208984,3.7491276264190674,0.0,0.0,0.0,7.671378597876563e-05,0.046974408280997484,0.6714604259149397,0.281488452018084,0.0,0.0,0.0,0.0,0.01794591166663257,0.6029959290550907,0.3725477159748788,0.0065104433033979095,0.0,0.0,2.5571261992921874e-05,0.0026184972280752,0.005917190025162122,0.1374046191927664,0.7963351267311745,0.05769899556082892,0.0,0.020707607961868133,3.068551439150625e-05,0.0,0.0,0.0,0.008653315058404762,0.21170959229179878,0.7588987991735369,0.2377206799909989,0.7364472311437514,0.022226540924247692,0.003523719902624634,7.671378597876563e-05,5.114252398584375e-06,0.0,0.0,0.0,0.0,0.0,5.6256776384428127e-05,0.02946832232064317,0.6884346296258413,0.2820407912771311,0.0,0.0,0.0,0.0,0.0004858539778655156,0.19662766196837347,0.7401294928707322,0.06275699118302887,0.0,0.0,0.0,0.0,3.068551439150625e-05,0.9999693144856084,0.0,0.0,0.0,0.0,0.0,0.0,0.9605230857353272,0.03946668575987562,1.022850479716875e-05,0.0,0.0
tip_middle_root_1_3_1,49,舌中,526720,197.59970092773438,11.247117042541504,184.0484161376953,15.866778373718262,191.0543670654297,12.99862289428711,141.93331909179688,53.177249908447266,18.24578857421875,9.624947547912598,197.7493896484375,11.231918334960938,194.11351013183594,13.403739929199219,134.08143615722656,3.477367639541626,126.20002746582031,2.544891119003296,0.0,0.0,0.0,0.0,0.0006777794653705953,0.29367215978128797,0.7046912970838396,0.0009587636695018226,0.0,0.0,0.0,0.0001234052247873633,0.06661414034021872,0.5827612393681653,0.35049551944106927,5.695625759416768e-06,0.0,0.0,0.0,0.0,0.010479951397326853,0.4823359659781288,0.5070625759416768,0.00012150668286755772,0.12788388517618468,0.0008733292831105711,1.5188335358444715e-05,3.037667071688943e-05,5.31591737545565e-05,0.004723572296476306,0.24886087484811664,0.6175596142162819,0.8981584143377885,0.10154541312272175,0.00029617253948967194,0.0,0.0,0.0,0.0,0.0,0.0,0.0,0.0,0.0,0.0006493013365735115,0.28873405224787363,0.7096199119076549,0.0009967345078979344,0.0,0.0,0.0,0.0,0.004729267922235723,0.4210225546780073,0.5731527187120291,0.001095458687727825,0.0,0.0,0.0,0.00020314398541919807,0.9997968560145808,0.0,0.0,0.0,0.0,0.0,0.0,0.6818347509113001,0.31816524908869986,0.0,0.0,0.0
tip_middle_root_1_3_1,49,舌左邊,255574,200.48526000976562,10.936749458312988,174.90823364257812,13.83155632019043,187.06251525878906,14.66537857055664,158.69131469726562,30.542146682739258,32.84011459350586,10.35893726348877,200.50234985351562,10.93932056427002,188.5961456298828,11.989242553710938,139.31532287597656,3.303709030151367,125.26762390136719,2.530419111251831,0.0,0.0,0.0,2.347656647389797e-05,0.001537715104040317,0.17902447040778796,0.813169571239641,0.00624476668205686,0.0,0.0,0.0,0.003063691924843685,0.1221094477529013,0.7651717310837566,0.10962773991094556,2.7389327552880966e-05,0.0,0.0,0.0,0.004476198674356546,0.030515623654988378,0.5628741577781777,0.4009758426130984,0.0011581772793789666,0.03624390587461948,0.0,0.0,0.0,0.0,0.0,0.10892344291672862,0.8548326512086519,0.5013538153333281,0.49655677025049494,0.0020894144161769193,0.0,0.0,0.0,0.0,0.0,0.0,0.0,0.0,2.347656647389797e-05,0.0015338023429613342,0.1788092685484439,0.8133730348157481,0.0062604177263727925,0.0,0.0,0.0,9.781902697457488e-05,0.019458160845782436,0.5627685132290452,0.41729205631245747,0.00038345058574033354,0.0,0.0,0.0,0.0,1.0,0.0,0.0,0.0,0.0,0.0,0.0,0.8140460297213331,0.18595397027866684,0.0,0.0,0.0
tip_middle_root_1_3_1,49,舌右邊,165596,192.98190307617188,12.518454551696777,158.1767120361328,16.8431453704834,168.7698516845703,17.916669845581055,168.4947967529297,16.43488311767578,46.33000946044922,13.18179988861084,192.9825897216797,12.517980575561523,174.88421630859375,14.556855201721191,142.65902709960938,3.613948345184326,127.5147933959961,2.6012582778930664,0.0,0.0,0.0,0.0,0.0042694267977487375,0.43899007222396674,0.5549650957752603,0.0017754052030242277,0.0,0.0,0.0,0.01436025024759052,0.5316855479600957,0.43010700741563807,0.023847194376675766,0.0,0.0,0.0,0.0,0.002518176767554772,0.32361288920022224,0.5584434406628179,0.11532887267808402,9.662069132104641e-05,0.008883064808328704,0.0,0.0,0.0,0.0,0.0,0.007904780308703108,0.9832121548829682,0.14343945505930095,0.7640945433464577,0.09246600159424141,0.0,0.0,0.0,0.0,0.0,0.0,0.0,0.0,0.0,0.0042694267977487375,0.43897195584434406,0.554983212154883,0.0017754052030242277,0.0,0.0,0.0,4.8310345660523204e-05,0.16555955457861302,0.6881084084156622,0.1462233387279886,6.0387932075654e-05,0.0,0.0,0.0,0.0,1.0,0.0,0.0,0.0,0.0,0.0,0.0,0.5442945481774922,0.45570545182250777,0.0,0.0,0.0
tip_middle_root_1_3_1,49,舌根,189773,158.6266326904297,19.34049415588379,131.05178833007812,20.173969268798828,139.49244689941406,19.879940032958984,161.8079071044922,35.92940139770508,44.73306655883789,17.243223190307617,158.62750244140625,19.34037971496582,146.6385955810547,19.18277359008789,140.03944396972656,4.539223670959473,127.51567077636719,2.3481216430664062,0.0,0.0,0.0005638315250325389,0.06778098043451913,0.4206815511163337,0.48800408909591986,0.02296954782819474,0.0,0.0,0.0007377234906967798,0.052004236640618,0.339526697686183,0.5449089174961664,0.06281188577932582,1.0538907009953998e-05,0.0,0.0,0.00011592797710949397,0.024302719564953917,0.2288892518956859,0.5974453689407871,0.14918876763290878,5.7963988554746986e-05,0.0,0.0470562197994446,0.0,0.0,0.0,0.0,0.0,0.011545372629404605,0.9413984075711508,0.26416297365800195,0.5935301649865893,0.14165344912079167,0.0006534122346171479,0.0,0.0,0.0,0.0,0.0,0.0,0.0005638315250325389,0.06778098043451913,0.42064993439530385,0.4880357058169497,0.02296954782819474,0.0,0.0,0.0,0.009168849098659978,0.15687163084316524,0.5629093706691679,0.2691742239412351,0.0018759254477718117,0.0,0.0,0.0,0.0,0.0,1.0,0.0,0.0,0.0,0.0,0.0,0.0,0.5385644954761741,0.4614355045238258,0.0,0.0,0.0
tip_middle_root_1_3_1,5,舌尖,70292,140.48150634765625,12.66367244720459,110.69625091552734,14.687655448913574,121.2229995727539,16.650524139404297,160.87937927246094,33.511993408203125,55.58089065551758,14.322336196899414,140.48202514648438,12.662566184997559,127.15980529785156,14.199118614196777,141.62635803222656,2.3133280277252197,126.76654815673828,3.3447277545928955,0.0,0.0,0.00019916917999203323,0.1681130142832755,0.7948130654982075,0.03687475103852501,0.0,0.0,0.0,0.00024184828999032607,0.17081602458316736,0.7020002276219199,0.12694189950492232,0.0,0.0,0.0,0.0,0.002546520229898139,0.07854378876685825,0.5230609457690776,0.39570648153417176,0.00014226369999430945,0.0,0.0,0.04444317987822227,0.0,0.0,0.0,0.0,0.0,0.008094804529676208,0.9474620155921015,0.004082968189836681,0.794400500768224,0.1779149832128834,0.022847550219086098,0.0007539976099698401,0.0,0.0,0.0,0.0,0.0,0.00019916917999203323,0.1681130142832755,0.7948130654982075,0.03687475103852501,0.0,0.0,0.0,0.0,0.014439765549422409,0.4496955556820122,0.5348403801286064,0.0010242986399590281,0.0,0.0,0.0,0.0,0.0,0.0,1.0,0.0,0.0,0.0,0.0,0.0,0.0,0.7621066408695157,0.23789335913048426,0.0,0.0,0.0
tip_middle_root_1_3_1,5,舌中,251550,150.8602294921875,11.420048713684082,129.15512084960938,12.814718246459961,139.00486755371094,12.368903160095215,164.5167694091797,18.00482749938965,36.916175842285156,11.475170135498047,150.8602752685547,11.420037269592285,143.50489807128906,12.10397720336914,138.04257202148438,3.1051864624023438,125.79207611083984,1.5611189603805542,0.0,0.0,0.0005207712184456371,0.03517392168554959,0.7392963625521765,0.22500894454382828,0.0,0.0,0.0,0.0005724508050089446,0.01782150665871596,0.37056251242297755,0.6105108328364143,0.0005326972768833234,0.0,0.0,0.0,8.745776187636653e-05,0.008924667064201948,0.13811568276684555,0.8370900417412045,0.015782150665871596,0.0,0.0,0.011755118266746174,0.0,0.0,0.0,0.0,0.0,0.00505664877757901,0.9831882329556748,0.3121804810176903,0.673953488372093,0.013416815742397137,0.00044921486781951896,0.0,0.0,0.0,0.0,0.0,0.0,0.0005207712184456371,0.03517392168554959,0.7392963625521765,0.22500894454382828,0.0,0.0,0.0,0.0,0.004897634665076526,0.08607433909759492,0.8557304710793083,0.053297555158020274,0.0,0.0,0.0,0.0,0.0,0.0,1.0,0.0,0.0,0.0,0.0,0.0,0.0,0.881633870005963,0.11836612999403696,0.0,0.0,0.0
tip_middle_root_1_3_1,5,舌左邊,87389,139.0562286376953,15.666398048400879,108.53746032714844,19.097171783447266,122.9269027709961,20.266565322875977,165.2023162841797,4.558156490325928,57.31264877319336,16.488161087036133,139.05662536621094,15.66340160369873,125.36028289794922,18.552669525146484,142.6698455810547,2.9987854957580566,124.83966827392578,1.9750837087631226,0.003650345009097255,0.0018766663996612847,0.0030438613555481813,0.17883257618235704,0.7555069860051036,0.057032349609218554,5.7215439014063553e-05,0.0,0.004989186282026342,0.004565792033322272,0.24354323770726294,0.5793063200173935,0.16751536234537528,8.010161461968898e-05,0.0,0.0,0.004497133506505395,0.0028493288629003652,0.08594903248692627,0.4538900776985662,0.44596001785121697,0.006854409593884814,0.0,0.0,0.00010298779022531439,0.0,0.0,0.0,0.0,4.5772351211250845e-05,0.026765382370778933,0.9730858574877845,0.008673860554532035,0.63982881140647,0.3414846262115369,0.009051482452024855,0.0008925608486193915,6.865852681687626e-05,0.0,0.0,0.003650345009097255,0.0018766663996612847,0.0030438613555481813,0.17883257618235704,0.7555069860051036,0.057032349609218554,5.7215439014063553e-05,0.0,0.004542905857716646,0.0017050200826190939,0.03144560528212933,0.4743274325143897,0.48104452505464074,0.006934511208504503,0.0,0.0,0.0,0.0,0.0,0.0,1.0,0.0,0.0,0.0,0.0,0.0,0.0,0.9016695465104304,0.09833045348956962,0.0,0.0,0.0
tip_middle_root_1_3_1,5,舌右邊,109430,147.3846893310547,13.020528793334961,116.80313110351562,17.226585388183594,128.3651580810547,18.575592041015625,165.8634033203125,19.165180206298828,53.92544174194336,14.333367347717285,147.3846893310547,13.020528793334961,133.54135131835938,16.096437454223633,141.98492431640625,2.679492235183716,126.34678649902344,2.2181880474090576,0.0,0.0,0.0,0.0750342684821347,0.7422096317280453,0.18193365621858723,0.0008224435712327515,0.0,0.0,0.000493466142739651,0.12026866489993603,0.5750890980535502,0.30265923421365254,0.001489536690121539,0.0,0.0,0.0,3.6553047610344514e-05,0.056136342867586585,0.3854518870510829,0.54137804989491,0.016933199305492096,6.39678333181029e-05,0.0,0.012930640592159372,0.0,0.0,0.0,0.0,0.0,0.00021018002375948095,0.9868591793840812,0.02053367449511103,0.7383715617289591,0.2347802248012428,0.006314538974687015,0.0,0.0,0.0,0.0,0.0,0.0,0.0,0.0750342684821347,0.7422096317280453,0.18193365621858723,0.0008224435712327515,0.0,0.0,0.0,0.009741387188156812,0.33732979987206435,0.6220689024947454,0.030805080873617836,5.482957141551677e-05,0.0,0.0,0.0,0.0,0.0,1.0,0.0,0.0,0.0,0.0,0.0,0.0,0.7494105821072832,0.2505894178927168,0.0,0.0,0.0
tip_middle_root_1_3_1,5,舌根,155704,114.87413024902344,23.754175186157227,93.13733673095703,25.036388397216797,101.13128662109375,25.63683319091797,162.97723388671875,30.09710121154785,50.854801177978516,23.543628692626953,114.8751220703125,23.750627517700195,106.46707916259766,25.877302169799805,138.3510284423828,4.161421298980713,126.90084838867188,1.8519229888916016,0.003204798849098289,0.021348199147099626,0.1852938909726147,0.452075733442943,0.33515516621281405,0.002890099162513487,3.211221291681652e-05,0.0,0.012523763037558444,0.110857781431434,0.3857704362123003,0.4193276987103735,0.07144325129733341,7.706931100035965e-05,0.0,0.0,0.009145558238709346,0.07171941632841802,0.3146547294867184,0.44454220829265784,0.159790371474079,0.00014771617941735602,0.0,0.0,0.03269665519190258,0.0,0.0,0.0,0.0,0.0001348712942506294,0.007751888198119509,0.9594165853157273,0.2396919796537019,0.4765516621281406,0.23416867903200944,0.04701870215280275,0.0025625545907619588,6.422442583363305e-06,0.0,0.0,0.003204798849098289,0.021348199147099626,0.1852938909726147,0.452075733442943,0.33515516621281405,0.002890099162513487,3.211221291681652e-05,0.0,0.00888223809279145,0.05317782459024816,0.24739248831115448,0.4644196680881673,0.22512587987463392,0.0010019010430046755,0.0,0.0,0.0,0.0,0.0,0.0,1.0,0.0,0.0,0.0,0.0,0.0,0.0,0.6724682731336382,0.32753172686636184,0.0,0.0,0.0
tip_middle_root_1_3_1,50,舌尖,134641,197.88768005371094,7.112804889678955,147.55531311035156,11.479742050170898,167.79953002929688,12.68488597869873,167.4425506591797,3.535001516342163,64.96707916259766,11.395675659179688,197.88768005371094,7.112804889678955,169.5177764892578,9.275619506835938,150.11044311523438,3.099679946899414,124.91220092773438,2.6112067699432373,0.0,0.0,0.0,0.0,0.0,0.15137291018337654,0.8486270898166235,0.0,0.0,0.0,0.0,0.032389836676792357,0.8257143069347376,0.14188100207217713,1.4854316292956826e-05,0.0,0.0,0.0,0.0,0.00020053326995491714,0.26872200889773545,0.7040426021791282,0.027034855653181422,0.0,0.0,0.0,0.0,0.0,0.0,0.0,0.004285470250518044,0.9957145297494819,0.0002970863258591365,0.46084773583083904,0.5388403235270088,1.4854316292956826e-05,0.0,0.0,0.0,0.0,0.0,0.0,0.0,0.0,0.0,0.15137291018337654,0.8486270898166235,0.0,0.0,0.0,0.0,0.0,0.12557096278251054,0.8597009826130227,0.014728054604466693,0.0,0.0,0.0,0.0,0.0,1.0,0.0,0.0,0.0,0.0,0.0,0.0,0.7769921494938392,0.22300785050616082,0.0,0.0,0.0
tip_middle_root_1_3_1,50,舌中,464802,200.0878143310547,6.166819095611572,168.31124877929688,10.191628456115723,188.69017028808594,8.783662796020508,160.29559326171875,4.105382919311523,40.650108337402344,8.509916305541992,200.10987854003906,6.174259185791016,184.45208740234375,8.252649307250977,143.0579833984375,2.759148597717285,122.02135467529297,1.7662066221237183,0.0,0.0,0.0,0.0,0.0,0.10649695999586921,0.8935030400041308,0.0,0.0,0.0,0.0,0.0,0.2211479296560686,0.7765263488539206,0.0023257214900108004,0.0,0.0,0.0,0.0,0.0,7.745233454245033e-05,0.5953911558039767,0.4045313918614808,0.0,0.0,0.0,0.0,0.0,0.0,0.0,0.23860052237296742,0.7613994776270326,0.16631813116122565,0.8319219796816709,0.0017598891571034548,0.0,0.0,0.0,0.0,0.0,0.0,0.0,0.0,0.0,0.0,0.10645608237486069,0.8935439176251393,0.0,0.0,0.0,0.0,0.0,0.0006604962973481181,0.7943446887061587,0.20499481499649314,0.0,0.0,0.0,0.0,0.0,1.0,0.0,0.0,0.0,0.0,0.0,0.0,0.9990253914570075,0.0009746085429925,0.0,0.0,0.0
tip_middle_root_1_3_1,50,舌左邊,132095,189.96588134765625,14.078901290893555,147.28756713867188,14.023497581481934,164.0946044921875,15.717395782470703,167.85382080078125,4.941887378692627,57.51089859008789,9.721242904663086,189.96591186523438,14.078797340393066,166.8799285888672,13.507772445678711,146.7317352294922,2.7266643047332764,125.47383880615234,2.0867760181427,0.0,0.0009084371096559294,0.0014989212309322836,0.004178810704417275,0.021272568984443015,0.41275597108141865,0.5593852908891328,0.0,0.0009917105113743897,0.0015897649418978766,0.0033233657594912754,0.054385101631401644,0.7568643779098376,0.1828456792459972,0.0,0.0,0.0007873121617018056,0.0013020931905068321,0.0018850070025360536,0.01682122714712896,0.33484991861917557,0.6422650365267422,0.0020894053522086376,0.0,0.0005299216472992922,0.0,0.0,0.0,0.0,0.0,0.0046860214239751695,0.9947840569287255,0.0,0.7207540028010144,0.2768007873121617,0.0012339604072826374,0.0010976948408342481,0.00011355463870699118,0.0,0.0,0.0,0.0009084371096559294,0.0014989212309322836,0.004178810704417275,0.021272568984443015,0.41275597108141865,0.5593852908891328,0.0,0.0005526325750406904,0.0012718119535183013,0.0019834210227487794,0.0115825731481131,0.17964343843446004,0.8048222869904236,0.00014383587569552215,0.0,0.0,0.0,0.0,0.0,1.0,0.0,0.0,0.0,0.0,0.0,0.0,0.8011582573148113,0.1988417426851887,0.0,0.0,0.0
tip_middle_root_1_3_1,50,舌右邊,189862,192.70684814453125,14.306584358215332,152.13609313964844,17.35932159423828,170.6827850341797,19.383283615112305,165.4405975341797,9.229325294494629,54.213645935058594,10.659453392028809,192.70684814453125,14.306584358215332,171.07534790039062,15.772010803222656,146.1850128173828,2.6669461727142334,124.26842498779297,2.3577146530151367,0.0,0.0,5.266983387934395e-06,0.0010849985779144854,0.027214503165457017,0.3270849353741138,0.6446102958991268,0.0,0.0,0.00015274251825009744,0.0022858707903635274,0.08732131758856433,0.45248654285744383,0.45775352624537824,0.0,0.0,0.0,0.0001948783853535726,0.0019382498867598571,0.010823650862205181,0.2867767115062519,0.601879259672815,0.09838724968661448,0.0,0.002659826610906869,0.0,0.0,0.0,0.0,0.0,0.0052248475208309195,0.9921153258682622,0.006020162012409013,0.7618586130979342,0.23133117738146655,0.0007847805248022248,5.266983387934395e-06,0.0,0.0,0.0,0.0,0.0,5.266983387934395e-06,0.0010849985779144854,0.027214503165457017,0.3270849353741138,0.6446102958991268,0.0,0.0,0.0,0.0005583002391210458,0.005556667474270786,0.2678366392432398,0.7037637863290179,0.022284606714350425,0.0,0.0,0.0,0.0,0.0,1.0,0.0,0.0,0.0,0.0,0.0,0.0,0.8607198912894629,0.13928010871053711,0.0,0.0,0.0
tip_middle_root_1_3_1,50,舌根,241973,179.13148498535156,22.754549026489258,144.9901580810547,27.811927795410156,156.298583984375,30.727834701538086,161.36935424804688,33.52926254272461,51.16029357910156,20.619291305541992,179.21075439453125,22.8426456451416,161.92213439941406,26.06271743774414,142.84024047851562,3.800400495529175,127.14836883544922,3.600088596343994,0.0,0.000851334653039802,0.00949279465064284,0.02841226087208077,0.12042252648022714,0.47398263442615496,0.3667929893004591,4.545961739532923e-05,0.004029375178222364,0.01437763717439549,0.03602054774706269,0.16682026507089634,0.43296566145809656,0.3360498898637451,0.009732490815090939,4.132692490484476e-06,0.0031863059101635304,0.01461733333884359,0.0309869282936526,0.09951110247837569,0.30962958677207786,0.4784046153909734,0.0634079008815033,0.0002562269344100375,0.04168646915151691,0.0,0.0,4.132692490484476e-06,0.00149603468155538,0.0023184404871617907,0.03999206523041827,0.9145028577568571,0.1398379158005232,0.6627433639290334,0.16628714773962383,0.019312072008033955,0.008773706157298541,0.002979671285639307,6.612307984775161e-05,0.0,0.0,0.000851334653039802,0.00949279465064284,0.02841226087208077,0.12041012840275568,0.47307757477073886,0.36749967971633196,0.0002562269344100375,5.7857694866782656e-05,0.008947279241898889,0.018741760444347097,0.06312274509965989,0.26717856950982133,0.5868588644187575,0.05505986205072467,3.3061539923875805e-05,0.0,0.0,0.0,0.0009463865803209449,0.999053613419679,0.0,0.0,0.0,0.0,0.0,0.0,0.6521016807660359,0.34789831923396414,0.0,0.0,0.0
tip_middle_root_1_3_1,51,舌尖,132867,188.77835083007812,12.742347717285156,139.20298767089844,20.54286766052246,148.36129760742188,24.02529525756836,158.62814331054688,47.173133850097656,69.10855102539062,18.096477508544922,188.77835083007812,12.742347717285156,160.50672912597656,17.56754493713379,148.37403869628906,4.103987216949463,130.8026580810547,4.492870807647705,0.0,0.0,0.0,0.0,0.004786741628846892,0.5226655226655227,0.47254773570563047,0.0,0.0,0.0,0.005050162944899787,0.3334612808297019,0.4754528965055281,0.18602813339655444,7.526323315797e-06,0.0,0.0,0.0,0.011199169093905935,0.21188858030963295,0.40009934746776854,0.3640557851084167,0.012757118020275914,0.0,0.08539366434103277,0.0,0.0,0.0,0.0,0.0,3.0105293263188e-05,0.914576230365704,0.006209216735532525,0.39827045090202984,0.5195646774594143,0.07515786463154885,0.000797790271474482,0.0,0.0,0.0,0.0,0.0,0.0,0.0,0.004786741628846892,0.5226655226655227,0.47254773570563047,0.0,0.0,0.0,0.0,0.015594541910331383,0.45245245245245247,0.505746347851611,0.026206657785605155,0.0,0.0,0.0,0.0,0.0,0.9967185230343125,0.003281476965687492,0.0,0.0,0.0,0.0,0.0,0.18600555442660704,0.813994445573393,0.0,0.0,0.0
tip_middle_root_1_3_1,51,舌中,382402,214.66586303710938,9.25536823272705,176.59088134765625,15.857916831970215,182.0038604736328,16.920913696289062,155.9683837890625,53.795841217041016,45.97489929199219,11.735001564025879,214.66586303710938,9.25536823272705,192.63514709472656,13.044815063476562,142.70834350585938,3.344907283782959,130.6057891845703,2.7247889041900635,0.0,0.0,0.0,0.0,5.230098168942631e-06,0.018459631487283017,0.8168890330071495,0.1646461054073985,0.0,0.0,0.00022750927034900445,0.008603511487910628,0.1261185872458826,0.7040392048158743,0.16047771716675122,0.0005334700132321483,0.0,0.0,0.00032426608647444314,0.00709724321525515,0.08721450201620284,0.5954362163377807,0.3082619860774787,0.001665786266808228,0.10854545739823536,0.0,0.0,0.0,0.0,0.0,3.39956380981271e-05,0.8914205469636665,0.06308021401561707,0.8654295741131061,0.06865549866370992,0.0025052170229235204,0.00032949618464338574,0.0,0.0,0.0,0.0,0.0,0.0,0.0,5.230098168942631e-06,0.018459631487283017,0.8168890330071495,0.1646461054073985,0.0,0.0,0.0,0.00014121265056145103,0.01876820727925063,0.4033085601016731,0.5754990821177713,0.0022829378507434584,0.0,0.0,0.0,0.0,0.9994874503794436,0.0005125496205563778,0.0,0.0,0.0,0.0,0.0,0.08813499929393674,0.9118650007060632,0.0,0.0,0.0
tip_middle_root_1_3_1,51,舌左邊,166014,199.07095336914062,12.71860122680664,145.97621154785156,21.55495834350586,150.89036560058594,24.83171272277832,132.85252380371094,75.2115707397461,69.29183959960938,17.07550621032715,199.07095336914062,12.71860122680664,167.64967346191406,18.113067626953125,148.8931121826172,4.047154426574707,133.55215454101562,3.952808141708374,0.0,0.0,0.0,0.0,6.625947209271508e-05,0.2967219632079222,0.694585998771188,0.00862577854879709,0.0,0.0,0.0002891322418591203,0.2420036864360837,0.4408423385979496,0.308190875468334,0.00867396725577361,0.0,0.0,0.0,1.2047176744130013e-05,0.22208367968966472,0.3720710301540834,0.3634633223704025,0.04236992060910526,0.0,0.2440155649523534,0.0,0.0,0.0,0.0,0.0,0.0,0.7559844350476466,0.0025359307046393677,0.39780982326791714,0.5502487741997663,0.04940547182767718,0.0,0.0,0.0,0.0,0.0,0.0,0.0,0.0,6.625947209271508e-05,0.2967219632079222,0.694585998771188,0.00862577854879709,0.0,0.0,0.0,0.0014336140325514717,0.4056043466213693,0.484435047646584,0.10852699169949523,0.0,0.0,0.0,0.0,0.0,0.9989579192116328,0.0010420807883672462,0.0,0.0,0.0,0.0,0.0,0.05118243039743636,0.9488175696025637,0.0,0.0,0.0
tip_middle_root_1_3_1,51,舌右邊,117794,187.83506774902344,20.160417556762695,128.4947509765625,25.426347732543945,129.5448455810547,26.65378761291504,86.21660614013672,88.1043930053711,83.86043548583984,19.29172706604004,187.83506774902344,20.160417556762695,152.35546875,22.878801345825195,151.24111938476562,4.014286041259766,137.00033569335938,3.5016279220581055,0.0,0.0006451941525035231,0.002139327979353787,0.006952815932899808,0.0594682241879892,0.44778172063093197,0.47830959132044076,0.004703125795880944,0.0015196020170806662,0.008149820873728713,0.06029169567210554,0.4499040698167988,0.3536767577295957,0.12379238331324176,0.002657181180705299,8.489396743467409e-06,0.001366792875698253,0.007190519041716896,0.05799955855136934,0.4620693753501876,0.31559332393840095,0.14615345433553492,0.009516613749426965,0.00011036215766507632,0.5170127510739086,0.0,0.0,0.0,0.0,0.0,0.0,0.4829872489260913,0.0007215987231947297,0.16668930505798257,0.5649099275005518,0.25445268859194864,0.01101074757627723,0.002011987028201776,0.00020374552184321783,0.0,0.0,0.0006451941525035231,0.002139327979353787,0.006952815932899808,0.0594682241879892,0.44778172063093197,0.47830959132044076,0.004703125795880944,0.000560300185068849,0.00258926600675756,0.009652444097322445,0.10091345908959709,0.5040749104368644,0.3513167054349118,0.030765573798325892,0.00012734095115201114,0.0,0.0,0.0,0.0,0.9905173438375469,0.009482656162453097,0.0,0.0,0.0,0.0,0.0,0.0025383296262967555,0.9974616703737033,0.0,0.0,0.0
tip_middle_root_1_3_1,51,舌根,189996,160.87680053710938,28.08025360107422,116.28012084960938,32.5245246887207,115.88063049316406,31.565038681030273,94.21356201171875,86.09068298339844,79.14013671875,24.99903106689453,160.87684631347656,28.080318450927734,135.8421173095703,30.546987533569336,145.64834594726562,5.895222187042236,135.43301391601562,3.294175148010254,0.0,0.0,0.007331733299648414,0.14015031895408325,0.2852112676056338,0.4214457146466241,0.1456030653276911,0.00025790016631929095,0.0005315901387397629,0.07598581022758374,0.1891776668982505,0.31620665698225225,0.3397650476852144,0.07740162950798964,0.0008842291416661403,4.736941830354323e-05,9.473883660708646e-05,0.06551190551380029,0.20967283521758354,0.3194540937703952,0.3347754689572412,0.0693435651276869,0.0010052843217751952,0.0001421082549106297,0.47934693361965514,0.0,0.0,0.0,0.0,0.0,0.00011579191140866123,0.5205372744689362,0.001863197119939367,0.3111697088359755,0.456309606518032,0.17382997536790248,0.054627465841386134,0.00219478304806417,5.263268700393693e-06,0.0,0.0,0.0,0.007331733299648414,0.14015031895408325,0.2852112676056338,0.4214457146466241,0.1456030653276911,0.00025790016631929095,0.0,0.005642224046822038,0.12528158487547106,0.23859449672624686,0.3712393945135687,0.2561001284237563,0.0030211162340259795,0.00012105518010905493,0.0,0.0,0.0,4.210614960314954e-05,0.9866260342322997,0.013331859618097222,0.0,0.0,0.0,0.0,0.0,0.0011316027705846438,0.9988683972294153,0.0,0.0,0.0
tip_middle_root_1_3_1,52,舌尖,272677,189.11322021484375,10.410807609558105,140.7595672607422,13.093250274658203,153.74234008789062,13.194196701049805,171.2184295654297,10.302449226379395,65.44670104980469,10.59898853302002,189.11322021484375,10.410807609558105,161.9413604736328,11.440174102783203,148.3774871826172,2.961682081222534,128.50018310546875,1.8431981801986694,0.0,0.0,0.0,0.0,0.00044741580698042004,0.5358574430553366,0.46369514113768306,0.0,0.0,0.0,0.0,0.1713015765906182,0.7533455333599827,0.0753528900493991,0.0,0.0,0.0,0.0,0.0,0.020823171737990368,0.6386603930657885,0.34051643519622116,0.0,0.0,0.0035646570851226907,0.0,0.0,0.0,0.0,0.0,0.00031905881317456186,0.9961162841017027,0.0,0.461043652379922,0.530913865122471,0.008042482497607058,0.0,0.0,0.0,0.0,0.0,0.0,0.0,0.0,0.00044741580698042004,0.5358574430553366,0.46369514113768306,0.0,0.0,0.0,0.0,5.501014020251066e-05,0.4071630537229029,0.5927195913113317,6.234482556284542e-05,0.0,0.0,0.0,0.0,0.0,0.9998533062927933,0.0001466937072066951,0.0,0.0,0.0,0.0,0.0,0.25102593911477683,0.7489740608852232,0.0,0.0,0.0
tip_middle_root_1_3_1,52,舌中,711592,201.94752502441406,5.444962978363037,164.53155517578125,8.786264419555664,174.95803833007812,8.007948875427246,171.4853057861328,6.483301639556885,47.36234664916992,7.057032585144043,201.94752502441406,5.444962978363037,181.54177856445312,7.190988540649414,143.41336059570312,2.310603141784668,127.95370483398438,1.6080957651138306,0.0,0.0,0.0,0.0,2.810599332201599e-06,0.03893382724932264,0.9610633621513451,0.0,0.0,0.0,0.0,0.0007532406210300285,0.26536835714847834,0.7338784022304916,0.0,0.0,0.0,0.0,0.0,0.0,0.040267456632452306,0.9570343680086342,0.002698175358913535,0.0,0.0012282319081720987,0.0,0.0,0.0,0.0,0.0,0.0,0.9987717680918279,0.002185240980786743,0.9743687393899875,0.023446019629225736,0.0,0.0,0.0,0.0,0.0,0.0,0.0,0.0,0.0,2.810599332201599e-06,0.03893382724932264,0.9610633621513451,0.0,0.0,0.0,0.0,1.4052996661007994e-06,0.007852814534171266,0.9404490213493125,0.051696758816850104,0.0,0.0,0.0,0.0,0.0,1.0,0.0,0.0,0.0,0.0,0.0,0.0,0.33729159405951725,0.6627084059404827,0.0,0.0,0.0
tip_middle_root_1_3_1,52,舌左邊,290541,193.23538208007812,14.672998428344727,150.6678009033203,16.607540130615234,161.38714599609375,17.763959884643555,165.58604431152344,32.04106140136719,57.07733154296875,10.108084678649902,193.23538208007812,14.672998428344727,169.63259887695312,15.260021209716797,145.61761474609375,3.0762839317321777,128.6922607421875,2.0686845779418945,0.0,0.0,0.0,0.0004302318777728445,0.028856512505980224,0.2895942397114349,0.681119015904812,0.0,0.0,0.0,0.002319810284951177,0.11885413762601492,0.4920131754210249,0.386812876668009,0.0,0.0,0.0,0.0,0.0005541386585714237,0.05505935478985754,0.2957448346360755,0.6481735796324787,0.0004680922830168548,0.0,0.03901342667644153,0.0,0.0,0.0,0.0,0.0,1.3767420088731022e-05,0.9609728059034698,0.0,0.7977841337367187,0.2005259154473895,0.001689950815891733,0.0,0.0,0.0,0.0,0.0,0.0,0.0,0.0004302318777728445,0.028856512505980224,0.2895942397114349,0.681119015904812,0.0,0.0,0.0,1.7209275110913777e-05,0.012721096161987465,0.21052106243180824,0.7726482665097181,0.004092365621375296,0.0,0.0,0.0,0.0,0.0,1.0,0.0,0.0,0.0,0.0,0.0,0.0,0.22475657480355613,0.7752434251964438,0.0,0.0,0.0
tip_middle_root_1_3_1,52,舌右邊,326379,195.59597778320312,16.578290939331055,153.99005126953125,19.278915405273438,164.70176696777344,20.727041244506836,168.04342651367188,25.73397445678711,55.187644958496094,12.876014709472656,195.59597778320312,16.578290939331055,172.50296020507812,17.945402145385742,145.22950744628906,3.020991563796997,128.56190490722656,2.1027283668518066,0.00023592204155291853,0.0013787651779066667,0.0016912852848988446,0.004608139616825838,0.022366635108263706,0.22336915058873272,0.7463501021818193,0.0,0.0019118877133639113,0.002916854331926993,0.004914531878582875,0.09570162295981052,0.38303322211294233,0.511503497467668,1.8383535705422225e-05,0.0,0.002132490141828978,0.0031772877544204744,0.004062761390898312,0.04402244016925109,0.22401563826104007,0.7111425673833182,0.011446814899242905,0.0,0.023543181393410727,0.0,0.0,0.0,0.0,0.0,0.0,0.9764568186065893,3.0639226175703704e-05,0.8082045719853299,0.18068870852597746,0.008165353775825038,0.001957846552627467,0.0009528799340643853,0.0,0.0,0.00023592204155291853,0.0013787651779066667,0.0016912852848988446,0.004608139616825838,0.022366635108263706,0.22336915058873272,0.7463501021818193,0.0,0.0012286329696457187,0.0016330707551650075,0.0038390950398156745,0.007647550853455645,0.1747692100288315,0.7852711111928157,0.02561132916027073,0.0,0.0,0.0,0.0,0.0,0.9995036445359536,0.0004963554640464,0.0,0.0,0.0,0.0,0.0,0.2839980513452152,0.7160019486547847,0.0,0.0,0.0
tip_middle_root_1_3_1,52,舌根,356550,160.86514282226562,27.670347213745117,122.71296691894531,28.473358154296875,129.26925659179688,29.323162078857422,166.03250122070312,37.6041259765625,62.907508850097656,16.175031661987305,160.8660125732422,27.669898986816406,140.724853515625,28.232263565063477,143.95936584472656,2.5410709381103516,130.32833862304688,1.9262466430664062,0.0,0.0018230262235310617,0.007084560370214556,0.14758378908988923,0.24723040246809705,0.5052419015565839,0.0910363202916842,0.0,0.0013658673397840416,0.028739307250035057,0.1681475248913196,0.27977001823026226,0.4762950497826392,0.045682232505959895,0.0,0.0,0.0007516477352404993,0.016309073061281727,0.14732015145140934,0.23267143458140513,0.47528256906464733,0.127665124106016,0.0,0.0,0.04928060580563736,0.0,0.0,0.0,0.0,0.0,0.0008834665544804375,0.9498359276398822,0.0012733137007432337,0.6170551114850652,0.33086243163651663,0.04926938718272332,0.0013742813069695695,0.00015986537652503156,5.609311457018651e-06,0.0,0.0,0.0018230262235310617,0.007084560370214556,0.14758378908988923,0.24720796522226895,0.505264338802412,0.0910363202916842,0.0,0.00044594026083298274,0.003424484644509886,0.08726125368111064,0.19939138970691347,0.394587014443977,0.3146178656569906,0.0002720516056654046,0.0,0.0,0.0,0.0,0.0,1.0,0.0,0.0,0.0,0.0,0.0,0.0,0.035490113588557005,0.964509886411443,0.0,0.0,0.0
tip_middle_root_1_3_1,53,舌尖,223083,209.20333862304688,14.091012954711914,149.0335235595703,19.04947853088379,164.3760986328125,18.829553604125977,171.90562438964844,8.048646926879883,73.91580963134766,13.983821868896484,209.20333862304688,14.091012954711914,173.16758728027344,16.2587890625,152.89817810058594,4.14376974105835,129.17376708984375,1.8902262449264526,0.0,0.0,0.0,0.0,0.004357122685278573,0.1280823729284616,0.7897867609813388,0.07777374340492103,0.0,0.0,0.00014344436823962383,0.18248813221984642,0.48901081660189255,0.32698592003873,0.0013716867712914027,0.0,0.0,0.0,0.0,0.028702321557447227,0.32020817363940773,0.6135653545989609,0.03752415020418409,0.0,0.002115804431534451,0.0,0.0,0.0,0.0,0.0,0.0,0.9978841955684655,0.0,0.24699327156260226,0.6985157990523706,0.0544909293850271,0.0,0.0,0.0,0.0,0.0,0.0,0.0,0.0,0.004357122685278573,0.1280823729284616,0.7897867609813388,0.07777374340492103,0.0,0.0,0.0,0.0037519667567676605,0.230694405221375,0.6594496218896106,0.10610400613224674,0.0,0.0,0.0,0.0,0.0,0.9573163351756969,0.04268366482430306,0.0,0.0,0.0,0.0,0.0,0.15849706163176935,0.8415029383682306,0.0,0.0,0.0
tip_middle_root_1_3_1,53,舌中,714922,209.1990966796875,10.417051315307617,170.54278564453125,13.08870792388916,176.45204162597656,12.892187118530273,152.50054931640625,57.71384811401367,47.825950622558594,9.798624992370605,209.1990966796875,10.417051315307617,187.16810607910156,11.19632625579834,143.0502166748047,3.642883539199829,130.4192352294922,2.102656126022339,0.0,0.0,0.0,0.0,2.7975079798915125e-05,0.06777522582883168,0.8987204198499976,0.033476379241371784,0.0,0.0,8.392523939674537e-06,0.010627732815607856,0.1563792973219456,0.8253823494031517,0.007602227935355185,0.0,0.0,0.0,0.0,0.0032982619082920933,0.09433756409790159,0.8039730208330419,0.0983911531607644,0.0,0.12919171601936993,0.0,0.0,0.0,0.0,0.0,0.0,0.87080828398063,0.003151392739347789,0.9270172130666002,0.0669107958630452,0.0029205983310067393,0.0,0.0,0.0,0.0,0.0,0.0,0.0,0.0,2.7975079798915125e-05,0.06777522582883168,0.8987204198499976,0.033476379241371784,0.0,0.0,0.0,3.496884974864391e-05,0.026702213668064488,0.5771119087117196,0.39615090877046727,0.0,0.0,0.0,0.0,0.0,0.9985760684382352,0.00142393156176478,0.0,0.0,0.0,0.0,0.0,0.0411191710424354,0.9588808289575645,0.0,0.0,0.0
tip_middle_root_1_3_1,53,舌左邊,286652,210.9560089111328,12.074719429016113,168.62318420410156,20.901464462280273,174.43939208984375,18.094865798950195,135.3486328125,71.26689910888672,53.56909942626953,15.804438591003418,210.9560089111328,12.074719429016113,186.27781677246094,16.88105583190918,144.47491455078125,5.701662540435791,131.08546447753906,3.108766794204712,0.0,0.0,0.0,0.0,0.004158352287791468,0.06816627827470242,0.8519982417705092,0.07567712766699691,0.0,0.0,0.001747763839080139,0.0462686463028341,0.22475335947420566,0.644764383294029,0.08246584708985111,0.0,0.0,0.0,0.0008128322844424598,0.01704854666982962,0.17324142165413114,0.6638014037927522,0.14509579559884458,0.0,0.22859076510891255,0.0,0.0,0.0,0.0,0.0,0.0,0.7714092348910875,0.015171706459400249,0.7468254189749243,0.22540571843210583,0.012597156133569624,0.0,0.0,0.0,0.0,0.0,0.0,0.0,0.0,0.004158352287791468,0.06816627827470242,0.8519982417705092,0.07567712766699691,0.0,0.0,0.0,0.004957230369925903,0.08540320667569039,0.45258362055733087,0.4570559423970529,0.0,0.0,0.0,0.0,0.0,0.9985522515105424,0.0014477484894576,0.0,0.0,0.0,0.0,0.0,0.06651968240235547,0.9334803175976445,0.0,0.0,0.0
tip_middle_root_1_3_1,53,舌右邊,306720,210.7202606201172,18.564353942871094,163.716552734375,26.4174747467041,169.8723602294922,25.727821350097656,138.46800231933594,70.55083465576172,59.14568328857422,20.488536834716797,210.7202606201172,18.564353942871094,182.7798614501953,22.775747299194336,146.37042236328125,5.6172637939453125,131.7718048095703,2.7250585556030273,0.0,0.0,0.0031233698487219616,0.0058065988523735,0.01711658841940532,0.06296622326551904,0.7014997391757956,0.20948748043818466,0.0033483307250912883,0.008000782472613458,0.013044470526864893,0.049781559728742826,0.25272235263432447,0.5800958528951486,0.09300665101721439,0.0,0.0035732916014606154,0.0064880020865936356,0.012193531559728743,0.02700508607198748,0.20539580073030778,0.6050371674491393,0.14030712050078248,0.0,0.21181533646322379,0.0,0.0,0.0,0.0,0.0,0.0,0.7881846635367762,0.004786124152321335,0.6578899321857068,0.3044926969222744,0.018355503390714657,0.009076682316118936,0.004235133020344288,0.0011639280125195618,0.0,0.0,0.0,0.0031233698487219616,0.0058065988523735,0.01711658841940532,0.06296622326551904,0.7014997391757956,0.20948748043818466,0.0,0.003961267605633803,0.00854851330203443,0.016321074595722483,0.08899321857068336,0.47516627543035994,0.407009650495566,0.0,0.0,0.0,0.0,0.0,0.9932022691705791,0.00679773082942097,0.0,0.0,0.0,0.0,0.0,0.02886019822639541,0.9711398017736046,0.0,0.0,0.0
tip_middle_root_1_3_1,53,舌根,301345,167.90464782714844,32.01890563964844,134.56494140625,32.58208465576172,135.27195739746094,31.53588104248047,102.28263092041016,85.71952819824219,55.2342529296875,13.281094551086426,167.90464782714844,32.01890563964844,150.56871032714844,31.82090950012207,140.91290283203125,3.0233376026153564,132.49554443359375,2.1409943103790283,0.0,0.0,0.01478703811246246,0.11927193084338548,0.23372214571338498,0.34440591348786276,0.2876702782525013,0.00014269359040302643,0.0,0.013572483366241351,0.12443212928702982,0.25827539862947785,0.3355058155934228,0.25975211136736964,0.008462061756458545,0.0,0.0,0.010436542832965539,0.1258690205578324,0.2363702732748179,0.3661218868738489,0.2553485207984204,0.005853755662114852,0.0,0.4287378254160514,0.0,0.0,0.0,0.0,0.0,1.991073354460834e-05,0.571242263850404,0.016744926911015614,0.7233834973203471,0.2562511407191093,0.0034379199920357064,0.0001825150574922431,0.0,0.0,0.0,0.0,0.0,0.01478703811246246,0.11927193084338548,0.23372214571338498,0.34440591348786276,0.2876702782525013,0.00014269359040302643,0.0,0.002130448489273092,0.06044898704143092,0.16792380825963596,0.34756176475468314,0.3322205445585624,0.0897144468964144,0.0,0.0,0.0,0.0,0.0,1.0,0.0,0.0,0.0,0.0,0.0,0.0,0.0031492143556388855,0.9968507856443611,0.0,0.0,0.0
tip_middle_root_1_3_1,54,舌尖,292282,184.34487915039062,16.533151626586914,147.6141815185547,15.989094734191895,161.67178344726562,16.913427352905273,165.3887176513672,19.326648712158203,52.092716217041016,10.649373054504395,185.11546325683594,15.274988174438477,165.5286407470703,14.879216194152832,144.1224822998047,3.636256217956543,125.9798583984375,3.862480401992798,0.0,0.0,0.0,0.0008416529242307087,0.0882298602035021,0.5265394379400715,0.3840811271306478,0.00030792180154782026,0.0,0.0,0.0001300114273201908,0.09540443817956631,0.668248472365729,0.23221751596061338,0.00399271936007007,6.842706701062672e-06,0.0,0.0,0.0003695061618573843,0.01423625129156089,0.46101709992404594,0.48439520736822655,0.03987929465379325,0.00010264060051594008,0.011355471770413504,0.00033529262835207095,0.0,3.421353350531336e-06,0.0005268884159818258,0.026796039441361424,0.039260029697347085,0.9217228566931935,0.033987724184178295,0.8482458721371826,0.11748927405724609,0.00027712962139303824,0.0,0.0,0.0,0.0,0.0,0.0,0.0,0.0006226863097967032,0.05919967702424371,0.5555627784126289,0.38428640833167965,0.00032844992165100825,0.0,0.0,0.0,0.0038524438726982844,0.3527244236730281,0.6084226876783381,0.03493886041562601,6.158436030956406e-05,0.0,0.0,0.0,0.0005474165360850138,0.999452583463915,0.0,0.0,0.0,0.0,0.0,0.0,0.6269390520114136,0.37306094798858636,0.0,0.0,0.0
tip_middle_root_1_3_1,54,舌中,692586,201.70904541015625,10.663780212402344,171.55728149414062,16.687950134277344,185.8377227783203,17.453243255615234,163.08749389648438,16.806161880493164,38.54609680175781,13.077364921569824,201.74588012695312,10.712337493896484,186.6603240966797,13.964054107666016,141.40213012695312,3.8738291263580322,124.8965835571289,2.7570178508758545,0.0,0.0,0.0,0.0,0.001017924127833944,0.15718048011366098,0.8365921344064131,0.005209461352092015,0.0,0.0,0.00013861094506674982,0.011816583066940424,0.2011721288042207,0.6823210402751427,0.1044924384841738,5.9198424455591075e-05,0.0,0.0,0.0,0.0038594485017023157,0.07255127883035464,0.5246265445735259,0.395569647668304,0.003393080426113147,0.00936778970409451,0.0,0.0,0.0,0.0,0.00011695298490007017,0.12061606789626125,0.8698991894147442,0.3258425668436844,0.6303563745152226,0.042625753336047796,0.0011753053050451497,0.0,0.0,0.0,0.0,0.0,0.0,0.0,0.0,0.001017924127833944,0.15708085349689424,0.8353922834131791,0.006508938962092794,0.0,0.0,0.0,0.0006093106126892544,0.039535884352268166,0.5770027115766129,0.3823799499267961,0.00047214353163361664,0.0,0.0,0.0,0.0,0.9999234752074111,7.65247925889348e-05,0.0,0.0,0.0,0.0,0.0,0.849007921037965,0.15099207896203504,0.0,0.0,0.0
tip_middle_root_1_3_1,54,舌左邊,292380,192.65333557128906,12.308586120605469,157.74765014648438,18.632427215576172,167.14273071289062,19.880796432495117,164.4638671875,32.43595504760742,46.863075256347656,14.887371063232422,192.68687438964844,12.365596771240234,174.4105682373047,15.933616638183594,142.50888061523438,4.004480361938477,128.16441345214844,2.706596612930298,0.0,0.0,0.0,5.814351186811684e-05,0.014782132840823586,0.41952253916136534,0.5605137150283878,0.005123469457555236,0.0,0.0,0.006108488952732745,0.04670976126958068,0.4806587317874,0.43337437581229904,0.032837403379164104,0.00031123879882344893,0.0,0.0,0.00034544086462822354,0.026920445994938095,0.30273958547096247,0.5669437033996854,0.10032833983172583,0.002722484438060059,0.03683220466516177,0.0,0.0,0.0,0.0,0.0008003283398317258,0.02859634721937205,0.9337711197756344,0.16960120391271633,0.7342362678705794,0.0921232642451604,0.004039263971543881,0.0,0.0,0.0,0.0,0.0,0.0,0.0,5.814351186811684e-05,0.014782132840823586,0.41952253916136534,0.5599459607360284,0.005691223749914495,0.0,0.0,0.0,0.011375607086668035,0.1275566044189069,0.7432792940693618,0.11660510294821808,0.0011833914768452013,0.0,0.0,0.0,0.0,1.0,0.0,0.0,0.0,0.0,0.0,0.0,0.38563513236199465,0.6143648676380054,0.0,0.0,0.0
tip_middle_root_1_3_1,54,舌右邊,308572,181.71546936035156,16.57361602783203,151.0249786376953,20.630855560302734,158.9998016357422,22.0147647857666,166.66439819335938,28.117977142333984,43.95391082763672,15.123706817626953,181.71803283691406,16.5757999420166,166.76585388183594,19.032482147216797,140.82730102539062,3.564210891723633,128.19757080078125,2.740396022796631,0.0016787005949988982,0.000978701891292794,0.0015912007570356352,0.004987490763905993,0.043801770737461596,0.6880922442736217,0.25823794770750425,0.0006319432741791219,0.0025180508924983473,0.0043652696939450114,0.006999987037061043,0.08593780381888182,0.5644258066188766,0.32814059603593326,0.007602763698585743,9.722204218140336e-06,0.002271755052305459,0.0025601804441102885,0.00575878563187846,0.05049064723954215,0.4188908909427945,0.4718185707063505,0.047836485487989834,0.0003726844950287129,0.02714439417704782,0.0,0.0,0.0,0.0,0.0,0.0144212695902415,0.9584343362327107,0.20531026794394824,0.6999468519502742,0.08722113477567633,0.005762026366617839,0.0017532374940046407,6.481469478760225e-06,0.0,0.0,0.0016787005949988982,0.000978701891292794,0.0015912007570356352,0.004987490763905993,0.043801770737461596,0.6880890035388824,0.2582217440338073,0.0006513876826154026,0.002226384765954137,0.0013805529989759278,0.00463100994257418,0.012473588011874053,0.2704490362054885,0.6480594480380591,0.06059849889166872,0.00018148114540528627,0.0,0.0,0.0,0.0,0.9999935185305212,6.481469478760225e-06,0.0,0.0,0.0,0.0,0.0,0.4108571095238713,0.5891428904761288,0.0,0.0,0.0
tip_middle_root_1_3_1,54,舌根,377212,138.64697265625,29.142215728759766,115.56450653076172,32.105369567871094,121.39280700683594,32.54228591918945,149.96649169921875,56.0458869934082,45.87066650390625,24.898414611816406,138.65692138671875,29.150362014770508,129.48147583007812,31.597408294677734,138.17942810058594,4.570851802825928,128.31187438964844,2.398514747619629,0.0003075193790229367,0.006773379425893132,0.05836240628612027,0.3113183037655218,0.34345672990254816,0.2710147079096105,0.008766953331283205,0.0,0.006667338260712809,0.059006606364590736,0.20056625982206291,0.34266672322195474,0.31347359044781187,0.07735437896991612,0.0002651029129508075,0.0,0.002213609323139243,0.04697093411662407,0.16212368641506633,0.34768777239324306,0.30822190174225633,0.13083093857035302,0.0019511574393179432,0.0,0.12381366446454514,0.0,0.0,0.0,0.0,0.00017496792254753296,0.022043307211859643,0.8539680604010477,0.3341038991336437,0.4692745723890014,0.14246365439063444,0.04437822762796518,0.009774344400496272,5.30205825901615e-06,0.0,0.0,0.0003075193790229367,0.006773379425893132,0.05835975525699076,0.31123877289163654,0.34345938093167766,0.27098819761831544,0.008872994496463527,0.0,0.001908740973245814,0.02771120749074791,0.10186049224308877,0.3415320827545253,0.33117981400379626,0.19256810493833706,0.0032395575962588675,0.0,0.0,0.0,0.0,0.0,1.0,0.0,0.0,0.0,0.0,0.0,0.0,0.38060295006521533,0.6193970499347847,0.0,0.0,0.0
tip_middle_root_1_3_1,55,舌尖,261943,215.02330017089844,13.57926082611084,153.3841094970703,18.565086364746094,164.66932678222656,18.381046295166016,169.63372802734375,27.78819465637207,73.84539031982422,12.732574462890625,215.02330017089844,13.57926082611084,177.3784942626953,15.696260452270508,152.72036743164062,3.9333958625793457,131.45590209960938,2.1771738529205322,0.0,0.0,0.0,0.0,0.0,0.06396429757619024,0.665396670267959,0.2706390321558507,0.0,0.0,1.5270497780051385e-05,0.06782773351454324,0.5619428654325559,0.34675101071607184,0.022825576556731807,0.0006375432823171453,0.0,0.0,1.5270497780051385e-05,0.016209633393524544,0.3902986527603334,0.5218692616332561,0.06942350053255861,0.002183681182547348,0.027101315935146197,0.0,0.0,0.0,0.0,0.0,0.0,0.9728986840648538,0.0008475126267928519,0.21409237887632043,0.7485330778070038,0.036523213065437904,3.817624445012846e-06,0.0,0.0,0.0,0.0,0.0,0.0,0.0,0.0,0.06396429757619024,0.665396670267959,0.2706390321558507,0.0,0.0,0.0,3.817624445012846e-06,0.13372756668435498,0.68349221013732,0.17972230599786976,0.003054099556010277,0.0,0.0,0.0,0.0,0.9663896343861069,0.0336103656138931,0.0,0.0,0.0,0.0,0.0,0.013751083250936273,0.9862489167490637,0.0,0.0,0.0
tip_middle_root_1_3_1,55,舌中,795168,219.29080200195312,12.649972915649414,175.6877899169922,17.13336181640625,185.50051879882812,15.896289825439453,173.04122924804688,4.974130153656006,50.869171142578125,13.763182640075684,219.29080200195312,12.649972915649414,193.44715881347656,14.034279823303223,145.40408325195312,4.7647786140441895,129.1617431640625,1.6592785120010376,0.0,0.0,0.0,0.0,0.0,0.02940007646182945,0.5555580707473138,0.41504185279085676,0.0,0.0,0.0,0.002469918306571693,0.17058407783009377,0.6433571270473661,0.18012797295665822,0.0034609038593102336,0.0,0.0,0.0,0.00011192603324077428,0.054350778703368345,0.5838074469797577,0.3529920721155781,0.008737776168055052,0.0007004809046641716,0.0,0.0,0.0,0.0,0.0,3.6470280494184874e-05,0.9992630488148416,0.04117997706145116,0.7708924403396515,0.1847068795524971,0.0032056118958509396,1.509115054931788e-05,0.0,0.0,0.0,0.0,0.0,0.0,0.0,0.0,0.02940007646182945,0.5555580707473138,0.41504185279085676,0.0,0.0,0.0,0.0,0.011273089460340457,0.4333411304277838,0.5427318503762727,0.012653929735603042,0.0,0.0,0.0,0.0,0.9946615054931788,0.0053384945068212,0.0,0.0,0.0,0.0,0.0,0.11504109823332931,0.8849589017666707,0.0,0.0,0.0
tip_middle_root_1_3_1,55,舌左邊,306842,199.03652954101562,11.42174243927002,138.22816467285156,12.81072998046875,149.681640625,14.52375602722168,169.87889099121094,26.748048782348633,78.29793548583984,10.172612190246582,199.03652954101562,11.42174243927002,162.86212158203125,11.450943946838379,152.81788635253906,3.393312692642212,131.41355895996094,2.232656717300415,0.0,0.0,0.0,0.00027049751989623324,0.007199144836756376,0.19673317212115682,0.7926392084525586,0.003157977069631928,0.0,0.00016295031319050196,0.002353002522470848,0.17120537605673278,0.7747146740016034,0.05115662132302618,0.00039433975792101475,1.3036025055240157e-05,0.0,0.0,0.001088508092112553,0.05918355375079031,0.6916980074435704,0.24588876359820364,0.0021118360589489054,2.933105637429035e-05,0.02503894512485253,0.0,0.0,0.0,0.0,0.0,0.0,0.9749610548751475,2.6072050110480314e-05,0.07254547943241146,0.887867371481088,0.039447011817156714,0.00011406521923335136,0.0,0.0,0.0,0.0,0.0,0.0,0.00027049751989623324,0.007199144836756376,0.19673317212115682,0.7926392084525586,0.003157977069631928,0.0,0.0,0.0003096055950619537,0.004640824919665496,0.36990046994870324,0.6182954093637768,0.0067982870663077415,5.5403106484770665e-05,0.0,0.0,0.0,0.0,0.9801624288721883,0.019837571127811707,0.0,0.0,0.0,0.0,0.0,0.021851636998846312,0.9781483630011537,0.0,0.0,0.0
tip_middle_root_1_3_1,55,舌右邊,279671,199.74391174316406,11.427120208740234,136.54258728027344,16.331708908081055,149.49728393554688,17.07711410522461,173.209716796875,9.296873092651367,81.11553955078125,14.026812553405762,199.74391174316406,11.427120208740234,162.07760620117188,13.71108341217041,154.009033203125,4.037431240081787,131.1038818359375,2.315140724182129,0.0,0.0,0.0,0.0,0.0019058107562099753,0.23338494159208498,0.7589846641232019,0.005724583528503134,0.0,0.0,0.003096495525099134,0.31749090896088616,0.6018250015196427,0.07649702686370771,0.0010905671306642448,0.0,0.0,0.0,0.00018593275670341223,0.11265737241258479,0.5743462854568404,0.30992845164496857,0.002874806469029681,7.151259873208163e-06,0.002867655209156473,0.0,0.0,0.0,0.0,0.0,0.0,0.9971323447908436,0.0,0.11655838467341983,0.7286168390716234,0.15482477625495672,0.0,0.0,0.0,0.0,0.0,0.0,0.0,0.0,0.0019058107562099753,0.23338494159208498,0.7589846641232019,0.005724583528503134,0.0,0.0,0.0,0.004691226476824554,0.41006396801956585,0.576255671842987,0.008867562242778121,0.00012157141784453876,0.0,0.0,0.0,0.0,0.9380271819387781,0.061972818061221936,0.0,0.0,0.0,0.0,0.0,0.03844517307836708,0.961554826921633,0.0,0.0,0.0
tip_middle_root_1_3_1,55,舌根,403142,163.67694091796875,30.738903045654297,119.3845443725586,34.35871124267578,128.8761749267578,33.8880729675293,173.27462768554688,5.740391254425049,72.40303039550781,25.989238739013672,163.68197631835938,30.71589469909668,139.35166931152344,32.794795989990234,146.94642639160156,5.412156105041504,129.9185028076172,1.9811033010482788,0.0019075164582206766,0.003113047015691741,0.017725764122815287,0.10199879943047363,0.28589678078691877,0.41243284004147424,0.17505742393499066,0.0018678282094150447,0.004388032008572662,0.06093882552549722,0.1905333604536367,0.3011668345148856,0.31696027702397667,0.12390671277118236,0.0021059577022488354,0.0,0.0022076588398132666,0.03630978662605236,0.12959701544368982,0.28697580505132186,0.3526623373401928,0.1827668662654846,0.009480530433445288,0.0,0.0009177907536302345,0.0,0.0,0.0,0.0,0.0005705185765809566,0.0014759067524594313,0.9970357839173294,0.0007193495096020757,0.47265727708847005,0.30428980359277874,0.19684875304483285,0.025484816764316295,0.0,0.0,0.0,0.0018033348051058932,0.003217228668806525,0.017725764122815287,0.10199879943047363,0.28589678078691877,0.41243284004147424,0.17505742393499066,0.0018678282094150447,0.0026119828745206405,0.017440504834524806,0.07749378630854636,0.23889845265439968,0.36847314345813637,0.26163733870447636,0.03344479116539582,0.0,0.0,0.0,0.0,0.0,0.9946346448645886,0.005365355135411344,0.0,0.0,0.0,0.0,0.0,0.07348775369472792,0.9265122463052721,0.0,0.0,0.0
tip_middle_root_1_3_1,56,舌尖,209730,200.5164337158203,11.6898193359375,139.64495849609375,16.762399673461914,146.04263305664062,17.282073974609375,171.1343231201172,30.74650764465332,77.94725036621094,13.184059143066406,200.5164337158203,11.6898193359375,163.9103240966797,14.214226722717285,152.12196350097656,3.5239176750183105,134.12437438964844,2.2504031658172607,0.0,0.0,0.0,0.0,0.003356696705287751,0.22473179802603346,0.7697468173365756,0.0021646879321031804,0.0,0.0,0.008010298955800315,0.23851618747913986,0.6202736852143231,0.13319982835073665,0.0,0.0,0.0,0.0,0.00635579077862013,0.13064416154102895,0.6274400419587088,0.23526438754589235,0.0002956181757497735,0.0,0.03131645448910504,0.0,0.0,0.0,0.0,0.0,0.0,0.968683545510895,0.0,0.14570638439898917,0.767262671053259,0.0867353263720021,0.0002956181757497735,0.0,0.0,0.0,0.0,0.0,0.0,0.0,0.003356696705287751,0.22473179802603346,0.7697468173365756,0.0021646879321031804,0.0,0.0,0.0,0.00902112239546083,0.3833881657368998,0.5935154722738759,0.01407523959376341,0.0,0.0,0.0,0.0,0.0,0.9781719353454441,0.02182806465455586,0.0,0.0,0.0,0.0,0.0,0.0004005149477900157,0.99959948505221,0.0,0.0,0.0
tip_middle_root_1_3_1,56,舌中,638064,199.15411376953125,19.302095413208008,153.94691467285156,18.17499351501465,156.76852416992188,20.000146865844727,122.72232055664062,80.92671203613281,59.07816696166992,9.670876502990723,199.15411376953125,19.302095413208008,172.87889099121094,17.392499923706055,145.29910278320312,3.4779176712036133,133.1527862548828,1.9172831773757935,0.0,0.0,0.0,4.701722711201384e-06,0.03165199729180772,0.30558846761453395,0.6375912134205973,0.025163619950349807,0.0,0.0,0.0006629429022793952,0.08795826124025176,0.4820300157977883,0.42579584493091605,0.0035529351287645126,0.0,0.0,0.0,0.0004215878031043908,0.08707120288873843,0.4188341608365305,0.48148461596328895,0.012188432508337722,0.0,0.3088687028260488,0.0,0.0,0.0,0.0,0.0,0.0,0.6911312971739512,0.00012224479049123598,0.7108628601519597,0.2857675719050127,0.0032034404072318764,4.388274530454625e-05,0.0,0.0,0.0,0.0,0.0,0.0,4.701722711201384e-06,0.03165199729180772,0.30558846761453395,0.6375912134205973,0.025163619950349807,0.0,0.0,0.0,0.005845808570927054,0.23100660748765015,0.6321199754256627,0.13102760851576017,0.0,0.0,0.0,0.0,0.0,0.9990643571804709,0.0009356428195290754,0.0,0.0,0.0,0.0,0.0,0.0003275533488803631,0.9996724466511197,0.0,0.0,0.0
tip_middle_root_1_3_1,56,舌左邊,260051,194.4814453125,14.678180694580078,149.87112426757812,20.179555892944336,152.92323303222656,20.310976028442383,141.84176635742188,70.41927337646484,59.88698959350586,13.789847373962402,194.4814453125,14.678180694580078,168.89923095703125,17.676311492919922,145.2711181640625,3.3369648456573486,133.01678466796875,2.157809019088745,0.0,0.0,0.0,0.0002230331742619717,0.012389877370208151,0.3751802531041988,0.6093535498806003,0.0028532864707307413,0.0,0.0,0.004502962880358083,0.14851317626157945,0.48877720139511094,0.3521424643627596,0.006064195100191886,0.0,0.0,3.845399556240891e-06,0.005098999811575421,0.10663292969455991,0.4794059626765519,0.39682985260583503,0.011982265017246616,4.6144794674890695e-05,0.20054527765707497,0.0,0.0,0.0,0.0,0.0,0.0,0.799454722342925,0.0066025510380656105,0.6384363067244502,0.33963722500586424,0.015293154035170025,3.076319644992713e-05,0.0,0.0,0.0,0.0,0.0,0.0,0.0002230331742619717,0.012389877370208151,0.3751802531041988,0.6093535498806003,0.0028532864707307413,0.0,0.0,0.0001268981853559494,0.010340279406731757,0.29107367401009804,0.6122837443424559,0.08609849606423356,7.690799112481782e-05,0.0,0.0,0.0,0.0,0.9998154208213005,0.00018457917869956278,0.0,0.0,0.0,0.0,0.0,0.0021265059546012126,0.9978734940453988,0.0,0.0,0.0
tip_middle_root_1_3_1,56,舌右邊,269632,203.4783477783203,12.994183540344238,150.8792724609375,21.057331085205078,153.07568359375,21.20111656188965,121.99877166748047,82.02568054199219,67.6327133178711,15.949758529663086,203.4783477783203,12.994183540344238,171.97645568847656,17.633039474487305,148.14541625976562,4.197208881378174,134.8190155029297,2.3826260566711426,0.0,0.0,0.0,3.708758604319962e-05,0.0030115119867078093,0.1857531746973653,0.7711510503204367,0.04004717540944695,0.0,7.046641348207928e-05,0.004001750534061239,0.1542064740090197,0.4763344113458343,0.35282904106337526,0.012557856634227392,0.0,0.0,9.271896510799905e-05,0.005199679563256587,0.12497774744837407,0.46694012580109184,0.3828366069309281,0.019949412532637077,3.708758604319962e-06,0.31544475433183006,0.0,0.0,0.0,0.0,0.0,0.0,0.6845552456681699,9.271896510799905e-05,0.43624643959173987,0.512461428910515,0.04976041419416093,0.0014389983384761453,0.0,0.0,0.0,0.0,0.0,0.0,3.708758604319962e-05,0.0030115119867078093,0.1857531746973653,0.7711510503204367,0.04004717540944695,0.0,0.0,7.417517208639924e-05,0.0056150605269404226,0.23963772845953002,0.6121825302634702,0.1424830880607643,7.417517208639924e-06,0.0,0.0,0.0,0.0,0.9965471457393781,0.0034528542606218847,0.0,0.0,0.0,0.0,0.0,5.9340137669119395e-05,0.9999406598623308,0.0,0.0,0.0
tip_middle_root_1_3_1,56,舌根,348419,141.31069946289062,27.880517959594727,98.93912506103516,25.18174934387207,100.33058166503906,24.168392181396484,113.67333221435547,84.99091339111328,79.147216796875,14.797218322753906,141.31069946289062,27.880517959594727,117.852294921875,26.04118537902832,145.40992736816406,2.9257733821868896,134.14231872558594,1.8299576044082642,0.0,0.0,0.035115765787744065,0.3262996564481271,0.3729819556338776,0.22321113372118054,0.042391488409070685,0.0,0.0,0.07914895571137051,0.40175191364420426,0.3721582347690568,0.14177183219055217,0.00516906368481627,0.0,0.0,0.0,0.0637967504642399,0.3909373484224454,0.39783134674056236,0.14354555865208268,0.0038889957206696534,0.0,0.0,0.36278446353384863,0.0,0.0,0.0,0.0,0.0,0.0,0.6372155364661514,0.0,0.12095781228922647,0.7379218699324663,0.1365424962473344,0.0045491204555434695,2.8701075429296335e-05,0.0,0.0,0.0,0.0,0.035115765787744065,0.3262996564481271,0.3729819556338776,0.22321113372118054,0.042391488409070685,0.0,0.0,0.004190357012677265,0.19885540111187966,0.4381534876111808,0.2891231534445596,0.0695312253350133,0.00014637548468941132,0.0,0.0,0.0,0.0,0.0,0.9999282473114267,7.175268857324084e-05,0.0,0.0,0.0,0.0,0.0,7.74929036591001e-05,0.9999225070963409,0.0,0.0,0.0
tip_middle_root_1_3_1,57,舌尖,138156,191.43260192871094,13.996498107910156,145.1870880126953,19.16583824157715,163.10911560058594,21.157955169677734,159.76272583007812,34.46858596801758,62.78998565673828,13.410490989685059,191.43649291992188,14.004044532775879,165.90245056152344,16.823772430419922,148.32333374023438,3.65474796295166,125.48114013671875,3.500164270401001,0.0,0.0,0.0,0.0,0.001375256955904919,0.4432163641101364,0.5554083789339587,0.0,0.0,0.0,0.0,0.2489866527693332,0.4651263788760532,0.28239092040881325,0.0034960479458003998,0.0,0.0,0.0,0.0,0.046642925388691046,0.36877153362865167,0.5185080633486783,0.06596890471640754,0.00010857291757144098,0.04651987608211008,0.0,0.0,0.0,0.0,0.0,0.005891890326876864,0.9475882335910131,0.005660268102724456,0.49960189930223803,0.48430035611916966,0.01043747647586786,0.0,0.0,0.0,0.0,0.0,0.0,0.0,0.0,0.001375256955904919,0.4432163641101364,0.5552998060163873,0.00010857291757144098,0.0,0.0,0.0,0.00015200208460001738,0.3877790323981586,0.5709632589246938,0.04110570659254755,0.0,0.0,0.0,0.0,0.0,0.9971409131706187,0.002859086829381279,0.0,0.0,0.0,0.0,0.0,0.8404629549205246,0.1595370450794754,0.0,0.0,0.0
tip_middle_root_1_3_1,57,舌中,606684,197.72044372558594,8.9998197555542,166.94485473632812,14.389575958251953,174.04318237304688,12.630410194396973,137.45556640625,66.74189758300781,41.169559478759766,11.81861400604248,197.72052001953125,9.00002670288086,182.0034942626953,11.685905456542969,140.42308044433594,4.503414630889893,128.57972717285156,3.350404977798462,0.0,0.0,0.0,0.0,3.296609107871643e-06,0.21545977807227487,0.7844874761819992,4.944913661807465e-05,0.0,0.0,0.0,0.011932076665941413,0.26673029122244857,0.697580618575733,0.023757013535876996,0.0,0.0,0.0,0.0,0.006163010727166037,0.10298112361624832,0.8216616887869138,0.06915791416948527,3.626270018658808e-05,0.2013123800858437,0.0,0.0,0.0,0.0,0.0,0.001117550487568487,0.7975700694265878,0.22287714856498606,0.7217859709502805,0.05528413473900746,5.274574572594629e-05,0.0,0.0,0.0,0.0,0.0,0.0,0.0,0.0,3.296609107871643e-06,0.21545977807227487,0.7844825312683373,5.439405027988211e-05,0.0,0.0,0.0,0.0,0.03825385208774255,0.7417832017986299,0.21995800119996572,4.944913661807465e-06,0.0,0.0,0.0,0.0,1.0,0.0,0.0,0.0,0.0,0.0,0.0,0.4027945355407428,0.5972054644592573,0.0,0.0,0.0
tip_middle_root_1_3_1,57,舌左邊,157649,186.17808532714844,11.506556510925293,140.72781372070312,13.535602569580078,150.60787963867188,15.882448196411133,165.9303741455078,34.87281036376953,62.61096954345703,10.262969017028809,186.17808532714844,11.506556510925293,160.87686157226562,12.38298225402832,146.78314208984375,3.080674648284912,129.61163330078125,2.5530197620391846,0.0,0.0,0.0,0.001344759560796453,0.021154590260642314,0.6083134050961313,0.36918724508242995,0.0,0.0,0.0,0.005226801311774892,0.14621088620923697,0.7797575626867281,0.06880474979226002,0.0,0.0,0.0,0.0,0.004522705503999391,0.08294375479704914,0.5931912032426466,0.31934233645630483,0.0,0.0,0.04248044706912191,0.0,0.0,0.0,0.0,0.0,0.0,0.9575195529308781,0.00015858013688637416,0.5605934703042835,0.43578455936923166,0.003463390189598412,0.0,0.0,0.0,0.0,0.0,0.0,0.0,0.001344759560796453,0.021154590260642314,0.6083134050961313,0.36918724508242995,0.0,0.0,0.0,0.0007992438899073257,0.011145012020374377,0.39239069071164423,0.5956523669671232,1.2686410950909932e-05,0.0,0.0,0.0,0.0,0.0,1.0,0.0,0.0,0.0,0.0,0.0,0.0,0.19155846215326452,0.8084415378467354,0.0,0.0,0.0
tip_middle_root_1_3_1,57,舌右邊,267984,187.63584899902344,11.474199295043945,150.12754821777344,21.444963455200195,166.18443298339844,20.62217140197754,165.18016052246094,14.858549118041992,51.88446044921875,19.373031616210938,187.6360626220703,11.474366188049316,168.32553100585938,17.68262481689453,144.73301696777344,5.451831817626953,125.11920166015625,2.540714979171753,0.0,0.0,0.0,0.0,0.030520478834557288,0.5282628813660517,0.441216639799391,0.0,0.0,0.0,2.2389396381873544e-05,0.18815675562720163,0.44149650725416445,0.3685331960117022,0.0017911517105498836,0.0,0.0,0.0,0.0,0.07159009493104065,0.20427338945608692,0.6648120783330348,0.059324437279837605,0.0,0.007713147053555436,0.0,0.0,0.0,0.0,0.0,0.015788256015284493,0.97649859693116,0.18669398173025256,0.5249417875694071,0.2864685951400084,0.0018956355603319602,0.0,0.0,0.0,0.0,0.0,0.0,0.0,0.0,0.030520478834557288,0.5282628813660517,0.441216639799391,0.0,0.0,0.0,0.0,0.013112723147650607,0.24757075049256672,0.6668905606304854,0.07242596572929727,0.0,0.0,0.0,0.0,0.0,1.0,0.0,0.0,0.0,0.0,0.0,0.0,0.8586855931697415,0.14131440683025853,0.0,0.0,0.0
tip_middle_root_1_3_1,57,舌根,236275,173.1728973388672,23.696914672851562,143.70204162597656,25.453981399536133,148.09446716308594,25.370290756225586,122.35355377197266,76.42112731933594,46.91298294067383,15.497406005859375,173.17295837402344,23.696969985961914,159.01287841796875,24.47025489807129,139.865966796875,3.943449020385742,129.89076232910156,3.588123083114624,0.0,0.0020061369167283885,0.006649031848481642,0.05166860649666702,0.16470638027721934,0.577623531901386,0.1973463125595175,0.0,0.0029499523859909003,0.006407787535710507,0.040186223680033856,0.17010263464183684,0.47543328748280606,0.3047381229499524,0.00018199132366945297,0.0,0.0026706168659401124,0.004173103375304201,0.030307903925510526,0.14743836631044335,0.4525320071950058,0.3600592529891017,0.002818749338694318,0.0,0.29645963390117447,0.0,0.0,0.0,0.0,0.0,0.001125806792931965,0.7024145593058936,0.10695164532853667,0.7897619299545021,0.09452967939900539,0.004515924240821077,0.0014516982329912179,0.002095016400380912,0.000689874087398159,4.232356364405883e-06,0.0,0.0020061369167283885,0.006649031848481642,0.05166860649666702,0.16470638027721934,0.577623531901386,0.1973463125595175,0.0,0.001989207491270765,0.002975346524177336,0.015397312453708602,0.09086022643106549,0.2862638874193207,0.5877981166014178,0.014715903079039255,0.0,0.0,0.0,0.0,0.0,1.0,0.0,0.0,0.0,0.0,0.0,0.0,0.2675780340704687,0.7324219659295312,0.0,0.0,0.0
tip_middle_root_1_3_1,58,舌尖,236475,191.66961669921875,12.600930213928223,138.2641143798828,13.83775806427002,148.97756958007812,13.335119247436523,173.72201538085938,5.158727645874023,71.3232192993164,9.223370552062988,191.66961669921875,12.600930213928223,160.7495880126953,12.542963027954102,149.9550323486328,2.5377037525177,130.54197692871094,1.8452696800231934,0.0,0.0,0.0,0.0,0.001581562533037319,0.4407062057299926,0.55771223173697,0.0,0.0,0.0,4.228776826302992e-05,0.23543714980441907,0.6848969235648589,0.07962363886245903,0.0,0.0,0.0,0.0,0.0,0.03690030658631991,0.7464002537266096,0.21659794904323923,0.0001014906438312718,0.0,0.0007823237128660535,0.0,0.0,0.0,0.0,0.0,0.0,0.999217676287134,0.0,0.19130986362194735,0.7996363251929379,0.009053811185114705,0.0,0.0,0.0,0.0,0.0,0.0,0.0,0.0,0.001581562533037319,0.4407062057299926,0.55771223173697,0.0,0.0,0.0,0.0,9.726186700496881e-05,0.47991119568664764,0.5143292102759277,0.005662332170419706,0.0,0.0,0.0,0.0,0.0,0.9983719209218733,0.0016280790781266518,0.0,0.0,0.0,0.0,0.0,0.05009409028438524,0.9499059097156147,0.0,0.0,0.0
tip_middle_root_1_3_1,58,舌中,578500,209.45606994628906,6.328941345214844,172.06236267089844,11.533344268798828,176.9689178466797,10.23536491394043,154.59678649902344,56.85390090942383,45.85886764526367,9.67761516571045,209.45606994628906,6.328941345214844,188.23077392578125,9.173596382141113,142.410400390625,3.291658878326416,130.73770141601562,1.492121696472168,0.0,0.0,0.0,0.0,0.0,0.008547968885047537,0.9885496974935177,0.0029023336214347452,0.0,0.0,0.0,0.00024027657735522904,0.13773898012100258,0.8468677614520311,0.015152981849611063,0.0,0.0,0.0,0.0,8.64304235090752e-06,0.0613742437337943,0.8903768366464996,0.04824027657735523,0.0,0.12048573898012101,0.0,0.0,0.0,0.0,0.0,0.0,0.879514261019879,0.04163353500432152,0.9062368193604149,0.052129645635263615,0.0,0.0,0.0,0.0,0.0,0.0,0.0,0.0,0.0,0.0,0.008547968885047537,0.9885496974935177,0.0029023336214347452,0.0,0.0,0.0,0.0,0.005308556611927398,0.5871408815903197,0.4075505617977528,0.0,0.0,0.0,0.0,0.0,1.0,0.0,0.0,0.0,0.0,0.0,0.0,0.004753673292999135,0.9952463267070009,0.0,0.0,0.0
tip_middle_root_1_3_1,58,舌左邊,252539,193.20408630371094,11.542082786560059,147.5078887939453,16.68604278564453,156.0590057373047,16.569923400878906,173.62509155273438,10.928528785705566,60.85054016113281,12.552210807800293,193.20408630371094,11.542082786560059,167.34030151367188,14.431669235229492,146.53672790527344,3.3634724617004395,130.34478759765625,1.603509545326233,0.0,0.0,1.9798922146678335e-05,0.0021937205738519596,0.01273862650917284,0.3617223478353838,0.622703820004039,0.0006216861554056997,0.0,0.0004236969339389164,0.006775191158593326,0.08700438348136327,0.6773805234043059,0.22700652176495512,0.0014096832568434975,0.0,0.0,7.1276119728042e-05,0.0035598462019727647,0.04018389238889835,0.5223351640736679,0.42266343020285974,0.011051758342275847,0.00013463267059741268,0.003864749603031611,0.0,0.0,0.0,0.0,0.0,2.3758706576014e-05,0.9961114916903924,0.009158981385053397,0.5632080589532705,0.4235583414838896,0.004027100764634374,4.7517413152028e-05,0.0,0.0,0.0,0.0,0.0,1.9798922146678335e-05,0.0021937205738519596,0.01273862650917284,0.3617223478353838,0.622703820004039,0.0006216861554056997,0.0,7.919568858671334e-06,0.0015126376520062249,0.010905246318390427,0.2488566122460293,0.7017965541955896,0.03684579411496838,7.523590415737768e-05,0.0,0.0,0.0,0.0,1.0,0.0,0.0,0.0,0.0,0.0,0.0,0.024317036180550332,0.9756829638194496,0.0,0.0,0.0
tip_middle_root_1_3_1,58,舌右邊,265365,197.15293884277344,11.808087348937988,148.38330078125,16.509809494018555,156.144775390625,17.682756423950195,168.3170928955078,33.34721755981445,63.638694763183594,13.075254440307617,197.15293884277344,11.808087348937988,168.95916748046875,14.27597427368164,147.54087829589844,3.6947669982910156,131.2602996826172,2.178480386734009,0.0,0.0,0.0,0.001364158800143199,0.008207563167712395,0.2315263881823149,0.7567991257324816,0.002102764117347804,0.0,0.00047858609839277974,0.004846155295536337,0.09667816026981704,0.6510353663821529,0.2448740414146553,0.0020876905394456692,0.0,0.0,0.00021103009062988713,0.004476852636934034,0.062253876735816706,0.47123019237653796,0.44890622350347636,0.012902982684227385,1.8841972377668495e-05,0.038151225670303164,0.0,0.0,0.0,0.0,0.0,0.0,0.9618487743296968,0.0014885158178358112,0.5359825146496335,0.4399035291014263,0.02251615699131385,0.00010928343979047727,0.0,0.0,0.0,0.0,0.0,0.0,0.001364158800143199,0.008207563167712395,0.2315263881823149,0.7567991257324816,0.002102764117347804,0.0,0.0,0.001413147928325137,0.007178791475891696,0.21193827369849075,0.7463079155125959,0.03316187138469655,0.0,0.0,0.0,0.0,0.0,0.9980328980837714,0.001967101916228591,0.0,0.0,0.0,0.0,0.0,0.02385770542460385,0.9761422945753961,0.0,0.0,0.0
tip_middle_root_1_3_1,58,舌根,287781,137.2970428466797,47.58192825317383,100.35564422607422,47.5938720703125,102.99008178710938,46.94809341430664,135.9204864501953,74.28389739990234,79.56814575195312,31.96356201171875,137.2970428466797,47.58192825317383,116.534423828125,49.01056671142578,143.6014404296875,3.6880552768707275,132.63941955566406,1.7848488092422485,0.0008165931732810714,0.08888703562778641,0.15321025363036475,0.16019820627491044,0.1799111129643722,0.290856588864449,0.1261202094648361,0.0,0.0801755501579326,0.214746630250086,0.1583704275125877,0.17984161567302914,0.2553921210920804,0.11108794534733009,0.000385709966954038,0.0,0.05428780913263906,0.22204732070567548,0.15819668428423003,0.1847620239001185,0.2606843398278552,0.11859365281238164,0.0014281693371000865,0.0,0.23360472025602802,0.0,0.0,0.0,0.0,0.0,0.0,0.7663952797439719,0.010813778532981677,0.39937660929665264,0.2590198797001887,0.24987056129487353,0.07446982253866656,0.0062026332523689885,0.00024324051970074466,3.4748645671534954e-06,0.0008165931732810714,0.08888703562778641,0.15321025363036475,0.16019820627491044,0.1799111129643722,0.290856588864449,0.1261202094648361,0.0,0.022770787508556854,0.1782153790556013,0.16197733693329303,0.15317550498469323,0.2270823994634809,0.242976429993641,0.013802162060733683,0.0,0.0,0.0,0.0,0.0,0.9999930502708657,6.949729134306991e-06,0.0,0.0,0.0,0.0,0.0,0.0023872319576344514,0.9976127680423655,0.0,0.0,0.0
tip_middle_root_1_3_1,59,舌尖,161058,207.00999450683594,11.411294937133789,142.86871337890625,11.658312797546387,155.14230346679688,12.21094799041748,173.50836181640625,10.615849494934082,79.07561492919922,10.208395957946777,207.00999450683594,11.411294937133789,168.28382873535156,10.322488784790039,154.0435028076172,3.4290404319763184,131.49693298339844,2.06541109085083,0.0,0.0,0.0,0.0,0.0,0.10398738342708838,0.8672465819766793,0.028766034596232413,0.0,0.0,0.0,0.10356517527847112,0.8399086043537111,0.056526220367817806,0.0,0.0,0.0,0.0,0.0,0.013020154230153113,0.5960523538104285,0.39092128301605633,6.208943362018652e-06,0.0,0.0037936643941933962,0.0,0.0,0.0,0.0,0.0,0.0,0.9962063356058066,0.0006395211662879211,0.05080778353139863,0.8985210296911672,0.050031665611146296,0.0,0.0,0.0,0.0,0.0,0.0,0.0,0.0,0.0,0.10398738342708838,0.8672465819766793,0.028766034596232413,0.0,0.0,0.0,0.0,0.2065591277676365,0.7931490518943486,0.00029182033801487665,0.0,0.0,0.0,0.0,0.0,0.9582448558904245,0.04175514410957543,0.0,0.0,0.0,0.0,0.0,0.03044865824733947,0.9695513417526606,0.0,0.0,0.0
tip_middle_root_1_3_1,59,舌中,597618,206.12380981445312,5.456910610198975,169.7687225341797,13.371590614318848,174.88946533203125,14.292312622070312,136.94232177734375,69.00444030761719,47.435096740722656,16.51981544494629,206.12380981445312,5.456910610198975,185.9310302734375,9.703689575195312,142.1088409423828,5.610015392303467,130.48504638671875,4.235572338104248,0.0,0.0,0.0,0.0,0.0,0.0219672098229973,0.9780294435575903,3.3466194124005635e-06,0.0,0.0,0.0,0.0011830299622835993,0.21689273080797433,0.7627313768996249,0.019192862330117234,0.0,0.0,0.0,3.513950383020592e-05,0.012718827076828343,0.11192266631861825,0.816220394968023,0.05910297213270015,0.0,0.2161447613693028,0.0,0.0,0.0,0.0,0.0,0.0001372113959084231,0.7837180272347888,0.14061323454112828,0.6800648574842123,0.17288635884461312,0.006435549130046284,0.0,0.0,0.0,0.0,0.0,0.0,0.0,0.0,0.0,0.0219672098229973,0.9780294435575903,3.3466194124005635e-06,0.0,0.0,0.0,0.0,0.00688566944101416,0.6794708325385113,0.31364349802047464,0.0,0.0,0.0,0.0,0.0,0.9936113035417273,0.006388696458272676,0.0,0.0,0.0,0.0,0.0,0.15829844482595906,0.841701555174041,0.0,0.0,0.0
tip_middle_root_1_3_1,59,舌左邊,233836,198.85992431640625,14.200984001159668,159.71937561035156,21.428375244140625,169.78036499023438,20.789060592651367,170.0131378173828,18.16580581665039,51.02277755737305,16.48369026184082,198.8599395751953,14.200881958007812,177.33526611328125,18.260486602783203,144.14324951171875,4.545764923095703,128.4838104248047,2.016958713531494,0.00011546553995107682,0.0003335671154142219,0.0002865255991378573,0.0005901572041943926,0.014873672146290562,0.2076412528438735,0.7761593595511384,0.0,0.0005046271746010024,0.0002736960946988488,0.0013813099779332524,0.1042611060743427,0.3157041687336424,0.5652893480901144,0.012585743854667373,0.0,0.0003463966198532305,0.00029935510357686584,0.0006714107323081133,0.036042354470654646,0.2434483997331463,0.6221839237756376,0.09700815956482321,0.0,0.01121726338117313,0.0,0.0,0.0,0.0,0.0,0.0013684804734942439,0.9874142561453326,0.10289262560084846,0.6610658752287928,0.23321473169229717,0.002262269282745172,0.0002181015754631451,0.0002565900887801707,6.84240236747122e-05,2.138250739834756e-05,0.00011546553995107682,0.0003335671154142219,0.0002865255991378573,0.0005901572041943926,0.014865119143331223,0.20764980584683282,0.7761593595511384,0.0,0.0003549496228125695,0.00027797259617851826,0.0003335671154142219,0.005059101250449033,0.17773995449802427,0.5719606903983989,0.2442737645187225,0.0,0.0,0.0,0.0,0.0,1.0,0.0,0.0,0.0,0.0,0.0,0.0,0.30636428950204414,0.6936357104979558,0.0,0.0,0.0
tip_middle_root_1_3_1,59,舌右邊,221865,196.2940673828125,20.56899642944336,154.7928924560547,25.890918731689453,159.73377990722656,25.51214027404785,135.9552764892578,71.53472900390625,57.052032470703125,19.013025283813477,196.2940673828125,20.56899642944336,172.79885864257812,23.519344329833984,144.30755615234375,4.616079807281494,131.52261352539062,3.3274641036987305,0.0006400288463705407,0.0027854776553309446,0.0030018254343857752,0.003664390507741194,0.04376535280463345,0.22966668920289365,0.7164401775854686,3.605796317580511e-05,0.005845897279877403,0.0031505645324859713,0.0111193743943389,0.11370878687490141,0.3422892299371239,0.5110359903544949,0.012850156626777545,0.0,0.004759651139206274,0.0041106078020417824,0.011002186014017533,0.07471209970026818,0.3039190498726703,0.5749261938566246,0.02657021161517139,0.0,0.22568228427196718,0.0,0.0,0.0,0.0,0.0,0.0,0.7743177157280328,0.027282356387893537,0.6590944943997475,0.2910373425281139,0.013972460730624478,0.0021905212629301602,0.005061636580803642,0.0013431591282987401,1.8028981587902554e-05,0.0006400288463705407,0.0027854776553309446,0.0030018254343857752,0.003664390507741194,0.04376535280463345,0.22966668920289365,0.7164401775854686,3.605796317580511e-05,0.0031685935140738737,0.0036103035629774863,0.0033443760845559235,0.028850877786041063,0.20711243323642756,0.5694859486624749,0.18442746715344918,0.0,0.0,0.0,0.0,0.0,0.9998377391657088,0.00016226083429112298,0.0,0.0,0.0,0.0,0.0,0.05748090054763032,0.9425190994523697,0.0,0.0,0.0
tip_middle_root_1_3_1,59,舌根,306267,170.36000061035156,29.318506240844727,135.1171417236328,33.678314208984375,126.31066131591797,39.00271987915039,52.065956115722656,73.41303253173828,73.2688980102539,33.722137451171875,170.36947631835938,29.315858840942383,151.1163330078125,32.35435104370117,140.44296264648438,3.55410099029541,138.12271118164062,7.908967971801758,0.0015868506891046049,0.001818674555208364,0.012812350008326069,0.09086842526292419,0.1751935402769479,0.4456764848971649,0.272043674310324,0.0,0.0041075270923736475,0.031021951434532614,0.11265986867667754,0.18755856817743993,0.3965363555329174,0.26595748154388166,0.0021582475421772504,0.0,0.009106433275540624,0.06764685715405186,0.14166397293864505,0.2608377657403507,0.28048402211142565,0.2309031008890935,0.009357847890892588,0.0,0.7319201872875628,0.0,0.0,0.0,0.0,0.0007836299699281999,0.0017305161835914414,0.26556566655891756,0.055510387994788864,0.41321461339288923,0.28336059712603706,0.17154966091678175,0.060509294177955836,0.015280784413599898,0.0005713968530726458,3.265124874700833e-06,0.0015868506891046049,0.001818674555208364,0.012812350008326069,0.09086842526292419,0.17465152954774754,0.44621849562636523,0.272043674310324,0.0,0.002834128391240323,0.007193070098965935,0.06565186585560964,0.1398844798819331,0.3149343546643941,0.42160924944574507,0.04789285166211182,0.0,0.0,0.0,0.0,0.0,1.0,0.0,0.0,0.0,0.0,0.0,0.0,0.07052016704378859,0.9294798329562114,0.0,0.0,0.0
tip_middle_root_1_3_1,6,舌尖,66238,143.93104553222656,13.163381576538086,92.05818176269531,10.350604057312012,111.01155090332031,12.16653823852539,168.920166015625,5.608989238739014,92.04537963867188,8.465947151184082,143.93104553222656,13.163381576538086,115.54805755615234,11.314192771911621,152.0421600341797,2.6211841106414795,126.19759368896484,1.8490220308303833,0.0,0.0,0.00045291222561067666,0.14402608774419517,0.8143059874996226,0.041215012530571575,0.0,0.0,0.0,0.01216824179474018,0.5915486578701048,0.3957245085902352,0.0005585917449198346,0.0,0.0,0.0,0.0,0.004514025181919744,0.09022011534164678,0.8578912406775567,0.04737461879887678,0.0,0.0,0.0,0.0009662127479694435,0.0,0.0,0.0,0.0,0.0,0.0,0.9990337872520305,0.0,0.0011624747124007366,0.6638183520033818,0.33393218394275187,0.001086989341465624,0.0,0.0,0.0,0.0,0.0,0.00045291222561067666,0.14402608774419517,0.8143059874996226,0.041215012530571575,0.0,0.0,0.0,4.529122256106766e-05,0.06216975150215888,0.8386273740149159,0.09915758326036414,0.0,0.0,0.0,0.0,0.0,0.0,0.0,1.0,0.0,0.0,0.0,0.0,0.0,0.0,0.818608653642924,0.181391346357076,0.0,0.0,0.0
tip_middle_root_1_3_1,6,舌中,228360,137.72686767578125,12.370914459228516,103.7735824584961,11.092504501342773,118.85177612304688,11.313458442687988,166.48361206054688,3.187734603881836,62.738643646240234,13.961545944213867,137.72686767578125,12.370914459228516,121.72090911865234,11.009723663330078,144.12701416015625,3.8468382358551025,124.9863052368164,1.8244067430496216,0.0,0.0,0.00015764582238570677,0.21478367489928182,0.7559642669469259,0.02909441233140655,0.0,0.0,0.0,0.0014056752496058855,0.19859432475039412,0.7975302154492906,0.002469784550709406,0.0,0.0,0.0,0.0,0.00030653354352776316,0.03342967244701349,0.7312138728323699,0.2350499211770888,0.0,0.0,0.0,0.0,0.0,0.0,0.0,0.0,0.0,0.002207041513399895,0.9977929584866001,0.000534244175862673,0.596369767034507,0.3815948502364687,0.021466106148187072,3.503240497460151e-05,0.0,0.0,0.0,0.0,0.0,0.00015764582238570677,0.21478367489928182,0.7559642669469259,0.02909441233140655,0.0,0.0,0.0,4.3790506218251884e-06,0.027404098791382028,0.6344587493431424,0.33813277281485377,0.0,0.0,0.0,0.0,0.0,0.0,0.0,1.0,0.0,0.0,0.0,0.0,0.0,0.0,0.9147617796461727,0.08523822035382729,0.0,0.0,0.0
tip_middle_root_1_3_1,6,舌左邊,87257,133.24835205078125,12.771941184997559,102.72429656982422,12.760884284973145,117.36074829101562,13.427342414855957,164.9485321044922,3.3337831497192383,58.459861755371094,15.3328275680542,133.2483673095703,12.771951675415039,119.64774322509766,12.443860054016113,142.77366638183594,3.8017189502716064,124.67758178710938,1.4065041542053223,0.0,0.0,0.0,0.3241459137948818,0.6680953963578853,0.007758689847232887,0.0,0.0,0.0,3.438119577798916e-05,0.28920315848585215,0.7069461475870131,0.0038163127313567964,0.0,0.0,0.0,0.0,0.0,0.08317957298554844,0.6483032879883562,0.2685171390260953,0.0,0.0,0.0,0.0,0.0,0.0,0.0,0.0,0.0,0.005478070527292939,0.994521929472707,0.0014210894254902185,0.7011586462977182,0.2776396163058551,0.01978064797093643,0.0,0.0,0.0,0.0,0.0,0.0,0.0,0.3241459137948818,0.6680953963578853,0.007758689847232887,0.0,0.0,0.0,0.0,0.03652429031481715,0.6399715782114902,0.32350413147369267,0.0,0.0,0.0,0.0,0.0,0.0,0.0,1.0,0.0,0.0,0.0,0.0,0.0,0.0,0.9738244496143575,0.026175550385642413,0.0,0.0,0.0
tip_middle_root_1_3_1,6,舌右邊,41695,117.10716247558594,10.215010643005371,77.35800170898438,15.61166763305664,98.65904998779297,15.46146011352539,163.4019012451172,3.0354361534118652,87.97630310058594,21.787574768066406,117.10716247558594,10.215010643005371,96.79086303710938,14.308409690856934,148.30242919921875,3.5668063163757324,122.58141326904297,1.815070629119873,0.0,0.0,0.020170284206739417,0.8112003837390575,0.16862933205420313,0.0,0.0,0.0,0.0,0.21153615541431825,0.6348962705360355,0.15356757404964624,0.0,0.0,0.0,0.0,0.0,0.007219091018107687,0.4366470799856098,0.5325098932725747,0.023623935723707877,0.0,0.0,0.0,0.0,0.0,0.0,0.0,0.0,0.0,0.017004436982851662,0.9829955630171483,0.0,0.12912819282887636,0.5178558580165488,0.31116440820242236,0.04185154095215254,0.0,0.0,0.0,0.0,0.0,0.020170284206739417,0.8112003837390575,0.16862933205420313,0.0,0.0,0.0,0.0,0.006619498740856218,0.4749010672742535,0.5108766039093416,0.007602830075548627,0.0,0.0,0.0,0.0,0.0,0.0,0.0,1.0,0.0,0.0,0.0,0.0,0.0,0.0,0.9940040772274853,0.00599592277251469,0.0,0.0,0.0
tip_middle_root_1_3_1,6,舌根,114900,91.65377807617188,29.66031265258789,66.8174819946289,26.146366119384766,77.420166015625,29.2176570892334,166.6099090576172,14.37214183807373,74.32662963867188,21.36330223083496,91.65383911132812,29.660146713256836,79.1451416015625,30.302860260009766,140.52626037597656,3.7317583560943604,125.98785400390625,2.415959119796753,0.05902523933855527,0.11787641427328112,0.2895039164490862,0.47693646649260224,0.056657963446475196,0.0,0.0,0.0,0.1235509138381201,0.27970409051349,0.46195822454308094,0.1346301131418625,0.0001566579634464752,0.0,0.0,0.0,0.0991035683202785,0.19147954743255005,0.3860313315926893,0.31703220191470843,0.006353350739773716,0.0,0.0,0.0,0.006623150565709312,0.0,0.0,0.0,0.0,0.0,0.011575282854656224,0.9818015665796345,0.0011662315056570932,0.34953002610966055,0.477023498694517,0.15550913838120103,0.016753698868581374,1.7406440382941687e-05,0.0,0.0,0.05902523933855527,0.11787641427328112,0.2895039164490862,0.47693646649260224,0.056657963446475196,0.0,0.0,0.0,0.09581375108790252,0.17742384682332463,0.3715839860748477,0.3455526544821584,0.009625761531766754,0.0,0.0,0.0,0.0,0.0,0.0,0.0,1.0,0.0,0.0,0.0,0.0,0.0,0.0,0.7352654482158398,0.26473455178416017,0.0,0.0,0.0
tip_middle_root_1_3_1,60,舌尖,204487,208.85748291015625,10.447487831115723,161.79339599609375,14.363631248474121,182.9440460205078,15.658173561096191,162.6438446044922,22.71440315246582,57.937957763671875,11.331244468688965,208.85748291015625,10.447487831115723,182.11976623535156,12.122103691101074,148.7509765625,3.723238706588745,123.9091567993164,2.5504937171936035,0.0,0.0,0.0,0.0,0.0009144835613021855,0.0676766738227858,0.913099610244172,0.018309232371740012,0.0,0.0,0.0,0.009805024280272096,0.4257287749343479,0.5538493889587113,0.010616811826668689,0.0,0.0,0.0,4.401257781668272e-05,0.009218189909382992,0.04269709076860632,0.6349352281563131,0.3129147574173419,0.00019072117053895848,0.020363152669851874,0.0,0.0,0.0,0.0,0.0,0.0008851418427577303,0.9787517054873904,0.0014670859272227575,0.6790505019879014,0.31793708157486783,0.0015453305100079711,0.0,0.0,0.0,0.0,0.0,0.0,0.0,0.0,0.0009144835613021855,0.0676766738227858,0.913099610244172,0.018309232371740012,0.0,0.0,0.0,0.0,0.033170812814506546,0.7420569522756948,0.22477223490979867,0.0,0.0,0.0,0.0,0.0,0.9976966750942603,0.002303324905739729,0.0,0.0,0.0,0.0,0.0,0.9567258554333528,0.04327414456664727,0.0,0.0,0.0
tip_middle_root_1_3_1,60,舌中,558360,214.18643188476562,5.927297592163086,179.8898468017578,11.510847091674805,197.1976776123047,10.555845260620117,164.62005615234375,4.989635944366455,40.98000717163086,9.78968334197998,214.18704223632812,5.926663875579834,195.63388061523438,9.026250839233398,143.2274169921875,3.395017147064209,124.00057220458984,1.967974066734314,0.0,0.0,0.0,0.0,0.0,0.0019897557131599683,0.9663980227810015,0.03161222150583853,0.0,0.0,0.0,0.0009295078444014614,0.04384268214055448,0.809554767533491,0.14567304248155313,0.0,0.0,0.0,0.0,0.0,0.0073912887742674975,0.21014936600042983,0.7819829500680564,0.0004763951572462211,0.0004925137903861308,0.0,0.0,0.0,0.0,0.0,0.011447811447811448,0.9880596747618025,0.1582796045562003,0.824521813883516,0.01690307328605201,0.0002955082742316785,0.0,0.0,0.0,0.0,0.0,0.0,0.0,0.0,0.0,0.0019825918762088977,0.9664051866179526,0.03161222150583853,0.0,0.0,0.0,0.0,0.0022440719249229887,0.2890876853642811,0.7086682427107959,0.0,0.0,0.0,0.0,0.0,0.9997886668099434,0.00021133319005659431,0.0,0.0,0.0,0.0,0.0,0.9415663729493516,0.05843362705064833,0.0,0.0,0.0
tip_middle_root_1_3_1,60,舌左邊,231081,209.4467315673828,13.361029624938965,175.43247985839844,17.738874435424805,191.70811462402344,16.886531829833984,165.21458435058594,2.8934381008148193,41.83592224121094,11.397836685180664,209.44915771484375,13.362476348876953,191.2847900390625,15.354070663452148,143.04873657226562,3.4072115421295166,124.42843627929688,1.2286030054092407,0.0,0.0,0.0,4.327486898533415e-06,0.008715558613646297,0.09280295653904908,0.8603519977843267,0.038125159576079384,0.0,0.0,0.00044573115054894174,0.018171117486941807,0.14864051999082573,0.6908919383246567,0.1418506930470268,0.0,0.0,0.0,9.087722486920171e-05,0.0028994162220173877,0.061874407675230766,0.3037852527901472,0.6307095780267525,0.0006404680609829454,0.0,0.0,0.0,0.0,0.0,0.0,0.017517666965263263,0.9824823330347368,0.17783374660833215,0.7788567645111455,0.043119079456986946,0.00019040942353547026,0.0,0.0,0.0,0.0,0.0,0.0,0.0,4.327486898533415e-06,0.008715558613646297,0.09280295653904908,0.8602827579939502,0.03819439936645592,0.0,0.0,0.0,0.0009347371700832175,0.05578563360899425,0.318329936256118,0.6249496929648045,0.0,0.0,0.0,0.0,0.0,1.0,0.0,0.0,0.0,0.0,0.0,0.0,0.9808725079084823,0.019127492091517692,0.0,0.0,0.0
tip_middle_root_1_3_1,60,舌右邊,240941,211.3909454345703,17.532989501953125,170.5449981689453,20.181318283081055,187.00686645507812,22.5611515045166,163.51158142089844,24.68274688720703,50.285945892333984,13.276515007019043,211.3909454345703,17.532989501953125,188.303955078125,18.6849365234375,145.59030151367188,3.012545108795166,125.35021209716797,2.5668184757232666,0.0,0.0007346196786765225,0.0036357448503990604,0.002494386592568305,0.0062504928592477,0.07625518280408897,0.724700237817557,0.18592933539746245,0.003424074773492266,0.003282961388887736,0.001739014945567587,0.006860600727979049,0.21174063359909687,0.7020432388012003,0.0709094757637762,0.0,0.0013903818777211017,0.004810306257548529,0.0018676771491775994,0.00955835661012447,0.07659136469094094,0.3746643369123561,0.5308353497329221,0.00028222676920905946,0.02346217538733549,0.0,0.0,0.0,0.0,0.0,0.0006765141673687749,0.9758613104452958,0.011621102261549507,0.8932477245466732,0.08697980003403323,0.0016145031356224137,0.0030671409183161023,0.003245607845904184,0.00022412125790131194,0.0,0.0,0.0007346196786765225,0.0036357448503990604,0.002494386592568305,0.0062504928592477,0.07625518280408897,0.724700237817557,0.18592933539746245,0.0003693850361706808,0.004353762954416226,0.002299318090320867,0.002232911791683441,0.05093363105490556,0.41237066335741945,0.5274403277150838,0.0,0.0,0.0,0.0,0.0,0.9995517574841973,0.0004482425158026239,0.0,0.0,0.0,0.0,0.0,0.8660875484039661,0.13391245159603388,0.0,0.0,0.0
tip_middle_root_1_3_1,60,舌根,237197,160.09849548339844,34.02179718017578,124.0530776977539,36.376197814941406,137.84571838378906,38.40392303466797,167.3914794921875,11.842758178710938,61.24309158325195,22.588529586791992,160.1027069091797,34.02666091918945,141.77113342285156,35.673309326171875,144.39915466308594,3.7901058197021484,126.14237213134766,2.695444107055664,0.0,0.0,0.03957891541629953,0.1802215036446498,0.19504462535360903,0.3791658410519526,0.20595117138918284,3.7943144306209606e-05,0.00047639725628907616,0.07063748698339355,0.17915909560407595,0.20870415730384448,0.3729642449103488,0.16553329089322377,0.002525327048824395,0.0,0.0,0.029233084735473047,0.15773386678583626,0.17709330219184896,0.25869214197481416,0.34858788264607055,0.028575403567498745,8.431809845824357e-05,0.004409836549366139,0.0,0.0,0.0,0.0,8.01021935353314e-05,0.015143530483100544,0.9803665307739979,0.06311209669599531,0.5305421232140373,0.3220614088711071,0.07528341420844277,0.008760650429811508,0.00024030658060599416,0.0,0.0,0.0,0.0,0.03957891541629953,0.1802172877397269,0.19502776173391737,0.37912368200272345,0.20596803500887448,8.431809845824357e-05,0.0,0.011256466144175517,0.13280522097665654,0.189188733415684,0.2619721160048399,0.3728377677626614,0.03190175255167645,3.7943144306209606e-05,0.0,0.0,0.0,0.0,1.0,0.0,0.0,0.0,0.0,0.0,0.0,0.7274164513041902,0.2725835486958098,0.0,0.0,0.0
tip_middle_root_1_3_1,64,舌尖,188809,135.5807342529297,14.589395523071289,77.4002914428711,16.776626586914062,88.42167663574219,16.509693145751953,169.04823303222656,27.854463577270508,111.28128051757812,18.503726959228516,135.5807342529297,14.589395523071289,102.20816040039062,15.6146879196167,153.89166259765625,4.174798965454102,132.39910888671875,3.1767544746398926,0.0,0.0,0.0055241010756902475,0.23163620378265867,0.7232917922344804,0.034002616400701235,0.005455248425657675,9.00380808118257e-05,0.00024363245396141073,0.16153890969180495,0.7241339131079556,0.09820506437722779,0.013797011794988587,0.002033801354808298,4.766721925331949e-05,0.0,0.0,0.04198952380447966,0.7119311049791058,0.22053503805433003,0.020115566524900826,0.005211615971696264,0.00021715066548734434,0.0,0.028843964005953106,0.0,0.0,0.0,0.0,0.0,0.00013770530006514519,0.9710183306939818,1.588907308443983e-05,0.013235597879338378,0.1694993353071093,0.6346996170733387,0.17926052253865016,0.003289038128479045,0.0,0.0,0.0,0.0,0.0055241010756902475,0.23163620378265867,0.7232917922344804,0.034002616400701235,0.005455248425657675,9.00380808118257e-05,0.0,0.0057306590257879654,0.293375845431097,0.6510759550657013,0.04029468934213941,0.009136217023552903,0.0003866341117213692,0.0,0.0,0.0,0.0,0.0,0.9434084180309201,0.05659158196907987,0.0,0.0,0.0,0.0,0.0,0.03803314460645414,0.9619668553935459,0.0,0.0,0.0
tip_middle_root_1_3_1,64,舌中,589536,135.5617218017578,8.06627368927002,99.08364868164062,10.153075218200684,109.13832092285156,9.378986358642578,171.04283142089844,11.761024475097656,68.79499053955078,13.423592567443848,135.5617218017578,8.06627368927002,117.32263946533203,9.131223678588867,144.36630249023438,3.3848631381988525,128.15467834472656,1.7336945533752441,0.0,0.0,0.0,0.15998344460728436,0.8389021196330674,0.0011127395103946154,1.6962492536503284e-06,0.0,0.0,0.0006276122238506215,0.35703672040384304,0.6419523150409814,0.00038335233132497424,0.0,0.0,0.0,0.0,0.0,0.070251859089182,0.911411686478858,0.01833645443196005,0.0,0.0,0.0,0.004483186777397818,0.0,0.0,0.0,0.0,0.0,0.0,0.9955168132226022,0.0,0.4113964202355751,0.5471845654887911,0.04095933072789448,0.000459683547739239,0.0,0.0,0.0,0.0,0.0,0.0,0.15998344460728436,0.8389021196330674,0.0011127395103946154,1.6962492536503284e-06,0.0,0.0,0.0,0.01027927047712099,0.8491847826086957,0.1405342506649297,1.6962492536503284e-06,0.0,0.0,0.0,0.0,0.0,0.0,0.9997201188731477,0.00027988112685230416,0.0,0.0,0.0,0.0,0.0,0.3445913396298106,0.6554086603701894,0.0,0.0,0.0
tip_middle_root_1_3_1,64,舌左邊,238844,139.41412353515625,9.446775436401367,91.02608489990234,10.633810043334961,99.59808349609375,11.475180625915527,172.48388671875,19.118385314941406,88.97521209716797,11.052632331848145,139.41412353515625,9.446775436401367,112.49800109863281,10.227612495422363,149.11965942382812,2.2118079662323,131.31655883789062,1.8593400716781616,0.0,0.0,0.00026795732779554855,0.09475222320845406,0.8942615263519285,0.010621995947145416,9.629716467652527e-05,0.0,0.0,0.020934166234027232,0.660929309507461,0.31691396895044466,0.0012141816415735794,8.373666493610892e-06,0.0,0.0,0.0,0.0026209576125002096,0.3139622515114468,0.6759432935305053,0.007435815846326473,3.7681499221249016e-05,0.0,0.0,0.012112508583008157,0.0,0.0,0.0,0.0,0.0,0.0,0.9878874914169918,0.0,0.004383614409405302,0.7631885247274371,0.22519301301267772,0.007234847850479811,0.0,0.0,0.0,0.0,0.0,0.00026795732779554855,0.09475222320845406,0.8942615263519285,0.010621995947145416,9.629716467652527e-05,0.0,0.0,0.0,0.06389526217949791,0.8829905712515282,0.052871330240659174,0.00024283632831471587,0.0,0.0,0.0,0.0,0.0,0.0,0.9999916263335064,8.373666493610892e-06,0.0,0.0,0.0,0.0,0.0,0.0046892532364221,0.9953107467635779,0.0,0.0,0.0
tip_middle_root_1_3_1,64,舌右邊,232288,137.78501892089844,12.378748893737793,90.28263092041016,12.837566375732422,101.83827209472656,14.313963890075684,170.56735229492188,18.904680252075195,88.6707534790039,12.408825874328613,137.78501892089844,12.378748893737793,111.7292251586914,12.964865684509277,149.2588348388672,2.4725067615509033,129.48863220214844,2.143419027328491,0.0007189351150296184,0.0016531202644992423,0.008093401294944208,0.13875447720071635,0.8390231092436975,0.0117354318776691,2.1525003444000552e-05,0.0,0.0023160903705744594,0.026368129218900676,0.6211211943793911,0.34854146576663453,0.0016315952610552417,2.1525003444000552e-05,0.0,0.0,0.0021654153464664553,0.015265532442485191,0.251248450199752,0.7150692244110759,0.016208327593332416,4.3050006888001104e-05,0.0,0.0,0.012178846948615511,0.0,0.0,0.0,0.0,0.0,0.0,0.9878211530513845,0.0,0.008786506405841025,0.7458671993387519,0.23983589337374295,0.005510400881664141,0.0,0.0,0.0,0.0007189351150296184,0.0016531202644992423,0.008093401294944208,0.13875447720071635,0.8390231092436975,0.0117354318776691,2.1525003444000552e-05,0.0,0.001683255269320843,0.005209050833448133,0.07860500757680121,0.8439910800385728,0.070403981264637,0.00010762501722000275,0.0,0.0,0.0,0.0,0.0,0.0,0.9999870849979337,1.291500206640033e-05,0.0,0.0,0.0,0.0,0.0,0.13917636726821878,0.8608236327317812,0.0,0.0,0.0
tip_middle_root_1_3_1,64,舌根,314860,93.42444610595703,32.27412414550781,63.095890045166016,23.784196853637695,66.19379425048828,25.773088455200195,105.50569152832031,85.11177062988281,86.35758972167969,22.205129623413086,93.42444610595703,32.27412414550781,76.2671127319336,29.130949020385742,141.59161376953125,6.075599193572998,131.59542846679688,1.2064560651779175,0.03262084736073175,0.1910531664866925,0.22067267992123482,0.43088356729975225,0.12476973893158864,0.0,0.0,0.0,0.13784539160261702,0.31051578479324143,0.4942799974591882,0.057358826144953315,0.0,0.0,0.0,0.0,0.1418154100235025,0.2715651400622499,0.4761671854157403,0.11045226449850727,0.0,0.0,0.0,0.0,0.4037604014482627,0.0,0.0,0.0,0.0,0.0,0.0,0.5962395985517372,0.0,0.18378644476910372,0.46560058438671154,0.3117131423489805,0.03488216985326812,0.003982722479832306,3.493616210379216e-05,0.0,0.03262084736073175,0.1910531664866925,0.22067267992123482,0.43088356729975225,0.12476973893158864,0.0,0.0,0.0,0.10554532173029282,0.21856063012132376,0.33003874737978783,0.345610747633869,0.00024455313472654513,0.0,0.0,0.0,0.0,0.0,0.0,0.0,1.0,0.0,0.0,0.0,0.0,0.0,0.0,1.2704058946833513e-05,0.9999872959410532,0.0,0.0,0.0
tip_middle_root_1_3_1,68,舌尖,125699,132.12472534179688,13.552629470825195,100.71932220458984,19.36577606201172,120.2072982788086,21.56442642211914,157.31239318847656,20.051776885986328,62.77157974243164,20.119924545288086,132.3897705078125,13.895548820495605,118.193359375,18.1043701171875,144.1656036376953,3.4515044689178467,122.15569305419922,3.406968832015991,0.0,0.0,0.003166294083485151,0.352954279668096,0.6328053524689934,0.01104225172833515,3.1822051090303024e-05,0.0,0.0,0.02315054216819545,0.36440226254783253,0.5320646942298666,0.08002450297933954,0.000357998074765909,0.0,0.0,0.0,0.009339771995003939,0.12984192396120892,0.4548405317464737,0.39273979904374734,0.01319819568970318,3.977756386287878e-05,0.0,0.014582454912131362,0.0,0.0,0.0,0.0,7.955512772575756e-05,0.3805837755272516,0.6047542144328912,0.015592805034248482,0.5540855535843563,0.3541635176095275,0.07335778327592105,0.0028003404959466662,0.0,0.0,0.0,0.0,0.0,0.003166294083485151,0.352484904414514,0.627936578652177,0.016364489773188332,4.773307663545454e-05,0.0,0.0,0.0006364410218060605,0.12553799155124543,0.5406566480242484,0.32894454212046237,0.004224377282237727,0.0,0.0,0.0,0.0,0.0,0.0,0.9997056460274147,0.000294353972585303,0.0,0.0,0.0,0.0,0.0,0.9442477664897891,0.0557522335102109,0.0,0.0,0.0
tip_middle_root_1_3_1,68,舌中,370682,135.0461883544922,16.47737693786621,113.32262420654297,17.11478042602539,134.06893920898438,17.80139923095703,150.7444610595703,5.583498954772949,43.794036865234375,10.301987648010254,136.41024780273438,16.796594619750977,128.46780395507812,17.053579330444336,140.42433166503906,2.4944729804992676,119.86708068847656,1.5372296571731567,0.0,2.1581841038949827e-05,0.011084973103630606,0.3096778370678911,0.6368207789965523,0.04235975849919878,3.507049168829347e-05,0.0,1.0790920519474913e-05,0.004831634662594893,0.14207865501966646,0.6292590414425303,0.2231643295331308,0.000655548421558101,0.0,0.0,0.0,0.00027786620337647905,0.018743828942327925,0.3359105648507346,0.5816495001106069,0.06330763295762945,0.00011060693532461786,0.0,0.0,0.0,0.0,0.0,0.0,0.0012895150020772522,0.8961886468725214,0.10252183812540129,0.057723331588801184,0.8988459110504422,0.040975822942576116,0.0023416297527260564,0.00011060693532461786,2.6977301298687284e-06,0.0,0.0,0.0,1.88841109090811e-05,0.010081417495319439,0.2869953221359548,0.6337453666485019,0.06904840267399011,0.00011060693532461786,0.0,0.0,0.0005881051683113829,0.03303370544024258,0.4280245601351023,0.5238020729358318,0.014538067669862577,1.3488650649343641e-05,0.0,0.0,0.0,0.0,0.0,1.0,0.0,0.0,0.0,0.0,0.0,0.0,0.9998678112236364,0.0001321887763635677,0.0,0.0,0.0
tip_middle_root_1_3_1,68,舌左邊,126283,116.62008666992188,15.016779899597168,86.64427947998047,19.08050537109375,109.96417236328125,20.7186279296875,155.31350708007812,6.831103801727295,68.68490600585938,19.86541748046875,117.45558166503906,16.001821517944336,103.56951141357422,18.61301040649414,144.68603515625,3.2960052490234375,119.609130859375,2.358853816986084,0.0,0.0006018228898584925,0.06971643055676537,0.696198221454986,0.23227987931867314,0.0011957270574820048,7.918722234980163e-06,0.0,3.959361117490082e-05,0.11683282785489733,0.5563694242297063,0.30992295083265364,0.016763934971453006,7.126850011482147e-05,0.0,0.0,0.0,0.01164052168542084,0.2454724705621501,0.5298575421869927,0.20872168066960714,0.004284028729124268,2.3756166704940492e-05,0.0,0.0,0.0,0.0,0.0,0.0,1.5837444469960326e-05,0.5900794247840169,0.4099047377715132,9.502466681976197e-05,0.47967659938392343,0.4016375917581939,0.1164844040765582,0.0021063801145047236,0.0,0.0,0.0,0.0,0.0006018228898584925,0.06943135655630607,0.6751977700878187,0.2504216719590127,0.004323622340299169,2.3756166704940492e-05,0.0,0.0,0.015116840746577133,0.33179446164566884,0.5459721419351773,0.10651473278271818,0.0006018228898584925,0.0,0.0,0.0,0.0,0.0,0.0,1.0,0.0,0.0,0.0,0.0,0.0,0.0,0.99801240071902,0.001987599280980021,0.0,0.0,0.0
tip_middle_root_1_3_1,68,舌右邊,176306,131.04034423828125,22.55593490600586,101.44805145263672,25.66087532043457,122.32246398925781,28.5299072265625,156.9507293701172,11.648797988891602,61.51069259643555,23.16139030456543,131.46376037597656,23.031871795654297,118.32330322265625,25.826248168945312,143.67898559570312,3.661555528640747,121.08586120605469,2.834197998046875,0.014355722437126359,0.003040168797431738,0.015132780506619174,0.32998309756899935,0.592543645706896,0.04453053214297868,0.0004140528399487255,0.0,0.015773711615032954,0.046470341338354905,0.3125701904643064,0.4771023107551643,0.14448742527197034,0.0035790046850362437,1.701587013487913e-05,0.0,0.01560922487039579,0.011014939933978424,0.1308236815536624,0.3679795355801844,0.4175581091965106,0.05597086883032909,0.0010436400349392533,0.0,0.003403174026975826,0.0,0.0,0.0,0.0,0.0001701587013487913,0.5060292899844588,0.49039737728721655,0.01757739384933014,0.5824362188467778,0.32342064365364764,0.06486449695415925,0.0073735437251142896,0.0023084863816319355,0.0007940739396276928,0.0012251426497112974,0.014355722437126359,0.003040168797431738,0.015132780506619174,0.32936485428743206,0.5779440291311697,0.059107460891858477,0.0010549839483625062,0.0,0.015507129649586514,0.007940739396276928,0.13333635837691288,0.46435175206742824,0.35778702936939183,0.020918176352478078,0.00015881478792553855,0.0,0.0,0.0,0.0,0.0,1.0,0.0,0.0,0.0,0.0,0.0,0.0,0.9600637527934387,0.03993624720656132,0.0,0.0,0.0
tip_middle_root_1_3_1,68,舌根,192640,71.65827941894531,24.556903839111328,53.02787399291992,22.6411190032959,67.19312286376953,26.111196517944336,156.33782958984375,7.821389198303223,72.42034149169922,25.309194564819336,72.0284423828125,24.933582305908203,62.36469650268555,26.403261184692383,139.1335906982422,3.521365165710449,122.58125305175781,2.311835289001465,0.04171511627906977,0.36520452657807306,0.3943469684385382,0.19559800664451826,0.0030886627906976743,4.671926910299003e-05,0.0,0.0,0.18911441029900333,0.4806530315614618,0.2989202657807309,0.031125415282392026,0.00018687707641196013,0.0,0.0,0.0,0.08915074750830565,0.3787531146179402,0.3664815199335548,0.1621781561461794,0.003415697674418605,2.0764119601328905e-05,0.0,0.0,0.0004931478405315614,0.0,0.0,5.191029900332226e-06,0.0003166528239202658,0.00478093853820598,0.5746002906976744,0.41980377906976746,0.01404173588039867,0.406187707641196,0.3782236295681063,0.17709717607973421,0.024288828903654486,0.00015573089700996677,5.191029900332226e-06,0.0,0.04170992524916944,0.3634032392026578,0.38770245016611293,0.20216465946843853,0.004973006644518272,4.671926910299003e-05,0.0,0.0,0.13359115448504982,0.3911908222591362,0.35820701827242524,0.11349148671096346,0.0034987541528239204,2.0764119601328905e-05,0.0,0.0,0.0,0.0,0.0,3.114617940199335e-05,0.999968853820598,0.0,0.0,0.0,0.0,0.0,0.0,0.9864202657807309,0.013579734219269102,0.0,0.0,0.0
tip_middle_root_1_3_1,7,舌尖,129100,154.03591918945312,10.982946395874023,107.63980102539062,14.564489364624023,120.18927764892578,14.915020942687988,171.79244995117188,2.198014974594116,77.57575225830078,13.591609954833984,154.03591918945312,10.982946395874023,128.95889282226562,13.42651653289795,148.45242309570312,2.646662950515747,128.5870361328125,1.6015362739562988,0.0,0.0,0.0,0.044810224632068164,0.6049573973663827,0.35023237800154916,0.0,0.0,0.0,0.002013942680092951,0.18426800929512005,0.7710224632068164,0.04269558481797057,0.0,0.0,0.0,0.0,0.0,0.07656080557707204,0.5634004647560031,0.3599612703330751,7.745933384972889e-05,0.0,0.0,5.422153369481022e-05,0.0,0.0,0.0,0.0,0.0,0.0,0.9999457784663052,0.0,0.1418280402788536,0.7478698683191325,0.110286599535244,1.549186676994578e-05,0.0,0.0,0.0,0.0,0.0,0.0,0.044810224632068164,0.6049573973663827,0.35023237800154916,0.0,0.0,0.0,0.0,0.027358636715724246,0.34019364833462434,0.6315801704105345,0.0008675445391169636,0.0,0.0,0.0,0.0,0.0,0.0,1.0,0.0,0.0,0.0,0.0,0.0,0.0,0.24853601859024013,0.7514639814097599,0.0,0.0,0.0
tip_middle_root_1_3_1,7,舌中,413722,146.66673278808594,16.63102149963379,113.77750396728516,14.205635070800781,121.19326782226562,17.341556549072266,150.1110076904297,57.60057067871094,57.87468719482422,9.877182960510254,146.66673278808594,16.63102149963379,130.8418731689453,15.126094818115234,142.13763427734375,3.277209758758545,128.97052001953125,2.350071430206299,0.0,0.0,0.014502492011543983,0.10644587428273092,0.6511933133843498,0.22785832032137524,0.0,0.0,0.0,0.00757030083002596,0.09485838316550728,0.7915605164820821,0.1060107995223846,0.0,0.0,0.0,0.0,0.006789583343404508,0.09135361426271747,0.45701703075978556,0.44483977163409244,0.0,0.0,0.0,0.13148926090466545,0.0,0.0,0.0,0.0,0.0,0.0,0.8685107390953345,0.0029705937803645925,0.7411812763159803,0.25240137096891146,0.0034129197867166844,3.3839148026935963e-05,0.0,0.0,0.0,0.0,0.0,0.014502492011543983,0.10644587428273092,0.6511933133843498,0.22785832032137524,0.0,0.0,0.0,0.0007734662406156792,0.044367957227316894,0.23823727043763687,0.7165995523564133,2.1753738017315975e-05,0.0,0.0,0.0,0.0,0.0,0.0,1.0,0.0,0.0,0.0,0.0,0.0,0.0,0.27815054553540786,0.7218494544645921,0.0,0.0,0.0
tip_middle_root_1_3_1,7,舌左邊,139635,147.27633666992188,17.986011505126953,113.47736358642578,16.978540420532227,119.60010528564453,18.87084197998047,162.1580047607422,44.18500518798828,59.35515594482422,10.422694206237793,147.27633666992188,17.986011505126953,130.6212615966797,17.554086685180664,142.32431030273438,2.4935097694396973,129.7576141357422,1.6539543867111206,0.0,7.161528270132846e-06,0.020138217495613564,0.11537938196011029,0.6071615282701328,0.25731371074587317,0.0,0.0,0.0,0.012733197264296201,0.12980269989615784,0.687170122104057,0.17029398073548896,0.0,0.0,0.0,0.0,0.008156980699681312,0.11636767286138862,0.44718014824363517,0.4282951981952949,0.0,0.0,0.0,0.07016865399076162,0.0,0.0,0.0,0.0,0.0,0.0,0.9298313460092383,3.580764135066423e-05,0.7246249149568518,0.2676621190962151,0.007677158305582412,0.0,0.0,0.0,0.0,0.0,7.161528270132846e-06,0.020138217495613564,0.11537938196011029,0.6071615282701328,0.25731371074587317,0.0,0.0,0.0,0.0019121280481254699,0.06295699502273785,0.23750492355068573,0.696931285136248,0.0006946682422028861,0.0,0.0,0.0,0.0,0.0,0.0,1.0,0.0,0.0,0.0,0.0,0.0,0.0,0.032971676155691625,0.9670283238443084,0.0,0.0,0.0
tip_middle_root_1_3_1,7,舌右邊,170639,148.68202209472656,12.235210418701172,108.99374389648438,16.490209579467773,119.18065643310547,17.754798889160156,172.20509338378906,2.913825750350952,69.08255767822266,16.198041915893555,148.68202209472656,12.235210418701172,128.1374969482422,15.270050048828125,145.44375610351562,3.1456029415130615,128.71034240722656,2.039311647415161,0.0,0.0,3.516195008175154e-05,0.08096625038824654,0.7737680131740107,0.14523057448766108,0.0,0.0,0.0,0.0056669342881756225,0.19574071578009716,0.7374515790645749,0.06114077086715229,0.0,0.0,0.0,0.0,0.0009493726522072914,0.13916513809855893,0.4372798715416757,0.42260561770755806,0.0,0.0,0.0,8.204455019075358e-05,0.0,0.0,0.0,0.0,0.0,0.0,0.9999179554498092,0.0,0.46492302463094604,0.4371919666664713,0.09784398642748726,4.102227509537679e-05,0.0,0.0,0.0,0.0,0.0,3.516195008175154e-05,0.08096625038824654,0.7737680131740107,0.14523057448766108,0.0,0.0,0.0,0.0,0.047638582035759706,0.3015781855261693,0.650783232438071,0.0,0.0,0.0,0.0,0.0,0.0,0.0,1.0,0.0,0.0,0.0,0.0,0.0,0.0,0.35136750684192947,0.6486324931580706,0.0,0.0,0.0
tip_middle_root_1_3_1,7,舌根,173689,78.13958740234375,22.893354415893555,56.93251037597656,21.9564151763916,59.560333251953125,21.667659759521484,152.74107360839844,59.146427154541016,75.40739440917969,24.77757453918457,78.13958740234375,22.893354415893555,66.63288879394531,24.87994956970215,137.9418182373047,1.995485544204712,130.15371704101562,1.1152867078781128,0.005463788725826046,0.27004588661342976,0.5008549764233774,0.20138868897857665,0.022206357339843052,4.030191894708358e-05,0.0,0.0,0.14582961500152572,0.46137636810621285,0.35264754820397376,0.03993920167655983,0.0002015095947354179,5.757416992440511e-06,0.0,0.0,0.11538439394550029,0.44901519382344307,0.3864896452855391,0.04862138650116012,0.00047786561037256245,1.1514833984881023e-05,0.0,0.0,0.1316433395321523,0.0,0.0,0.0,0.0,0.0,0.0,0.8683566604678477,0.0007024048730777424,0.3799952789180662,0.4336371330366344,0.13775195896113168,0.04554116841020445,0.002372055800885491,0.0,0.0,0.005463788725826046,0.27004588661342976,0.5008549764233774,0.20138868897857665,0.022206357339843052,4.030191894708358e-05,0.0,0.0,0.09442739609301683,0.35075335801346086,0.4295090650530546,0.12043364864787062,0.004847745107634911,2.8787084962202557e-05,0.0,0.0,0.0,0.0,0.0,0.0,1.0,0.0,0.0,0.0,0.0,0.0,0.0,0.013541444766220084,0.9864585552337799,0.0,0.0,0.0
tip_middle_root_1_3_1,70,舌尖,64140,139.93646240234375,11.129146575927734,80.231201171875,14.015365600585938,86.8586654663086,15.202840805053711,168.73487854003906,36.060546875,109.67266845703125,15.752340316772461,139.93646240234375,11.129146575927734,105.30453491210938,12.90201473236084,153.82066345214844,3.0454463958740234,135.1512451171875,2.76479434967041,0.0,0.0,0.0,0.15542563143124416,0.8190053009042719,0.025085749922045524,0.00048331774243841596,0.0,0.0,0.09554100405363268,0.7792485188649828,0.11889616463985032,0.005581540380417836,0.0007327720611163081,0.0,0.0,0.0,0.035843467415029626,0.7100093545369505,0.24134705332086062,0.011053944496414093,0.0016838166510757717,6.236357966947302e-05,0.0,0.04370127845338322,0.0,0.0,0.0,0.0,0.0,0.00017149984409105083,0.9561272217025257,0.00037418147801683815,0.007062675397567821,0.16039912690988462,0.7353757405675085,0.09582164016214531,0.0009666354848768319,0.0,0.0,0.0,0.0,0.0,0.15542563143124416,0.8190053009042719,0.025085749922045524,0.00048331774243841596,0.0,0.0,0.0,0.22452447770502026,0.7316027439975055,0.041300280636108515,0.0025257249766136576,4.677268475210477e-05,0.0,0.0,0.0,0.0,0.0,0.9638758964764578,0.03612410352354225,0.0,0.0,0.0,0.0,0.0,0.007499220455254131,0.9925007795447459,0.0,0.0,0.0
tip_middle_root_1_3_1,70,舌中,228259,146.10472106933594,9.370827674865723,106.44207763671875,15.660544395446777,115.50563049316406,16.079309463500977,171.99069213867188,11.226468086242676,69.52449035644531,22.07830810546875,146.10479736328125,9.37121295928955,125.6933364868164,13.029280662536621,145.33782958984375,5.361934185028076,129.34681701660156,2.7240893840789795,0.0,0.0,0.0005213376033365607,0.043599595196684465,0.9185574281846499,0.037115732566952456,0.00020590644837662479,0.0,0.0,0.002028397565922921,0.23756785055572835,0.6720304566304067,0.08806662606950875,0.00030228819016993856,4.380988263332442e-06,0.0,0.0,0.0007885778873998396,0.11507541871295326,0.640894773042903,0.2421109353848041,0.0010426752066731214,8.761976526664885e-05,0.0,0.003977937343105858,0.0,0.0,0.0,0.0,0.0,0.0006308623099198717,0.9953912003469743,0.0057697615428088265,0.4556052554335207,0.3947051375849364,0.13605597150605234,0.007863873932681734,0.0,0.0,0.0,0.0,0.0,0.0005213376033365607,0.043599595196684465,0.9185530471963865,0.037115732566952456,0.00021028743663995724,0.0,0.0,0.00012704865963664082,0.009226361282578125,0.5398516597374036,0.44891548635541206,0.0018093481527562988,7.009581221331907e-05,0.0,0.0,0.0,0.0,0.0,0.9958336801615708,0.004166319838429152,0.0,0.0,0.0,0.0,0.0,0.2506582434865657,0.7493417565134343,0.0,0.0,0.0
tip_middle_root_1_3_1,70,舌左邊,89374,129.9048309326172,21.480859756469727,77.75572204589844,20.27411460876465,83.87720489501953,23.066518783569336,144.164794921875,66.71817779541016,104.73308563232422,23.407623291015625,129.90536499023438,21.477914810180664,99.9767837524414,21.2490177154541,150.83297729492188,4.863465785980225,134.02606201171875,4.093471527099609,0.0076308546109606825,0.017230962024749927,0.024246425134826683,0.3114887998746839,0.6338868127195829,0.0055161456351959185,0.0,0.0,0.02650659028352765,0.1441694452525343,0.6285944458119811,0.19666793474612304,0.004061583905833911,0.0,0.0,0.0,0.02466041578087587,0.11366840468145098,0.5781882874213977,0.25302660729071097,0.030433906952805068,2.237787275941549e-05,0.0,0.0,0.17746771991854454,0.0,0.0,0.0,0.0,2.237787275941549e-05,0.0013650502383243449,0.8211448519703717,2.237787275941549e-05,0.04399489784501085,0.2838633159531855,0.5406270279947188,0.12419719381475597,0.004609841788439591,0.001667151520576454,0.0010181932105534047,0.0076308546109606825,0.017230962024749927,0.024246425134826683,0.3114887998746839,0.6338868127195829,0.0055161456351959185,0.0,0.0,0.022500951059592274,0.020274352720030434,0.3453465213596795,0.5304450958891848,0.08137713428961443,5.5944681898538725e-05,0.0,0.0,0.0,0.0,0.0,0.0,0.97702911361246,0.02297088638754,0.0,0.0,0.0,0.0,0.0,0.0574999440553181,0.9425000559446819,0.0,0.0,0.0
tip_middle_root_1_3_1,70,舌右邊,82474,127.0972671508789,24.105619430541992,74.40608978271484,23.77269744873047,80.26811218261719,26.126955032348633,160.69818115234375,49.65492630004883,109.3318862915039,26.252904891967773,127.0972671508789,24.105619430541992,96.5709228515625,24.800647735595703,151.18679809570312,4.596730709075928,134.45156860351562,3.8600871562957764,0.004413512137158377,0.02315881368673764,0.08737299027572326,0.2908067997186992,0.5852147343405194,0.008766399107597547,0.0002667507335645173,0.0,0.05091301501079128,0.24640492761355093,0.4996847491330601,0.19395203336809178,0.008863399374348279,0.00018187550015762543,0.0,0.0,0.031064335426922423,0.20859907364745253,0.473191551276766,0.25372844775323133,0.03305284089531246,0.0003152508669398841,4.850013337536678e-05,0.0,0.08726386497562869,0.0,0.0,0.0,0.0,0.0,0.0,0.9127361350243713,1.2125033343841695e-05,0.05029463831025535,0.2492179353493222,0.43807745471300047,0.2512791910177753,0.009833402041855616,0.0005698765671605597,0.00071537696728666,0.004413512137158377,0.02315881368673764,0.08737299027572326,0.2908067997186992,0.5852147343405194,0.008766399107597547,0.0002667507335645173,0.0,0.016696170914470013,0.09382350801464703,0.3570943570094818,0.4514271164245702,0.08046172126973349,0.00043650120037830103,6.0625166719208476e-05,0.0,0.0,0.0,0.0,0.0,0.9954167373960279,0.004583262603972161,0.0,0.0,0.0,0.0,0.0,0.036641850765089606,0.9633581492349104,0.0,0.0,0.0
tip_middle_root_1_3_1,70,舌根,107744,81.67127990722656,28.224098205566406,53.58397674560547,25.95879364013672,56.92584228515625,26.76032257080078,154.8677978515625,57.06747817993164,96.32210540771484,33.595890045166016,81.67455291748047,28.228485107421875,65.05332946777344,29.5909481048584,141.1940460205078,3.9853932857513428,131.22592163085938,2.073665142059326,0.020390926640926642,0.28634541134541136,0.3341160528660529,0.3241108553608554,0.03499962874962875,3.712503712503712e-05,0.0,0.0,0.2398091773091773,0.3994097119097119,0.30309808434808433,0.057126150876150875,0.0005568755568755569,0.0,0.0,0.0,0.21060105435105436,0.38250853875853874,0.3178367240867241,0.08784711909711909,0.0012065637065637065,0.0,0.0,0.0,0.12032224532224532,0.0,0.0,0.0,0.0,0.0006775319275319276,0.0012251262251262252,0.8777750965250966,0.006376225126225126,0.1649558212058212,0.37258687258687256,0.24592552717552718,0.17868280368280368,0.03075809325809326,0.0007146569646569647,0.0,0.020390926640926642,0.28634541134541136,0.3341160528660529,0.3241015741015741,0.03500891000891001,3.712503712503712e-05,0.0,0.0,0.1595541283041283,0.3239623552123552,0.32810179685179686,0.18330487080487082,0.005067567567567568,9.28125928125928e-06,0.0,0.0,0.0,0.0,0.0,0.0,1.0,0.0,0.0,0.0,0.0,0.0,0.0,0.017625111375111375,0.9823748886248886,0.0,0.0,0.0
tip_middle_root_1_3_1,72,舌尖,251532,132.88572692871094,12.69878101348877,75.40109252929688,16.733530044555664,93.43073272705078,17.99569320678711,169.92547607421875,7.370512962341309,111.10255432128906,25.068180084228516,132.8857421875,12.698803901672363,100.62943267822266,14.76916790008545,154.68344116210938,5.377458095550537,128.39370727539062,3.398681402206421,0.0,0.0,0.012710112431022692,0.24458915764197,0.7343638185201088,0.008269325572889334,6.758583400919168e-05,0.0,0.0015147178092648251,0.26039231588823686,0.6182036480447816,0.11736478857560867,0.0024847733091614586,3.9756372946583335e-05,0.0,0.0,7.951274589316667e-05,0.04792630758710621,0.4818790452109473,0.44869837634972887,0.020438751331838492,0.0009700554998966335,7.951274589316668e-06,0.0,0.0016141087416312835,0.0,0.0,0.0,0.0,0.0,0.0009183722150660751,0.9974675190433027,3.975637294658334e-06,0.03326813288170093,0.23596600034985607,0.4501812890606364,0.26623650271138466,0.014280489162412735,6.361019671453334e-05,0.0,0.0,0.0,0.012710112431022692,0.24458915764197,0.7343638185201088,0.008269325572889334,6.758583400919168e-05,0.0,0.0,0.009704530636260993,0.31796749518947887,0.6468838954884468,0.024819903630551976,0.0006201994179667001,3.975637294658334e-06,0.0,0.0,0.0,0.0,0.0,0.820106388054005,0.17989361194599493,0.0,0.0,0.0,0.0,0.0,0.4437089515449327,0.5562910484550674,0.0,0.0,0.0
tip_middle_root_1_3_1,72,舌中,712556,129.0040283203125,16.143550872802734,96.8193588256836,17.285829544067383,108.11925506591797,17.16862678527832,169.30331420898438,8.288564682006836,64.31541442871094,19.93963050842285,129.0040283203125,16.143550872802734,113.77800750732422,17.00203514099121,142.96676635742188,4.639461517333984,126.8180923461914,1.9120516777038574,0.0,0.0026903148664806694,0.04439370379310539,0.30167874524949617,0.6498057696517888,0.0014314664391289948,0.0,0.0,0.0004406671194965729,0.04865582494568848,0.34652153655291656,0.5959208820078703,0.008461089374028147,0.0,0.0,0.0,1.4033984697343086e-06,0.0215365529165427,0.18131627549273321,0.70077158847866,0.09634611174419976,2.806796939468617e-05,0.0,0.0,0.0020222971948871387,0.0,0.0,0.0,0.0,0.0,0.0006090749358646899,0.9973686278692482,0.0038775899718758947,0.5730047883955788,0.34765127232105264,0.06303083547117701,0.01101246779200512,0.001418835852901386,4.210195409202926e-06,0.0,0.0,0.0026903148664806694,0.04439370379310539,0.30167874524949617,0.6498057696517888,0.0014314664391289948,0.0,0.0,2.806796939468617e-06,0.015044431595551789,0.12128450255137842,0.6657497796664402,0.19781322450446,0.00010525488523007314,0.0,0.0,0.0,0.0,0.0,0.0,0.9987285209864207,0.0012714790135792836,0.0,0.0,0.0,0.0,0.0,0.6753307810193164,0.3246692189806836,0.0,0.0,0.0
tip_middle_root_1_3_1,72,舌左邊,318753,133.4774169921875,14.956284523010254,92.57490539550781,21.282642364501953,106.05899810791016,21.351346969604492,169.88607788085938,3.3956656455993652,80.20376586914062,25.872289657592773,133.4774169921875,14.956284523010254,112.22534942626953,19.522123336791992,146.97647094726562,4.9333109855651855,127.31914520263672,2.4804248809814453,0.0,0.0007811691184082973,0.02003432124560396,0.26582651771120586,0.7053361066405649,0.008012473608091531,9.411676125401172e-06,0.0,0.002443898567229171,0.09538420030556576,0.41578589064259786,0.45875332938042934,0.027620132202677308,1.2548901500534896e-05,0.0,0.0,0.0002823502837620352,0.04326547514846919,0.24095145771177057,0.5621280427164607,0.1532220873215311,0.00015058681800641876,0.0,0.0,0.0001035284373794129,0.0,0.0,0.0,0.0,0.0,7.529340900320938e-05,0.9998211781536174,0.0002635269315112328,0.3230902924835217,0.41005104265685344,0.21238074622042774,0.051645004125451366,0.00256938758223452,0.0,0.0,0.0,0.0007811691184082973,0.02003432124560396,0.26582651771120586,0.7053361066405649,0.008012473608091531,9.411676125401172e-06,0.0,0.00022588022700962814,0.01645160986720125,0.17734107600555915,0.5716683450822424,0.2341279925208547,0.00018509629713288974,0.0,0.0,0.0,0.0,0.0,0.0,0.9939953506319941,0.0060046493680059486,0.0,0.0,0.0,0.0,0.0,0.5745765530049913,0.42542344699500867,0.0,0.0,0.0
tip_middle_root_1_3_1,72,舌右邊,306898,136.2191925048828,15.246975898742676,90.00311279296875,20.48033332824707,102.90845489501953,21.272470474243164,171.37326049804688,4.361702919006348,88.15924835205078,26.14761734008789,136.2191925048828,15.246975898742676,111.25242614746094,18.771284103393555,149.02999877929688,5.356072425842285,128.71530151367188,2.6762893199920654,0.0,0.0001955046953711005,0.025076735592933157,0.1993072616960684,0.7521358887969293,0.02324550827962385,3.584252748470176e-05,3.2584115895183414e-06,0.007517155537018814,0.08492398125761653,0.5063408689532027,0.3763823811168532,0.024763928080339396,6.516823179036683e-05,6.516823179036683e-06,0.0,0.0021016754752393304,0.03790510202086687,0.3009729617006302,0.5386610535096351,0.11957393010055459,0.0007559514887682553,2.9325704305665073e-05,0.0,0.00041381827186882936,0.0,0.0,0.0,0.0,0.0,0.00012707805199121532,0.99945910367614,0.0001955046953711005,0.21426662930354712,0.3887676035686124,0.32436509850178236,0.06686586422850589,0.0055392997021811805,0.0,0.0,0.0,0.0001955046953711005,0.025076735592933157,0.1993072616960684,0.7521358887969293,0.02324550827962385,3.584252748470176e-05,3.2584115895183414e-06,9.775234768555025e-06,0.02164888660075986,0.14816975021016754,0.6391700173999179,0.19007292325137343,0.0009058384218860989,2.2808881126628392e-05,0.0,0.0,0.0,0.0,0.0,0.9765980879640793,0.02340191203592073,0.0,0.0,0.0,0.0,0.0,0.3504519416874662,0.6495480583125338,0.0,0.0,0.0
tip_middle_root_1_3_1,72,舌根,222562,77.22797393798828,31.364456176757812,53.20124435424805,24.596609115600586,59.49187469482422,27.19035530090332,170.44229125976562,18.594131469726562,82.88058471679688,17.137248992919922,77.22797393798828,31.364456176757812,63.28543472290039,29.90882682800293,139.77366638183594,4.126750469207764,128.45877075195312,1.682099461555481,0.042194983869663284,0.3531375526819493,0.28955526999218195,0.25440102083913696,0.060625803146988254,8.53694700802473e-05,0.0,0.0,0.24787250294300014,0.402737214798573,0.29375185341612675,0.05544522425211851,0.0001932045901816123,0.0,0.0,0.0,0.19059857477916267,0.38063101517779313,0.3094823015609134,0.11708198165005707,0.0022061268320737594,0.0,0.0,0.0,0.011956218941238847,0.0,0.0,0.0,0.0,0.0,0.0,0.9880437810587611,2.246565002111771e-05,0.13456924362649508,0.6459997663572398,0.2097303223371465,0.009381655448818756,0.0002830671902660832,1.3479390012670626e-05,0.0,0.042194983869663284,0.3531375526819493,0.28955526999218195,0.25440102083913696,0.060625803146988254,8.53694700802473e-05,0.0,0.0,0.17763589471697774,0.34633495385555485,0.3019113775037967,0.16545951240553194,0.008658261518138765,0.0,0.0,0.0,0.0,0.0,0.0,0.0,1.0,0.0,0.0,0.0,0.0,0.0,0.0,0.29150079528401074,0.7084992047159893,0.0,0.0,0.0
tip_middle_root_1_3_1,74,舌尖,394385,132.61358642578125,15.656487464904785,88.18531799316406,12.21475601196289,103.65270233154297,13.03779125213623,166.1090087890625,21.276870727539062,85.7343978881836,12.640851020812988,132.65980529785156,15.564651489257812,108.95899200439453,13.183975219726562,148.7440948486328,3.413158893585205,126.7198486328125,2.72345232963562,0.0,0.0,0.00832181751334356,0.3383191551402817,0.6510389593924718,0.0023200679539029123,0.0,0.0,0.0,0.01929079452818946,0.669452438606945,0.31125676686486553,0.0,0.0,0.0,0.0,0.0,0.00024848815243987474,0.3001204406861316,0.6820949072606717,0.017536163900756876,0.0,0.0,0.0,0.01669181130113975,0.0,0.0,0.0,0.0,3.5498307491410675e-05,0.03183944622640313,0.9514332441649657,0.0,0.04764126424686537,0.7376066533970612,0.21425764164458588,0.0004944407114875059,0.0,0.0,0.0,0.0,0.0,0.006483512303966936,0.3401574603496583,0.6510389593924718,0.0023200679539029123,0.0,0.0,0.0,5.07118678448724e-06,0.194827389479823,0.7459386132839738,0.05922892604941871,0.0,0.0,0.0,0.0,0.0,0.0,0.0,1.0,0.0,0.0,0.0,0.0,0.0,0.0,0.6855838837683988,0.3144161162316011,0.0,0.0,0.0
tip_middle_root_1_3_1,74,舌中,848022,147.0260772705078,6.467374801635742,113.24171447753906,12.268003463745117,126.87723541259766,10.950787544250488,167.62474060058594,4.070194244384766,58.93012237548828,15.691469192504883,147.02755737304688,6.469840049743652,131.14486694335938,10.188286781311035,143.64520263671875,3.8956458568573,125.74481201171875,1.7798205614089966,0.0,0.0,0.0,0.002310081578072267,0.9770017758973234,0.020688142524604314,0.0,0.0,0.0,1.1792146901849244e-06,0.07425279061156433,0.7976833148196627,0.12804502713373003,1.7688220352773867e-05,0.0,0.0,0.0,0.0,0.0036591031836438206,0.49782670732598916,0.4980342491114617,0.00047994037890526425,0.0,0.0,0.00016509005662588942,0.0,0.0,0.0,0.0,7.075288141109547e-06,0.009328767414052938,0.9904990672411801,0.015027912011716677,0.6248033659504116,0.35297433321305344,0.0071943888248182245,0.0,0.0,0.0,0.0,0.0,0.0,0.0,0.002310081578072267,0.9769145140102498,0.020775404411677998,0.0,0.0,0.0,0.0,0.0002558895877701286,0.3660459280537533,0.6326899537983685,0.0010082285601081104,0.0,0.0,0.0,0.0,0.0,0.0,1.0,0.0,0.0,0.0,0.0,0.0,0.0,0.8429297824820583,0.15707021751794176,0.0,0.0,0.0
tip_middle_root_1_3_1,74,舌左邊,362596,134.92626953125,9.563030242919922,92.79296112060547,13.202649116516113,106.90028381347656,15.142601013183594,169.40435791015625,6.143054008483887,80.26081085205078,15.899029731750488,134.92630004882812,9.56301212310791,112.90869140625,12.145567893981934,147.50840759277344,3.0660548210144043,127.0915756225586,2.4754693508148193,0.0,0.0,2.7578903242175864e-05,0.22894902315524715,0.7703863252766164,0.0006370726648942625,0.0,0.0,0.0,0.0027578903242175866,0.5477252920605853,0.44716157927831524,0.002355238336881819,0.0,0.0,0.0,0.0,0.00020132599366788382,0.266679720680868,0.6578478527065935,0.0752104270317378,6.06735871327869e-05,0.0,0.0,0.000987324736069896,0.0,0.0,0.0,0.0,0.0,0.001833997065604695,0.9971786781983254,1.654734194530552e-05,0.14629229224812187,0.6509531268960496,0.2023105605136295,0.0004274730002537259,0.0,0.0,0.0,0.0,0.0,2.7578903242175864e-05,0.22894902315524715,0.7703863252766164,0.0006370726648942625,0.0,0.0,0.0,0.0,0.07997606151198579,0.8058665842976757,0.11413804895806903,1.9305232269523106e-05,0.0,0.0,0.0,0.0,0.0,0.0,1.0,0.0,0.0,0.0,0.0,0.0,0.0,0.605696146675639,0.394303853324361,0.0,0.0,0.0
tip_middle_root_1_3_1,74,舌右邊,376302,145.4130401611328,9.201205253601074,106.77617645263672,16.45026397705078,117.96353912353516,17.245136260986328,170.30072021484375,7.899562835693359,68.5395278930664,20.560386657714844,145.4132080078125,9.201587677001953,125.80729675292969,14.16699504852295,145.31289672851562,4.394038200378418,128.01742553710938,2.5925700664520264,0.0,0.0,0.0,0.03989614724343745,0.9320970922291139,0.028006760527448698,0.0,0.0,0.0,0.0011931905756546604,0.2658635882881303,0.6320827420529256,0.10083921956301056,2.1259520278924907e-05,0.0,0.0,0.0,7.97232010459684e-06,0.13734447332195948,0.5194737205754952,0.34266892017581624,0.0005049136066244665,0.0,0.0,0.0017618827431159015,0.0,0.0,0.0,0.0,0.0,0.0013632667378860597,0.996874850518998,0.009526922524993223,0.4284510845012782,0.4355411345142997,0.12644365429894075,3.720416048811859e-05,0.0,0.0,0.0,0.0,0.0,0.0,0.03989614724343745,0.9320917773490441,0.02801207540751843,0.0,0.0,0.0,0.0,0.012412902402857279,0.4864975471828478,0.5001089550414295,0.0009805953728654112,0.0,0.0,0.0,0.0,0.0,0.0,1.0,0.0,0.0,0.0,0.0,0.0,0.0,0.48694931198877495,0.513050688011225,0.0,0.0,0.0
tip_middle_root_1_3_1,74,舌根,390267,99.44207763671875,33.822296142578125,75.36418914794922,29.01445198059082,82.15157318115234,31.553760528564453,159.5612335205078,43.80782699584961,65.04332733154297,19.803977966308594,99.44322967529297,33.82247543334961,87.6643295288086,33.504913330078125,139.3124237060547,4.377561092376709,128.06101989746094,1.995788812637329,0.05113678584148801,0.13124348202640757,0.1770377715768948,0.4158691357455281,0.22471282480968158,0.0,0.0,0.0,0.11318405091898623,0.1952611929781406,0.4056351164715438,0.28170713895871285,0.004212500672616439,0.0,0.0,0.0,0.10400315681315613,0.16457194689789298,0.32246897636746125,0.38207688582432026,0.026879034097169373,0.0,0.0,0.0,0.06976505828061301,0.0,0.0,0.0,0.0,2.8185831751083232e-05,0.002388108653819052,0.9278186472338168,0.012127594697988813,0.49767466888053563,0.4127046355443837,0.07671158463308453,0.0007815162440073079,0.0,0.0,0.0,0.05113678584148801,0.13124348202640757,0.17701983513850775,0.4158486369588,0.2247512600347967,0.0,0.0,0.0,0.09716424909100693,0.14064986278624633,0.24638516707792357,0.44885424593931844,0.0669464751055047,0.0,0.0,0.0,0.0,0.0,0.0,0.0,1.0,0.0,0.0,0.0,0.0,0.0,0.0,0.40177109517330445,0.5982289048266956,0.0,0.0,0.0
tip_middle_root_1_3_1,8,舌尖,151026,144.19371032714844,10.696026802062988,102.20819854736328,9.74481201171875,113.85010528564453,9.606687545776367,168.71646118164062,21.285411834716797,74.49590301513672,9.623748779296875,144.19503784179688,10.691402435302734,122.14665222167969,9.71603775024414,146.74942016601562,2.667161226272583,128.22071838378906,1.981972575187683,0.0,0.0,0.0,0.08989180670877862,0.8982029584309986,0.011905234860222743,0.0,0.0,0.0,3.9728258710420725e-05,0.22327281395256446,0.7742110629957756,0.0024763947929495583,0.0,0.0,0.0,0.0,0.0014434600664786196,0.04061552315495345,0.9065988637718009,0.05134215300676705,0.0,0.0,0.0,0.016295207447724232,0.0,0.0,0.0,0.0,0.0,0.003615271542648286,0.9800895210096274,0.0,0.11687391574960602,0.8694330777482023,0.013587064478963887,0.0001059420232277886,0.0,0.0,0.0,0.0,0.0,0.0,0.08989180670877862,0.8982029584309986,0.011905234860222743,0.0,0.0,0.0,0.0,0.009746666136956551,0.6962377339001231,0.2940155999629203,0.0,0.0,0.0,0.0,0.0,0.0,0.0,1.0,0.0,0.0,0.0,0.0,0.0,0.0,0.2729331373405904,0.7270668626594097,0.0,0.0,0.0
tip_middle_root_1_3_1,8,舌中,456600,151.5850372314453,7.976125717163086,120.8183822631836,10.076294898986816,127.42203521728516,9.751466751098633,164.17919921875,38.55024719238281,51.971923828125,10.963545799255371,151.5850372314453,7.976125717163086,137.36749267578125,9.069499969482422,141.08331298828125,2.949174404144287,128.91529846191406,1.720910668373108,0.0,0.0,0.0,0.00680245291283399,0.8545181778361804,0.13867936925098553,0.0,0.0,0.0,0.0,0.01064388961892247,0.7087231712658782,0.2806329391151993,0.0,0.0,0.0,0.0,0.0,0.0025361366622864653,0.45904949627682873,0.5384143670608847,0.0,0.0,0.0,0.05260183968462549,0.0,0.0,0.0,0.0,0.0,1.7520805957074027e-05,0.9473806395094174,0.01719448094612352,0.8335260621988612,0.14880858519491896,0.00047087166009636444,0.0,0.0,0.0,0.0,0.0,0.0,0.0,0.00680245291283399,0.8545181778361804,0.13867936925098553,0.0,0.0,0.0,0.0,1.9710906701708278e-05,0.14222733245729305,0.8572689443714411,0.00048401226456416997,0.0,0.0,0.0,0.0,0.0,0.0,1.0,0.0,0.0,0.0,0.0,0.0,0.0,0.20617389399912395,0.793826106000876,0.0,0.0,0.0
tip_middle_root_1_3_1,8,舌左邊,157967,147.97317504882812,8.679826736450195,112.47174072265625,13.988710403442383,116.50669860839844,12.440054893493652,112.52188110351562,82.21756744384766,63.44765090942383,15.551666259765625,147.97317504882812,8.679826736450195,130.10325622558594,11.9923677444458,142.70968627929688,4.540374279022217,131.2391815185547,2.373784065246582,0.0,0.0,0.0,0.018168351617742946,0.9146910430659568,0.06714060531630024,0.0,0.0,0.0,0.0,0.1374527591205758,0.708192217361854,0.15435502351757013,0.0,0.0,0.0,0.0,0.0,0.05168168035095938,0.7497325390746169,0.19858578057442378,0.0,0.0,0.0,0.359594092437028,0.0,0.0,0.0,0.0,0.0,0.0,0.640405907562972,0.0005190957605069413,0.54476567890762,0.43726221299385315,0.017453012338019967,0.0,0.0,0.0,0.0,0.0,0.0,0.0,0.018168351617742946,0.9146910430659568,0.06714060531630024,0.0,0.0,0.0,0.0,0.00015826090259357968,0.40668620661277355,0.5922122975051751,0.0009432349794577348,0.0,0.0,0.0,0.0,0.0,0.0,1.0,0.0,0.0,0.0,0.0,0.0,0.0,0.04683889673159584,0.9531611032684042,0.0,0.0,0.0
tip_middle_root_1_3_1,8,舌右邊,206343,141.9415283203125,11.2247314453125,110.17205047607422,16.4080810546875,120.05480194091797,16.728336334228516,168.2309112548828,18.925683975219727,58.16128921508789,18.596181869506836,141.9415283203125,11.2247314453125,127.15970611572266,14.946643829345703,142.29356384277344,3.823153018951416,127.51005554199219,2.2661283016204834,0.0,0.0,0.00015992788706183393,0.10653620428122107,0.8883557959320161,0.004948071899700983,0.0,0.0,0.0,0.018348090315639495,0.1424763621736623,0.7644795316536059,0.07469601585709232,0.0,0.0,0.0,0.0,0.0021469107263149224,0.10586256863571819,0.48170279583024384,0.4102877248077231,0.0,0.0,0.0,0.012697304972788028,0.0,0.0,0.0,0.0,0.0,0.00015992788706183393,0.9871427671401501,0.015682625531275595,0.6866721914482197,0.23541384975501956,0.06020073372976064,0.0020305995357244974,0.0,0.0,0.0,0.0,0.0,0.00015992788706183393,0.10653620428122107,0.8883557959320161,0.004948071899700983,0.0,0.0,0.0,0.0,0.051991102193919836,0.33141904498819924,0.6165898528178809,0.0,0.0,0.0,0.0,0.0,0.0,0.0,1.0,0.0,0.0,0.0,0.0,0.0,0.0,0.6064029310420028,0.3935970689579971,0.0,0.0,0.0
tip_middle_root_1_3_1,8,舌根,231745,98.5792465209961,23.446470260620117,72.42631530761719,22.251192092895508,74.76885223388672,22.47752571105957,124.42118072509766,77.94499969482422,73.44803619384766,18.906017303466797,98.5792465209961,23.446470260620117,85.26917266845703,24.49271011352539,139.6181182861328,2.634185791015625,131.0458526611328,2.583193063735962,0.0006860989449610563,0.09410343265226866,0.32304904097175774,0.4887268333728883,0.09343459405812424,0.0,0.0,0.0,0.029036225161276404,0.32655720727523785,0.47246326781591835,0.17194329974756736,0.0,0.0,0.0,0.0,0.023279898163930182,0.3001014045610477,0.45843060260199786,0.21809747783123692,9.061684178730933e-05,0.0,0.0,0.0,0.2929599344106669,0.0,0.0,0.0,0.0,0.0,0.0002589052622494552,0.7067811603270836,0.0010011003473645603,0.31461304451012967,0.5631405208310859,0.11415564521348896,0.005756326997346221,0.0012341150833890698,9.92470171956245e-05,0.0,0.0006860989449610563,0.09410343265226866,0.32304904097175774,0.4887268333728883,0.09343459405812424,0.0,0.0,0.0,0.009812509439254352,0.21053744417355283,0.3729573453580444,0.40064726315562366,0.006045437873524779,0.0,0.0,0.0,0.0,0.0,0.0,0.0,1.0,0.0,0.0,0.0,0.0,0.0,0.0,0.05650175839823945,0.9434982416017605,0.0,0.0,0.0
tip_middle_root_1_3_1,85,舌尖,157723,150.93199157714844,14.575369834899902,83.8314437866211,14.168451309204102,97.39738464355469,14.475349426269531,171.96237182617188,17.379390716552734,113.81964874267578,16.298139572143555,150.93199157714844,14.575369834899902,112.060791015625,13.373541831970215,157.41944885253906,4.370438575744629,132.63677978515625,2.674360752105713,0.0,0.0,0.0,0.0820742694470686,0.6147423013764638,0.3002479029691294,0.0029355262073381813,0.0,0.0,0.051007145438521966,0.7441337027573658,0.19864572700240293,0.006156362737203832,5.706206450549381e-05,0.0,0.0,0.0,0.0028594434546641897,0.47785040862778416,0.49561573137716125,0.02275508327891303,0.0009193332614774002,0.0,0.0,0.01051210032778986,0.0,0.0,0.0,0.0,0.0,0.0001648459641269821,0.9893230537080832,0.0,0.0026945974905372076,0.1272357233884722,0.6624905689087831,0.20681194245607806,0.0007671677561294168,0.0,0.0,0.0,0.0,0.0,0.0820742694470686,0.6147423013764638,0.3002479029691294,0.0029355262073381813,0.0,0.0,0.0,0.10889977999404019,0.7688986387527501,0.11950698376267253,0.0026945974905372076,0.0,0.0,0.0,0.0,0.0,0.0,0.6850998269117377,0.31490017308826235,0.0,0.0,0.0,0.0,0.0,0.02664164389467611,0.9733583561053238,0.0,0.0,0.0
tip_middle_root_1_3_1,85,舌中,483575,152.5982666015625,9.046010971069336,98.16101837158203,12.512892723083496,110.072265625,11.61781120300293,173.48818969726562,3.0438427925109863,91.46633911132812,13.705347061157227,152.5982666015625,9.046010971069336,121.92332458496094,11.00260066986084,151.75975036621094,3.281420946121216,130.5032958984375,1.5814807415008545,0.0,0.0,0.0,0.006853125161557152,0.787600682417412,0.2050023264229954,0.0005438659980354651,0.0,0.0,0.004832756035775216,0.3936783332471695,0.5917882438091299,0.009655172413793104,4.5494494132244225e-05,0.0,0.0,0.0,0.00012200796153647314,0.09742439125264954,0.8429281910768753,0.05900635888952076,0.0005190508194178773,0.0,0.0,0.00022126867600682416,0.0,0.0,0.0,0.0,0.0,0.0,0.9997787313239932,0.0,0.007794034017474021,0.6394251150286926,0.3424453290596081,0.010314842578710645,2.0679315514656465e-05,0.0,0.0,0.0,0.0,0.0,0.006853125161557152,0.787600682417412,0.2050023264229954,0.0005438659980354651,0.0,0.0,0.0,0.012788088714263558,0.6885364214444502,0.29688259318616556,0.0017928966551207155,0.0,0.0,0.0,0.0,0.0,0.0,0.9857395440210929,0.014260455978907098,0.0,0.0,0.0,0.0,0.0,0.0210143204259939,0.9789856795740061,0.0,0.0,0.0
tip_middle_root_1_3_1,85,舌左邊,157126,142.60964965820312,12.926482200622559,92.05168151855469,14.027971267700195,101.04373931884766,14.408862113952637,174.62643432617188,4.653687953948975,91.22637939453125,14.53789234161377,142.60964965820312,12.926482200622559,114.2490463256836,13.730905532836914,150.00753784179688,3.1286561489105225,131.51107788085938,1.705871343612671,0.0013746929216043177,0.0023038835075035323,0.0041877219556279675,0.06627165459567481,0.8708679658363352,0.054994081183254204,0.0,0.0,0.004862339778267123,0.015993533851813194,0.5687982892710309,0.4085765563942314,0.0017692807046574086,0.0,0.0,0.0,0.0036722121100263485,0.00861728803635299,0.3103878416048267,0.6587197535735652,0.018602904675228796,0.0,0.0,0.0,0.000623703269987144,0.0,0.0,0.0,0.0,0.0,0.0,0.9993762967300128,0.0,0.010882985629367514,0.6530300523147029,0.31885875030230515,0.015694410854982625,0.0015338008986418544,0.0,0.0,0.0013746929216043177,0.0023038835075035323,0.0041877219556279675,0.06627165459567481,0.8708679658363352,0.054994081183254204,0.0,0.0,0.0029975942873871923,0.004709596120311088,0.04645316497587923,0.7994157555083181,0.14641116046994132,1.272863816300294e-05,0.0,0.0,0.0,0.0,0.0,0.0,0.9952140320507109,0.004785967949289105,0.0,0.0,0.0,0.0,0.0,0.0030294158827947,0.9969705841172053,0.0,0.0,0.0
tip_middle_root_1_3_1,85,舌右邊,112433,138.97413635253906,11.297407150268555,85.45035552978516,15.121261596679688,92.31912231445312,14.650485038757324,173.46507263183594,21.584835052490234,99.24899291992188,16.60477066040039,138.97413635253906,11.297407150268555,108.4296875,13.773231506347656,151.15188598632812,3.2719674110412598,133.5392608642578,1.7908849716186523,0.0,0.0,0.0002045662750260155,0.14121298906904556,0.8112120107085998,0.04724591534513888,0.00012451860218974856,0.0,8.894185870696326e-06,0.05485933845045494,0.6999902163955423,0.23596275114957352,0.009036492844627467,0.00014230697393114122,0.0,0.0,0.0,0.008458370763032207,0.6175055366307045,0.35599868366049114,0.01777058336965126,0.00026682557612088976,0.0,0.0,0.015217952024761413,0.0,0.0,0.0,0.0,0.0,0.0,0.9847820479752386,0.0,0.014968914820381917,0.42156662189926447,0.5158360979427749,0.047601682779966736,2.6682557612088976e-05,0.0,0.0,0.0,0.0,0.0002045662750260155,0.14121298906904556,0.8112120107085998,0.04724591534513888,0.00012451860218974856,0.0,0.0,0.00032908487721576405,0.16769098040610853,0.7393647772451148,0.0917346330703619,0.0008805244011989362,0.0,0.0,0.0,0.0,0.0,0.0,0.9960598756592816,0.003940124340718472,0.0,0.0,0.0,0.0,0.0,0.0001689895315432302,0.9998310104684568,0.0,0.0,0.0
tip_middle_root_1_3_1,85,舌根,255498,108.22457122802734,30.674495697021484,67.99812316894531,24.64499282836914,72.1937255859375,25.167985916137695,173.29119873046875,25.006818771362305,98.82655334472656,19.168928146362305,108.224609375,30.67439079284668,84.95330047607422,28.732118606567383,145.95664978027344,3.656923532485962,132.7842559814453,1.4472060203552246,0.00790612842370586,0.1105253270084306,0.17130858167187218,0.39794049268487425,0.31152102951882205,0.0007984406922950473,0.0,0.0,0.11268189966261967,0.2715441999545985,0.4831153277129371,0.13254115492097784,0.00011741774886691873,0.0,0.0,0.0,0.09277176337975249,0.22961823575918403,0.49497060642353363,0.18190749046959273,0.0007319039679371267,0.0,0.0,0.0,0.020356323728561478,0.0,0.0,0.0,0.0,0.0,0.0007319039679371267,0.9789117723035013,0.0,0.021358288518892515,0.4629781837822605,0.43005816092493876,0.08416895631276958,0.0014364104611386392,0.0,0.0,0.00790612842370586,0.1105253270084306,0.17130858167187218,0.39794049268487425,0.31152102951882205,0.0007984406922950473,0.0,0.0,0.05832139586219853,0.1720404856398093,0.34094983130983414,0.400312331211986,0.028375955976172026,0.0,0.0,0.0,0.0,0.0,0.0,0.0,0.99996477467534,3.522532466007562e-05,0.0,0.0,0.0,0.0,0.0,0.002814112047843819,0.9971858879521562,0.0,0.0,0.0
tip_middle_root_1_3_1,87,舌尖,71647,146.5422821044922,10.346858024597168,81.16126251220703,13.0755033493042,89.1859130859375,12.045673370361328,172.7732391357422,24.035446166992188,114.7319107055664,14.739171981811523,146.5422821044922,10.346858024597168,108.3928451538086,11.626832962036133,156.1715087890625,3.5808615684509277,135.52334594726562,1.9686387777328491,0.0,0.0,0.0,0.0579926584504585,0.8675310899270032,0.07447625162253828,0.0,0.0,0.0,0.08469300877915335,0.7775761720658227,0.13692129468086592,0.0008095244741580247,0.0,0.0,0.0,0.0,0.005373567630186889,0.7014389995394085,0.29024243862269183,0.0029449942077128142,0.0,0.0,0.0,0.02009853866875096,0.0,0.0,0.0,0.0,0.0,0.0,0.979901461331249,0.0,4.187195555989783e-05,0.08766591762390609,0.710650829762586,0.19943612433179336,0.002205256326154619,0.0,0.0,0.0,0.0,0.0,0.0579926584504585,0.8675310899270032,0.07447625162253828,0.0,0.0,0.0,0.0,0.15015283263779364,0.8009686379052856,0.04886457213840077,1.3957318519965944e-05,0.0,0.0,0.0,0.0,0.0,0.0,0.8321492874788896,0.16785071252111045,0.0,0.0,0.0,0.0,0.0,0.0,1.0,0.0,0.0,0.0
tip_middle_root_1_3_1,87,舌中,246168,152.5137939453125,11.416306495666504,106.50627136230469,13.03293228149414,102.07628631591797,16.24822998046875,81.51469421386719,84.22502899169922,89.86071014404297,16.708894729614258,152.5137939453125,11.416306495666504,126.68751525878906,11.750831604003906,145.79461669921875,5.544053554534912,137.95021057128906,5.249787330627441,0.0,0.0,0.0,0.03121039290240811,0.6750105618926912,0.293762796139222,1.6249065678723473e-05,0.0,0.0,0.00029654544863670336,0.20828458613629716,0.7516817782977478,0.039737090117318255,0.0,0.0,0.0,0.0,0.023268662051932013,0.27631536186669264,0.6693558870364954,0.031051964512040557,8.124532839361737e-06,0.0,0.0,0.5606740112443535,0.0,0.0,0.0,0.0,0.0,0.0,0.43932598875564655,0.0,0.029650482597250657,0.639372298592831,0.30397127165188004,0.026888141431867667,0.00011780572617074519,0.0,0.0,0.0,0.0,0.0,0.03121039290240811,0.6750105618926912,0.293762796139222,1.6249065678723473e-05,0.0,0.0,0.0,0.005955282571252153,0.48761008741997336,0.5061908940235936,0.0002437359851808521,0.0,0.0,0.0,0.0,0.0,0.0,0.9967461245978356,0.0032538754021643754,0.0,0.0,0.0,0.0,0.0,2.031133209840434e-05,0.9999796886679015,0.0,0.0,0.0
tip_middle_root_1_3_1,87,舌左邊,91948,136.64666748046875,9.951848030090332,80.44918060302734,17.117202758789062,82.9369125366211,15.88892650604248,112.40196990966797,84.57907104492188,108.0058822631836,21.194866180419922,136.64666748046875,9.951848030090332,104.16289520263672,14.38487434387207,151.87515258789062,5.231301784515381,136.91835021972656,2.812784433364868,0.0,0.0,0.0003153956584156262,0.16590899203897855,0.8226280071344673,0.011147605168138513,0.0,0.0,0.0,0.15984034454256754,0.6313242267368513,0.20600774350719972,0.0028276852133814765,0.0,0.0,0.0,0.0,0.09590203158306869,0.6635163353199635,0.23942880758689694,0.0011528255100709097,0.0,0.0,0.0,0.3693283160046983,0.0,0.0,0.0,0.0,0.0,0.0,0.6306716839953017,0.0,0.005916387523382782,0.3005938138948101,0.49278940270587723,0.19801409492321748,0.002686300952712403,0.0,0.0,0.0,0.0,0.0003153956584156262,0.16590899203897855,0.8226280071344673,0.011147605168138513,0.0,0.0,0.0,0.0007286727280636882,0.3047374603036499,0.620666028624875,0.0738678383434115,0.0,0.0,0.0,0.0,0.0,0.0,0.0,0.9322878148518728,0.0677121851481272,0.0,0.0,0.0,0.0,0.0,0.0,1.0,0.0,0.0,0.0
tip_middle_root_1_3_1,87,舌右邊,107953,138.30352783203125,10.65855884552002,84.45022583007812,17.954288482666016,88.81462097167969,17.22899055480957,137.46844482421875,72.67862701416016,101.9163818359375,22.05870246887207,138.30352783203125,10.65855884552002,107.48959350585938,15.38325309753418,151.01231384277344,5.048219680786133,135.19512939453125,2.889061212539673,0.0,0.0,0.0,0.1612090446768501,0.8261650903633989,0.012625864959751003,0.0,0.0,1.852658101210712e-05,0.12562874584309838,0.5952775745000138,0.2736283382583161,0.0054468148175594935,0.0,0.0,0.0,0.0,0.07547729104332442,0.5560290126258649,0.3623521347252971,0.00614156160551351,0.0,0.0,0.0,0.22391225811232665,0.0,0.0,0.0,0.0,0.0,0.0,0.7760877418876734,0.0,0.03272720535788723,0.3526627328559651,0.49937472789084136,0.11067779496632794,0.004557538928978352,0.0,0.0,0.0,0.0,0.0,0.1612090446768501,0.8261650903633989,0.012625864959751003,0.0,0.0,0.0,0.00010189619556658917,0.2320639537576538,0.6567395070076792,0.11109464303910035,0.0,0.0,0.0,0.0,0.0,0.0,0.0,0.973544042314711,0.026455957685288967,0.0,0.0,0.0,0.0,0.0,0.0015284429334988376,0.9984715570665011,0.0,0.0,0.0
tip_middle_root_1_3_1,87,舌根,110305,123.70121765136719,17.7535343170166,90.17550659179688,19.317977905273438,70.10425567626953,19.10406494140625,13.900358200073242,21.765907287597656,113.01052856445312,24.194488525390625,123.70121765136719,17.7535343170166,105.20018005371094,19.503053665161133,139.0923309326172,3.889533281326294,145.0348663330078,4.8607330322265625,0.002348034993880604,0.01076107157427134,0.022501246543674358,0.5262227460223925,0.4376954807125697,0.0004714201532115498,0.0,0.0,0.0127192783645347,0.06344227369566202,0.5019264765876433,0.419418884003445,0.002493087348714927,0.0,0.0,0.0,0.022066089479171387,0.34449027695934004,0.5424051493585966,0.09103848420289198,0.0,0.0,0.0,0.0,0.9834187026880015,0.0,0.0,0.0,0.0,0.0,0.0,0.01658129731199855,0.0,0.0008340510402973573,0.25303476723629936,0.4944472145414986,0.20740673586872763,0.042654458093468114,0.0011150899777888582,0.0005076832419201305,0.002348034993880604,0.01076107157427134,0.022501246543674358,0.5262227460223925,0.4376954807125697,0.0004714201532115498,0.0,0.0,0.011622319931100132,0.01345360591088346,0.25530121028058567,0.6059018176873215,0.11372104619010924,0.0,0.0,0.0,0.0,0.0,0.0,0.0,1.0,0.0,0.0,0.0,0.0,0.0,0.0,0.0,1.0,0.0,0.0,0.0
tip_middle_root_1_3_1,9,舌尖,129485,158.3123779296875,6.847023010253906,105.7084732055664,12.783662796020508,119.6669692993164,13.376166343688965,171.85366821289062,2.181168794631958,85.16313171386719,14.890437126159668,158.3123779296875,6.847023010253906,129.1192626953125,10.665470123291016,151.1381072998047,3.3610241413116455,128.99049377441406,2.2661099433898926,0.0,0.0,0.0,7.722902266671815e-06,0.5684210526315789,0.4314476580298876,0.00012356643626674905,0.0,0.0,0.0,0.22103718577441403,0.733876510792756,0.045032243116963355,5.406031586670271e-05,0.0,0.0,0.0,0.0,0.03188014055682125,0.6833610070664555,0.2831679345097888,0.001590917866934394,0.0,0.0,0.0,0.0,0.0,0.0,0.0,0.0,0.0,1.0,0.0,0.06980731358844654,0.6738309456693825,0.2545545816117697,0.0018071591304012048,0.0,0.0,0.0,0.0,0.0,0.0,7.722902266671815e-06,0.5684210526315789,0.4314476580298876,0.00012356643626674905,0.0,0.0,0.0,7.722902266671815e-05,0.45080897401243386,0.5462486002239642,0.0028651967409352433,0.0,0.0,0.0,0.0,0.0,0.0,0.9932579063211955,0.006742093678804495,0.0,0.0,0.0,0.0,0.0,0.2522840483453682,0.7477159516546318,0.0,0.0,0.0
tip_middle_root_1_3_1,9,舌中,366448,157.53794860839844,8.989645957946777,120.56551361083984,11.8368558883667,135.3987579345703,12.382855415344238,167.9140625,3.244649648666382,60.1482048034668,11.211050033569336,157.53810119628906,8.990017890930176,139.36300659179688,10.668204307556152,144.8562469482422,3.004241704940796,125.61832427978516,2.001739740371704,0.0,0.0,0.0,0.003473889883421386,0.5582674758765227,0.43741267519538923,0.0008459590446666375,0.0,0.0,0.0,0.01823451076278217,0.7197965332052569,0.2585823909531502,0.0033538182770816052,3.274680172903113e-05,0.0,0.0,0.0,0.0028380561498493645,0.2340413919573855,0.7417805527660132,0.021083482513207876,0.0002565166135440772,0.0,3.0017901584945204e-05,0.0,0.0,0.0,0.0,0.0,0.0024341789285246473,0.9975358031698904,0.003954176308780509,0.6186362048639916,0.37491813299567744,0.002491485831550452,0.0,0.0,0.0,0.0,0.0,0.0,0.0,0.003473889883421386,0.5582674758765227,0.43740994629524516,0.0008486879448107235,0.0,0.0,0.0,0.00019102301008601494,0.11834148364843033,0.8540147578919792,0.027253525738986158,0.0001992097105182727,0.0,0.0,0.0,0.0,0.0,1.0,0.0,0.0,0.0,0.0,0.0,0.0,0.8251948434702877,0.17480515652971226,0.0,0.0,0.0
tip_middle_root_1_3_1,9,舌左邊,159598,147.27647399902344,12.297147750854492,104.15717315673828,14.185248374938965,117.64962005615234,15.958307266235352,170.4346160888672,2.51570725440979,75.16490936279297,13.542031288146973,147.27647399902344,12.297147750854492,124.60591888427734,13.464234352111816,147.43946838378906,3.026651620864868,127.4804916381836,2.0036728382110596,0.0,0.0,0.00017544079499743105,0.05093422223336132,0.7785373250291358,0.17005225629393853,0.0003007556485670247,0.0,0.0,0.0009899873431997894,0.30979084950939234,0.6298324540407775,0.059054624744670985,0.00033208436195942306,0.0,0.0,0.0,8.145465482023585e-05,0.058246343939147106,0.6541059411772078,0.2837817516510232,0.003759445607087808,2.506297071391872e-05,0.0,0.0,0.0,0.0,0.0,0.0,0.0,0.00015037782428351234,0.9998496221757165,3.7594456070878084e-05,0.21084224113084124,0.7202345894058823,0.06887304352184864,1.253148535695936e-05,0.0,0.0,0.0,0.0,0.0,0.00017544079499743105,0.05093422223336132,0.7785373250291358,0.17005225629393853,0.0003007556485670247,0.0,0.0,0.0,0.005144174739031817,0.5911978846852718,0.39888344465469494,0.004755698692966077,1.8797228035439042e-05,0.0,0.0,0.0,0.0,0.0,1.0,0.0,0.0,0.0,0.0,0.0,0.0,0.5098622789759271,0.490137721024073,0.0,0.0,0.0
tip_middle_root_1_3_1,9,舌右邊,152702,141.19735717773438,12.19807243347168,97.25525665283203,13.65916919708252,107.19779205322266,15.028091430664062,171.1839599609375,17.582094192504883,80.11986541748047,16.88715934753418,141.19735717773438,12.19807243347168,117.5604248046875,13.2189302444458,147.38966369628906,3.38439679145813,129.62782287597656,2.119432210922241,0.0,0.0038178936752629304,0.0032481565401893883,0.07323414231640712,0.8797003313643568,0.0399274403740619,7.203572972194209e-05,0.0,0.005441971945357625,0.004898429621092062,0.4480098492488638,0.5313355424290448,0.01024871972862176,6.548702701994735e-05,0.0,0.0,0.00481329648596613,0.004643030215714267,0.14955272360545377,0.7672656546738091,0.07341750599206297,0.0002815942161857736,2.619481080797894e-05,0.0,0.010661287998847429,0.0,0.0,0.0,0.0,0.0,0.0,0.9893387120011525,0.0,0.16987989679244542,0.7020012835457295,0.12018179198700737,0.003064792864533536,0.00197770821600241,0.0023116920538041414,0.0005828345404775314,0.0,0.0038178936752629304,0.0032481565401893883,0.07323414231640712,0.8797003313643568,0.0399274403740619,7.203572972194209e-05,0.0,0.0034708124320572097,0.0032743513509973675,0.02331993032180325,0.7825241319694568,0.1868410367906118,0.0005500910269675577,1.9646108105984205e-05,0.0,0.0,0.0,0.0,0.0,0.9993713245406085,0.0006286754593914946,0.0,0.0,0.0,0.0,0.0,0.13141936582363034,0.8685806341763697,0.0,0.0,0.0
tip_middle_root_1_3_1,9,舌根,171328,105.79437255859375,27.051206588745117,74.31236267089844,25.052762985229492,81.7978286743164,26.543996810913086,172.6473388671875,6.564979076385498,79.91297912597656,20.095067977905273,105.79437255859375,27.051206588745117,89.18852996826172,27.597261428833008,142.6725311279297,2.5396811962127686,128.9978790283203,1.6539497375488281,0.0,0.08242085356742622,0.2511556779977587,0.4395370283899888,0.22215866641763168,0.004721936869630183,5.836757564437804e-06,0.0,0.04880112999626447,0.28685328726186027,0.44429982256257006,0.21262724131490474,0.007325130743369443,9.338812103100486e-05,0.0,0.0,0.028926970489353755,0.23084959843107958,0.41004389241688455,0.3021981228987673,0.027812149794546135,0.0001692659693686963,0.0,0.0,0.0012373926036608144,0.0,0.0,0.0,0.0,0.0,4.0857302951064624e-05,0.9987217500933881,0.00036187896899514383,0.22367038662682107,0.5543635599551737,0.20572819387373925,0.01587014381770639,5.836757564437804e-06,0.0,0.0,0.0,0.08242085356742622,0.2511556779977587,0.4395370283899888,0.22215866641763168,0.004721936869630183,5.836757564437804e-06,0.0,0.01719508778483377,0.18355435188644004,0.3534915483750467,0.37292795106462456,0.07251587598057527,0.0003151849084796414,0.0,0.0,0.0,0.0,0.0,0.0,1.0,0.0,0.0,0.0,0.0,0.0,0.0,0.19765595816212178,0.8023440418378782,0.0,0.0,0.0
tip_middle_root_1_3_1,96,舌尖,72528,152.11148071289062,12.966621398925781,88.76419067382812,14.97300910949707,96.92786407470703,15.152058601379395,172.38388061523438,24.758041381835938,107.1621322631836,15.15071964263916,152.11148071289062,12.966621398925781,115.21809387207031,13.86131763458252,155.10328674316406,3.1557247638702393,134.73605346679688,2.2935280799865723,0.0,0.0,0.0,0.04825722479594088,0.6994953673064196,0.24673229649238915,0.00550132362673726,1.3787778513125965e-05,0.0,0.03582064857710126,0.6798202073681888,0.2676759320538275,0.015980035296712995,0.0007031767041694242,0.0,0.0,0.0,0.01544231193470108,0.4584160600044121,0.49636002647253474,0.028168431502316345,0.0015993823075226119,1.3787778513125965e-05,0.0,0.020598941098610192,0.0,0.0,0.0,0.0,0.0,0.0,0.9794010589013898,0.0,0.004384513567174057,0.19374586366644606,0.7193773439223472,0.08125137877785131,0.001240900066181337,0.0,0.0,0.0,0.0,0.0,0.04825722479594088,0.6994953673064196,0.24673229649238915,0.00550132362673726,1.3787778513125965e-05,0.0,0.0,0.07186190161041253,0.7662971542025149,0.1553744760644165,0.006411317008603574,5.515111405250386e-05,0.0,0.0,0.0,0.0,0.0,0.9274349216854181,0.07256507831458195,0.0,0.0,0.0,0.0,0.0,0.0,1.0,0.0,0.0,0.0
tip_middle_root_1_3_1,96,舌中,277730,160.70230102539062,10.43212890625,109.05406188964844,14.138389587402344,110.42758178710938,14.23975658416748,106.13755798339844,85.66451263427734,85.59078216552734,13.682913780212402,160.70230102539062,10.43212890625,131.2266387939453,12.419819831848145,148.78530883789062,4.017444133758545,135.67491149902344,2.530379056930542,0.0,0.0,0.0,0.0009757678320671155,0.467072336441868,0.5274727253087531,0.00439275555395528,8.641486335649731e-05,0.0,0.0019155294710690239,0.16150937961329348,0.7331797069095884,0.10269686386058402,0.0006949195261584993,3.6006193065207214e-06,0.0,0.0,0.0023620062650775934,0.1320743167824866,0.7453101933532568,0.11883123897310337,0.0013646347171713535,5.760990890433154e-05,0.0,0.4069239909264393,0.0,0.0,0.0,0.0,0.0,0.0,0.5930760090735606,0.0,0.043617902279192024,0.735091635761351,0.2151910128542109,0.005984229287437439,0.00011521981780866308,0.0,0.0,0.0,0.0,0.0,0.0009757678320671155,0.467072336441868,0.5274727253087531,0.00439275555395528,8.641486335649731e-05,0.0,0.0,0.0026140496165340437,0.39311561588593236,0.5901667086738919,0.013916393619702589,0.00018723220393907752,0.0,0.0,0.0,0.0,0.0,0.9953660029525079,0.004633997047492169,0.0,0.0,0.0,0.0,0.0,0.0,1.0,0.0,0.0,0.0
tip_middle_root_1_3_1,96,舌左邊,112388,139.71844482421875,21.31138801574707,89.4443588256836,21.424150466918945,91.95121002197266,22.11716079711914,115.03467559814453,84.27999877929688,94.93955993652344,19.395524978637695,139.71844482421875,21.31138801574707,110.97114562988281,21.668506622314453,149.1125030517578,3.7826271057128906,135.3321990966797,2.1453208923339844,0.0,0.005027227106096736,0.035413033419938074,0.21569028721927608,0.5874470584048119,0.15407338861800193,0.002331209737694416,1.7795494180873403e-05,0.005632273908246432,0.11015410897960637,0.46704274477702246,0.39004164145638326,0.026737730006762286,0.0003915008719792149,0.0,0.0,0.004048474926148699,0.11091931522938392,0.4037619674698366,0.4448161725451116,0.035537601879204184,0.0009164679503149803,0.0,0.0,0.3534985941559597,0.0,0.0,0.0,0.0,0.0,0.0,0.6465014058440403,0.0,0.022947289746236253,0.5564562052888209,0.3493789372530875,0.06907321066306012,0.002144357048795245,0.0,0.0,0.0,0.005027227106096736,0.035413033419938074,0.21569028721927608,0.5874470584048119,0.15407338861800193,0.002331209737694416,1.7795494180873403e-05,0.00040039861906965155,0.031764957112859024,0.19077659536605332,0.5549969747659893,0.21730967718973557,0.004706908210841015,4.4488735452183506e-05,0.0,0.0,0.0,0.0,0.0,0.9908442182439406,0.009155781756059366,0.0,0.0,0.0,0.0,0.0,0.0,1.0,0.0,0.0,0.0
tip_middle_root_1_3_1,96,舌右邊,89275,137.70034790039062,20.549041748046875,80.90853118896484,23.359724044799805,81.0179672241211,22.99089241027832,68.93260955810547,86.27616882324219,109.41407012939453,26.642799377441406,137.70034790039062,20.549041748046875,104.60176849365234,22.24625015258789,151.80821228027344,5.846236705780029,138.51927185058594,3.4734914302825928,0.0,0.01302716325959115,0.04401008120974517,0.11379445533464015,0.7506132735928311,0.0782525903108373,0.00030243629235508264,0.0,0.018157378885466258,0.2448165779893587,0.43243909269112296,0.2895659479137497,0.014908989078689443,0.00011201344161299356,0.0,0.0,0.01722766732007841,0.24469336320358442,0.4376141136936432,0.2873368804256511,0.013004760571268552,0.00012321478577429293,0.0,0.0,0.616914029683562,0.0,0.0,0.0,0.0,0.0,0.0,0.383085970316438,0.0,0.010092411089330719,0.37717166059927193,0.31360403248389807,0.27407448893867264,0.02505740688882666,0.0,0.0,0.0,0.01302716325959115,0.04401008120974517,0.11379445533464015,0.7506132735928311,0.0782525903108373,0.00030243629235508264,0.0,0.006619994399327919,0.042296275553066365,0.2841444973396808,0.5223746849621954,0.14355642677121255,0.0010081209745169421,0.0,0.0,0.0,0.0,0.0,0.0,0.8613609633155979,0.13863903668440214,0.0,0.0,0.0,0.0,0.0,0.0,1.0,0.0,0.0,0.0
tip_middle_root_1_3_1,96,舌根,140577,92.97152709960938,37.18695831298828,57.22163772583008,29.97831153869629,52.032691955566406,27.18024253845215,14.76144790649414,42.719478607177734,121.2000503540039,23.816701889038086,92.97152709960938,37.18695831298828,70.66722106933594,35.448768615722656,143.11854553222656,3.161871910095215,137.6548614501953,3.323422908782959,0.05135975301791901,0.20631397739317242,0.21563982728326825,0.3132660392525093,0.21223955554607082,0.0011808475070601877,0.0,0.0,0.2593098444268977,0.28730873471478263,0.3430859955753786,0.10985438585259324,0.0004410394303477809,0.0,0.0,0.0,0.28314731428327533,0.3346066568499826,0.3350050150451354,0.04721967320400919,2.134061759747327e-05,0.0,0.0,0.0,0.9365756845003095,0.0,0.0,0.0,0.0,0.0,0.0,0.06342431549969056,0.0,0.00021340617597473272,0.1471435583345782,0.46033134865589675,0.3322093941398664,0.06002404376249315,7.824893119073532e-05,0.0,0.05135975301791901,0.20631397739317242,0.21563982728326825,0.3132660392525093,0.21223955554607082,0.0011808475070601877,0.0,0.0,0.2028141161071868,0.21085952894143423,0.2744972506170995,0.29147015514628993,0.0203589491879895,0.0,0.0,0.0,0.0,0.0,0.0,0.0,1.0,0.0,0.0,0.0,0.0,0.0,0.0,0.0,1.0,0.0,0.0,0.0
