segmentation_method,model,color,fold,image_id,region,true,pred,probability
tip_middle_root_1_2_2,CNN,淡紅,1,24,舌中,0,1,0.6088293790817261
tip_middle_root_1_2_2,CNN,淡紅,1,24,舌右邊,0,1,0.6306585073471069
tip_middle_root_1_2_2,CNN,淡紅,1,24,舌尖,0,1,0.8622150421142578
tip_middle_root_1_2_2,CNN,淡紅,1,24,舌左邊,0,1,0.508314311504364
tip_middle_root_1_2_2,CNN,淡紅,1,24,舌根,0,1,0.6325342655181885
tip_middle_root_1_2_2,CNN,淡紅,1,27,舌中,1,0,0.37965327501296997
tip_middle_root_1_2_2,CNN,淡紅,1,27,舌右邊,1,0,0.25669512152671814
tip_middle_root_1_2_2,CNN,淡紅,1,27,舌尖,1,0,0.3653336465358734
tip_middle_root_1_2_2,CNN,淡紅,1,27,舌根,1,1,0.8582417964935303
tip_middle_root_1_2_2,CNN,淡紅,1,30,舌右邊,0,0,0.31505322456359863
tip_middle_root_1_2_2,CNN,淡紅,1,30,舌左邊,0,1,0.5469600558280945
tip_middle_root_1_2_2,CNN,淡紅,1,37,舌中,1,0,0.47468259930610657
tip_middle_root_1_2_2,CNN,淡紅,1,37,舌右邊,1,0,0.289126455783844
tip_middle_root_1_2_2,CNN,淡紅,1,37,舌尖,1,0,0.4129985272884369
tip_middle_root_1_2_2,CNN,淡紅,1,37,舌左邊,1,1,0.7469289302825928
tip_middle_root_1_2_2,CNN,淡紅,1,37,舌根,1,1,0.5776848793029785
tip_middle_root_1_2_2,CNN,淡紅,1,44,舌根,0,1,0.5729379653930664
tip_middle_root_1_2_2,CNN,淡紅,1,46,舌中,1,0,0.38960927724838257
tip_middle_root_1_2_2,CNN,淡紅,1,46,舌右邊,1,0,0.1778680980205536
tip_middle_root_1_2_2,CNN,淡紅,1,46,舌左邊,1,0,0.1315821260213852
tip_middle_root_1_2_2,CNN,淡紅,1,46,舌根,1,1,0.5196213722229004
tip_middle_root_1_2_2,CNN,淡紅,1,50,舌中,0,0,0.47847673296928406
tip_middle_root_1_2_2,CNN,淡紅,1,50,舌右邊,0,1,0.710072934627533
tip_middle_root_1_2_2,CNN,淡紅,1,50,舌尖,0,0,0.12158776074647903
tip_middle_root_1_2_2,CNN,淡紅,1,50,舌左邊,0,0,0.4291168451309204
tip_middle_root_1_2_2,CNN,淡紅,1,50,舌根,0,0,0.44435423612594604
tip_middle_root_1_2_2,CNN,淡紅,1,57,舌右邊,0,1,0.6196203827857971
tip_middle_root_1_2_2,CNN,淡紅,1,57,舌尖,0,0,0.1352098137140274
tip_middle_root_1_2_2,CNN,淡紅,1,57,舌左邊,0,0,0.48112958669662476
tip_middle_root_1_2_2,CNN,淡紅,1,58,舌根,0,1,0.6317865252494812
tip_middle_root_1_2_2,CNN,淡紅,1,6,舌中,0,0,0.29331332445144653
tip_middle_root_1_2_2,CNN,淡紅,1,6,舌右邊,0,0,0.18378204107284546
tip_middle_root_1_2_2,CNN,淡紅,1,6,舌尖,0,0,0.16816473007202148
tip_middle_root_1_2_2,CNN,淡紅,1,6,舌左邊,0,0,0.3541066646575928
tip_middle_root_1_2_2,CNN,淡紅,1,6,舌根,0,0,0.43028467893600464
tip_middle_root_1_2_2,CNN,淡紅,1,60,舌中,0,0,0.3773258328437805
tip_middle_root_1_2_2,CNN,淡紅,1,60,舌右邊,0,1,0.5209749341011047
tip_middle_root_1_2_2,CNN,淡紅,1,60,舌尖,0,0,0.15788058936595917
tip_middle_root_1_2_2,CNN,淡紅,1,60,舌左邊,0,0,0.4407547414302826
tip_middle_root_1_2_2,CNN,淡紅,1,60,舌根,0,1,0.5158981680870056
tip_middle_root_1_2_2,CNN,淡紅,2,10,舌中,0,0,0.4334756135940552
tip_middle_root_1_2_2,CNN,淡紅,2,10,舌右邊,0,0,0.0685705915093422
tip_middle_root_1_2_2,CNN,淡紅,2,10,舌尖,0,0,0.10397198796272278
tip_middle_root_1_2_2,CNN,淡紅,2,10,舌左邊,0,0,0.08835448324680328
tip_middle_root_1_2_2,CNN,淡紅,2,10,舌根,0,0,0.10868258774280548
tip_middle_root_1_2_2,CNN,淡紅,2,11,舌中,0,0,0.30801695585250854
tip_middle_root_1_2_2,CNN,淡紅,2,11,舌右邊,0,0,0.21957789361476898
tip_middle_root_1_2_2,CNN,淡紅,2,11,舌尖,0,0,0.2350497841835022
tip_middle_root_1_2_2,CNN,淡紅,2,11,舌左邊,0,0,0.1395273059606552
tip_middle_root_1_2_2,CNN,淡紅,2,11,舌根,0,0,0.18426479399204254
tip_middle_root_1_2_2,CNN,淡紅,2,13,舌右邊,0,0,0.20903843641281128
tip_middle_root_1_2_2,CNN,淡紅,2,13,舌尖,0,0,0.171306774020195
tip_middle_root_1_2_2,CNN,淡紅,2,13,舌左邊,0,0,0.380773663520813
tip_middle_root_1_2_2,CNN,淡紅,2,19,舌中,1,1,0.655780017375946
tip_middle_root_1_2_2,CNN,淡紅,2,19,舌右邊,1,1,0.5894985795021057
tip_middle_root_1_2_2,CNN,淡紅,2,19,舌尖,1,1,0.5955458283424377
tip_middle_root_1_2_2,CNN,淡紅,2,19,舌左邊,1,0,0.3875170648097992
tip_middle_root_1_2_2,CNN,淡紅,2,19,舌根,1,0,0.34126532077789307
tip_middle_root_1_2_2,CNN,淡紅,2,23,舌中,1,0,0.47894716262817383
tip_middle_root_1_2_2,CNN,淡紅,2,23,舌右邊,1,0,0.14997853338718414
tip_middle_root_1_2_2,CNN,淡紅,2,23,舌左邊,1,0,0.20425163209438324
tip_middle_root_1_2_2,CNN,淡紅,2,23,舌根,1,0,0.2926500737667084
tip_middle_root_1_2_2,CNN,淡紅,2,47,舌左邊,0,0,0.13137254118919373
tip_middle_root_1_2_2,CNN,淡紅,2,52,舌中,1,1,0.5214987993240356
tip_middle_root_1_2_2,CNN,淡紅,2,52,舌右邊,1,0,0.3272717297077179
tip_middle_root_1_2_2,CNN,淡紅,2,52,舌左邊,1,0,0.3278196454048157
tip_middle_root_1_2_2,CNN,淡紅,2,52,舌根,1,0,0.20952269434928894
tip_middle_root_1_2_2,CNN,淡紅,2,53,舌尖,0,0,0.09918616712093353
tip_middle_root_1_2_2,CNN,淡紅,2,53,舌左邊,1,0,0.26493796706199646
tip_middle_root_1_2_2,CNN,淡紅,2,68,舌中,0,1,0.5009467601776123
tip_middle_root_1_2_2,CNN,淡紅,2,68,舌右邊,0,0,0.3503463566303253
tip_middle_root_1_2_2,CNN,淡紅,2,68,舌尖,0,0,0.4392339289188385
tip_middle_root_1_2_2,CNN,淡紅,2,68,舌左邊,0,0,0.14632157981395721
tip_middle_root_1_2_2,CNN,淡紅,2,68,舌根,0,0,0.3827544152736664
tip_middle_root_1_2_2,CNN,淡紅,2,7,舌中,0,0,0.3779571056365967
tip_middle_root_1_2_2,CNN,淡紅,2,7,舌根,0,0,0.19866599142551422
tip_middle_root_1_2_2,CNN,淡紅,2,96,舌中,0,0,0.3728189766407013
tip_middle_root_1_2_2,CNN,淡紅,2,96,舌右邊,0,0,0.1544090211391449
tip_middle_root_1_2_2,CNN,淡紅,2,96,舌尖,0,0,0.1652141511440277
tip_middle_root_1_2_2,CNN,淡紅,2,96,舌左邊,0,0,0.1663087159395218
tip_middle_root_1_2_2,CNN,淡紅,2,96,舌根,0,0,0.2675747573375702
tip_middle_root_1_2_2,CNN,淡紅,3,17,舌右邊,0,0,0.24971714615821838
tip_middle_root_1_2_2,CNN,淡紅,3,17,舌尖,1,0,0.11683433502912521
tip_middle_root_1_2_2,CNN,淡紅,3,17,舌左邊,0,0,0.24524043500423431
tip_middle_root_1_2_2,CNN,淡紅,3,20,舌尖,1,0,0.049875639379024506
tip_middle_root_1_2_2,CNN,淡紅,3,20,舌根,1,0,0.3276175856590271
tip_middle_root_1_2_2,CNN,淡紅,3,29,舌中,1,0,0.4244915246963501
tip_middle_root_1_2_2,CNN,淡紅,3,29,舌右邊,1,1,0.5289292335510254
tip_middle_root_1_2_2,CNN,淡紅,3,29,舌尖,1,0,0.2961459755897522
tip_middle_root_1_2_2,CNN,淡紅,3,29,舌根,1,0,0.4953663945198059
tip_middle_root_1_2_2,CNN,淡紅,3,31,舌中,0,0,0.44482502341270447
tip_middle_root_1_2_2,CNN,淡紅,3,31,舌右邊,0,0,0.37401384115219116
tip_middle_root_1_2_2,CNN,淡紅,3,31,舌尖,0,0,0.11498904228210449
tip_middle_root_1_2_2,CNN,淡紅,3,31,舌左邊,0,1,0.5151501297950745
tip_middle_root_1_2_2,CNN,淡紅,3,31,舌根,0,0,0.19300773739814758
tip_middle_root_1_2_2,CNN,淡紅,3,35,舌中,0,1,0.5462266206741333
tip_middle_root_1_2_2,CNN,淡紅,3,35,舌右邊,0,0,0.35925647616386414
tip_middle_root_1_2_2,CNN,淡紅,3,35,舌左邊,0,0,0.1995820850133896
tip_middle_root_1_2_2,CNN,淡紅,3,35,舌根,0,0,0.329273521900177
tip_middle_root_1_2_2,CNN,淡紅,3,36,舌中,1,0,0.4210704565048218
tip_middle_root_1_2_2,CNN,淡紅,3,36,舌右邊,1,0,0.18385328352451324
tip_middle_root_1_2_2,CNN,淡紅,3,36,舌尖,1,0,0.09224926680326462
tip_middle_root_1_2_2,CNN,淡紅,3,36,舌左邊,1,0,0.4846149981021881
tip_middle_root_1_2_2,CNN,淡紅,3,36,舌根,1,0,0.4178425967693329
tip_middle_root_1_2_2,CNN,淡紅,3,40,舌中,0,1,0.5095992088317871
tip_middle_root_1_2_2,CNN,淡紅,3,40,舌右邊,0,0,0.1503535956144333
tip_middle_root_1_2_2,CNN,淡紅,3,40,舌尖,0,0,0.16468922793865204
tip_middle_root_1_2_2,CNN,淡紅,3,40,舌左邊,0,0,0.31175386905670166
tip_middle_root_1_2_2,CNN,淡紅,3,40,舌根,0,0,0.2874273955821991
tip_middle_root_1_2_2,CNN,淡紅,3,49,舌尖,1,0,0.32663407921791077
tip_middle_root_1_2_2,CNN,淡紅,3,49,舌左邊,1,1,0.6659117937088013
tip_middle_root_1_2_2,CNN,淡紅,3,64,舌中,0,0,0.42098715901374817
tip_middle_root_1_2_2,CNN,淡紅,3,64,舌右邊,0,0,0.1284870058298111
tip_middle_root_1_2_2,CNN,淡紅,3,64,舌尖,0,0,0.10900246351957321
tip_middle_root_1_2_2,CNN,淡紅,3,64,舌左邊,0,0,0.33343708515167236
tip_middle_root_1_2_2,CNN,淡紅,3,64,舌根,0,0,0.22113870084285736
tip_middle_root_1_2_2,CNN,淡紅,3,72,舌中,0,0,0.31351861357688904
tip_middle_root_1_2_2,CNN,淡紅,3,72,舌右邊,0,0,0.0818495973944664
tip_middle_root_1_2_2,CNN,淡紅,3,72,舌尖,0,0,0.10173185169696808
tip_middle_root_1_2_2,CNN,淡紅,3,72,舌左邊,0,0,0.19748415052890778
tip_middle_root_1_2_2,CNN,淡紅,3,72,舌根,0,0,0.27405714988708496
tip_middle_root_1_2_2,CNN,淡紅,4,2,舌右邊,0,0,0.3758831024169922
tip_middle_root_1_2_2,CNN,淡紅,4,2,舌尖,0,0,0.3013162314891815
tip_middle_root_1_2_2,CNN,淡紅,4,2,舌左邊,0,0,0.32893598079681396
tip_middle_root_1_2_2,CNN,淡紅,4,26,舌中,1,0,0.32688575983047485
tip_middle_root_1_2_2,CNN,淡紅,4,26,舌尖,1,0,0.3234650492668152
tip_middle_root_1_2_2,CNN,淡紅,4,39,舌尖,1,1,0.5977973341941833
tip_middle_root_1_2_2,CNN,淡紅,4,39,舌左邊,1,0,0.2721984386444092
tip_middle_root_1_2_2,CNN,淡紅,4,42,舌右邊,0,0,0.16160959005355835
tip_middle_root_1_2_2,CNN,淡紅,4,42,舌尖,0,0,0.41792044043540955
tip_middle_root_1_2_2,CNN,淡紅,4,42,舌左邊,0,0,0.3151240050792694
tip_middle_root_1_2_2,CNN,淡紅,4,45,舌中,0,1,0.6841970682144165
tip_middle_root_1_2_2,CNN,淡紅,4,45,舌右邊,1,0,0.432561457157135
tip_middle_root_1_2_2,CNN,淡紅,4,45,舌左邊,1,0,0.30695393681526184
tip_middle_root_1_2_2,CNN,淡紅,4,45,舌根,0,0,0.2562921941280365
tip_middle_root_1_2_2,CNN,淡紅,4,48,舌中,0,1,0.6697709560394287
tip_middle_root_1_2_2,CNN,淡紅,4,48,舌右邊,0,0,0.14451755583286285
tip_middle_root_1_2_2,CNN,淡紅,4,48,舌尖,0,0,0.43506768345832825
tip_middle_root_1_2_2,CNN,淡紅,4,48,舌左邊,0,0,0.28639107942581177
tip_middle_root_1_2_2,CNN,淡紅,4,48,舌根,0,0,0.4663137197494507
tip_middle_root_1_2_2,CNN,淡紅,4,54,舌中,1,0,0.4102610647678375
tip_middle_root_1_2_2,CNN,淡紅,4,54,舌右邊,1,0,0.4864136874675751
tip_middle_root_1_2_2,CNN,淡紅,4,54,舌尖,1,1,0.6115241646766663
tip_middle_root_1_2_2,CNN,淡紅,4,54,舌左邊,1,0,0.4507419168949127
tip_middle_root_1_2_2,CNN,淡紅,4,54,舌根,1,0,0.43757113814353943
tip_middle_root_1_2_2,CNN,淡紅,4,55,舌中,1,1,0.7173334360122681
tip_middle_root_1_2_2,CNN,淡紅,4,55,舌右邊,1,0,0.15783171355724335
tip_middle_root_1_2_2,CNN,淡紅,4,55,舌尖,1,0,0.4124721884727478
tip_middle_root_1_2_2,CNN,淡紅,4,55,舌左邊,1,0,0.2825278639793396
tip_middle_root_1_2_2,CNN,淡紅,4,59,舌中,0,1,0.7370051145553589
tip_middle_root_1_2_2,CNN,淡紅,4,59,舌右邊,0,0,0.49928006529808044
tip_middle_root_1_2_2,CNN,淡紅,4,59,舌尖,0,0,0.38925331830978394
tip_middle_root_1_2_2,CNN,淡紅,4,59,舌左邊,0,0,0.39123088121414185
tip_middle_root_1_2_2,CNN,淡紅,4,59,舌根,0,1,0.6695181131362915
tip_middle_root_1_2_2,CNN,淡紅,4,85,舌中,0,0,0.45093682408332825
tip_middle_root_1_2_2,CNN,淡紅,4,85,舌右邊,0,0,0.14135117828845978
tip_middle_root_1_2_2,CNN,淡紅,4,85,舌尖,0,0,0.26679128408432007
tip_middle_root_1_2_2,CNN,淡紅,4,85,舌左邊,0,0,0.089287668466568
tip_middle_root_1_2_2,CNN,淡紅,4,85,舌根,0,0,0.3049714267253876
tip_middle_root_1_2_2,CNN,淡紅,4,87,舌中,0,0,0.4495031535625458
tip_middle_root_1_2_2,CNN,淡紅,4,87,舌右邊,0,0,0.21374745666980743
tip_middle_root_1_2_2,CNN,淡紅,4,87,舌尖,0,0,0.24111329019069672
tip_middle_root_1_2_2,CNN,淡紅,4,87,舌左邊,0,0,0.21164950728416443
tip_middle_root_1_2_2,CNN,淡紅,4,87,舌根,0,0,0.40173470973968506
tip_middle_root_1_2_2,CNN,淡紅,5,32,舌右邊,0,0,0.2691883146762848
tip_middle_root_1_2_2,CNN,淡紅,5,32,舌尖,0,0,0.18494132161140442
tip_middle_root_1_2_2,CNN,淡紅,5,32,舌左邊,0,1,0.530629575252533
tip_middle_root_1_2_2,CNN,淡紅,5,34,舌右邊,0,0,0.21694977581501007
tip_middle_root_1_2_2,CNN,淡紅,5,34,舌尖,0,0,0.14381816983222961
tip_middle_root_1_2_2,CNN,淡紅,5,34,舌左邊,0,0,0.2436506152153015
tip_middle_root_1_2_2,CNN,淡紅,5,34,舌根,0,1,0.7525295615196228
tip_middle_root_1_2_2,CNN,淡紅,5,38,舌中,1,1,0.7628231644630432
tip_middle_root_1_2_2,CNN,淡紅,5,38,舌右邊,1,0,0.26814979314804077
tip_middle_root_1_2_2,CNN,淡紅,5,38,舌尖,1,0,0.32503870129585266
tip_middle_root_1_2_2,CNN,淡紅,5,38,舌左邊,1,0,0.34908878803253174
tip_middle_root_1_2_2,CNN,淡紅,5,41,舌右邊,1,0,0.08237853646278381
tip_middle_root_1_2_2,CNN,淡紅,5,41,舌左邊,1,0,0.34683865308761597
tip_middle_root_1_2_2,CNN,淡紅,5,41,舌根,1,1,0.717927098274231
tip_middle_root_1_2_2,CNN,淡紅,5,5,舌中,0,1,0.7271789908409119
tip_middle_root_1_2_2,CNN,淡紅,5,5,舌右邊,0,1,0.542869508266449
tip_middle_root_1_2_2,CNN,淡紅,5,5,舌尖,0,0,0.4693959951400757
tip_middle_root_1_2_2,CNN,淡紅,5,5,舌左邊,0,0,0.3915351629257202
tip_middle_root_1_2_2,CNN,淡紅,5,5,舌根,0,0,0.4228307604789734
tip_middle_root_1_2_2,CNN,淡紅,5,51,舌中,0,1,0.6772948503494263
tip_middle_root_1_2_2,CNN,淡紅,5,51,舌右邊,0,0,0.49193617701530457
tip_middle_root_1_2_2,CNN,淡紅,5,51,舌尖,0,0,0.36653366684913635
tip_middle_root_1_2_2,CNN,淡紅,5,51,舌左邊,0,0,0.21133734285831451
tip_middle_root_1_2_2,CNN,淡紅,5,51,舌根,0,1,0.8264920115470886
tip_middle_root_1_2_2,CNN,淡紅,5,70,舌中,0,1,0.5093534588813782
tip_middle_root_1_2_2,CNN,淡紅,5,70,舌右邊,0,0,0.10845600813627243
tip_middle_root_1_2_2,CNN,淡紅,5,70,舌尖,0,0,0.0718589723110199
tip_middle_root_1_2_2,CNN,淡紅,5,70,舌左邊,0,0,0.08614398539066315
tip_middle_root_1_2_2,CNN,淡紅,5,70,舌根,0,0,0.25606244802474976
tip_middle_root_1_2_2,CNN,淡紅,5,74,舌中,0,0,0.2618385851383209
tip_middle_root_1_2_2,CNN,淡紅,5,74,舌右邊,0,0,0.15737350285053253
tip_middle_root_1_2_2,CNN,淡紅,5,74,舌左邊,0,0,0.12176283448934555
tip_middle_root_1_2_2,CNN,淡紅,5,74,舌根,0,0,0.1845158040523529
tip_middle_root_1_2_2,CNN,淡紅,5,8,舌中,1,1,0.6168838739395142
tip_middle_root_1_2_2,CNN,淡紅,5,8,舌右邊,1,0,0.4424753189086914
tip_middle_root_1_2_2,CNN,淡紅,5,8,舌尖,1,0,0.34811830520629883
tip_middle_root_1_2_2,CNN,淡紅,5,8,舌左邊,1,0,0.18462902307510376
tip_middle_root_1_2_2,CNN,淡紅,5,8,舌根,1,1,0.5270031094551086
tip_middle_root_1_2_2,CNN,淡紅,5,9,舌右邊,1,0,0.25515323877334595
tip_middle_root_1_2_2,CNN,淡紅,5,9,舌左邊,1,0,0.16450639069080353
tip_middle_root_1_3_1,CNN,淡紅,1,24,舌中,0,1,0.5196095108985901
tip_middle_root_1_3_1,CNN,淡紅,1,24,舌右邊,0,0,0.34171590209007263
tip_middle_root_1_3_1,CNN,淡紅,1,24,舌尖,0,1,0.7004993557929993
tip_middle_root_1_3_1,CNN,淡紅,1,24,舌左邊,0,0,0.3950161933898926
tip_middle_root_1_3_1,CNN,淡紅,1,24,舌根,0,1,0.5883973240852356
tip_middle_root_1_3_1,CNN,淡紅,1,27,舌中,1,0,0.433600515127182
tip_middle_root_1_3_1,CNN,淡紅,1,27,舌右邊,1,0,0.3027274012565613
tip_middle_root_1_3_1,CNN,淡紅,1,27,舌尖,1,0,0.4624403715133667
tip_middle_root_1_3_1,CNN,淡紅,1,27,舌根,1,1,0.889526903629303
tip_middle_root_1_3_1,CNN,淡紅,1,30,舌右邊,0,0,0.26648572087287903
tip_middle_root_1_3_1,CNN,淡紅,1,30,舌左邊,0,0,0.3673273026943207
tip_middle_root_1_3_1,CNN,淡紅,1,37,舌中,1,0,0.4950293004512787
tip_middle_root_1_3_1,CNN,淡紅,1,37,舌右邊,1,0,0.32412540912628174
tip_middle_root_1_3_1,CNN,淡紅,1,37,舌尖,1,1,0.5312172770500183
tip_middle_root_1_3_1,CNN,淡紅,1,37,舌左邊,1,0,0.43549665808677673
tip_middle_root_1_3_1,CNN,淡紅,1,37,舌根,1,1,0.510945200920105
tip_middle_root_1_3_1,CNN,淡紅,1,44,舌根,0,1,0.698147177696228
tip_middle_root_1_3_1,CNN,淡紅,1,46,舌中,1,0,0.3724675476551056
tip_middle_root_1_3_1,CNN,淡紅,1,46,舌右邊,1,0,0.21930959820747375
tip_middle_root_1_3_1,CNN,淡紅,1,46,舌左邊,1,0,0.15195292234420776
tip_middle_root_1_3_1,CNN,淡紅,1,46,舌根,1,1,0.53115314245224
tip_middle_root_1_3_1,CNN,淡紅,1,50,舌中,0,1,0.5516356825828552
tip_middle_root_1_3_1,CNN,淡紅,1,50,舌右邊,0,1,0.5374849438667297
tip_middle_root_1_3_1,CNN,淡紅,1,50,舌尖,0,0,0.23746885359287262
tip_middle_root_1_3_1,CNN,淡紅,1,50,舌左邊,0,1,0.5290143489837646
tip_middle_root_1_3_1,CNN,淡紅,1,50,舌根,0,0,0.46737608313560486
tip_middle_root_1_3_1,CNN,淡紅,1,57,舌右邊,0,0,0.49557599425315857
tip_middle_root_1_3_1,CNN,淡紅,1,57,舌尖,0,0,0.2767403721809387
tip_middle_root_1_3_1,CNN,淡紅,1,57,舌左邊,0,0,0.35670968890190125
tip_middle_root_1_3_1,CNN,淡紅,1,58,舌根,0,1,0.6746124029159546
tip_middle_root_1_3_1,CNN,淡紅,1,6,舌中,0,0,0.25262632966041565
tip_middle_root_1_3_1,CNN,淡紅,1,6,舌右邊,0,0,0.1467299908399582
tip_middle_root_1_3_1,CNN,淡紅,1,6,舌尖,0,0,0.25005048513412476
tip_middle_root_1_3_1,CNN,淡紅,1,6,舌左邊,0,0,0.27333229780197144
tip_middle_root_1_3_1,CNN,淡紅,1,6,舌根,0,1,0.5789753198623657
tip_middle_root_1_3_1,CNN,淡紅,1,60,舌中,0,1,0.5047934651374817
tip_middle_root_1_3_1,CNN,淡紅,1,60,舌右邊,0,0,0.30012044310569763
tip_middle_root_1_3_1,CNN,淡紅,1,60,舌尖,0,0,0.4003238379955292
tip_middle_root_1_3_1,CNN,淡紅,1,60,舌左邊,0,0,0.35420480370521545
tip_middle_root_1_3_1,CNN,淡紅,1,60,舌根,0,1,0.5581995248794556
tip_middle_root_1_3_1,CNN,淡紅,2,10,舌中,0,0,0.20761635899543762
tip_middle_root_1_3_1,CNN,淡紅,2,10,舌右邊,0,0,0.10714847594499588
tip_middle_root_1_3_1,CNN,淡紅,2,10,舌尖,0,0,0.12015382945537567
tip_middle_root_1_3_1,CNN,淡紅,2,10,舌左邊,0,0,0.10089976340532303
tip_middle_root_1_3_1,CNN,淡紅,2,10,舌根,0,0,0.10371696949005127
tip_middle_root_1_3_1,CNN,淡紅,2,11,舌中,0,0,0.2971298396587372
tip_middle_root_1_3_1,CNN,淡紅,2,11,舌右邊,0,0,0.18100881576538086
tip_middle_root_1_3_1,CNN,淡紅,2,11,舌尖,0,0,0.3138813376426697
tip_middle_root_1_3_1,CNN,淡紅,2,11,舌左邊,0,0,0.10797704756259918
tip_middle_root_1_3_1,CNN,淡紅,2,11,舌根,0,0,0.21369966864585876
tip_middle_root_1_3_1,CNN,淡紅,2,13,舌右邊,0,0,0.21452660858631134
tip_middle_root_1_3_1,CNN,淡紅,2,13,舌尖,0,0,0.2414841204881668
tip_middle_root_1_3_1,CNN,淡紅,2,13,舌左邊,0,0,0.13732588291168213
tip_middle_root_1_3_1,CNN,淡紅,2,19,舌中,1,0,0.35501739382743835
tip_middle_root_1_3_1,CNN,淡紅,2,19,舌右邊,1,0,0.21397078037261963
tip_middle_root_1_3_1,CNN,淡紅,2,19,舌尖,1,0,0.41885730624198914
tip_middle_root_1_3_1,CNN,淡紅,2,19,舌左邊,1,0,0.2696767747402191
tip_middle_root_1_3_1,CNN,淡紅,2,19,舌根,1,0,0.31960034370422363
tip_middle_root_1_3_1,CNN,淡紅,2,23,舌中,1,0,0.22587013244628906
tip_middle_root_1_3_1,CNN,淡紅,2,23,舌右邊,1,0,0.154264435172081
tip_middle_root_1_3_1,CNN,淡紅,2,23,舌左邊,1,0,0.16761396825313568
tip_middle_root_1_3_1,CNN,淡紅,2,23,舌根,1,0,0.30372491478919983
tip_middle_root_1_3_1,CNN,淡紅,2,47,舌左邊,0,0,0.09005795419216156
tip_middle_root_1_3_1,CNN,淡紅,2,52,舌中,1,0,0.32693132758140564
tip_middle_root_1_3_1,CNN,淡紅,2,52,舌右邊,1,0,0.14880932867527008
tip_middle_root_1_3_1,CNN,淡紅,2,52,舌左邊,1,0,0.21750758588314056
tip_middle_root_1_3_1,CNN,淡紅,2,52,舌根,1,0,0.10920298099517822
tip_middle_root_1_3_1,CNN,淡紅,2,53,舌尖,0,0,0.10653781145811081
tip_middle_root_1_3_1,CNN,淡紅,2,53,舌左邊,1,0,0.19293060898780823
tip_middle_root_1_3_1,CNN,淡紅,2,68,舌中,0,0,0.34936317801475525
tip_middle_root_1_3_1,CNN,淡紅,2,68,舌右邊,0,0,0.12994402647018433
tip_middle_root_1_3_1,CNN,淡紅,2,68,舌尖,0,0,0.3516840934753418
tip_middle_root_1_3_1,CNN,淡紅,2,68,舌左邊,0,0,0.24456432461738586
tip_middle_root_1_3_1,CNN,淡紅,2,68,舌根,0,0,0.3487827181816101
tip_middle_root_1_3_1,CNN,淡紅,2,7,舌中,0,0,0.4906659722328186
tip_middle_root_1_3_1,CNN,淡紅,2,7,舌根,0,0,0.4141380488872528
tip_middle_root_1_3_1,CNN,淡紅,2,96,舌中,0,0,0.21816672384738922
tip_middle_root_1_3_1,CNN,淡紅,2,96,舌右邊,0,0,0.28959688544273376
tip_middle_root_1_3_1,CNN,淡紅,2,96,舌尖,0,0,0.12472403049468994
tip_middle_root_1_3_1,CNN,淡紅,2,96,舌左邊,0,0,0.1959402710199356
tip_middle_root_1_3_1,CNN,淡紅,2,96,舌根,0,0,0.3341373801231384
tip_middle_root_1_3_1,CNN,淡紅,3,17,舌右邊,0,0,0.34205663204193115
tip_middle_root_1_3_1,CNN,淡紅,3,17,舌尖,1,0,0.0352657176554203
tip_middle_root_1_3_1,CNN,淡紅,3,17,舌左邊,0,1,0.5077670812606812
tip_middle_root_1_3_1,CNN,淡紅,3,20,舌尖,1,0,0.0245460607111454
tip_middle_root_1_3_1,CNN,淡紅,3,20,舌根,1,0,0.4219832420349121
tip_middle_root_1_3_1,CNN,淡紅,3,29,舌中,1,1,0.6394816637039185
tip_middle_root_1_3_1,CNN,淡紅,3,29,舌右邊,1,1,0.6216834783554077
tip_middle_root_1_3_1,CNN,淡紅,3,29,舌尖,1,0,0.14508283138275146
tip_middle_root_1_3_1,CNN,淡紅,3,29,舌根,1,0,0.2832845449447632
tip_middle_root_1_3_1,CNN,淡紅,3,31,舌中,0,1,0.6597653031349182
tip_middle_root_1_3_1,CNN,淡紅,3,31,舌右邊,0,0,0.3603796660900116
tip_middle_root_1_3_1,CNN,淡紅,3,31,舌尖,0,0,0.1080937311053276
tip_middle_root_1_3_1,CNN,淡紅,3,31,舌左邊,0,1,0.5150453448295593
tip_middle_root_1_3_1,CNN,淡紅,3,31,舌根,0,0,0.3149586617946625
tip_middle_root_1_3_1,CNN,淡紅,3,35,舌中,0,1,0.6704632043838501
tip_middle_root_1_3_1,CNN,淡紅,3,35,舌右邊,0,0,0.37155434489250183
tip_middle_root_1_3_1,CNN,淡紅,3,35,舌左邊,0,0,0.4218200147151947
tip_middle_root_1_3_1,CNN,淡紅,3,35,舌根,0,0,0.3054395318031311
tip_middle_root_1_3_1,CNN,淡紅,3,36,舌中,1,1,0.5670199394226074
tip_middle_root_1_3_1,CNN,淡紅,3,36,舌右邊,1,0,0.41019850969314575
tip_middle_root_1_3_1,CNN,淡紅,3,36,舌尖,1,0,0.06976392865180969
tip_middle_root_1_3_1,CNN,淡紅,3,36,舌左邊,1,0,0.49449074268341064
tip_middle_root_1_3_1,CNN,淡紅,3,36,舌根,1,0,0.3762508034706116
tip_middle_root_1_3_1,CNN,淡紅,3,40,舌中,0,1,0.5678425431251526
tip_middle_root_1_3_1,CNN,淡紅,3,40,舌右邊,0,0,0.23237048089504242
tip_middle_root_1_3_1,CNN,淡紅,3,40,舌尖,0,0,0.08358381688594818
tip_middle_root_1_3_1,CNN,淡紅,3,40,舌左邊,0,0,0.3054746389389038
tip_middle_root_1_3_1,CNN,淡紅,3,40,舌根,0,0,0.236676886677742
tip_middle_root_1_3_1,CNN,淡紅,3,49,舌尖,1,0,0.15719999372959137
tip_middle_root_1_3_1,CNN,淡紅,3,49,舌左邊,1,1,0.5753551125526428
tip_middle_root_1_3_1,CNN,淡紅,3,64,舌中,0,0,0.49654620885849
tip_middle_root_1_3_1,CNN,淡紅,3,64,舌右邊,0,0,0.3643890619277954
tip_middle_root_1_3_1,CNN,淡紅,3,64,舌尖,0,0,0.0557854138314724
tip_middle_root_1_3_1,CNN,淡紅,3,64,舌左邊,0,0,0.3782104551792145
tip_middle_root_1_3_1,CNN,淡紅,3,64,舌根,0,0,0.23569893836975098
tip_middle_root_1_3_1,CNN,淡紅,3,72,舌中,0,1,0.5289949774742126
tip_middle_root_1_3_1,CNN,淡紅,3,72,舌右邊,0,0,0.3167940378189087
tip_middle_root_1_3_1,CNN,淡紅,3,72,舌尖,0,0,0.04903469607234001
tip_middle_root_1_3_1,CNN,淡紅,3,72,舌左邊,0,0,0.37546196579933167
tip_middle_root_1_3_1,CNN,淡紅,3,72,舌根,0,0,0.23282364010810852
tip_middle_root_1_3_1,CNN,淡紅,4,2,舌右邊,0,0,0.22323495149612427
tip_middle_root_1_3_1,CNN,淡紅,4,2,舌尖,0,0,0.2114112228155136
tip_middle_root_1_3_1,CNN,淡紅,4,2,舌左邊,0,0,0.3957211375236511
tip_middle_root_1_3_1,CNN,淡紅,4,26,舌中,1,0,0.49348899722099304
tip_middle_root_1_3_1,CNN,淡紅,4,26,舌尖,1,0,0.15951088070869446
tip_middle_root_1_3_1,CNN,淡紅,4,39,舌尖,1,0,0.4746866822242737
tip_middle_root_1_3_1,CNN,淡紅,4,39,舌左邊,1,0,0.24009966850280762
tip_middle_root_1_3_1,CNN,淡紅,4,42,舌右邊,0,0,0.1230810135602951
tip_middle_root_1_3_1,CNN,淡紅,4,42,舌尖,0,0,0.3001572787761688
tip_middle_root_1_3_1,CNN,淡紅,4,42,舌左邊,0,0,0.20179273188114166
tip_middle_root_1_3_1,CNN,淡紅,4,45,舌中,0,1,0.593176007270813
tip_middle_root_1_3_1,CNN,淡紅,4,45,舌右邊,1,0,0.42271915078163147
tip_middle_root_1_3_1,CNN,淡紅,4,45,舌左邊,1,0,0.2056925892829895
tip_middle_root_1_3_1,CNN,淡紅,4,45,舌根,0,0,0.45839038491249084
tip_middle_root_1_3_1,CNN,淡紅,4,48,舌中,0,1,0.645083487033844
tip_middle_root_1_3_1,CNN,淡紅,4,48,舌右邊,0,0,0.25716522336006165
tip_middle_root_1_3_1,CNN,淡紅,4,48,舌尖,0,0,0.3538811504840851
tip_middle_root_1_3_1,CNN,淡紅,4,48,舌左邊,0,0,0.2682565152645111
tip_middle_root_1_3_1,CNN,淡紅,4,48,舌根,0,0,0.47255611419677734
tip_middle_root_1_3_1,CNN,淡紅,4,54,舌中,1,0,0.44092196226119995
tip_middle_root_1_3_1,CNN,淡紅,4,54,舌右邊,1,1,0.5065186619758606
tip_middle_root_1_3_1,CNN,淡紅,4,54,舌尖,1,0,0.499025821685791
tip_middle_root_1_3_1,CNN,淡紅,4,54,舌左邊,1,0,0.44569626450538635
tip_middle_root_1_3_1,CNN,淡紅,4,54,舌根,1,0,0.20733827352523804
tip_middle_root_1_3_1,CNN,淡紅,4,55,舌中,1,1,0.5553174018859863
tip_middle_root_1_3_1,CNN,淡紅,4,55,舌右邊,1,0,0.15395894646644592
tip_middle_root_1_3_1,CNN,淡紅,4,55,舌尖,1,0,0.2806408405303955
tip_middle_root_1_3_1,CNN,淡紅,4,55,舌左邊,1,0,0.3691850006580353
tip_middle_root_1_3_1,CNN,淡紅,4,59,舌中,0,1,0.6306096315383911
tip_middle_root_1_3_1,CNN,淡紅,4,59,舌右邊,0,0,0.3821178078651428
tip_middle_root_1_3_1,CNN,淡紅,4,59,舌尖,0,0,0.2660380005836487
tip_middle_root_1_3_1,CNN,淡紅,4,59,舌左邊,0,0,0.32470497488975525
tip_middle_root_1_3_1,CNN,淡紅,4,59,舌根,0,1,0.665009617805481
tip_middle_root_1_3_1,CNN,淡紅,4,85,舌中,0,0,0.44090476632118225
tip_middle_root_1_3_1,CNN,淡紅,4,85,舌右邊,0,0,0.2736295759677887
tip_middle_root_1_3_1,CNN,淡紅,4,85,舌尖,0,0,0.167790487408638
tip_middle_root_1_3_1,CNN,淡紅,4,85,舌左邊,0,0,0.19733677804470062
tip_middle_root_1_3_1,CNN,淡紅,4,85,舌根,0,0,0.4329531788825989
tip_middle_root_1_3_1,CNN,淡紅,4,87,舌中,0,1,0.5956491231918335
tip_middle_root_1_3_1,CNN,淡紅,4,87,舌右邊,0,0,0.21803654730319977
tip_middle_root_1_3_1,CNN,淡紅,4,87,舌尖,0,0,0.21944981813430786
tip_middle_root_1_3_1,CNN,淡紅,4,87,舌左邊,0,0,0.25432321429252625
tip_middle_root_1_3_1,CNN,淡紅,4,87,舌根,0,1,0.6004402041435242
tip_middle_root_1_3_1,CNN,淡紅,5,32,舌右邊,0,0,0.17407017946243286
tip_middle_root_1_3_1,CNN,淡紅,5,32,舌尖,0,0,0.21838416159152985
tip_middle_root_1_3_1,CNN,淡紅,5,32,舌左邊,0,0,0.26181843876838684
tip_middle_root_1_3_1,CNN,淡紅,5,34,舌右邊,0,0,0.30876868963241577
tip_middle_root_1_3_1,CNN,淡紅,5,34,舌尖,0,0,0.13759008049964905
tip_middle_root_1_3_1,CNN,淡紅,5,34,舌左邊,0,0,0.3429022431373596
tip_middle_root_1_3_1,CNN,淡紅,5,34,舌根,0,1,0.6580501794815063
tip_middle_root_1_3_1,CNN,淡紅,5,38,舌中,1,0,0.44155487418174744
tip_middle_root_1_3_1,CNN,淡紅,5,38,舌右邊,1,0,0.37565603852272034
tip_middle_root_1_3_1,CNN,淡紅,5,38,舌尖,1,0,0.251108318567276
tip_middle_root_1_3_1,CNN,淡紅,5,38,舌左邊,1,0,0.3447047472000122
tip_middle_root_1_3_1,CNN,淡紅,5,41,舌右邊,1,0,0.20457732677459717
tip_middle_root_1_3_1,CNN,淡紅,5,41,舌左邊,1,0,0.37787339091300964
tip_middle_root_1_3_1,CNN,淡紅,5,41,舌根,1,1,0.5974181890487671
tip_middle_root_1_3_1,CNN,淡紅,5,5,舌中,0,1,0.5651943683624268
tip_middle_root_1_3_1,CNN,淡紅,5,5,舌右邊,0,1,0.5008045434951782
tip_middle_root_1_3_1,CNN,淡紅,5,5,舌尖,0,0,0.2653231918811798
tip_middle_root_1_3_1,CNN,淡紅,5,5,舌左邊,0,0,0.31016626954078674
tip_middle_root_1_3_1,CNN,淡紅,5,5,舌根,0,0,0.4450973868370056
tip_middle_root_1_3_1,CNN,淡紅,5,51,舌中,0,1,0.7171072363853455
tip_middle_root_1_3_1,CNN,淡紅,5,51,舌右邊,0,0,0.33556273579597473
tip_middle_root_1_3_1,CNN,淡紅,5,51,舌尖,0,0,0.3174577057361603
tip_middle_root_1_3_1,CNN,淡紅,5,51,舌左邊,0,0,0.4970206320285797
tip_middle_root_1_3_1,CNN,淡紅,5,51,舌根,0,1,0.5506139993667603
tip_middle_root_1_3_1,CNN,淡紅,5,70,舌中,0,0,0.3321775496006012
tip_middle_root_1_3_1,CNN,淡紅,5,70,舌右邊,0,0,0.25330764055252075
tip_middle_root_1_3_1,CNN,淡紅,5,70,舌尖,0,0,0.15886043012142181
tip_middle_root_1_3_1,CNN,淡紅,5,70,舌左邊,0,0,0.13464386761188507
tip_middle_root_1_3_1,CNN,淡紅,5,70,舌根,0,1,0.5905666947364807
tip_middle_root_1_3_1,CNN,淡紅,5,74,舌中,0,0,0.45976412296295166
tip_middle_root_1_3_1,CNN,淡紅,5,74,舌右邊,0,0,0.22868910431861877
tip_middle_root_1_3_1,CNN,淡紅,5,74,舌左邊,0,0,0.16693587601184845
tip_middle_root_1_3_1,CNN,淡紅,5,74,舌根,0,0,0.3901389241218567
tip_middle_root_1_3_1,CNN,淡紅,5,8,舌中,1,1,0.5135071277618408
tip_middle_root_1_3_1,CNN,淡紅,5,8,舌右邊,1,0,0.4183002710342407
tip_middle_root_1_3_1,CNN,淡紅,5,8,舌尖,1,0,0.2211391180753708
tip_middle_root_1_3_1,CNN,淡紅,5,8,舌左邊,1,0,0.20547549426555634
tip_middle_root_1_3_1,CNN,淡紅,5,8,舌根,1,1,0.5254127979278564
tip_middle_root_1_3_1,CNN,淡紅,5,9,舌右邊,1,0,0.3545072376728058
tip_middle_root_1_3_1,CNN,淡紅,5,9,舌左邊,1,0,0.37796473503112793
tip_middle_root_1_2_2,CNN,淡白,1,10,舌中,0,0,0.46185675263404846
tip_middle_root_1_2_2,CNN,淡白,1,10,舌右邊,0,0,0.08008911460638046
tip_middle_root_1_2_2,CNN,淡白,1,10,舌尖,0,0,0.001845178077928722
tip_middle_root_1_2_2,CNN,淡白,1,10,舌左邊,0,0,0.3326157033443451
tip_middle_root_1_2_2,CNN,淡白,1,10,舌根,0,0,0.0022515698801726103
tip_middle_root_1_2_2,CNN,淡白,1,2,舌中,0,0,0.1628749817609787
tip_middle_root_1_2_2,CNN,淡白,1,2,舌右邊,0,0,0.08836496621370316
tip_middle_root_1_2_2,CNN,淡白,1,2,舌尖,0,0,0.01726565882563591
tip_middle_root_1_2_2,CNN,淡白,1,2,舌左邊,0,0,0.019903263077139854
tip_middle_root_1_2_2,CNN,淡白,1,2,舌根,0,0,0.011457081884145737
tip_middle_root_1_2_2,CNN,淡白,1,26,舌中,0,1,0.5140396952629089
tip_middle_root_1_2_2,CNN,淡白,1,26,舌右邊,0,0,0.10074423253536224
tip_middle_root_1_2_2,CNN,淡白,1,26,舌尖,0,0,0.002047267509624362
tip_middle_root_1_2_2,CNN,淡白,1,26,舌左邊,0,0,0.10347488522529602
tip_middle_root_1_2_2,CNN,淡白,1,26,舌根,0,0,0.006850281730294228
tip_middle_root_1_2_2,CNN,淡白,1,27,舌中,0,0,0.06699909269809723
tip_middle_root_1_2_2,CNN,淡白,1,27,舌根,0,0,0.0015575101133435965
tip_middle_root_1_2_2,CNN,淡白,1,32,舌中,0,0,0.4410835802555084
tip_middle_root_1_2_2,CNN,淡白,1,32,舌右邊,0,0,0.2402985692024231
tip_middle_root_1_2_2,CNN,淡白,1,32,舌尖,0,0,0.015278086066246033
tip_middle_root_1_2_2,CNN,淡白,1,32,舌左邊,0,0,0.4458622634410858
tip_middle_root_1_2_2,CNN,淡白,1,32,舌根,0,0,0.16324788331985474
tip_middle_root_1_2_2,CNN,淡白,1,39,舌中,0,0,0.23093406856060028
tip_middle_root_1_2_2,CNN,淡白,1,39,舌右邊,0,0,0.4679006040096283
tip_middle_root_1_2_2,CNN,淡白,1,39,舌尖,0,0,0.005588183645159006
tip_middle_root_1_2_2,CNN,淡白,1,39,舌左邊,0,0,0.49536657333374023
tip_middle_root_1_2_2,CNN,淡白,1,39,舌根,0,0,0.004701867233961821
tip_middle_root_1_2_2,CNN,淡白,1,45,舌中,0,0,0.216828852891922
tip_middle_root_1_2_2,CNN,淡白,1,45,舌右邊,0,0,0.23526524007320404
tip_middle_root_1_2_2,CNN,淡白,1,45,舌尖,0,0,0.004178984090685844
tip_middle_root_1_2_2,CNN,淡白,1,45,舌左邊,0,0,0.32104748487472534
tip_middle_root_1_2_2,CNN,淡白,1,45,舌根,0,0,0.002960008569061756
tip_middle_root_1_2_2,CNN,淡白,1,55,舌中,0,0,0.26465892791748047
tip_middle_root_1_2_2,CNN,淡白,1,55,舌右邊,0,0,0.449958860874176
tip_middle_root_1_2_2,CNN,淡白,1,55,舌尖,0,0,0.003067214274778962
tip_middle_root_1_2_2,CNN,淡白,1,55,舌左邊,0,0,0.3672318756580353
tip_middle_root_1_2_2,CNN,淡白,1,55,舌根,0,0,0.010712373070418835
tip_middle_root_1_2_2,CNN,淡白,1,58,舌中,1,0,0.13137778639793396
tip_middle_root_1_2_2,CNN,淡白,1,58,舌右邊,1,0,0.04282168671488762
tip_middle_root_1_2_2,CNN,淡白,1,58,舌左邊,1,0,0.06546560674905777
tip_middle_root_1_2_2,CNN,淡白,1,58,舌根,1,0,0.009219430387020111
tip_middle_root_1_2_2,CNN,淡白,1,72,舌中,0,0,0.11198265105485916
tip_middle_root_1_2_2,CNN,淡白,1,72,舌右邊,0,0,0.08423762023448944
tip_middle_root_1_2_2,CNN,淡白,1,72,舌尖,0,0,0.010870411060750484
tip_middle_root_1_2_2,CNN,淡白,1,72,舌左邊,0,0,0.3252567946910858
tip_middle_root_1_2_2,CNN,淡白,1,72,舌根,0,0,0.0005258794990368187
tip_middle_root_1_2_2,CNN,淡白,1,96,舌中,0,0,0.01959185302257538
tip_middle_root_1_2_2,CNN,淡白,1,96,舌右邊,0,0,0.02642962895333767
tip_middle_root_1_2_2,CNN,淡白,1,96,舌尖,0,0,0.008609501644968987
tip_middle_root_1_2_2,CNN,淡白,1,96,舌左邊,0,0,0.1279313713312149
tip_middle_root_1_2_2,CNN,淡白,1,96,舌根,0,0,0.00025415493291802704
tip_middle_root_1_2_2,CNN,淡白,2,11,舌中,0,0,0.22889383137226105
tip_middle_root_1_2_2,CNN,淡白,2,11,舌右邊,0,0,0.1204211413860321
tip_middle_root_1_2_2,CNN,淡白,2,11,舌尖,0,0,0.01141359657049179
tip_middle_root_1_2_2,CNN,淡白,2,11,舌左邊,0,0,0.03931758552789688
tip_middle_root_1_2_2,CNN,淡白,2,11,舌根,0,1,0.85548335313797
tip_middle_root_1_2_2,CNN,淡白,2,20,舌中,0,1,0.7640968561172485
tip_middle_root_1_2_2,CNN,淡白,2,20,舌尖,0,0,0.10638520866632462
tip_middle_root_1_2_2,CNN,淡白,2,20,舌根,0,1,0.8758636116981506
tip_middle_root_1_2_2,CNN,淡白,2,24,舌中,0,1,0.6726887822151184
tip_middle_root_1_2_2,CNN,淡白,2,24,舌右邊,0,0,0.47590306401252747
tip_middle_root_1_2_2,CNN,淡白,2,24,舌尖,0,0,0.1430351585149765
tip_middle_root_1_2_2,CNN,淡白,2,24,舌左邊,0,0,0.41450580954551697
tip_middle_root_1_2_2,CNN,淡白,2,24,舌根,0,1,0.7987639904022217
tip_middle_root_1_2_2,CNN,淡白,2,37,舌中,0,1,0.6277188658714294
tip_middle_root_1_2_2,CNN,淡白,2,37,舌右邊,0,0,0.1204894408583641
tip_middle_root_1_2_2,CNN,淡白,2,37,舌尖,0,0,0.0632166862487793
tip_middle_root_1_2_2,CNN,淡白,2,37,舌左邊,0,0,0.40764492750167847
tip_middle_root_1_2_2,CNN,淡白,2,37,舌根,0,1,0.7287053465843201
tip_middle_root_1_2_2,CNN,淡白,2,40,舌中,0,1,0.5294589400291443
tip_middle_root_1_2_2,CNN,淡白,2,40,舌右邊,0,0,0.12910698354244232
tip_middle_root_1_2_2,CNN,淡白,2,40,舌尖,0,0,0.076756052672863
tip_middle_root_1_2_2,CNN,淡白,2,40,舌左邊,0,0,0.11312846839427948
tip_middle_root_1_2_2,CNN,淡白,2,40,舌根,0,0,0.051309820264577866
tip_middle_root_1_2_2,CNN,淡白,2,44,舌中,0,1,0.7787612080574036
tip_middle_root_1_2_2,CNN,淡白,2,44,舌右邊,0,0,0.3471567928791046
tip_middle_root_1_2_2,CNN,淡白,2,44,舌尖,0,0,0.10367415845394135
tip_middle_root_1_2_2,CNN,淡白,2,44,舌左邊,0,0,0.35558199882507324
tip_middle_root_1_2_2,CNN,淡白,2,44,舌根,0,0,0.3929283320903778
tip_middle_root_1_2_2,CNN,淡白,2,5,舌左邊,1,0,0.24027995765209198
tip_middle_root_1_2_2,CNN,淡白,2,50,舌中,0,1,0.6824007630348206
tip_middle_root_1_2_2,CNN,淡白,2,50,舌右邊,0,1,0.5773798227310181
tip_middle_root_1_2_2,CNN,淡白,2,50,舌尖,0,0,0.1668960452079773
tip_middle_root_1_2_2,CNN,淡白,2,50,舌左邊,0,0,0.2790076434612274
tip_middle_root_1_2_2,CNN,淡白,2,50,舌根,0,0,0.41311007738113403
tip_middle_root_1_2_2,CNN,淡白,2,53,舌中,0,1,0.6962773203849792
tip_middle_root_1_2_2,CNN,淡白,2,53,舌右邊,0,1,0.5612074136734009
tip_middle_root_1_2_2,CNN,淡白,2,53,舌尖,0,0,0.06367287784814835
tip_middle_root_1_2_2,CNN,淡白,2,53,舌左邊,0,1,0.619534432888031
tip_middle_root_1_2_2,CNN,淡白,2,53,舌根,0,0,0.3480968475341797
tip_middle_root_1_2_2,CNN,淡白,2,60,舌中,0,1,0.5975478291511536
tip_middle_root_1_2_2,CNN,淡白,2,60,舌右邊,0,1,0.6129757761955261
tip_middle_root_1_2_2,CNN,淡白,2,60,舌尖,0,0,0.03340477868914604
tip_middle_root_1_2_2,CNN,淡白,2,60,舌左邊,0,0,0.4140162169933319
tip_middle_root_1_2_2,CNN,淡白,2,60,舌根,0,1,0.7222945094108582
tip_middle_root_1_2_2,CNN,淡白,2,74,舌中,0,0,0.3734564185142517
tip_middle_root_1_2_2,CNN,淡白,2,74,舌右邊,0,0,0.49709469079971313
tip_middle_root_1_2_2,CNN,淡白,2,74,舌尖,0,0,0.024823125451803207
tip_middle_root_1_2_2,CNN,淡白,2,74,舌左邊,0,0,0.21122850477695465
tip_middle_root_1_2_2,CNN,淡白,2,74,舌根,0,1,0.7805287837982178
tip_middle_root_1_2_2,CNN,淡白,3,23,舌中,0,1,0.7660265564918518
tip_middle_root_1_2_2,CNN,淡白,3,23,舌右邊,0,0,0.3699331283569336
tip_middle_root_1_2_2,CNN,淡白,3,23,舌尖,0,0,0.1153104305267334
tip_middle_root_1_2_2,CNN,淡白,3,23,舌左邊,0,1,0.5039311647415161
tip_middle_root_1_2_2,CNN,淡白,3,23,舌根,0,1,0.8947533369064331
tip_middle_root_1_2_2,CNN,淡白,3,29,舌中,0,0,0.49305459856987
tip_middle_root_1_2_2,CNN,淡白,3,29,舌右邊,0,0,0.40945085883140564
tip_middle_root_1_2_2,CNN,淡白,3,29,舌尖,0,0,0.03259928524494171
tip_middle_root_1_2_2,CNN,淡白,3,29,舌左邊,0,0,0.3382216691970825
tip_middle_root_1_2_2,CNN,淡白,3,29,舌根,0,1,0.6041748523712158
tip_middle_root_1_2_2,CNN,淡白,3,47,舌中,0,1,0.666071891784668
tip_middle_root_1_2_2,CNN,淡白,3,47,舌右邊,0,0,0.03214988484978676
tip_middle_root_1_2_2,CNN,淡白,3,47,舌尖,0,0,0.017705755308270454
tip_middle_root_1_2_2,CNN,淡白,3,47,舌左邊,0,0,0.1349981427192688
tip_middle_root_1_2_2,CNN,淡白,3,47,舌根,0,0,0.01755153201520443
tip_middle_root_1_2_2,CNN,淡白,3,49,舌中,0,0,0.3765753507614136
tip_middle_root_1_2_2,CNN,淡白,3,49,舌右邊,0,0,0.28694769740104675
tip_middle_root_1_2_2,CNN,淡白,3,49,舌尖,0,0,0.03075500763952732
tip_middle_root_1_2_2,CNN,淡白,3,49,舌左邊,0,0,0.27011969685554504
tip_middle_root_1_2_2,CNN,淡白,3,49,舌根,0,0,0.22659189999103546
tip_middle_root_1_2_2,CNN,淡白,3,56,舌中,0,1,0.5803174376487732
tip_middle_root_1_2_2,CNN,淡白,3,56,舌右邊,0,0,0.20125631988048553
tip_middle_root_1_2_2,CNN,淡白,3,56,舌尖,0,0,0.036766745150089264
tip_middle_root_1_2_2,CNN,淡白,3,56,舌左邊,0,0,0.24411971867084503
tip_middle_root_1_2_2,CNN,淡白,3,56,舌根,0,1,0.6160886287689209
tip_middle_root_1_2_2,CNN,淡白,3,57,舌中,0,0,0.3317718207836151
tip_middle_root_1_2_2,CNN,淡白,3,57,舌右邊,0,0,0.37717577815055847
tip_middle_root_1_2_2,CNN,淡白,3,57,舌尖,0,0,0.022270450368523598
tip_middle_root_1_2_2,CNN,淡白,3,57,舌左邊,0,0,0.4321705400943756
tip_middle_root_1_2_2,CNN,淡白,3,57,舌根,0,0,0.1296032965183258
tip_middle_root_1_2_2,CNN,淡白,3,59,舌中,0,0,0.3243273198604584
tip_middle_root_1_2_2,CNN,淡白,3,59,舌右邊,0,1,0.5062140226364136
tip_middle_root_1_2_2,CNN,淡白,3,59,舌尖,0,0,0.07208223640918732
tip_middle_root_1_2_2,CNN,淡白,3,59,舌左邊,0,0,0.40472614765167236
tip_middle_root_1_2_2,CNN,淡白,3,59,舌根,0,0,0.3584372103214264
tip_middle_root_1_2_2,CNN,淡白,3,8,舌中,0,0,0.38713929057121277
tip_middle_root_1_2_2,CNN,淡白,3,8,舌右邊,0,1,0.6014516949653625
tip_middle_root_1_2_2,CNN,淡白,3,8,舌尖,0,0,0.14262166619300842
tip_middle_root_1_2_2,CNN,淡白,3,8,舌左邊,0,0,0.3492138981819153
tip_middle_root_1_2_2,CNN,淡白,3,8,舌根,0,0,0.4919995367527008
tip_middle_root_1_2_2,CNN,淡白,3,85,舌中,0,1,0.5538865327835083
tip_middle_root_1_2_2,CNN,淡白,3,85,舌右邊,0,0,0.18167763948440552
tip_middle_root_1_2_2,CNN,淡白,3,85,舌尖,0,0,0.02206304669380188
tip_middle_root_1_2_2,CNN,淡白,3,85,舌左邊,0,0,0.3249320685863495
tip_middle_root_1_2_2,CNN,淡白,3,85,舌根,0,0,0.21553578972816467
tip_middle_root_1_2_2,CNN,淡白,3,9,舌中,0,0,0.27402177453041077
tip_middle_root_1_2_2,CNN,淡白,3,9,舌右邊,0,0,0.11559474468231201
tip_middle_root_1_2_2,CNN,淡白,3,9,舌尖,0,0,0.020503733307123184
tip_middle_root_1_2_2,CNN,淡白,3,9,舌左邊,0,0,0.10025112330913544
tip_middle_root_1_2_2,CNN,淡白,3,9,舌根,0,1,0.7784021496772766
tip_middle_root_1_2_2,CNN,淡白,4,17,舌中,0,0,0.48911088705062866
tip_middle_root_1_2_2,CNN,淡白,4,17,舌右邊,0,0,0.11579499393701553
tip_middle_root_1_2_2,CNN,淡白,4,17,舌尖,0,0,0.004877261817455292
tip_middle_root_1_2_2,CNN,淡白,4,17,舌左邊,0,0,0.11757618933916092
tip_middle_root_1_2_2,CNN,淡白,4,17,舌根,0,0,0.2796141505241394
tip_middle_root_1_2_2,CNN,淡白,4,31,舌中,0,1,0.578847348690033
tip_middle_root_1_2_2,CNN,淡白,4,31,舌右邊,0,0,0.29578328132629395
tip_middle_root_1_2_2,CNN,淡白,4,31,舌尖,0,0,0.05543258786201477
tip_middle_root_1_2_2,CNN,淡白,4,31,舌左邊,0,0,0.2566128373146057
tip_middle_root_1_2_2,CNN,淡白,4,31,舌根,0,1,0.67676842212677
tip_middle_root_1_2_2,CNN,淡白,4,36,舌中,0,0,0.4820365309715271
tip_middle_root_1_2_2,CNN,淡白,4,36,舌尖,0,0,0.00925226416438818
tip_middle_root_1_2_2,CNN,淡白,4,36,舌根,0,0,0.35354137420654297
tip_middle_root_1_2_2,CNN,淡白,4,41,舌中,0,1,0.7057253122329712
tip_middle_root_1_2_2,CNN,淡白,4,41,舌右邊,0,0,0.29033946990966797
tip_middle_root_1_2_2,CNN,淡白,4,41,舌尖,0,0,0.018227489665150642
tip_middle_root_1_2_2,CNN,淡白,4,41,舌左邊,0,0,0.2789144217967987
tip_middle_root_1_2_2,CNN,淡白,4,41,舌根,0,1,0.5392613410949707
tip_middle_root_1_2_2,CNN,淡白,4,42,舌中,0,0,0.38969162106513977
tip_middle_root_1_2_2,CNN,淡白,4,42,舌右邊,0,0,0.08298877626657486
tip_middle_root_1_2_2,CNN,淡白,4,42,舌尖,0,0,0.08210200816392899
tip_middle_root_1_2_2,CNN,淡白,4,42,舌左邊,0,0,0.41762575507164
tip_middle_root_1_2_2,CNN,淡白,4,42,舌根,0,1,0.6884346604347229
tip_middle_root_1_2_2,CNN,淡白,4,46,舌中,0,1,0.5735231041908264
tip_middle_root_1_2_2,CNN,淡白,4,46,舌右邊,0,0,0.20138387382030487
tip_middle_root_1_2_2,CNN,淡白,4,46,舌尖,0,0,0.05374780297279358
tip_middle_root_1_2_2,CNN,淡白,4,46,舌左邊,0,0,0.29023897647857666
tip_middle_root_1_2_2,CNN,淡白,4,46,舌根,0,0,0.2069917619228363
tip_middle_root_1_2_2,CNN,淡白,4,48,舌中,0,1,0.5434445142745972
tip_middle_root_1_2_2,CNN,淡白,4,48,舌右邊,0,0,0.12455109506845474
tip_middle_root_1_2_2,CNN,淡白,4,48,舌尖,0,0,0.11817484349012375
tip_middle_root_1_2_2,CNN,淡白,4,48,舌左邊,0,0,0.4688965380191803
tip_middle_root_1_2_2,CNN,淡白,4,48,舌根,0,1,0.7107270956039429
tip_middle_root_1_2_2,CNN,淡白,4,54,舌中,0,0,0.22046871483325958
tip_middle_root_1_2_2,CNN,淡白,4,54,舌右邊,0,0,0.42819666862487793
tip_middle_root_1_2_2,CNN,淡白,4,54,舌尖,0,0,0.09041497856378555
tip_middle_root_1_2_2,CNN,淡白,4,54,舌左邊,0,0,0.2146291732788086
tip_middle_root_1_2_2,CNN,淡白,4,54,舌根,0,1,0.7146243453025818
tip_middle_root_1_2_2,CNN,淡白,4,64,舌中,0,0,0.34093984961509705
tip_middle_root_1_2_2,CNN,淡白,4,64,舌右邊,0,0,0.1775551438331604
tip_middle_root_1_2_2,CNN,淡白,4,64,舌尖,0,0,0.03383852168917656
tip_middle_root_1_2_2,CNN,淡白,4,64,舌左邊,0,0,0.3195416331291199
tip_middle_root_1_2_2,CNN,淡白,4,64,舌根,0,1,0.6170024275779724
tip_middle_root_1_2_2,CNN,淡白,4,70,舌中,0,0,0.17562344670295715
tip_middle_root_1_2_2,CNN,淡白,4,70,舌右邊,0,0,0.1390906572341919
tip_middle_root_1_2_2,CNN,淡白,4,70,舌尖,0,0,0.011329899542033672
tip_middle_root_1_2_2,CNN,淡白,4,70,舌左邊,0,0,0.1585911363363266
tip_middle_root_1_2_2,CNN,淡白,4,70,舌根,0,1,0.5811777710914612
tip_middle_root_1_2_2,CNN,淡白,5,13,舌右邊,0,0,0.1819392889738083
tip_middle_root_1_2_2,CNN,淡白,5,13,舌尖,0,0,0.003007615450769663
tip_middle_root_1_2_2,CNN,淡白,5,13,舌左邊,0,0,0.39972564578056335
tip_middle_root_1_2_2,CNN,淡白,5,19,舌中,0,1,0.7336485981941223
tip_middle_root_1_2_2,CNN,淡白,5,19,舌右邊,0,0,0.45003482699394226
tip_middle_root_1_2_2,CNN,淡白,5,19,舌尖,0,0,0.03000766970217228
tip_middle_root_1_2_2,CNN,淡白,5,19,舌左邊,0,0,0.4096718430519104
tip_middle_root_1_2_2,CNN,淡白,5,19,舌根,0,1,0.700046956539154
tip_middle_root_1_2_2,CNN,淡白,5,34,舌中,0,1,0.704963207244873
tip_middle_root_1_2_2,CNN,淡白,5,34,舌右邊,0,0,0.1154877096414566
tip_middle_root_1_2_2,CNN,淡白,5,34,舌尖,0,0,0.028223438188433647
tip_middle_root_1_2_2,CNN,淡白,5,34,舌左邊,0,0,0.19456103444099426
tip_middle_root_1_2_2,CNN,淡白,5,34,舌根,0,1,0.800940752029419
tip_middle_root_1_2_2,CNN,淡白,5,35,舌中,0,1,0.6474245190620422
tip_middle_root_1_2_2,CNN,淡白,5,35,舌右邊,0,0,0.3594541549682617
tip_middle_root_1_2_2,CNN,淡白,5,35,舌尖,0,0,0.010248973965644836
tip_middle_root_1_2_2,CNN,淡白,5,35,舌左邊,0,0,0.16540978848934174
tip_middle_root_1_2_2,CNN,淡白,5,35,舌根,0,0,0.16684287786483765
tip_middle_root_1_2_2,CNN,淡白,5,38,舌中,0,1,0.8046810030937195
tip_middle_root_1_2_2,CNN,淡白,5,38,舌右邊,0,1,0.5371386408805847
tip_middle_root_1_2_2,CNN,淡白,5,38,舌尖,0,0,0.03402183577418327
tip_middle_root_1_2_2,CNN,淡白,5,38,舌左邊,0,1,0.5010348558425903
tip_middle_root_1_2_2,CNN,淡白,5,38,舌根,0,0,0.4125402867794037
tip_middle_root_1_2_2,CNN,淡白,5,51,舌中,0,1,0.5396945476531982
tip_middle_root_1_2_2,CNN,淡白,5,51,舌右邊,0,0,0.10759523510932922
tip_middle_root_1_2_2,CNN,淡白,5,51,舌尖,0,0,0.11128385365009308
tip_middle_root_1_2_2,CNN,淡白,5,51,舌左邊,0,0,0.10679451376199722
tip_middle_root_1_2_2,CNN,淡白,5,51,舌根,0,1,0.6541078090667725
tip_middle_root_1_2_2,CNN,淡白,5,52,舌中,0,1,0.5397622585296631
tip_middle_root_1_2_2,CNN,淡白,5,52,舌右邊,0,0,0.4554944336414337
tip_middle_root_1_2_2,CNN,淡白,5,52,舌尖,0,0,0.12481068819761276
tip_middle_root_1_2_2,CNN,淡白,5,52,舌左邊,0,0,0.39857640862464905
tip_middle_root_1_2_2,CNN,淡白,5,52,舌根,0,1,0.5897359251976013
tip_middle_root_1_2_2,CNN,淡白,5,6,舌中,0,0,0.4202350378036499
tip_middle_root_1_2_2,CNN,淡白,5,6,舌右邊,0,0,0.12215954810380936
tip_middle_root_1_2_2,CNN,淡白,5,6,舌尖,0,0,0.019226277247071266
tip_middle_root_1_2_2,CNN,淡白,5,6,舌左邊,0,0,0.27187666296958923
tip_middle_root_1_2_2,CNN,淡白,5,6,舌根,0,0,0.4614006578922272
tip_middle_root_1_2_2,CNN,淡白,5,68,舌中,0,0,0.480448842048645
tip_middle_root_1_2_2,CNN,淡白,5,68,舌右邊,0,0,0.35152751207351685
tip_middle_root_1_2_2,CNN,淡白,5,68,舌尖,0,0,0.015430953353643417
tip_middle_root_1_2_2,CNN,淡白,5,68,舌左邊,0,0,0.2715008854866028
tip_middle_root_1_2_2,CNN,淡白,5,68,舌根,0,0,0.32557523250579834
tip_middle_root_1_2_2,CNN,淡白,5,87,舌中,0,0,0.45903441309928894
tip_middle_root_1_2_2,CNN,淡白,5,87,舌右邊,0,0,0.16226480901241302
tip_middle_root_1_2_2,CNN,淡白,5,87,舌尖,0,0,0.015503663569688797
tip_middle_root_1_2_2,CNN,淡白,5,87,舌左邊,0,0,0.20366352796554565
tip_middle_root_1_2_2,CNN,淡白,5,87,舌根,0,0,0.3808158338069916
tip_middle_root_1_3_1,CNN,淡白,1,10,舌中,0,0,0.4646802246570587
tip_middle_root_1_3_1,CNN,淡白,1,10,舌右邊,0,0,0.047503482550382614
tip_middle_root_1_3_1,CNN,淡白,1,10,舌尖,0,0,0.00012946913193445653
tip_middle_root_1_3_1,CNN,淡白,1,10,舌左邊,0,0,0.3261279761791229
tip_middle_root_1_3_1,CNN,淡白,1,10,舌根,0,0,0.01325417123734951
tip_middle_root_1_3_1,CNN,淡白,1,2,舌中,0,1,0.6087161898612976
tip_middle_root_1_3_1,CNN,淡白,1,2,舌右邊,0,0,0.0034310852643102407
tip_middle_root_1_3_1,CNN,淡白,1,2,舌尖,0,0,0.001054715015925467
tip_middle_root_1_3_1,CNN,淡白,1,2,舌左邊,0,0,0.014813968911767006
tip_middle_root_1_3_1,CNN,淡白,1,2,舌根,0,0,0.0064898463897407055
tip_middle_root_1_3_1,CNN,淡白,1,26,舌中,0,0,0.2164590209722519
tip_middle_root_1_3_1,CNN,淡白,1,26,舌右邊,0,0,0.04713751748204231
tip_middle_root_1_3_1,CNN,淡白,1,26,舌尖,0,0,0.00013629095337819308
tip_middle_root_1_3_1,CNN,淡白,1,26,舌左邊,0,0,0.09695030748844147
tip_middle_root_1_3_1,CNN,淡白,1,26,舌根,0,0,0.0025311196222901344
tip_middle_root_1_3_1,CNN,淡白,1,27,舌中,0,1,0.7008745670318604
tip_middle_root_1_3_1,CNN,淡白,1,27,舌根,0,0,0.005084861535578966
tip_middle_root_1_3_1,CNN,淡白,1,32,舌中,0,1,0.8088751435279846
tip_middle_root_1_3_1,CNN,淡白,1,32,舌右邊,0,0,0.06080251559615135
tip_middle_root_1_3_1,CNN,淡白,1,32,舌尖,0,0,0.0009710369631648064
tip_middle_root_1_3_1,CNN,淡白,1,32,舌左邊,0,0,0.27601784467697144
tip_middle_root_1_3_1,CNN,淡白,1,32,舌根,0,0,0.2929500341415405
tip_middle_root_1_3_1,CNN,淡白,1,39,舌中,0,0,0.4088425934314728
tip_middle_root_1_3_1,CNN,淡白,1,39,舌右邊,0,1,0.5272951126098633
tip_middle_root_1_3_1,CNN,淡白,1,39,舌尖,0,0,0.0009027734631672502
tip_middle_root_1_3_1,CNN,淡白,1,39,舌左邊,0,0,0.30005788803100586
tip_middle_root_1_3_1,CNN,淡白,1,39,舌根,0,0,0.0006424883031286299
tip_middle_root_1_3_1,CNN,淡白,1,45,舌中,0,1,0.5186246037483215
tip_middle_root_1_3_1,CNN,淡白,1,45,舌右邊,0,0,0.17315834760665894
tip_middle_root_1_3_1,CNN,淡白,1,45,舌尖,0,0,0.0004288888012524694
tip_middle_root_1_3_1,CNN,淡白,1,45,舌左邊,0,0,0.4262092113494873
tip_middle_root_1_3_1,CNN,淡白,1,45,舌根,0,0,0.008560135029256344
tip_middle_root_1_3_1,CNN,淡白,1,55,舌中,0,0,0.29251956939697266
tip_middle_root_1_3_1,CNN,淡白,1,55,舌右邊,0,0,0.0474141426384449
tip_middle_root_1_3_1,CNN,淡白,1,55,舌尖,0,0,0.0002201822935603559
tip_middle_root_1_3_1,CNN,淡白,1,55,舌左邊,0,0,0.04577232152223587
tip_middle_root_1_3_1,CNN,淡白,1,55,舌根,0,0,0.07373955845832825
tip_middle_root_1_3_1,CNN,淡白,1,58,舌中,1,1,0.6389291286468506
tip_middle_root_1_3_1,CNN,淡白,1,58,舌右邊,1,0,0.21133750677108765
tip_middle_root_1_3_1,CNN,淡白,1,58,舌左邊,1,0,0.12727631628513336
tip_middle_root_1_3_1,CNN,淡白,1,58,舌根,1,0,0.011104394681751728
tip_middle_root_1_3_1,CNN,淡白,1,72,舌中,0,0,0.05832764878869057
tip_middle_root_1_3_1,CNN,淡白,1,72,舌右邊,0,0,0.05704790726304054
tip_middle_root_1_3_1,CNN,淡白,1,72,舌尖,0,0,0.000739962444640696
tip_middle_root_1_3_1,CNN,淡白,1,72,舌左邊,0,0,0.421873539686203
tip_middle_root_1_3_1,CNN,淡白,1,72,舌根,0,0,0.00018519976583775133
tip_middle_root_1_3_1,CNN,淡白,1,96,舌中,0,0,0.10876064002513885
tip_middle_root_1_3_1,CNN,淡白,1,96,舌右邊,0,0,0.03489532694220543
tip_middle_root_1_3_1,CNN,淡白,1,96,舌尖,0,0,0.0005141267320141196
tip_middle_root_1_3_1,CNN,淡白,1,96,舌左邊,0,0,0.1113421693444252
tip_middle_root_1_3_1,CNN,淡白,1,96,舌根,0,0,0.11162004619836807
tip_middle_root_1_3_1,CNN,淡白,2,11,舌中,0,0,0.39705929160118103
tip_middle_root_1_3_1,CNN,淡白,2,11,舌右邊,0,0,0.20770865678787231
tip_middle_root_1_3_1,CNN,淡白,2,11,舌尖,0,0,0.009682421572506428
tip_middle_root_1_3_1,CNN,淡白,2,11,舌左邊,0,0,0.1233210563659668
tip_middle_root_1_3_1,CNN,淡白,2,11,舌根,0,1,0.7597209811210632
tip_middle_root_1_3_1,CNN,淡白,2,20,舌中,0,1,0.7965425848960876
tip_middle_root_1_3_1,CNN,淡白,2,20,舌尖,0,0,0.0505480132997036
tip_middle_root_1_3_1,CNN,淡白,2,20,舌根,0,1,0.8483266830444336
tip_middle_root_1_3_1,CNN,淡白,2,24,舌中,0,1,0.6140826344490051
tip_middle_root_1_3_1,CNN,淡白,2,24,舌右邊,0,0,0.4783506691455841
tip_middle_root_1_3_1,CNN,淡白,2,24,舌尖,0,0,0.1429263800382614
tip_middle_root_1_3_1,CNN,淡白,2,24,舌左邊,0,1,0.5067774057388306
tip_middle_root_1_3_1,CNN,淡白,2,24,舌根,0,1,0.7087676525115967
tip_middle_root_1_3_1,CNN,淡白,2,37,舌中,0,1,0.6613738536834717
tip_middle_root_1_3_1,CNN,淡白,2,37,舌右邊,0,0,0.18755507469177246
tip_middle_root_1_3_1,CNN,淡白,2,37,舌尖,0,0,0.05369005352258682
tip_middle_root_1_3_1,CNN,淡白,2,37,舌左邊,0,0,0.46042943000793457
tip_middle_root_1_3_1,CNN,淡白,2,37,舌根,0,1,0.767249584197998
tip_middle_root_1_3_1,CNN,淡白,2,40,舌中,0,0,0.417452335357666
tip_middle_root_1_3_1,CNN,淡白,2,40,舌右邊,0,0,0.11213701963424683
tip_middle_root_1_3_1,CNN,淡白,2,40,舌尖,0,0,0.09295844286680222
tip_middle_root_1_3_1,CNN,淡白,2,40,舌左邊,0,0,0.16362185776233673
tip_middle_root_1_3_1,CNN,淡白,2,40,舌根,0,0,0.07524629682302475
tip_middle_root_1_3_1,CNN,淡白,2,44,舌中,0,1,0.7858743071556091
tip_middle_root_1_3_1,CNN,淡白,2,44,舌右邊,0,0,0.3914393484592438
tip_middle_root_1_3_1,CNN,淡白,2,44,舌尖,0,0,0.16196025907993317
tip_middle_root_1_3_1,CNN,淡白,2,44,舌左邊,0,1,0.6533063650131226
tip_middle_root_1_3_1,CNN,淡白,2,44,舌根,0,1,0.6812061071395874
tip_middle_root_1_3_1,CNN,淡白,2,5,舌左邊,1,0,0.255092591047287
tip_middle_root_1_3_1,CNN,淡白,2,50,舌中,0,1,0.8071929812431335
tip_middle_root_1_3_1,CNN,淡白,2,50,舌右邊,0,1,0.6327742338180542
tip_middle_root_1_3_1,CNN,淡白,2,50,舌尖,0,0,0.2438810020685196
tip_middle_root_1_3_1,CNN,淡白,2,50,舌左邊,0,1,0.6303342580795288
tip_middle_root_1_3_1,CNN,淡白,2,50,舌根,0,1,0.5033774375915527
tip_middle_root_1_3_1,CNN,淡白,2,53,舌中,0,1,0.7725325226783752
tip_middle_root_1_3_1,CNN,淡白,2,53,舌右邊,0,1,0.6597849130630493
tip_middle_root_1_3_1,CNN,淡白,2,53,舌尖,0,0,0.09589023888111115
tip_middle_root_1_3_1,CNN,淡白,2,53,舌左邊,0,1,0.7463111281394958
tip_middle_root_1_3_1,CNN,淡白,2,53,舌根,0,1,0.5620126724243164
tip_middle_root_1_3_1,CNN,淡白,2,60,舌中,0,1,0.7598733901977539
tip_middle_root_1_3_1,CNN,淡白,2,60,舌右邊,0,0,0.41667765378952026
tip_middle_root_1_3_1,CNN,淡白,2,60,舌尖,0,0,0.040367044508457184
tip_middle_root_1_3_1,CNN,淡白,2,60,舌左邊,0,1,0.5597606897354126
tip_middle_root_1_3_1,CNN,淡白,2,60,舌根,0,1,0.6071372032165527
tip_middle_root_1_3_1,CNN,淡白,2,74,舌中,0,1,0.7702581882476807
tip_middle_root_1_3_1,CNN,淡白,2,74,舌右邊,0,0,0.40433841943740845
tip_middle_root_1_3_1,CNN,淡白,2,74,舌尖,0,0,0.013610376976430416
tip_middle_root_1_3_1,CNN,淡白,2,74,舌左邊,0,0,0.2525038421154022
tip_middle_root_1_3_1,CNN,淡白,2,74,舌根,0,1,0.6697332859039307
tip_middle_root_1_3_1,CNN,淡白,3,23,舌中,0,1,0.9106622338294983
tip_middle_root_1_3_1,CNN,淡白,3,23,舌右邊,0,1,0.7837141156196594
tip_middle_root_1_3_1,CNN,淡白,3,23,舌尖,0,0,0.07110835611820221
tip_middle_root_1_3_1,CNN,淡白,3,23,舌左邊,0,1,0.7735638618469238
tip_middle_root_1_3_1,CNN,淡白,3,23,舌根,0,1,0.9349272847175598
tip_middle_root_1_3_1,CNN,淡白,3,29,舌中,0,1,0.9053661227226257
tip_middle_root_1_3_1,CNN,淡白,3,29,舌右邊,0,1,0.8298995494842529
tip_middle_root_1_3_1,CNN,淡白,3,29,舌尖,0,0,0.06808613985776901
tip_middle_root_1_3_1,CNN,淡白,3,29,舌左邊,0,1,0.752410888671875
tip_middle_root_1_3_1,CNN,淡白,3,29,舌根,0,1,0.7659884691238403
tip_middle_root_1_3_1,CNN,淡白,3,47,舌中,0,1,0.8378951549530029
tip_middle_root_1_3_1,CNN,淡白,3,47,舌右邊,0,0,0.2106918841600418
tip_middle_root_1_3_1,CNN,淡白,3,47,舌尖,0,0,0.07253734022378922
tip_middle_root_1_3_1,CNN,淡白,3,47,舌左邊,0,0,0.3985297381877899
tip_middle_root_1_3_1,CNN,淡白,3,47,舌根,0,0,0.1277705729007721
tip_middle_root_1_3_1,CNN,淡白,3,49,舌中,0,1,0.8924543857574463
tip_middle_root_1_3_1,CNN,淡白,3,49,舌右邊,0,1,0.6431502103805542
tip_middle_root_1_3_1,CNN,淡白,3,49,舌尖,0,0,0.03111186809837818
tip_middle_root_1_3_1,CNN,淡白,3,49,舌左邊,0,0,0.4207090735435486
tip_middle_root_1_3_1,CNN,淡白,3,49,舌根,0,1,0.7811477184295654
tip_middle_root_1_3_1,CNN,淡白,3,56,舌中,0,1,0.8476072549819946
tip_middle_root_1_3_1,CNN,淡白,3,56,舌右邊,0,1,0.8813610076904297
tip_middle_root_1_3_1,CNN,淡白,3,56,舌尖,0,0,0.07784102857112885
tip_middle_root_1_3_1,CNN,淡白,3,56,舌左邊,0,1,0.9582237601280212
tip_middle_root_1_3_1,CNN,淡白,3,56,舌根,0,1,0.8741719126701355
tip_middle_root_1_3_1,CNN,淡白,3,57,舌中,0,1,0.7971027493476868
tip_middle_root_1_3_1,CNN,淡白,3,57,舌右邊,0,1,0.7620497941970825
tip_middle_root_1_3_1,CNN,淡白,3,57,舌尖,0,0,0.0071721128188073635
tip_middle_root_1_3_1,CNN,淡白,3,57,舌左邊,0,0,0.21003814041614532
tip_middle_root_1_3_1,CNN,淡白,3,57,舌根,0,0,0.3674153983592987
tip_middle_root_1_3_1,CNN,淡白,3,59,舌中,0,1,0.8796700835227966
tip_middle_root_1_3_1,CNN,淡白,3,59,舌右邊,0,1,0.661953866481781
tip_middle_root_1_3_1,CNN,淡白,3,59,舌尖,0,0,0.041586700826883316
tip_middle_root_1_3_1,CNN,淡白,3,59,舌左邊,0,1,0.6119806170463562
tip_middle_root_1_3_1,CNN,淡白,3,59,舌根,0,1,0.928918719291687
tip_middle_root_1_3_1,CNN,淡白,3,8,舌中,0,1,0.6361762881278992
tip_middle_root_1_3_1,CNN,淡白,3,8,舌右邊,0,1,0.8191444277763367
tip_middle_root_1_3_1,CNN,淡白,3,8,舌尖,0,0,0.06853187829256058
tip_middle_root_1_3_1,CNN,淡白,3,8,舌左邊,0,0,0.3956577777862549
tip_middle_root_1_3_1,CNN,淡白,3,8,舌根,0,1,0.6555367708206177
tip_middle_root_1_3_1,CNN,淡白,3,85,舌中,0,1,0.8290969133377075
tip_middle_root_1_3_1,CNN,淡白,3,85,舌右邊,0,0,0.2245665043592453
tip_middle_root_1_3_1,CNN,淡白,3,85,舌尖,0,0,0.03338469937443733
tip_middle_root_1_3_1,CNN,淡白,3,85,舌左邊,0,1,0.5104846954345703
tip_middle_root_1_3_1,CNN,淡白,3,85,舌根,0,1,0.7343301773071289
tip_middle_root_1_3_1,CNN,淡白,3,9,舌中,0,1,0.7051745057106018
tip_middle_root_1_3_1,CNN,淡白,3,9,舌右邊,0,0,0.21902191638946533
tip_middle_root_1_3_1,CNN,淡白,3,9,舌尖,0,0,0.021138476207852364
tip_middle_root_1_3_1,CNN,淡白,3,9,舌左邊,0,0,0.42063671350479126
tip_middle_root_1_3_1,CNN,淡白,3,9,舌根,0,1,0.876558780670166
tip_middle_root_1_3_1,CNN,淡白,4,17,舌中,0,1,0.7526311278343201
tip_middle_root_1_3_1,CNN,淡白,4,17,舌右邊,0,0,0.2964343726634979
tip_middle_root_1_3_1,CNN,淡白,4,17,舌尖,0,0,0.002949465997517109
tip_middle_root_1_3_1,CNN,淡白,4,17,舌左邊,0,0,0.36723482608795166
tip_middle_root_1_3_1,CNN,淡白,4,17,舌根,0,0,0.2923908531665802
tip_middle_root_1_3_1,CNN,淡白,4,31,舌中,0,1,0.8354254364967346
tip_middle_root_1_3_1,CNN,淡白,4,31,舌右邊,0,0,0.3772599697113037
tip_middle_root_1_3_1,CNN,淡白,4,31,舌尖,0,0,0.021563313901424408
tip_middle_root_1_3_1,CNN,淡白,4,31,舌左邊,0,0,0.16156841814517975
tip_middle_root_1_3_1,CNN,淡白,4,31,舌根,0,1,0.6790845394134521
tip_middle_root_1_3_1,CNN,淡白,4,36,舌中,0,1,0.9102055430412292
tip_middle_root_1_3_1,CNN,淡白,4,36,舌尖,0,0,0.0015181133057922125
tip_middle_root_1_3_1,CNN,淡白,4,36,舌根,0,0,0.21397842466831207
tip_middle_root_1_3_1,CNN,淡白,4,41,舌中,0,1,0.8615594506263733
tip_middle_root_1_3_1,CNN,淡白,4,41,舌右邊,0,0,0.280965119600296
tip_middle_root_1_3_1,CNN,淡白,4,41,舌尖,0,0,0.012640389613807201
tip_middle_root_1_3_1,CNN,淡白,4,41,舌左邊,0,0,0.4479210376739502
tip_middle_root_1_3_1,CNN,淡白,4,41,舌根,0,1,0.550755500793457
tip_middle_root_1_3_1,CNN,淡白,4,42,舌中,0,1,0.8458199501037598
tip_middle_root_1_3_1,CNN,淡白,4,42,舌右邊,0,0,0.19992950558662415
tip_middle_root_1_3_1,CNN,淡白,4,42,舌尖,0,0,0.045012637972831726
tip_middle_root_1_3_1,CNN,淡白,4,42,舌左邊,0,1,0.7403143644332886
tip_middle_root_1_3_1,CNN,淡白,4,42,舌根,0,1,0.8385289907455444
tip_middle_root_1_3_1,CNN,淡白,4,46,舌中,0,1,0.7729560732841492
tip_middle_root_1_3_1,CNN,淡白,4,46,舌右邊,0,1,0.5434346795082092
tip_middle_root_1_3_1,CNN,淡白,4,46,舌尖,0,0,0.02674245461821556
tip_middle_root_1_3_1,CNN,淡白,4,46,舌左邊,0,1,0.6128235459327698
tip_middle_root_1_3_1,CNN,淡白,4,46,舌根,0,0,0.4176044762134552
tip_middle_root_1_3_1,CNN,淡白,4,48,舌中,0,1,0.8294008374214172
tip_middle_root_1_3_1,CNN,淡白,4,48,舌右邊,0,1,0.6110549569129944
tip_middle_root_1_3_1,CNN,淡白,4,48,舌尖,0,0,0.04460578411817551
tip_middle_root_1_3_1,CNN,淡白,4,48,舌左邊,0,1,0.6967903971672058
tip_middle_root_1_3_1,CNN,淡白,4,48,舌根,0,1,0.7976992130279541
tip_middle_root_1_3_1,CNN,淡白,4,54,舌中,0,0,0.390281617641449
tip_middle_root_1_3_1,CNN,淡白,4,54,舌右邊,0,1,0.7109857201576233
tip_middle_root_1_3_1,CNN,淡白,4,54,舌尖,0,0,0.01778947003185749
tip_middle_root_1_3_1,CNN,淡白,4,54,舌左邊,0,1,0.7396031022071838
tip_middle_root_1_3_1,CNN,淡白,4,54,舌根,0,0,0.4439951479434967
tip_middle_root_1_3_1,CNN,淡白,4,64,舌中,0,1,0.8803178668022156
tip_middle_root_1_3_1,CNN,淡白,4,64,舌右邊,0,0,0.4141371548175812
tip_middle_root_1_3_1,CNN,淡白,4,64,舌尖,0,0,0.01479271613061428
tip_middle_root_1_3_1,CNN,淡白,4,64,舌左邊,0,1,0.6816867589950562
tip_middle_root_1_3_1,CNN,淡白,4,64,舌根,0,0,0.44328010082244873
tip_middle_root_1_3_1,CNN,淡白,4,70,舌中,0,1,0.7205724716186523
tip_middle_root_1_3_1,CNN,淡白,4,70,舌右邊,0,1,0.7029565572738647
tip_middle_root_1_3_1,CNN,淡白,4,70,舌尖,0,0,0.00180444389116019
tip_middle_root_1_3_1,CNN,淡白,4,70,舌左邊,0,0,0.4682466983795166
tip_middle_root_1_3_1,CNN,淡白,4,70,舌根,0,0,0.32338982820510864
tip_middle_root_1_3_1,CNN,淡白,5,13,舌右邊,0,1,0.5449492335319519
tip_middle_root_1_3_1,CNN,淡白,5,13,舌尖,0,0,0.04487035423517227
tip_middle_root_1_3_1,CNN,淡白,5,13,舌左邊,0,0,0.468706876039505
tip_middle_root_1_3_1,CNN,淡白,5,19,舌中,0,1,0.8808771371841431
tip_middle_root_1_3_1,CNN,淡白,5,19,舌右邊,0,1,0.9172465801239014
tip_middle_root_1_3_1,CNN,淡白,5,19,舌尖,0,0,0.23712629079818726
tip_middle_root_1_3_1,CNN,淡白,5,19,舌左邊,0,0,0.40848106145858765
tip_middle_root_1_3_1,CNN,淡白,5,19,舌根,0,1,0.9610705375671387
tip_middle_root_1_3_1,CNN,淡白,5,34,舌中,0,1,0.9092623591423035
tip_middle_root_1_3_1,CNN,淡白,5,34,舌右邊,0,1,0.7588987350463867
tip_middle_root_1_3_1,CNN,淡白,5,34,舌尖,0,0,0.16652537882328033
tip_middle_root_1_3_1,CNN,淡白,5,34,舌左邊,0,1,0.6877245306968689
tip_middle_root_1_3_1,CNN,淡白,5,34,舌根,0,1,0.9628243446350098
tip_middle_root_1_3_1,CNN,淡白,5,35,舌中,0,1,0.8367475271224976
tip_middle_root_1_3_1,CNN,淡白,5,35,舌右邊,0,1,0.7498429417610168
tip_middle_root_1_3_1,CNN,淡白,5,35,舌尖,0,0,0.09704197198152542
tip_middle_root_1_3_1,CNN,淡白,5,35,舌左邊,0,1,0.720349133014679
tip_middle_root_1_3_1,CNN,淡白,5,35,舌根,0,1,0.6399690508842468
tip_middle_root_1_3_1,CNN,淡白,5,38,舌中,0,1,0.7692199945449829
tip_middle_root_1_3_1,CNN,淡白,5,38,舌右邊,0,1,0.8149135112762451
tip_middle_root_1_3_1,CNN,淡白,5,38,舌尖,0,0,0.1668238639831543
tip_middle_root_1_3_1,CNN,淡白,5,38,舌左邊,0,1,0.806378185749054
tip_middle_root_1_3_1,CNN,淡白,5,38,舌根,0,1,0.8455576300621033
tip_middle_root_1_3_1,CNN,淡白,5,51,舌中,0,1,0.8863904476165771
tip_middle_root_1_3_1,CNN,淡白,5,51,舌右邊,0,1,0.6974586248397827
tip_middle_root_1_3_1,CNN,淡白,5,51,舌尖,0,1,0.5647932887077332
tip_middle_root_1_3_1,CNN,淡白,5,51,舌左邊,0,1,0.6573949456214905
tip_middle_root_1_3_1,CNN,淡白,5,51,舌根,0,1,0.9167887568473816
tip_middle_root_1_3_1,CNN,淡白,5,52,舌中,0,1,0.810417652130127
tip_middle_root_1_3_1,CNN,淡白,5,52,舌右邊,0,1,0.8421776294708252
tip_middle_root_1_3_1,CNN,淡白,5,52,舌尖,0,0,0.2775669991970062
tip_middle_root_1_3_1,CNN,淡白,5,52,舌左邊,0,1,0.8657916784286499
tip_middle_root_1_3_1,CNN,淡白,5,52,舌根,0,1,0.8530320525169373
tip_middle_root_1_3_1,CNN,淡白,5,6,舌中,0,1,0.6240134835243225
tip_middle_root_1_3_1,CNN,淡白,5,6,舌右邊,0,0,0.16288748383522034
tip_middle_root_1_3_1,CNN,淡白,5,6,舌尖,0,0,0.06760291755199432
tip_middle_root_1_3_1,CNN,淡白,5,6,舌左邊,0,1,0.7819470763206482
tip_middle_root_1_3_1,CNN,淡白,5,6,舌根,0,1,0.9038437008857727
tip_middle_root_1_3_1,CNN,淡白,5,68,舌中,0,1,0.6877838969230652
tip_middle_root_1_3_1,CNN,淡白,5,68,舌右邊,0,1,0.5230906009674072
tip_middle_root_1_3_1,CNN,淡白,5,68,舌尖,0,0,0.1973922699689865
tip_middle_root_1_3_1,CNN,淡白,5,68,舌左邊,0,1,0.6282075047492981
tip_middle_root_1_3_1,CNN,淡白,5,68,舌根,0,1,0.6097968220710754
tip_middle_root_1_3_1,CNN,淡白,5,87,舌中,0,1,0.71945720911026
tip_middle_root_1_3_1,CNN,淡白,5,87,舌右邊,0,1,0.845501184463501
tip_middle_root_1_3_1,CNN,淡白,5,87,舌尖,0,0,0.10012690722942352
tip_middle_root_1_3_1,CNN,淡白,5,87,舌左邊,0,1,0.7423617839813232
tip_middle_root_1_3_1,CNN,淡白,5,87,舌根,0,1,0.6143985986709595
tip_middle_root_1_2_2,CNN,鮮紅,1,30,舌中,0,1,0.5143530368804932
tip_middle_root_1_2_2,CNN,鮮紅,1,30,舌右邊,0,1,0.78824383020401
tip_middle_root_1_2_2,CNN,鮮紅,1,30,舌尖,0,1,0.9014168977737427
tip_middle_root_1_2_2,CNN,鮮紅,1,30,舌左邊,0,1,0.622333824634552
tip_middle_root_1_2_2,CNN,鮮紅,1,30,舌根,0,0,0.25310954451560974
tip_middle_root_1_2_2,CNN,鮮紅,1,45,舌中,0,0,0.4132884442806244
tip_middle_root_1_2_2,CNN,鮮紅,1,45,舌右邊,0,1,0.5722601413726807
tip_middle_root_1_2_2,CNN,鮮紅,1,45,舌尖,0,1,0.8636126518249512
tip_middle_root_1_2_2,CNN,鮮紅,1,45,舌左邊,0,1,0.7699328660964966
tip_middle_root_1_2_2,CNN,鮮紅,1,45,舌根,0,0,0.2877565324306488
tip_middle_root_1_2_2,CNN,鮮紅,1,46,舌中,0,1,0.6274576187133789
tip_middle_root_1_2_2,CNN,鮮紅,1,46,舌右邊,0,1,0.9043306112289429
tip_middle_root_1_2_2,CNN,鮮紅,1,46,舌左邊,0,1,0.8793256878852844
tip_middle_root_1_2_2,CNN,鮮紅,1,46,舌根,0,0,0.4135274589061737
tip_middle_root_1_2_2,CNN,鮮紅,1,48,舌尖,1,1,0.9027897119522095
tip_middle_root_1_2_2,CNN,鮮紅,1,58,舌中,0,1,0.5290318727493286
tip_middle_root_1_2_2,CNN,鮮紅,1,58,舌右邊,0,1,0.7227306962013245
tip_middle_root_1_2_2,CNN,鮮紅,1,58,舌尖,0,1,0.8667454123497009
tip_middle_root_1_2_2,CNN,鮮紅,1,58,舌左邊,0,1,0.7260757088661194
tip_middle_root_1_2_2,CNN,鮮紅,1,58,舌根,0,0,0.35117730498313904
tip_middle_root_1_2_2,CNN,鮮紅,1,60,舌尖,1,1,0.9014329314231873
tip_middle_root_1_2_2,CNN,鮮紅,1,7,舌中,0,1,0.5181558728218079
tip_middle_root_1_2_2,CNN,鮮紅,1,7,舌右邊,0,1,0.8653930425643921
tip_middle_root_1_2_2,CNN,鮮紅,1,7,舌尖,0,1,0.9465925097465515
tip_middle_root_1_2_2,CNN,鮮紅,1,7,舌左邊,0,1,0.887579619884491
tip_middle_root_1_2_2,CNN,鮮紅,1,7,舌根,0,1,0.6768268942832947
tip_middle_root_1_2_2,CNN,鮮紅,1,70,舌中,1,1,0.7629477977752686
tip_middle_root_1_2_2,CNN,鮮紅,1,70,舌右邊,1,1,0.9564929008483887
tip_middle_root_1_2_2,CNN,鮮紅,1,70,舌尖,1,1,0.9648903608322144
tip_middle_root_1_2_2,CNN,鮮紅,1,70,舌左邊,1,1,0.9481463432312012
tip_middle_root_1_2_2,CNN,鮮紅,1,70,舌根,1,1,0.8778148889541626
tip_middle_root_1_2_2,CNN,鮮紅,1,8,舌中,0,1,0.5981693267822266
tip_middle_root_1_2_2,CNN,鮮紅,1,8,舌右邊,0,1,0.6019794344902039
tip_middle_root_1_2_2,CNN,鮮紅,1,8,舌尖,0,1,0.8174144625663757
tip_middle_root_1_2_2,CNN,鮮紅,1,8,舌左邊,0,1,0.7942132949829102
tip_middle_root_1_2_2,CNN,鮮紅,1,8,舌根,0,1,0.5584351420402527
tip_middle_root_1_2_2,CNN,鮮紅,1,96,舌中,1,1,0.6376652121543884
tip_middle_root_1_2_2,CNN,鮮紅,1,96,舌右邊,1,1,0.9514851570129395
tip_middle_root_1_2_2,CNN,鮮紅,1,96,舌尖,1,1,0.9592941403388977
tip_middle_root_1_2_2,CNN,鮮紅,1,96,舌左邊,1,1,0.9402660727500916
tip_middle_root_1_2_2,CNN,鮮紅,2,11,舌中,0,1,0.6763327717781067
tip_middle_root_1_2_2,CNN,鮮紅,2,11,舌右邊,0,1,0.8960496187210083
tip_middle_root_1_2_2,CNN,鮮紅,2,11,舌尖,0,1,0.8201228976249695
tip_middle_root_1_2_2,CNN,鮮紅,2,11,舌左邊,0,1,0.9354397058486938
tip_middle_root_1_2_2,CNN,鮮紅,2,11,舌根,0,0,0.4275643825531006
tip_middle_root_1_2_2,CNN,鮮紅,2,19,舌中,0,0,0.3222285807132721
tip_middle_root_1_2_2,CNN,鮮紅,2,19,舌右邊,0,0,0.25716111063957214
tip_middle_root_1_2_2,CNN,鮮紅,2,19,舌尖,0,0,0.35267892479896545
tip_middle_root_1_2_2,CNN,鮮紅,2,19,舌左邊,0,0,0.3492136597633362
tip_middle_root_1_2_2,CNN,鮮紅,2,19,舌根,0,0,0.117861308157444
tip_middle_root_1_2_2,CNN,鮮紅,2,31,舌右邊,1,1,0.7222597599029541
tip_middle_root_1_2_2,CNN,鮮紅,2,31,舌尖,1,1,0.8205156326293945
tip_middle_root_1_2_2,CNN,鮮紅,2,31,舌左邊,1,1,0.7014715671539307
tip_middle_root_1_2_2,CNN,鮮紅,2,32,舌右邊,1,1,0.7466787099838257
tip_middle_root_1_2_2,CNN,鮮紅,2,32,舌尖,1,1,0.7919855713844299
tip_middle_root_1_2_2,CNN,鮮紅,2,32,舌左邊,1,1,0.5304790139198303
tip_middle_root_1_2_2,CNN,鮮紅,2,36,舌中,0,0,0.4546297788619995
tip_middle_root_1_2_2,CNN,鮮紅,2,36,舌右邊,0,1,0.6313372254371643
tip_middle_root_1_2_2,CNN,鮮紅,2,36,舌尖,0,1,0.6298421025276184
tip_middle_root_1_2_2,CNN,鮮紅,2,36,舌左邊,0,1,0.5764274597167969
tip_middle_root_1_2_2,CNN,鮮紅,2,36,舌根,0,0,0.27612271904945374
tip_middle_root_1_2_2,CNN,鮮紅,2,37,舌中,0,0,0.44851863384246826
tip_middle_root_1_2_2,CNN,鮮紅,2,37,舌右邊,0,1,0.5319708585739136
tip_middle_root_1_2_2,CNN,鮮紅,2,37,舌尖,0,0,0.4118502140045166
tip_middle_root_1_2_2,CNN,鮮紅,2,37,舌左邊,0,0,0.33087125420570374
tip_middle_root_1_2_2,CNN,鮮紅,2,37,舌根,0,0,0.21305373311042786
tip_middle_root_1_2_2,CNN,鮮紅,2,50,舌中,0,1,0.6315381526947021
tip_middle_root_1_2_2,CNN,鮮紅,2,50,舌右邊,0,1,0.545168399810791
tip_middle_root_1_2_2,CNN,鮮紅,2,50,舌左邊,0,1,0.6995182633399963
tip_middle_root_1_2_2,CNN,鮮紅,2,50,舌根,0,1,0.5138192772865295
tip_middle_root_1_2_2,CNN,鮮紅,2,74,舌中,0,1,0.8136332035064697
tip_middle_root_1_2_2,CNN,鮮紅,2,74,舌右邊,0,1,0.909869372844696
tip_middle_root_1_2_2,CNN,鮮紅,2,74,舌尖,0,1,0.7543516159057617
tip_middle_root_1_2_2,CNN,鮮紅,2,74,舌左邊,0,1,0.9137327671051025
tip_middle_root_1_2_2,CNN,鮮紅,2,74,舌根,0,0,0.46692436933517456
tip_middle_root_1_2_2,CNN,鮮紅,2,85,舌中,1,1,0.5338374972343445
tip_middle_root_1_2_2,CNN,鮮紅,2,85,舌右邊,1,1,0.8607036471366882
tip_middle_root_1_2_2,CNN,鮮紅,2,85,舌尖,1,1,0.8200730681419373
tip_middle_root_1_2_2,CNN,鮮紅,2,85,舌左邊,1,1,0.8374616503715515
tip_middle_root_1_2_2,CNN,鮮紅,2,85,舌根,1,1,0.6878781914710999
tip_middle_root_1_2_2,CNN,鮮紅,3,13,舌中,0,1,0.673679530620575
tip_middle_root_1_2_2,CNN,鮮紅,3,13,舌右邊,0,1,0.8916308283805847
tip_middle_root_1_2_2,CNN,鮮紅,3,13,舌左邊,0,1,0.8534343838691711
tip_middle_root_1_2_2,CNN,鮮紅,3,13,舌根,0,1,0.7388567328453064
tip_middle_root_1_2_2,CNN,鮮紅,3,23,舌中,0,1,0.5841624736785889
tip_middle_root_1_2_2,CNN,鮮紅,3,23,舌右邊,0,1,0.759328305721283
tip_middle_root_1_2_2,CNN,鮮紅,3,23,舌尖,0,1,0.7256233096122742
tip_middle_root_1_2_2,CNN,鮮紅,3,23,舌左邊,0,1,0.7503710389137268
tip_middle_root_1_2_2,CNN,鮮紅,3,23,舌根,0,1,0.5495824217796326
tip_middle_root_1_2_2,CNN,鮮紅,3,24,舌中,0,0,0.3314601182937622
tip_middle_root_1_2_2,CNN,鮮紅,3,24,舌右邊,0,0,0.30825337767601013
tip_middle_root_1_2_2,CNN,鮮紅,3,24,舌尖,0,0,0.17226310074329376
tip_middle_root_1_2_2,CNN,鮮紅,3,24,舌左邊,0,0,0.41355183720588684
tip_middle_root_1_2_2,CNN,鮮紅,3,24,舌根,0,0,0.14527904987335205
tip_middle_root_1_2_2,CNN,鮮紅,3,34,舌右邊,1,1,0.8482763171195984
tip_middle_root_1_2_2,CNN,鮮紅,3,34,舌尖,1,1,0.8892122507095337
tip_middle_root_1_2_2,CNN,鮮紅,3,34,舌左邊,1,1,0.6612675189971924
tip_middle_root_1_2_2,CNN,鮮紅,3,35,舌右邊,1,0,0.3922435939311981
tip_middle_root_1_2_2,CNN,鮮紅,3,35,舌左邊,1,1,0.6133024096488953
tip_middle_root_1_2_2,CNN,鮮紅,3,47,舌中,0,0,0.2506100833415985
tip_middle_root_1_2_2,CNN,鮮紅,3,47,舌右邊,0,1,0.9232175946235657
tip_middle_root_1_2_2,CNN,鮮紅,3,47,舌尖,0,1,0.8984919190406799
tip_middle_root_1_2_2,CNN,鮮紅,3,47,舌左邊,0,1,0.7402320504188538
tip_middle_root_1_2_2,CNN,鮮紅,3,47,舌根,0,0,0.16455838084220886
tip_middle_root_1_2_2,CNN,鮮紅,3,49,舌中,0,0,0.06879564374685287
tip_middle_root_1_2_2,CNN,鮮紅,3,49,舌右邊,0,0,0.39953410625457764
tip_middle_root_1_2_2,CNN,鮮紅,3,49,舌尖,0,1,0.5676791071891785
tip_middle_root_1_2_2,CNN,鮮紅,3,49,舌左邊,0,0,0.07027742266654968
tip_middle_root_1_2_2,CNN,鮮紅,3,49,舌根,0,0,0.05424696207046509
tip_middle_root_1_2_2,CNN,鮮紅,3,57,舌中,0,1,0.5310799479484558
tip_middle_root_1_2_2,CNN,鮮紅,3,57,舌右邊,0,1,0.6190686225891113
tip_middle_root_1_2_2,CNN,鮮紅,3,57,舌尖,0,1,0.9628108739852905
tip_middle_root_1_2_2,CNN,鮮紅,3,57,舌左邊,0,1,0.6828647255897522
tip_middle_root_1_2_2,CNN,鮮紅,3,57,舌根,0,0,0.1215663030743599
tip_middle_root_1_2_2,CNN,鮮紅,3,6,舌中,0,1,0.6514474153518677
tip_middle_root_1_2_2,CNN,鮮紅,3,6,舌尖,0,1,0.9012568593025208
tip_middle_root_1_2_2,CNN,鮮紅,3,6,舌根,0,0,0.46412622928619385
tip_middle_root_1_2_2,CNN,鮮紅,3,87,舌中,1,1,0.508840799331665
tip_middle_root_1_2_2,CNN,鮮紅,3,87,舌右邊,1,1,0.9121786952018738
tip_middle_root_1_2_2,CNN,鮮紅,3,87,舌尖,1,1,0.9255890250205994
tip_middle_root_1_2_2,CNN,鮮紅,3,87,舌左邊,1,1,0.9126071333885193
tip_middle_root_1_2_2,CNN,鮮紅,3,87,舌根,1,0,0.21600374579429626
tip_middle_root_1_2_2,CNN,鮮紅,4,17,舌中,0,0,0.3945862352848053
tip_middle_root_1_2_2,CNN,鮮紅,4,17,舌右邊,0,1,0.5620717406272888
tip_middle_root_1_2_2,CNN,鮮紅,4,17,舌尖,0,1,0.6312376260757446
tip_middle_root_1_2_2,CNN,鮮紅,4,17,舌左邊,0,1,0.6394949555397034
tip_middle_root_1_2_2,CNN,鮮紅,4,17,舌根,0,0,0.2372961789369583
tip_middle_root_1_2_2,CNN,鮮紅,4,27,舌中,0,0,0.3784378468990326
tip_middle_root_1_2_2,CNN,鮮紅,4,27,舌右邊,0,1,0.5533804297447205
tip_middle_root_1_2_2,CNN,鮮紅,4,27,舌尖,0,1,0.5542474389076233
tip_middle_root_1_2_2,CNN,鮮紅,4,27,舌左邊,0,1,0.6855353713035583
tip_middle_root_1_2_2,CNN,鮮紅,4,27,舌根,0,0,0.13588367402553558
tip_middle_root_1_2_2,CNN,鮮紅,4,29,舌中,0,0,0.3623124361038208
tip_middle_root_1_2_2,CNN,鮮紅,4,29,舌右邊,0,1,0.5024730563163757
tip_middle_root_1_2_2,CNN,鮮紅,4,29,舌尖,0,1,0.5492676496505737
tip_middle_root_1_2_2,CNN,鮮紅,4,29,舌左邊,0,1,0.5972566604614258
tip_middle_root_1_2_2,CNN,鮮紅,4,29,舌根,0,0,0.29622745513916016
tip_middle_root_1_2_2,CNN,鮮紅,4,51,舌右邊,1,1,0.6943960189819336
tip_middle_root_1_2_2,CNN,鮮紅,4,51,舌左邊,1,1,0.7422211170196533
tip_middle_root_1_2_2,CNN,鮮紅,4,53,舌尖,1,1,0.7472492456436157
tip_middle_root_1_2_2,CNN,鮮紅,4,54,舌中,0,1,0.5593483448028564
tip_middle_root_1_2_2,CNN,鮮紅,4,54,舌右邊,0,0,0.49109432101249695
tip_middle_root_1_2_2,CNN,鮮紅,4,54,舌尖,0,0,0.3880090117454529
tip_middle_root_1_2_2,CNN,鮮紅,4,54,舌左邊,0,1,0.5025472640991211
tip_middle_root_1_2_2,CNN,鮮紅,4,54,舌根,0,0,0.4439588487148285
tip_middle_root_1_2_2,CNN,鮮紅,4,56,舌中,0,0,0.33778202533721924
tip_middle_root_1_2_2,CNN,鮮紅,4,56,舌右邊,0,1,0.7496887445449829
tip_middle_root_1_2_2,CNN,鮮紅,4,56,舌尖,0,1,0.8001803755760193
tip_middle_root_1_2_2,CNN,鮮紅,4,56,舌左邊,0,0,0.46896958351135254
tip_middle_root_1_2_2,CNN,鮮紅,4,56,舌根,0,0,0.3328058123588562
tip_middle_root_1_2_2,CNN,鮮紅,4,59,舌中,1,0,0.36690232157707214
tip_middle_root_1_2_2,CNN,鮮紅,4,59,舌右邊,1,1,0.6514716148376465
tip_middle_root_1_2_2,CNN,鮮紅,4,59,舌尖,1,1,0.6550014019012451
tip_middle_root_1_2_2,CNN,鮮紅,4,59,舌左邊,1,1,0.6807496547698975
tip_middle_root_1_2_2,CNN,鮮紅,4,72,舌中,1,0,0.46912163496017456
tip_middle_root_1_2_2,CNN,鮮紅,4,72,舌右邊,1,1,0.8365537524223328
tip_middle_root_1_2_2,CNN,鮮紅,4,72,舌尖,1,1,0.7067964673042297
tip_middle_root_1_2_2,CNN,鮮紅,4,72,舌左邊,1,1,0.7249654531478882
tip_middle_root_1_2_2,CNN,鮮紅,4,9,舌中,0,1,0.5892111659049988
tip_middle_root_1_2_2,CNN,鮮紅,4,9,舌右邊,0,1,0.7098241448402405
tip_middle_root_1_2_2,CNN,鮮紅,4,9,舌左邊,0,1,0.763393759727478
tip_middle_root_1_2_2,CNN,鮮紅,4,9,舌根,0,1,0.5210326313972473
tip_middle_root_1_2_2,CNN,鮮紅,5,10,舌中,1,0,0.4973474442958832
tip_middle_root_1_2_2,CNN,鮮紅,5,10,舌右邊,1,1,0.8971937298774719
tip_middle_root_1_2_2,CNN,鮮紅,5,10,舌尖,1,1,0.8519757986068726
tip_middle_root_1_2_2,CNN,鮮紅,5,10,舌左邊,1,1,0.7503398060798645
tip_middle_root_1_2_2,CNN,鮮紅,5,10,舌根,1,1,0.5924386978149414
tip_middle_root_1_2_2,CNN,鮮紅,5,2,舌中,0,1,0.5957037806510925
tip_middle_root_1_2_2,CNN,鮮紅,5,2,舌右邊,1,1,0.6718519926071167
tip_middle_root_1_2_2,CNN,鮮紅,5,2,舌尖,0,1,0.9423696398735046
tip_middle_root_1_2_2,CNN,鮮紅,5,2,舌左邊,1,1,0.8664287328720093
tip_middle_root_1_2_2,CNN,鮮紅,5,2,舌根,0,1,0.592346727848053
tip_middle_root_1_2_2,CNN,鮮紅,5,20,舌中,0,1,0.5115172863006592
tip_middle_root_1_2_2,CNN,鮮紅,5,20,舌右邊,0,1,0.7193263173103333
tip_middle_root_1_2_2,CNN,鮮紅,5,20,舌尖,0,1,0.9388803839683533
tip_middle_root_1_2_2,CNN,鮮紅,5,20,舌左邊,0,1,0.6761872172355652
tip_middle_root_1_2_2,CNN,鮮紅,5,20,舌根,0,1,0.5369799137115479
tip_middle_root_1_2_2,CNN,鮮紅,5,26,舌中,0,0,0.40772557258605957
tip_middle_root_1_2_2,CNN,鮮紅,5,26,舌尖,0,1,0.8701770901679993
tip_middle_root_1_2_2,CNN,鮮紅,5,26,舌根,0,0,0.3517434298992157
tip_middle_root_1_2_2,CNN,鮮紅,5,38,舌中,0,0,0.1906452775001526
tip_middle_root_1_2_2,CNN,鮮紅,5,38,舌右邊,0,1,0.626105785369873
tip_middle_root_1_2_2,CNN,鮮紅,5,38,舌尖,0,1,0.8546732664108276
tip_middle_root_1_2_2,CNN,鮮紅,5,38,舌左邊,0,1,0.6877112984657288
tip_middle_root_1_2_2,CNN,鮮紅,5,38,舌根,0,0,0.4148235023021698
tip_middle_root_1_2_2,CNN,鮮紅,5,40,舌右邊,1,1,0.8044226765632629
tip_middle_root_1_2_2,CNN,鮮紅,5,40,舌左邊,1,0,0.454018771648407
tip_middle_root_1_2_2,CNN,鮮紅,5,41,舌中,0,0,0.42469552159309387
tip_middle_root_1_2_2,CNN,鮮紅,5,41,舌右邊,0,1,0.743618369102478
tip_middle_root_1_2_2,CNN,鮮紅,5,41,舌尖,0,1,0.7575024366378784
tip_middle_root_1_2_2,CNN,鮮紅,5,41,舌左邊,0,1,0.6303144693374634
tip_middle_root_1_2_2,CNN,鮮紅,5,41,舌根,0,0,0.20315410196781158
tip_middle_root_1_2_2,CNN,鮮紅,5,42,舌右邊,1,1,0.8255267143249512
tip_middle_root_1_2_2,CNN,鮮紅,5,42,舌尖,1,1,0.8039201498031616
tip_middle_root_1_2_2,CNN,鮮紅,5,42,舌左邊,1,0,0.4121408760547638
tip_middle_root_1_2_2,CNN,鮮紅,5,5,舌中,0,0,0.36307355761528015
tip_middle_root_1_2_2,CNN,鮮紅,5,5,舌右邊,0,0,0.4043090045452118
tip_middle_root_1_2_2,CNN,鮮紅,5,5,舌尖,0,1,0.6740757822990417
tip_middle_root_1_2_2,CNN,鮮紅,5,5,舌左邊,0,1,0.5654690861701965
tip_middle_root_1_2_2,CNN,鮮紅,5,5,舌根,0,0,0.15495601296424866
tip_middle_root_1_2_2,CNN,鮮紅,5,55,舌中,0,0,0.29131045937538147
tip_middle_root_1_2_2,CNN,鮮紅,5,55,舌右邊,0,1,0.7546024322509766
tip_middle_root_1_2_2,CNN,鮮紅,5,55,舌尖,0,1,0.7261050939559937
tip_middle_root_1_2_2,CNN,鮮紅,5,55,舌左邊,0,1,0.6284467577934265
tip_middle_root_1_2_2,CNN,鮮紅,5,55,舌根,0,0,0.4765729308128357
tip_middle_root_1_2_2,CNN,鮮紅,5,64,舌中,0,1,0.6246431469917297
tip_middle_root_1_2_2,CNN,鮮紅,5,64,舌右邊,0,1,0.7233002781867981
tip_middle_root_1_2_2,CNN,鮮紅,5,64,舌左邊,0,1,0.7517222166061401
tip_middle_root_1_2_2,CNN,鮮紅,5,64,舌根,0,1,0.6319989562034607
tip_middle_root_1_3_1,CNN,鮮紅,1,30,舌中,0,1,0.5529595017433167
tip_middle_root_1_3_1,CNN,鮮紅,1,30,舌右邊,0,1,0.8388739824295044
tip_middle_root_1_3_1,CNN,鮮紅,1,30,舌尖,0,1,0.840770423412323
tip_middle_root_1_3_1,CNN,鮮紅,1,30,舌左邊,0,1,0.7826655507087708
tip_middle_root_1_3_1,CNN,鮮紅,1,30,舌根,0,0,0.3762994110584259
tip_middle_root_1_3_1,CNN,鮮紅,1,45,舌中,0,0,0.35308170318603516
tip_middle_root_1_3_1,CNN,鮮紅,1,45,舌右邊,0,1,0.6059032678604126
tip_middle_root_1_3_1,CNN,鮮紅,1,45,舌尖,0,1,0.7359817624092102
tip_middle_root_1_3_1,CNN,鮮紅,1,45,舌左邊,0,1,0.7143188714981079
tip_middle_root_1_3_1,CNN,鮮紅,1,45,舌根,0,0,0.2397344559431076
tip_middle_root_1_3_1,CNN,鮮紅,1,46,舌中,0,1,0.6608701944351196
tip_middle_root_1_3_1,CNN,鮮紅,1,46,舌右邊,0,1,0.7757707238197327
tip_middle_root_1_3_1,CNN,鮮紅,1,46,舌左邊,0,1,0.8616564273834229
tip_middle_root_1_3_1,CNN,鮮紅,1,46,舌根,0,0,0.31699228286743164
tip_middle_root_1_3_1,CNN,鮮紅,1,48,舌尖,1,1,0.8213839530944824
tip_middle_root_1_3_1,CNN,鮮紅,1,58,舌中,0,0,0.4601747393608093
tip_middle_root_1_3_1,CNN,鮮紅,1,58,舌右邊,0,1,0.6727982759475708
tip_middle_root_1_3_1,CNN,鮮紅,1,58,舌尖,0,1,0.7465356588363647
tip_middle_root_1_3_1,CNN,鮮紅,1,58,舌左邊,0,1,0.7142139077186584
tip_middle_root_1_3_1,CNN,鮮紅,1,58,舌根,0,0,0.4918678104877472
tip_middle_root_1_3_1,CNN,鮮紅,1,60,舌尖,1,1,0.8463932871818542
tip_middle_root_1_3_1,CNN,鮮紅,1,7,舌中,0,0,0.49607592821121216
tip_middle_root_1_3_1,CNN,鮮紅,1,7,舌右邊,0,1,0.7750880122184753
tip_middle_root_1_3_1,CNN,鮮紅,1,7,舌尖,0,1,0.8763631582260132
tip_middle_root_1_3_1,CNN,鮮紅,1,7,舌左邊,0,1,0.6682239770889282
tip_middle_root_1_3_1,CNN,鮮紅,1,7,舌根,0,0,0.28934165835380554
tip_middle_root_1_3_1,CNN,鮮紅,1,70,舌中,1,1,0.5406795144081116
tip_middle_root_1_3_1,CNN,鮮紅,1,70,舌右邊,1,1,0.8104385733604431
tip_middle_root_1_3_1,CNN,鮮紅,1,70,舌尖,1,1,0.9115872383117676
tip_middle_root_1_3_1,CNN,鮮紅,1,70,舌左邊,1,1,0.8135296106338501
tip_middle_root_1_3_1,CNN,鮮紅,1,70,舌根,1,0,0.46913865208625793
tip_middle_root_1_3_1,CNN,鮮紅,1,8,舌中,0,1,0.6663971543312073
tip_middle_root_1_3_1,CNN,鮮紅,1,8,舌右邊,0,1,0.7332583665847778
tip_middle_root_1_3_1,CNN,鮮紅,1,8,舌尖,0,1,0.7779181003570557
tip_middle_root_1_3_1,CNN,鮮紅,1,8,舌左邊,0,1,0.8680374622344971
tip_middle_root_1_3_1,CNN,鮮紅,1,8,舌根,0,0,0.41591784358024597
tip_middle_root_1_3_1,CNN,鮮紅,1,96,舌中,1,1,0.6803812384605408
tip_middle_root_1_3_1,CNN,鮮紅,1,96,舌右邊,1,1,0.7300570607185364
tip_middle_root_1_3_1,CNN,鮮紅,1,96,舌尖,1,1,0.9237378239631653
tip_middle_root_1_3_1,CNN,鮮紅,1,96,舌左邊,1,1,0.7794978022575378
tip_middle_root_1_3_1,CNN,鮮紅,2,11,舌中,0,1,0.6571323275566101
tip_middle_root_1_3_1,CNN,鮮紅,2,11,舌右邊,0,1,0.7630394101142883
tip_middle_root_1_3_1,CNN,鮮紅,2,11,舌尖,0,1,0.9163715243339539
tip_middle_root_1_3_1,CNN,鮮紅,2,11,舌左邊,0,1,0.8151572346687317
tip_middle_root_1_3_1,CNN,鮮紅,2,11,舌根,0,1,0.6343885064125061
tip_middle_root_1_3_1,CNN,鮮紅,2,19,舌中,0,0,0.3155119717121124
tip_middle_root_1_3_1,CNN,鮮紅,2,19,舌右邊,0,0,0.45572012662887573
tip_middle_root_1_3_1,CNN,鮮紅,2,19,舌尖,0,0,0.46047845482826233
tip_middle_root_1_3_1,CNN,鮮紅,2,19,舌左邊,0,0,0.4498358368873596
tip_middle_root_1_3_1,CNN,鮮紅,2,19,舌根,0,0,0.16337677836418152
tip_middle_root_1_3_1,CNN,鮮紅,2,31,舌右邊,1,1,0.6855868697166443
tip_middle_root_1_3_1,CNN,鮮紅,2,31,舌尖,1,1,0.7832386493682861
tip_middle_root_1_3_1,CNN,鮮紅,2,31,舌左邊,1,1,0.7198566198348999
tip_middle_root_1_3_1,CNN,鮮紅,2,32,舌右邊,1,1,0.6946462392807007
tip_middle_root_1_3_1,CNN,鮮紅,2,32,舌尖,1,1,0.7558773159980774
tip_middle_root_1_3_1,CNN,鮮紅,2,32,舌左邊,1,1,0.6480788588523865
tip_middle_root_1_3_1,CNN,鮮紅,2,36,舌中,0,1,0.5150849223136902
tip_middle_root_1_3_1,CNN,鮮紅,2,36,舌右邊,0,0,0.4690154790878296
tip_middle_root_1_3_1,CNN,鮮紅,2,36,舌尖,0,1,0.6313092112541199
tip_middle_root_1_3_1,CNN,鮮紅,2,36,舌左邊,0,1,0.6145395636558533
tip_middle_root_1_3_1,CNN,鮮紅,2,36,舌根,0,0,0.16003331542015076
tip_middle_root_1_3_1,CNN,鮮紅,2,37,舌中,0,0,0.3681850731372833
tip_middle_root_1_3_1,CNN,鮮紅,2,37,舌右邊,0,1,0.6282243132591248
tip_middle_root_1_3_1,CNN,鮮紅,2,37,舌尖,0,1,0.5267233848571777
tip_middle_root_1_3_1,CNN,鮮紅,2,37,舌左邊,0,0,0.4185500144958496
tip_middle_root_1_3_1,CNN,鮮紅,2,37,舌根,0,0,0.43488743901252747
tip_middle_root_1_3_1,CNN,鮮紅,2,50,舌中,0,1,0.5163921117782593
tip_middle_root_1_3_1,CNN,鮮紅,2,50,舌右邊,0,0,0.4909101724624634
tip_middle_root_1_3_1,CNN,鮮紅,2,50,舌左邊,0,0,0.48883071541786194
tip_middle_root_1_3_1,CNN,鮮紅,2,50,舌根,0,1,0.5287050008773804
tip_middle_root_1_3_1,CNN,鮮紅,2,74,舌中,0,1,0.5493464469909668
tip_middle_root_1_3_1,CNN,鮮紅,2,74,舌右邊,0,1,0.7926707863807678
tip_middle_root_1_3_1,CNN,鮮紅,2,74,舌尖,0,1,0.6358132362365723
tip_middle_root_1_3_1,CNN,鮮紅,2,74,舌左邊,0,1,0.8109624981880188
tip_middle_root_1_3_1,CNN,鮮紅,2,74,舌根,0,0,0.46880677342414856
tip_middle_root_1_3_1,CNN,鮮紅,2,85,舌中,1,1,0.6088382005691528
tip_middle_root_1_3_1,CNN,鮮紅,2,85,舌右邊,1,1,0.7553550601005554
tip_middle_root_1_3_1,CNN,鮮紅,2,85,舌尖,1,1,0.844025731086731
tip_middle_root_1_3_1,CNN,鮮紅,2,85,舌左邊,1,1,0.742769718170166
tip_middle_root_1_3_1,CNN,鮮紅,2,85,舌根,1,1,0.5482314825057983
tip_middle_root_1_3_1,CNN,鮮紅,3,13,舌中,0,0,0.41746431589126587
tip_middle_root_1_3_1,CNN,鮮紅,3,13,舌右邊,0,1,0.7747280597686768
tip_middle_root_1_3_1,CNN,鮮紅,3,13,舌左邊,0,1,0.9105060696601868
tip_middle_root_1_3_1,CNN,鮮紅,3,13,舌根,0,0,0.21218836307525635
tip_middle_root_1_3_1,CNN,鮮紅,3,23,舌中,0,0,0.49043533205986023
tip_middle_root_1_3_1,CNN,鮮紅,3,23,舌右邊,0,1,0.7362241744995117
tip_middle_root_1_3_1,CNN,鮮紅,3,23,舌尖,0,0,0.4334873557090759
tip_middle_root_1_3_1,CNN,鮮紅,3,23,舌左邊,0,1,0.7041205763816833
tip_middle_root_1_3_1,CNN,鮮紅,3,23,舌根,0,0,0.3386438488960266
tip_middle_root_1_3_1,CNN,鮮紅,3,24,舌中,0,0,0.34757015109062195
tip_middle_root_1_3_1,CNN,鮮紅,3,24,舌右邊,0,1,0.5083874464035034
tip_middle_root_1_3_1,CNN,鮮紅,3,24,舌尖,0,0,0.19641099870204926
tip_middle_root_1_3_1,CNN,鮮紅,3,24,舌左邊,0,0,0.4810177981853485
tip_middle_root_1_3_1,CNN,鮮紅,3,24,舌根,0,0,0.4289710521697998
tip_middle_root_1_3_1,CNN,鮮紅,3,34,舌右邊,1,1,0.5920548439025879
tip_middle_root_1_3_1,CNN,鮮紅,3,34,舌尖,1,1,0.758490800857544
tip_middle_root_1_3_1,CNN,鮮紅,3,34,舌左邊,1,1,0.7233820557594299
tip_middle_root_1_3_1,CNN,鮮紅,3,35,舌右邊,1,1,0.6645416021347046
tip_middle_root_1_3_1,CNN,鮮紅,3,35,舌左邊,1,1,0.5666287541389465
tip_middle_root_1_3_1,CNN,鮮紅,3,47,舌中,0,0,0.3529476821422577
tip_middle_root_1_3_1,CNN,鮮紅,3,47,舌右邊,0,1,0.7608076930046082
tip_middle_root_1_3_1,CNN,鮮紅,3,47,舌尖,0,1,0.7828212380409241
tip_middle_root_1_3_1,CNN,鮮紅,3,47,舌左邊,0,1,0.7226101756095886
tip_middle_root_1_3_1,CNN,鮮紅,3,47,舌根,0,0,0.08737406879663467
tip_middle_root_1_3_1,CNN,鮮紅,3,49,舌中,0,0,0.23683135211467743
tip_middle_root_1_3_1,CNN,鮮紅,3,49,舌右邊,0,1,0.5590319633483887
tip_middle_root_1_3_1,CNN,鮮紅,3,49,舌尖,0,0,0.27021607756614685
tip_middle_root_1_3_1,CNN,鮮紅,3,49,舌左邊,0,1,0.6063005924224854
tip_middle_root_1_3_1,CNN,鮮紅,3,49,舌根,0,0,0.20895926654338837
tip_middle_root_1_3_1,CNN,鮮紅,3,57,舌中,0,0,0.20451535284519196
tip_middle_root_1_3_1,CNN,鮮紅,3,57,舌右邊,0,1,0.5390810370445251
tip_middle_root_1_3_1,CNN,鮮紅,3,57,舌尖,0,1,0.8057566285133362
tip_middle_root_1_3_1,CNN,鮮紅,3,57,舌左邊,0,1,0.799849271774292
tip_middle_root_1_3_1,CNN,鮮紅,3,57,舌根,0,0,0.2705637514591217
tip_middle_root_1_3_1,CNN,鮮紅,3,6,舌中,0,1,0.6994094848632812
tip_middle_root_1_3_1,CNN,鮮紅,3,6,舌尖,0,1,0.8002170920372009
tip_middle_root_1_3_1,CNN,鮮紅,3,6,舌根,0,0,0.42070168256759644
tip_middle_root_1_3_1,CNN,鮮紅,3,87,舌中,1,1,0.7450861930847168
tip_middle_root_1_3_1,CNN,鮮紅,3,87,舌右邊,1,1,0.86121666431427
tip_middle_root_1_3_1,CNN,鮮紅,3,87,舌尖,1,1,0.6529039740562439
tip_middle_root_1_3_1,CNN,鮮紅,3,87,舌左邊,1,1,0.8254299163818359
tip_middle_root_1_3_1,CNN,鮮紅,3,87,舌根,1,0,0.1585233062505722
tip_middle_root_1_3_1,CNN,鮮紅,4,17,舌中,0,0,0.1891411393880844
tip_middle_root_1_3_1,CNN,鮮紅,4,17,舌右邊,0,0,0.465955913066864
tip_middle_root_1_3_1,CNN,鮮紅,4,17,舌尖,0,1,0.6110399961471558
tip_middle_root_1_3_1,CNN,鮮紅,4,17,舌左邊,0,0,0.2799747586250305
tip_middle_root_1_3_1,CNN,鮮紅,4,17,舌根,0,0,0.215639129281044
tip_middle_root_1_3_1,CNN,鮮紅,4,27,舌中,0,0,0.26193666458129883
tip_middle_root_1_3_1,CNN,鮮紅,4,27,舌右邊,0,0,0.18416525423526764
tip_middle_root_1_3_1,CNN,鮮紅,4,27,舌尖,0,0,0.48424872756004333
tip_middle_root_1_3_1,CNN,鮮紅,4,27,舌左邊,0,0,0.38632526993751526
tip_middle_root_1_3_1,CNN,鮮紅,4,27,舌根,0,0,0.14461494982242584
tip_middle_root_1_3_1,CNN,鮮紅,4,29,舌中,0,0,0.23845764994621277
tip_middle_root_1_3_1,CNN,鮮紅,4,29,舌右邊,0,0,0.2803731858730316
tip_middle_root_1_3_1,CNN,鮮紅,4,29,舌尖,0,1,0.5801129341125488
tip_middle_root_1_3_1,CNN,鮮紅,4,29,舌左邊,0,0,0.3046489655971527
tip_middle_root_1_3_1,CNN,鮮紅,4,29,舌根,0,0,0.22960641980171204
tip_middle_root_1_3_1,CNN,鮮紅,4,51,舌右邊,1,0,0.4835224151611328
tip_middle_root_1_3_1,CNN,鮮紅,4,51,舌左邊,1,1,0.5454372763633728
tip_middle_root_1_3_1,CNN,鮮紅,4,53,舌尖,1,0,0.4227600693702698
tip_middle_root_1_3_1,CNN,鮮紅,4,54,舌中,0,1,0.5352858304977417
tip_middle_root_1_3_1,CNN,鮮紅,4,54,舌右邊,0,0,0.4751400053501129
tip_middle_root_1_3_1,CNN,鮮紅,4,54,舌尖,0,1,0.5697038769721985
tip_middle_root_1_3_1,CNN,鮮紅,4,54,舌左邊,0,1,0.5796697735786438
tip_middle_root_1_3_1,CNN,鮮紅,4,54,舌根,0,0,0.44619178771972656
tip_middle_root_1_3_1,CNN,鮮紅,4,56,舌中,0,0,0.31336987018585205
tip_middle_root_1_3_1,CNN,鮮紅,4,56,舌右邊,0,0,0.3216656446456909
tip_middle_root_1_3_1,CNN,鮮紅,4,56,舌尖,0,1,0.6169899702072144
tip_middle_root_1_3_1,CNN,鮮紅,4,56,舌左邊,0,0,0.2518687844276428
tip_middle_root_1_3_1,CNN,鮮紅,4,56,舌根,0,0,0.3500240445137024
tip_middle_root_1_3_1,CNN,鮮紅,4,59,舌中,1,0,0.2766520380973816
tip_middle_root_1_3_1,CNN,鮮紅,4,59,舌右邊,1,0,0.4043802320957184
tip_middle_root_1_3_1,CNN,鮮紅,4,59,舌尖,1,0,0.4557163715362549
tip_middle_root_1_3_1,CNN,鮮紅,4,59,舌左邊,1,0,0.4048963487148285
tip_middle_root_1_3_1,CNN,鮮紅,4,72,舌中,1,0,0.4484296143054962
tip_middle_root_1_3_1,CNN,鮮紅,4,72,舌右邊,1,1,0.6333128809928894
tip_middle_root_1_3_1,CNN,鮮紅,4,72,舌尖,1,1,0.7513758540153503
tip_middle_root_1_3_1,CNN,鮮紅,4,72,舌左邊,1,1,0.5271540284156799
tip_middle_root_1_3_1,CNN,鮮紅,4,9,舌中,0,0,0.3411044180393219
tip_middle_root_1_3_1,CNN,鮮紅,4,9,舌右邊,0,1,0.723468005657196
tip_middle_root_1_3_1,CNN,鮮紅,4,9,舌左邊,0,0,0.4946550726890564
tip_middle_root_1_3_1,CNN,鮮紅,4,9,舌根,0,0,0.3789384663105011
tip_middle_root_1_3_1,CNN,鮮紅,5,10,舌中,1,1,0.5645007491111755
tip_middle_root_1_3_1,CNN,鮮紅,5,10,舌右邊,1,1,0.8410331606864929
tip_middle_root_1_3_1,CNN,鮮紅,5,10,舌尖,1,1,0.8156055808067322
tip_middle_root_1_3_1,CNN,鮮紅,5,10,舌左邊,1,1,0.8211297988891602
tip_middle_root_1_3_1,CNN,鮮紅,5,10,舌根,1,1,0.6707680821418762
tip_middle_root_1_3_1,CNN,鮮紅,5,2,舌中,0,1,0.5106388330459595
tip_middle_root_1_3_1,CNN,鮮紅,5,2,舌右邊,1,1,0.8986794948577881
tip_middle_root_1_3_1,CNN,鮮紅,5,2,舌尖,0,1,0.8128125667572021
tip_middle_root_1_3_1,CNN,鮮紅,5,2,舌左邊,1,1,0.699053943157196
tip_middle_root_1_3_1,CNN,鮮紅,5,2,舌根,0,1,0.827796459197998
tip_middle_root_1_3_1,CNN,鮮紅,5,20,舌中,0,0,0.35242846608161926
tip_middle_root_1_3_1,CNN,鮮紅,5,20,舌右邊,0,1,0.5334444046020508
tip_middle_root_1_3_1,CNN,鮮紅,5,20,舌尖,0,1,0.8845763206481934
tip_middle_root_1_3_1,CNN,鮮紅,5,20,舌左邊,0,1,0.5253780484199524
tip_middle_root_1_3_1,CNN,鮮紅,5,20,舌根,0,0,0.3436383605003357
tip_middle_root_1_3_1,CNN,鮮紅,5,26,舌中,0,0,0.37229061126708984
tip_middle_root_1_3_1,CNN,鮮紅,5,26,舌尖,0,1,0.7728722095489502
tip_middle_root_1_3_1,CNN,鮮紅,5,26,舌根,0,1,0.5787545442581177
tip_middle_root_1_3_1,CNN,鮮紅,5,38,舌中,0,0,0.44342881441116333
tip_middle_root_1_3_1,CNN,鮮紅,5,38,舌右邊,0,1,0.6420032978057861
tip_middle_root_1_3_1,CNN,鮮紅,5,38,舌尖,0,1,0.7930399775505066
tip_middle_root_1_3_1,CNN,鮮紅,5,38,舌左邊,0,1,0.6292247772216797
tip_middle_root_1_3_1,CNN,鮮紅,5,38,舌根,0,0,0.4976656138896942
tip_middle_root_1_3_1,CNN,鮮紅,5,40,舌右邊,1,1,0.843820333480835
tip_middle_root_1_3_1,CNN,鮮紅,5,40,舌左邊,1,1,0.6199387311935425
tip_middle_root_1_3_1,CNN,鮮紅,5,41,舌中,0,0,0.24509871006011963
tip_middle_root_1_3_1,CNN,鮮紅,5,41,舌右邊,0,1,0.6481088995933533
tip_middle_root_1_3_1,CNN,鮮紅,5,41,舌尖,0,1,0.6930914521217346
tip_middle_root_1_3_1,CNN,鮮紅,5,41,舌左邊,0,1,0.5541065335273743
tip_middle_root_1_3_1,CNN,鮮紅,5,41,舌根,0,0,0.30795416235923767
tip_middle_root_1_3_1,CNN,鮮紅,5,42,舌右邊,1,1,0.8733456134796143
tip_middle_root_1_3_1,CNN,鮮紅,5,42,舌尖,1,1,0.60889732837677
tip_middle_root_1_3_1,CNN,鮮紅,5,42,舌左邊,1,1,0.7232966423034668
tip_middle_root_1_3_1,CNN,鮮紅,5,5,舌中,0,0,0.2914963960647583
tip_middle_root_1_3_1,CNN,鮮紅,5,5,舌右邊,0,1,0.5160643458366394
tip_middle_root_1_3_1,CNN,鮮紅,5,5,舌尖,0,1,0.6884201169013977
tip_middle_root_1_3_1,CNN,鮮紅,5,5,舌左邊,0,1,0.6796701550483704
tip_middle_root_1_3_1,CNN,鮮紅,5,5,舌根,0,0,0.3091537356376648
tip_middle_root_1_3_1,CNN,鮮紅,5,55,舌中,0,0,0.4110233783721924
tip_middle_root_1_3_1,CNN,鮮紅,5,55,舌右邊,0,1,0.9256719946861267
tip_middle_root_1_3_1,CNN,鮮紅,5,55,舌尖,0,1,0.6630995869636536
tip_middle_root_1_3_1,CNN,鮮紅,5,55,舌左邊,0,1,0.7766525149345398
tip_middle_root_1_3_1,CNN,鮮紅,5,55,舌根,0,1,0.760785698890686
tip_middle_root_1_3_1,CNN,鮮紅,5,64,舌中,0,1,0.5580322742462158
tip_middle_root_1_3_1,CNN,鮮紅,5,64,舌右邊,0,1,0.6403434872627258
tip_middle_root_1_3_1,CNN,鮮紅,5,64,舌左邊,0,1,0.8422830700874329
tip_middle_root_1_3_1,CNN,鮮紅,5,64,舌根,0,1,0.5991462469100952
tip_middle_root_1_2_2,CNN,暗紅,1,10,舌右邊,0,0,0.4851304590702057
tip_middle_root_1_2_2,CNN,暗紅,1,10,舌尖,0,1,0.6009846329689026
tip_middle_root_1_2_2,CNN,暗紅,1,10,舌左邊,0,1,0.7691096067428589
tip_middle_root_1_2_2,CNN,暗紅,1,23,舌中,0,0,0.3394472002983093
tip_middle_root_1_2_2,CNN,暗紅,1,23,舌右邊,0,1,0.6082701683044434
tip_middle_root_1_2_2,CNN,暗紅,1,23,舌尖,0,0,0.305069237947464
tip_middle_root_1_2_2,CNN,暗紅,1,23,舌左邊,0,1,0.5865315198898315
tip_middle_root_1_2_2,CNN,暗紅,1,23,舌根,0,0,0.29243233799934387
tip_middle_root_1_2_2,CNN,暗紅,1,41,舌中,1,0,0.43569204211235046
tip_middle_root_1_2_2,CNN,暗紅,1,41,舌右邊,1,1,0.6770542860031128
tip_middle_root_1_2_2,CNN,暗紅,1,41,舌尖,1,0,0.1854173243045807
tip_middle_root_1_2_2,CNN,暗紅,1,41,舌左邊,1,1,0.6258299350738525
tip_middle_root_1_2_2,CNN,暗紅,1,44,舌中,0,0,0.4634252190589905
tip_middle_root_1_2_2,CNN,暗紅,1,44,舌右邊,0,1,0.6936563849449158
tip_middle_root_1_2_2,CNN,暗紅,1,44,舌尖,0,1,0.5095375776290894
tip_middle_root_1_2_2,CNN,暗紅,1,44,舌左邊,0,1,0.675665557384491
tip_middle_root_1_2_2,CNN,暗紅,1,45,舌中,1,0,0.30872756242752075
tip_middle_root_1_2_2,CNN,暗紅,1,45,舌右邊,0,1,0.5623449683189392
tip_middle_root_1_2_2,CNN,暗紅,1,45,舌尖,0,0,0.17458662390708923
tip_middle_root_1_2_2,CNN,暗紅,1,45,舌左邊,0,1,0.5779075026512146
tip_middle_root_1_2_2,CNN,暗紅,1,45,舌根,1,1,0.5187886357307434
tip_middle_root_1_2_2,CNN,暗紅,1,5,舌中,0,0,0.39295366406440735
tip_middle_root_1_2_2,CNN,暗紅,1,5,舌右邊,0,1,0.5877664685249329
tip_middle_root_1_2_2,CNN,暗紅,1,5,舌尖,0,0,0.33265167474746704
tip_middle_root_1_2_2,CNN,暗紅,1,5,舌左邊,0,1,0.7394724488258362
tip_middle_root_1_2_2,CNN,暗紅,1,5,舌根,0,1,0.6758872866630554
tip_middle_root_1_2_2,CNN,暗紅,1,53,舌中,0,0,0.36306944489479065
tip_middle_root_1_2_2,CNN,暗紅,1,53,舌右邊,0,1,0.5159768462181091
tip_middle_root_1_2_2,CNN,暗紅,1,53,舌尖,0,1,0.5053368210792542
tip_middle_root_1_2_2,CNN,暗紅,1,53,舌左邊,0,1,0.6099396347999573
tip_middle_root_1_2_2,CNN,暗紅,1,53,舌根,0,0,0.2578953802585602
tip_middle_root_1_2_2,CNN,暗紅,1,57,舌中,1,0,0.3605562448501587
tip_middle_root_1_2_2,CNN,暗紅,1,57,舌右邊,1,1,0.6813457608222961
tip_middle_root_1_2_2,CNN,暗紅,1,57,舌尖,1,1,0.6448408365249634
tip_middle_root_1_2_2,CNN,暗紅,1,57,舌左邊,1,1,0.7572365999221802
tip_middle_root_1_2_2,CNN,暗紅,1,57,舌根,1,0,0.3250064551830292
tip_middle_root_1_2_2,CNN,暗紅,1,70,舌中,0,0,0.3369705379009247
tip_middle_root_1_2_2,CNN,暗紅,1,70,舌右邊,0,0,0.4709579050540924
tip_middle_root_1_2_2,CNN,暗紅,1,70,舌尖,0,0,0.3495301604270935
tip_middle_root_1_2_2,CNN,暗紅,1,70,舌左邊,0,1,0.5581363439559937
tip_middle_root_1_2_2,CNN,暗紅,1,70,舌根,0,0,0.4091362953186035
tip_middle_root_1_2_2,CNN,暗紅,1,8,舌中,0,0,0.37244319915771484
tip_middle_root_1_2_2,CNN,暗紅,1,8,舌右邊,0,1,0.6065908670425415
tip_middle_root_1_2_2,CNN,暗紅,1,8,舌尖,0,0,0.4043113887310028
tip_middle_root_1_2_2,CNN,暗紅,1,8,舌左邊,0,1,0.6333526968955994
tip_middle_root_1_2_2,CNN,暗紅,1,8,舌根,0,0,0.26817822456359863
tip_middle_root_1_2_2,CNN,暗紅,2,11,舌中,1,1,0.5635624527931213
tip_middle_root_1_2_2,CNN,暗紅,2,11,舌右邊,1,1,0.7365596890449524
tip_middle_root_1_2_2,CNN,暗紅,2,11,舌尖,1,0,0.36805835366249084
tip_middle_root_1_2_2,CNN,暗紅,2,11,舌左邊,1,1,0.5833743810653687
tip_middle_root_1_2_2,CNN,暗紅,2,11,舌根,1,0,0.4840104579925537
tip_middle_root_1_2_2,CNN,暗紅,2,19,舌中,0,1,0.5594911575317383
tip_middle_root_1_2_2,CNN,暗紅,2,19,舌右邊,0,0,0.4084782004356384
tip_middle_root_1_2_2,CNN,暗紅,2,19,舌尖,0,0,0.2600524425506592
tip_middle_root_1_2_2,CNN,暗紅,2,19,舌左邊,0,0,0.45789656043052673
tip_middle_root_1_2_2,CNN,暗紅,2,19,舌根,0,0,0.40566936135292053
tip_middle_root_1_2_2,CNN,暗紅,2,24,舌中,0,1,0.5121825337409973
tip_middle_root_1_2_2,CNN,暗紅,2,24,舌根,0,0,0.4330456256866455
tip_middle_root_1_2_2,CNN,暗紅,2,29,舌中,0,1,0.5183957815170288
tip_middle_root_1_2_2,CNN,暗紅,2,29,舌尖,0,0,0.2881251275539398
tip_middle_root_1_2_2,CNN,暗紅,2,32,舌中,0,1,0.5588831305503845
tip_middle_root_1_2_2,CNN,暗紅,2,32,舌右邊,0,0,0.3796434998512268
tip_middle_root_1_2_2,CNN,暗紅,2,32,舌尖,0,0,0.4257040023803711
tip_middle_root_1_2_2,CNN,暗紅,2,32,舌左邊,0,0,0.2704126536846161
tip_middle_root_1_2_2,CNN,暗紅,2,32,舌根,0,0,0.4117272198200226
tip_middle_root_1_2_2,CNN,暗紅,2,34,舌中,0,1,0.5182784795761108
tip_middle_root_1_2_2,CNN,暗紅,2,34,舌右邊,0,1,0.5674340724945068
tip_middle_root_1_2_2,CNN,暗紅,2,34,舌尖,0,0,0.37240099906921387
tip_middle_root_1_2_2,CNN,暗紅,2,34,舌左邊,0,0,0.47000816464424133
tip_middle_root_1_2_2,CNN,暗紅,2,48,舌中,1,1,0.5290265679359436
tip_middle_root_1_2_2,CNN,暗紅,2,48,舌右邊,1,1,0.5786542892456055
tip_middle_root_1_2_2,CNN,暗紅,2,48,舌左邊,1,0,0.4588223099708557
tip_middle_root_1_2_2,CNN,暗紅,2,48,舌根,1,0,0.4068017303943634
tip_middle_root_1_2_2,CNN,暗紅,2,54,舌中,0,1,0.5846417546272278
tip_middle_root_1_2_2,CNN,暗紅,2,54,舌右邊,0,0,0.27624672651290894
tip_middle_root_1_2_2,CNN,暗紅,2,54,舌尖,0,0,0.3367953300476074
tip_middle_root_1_2_2,CNN,暗紅,2,54,舌左邊,0,0,0.11911072582006454
tip_middle_root_1_2_2,CNN,暗紅,2,54,舌根,0,0,0.20667922496795654
tip_middle_root_1_2_2,CNN,暗紅,2,55,舌中,0,1,0.6097127199172974
tip_middle_root_1_2_2,CNN,暗紅,2,55,舌右邊,0,0,0.32426610589027405
tip_middle_root_1_2_2,CNN,暗紅,2,55,舌尖,0,0,0.42143550515174866
tip_middle_root_1_2_2,CNN,暗紅,2,55,舌左邊,0,0,0.3255687355995178
tip_middle_root_1_2_2,CNN,暗紅,2,55,舌根,0,0,0.29242584109306335
tip_middle_root_1_2_2,CNN,暗紅,2,58,舌根,1,0,0.24504134058952332
tip_middle_root_1_2_2,CNN,暗紅,2,9,舌中,0,0,0.479911208152771
tip_middle_root_1_2_2,CNN,暗紅,2,9,舌右邊,0,0,0.37325310707092285
tip_middle_root_1_2_2,CNN,暗紅,2,9,舌尖,0,0,0.3013867139816284
tip_middle_root_1_2_2,CNN,暗紅,2,9,舌左邊,0,1,0.5284325480461121
tip_middle_root_1_2_2,CNN,暗紅,2,9,舌根,0,0,0.4327867031097412
tip_middle_root_1_2_2,CNN,暗紅,3,13,舌中,0,1,0.6400550603866577
tip_middle_root_1_2_2,CNN,暗紅,3,13,舌右邊,0,1,0.6521568894386292
tip_middle_root_1_2_2,CNN,暗紅,3,13,舌尖,0,0,0.4421982169151306
tip_middle_root_1_2_2,CNN,暗紅,3,13,舌左邊,0,0,0.4075694680213928
tip_middle_root_1_2_2,CNN,暗紅,3,13,舌根,0,1,0.6455220580101013
tip_middle_root_1_2_2,CNN,暗紅,3,26,舌中,0,1,0.6421133875846863
tip_middle_root_1_2_2,CNN,暗紅,3,26,舌右邊,0,1,0.7178137302398682
tip_middle_root_1_2_2,CNN,暗紅,3,26,舌尖,0,1,0.6172193288803101
tip_middle_root_1_2_2,CNN,暗紅,3,26,舌左邊,0,1,0.762129545211792
tip_middle_root_1_2_2,CNN,暗紅,3,26,舌根,0,1,0.6811188459396362
tip_middle_root_1_2_2,CNN,暗紅,3,31,舌右邊,0,1,0.5594131946563721
tip_middle_root_1_2_2,CNN,暗紅,3,31,舌尖,0,0,0.41072651743888855
tip_middle_root_1_2_2,CNN,暗紅,3,31,舌左邊,0,0,0.3212552070617676
tip_middle_root_1_2_2,CNN,暗紅,3,35,舌中,1,1,0.5206689238548279
tip_middle_root_1_2_2,CNN,暗紅,3,35,舌尖,0,1,0.6672747135162354
tip_middle_root_1_2_2,CNN,暗紅,3,35,舌根,1,1,0.6470256447792053
tip_middle_root_1_2_2,CNN,暗紅,3,39,舌尖,0,0,0.34643128514289856
tip_middle_root_1_2_2,CNN,暗紅,3,39,舌左邊,0,1,0.6581929326057434
tip_middle_root_1_2_2,CNN,暗紅,3,51,舌中,0,0,0.32442745566368103
tip_middle_root_1_2_2,CNN,暗紅,3,51,舌右邊,0,0,0.48949310183525085
tip_middle_root_1_2_2,CNN,暗紅,3,51,舌尖,0,0,0.3702303469181061
tip_middle_root_1_2_2,CNN,暗紅,3,51,舌左邊,0,0,0.49424511194229126
tip_middle_root_1_2_2,CNN,暗紅,3,51,舌根,0,0,0.2516418397426605
tip_middle_root_1_2_2,CNN,暗紅,3,56,舌中,1,0,0.3604402542114258
tip_middle_root_1_2_2,CNN,暗紅,3,56,舌右邊,1,0,0.3195812702178955
tip_middle_root_1_2_2,CNN,暗紅,3,56,舌左邊,1,1,0.5719178915023804
tip_middle_root_1_2_2,CNN,暗紅,3,56,舌根,1,0,0.45041561126708984
tip_middle_root_1_2_2,CNN,暗紅,3,60,舌中,0,1,0.5196570754051208
tip_middle_root_1_2_2,CNN,暗紅,3,60,舌右邊,0,1,0.7156015038490295
tip_middle_root_1_2_2,CNN,暗紅,3,60,舌尖,0,1,0.5902506709098816
tip_middle_root_1_2_2,CNN,暗紅,3,60,舌左邊,0,1,0.7240894436836243
tip_middle_root_1_2_2,CNN,暗紅,3,60,舌根,0,1,0.574863612651825
tip_middle_root_1_2_2,CNN,暗紅,3,7,舌中,0,1,0.5002872347831726
tip_middle_root_1_2_2,CNN,暗紅,3,7,舌右邊,0,1,0.7271988391876221
tip_middle_root_1_2_2,CNN,暗紅,3,7,舌尖,0,1,0.5668805241584778
tip_middle_root_1_2_2,CNN,暗紅,3,7,舌左邊,0,1,0.6905867457389832
tip_middle_root_1_2_2,CNN,暗紅,3,7,舌根,0,1,0.621485710144043
tip_middle_root_1_2_2,CNN,暗紅,3,72,舌中,0,1,0.6453564763069153
tip_middle_root_1_2_2,CNN,暗紅,3,72,舌右邊,0,1,0.7844721078872681
tip_middle_root_1_2_2,CNN,暗紅,3,72,舌尖,0,1,0.6313743591308594
tip_middle_root_1_2_2,CNN,暗紅,3,72,舌左邊,0,1,0.7197877764701843
tip_middle_root_1_2_2,CNN,暗紅,3,74,舌中,1,1,0.524856448173523
tip_middle_root_1_2_2,CNN,暗紅,3,74,舌右邊,1,0,0.4509555697441101
tip_middle_root_1_2_2,CNN,暗紅,3,74,舌左邊,1,1,0.6204118132591248
tip_middle_root_1_2_2,CNN,暗紅,3,74,舌根,1,1,0.793800413608551
tip_middle_root_1_2_2,CNN,暗紅,4,17,舌右邊,1,0,0.3846343755722046
tip_middle_root_1_2_2,CNN,暗紅,4,17,舌左邊,1,0,0.38403376936912537
tip_middle_root_1_2_2,CNN,暗紅,4,17,舌根,1,1,0.573667585849762
tip_middle_root_1_2_2,CNN,暗紅,4,20,舌中,0,1,0.6494882106781006
tip_middle_root_1_2_2,CNN,暗紅,4,20,舌右邊,0,1,0.6128090023994446
tip_middle_root_1_2_2,CNN,暗紅,4,20,舌尖,0,0,0.39713767170906067
tip_middle_root_1_2_2,CNN,暗紅,4,20,舌左邊,0,1,0.5499544143676758
tip_middle_root_1_2_2,CNN,暗紅,4,20,舌根,0,1,0.528203547000885
tip_middle_root_1_2_2,CNN,暗紅,4,27,舌中,0,1,0.5854241251945496
tip_middle_root_1_2_2,CNN,暗紅,4,27,舌右邊,0,0,0.4615044593811035
tip_middle_root_1_2_2,CNN,暗紅,4,27,舌尖,0,0,0.39641958475112915
tip_middle_root_1_2_2,CNN,暗紅,4,27,舌左邊,0,0,0.38987430930137634
tip_middle_root_1_2_2,CNN,暗紅,4,27,舌根,0,1,0.5124180912971497
tip_middle_root_1_2_2,CNN,暗紅,4,30,舌中,0,1,0.6676285862922668
tip_middle_root_1_2_2,CNN,暗紅,4,30,舌尖,0,0,0.37457743287086487
tip_middle_root_1_2_2,CNN,暗紅,4,30,舌根,0,1,0.5284121632575989
tip_middle_root_1_2_2,CNN,暗紅,4,46,舌中,0,1,0.5739325881004333
tip_middle_root_1_2_2,CNN,暗紅,4,46,舌右邊,0,0,0.2500075399875641
tip_middle_root_1_2_2,CNN,暗紅,4,46,舌尖,0,0,0.2244257777929306
tip_middle_root_1_2_2,CNN,暗紅,4,46,舌左邊,0,0,0.3320413827896118
tip_middle_root_1_2_2,CNN,暗紅,4,47,舌中,1,1,0.6442943215370178
tip_middle_root_1_2_2,CNN,暗紅,4,47,舌右邊,1,0,0.30101439356803894
tip_middle_root_1_2_2,CNN,暗紅,4,47,舌尖,1,0,0.2885703444480896
tip_middle_root_1_2_2,CNN,暗紅,4,47,舌左邊,1,0,0.3181774318218231
tip_middle_root_1_2_2,CNN,暗紅,4,47,舌根,1,0,0.3736441135406494
tip_middle_root_1_2_2,CNN,暗紅,4,49,舌中,0,1,0.5863048434257507
tip_middle_root_1_2_2,CNN,暗紅,4,49,舌右邊,0,0,0.37534189224243164
tip_middle_root_1_2_2,CNN,暗紅,4,49,舌尖,0,0,0.25312280654907227
tip_middle_root_1_2_2,CNN,暗紅,4,49,舌左邊,0,0,0.4753492474555969
tip_middle_root_1_2_2,CNN,暗紅,4,49,舌根,0,0,0.39719411730766296
tip_middle_root_1_2_2,CNN,暗紅,4,52,舌中,0,1,0.6459352374076843
tip_middle_root_1_2_2,CNN,暗紅,4,52,舌右邊,0,0,0.4632326662540436
tip_middle_root_1_2_2,CNN,暗紅,4,52,舌尖,0,0,0.26658865809440613
tip_middle_root_1_2_2,CNN,暗紅,4,52,舌左邊,0,1,0.6383042335510254
tip_middle_root_1_2_2,CNN,暗紅,4,52,舌根,0,0,0.4325553774833679
tip_middle_root_1_2_2,CNN,暗紅,4,64,舌中,1,1,0.5707669258117676
tip_middle_root_1_2_2,CNN,暗紅,4,68,舌右邊,1,1,0.5071758031845093
tip_middle_root_1_2_2,CNN,暗紅,4,68,舌左邊,1,0,0.3751062750816345
tip_middle_root_1_2_2,CNN,暗紅,4,68,舌根,0,1,0.5086978673934937
tip_middle_root_1_2_2,CNN,暗紅,4,87,舌中,0,1,0.518095850944519
tip_middle_root_1_2_2,CNN,暗紅,4,87,舌右邊,0,0,0.23845119774341583
tip_middle_root_1_2_2,CNN,暗紅,4,87,舌尖,0,0,0.2570244073867798
tip_middle_root_1_2_2,CNN,暗紅,4,87,舌左邊,0,0,0.2619675397872925
tip_middle_root_1_2_2,CNN,暗紅,4,87,舌根,0,0,0.35578134655952454
tip_middle_root_1_2_2,CNN,暗紅,5,2,舌中,0,1,0.5374066829681396
tip_middle_root_1_2_2,CNN,暗紅,5,2,舌右邊,0,1,0.5558136701583862
tip_middle_root_1_2_2,CNN,暗紅,5,2,舌左邊,0,0,0.31716740131378174
tip_middle_root_1_2_2,CNN,暗紅,5,2,舌根,0,0,0.41019800305366516
tip_middle_root_1_2_2,CNN,暗紅,5,36,舌中,0,1,0.6496059894561768
tip_middle_root_1_2_2,CNN,暗紅,5,36,舌右邊,0,1,0.7403919100761414
tip_middle_root_1_2_2,CNN,暗紅,5,36,舌尖,0,0,0.3143613636493683
tip_middle_root_1_2_2,CNN,暗紅,5,36,舌左邊,0,1,0.7104644179344177
tip_middle_root_1_2_2,CNN,暗紅,5,36,舌根,0,0,0.47557497024536133
tip_middle_root_1_2_2,CNN,暗紅,5,37,舌中,0,1,0.676311194896698
tip_middle_root_1_2_2,CNN,暗紅,5,37,舌右邊,0,1,0.6463283896446228
tip_middle_root_1_2_2,CNN,暗紅,5,37,舌尖,0,0,0.17382420599460602
tip_middle_root_1_2_2,CNN,暗紅,5,37,舌左邊,0,1,0.5422539114952087
tip_middle_root_1_2_2,CNN,暗紅,5,37,舌根,0,1,0.7143664956092834
tip_middle_root_1_2_2,CNN,暗紅,5,38,舌中,0,0,0.34829220175743103
tip_middle_root_1_2_2,CNN,暗紅,5,38,舌右邊,0,1,0.563728928565979
tip_middle_root_1_2_2,CNN,暗紅,5,38,舌尖,0,0,0.46719521284103394
tip_middle_root_1_2_2,CNN,暗紅,5,38,舌左邊,0,1,0.59946608543396
tip_middle_root_1_2_2,CNN,暗紅,5,40,舌根,1,1,0.7549946308135986
tip_middle_root_1_2_2,CNN,暗紅,5,42,舌尖,0,0,0.4691363275051117
tip_middle_root_1_2_2,CNN,暗紅,5,50,舌中,1,1,0.5648120045661926
tip_middle_root_1_2_2,CNN,暗紅,5,50,舌右邊,1,1,0.611014187335968
tip_middle_root_1_2_2,CNN,暗紅,5,50,舌左邊,1,1,0.6911675333976746
tip_middle_root_1_2_2,CNN,暗紅,5,50,舌根,1,0,0.32165178656578064
tip_middle_root_1_2_2,CNN,暗紅,5,59,舌中,0,1,0.6140218377113342
tip_middle_root_1_2_2,CNN,暗紅,5,59,舌右邊,0,1,0.594707727432251
tip_middle_root_1_2_2,CNN,暗紅,5,59,舌尖,0,0,0.44223326444625854
tip_middle_root_1_2_2,CNN,暗紅,5,59,舌左邊,0,1,0.5600425004959106
tip_middle_root_1_2_2,CNN,暗紅,5,59,舌根,0,0,0.3129892647266388
tip_middle_root_1_2_2,CNN,暗紅,5,6,舌中,1,0,0.38947486877441406
tip_middle_root_1_2_2,CNN,暗紅,5,6,舌右邊,1,1,0.8439631462097168
tip_middle_root_1_2_2,CNN,暗紅,5,6,舌尖,1,0,0.34038564562797546
tip_middle_root_1_2_2,CNN,暗紅,5,6,舌左邊,1,0,0.41341128945350647
tip_middle_root_1_2_2,CNN,暗紅,5,6,舌根,1,0,0.2981363534927368
tip_middle_root_1_2_2,CNN,暗紅,5,85,舌中,0,1,0.6267909407615662
tip_middle_root_1_2_2,CNN,暗紅,5,85,舌右邊,0,1,0.7266835570335388
tip_middle_root_1_2_2,CNN,暗紅,5,85,舌尖,0,0,0.4656314253807068
tip_middle_root_1_2_2,CNN,暗紅,5,85,舌左邊,0,1,0.6487721800804138
tip_middle_root_1_2_2,CNN,暗紅,5,85,舌根,0,1,0.5543696880340576
tip_middle_root_1_2_2,CNN,暗紅,5,96,舌中,0,1,0.6237255334854126
tip_middle_root_1_2_2,CNN,暗紅,5,96,舌右邊,0,1,0.7459217309951782
tip_middle_root_1_2_2,CNN,暗紅,5,96,舌尖,0,0,0.40945956110954285
tip_middle_root_1_2_2,CNN,暗紅,5,96,舌左邊,0,1,0.587475061416626
tip_middle_root_1_3_1,CNN,暗紅,1,10,舌右邊,0,0,0.48301708698272705
tip_middle_root_1_3_1,CNN,暗紅,1,10,舌尖,0,1,0.5636162161827087
tip_middle_root_1_3_1,CNN,暗紅,1,10,舌左邊,0,1,0.7260621190071106
tip_middle_root_1_3_1,CNN,暗紅,1,23,舌中,0,1,0.5062944293022156
tip_middle_root_1_3_1,CNN,暗紅,1,23,舌右邊,0,0,0.36427173018455505
tip_middle_root_1_3_1,CNN,暗紅,1,23,舌尖,0,1,0.516871988773346
tip_middle_root_1_3_1,CNN,暗紅,1,23,舌左邊,0,0,0.47930487990379333
tip_middle_root_1_3_1,CNN,暗紅,1,23,舌根,0,0,0.4885939955711365
tip_middle_root_1_3_1,CNN,暗紅,1,41,舌中,1,1,0.5311107635498047
tip_middle_root_1_3_1,CNN,暗紅,1,41,舌右邊,1,1,0.7654039859771729
tip_middle_root_1_3_1,CNN,暗紅,1,41,舌尖,1,0,0.13210414350032806
tip_middle_root_1_3_1,CNN,暗紅,1,41,舌左邊,1,1,0.5324808955192566
tip_middle_root_1_3_1,CNN,暗紅,1,44,舌中,0,1,0.6156896948814392
tip_middle_root_1_3_1,CNN,暗紅,1,44,舌右邊,0,1,0.5541226267814636
tip_middle_root_1_3_1,CNN,暗紅,1,44,舌尖,0,1,0.6126338839530945
tip_middle_root_1_3_1,CNN,暗紅,1,44,舌左邊,0,1,0.660711944103241
tip_middle_root_1_3_1,CNN,暗紅,1,45,舌中,1,1,0.6026512384414673
tip_middle_root_1_3_1,CNN,暗紅,1,45,舌右邊,0,1,0.502372145652771
tip_middle_root_1_3_1,CNN,暗紅,1,45,舌尖,0,0,0.22867341339588165
tip_middle_root_1_3_1,CNN,暗紅,1,45,舌左邊,0,1,0.5713106393814087
tip_middle_root_1_3_1,CNN,暗紅,1,45,舌根,1,0,0.40553560853004456
tip_middle_root_1_3_1,CNN,暗紅,1,5,舌中,0,0,0.46087297797203064
tip_middle_root_1_3_1,CNN,暗紅,1,5,舌右邊,0,1,0.6629461646080017
tip_middle_root_1_3_1,CNN,暗紅,1,5,舌尖,0,0,0.25502878427505493
tip_middle_root_1_3_1,CNN,暗紅,1,5,舌左邊,0,1,0.7424131035804749
tip_middle_root_1_3_1,CNN,暗紅,1,5,舌根,0,1,0.6223151683807373
tip_middle_root_1_3_1,CNN,暗紅,1,53,舌中,0,1,0.52760249376297
tip_middle_root_1_3_1,CNN,暗紅,1,53,舌右邊,0,1,0.5187252759933472
tip_middle_root_1_3_1,CNN,暗紅,1,53,舌尖,0,0,0.49380022287368774
tip_middle_root_1_3_1,CNN,暗紅,1,53,舌左邊,0,1,0.5433851480484009
tip_middle_root_1_3_1,CNN,暗紅,1,53,舌根,0,0,0.49626949429512024
tip_middle_root_1_3_1,CNN,暗紅,1,57,舌中,1,0,0.3660740256309509
tip_middle_root_1_3_1,CNN,暗紅,1,57,舌右邊,1,1,0.6604022979736328
tip_middle_root_1_3_1,CNN,暗紅,1,57,舌尖,1,1,0.6598631143569946
tip_middle_root_1_3_1,CNN,暗紅,1,57,舌左邊,1,1,0.684404194355011
tip_middle_root_1_3_1,CNN,暗紅,1,57,舌根,1,0,0.4681124687194824
tip_middle_root_1_3_1,CNN,暗紅,1,70,舌中,0,1,0.5921730995178223
tip_middle_root_1_3_1,CNN,暗紅,1,70,舌右邊,0,1,0.6129411458969116
tip_middle_root_1_3_1,CNN,暗紅,1,70,舌尖,0,0,0.2913139760494232
tip_middle_root_1_3_1,CNN,暗紅,1,70,舌左邊,0,1,0.7239580750465393
tip_middle_root_1_3_1,CNN,暗紅,1,70,舌根,0,0,0.4464147090911865
tip_middle_root_1_3_1,CNN,暗紅,1,8,舌中,0,0,0.4852328896522522
tip_middle_root_1_3_1,CNN,暗紅,1,8,舌右邊,0,1,0.5920851826667786
tip_middle_root_1_3_1,CNN,暗紅,1,8,舌尖,0,1,0.5412650108337402
tip_middle_root_1_3_1,CNN,暗紅,1,8,舌左邊,0,1,0.5959411263465881
tip_middle_root_1_3_1,CNN,暗紅,1,8,舌根,0,0,0.4401639401912689
tip_middle_root_1_3_1,CNN,暗紅,2,11,舌中,1,1,0.5784669518470764
tip_middle_root_1_3_1,CNN,暗紅,2,11,舌右邊,1,1,0.6229055523872375
tip_middle_root_1_3_1,CNN,暗紅,2,11,舌尖,1,0,0.40776342153549194
tip_middle_root_1_3_1,CNN,暗紅,2,11,舌左邊,1,1,0.5931622385978699
tip_middle_root_1_3_1,CNN,暗紅,2,11,舌根,1,0,0.3542953431606293
tip_middle_root_1_3_1,CNN,暗紅,2,19,舌中,0,1,0.6276828050613403
tip_middle_root_1_3_1,CNN,暗紅,2,19,舌右邊,0,0,0.4886103570461273
tip_middle_root_1_3_1,CNN,暗紅,2,19,舌尖,0,0,0.3315276801586151
tip_middle_root_1_3_1,CNN,暗紅,2,19,舌左邊,0,0,0.3307062089443207
tip_middle_root_1_3_1,CNN,暗紅,2,19,舌根,0,0,0.3191104531288147
tip_middle_root_1_3_1,CNN,暗紅,2,24,舌中,0,1,0.6206199526786804
tip_middle_root_1_3_1,CNN,暗紅,2,24,舌根,0,0,0.43980640172958374
tip_middle_root_1_3_1,CNN,暗紅,2,29,舌中,0,1,0.6539443731307983
tip_middle_root_1_3_1,CNN,暗紅,2,29,舌尖,0,0,0.3595055639743805
tip_middle_root_1_3_1,CNN,暗紅,2,32,舌中,0,1,0.6556916832923889
tip_middle_root_1_3_1,CNN,暗紅,2,32,舌右邊,0,1,0.5513535141944885
tip_middle_root_1_3_1,CNN,暗紅,2,32,舌尖,0,0,0.4514199197292328
tip_middle_root_1_3_1,CNN,暗紅,2,32,舌左邊,0,1,0.5301361083984375
tip_middle_root_1_3_1,CNN,暗紅,2,32,舌根,0,1,0.6202991604804993
tip_middle_root_1_3_1,CNN,暗紅,2,34,舌中,0,1,0.5791172385215759
tip_middle_root_1_3_1,CNN,暗紅,2,34,舌右邊,0,1,0.5463454127311707
tip_middle_root_1_3_1,CNN,暗紅,2,34,舌尖,0,1,0.5465517640113831
tip_middle_root_1_3_1,CNN,暗紅,2,34,舌左邊,0,1,0.5731571912765503
tip_middle_root_1_3_1,CNN,暗紅,2,48,舌中,1,1,0.6026331186294556
tip_middle_root_1_3_1,CNN,暗紅,2,48,舌右邊,1,1,0.5953382849693298
tip_middle_root_1_3_1,CNN,暗紅,2,48,舌左邊,1,1,0.656145453453064
tip_middle_root_1_3_1,CNN,暗紅,2,48,舌根,1,1,0.6081117987632751
tip_middle_root_1_3_1,CNN,暗紅,2,54,舌中,0,1,0.6573461890220642
tip_middle_root_1_3_1,CNN,暗紅,2,54,舌右邊,0,0,0.3159366548061371
tip_middle_root_1_3_1,CNN,暗紅,2,54,舌尖,0,0,0.4336199164390564
tip_middle_root_1_3_1,CNN,暗紅,2,54,舌左邊,0,0,0.2876182794570923
tip_middle_root_1_3_1,CNN,暗紅,2,54,舌根,0,0,0.308803528547287
tip_middle_root_1_3_1,CNN,暗紅,2,55,舌中,0,1,0.5931398272514343
tip_middle_root_1_3_1,CNN,暗紅,2,55,舌右邊,0,1,0.55754554271698
tip_middle_root_1_3_1,CNN,暗紅,2,55,舌尖,0,1,0.511432409286499
tip_middle_root_1_3_1,CNN,暗紅,2,55,舌左邊,0,0,0.45210951566696167
tip_middle_root_1_3_1,CNN,暗紅,2,55,舌根,0,1,0.5242282748222351
tip_middle_root_1_3_1,CNN,暗紅,2,58,舌根,1,0,0.34784838557243347
tip_middle_root_1_3_1,CNN,暗紅,2,9,舌中,0,1,0.628250002861023
tip_middle_root_1_3_1,CNN,暗紅,2,9,舌右邊,0,0,0.3203630745410919
tip_middle_root_1_3_1,CNN,暗紅,2,9,舌尖,0,0,0.4865228831768036
tip_middle_root_1_3_1,CNN,暗紅,2,9,舌左邊,0,1,0.5183963775634766
tip_middle_root_1_3_1,CNN,暗紅,2,9,舌根,0,0,0.49430111050605774
tip_middle_root_1_3_1,CNN,暗紅,3,13,舌中,0,1,0.6603760719299316
tip_middle_root_1_3_1,CNN,暗紅,3,13,舌右邊,0,0,0.48325398564338684
tip_middle_root_1_3_1,CNN,暗紅,3,13,舌尖,0,1,0.5995492935180664
tip_middle_root_1_3_1,CNN,暗紅,3,13,舌左邊,0,0,0.24100591242313385
tip_middle_root_1_3_1,CNN,暗紅,3,13,舌根,0,1,0.514019787311554
tip_middle_root_1_3_1,CNN,暗紅,3,26,舌中,0,1,0.7742354869842529
tip_middle_root_1_3_1,CNN,暗紅,3,26,舌右邊,0,1,0.7573972940444946
tip_middle_root_1_3_1,CNN,暗紅,3,26,舌尖,0,1,0.8072642087936401
tip_middle_root_1_3_1,CNN,暗紅,3,26,舌左邊,0,1,0.7430472373962402
tip_middle_root_1_3_1,CNN,暗紅,3,26,舌根,0,1,0.603961706161499
tip_middle_root_1_3_1,CNN,暗紅,3,31,舌右邊,0,0,0.4366334080696106
tip_middle_root_1_3_1,CNN,暗紅,3,31,舌尖,0,1,0.6620333194732666
tip_middle_root_1_3_1,CNN,暗紅,3,31,舌左邊,0,0,0.11446329206228256
tip_middle_root_1_3_1,CNN,暗紅,3,35,舌中,1,1,0.7106466889381409
tip_middle_root_1_3_1,CNN,暗紅,3,35,舌尖,0,1,0.5038592219352722
tip_middle_root_1_3_1,CNN,暗紅,3,35,舌根,1,1,0.5123602747917175
tip_middle_root_1_3_1,CNN,暗紅,3,39,舌尖,0,0,0.3587484359741211
tip_middle_root_1_3_1,CNN,暗紅,3,39,舌左邊,0,1,0.7633854746818542
tip_middle_root_1_3_1,CNN,暗紅,3,51,舌中,0,0,0.4946701228618622
tip_middle_root_1_3_1,CNN,暗紅,3,51,舌右邊,0,1,0.5662773847579956
tip_middle_root_1_3_1,CNN,暗紅,3,51,舌尖,0,1,0.6111645102500916
tip_middle_root_1_3_1,CNN,暗紅,3,51,舌左邊,0,0,0.1974743902683258
tip_middle_root_1_3_1,CNN,暗紅,3,51,舌根,0,0,0.3419090211391449
tip_middle_root_1_3_1,CNN,暗紅,3,56,舌中,1,0,0.44734498858451843
tip_middle_root_1_3_1,CNN,暗紅,3,56,舌右邊,1,1,0.5158472657203674
tip_middle_root_1_3_1,CNN,暗紅,3,56,舌左邊,1,0,0.17844295501708984
tip_middle_root_1_3_1,CNN,暗紅,3,56,舌根,1,1,0.5771307945251465
tip_middle_root_1_3_1,CNN,暗紅,3,60,舌中,0,1,0.7922423481941223
tip_middle_root_1_3_1,CNN,暗紅,3,60,舌右邊,0,1,0.7956054210662842
tip_middle_root_1_3_1,CNN,暗紅,3,60,舌尖,0,1,0.7622765302658081
tip_middle_root_1_3_1,CNN,暗紅,3,60,舌左邊,0,1,0.7818757891654968
tip_middle_root_1_3_1,CNN,暗紅,3,60,舌根,0,1,0.7420532703399658
tip_middle_root_1_3_1,CNN,暗紅,3,7,舌中,0,1,0.5664483904838562
tip_middle_root_1_3_1,CNN,暗紅,3,7,舌右邊,0,1,0.8396880626678467
tip_middle_root_1_3_1,CNN,暗紅,3,7,舌尖,0,1,0.6770063638687134
tip_middle_root_1_3_1,CNN,暗紅,3,7,舌左邊,0,1,0.7407370805740356
tip_middle_root_1_3_1,CNN,暗紅,3,7,舌根,0,0,0.4715161621570587
tip_middle_root_1_3_1,CNN,暗紅,3,72,舌中,0,1,0.6807106137275696
tip_middle_root_1_3_1,CNN,暗紅,3,72,舌右邊,0,1,0.6822654604911804
tip_middle_root_1_3_1,CNN,暗紅,3,72,舌尖,0,1,0.7109664678573608
tip_middle_root_1_3_1,CNN,暗紅,3,72,舌左邊,0,1,0.6304211020469666
tip_middle_root_1_3_1,CNN,暗紅,3,74,舌中,1,1,0.8130830526351929
tip_middle_root_1_3_1,CNN,暗紅,3,74,舌右邊,1,1,0.745540976524353
tip_middle_root_1_3_1,CNN,暗紅,3,74,舌左邊,1,1,0.8514715433120728
tip_middle_root_1_3_1,CNN,暗紅,3,74,舌根,1,1,0.7764929533004761
tip_middle_root_1_3_1,CNN,暗紅,4,17,舌右邊,1,0,0.22790032625198364
tip_middle_root_1_3_1,CNN,暗紅,4,17,舌左邊,1,0,0.3749161958694458
tip_middle_root_1_3_1,CNN,暗紅,4,17,舌根,1,1,0.5228559374809265
tip_middle_root_1_3_1,CNN,暗紅,4,20,舌中,0,1,0.5585360527038574
tip_middle_root_1_3_1,CNN,暗紅,4,20,舌右邊,0,1,0.7400671243667603
tip_middle_root_1_3_1,CNN,暗紅,4,20,舌尖,0,1,0.5305675864219666
tip_middle_root_1_3_1,CNN,暗紅,4,20,舌左邊,0,1,0.5991207361221313
tip_middle_root_1_3_1,CNN,暗紅,4,20,舌根,0,0,0.20243993401527405
tip_middle_root_1_3_1,CNN,暗紅,4,27,舌中,0,0,0.4867058992385864
tip_middle_root_1_3_1,CNN,暗紅,4,27,舌右邊,0,1,0.539295494556427
tip_middle_root_1_3_1,CNN,暗紅,4,27,舌尖,0,0,0.38218802213668823
tip_middle_root_1_3_1,CNN,暗紅,4,27,舌左邊,0,0,0.26708167791366577
tip_middle_root_1_3_1,CNN,暗紅,4,27,舌根,0,0,0.22742436826229095
tip_middle_root_1_3_1,CNN,暗紅,4,30,舌中,0,1,0.5534434914588928
tip_middle_root_1_3_1,CNN,暗紅,4,30,舌尖,0,0,0.45943909883499146
tip_middle_root_1_3_1,CNN,暗紅,4,30,舌根,0,0,0.23911327123641968
tip_middle_root_1_3_1,CNN,暗紅,4,46,舌中,0,1,0.5363715887069702
tip_middle_root_1_3_1,CNN,暗紅,4,46,舌右邊,0,0,0.3632693290710449
tip_middle_root_1_3_1,CNN,暗紅,4,46,舌尖,0,0,0.24202889204025269
tip_middle_root_1_3_1,CNN,暗紅,4,46,舌左邊,0,1,0.7549359798431396
tip_middle_root_1_3_1,CNN,暗紅,4,47,舌中,1,0,0.41730308532714844
tip_middle_root_1_3_1,CNN,暗紅,4,47,舌右邊,1,1,0.6440264582633972
tip_middle_root_1_3_1,CNN,暗紅,4,47,舌尖,1,0,0.3485589325428009
tip_middle_root_1_3_1,CNN,暗紅,4,47,舌左邊,1,1,0.5888369083404541
tip_middle_root_1_3_1,CNN,暗紅,4,47,舌根,1,0,0.20843425393104553
tip_middle_root_1_3_1,CNN,暗紅,4,49,舌中,0,1,0.5863725543022156
tip_middle_root_1_3_1,CNN,暗紅,4,49,舌右邊,0,1,0.5187415480613708
tip_middle_root_1_3_1,CNN,暗紅,4,49,舌尖,0,0,0.32382625341415405
tip_middle_root_1_3_1,CNN,暗紅,4,49,舌左邊,0,0,0.376920610666275
tip_middle_root_1_3_1,CNN,暗紅,4,49,舌根,0,0,0.4507429599761963
tip_middle_root_1_3_1,CNN,暗紅,4,52,舌中,0,1,0.6154753565788269
tip_middle_root_1_3_1,CNN,暗紅,4,52,舌右邊,0,1,0.5856208205223083
tip_middle_root_1_3_1,CNN,暗紅,4,52,舌尖,0,0,0.32168611884117126
tip_middle_root_1_3_1,CNN,暗紅,4,52,舌左邊,0,1,0.6371563673019409
tip_middle_root_1_3_1,CNN,暗紅,4,52,舌根,0,0,0.45463404059410095
tip_middle_root_1_3_1,CNN,暗紅,4,64,舌中,1,1,0.5389626026153564
tip_middle_root_1_3_1,CNN,暗紅,4,68,舌右邊,1,0,0.25491586327552795
tip_middle_root_1_3_1,CNN,暗紅,4,68,舌左邊,1,0,0.4958750903606415
tip_middle_root_1_3_1,CNN,暗紅,4,68,舌根,0,0,0.34482261538505554
tip_middle_root_1_3_1,CNN,暗紅,4,87,舌中,0,0,0.49664774537086487
tip_middle_root_1_3_1,CNN,暗紅,4,87,舌右邊,0,0,0.3872705399990082
tip_middle_root_1_3_1,CNN,暗紅,4,87,舌尖,0,0,0.38513392210006714
tip_middle_root_1_3_1,CNN,暗紅,4,87,舌左邊,0,0,0.37138670682907104
tip_middle_root_1_3_1,CNN,暗紅,4,87,舌根,0,0,0.1279161274433136
tip_middle_root_1_3_1,CNN,暗紅,5,2,舌中,0,0,0.4657022953033447
tip_middle_root_1_3_1,CNN,暗紅,5,2,舌右邊,0,0,0.3225056827068329
tip_middle_root_1_3_1,CNN,暗紅,5,2,舌左邊,0,0,0.2284371256828308
tip_middle_root_1_3_1,CNN,暗紅,5,2,舌根,0,0,0.314900279045105
tip_middle_root_1_3_1,CNN,暗紅,5,36,舌中,0,1,0.5847405195236206
tip_middle_root_1_3_1,CNN,暗紅,5,36,舌右邊,0,1,0.5631915330886841
tip_middle_root_1_3_1,CNN,暗紅,5,36,舌尖,0,0,0.3647363483905792
tip_middle_root_1_3_1,CNN,暗紅,5,36,舌左邊,0,0,0.4419719874858856
tip_middle_root_1_3_1,CNN,暗紅,5,36,舌根,0,0,0.4399167001247406
tip_middle_root_1_3_1,CNN,暗紅,5,37,舌中,0,1,0.601173996925354
tip_middle_root_1_3_1,CNN,暗紅,5,37,舌右邊,0,0,0.48916304111480713
tip_middle_root_1_3_1,CNN,暗紅,5,37,舌尖,0,0,0.16056443750858307
tip_middle_root_1_3_1,CNN,暗紅,5,37,舌左邊,0,0,0.38956567645072937
tip_middle_root_1_3_1,CNN,暗紅,5,37,舌根,0,1,0.5555944442749023
tip_middle_root_1_3_1,CNN,暗紅,5,38,舌中,0,0,0.4190722107887268
tip_middle_root_1_3_1,CNN,暗紅,5,38,舌右邊,0,1,0.5393102765083313
tip_middle_root_1_3_1,CNN,暗紅,5,38,舌尖,0,0,0.35778841376304626
tip_middle_root_1_3_1,CNN,暗紅,5,38,舌左邊,0,1,0.5226196646690369
tip_middle_root_1_3_1,CNN,暗紅,5,40,舌根,1,0,0.33494335412979126
tip_middle_root_1_3_1,CNN,暗紅,5,42,舌尖,0,0,0.3581600487232208
tip_middle_root_1_3_1,CNN,暗紅,5,50,舌中,1,1,0.6585723757743835
tip_middle_root_1_3_1,CNN,暗紅,5,50,舌右邊,1,1,0.5984241366386414
tip_middle_root_1_3_1,CNN,暗紅,5,50,舌左邊,1,1,0.6316615343093872
tip_middle_root_1_3_1,CNN,暗紅,5,50,舌根,1,0,0.33414649963378906
tip_middle_root_1_3_1,CNN,暗紅,5,59,舌中,0,1,0.6195906400680542
tip_middle_root_1_3_1,CNN,暗紅,5,59,舌右邊,0,0,0.4882727563381195
tip_middle_root_1_3_1,CNN,暗紅,5,59,舌尖,0,0,0.4751322567462921
tip_middle_root_1_3_1,CNN,暗紅,5,59,舌左邊,0,0,0.35202205181121826
tip_middle_root_1_3_1,CNN,暗紅,5,59,舌根,0,0,0.2994084656238556
tip_middle_root_1_3_1,CNN,暗紅,5,6,舌中,1,1,0.5800303816795349
tip_middle_root_1_3_1,CNN,暗紅,5,6,舌右邊,1,1,0.7426220178604126
tip_middle_root_1_3_1,CNN,暗紅,5,6,舌尖,1,0,0.3188403248786926
tip_middle_root_1_3_1,CNN,暗紅,5,6,舌左邊,1,1,0.5866271257400513
tip_middle_root_1_3_1,CNN,暗紅,5,6,舌根,1,0,0.2596755027770996
tip_middle_root_1_3_1,CNN,暗紅,5,85,舌中,0,0,0.447756826877594
tip_middle_root_1_3_1,CNN,暗紅,5,85,舌右邊,0,1,0.5908552408218384
tip_middle_root_1_3_1,CNN,暗紅,5,85,舌尖,0,0,0.33317849040031433
tip_middle_root_1_3_1,CNN,暗紅,5,85,舌左邊,0,1,0.5048499703407288
tip_middle_root_1_3_1,CNN,暗紅,5,85,舌根,0,0,0.3849320113658905
tip_middle_root_1_3_1,CNN,暗紅,5,96,舌中,0,0,0.4053325951099396
tip_middle_root_1_3_1,CNN,暗紅,5,96,舌右邊,0,1,0.5622037053108215
tip_middle_root_1_3_1,CNN,暗紅,5,96,舌尖,0,0,0.4076554775238037
tip_middle_root_1_3_1,CNN,暗紅,5,96,舌左邊,0,0,0.2934272587299347
tip_middle_root_1_2_2,CNN,青紫,1,24,舌中,0,1,0.6291874051094055
tip_middle_root_1_2_2,CNN,青紫,1,24,舌尖,1,0,0.46673399209976196
tip_middle_root_1_2_2,CNN,青紫,1,24,舌根,0,1,0.5589025616645813
tip_middle_root_1_2_2,CNN,青紫,1,35,舌中,0,1,0.6309365630149841
tip_middle_root_1_2_2,CNN,青紫,1,35,舌尖,1,0,0.4043506681919098
tip_middle_root_1_2_2,CNN,青紫,1,35,舌根,0,0,0.42381224036216736
tip_middle_root_1_2_2,CNN,青紫,1,37,舌中,1,0,0.400881826877594
tip_middle_root_1_2_2,CNN,青紫,1,37,舌右邊,0,1,0.6037141680717468
tip_middle_root_1_2_2,CNN,青紫,1,37,舌尖,0,0,0.2529394030570984
tip_middle_root_1_2_2,CNN,青紫,1,37,舌左邊,0,1,0.5922871828079224
tip_middle_root_1_2_2,CNN,青紫,1,37,舌根,0,0,0.3652036488056183
tip_middle_root_1_2_2,CNN,青紫,1,38,舌中,0,0,0.47230440378189087
tip_middle_root_1_2_2,CNN,青紫,1,38,舌右邊,0,1,0.7783534526824951
tip_middle_root_1_2_2,CNN,青紫,1,38,舌尖,0,0,0.1477627009153366
tip_middle_root_1_2_2,CNN,青紫,1,38,舌左邊,0,1,0.682159960269928
tip_middle_root_1_2_2,CNN,青紫,1,38,舌根,0,0,0.2992471158504486
tip_middle_root_1_2_2,CNN,青紫,1,45,舌中,0,1,0.6667209267616272
tip_middle_root_1_2_2,CNN,青紫,1,45,舌右邊,0,1,0.6457473635673523
tip_middle_root_1_2_2,CNN,青紫,1,45,舌尖,0,0,0.4759443700313568
tip_middle_root_1_2_2,CNN,青紫,1,45,舌左邊,0,1,0.6218112707138062
tip_middle_root_1_2_2,CNN,青紫,1,45,舌根,0,0,0.241544708609581
tip_middle_root_1_2_2,CNN,青紫,1,46,舌右邊,0,0,0.44508397579193115
tip_middle_root_1_2_2,CNN,青紫,1,46,舌尖,0,0,0.30298882722854614
tip_middle_root_1_2_2,CNN,青紫,1,46,舌左邊,0,1,0.6499229669570923
tip_middle_root_1_2_2,CNN,青紫,1,46,舌根,0,0,0.3653164207935333
tip_middle_root_1_2_2,CNN,青紫,1,51,舌中,0,0,0.4556989371776581
tip_middle_root_1_2_2,CNN,青紫,1,51,舌右邊,0,1,0.6259862780570984
tip_middle_root_1_2_2,CNN,青紫,1,51,舌尖,0,0,0.27493083477020264
tip_middle_root_1_2_2,CNN,青紫,1,51,舌左邊,0,0,0.47783392667770386
tip_middle_root_1_2_2,CNN,青紫,1,51,舌根,0,0,0.16229262948036194
tip_middle_root_1_2_2,CNN,青紫,1,55,舌中,0,0,0.4915889799594879
tip_middle_root_1_2_2,CNN,青紫,1,55,舌尖,0,0,0.1433073729276657
tip_middle_root_1_2_2,CNN,青紫,1,55,舌根,0,0,0.14265874028205872
tip_middle_root_1_2_2,CNN,青紫,1,70,舌中,0,0,0.33018702268600464
tip_middle_root_1_2_2,CNN,青紫,1,70,舌右邊,0,0,0.30295130610466003
tip_middle_root_1_2_2,CNN,青紫,1,70,舌尖,0,0,0.054574768990278244
tip_middle_root_1_2_2,CNN,青紫,1,70,舌左邊,0,0,0.16145935654640198
tip_middle_root_1_2_2,CNN,青紫,1,70,舌根,0,0,0.05025070160627365
tip_middle_root_1_2_2,CNN,青紫,1,72,舌中,0,0,0.1741657853126526
tip_middle_root_1_2_2,CNN,青紫,1,72,舌右邊,0,0,0.33348822593688965
tip_middle_root_1_2_2,CNN,青紫,1,72,舌左邊,0,1,0.6282143592834473
tip_middle_root_1_2_2,CNN,青紫,1,72,舌根,0,0,0.06153339147567749
tip_middle_root_1_2_2,CNN,青紫,1,74,舌中,0,0,0.2998305559158325
tip_middle_root_1_2_2,CNN,青紫,1,74,舌尖,0,1,0.5445408225059509
tip_middle_root_1_2_2,CNN,青紫,1,74,舌根,0,0,0.22259657084941864
tip_middle_root_1_2_2,CNN,青紫,2,11,舌中,0,1,0.6205319762229919
tip_middle_root_1_2_2,CNN,青紫,2,11,舌右邊,0,1,0.7198882102966309
tip_middle_root_1_2_2,CNN,青紫,2,11,舌尖,0,0,0.16733509302139282
tip_middle_root_1_2_2,CNN,青紫,2,11,舌左邊,0,1,0.6412637829780579
tip_middle_root_1_2_2,CNN,青紫,2,11,舌根,0,0,0.18746009469032288
tip_middle_root_1_2_2,CNN,青紫,2,20,舌右邊,0,1,0.7780288457870483
tip_middle_root_1_2_2,CNN,青紫,2,20,舌尖,0,0,0.19321434199810028
tip_middle_root_1_2_2,CNN,青紫,2,20,舌左邊,0,1,0.7226994633674622
tip_middle_root_1_2_2,CNN,青紫,2,20,舌根,0,0,0.2316531538963318
tip_middle_root_1_2_2,CNN,青紫,2,23,舌中,0,1,0.5570645928382874
tip_middle_root_1_2_2,CNN,青紫,2,23,舌尖,0,0,0.3202994465827942
tip_middle_root_1_2_2,CNN,青紫,2,23,舌根,0,0,0.38314104080200195
tip_middle_root_1_2_2,CNN,青紫,2,26,舌中,0,1,0.5685471296310425
tip_middle_root_1_2_2,CNN,青紫,2,26,舌尖,0,0,0.4010627567768097
tip_middle_root_1_2_2,CNN,青紫,2,26,舌根,0,0,0.2524747848510742
tip_middle_root_1_2_2,CNN,青紫,2,29,舌中,0,0,0.41871386766433716
tip_middle_root_1_2_2,CNN,青紫,2,29,舌右邊,0,0,0.48324671387672424
tip_middle_root_1_2_2,CNN,青紫,2,29,舌尖,0,0,0.44406867027282715
tip_middle_root_1_2_2,CNN,青紫,2,29,舌左邊,0,0,0.25946030020713806
tip_middle_root_1_2_2,CNN,青紫,2,29,舌根,0,0,0.11959991604089737
tip_middle_root_1_2_2,CNN,青紫,2,31,舌中,0,1,0.5157755613327026
tip_middle_root_1_2_2,CNN,青紫,2,31,舌右邊,0,1,0.5714999437332153
tip_middle_root_1_2_2,CNN,青紫,2,31,舌尖,0,0,0.4896788001060486
tip_middle_root_1_2_2,CNN,青紫,2,31,舌左邊,0,0,0.26058197021484375
tip_middle_root_1_2_2,CNN,青紫,2,31,舌根,0,0,0.11657115817070007
tip_middle_root_1_2_2,CNN,青紫,2,34,舌尖,0,0,0.4290562868118286
tip_middle_root_1_2_2,CNN,青紫,2,34,舌根,0,0,0.26555076241493225
tip_middle_root_1_2_2,CNN,青紫,2,39,舌中,0,0,0.4269474446773529
tip_middle_root_1_2_2,CNN,青紫,2,39,舌尖,0,0,0.428046852350235
tip_middle_root_1_2_2,CNN,青紫,2,39,舌左邊,0,1,0.7164159417152405
tip_middle_root_1_2_2,CNN,青紫,2,39,舌根,0,0,0.19014398753643036
tip_middle_root_1_2_2,CNN,青紫,2,42,舌尖,0,0,0.2846919000148773
tip_middle_root_1_2_2,CNN,青紫,2,42,舌根,0,0,0.1676344871520996
tip_middle_root_1_2_2,CNN,青紫,2,49,舌中,1,1,0.5447912216186523
tip_middle_root_1_2_2,CNN,青紫,2,49,舌右邊,1,1,0.6769955158233643
tip_middle_root_1_2_2,CNN,青紫,2,49,舌尖,1,0,0.4773128926753998
tip_middle_root_1_2_2,CNN,青紫,2,49,舌左邊,1,0,0.3596159517765045
tip_middle_root_1_2_2,CNN,青紫,2,8,舌中,0,0,0.35680267214775085
tip_middle_root_1_2_2,CNN,青紫,2,8,舌右邊,0,1,0.6043736338615417
tip_middle_root_1_2_2,CNN,青紫,2,8,舌尖,0,0,0.49198678135871887
tip_middle_root_1_2_2,CNN,青紫,2,8,舌左邊,0,1,0.7440779805183411
tip_middle_root_1_2_2,CNN,青紫,2,8,舌根,0,0,0.13988450169563293
tip_middle_root_1_2_2,CNN,青紫,3,13,舌中,0,0,0.30971938371658325
tip_middle_root_1_2_2,CNN,青紫,3,13,舌根,0,0,0.0045415908098220825
tip_middle_root_1_2_2,CNN,青紫,3,32,舌中,0,0,0.4880698025226593
tip_middle_root_1_2_2,CNN,青紫,3,32,舌尖,0,0,0.25111183524131775
tip_middle_root_1_2_2,CNN,青紫,3,32,舌左邊,0,0,0.35367387533187866
tip_middle_root_1_2_2,CNN,青紫,3,32,舌根,0,0,0.33707359433174133
tip_middle_root_1_2_2,CNN,青紫,3,44,舌右邊,0,1,0.5266855359077454
tip_middle_root_1_2_2,CNN,青紫,3,44,舌尖,0,0,0.2488389015197754
tip_middle_root_1_2_2,CNN,青紫,3,44,舌左邊,0,1,0.70603346824646
tip_middle_root_1_2_2,CNN,青紫,3,44,舌根,0,0,0.11606443673372269
tip_middle_root_1_2_2,CNN,青紫,3,48,舌根,0,0,0.24497584998607635
tip_middle_root_1_2_2,CNN,青紫,3,5,舌右邊,0,0,0.32815179228782654
tip_middle_root_1_2_2,CNN,青紫,3,5,舌尖,0,0,0.14592231810092926
tip_middle_root_1_2_2,CNN,青紫,3,5,舌左邊,0,0,0.42491820454597473
tip_middle_root_1_2_2,CNN,青紫,3,52,舌中,0,1,0.6530286073684692
tip_middle_root_1_2_2,CNN,青紫,3,52,舌右邊,0,1,0.6724764108657837
tip_middle_root_1_2_2,CNN,青紫,3,52,舌尖,0,0,0.39122968912124634
tip_middle_root_1_2_2,CNN,青紫,3,52,舌左邊,0,1,0.7291759252548218
tip_middle_root_1_2_2,CNN,青紫,3,52,舌根,0,0,0.13045787811279297
tip_middle_root_1_2_2,CNN,青紫,3,59,舌中,0,1,0.5541154146194458
tip_middle_root_1_2_2,CNN,青紫,3,59,舌右邊,0,1,0.6925365328788757
tip_middle_root_1_2_2,CNN,青紫,3,59,舌尖,0,0,0.3648964464664459
tip_middle_root_1_2_2,CNN,青紫,3,59,舌左邊,0,1,0.6712300777435303
tip_middle_root_1_2_2,CNN,青紫,3,59,舌根,0,0,0.008949598297476768
tip_middle_root_1_2_2,CNN,青紫,3,60,舌右邊,0,1,0.7011042833328247
tip_middle_root_1_2_2,CNN,青紫,3,60,舌左邊,0,1,0.6566875576972961
tip_middle_root_1_2_2,CNN,青紫,3,60,舌根,0,0,0.3098854422569275
tip_middle_root_1_2_2,CNN,青紫,3,64,舌根,0,0,0.07819083333015442
tip_middle_root_1_2_2,CNN,青紫,3,68,舌中,1,1,0.5250973701477051
tip_middle_root_1_2_2,CNN,青紫,3,68,舌右邊,1,0,0.27221792936325073
tip_middle_root_1_2_2,CNN,青紫,3,68,舌尖,1,0,0.19503870606422424
tip_middle_root_1_2_2,CNN,青紫,3,68,舌左邊,1,0,0.4342515766620636
tip_middle_root_1_2_2,CNN,青紫,3,68,舌根,1,0,0.01835767552256584
tip_middle_root_1_2_2,CNN,青紫,3,9,舌中,0,0,0.4293191730976105
tip_middle_root_1_2_2,CNN,青紫,3,9,舌右邊,0,0,0.0763578787446022
tip_middle_root_1_2_2,CNN,青紫,3,9,舌尖,0,0,0.33047133684158325
tip_middle_root_1_2_2,CNN,青紫,3,9,舌左邊,0,0,0.1821187436580658
tip_middle_root_1_2_2,CNN,青紫,3,9,舌根,0,0,0.023571088910102844
tip_middle_root_1_2_2,CNN,青紫,3,96,舌中,0,0,0.18179886043071747
tip_middle_root_1_2_2,CNN,青紫,3,96,舌右邊,0,0,0.11938702315092087
tip_middle_root_1_2_2,CNN,青紫,3,96,舌尖,0,0,0.1615401804447174
tip_middle_root_1_2_2,CNN,青紫,3,96,舌左邊,0,0,0.07713666558265686
tip_middle_root_1_2_2,CNN,青紫,3,96,舌根,0,0,0.0044639827683568
tip_middle_root_1_2_2,CNN,青紫,4,10,舌中,0,0,0.4572505056858063
tip_middle_root_1_2_2,CNN,青紫,4,10,舌右邊,0,0,0.36560219526290894
tip_middle_root_1_2_2,CNN,青紫,4,10,舌尖,0,0,0.09877178817987442
tip_middle_root_1_2_2,CNN,青紫,4,10,舌左邊,0,1,0.6545464992523193
tip_middle_root_1_2_2,CNN,青紫,4,10,舌根,0,0,0.059396564960479736
tip_middle_root_1_2_2,CNN,青紫,4,19,舌中,0,1,0.565342128276825
tip_middle_root_1_2_2,CNN,青紫,4,19,舌尖,0,0,0.29623374342918396
tip_middle_root_1_2_2,CNN,青紫,4,19,舌左邊,0,0,0.48124557733535767
tip_middle_root_1_2_2,CNN,青紫,4,19,舌根,0,0,0.06743457168340683
tip_middle_root_1_2_2,CNN,青紫,4,2,舌中,0,0,0.24665986001491547
tip_middle_root_1_2_2,CNN,青紫,4,2,舌右邊,0,0,0.24988356232643127
tip_middle_root_1_2_2,CNN,青紫,4,2,舌尖,0,0,0.3689385652542114
tip_middle_root_1_2_2,CNN,青紫,4,2,舌左邊,0,0,0.14437957108020782
tip_middle_root_1_2_2,CNN,青紫,4,2,舌根,0,0,0.1234780102968216
tip_middle_root_1_2_2,CNN,青紫,4,30,舌右邊,0,1,0.5832834243774414
tip_middle_root_1_2_2,CNN,青紫,4,30,舌左邊,0,1,0.6281720399856567
tip_middle_root_1_2_2,CNN,青紫,4,30,舌根,0,0,0.060083162039518356
tip_middle_root_1_2_2,CNN,青紫,4,40,舌中,0,1,0.5398975610733032
tip_middle_root_1_2_2,CNN,青紫,4,40,舌右邊,0,1,0.620217502117157
tip_middle_root_1_2_2,CNN,青紫,4,40,舌尖,1,0,0.26818934082984924
tip_middle_root_1_2_2,CNN,青紫,4,40,舌左邊,0,1,0.5160773992538452
tip_middle_root_1_2_2,CNN,青紫,4,40,舌根,0,0,0.05768151581287384
tip_middle_root_1_2_2,CNN,青紫,4,50,舌中,1,1,0.5264984965324402
tip_middle_root_1_2_2,CNN,青紫,4,50,舌右邊,1,0,0.40306857228279114
tip_middle_root_1_2_2,CNN,青紫,4,50,舌左邊,1,1,0.5261412858963013
tip_middle_root_1_2_2,CNN,青紫,4,50,舌根,0,0,0.043873321264982224
tip_middle_root_1_2_2,CNN,青紫,4,53,舌中,0,0,0.3081650733947754
tip_middle_root_1_2_2,CNN,青紫,4,53,舌右邊,0,0,0.38427215814590454
tip_middle_root_1_2_2,CNN,青紫,4,53,舌尖,0,0,0.32707199454307556
tip_middle_root_1_2_2,CNN,青紫,4,53,舌左邊,0,0,0.46031150221824646
tip_middle_root_1_2_2,CNN,青紫,4,53,舌根,0,0,0.06818797439336777
tip_middle_root_1_2_2,CNN,青紫,4,58,舌中,0,0,0.35770654678344727
tip_middle_root_1_2_2,CNN,青紫,4,58,舌右邊,0,0,0.3431033492088318
tip_middle_root_1_2_2,CNN,青紫,4,58,舌左邊,0,0,0.2843047082424164
tip_middle_root_1_2_2,CNN,青紫,4,58,舌根,0,0,0.06985971331596375
tip_middle_root_1_2_2,CNN,青紫,4,6,舌中,0,0,0.3451021909713745
tip_middle_root_1_2_2,CNN,青紫,4,6,舌右邊,0,0,0.4507664144039154
tip_middle_root_1_2_2,CNN,青紫,4,6,舌尖,0,0,0.25933846831321716
tip_middle_root_1_2_2,CNN,青紫,4,6,舌左邊,0,0,0.48973801732063293
tip_middle_root_1_2_2,CNN,青紫,4,6,舌根,0,0,0.053930122405290604
tip_middle_root_1_2_2,CNN,青紫,4,87,舌中,0,0,0.22701899707317352
tip_middle_root_1_2_2,CNN,青紫,4,87,舌根,0,0,0.018316471949219704
tip_middle_root_1_2_2,CNN,青紫,5,17,舌中,0,1,0.5890551209449768
tip_middle_root_1_2_2,CNN,青紫,5,17,舌右邊,0,1,0.6901494860649109
tip_middle_root_1_2_2,CNN,青紫,5,17,舌根,0,0,0.039286788552999496
tip_middle_root_1_2_2,CNN,青紫,5,27,舌中,0,0,0.38694679737091064
tip_middle_root_1_2_2,CNN,青紫,5,27,舌右邊,0,0,0.3877139985561371
tip_middle_root_1_2_2,CNN,青紫,5,27,舌左邊,0,1,0.5390259027481079
tip_middle_root_1_2_2,CNN,青紫,5,27,舌根,0,0,0.15300920605659485
tip_middle_root_1_2_2,CNN,青紫,5,36,舌中,0,0,0.47423267364501953
tip_middle_root_1_2_2,CNN,青紫,5,36,舌右邊,0,0,0.27676132321357727
tip_middle_root_1_2_2,CNN,青紫,5,36,舌尖,0,0,0.04076937586069107
tip_middle_root_1_2_2,CNN,青紫,5,36,舌左邊,0,0,0.21660420298576355
tip_middle_root_1_2_2,CNN,青紫,5,36,舌根,0,0,0.1916288584470749
tip_middle_root_1_2_2,CNN,青紫,5,41,舌中,0,1,0.6793627142906189
tip_middle_root_1_2_2,CNN,青紫,5,41,舌尖,0,0,0.11611242592334747
tip_middle_root_1_2_2,CNN,青紫,5,41,舌根,0,0,0.21152086555957794
tip_middle_root_1_2_2,CNN,青紫,5,47,舌中,0,0,0.4175861179828644
tip_middle_root_1_2_2,CNN,青紫,5,47,舌右邊,0,0,0.21314005553722382
tip_middle_root_1_2_2,CNN,青紫,5,47,舌尖,0,0,0.06186151131987572
tip_middle_root_1_2_2,CNN,青紫,5,47,舌左邊,0,0,0.2650512456893921
tip_middle_root_1_2_2,CNN,青紫,5,47,舌根,0,0,0.06676918268203735
tip_middle_root_1_2_2,CNN,青紫,5,54,舌中,0,1,0.6302117705345154
tip_middle_root_1_2_2,CNN,青紫,5,54,舌右邊,0,1,0.535826563835144
tip_middle_root_1_2_2,CNN,青紫,5,54,舌尖,0,0,0.044252071529626846
tip_middle_root_1_2_2,CNN,青紫,5,54,舌左邊,0,0,0.29136696457862854
tip_middle_root_1_2_2,CNN,青紫,5,54,舌根,0,0,0.014161583967506886
tip_middle_root_1_2_2,CNN,青紫,5,56,舌中,0,0,0.3618181645870209
tip_middle_root_1_2_2,CNN,青紫,5,56,舌尖,0,0,0.13880640268325806
tip_middle_root_1_2_2,CNN,青紫,5,56,舌左邊,0,0,0.2729051113128662
tip_middle_root_1_2_2,CNN,青紫,5,56,舌根,0,0,0.20603281259536743
tip_middle_root_1_2_2,CNN,青紫,5,57,舌中,0,0,0.2671550512313843
tip_middle_root_1_2_2,CNN,青紫,5,57,舌右邊,0,1,0.7599453926086426
tip_middle_root_1_2_2,CNN,青紫,5,57,舌尖,1,0,0.08642378449440002
tip_middle_root_1_2_2,CNN,青紫,5,57,舌根,0,0,0.12410517036914825
tip_middle_root_1_2_2,CNN,青紫,5,7,舌中,0,1,0.5305848717689514
tip_middle_root_1_2_2,CNN,青紫,5,7,舌右邊,0,0,0.36138176918029785
tip_middle_root_1_2_2,CNN,青紫,5,7,舌尖,0,0,0.06420280784368515
tip_middle_root_1_2_2,CNN,青紫,5,7,舌左邊,0,0,0.4969449043273926
tip_middle_root_1_2_2,CNN,青紫,5,7,舌根,0,0,0.01262248121201992
tip_middle_root_1_2_2,CNN,青紫,5,85,舌中,0,1,0.6116197109222412
tip_middle_root_1_2_2,CNN,青紫,5,85,舌右邊,1,0,0.2251003086566925
tip_middle_root_1_2_2,CNN,青紫,5,85,舌尖,0,0,0.029641008004546165
tip_middle_root_1_2_2,CNN,青紫,5,85,舌根,0,0,0.011408783495426178
tip_middle_root_1_3_1,CNN,青紫,1,24,舌中,0,1,0.6949712634086609
tip_middle_root_1_3_1,CNN,青紫,1,24,舌尖,1,0,0.2818662226200104
tip_middle_root_1_3_1,CNN,青紫,1,24,舌根,0,0,0.3733888566493988
tip_middle_root_1_3_1,CNN,青紫,1,35,舌中,0,1,0.7106069922447205
tip_middle_root_1_3_1,CNN,青紫,1,35,舌尖,1,0,0.3642352223396301
tip_middle_root_1_3_1,CNN,青紫,1,35,舌根,0,0,0.32646599411964417
tip_middle_root_1_3_1,CNN,青紫,1,37,舌中,1,1,0.7328137755393982
tip_middle_root_1_3_1,CNN,青紫,1,37,舌右邊,0,0,0.37276211380958557
tip_middle_root_1_3_1,CNN,青紫,1,37,舌尖,0,0,0.17245182394981384
tip_middle_root_1_3_1,CNN,青紫,1,37,舌左邊,0,1,0.639398992061615
tip_middle_root_1_3_1,CNN,青紫,1,37,舌根,0,0,0.19019970297813416
tip_middle_root_1_3_1,CNN,青紫,1,38,舌中,0,1,0.6127364039421082
tip_middle_root_1_3_1,CNN,青紫,1,38,舌右邊,0,1,0.5365166068077087
tip_middle_root_1_3_1,CNN,青紫,1,38,舌尖,0,0,0.2643720209598541
tip_middle_root_1_3_1,CNN,青紫,1,38,舌左邊,0,0,0.4966209828853607
tip_middle_root_1_3_1,CNN,青紫,1,38,舌根,0,0,0.36601778864860535
tip_middle_root_1_3_1,CNN,青紫,1,45,舌中,0,1,0.7895213961601257
tip_middle_root_1_3_1,CNN,青紫,1,45,舌右邊,0,1,0.5661786198616028
tip_middle_root_1_3_1,CNN,青紫,1,45,舌尖,0,1,0.56634122133255
tip_middle_root_1_3_1,CNN,青紫,1,45,舌左邊,0,1,0.5529181957244873
tip_middle_root_1_3_1,CNN,青紫,1,45,舌根,0,0,0.12655490636825562
tip_middle_root_1_3_1,CNN,青紫,1,46,舌右邊,0,0,0.290932834148407
tip_middle_root_1_3_1,CNN,青紫,1,46,舌尖,0,0,0.2943975329399109
tip_middle_root_1_3_1,CNN,青紫,1,46,舌左邊,0,0,0.4276427626609802
tip_middle_root_1_3_1,CNN,青紫,1,46,舌根,0,0,0.4282195270061493
tip_middle_root_1_3_1,CNN,青紫,1,51,舌中,0,1,0.7193353772163391
tip_middle_root_1_3_1,CNN,青紫,1,51,舌右邊,0,0,0.43049970269203186
tip_middle_root_1_3_1,CNN,青紫,1,51,舌尖,0,0,0.43673330545425415
tip_middle_root_1_3_1,CNN,青紫,1,51,舌左邊,0,0,0.13722938299179077
tip_middle_root_1_3_1,CNN,青紫,1,51,舌根,0,0,0.07976092398166656
tip_middle_root_1_3_1,CNN,青紫,1,55,舌中,0,1,0.6585177183151245
tip_middle_root_1_3_1,CNN,青紫,1,55,舌尖,0,0,0.4114498496055603
tip_middle_root_1_3_1,CNN,青紫,1,55,舌根,0,0,0.3809449076652527
tip_middle_root_1_3_1,CNN,青紫,1,70,舌中,0,0,0.3774462044239044
tip_middle_root_1_3_1,CNN,青紫,1,70,舌右邊,0,0,0.08141757547855377
tip_middle_root_1_3_1,CNN,青紫,1,70,舌尖,0,0,0.12288955599069595
tip_middle_root_1_3_1,CNN,青紫,1,70,舌左邊,0,0,0.07754839956760406
tip_middle_root_1_3_1,CNN,青紫,1,70,舌根,0,0,0.05934443324804306
tip_middle_root_1_3_1,CNN,青紫,1,72,舌中,0,0,0.43823984265327454
tip_middle_root_1_3_1,CNN,青紫,1,72,舌右邊,0,0,0.3521116077899933
tip_middle_root_1_3_1,CNN,青紫,1,72,舌左邊,0,0,0.49556609988212585
tip_middle_root_1_3_1,CNN,青紫,1,72,舌根,0,0,0.07081298530101776
tip_middle_root_1_3_1,CNN,青紫,1,74,舌中,0,1,0.6782619953155518
tip_middle_root_1_3_1,CNN,青紫,1,74,舌尖,0,0,0.4217918813228607
tip_middle_root_1_3_1,CNN,青紫,1,74,舌根,0,0,0.13893455266952515
tip_middle_root_1_3_1,CNN,青紫,2,11,舌中,0,0,0.37235596776008606
tip_middle_root_1_3_1,CNN,青紫,2,11,舌右邊,0,1,0.543252170085907
tip_middle_root_1_3_1,CNN,青紫,2,11,舌尖,0,0,0.2653404474258423
tip_middle_root_1_3_1,CNN,青紫,2,11,舌左邊,0,0,0.45040813088417053
tip_middle_root_1_3_1,CNN,青紫,2,11,舌根,0,0,0.15017221868038177
tip_middle_root_1_3_1,CNN,青紫,2,20,舌右邊,0,1,0.7026611566543579
tip_middle_root_1_3_1,CNN,青紫,2,20,舌尖,0,0,0.4009617865085602
tip_middle_root_1_3_1,CNN,青紫,2,20,舌左邊,0,1,0.5894899368286133
tip_middle_root_1_3_1,CNN,青紫,2,20,舌根,0,0,0.29437923431396484
tip_middle_root_1_3_1,CNN,青紫,2,23,舌中,0,0,0.4445917010307312
tip_middle_root_1_3_1,CNN,青紫,2,23,舌尖,0,0,0.3294929265975952
tip_middle_root_1_3_1,CNN,青紫,2,23,舌根,0,0,0.3156207501888275
tip_middle_root_1_3_1,CNN,青紫,2,26,舌中,0,0,0.4677889347076416
tip_middle_root_1_3_1,CNN,青紫,2,26,舌尖,0,0,0.3307892084121704
tip_middle_root_1_3_1,CNN,青紫,2,26,舌根,0,0,0.1474621593952179
tip_middle_root_1_3_1,CNN,青紫,2,29,舌中,0,1,0.6538873314857483
tip_middle_root_1_3_1,CNN,青紫,2,29,舌右邊,0,0,0.28709614276885986
tip_middle_root_1_3_1,CNN,青紫,2,29,舌尖,0,0,0.44438228011131287
tip_middle_root_1_3_1,CNN,青紫,2,29,舌左邊,0,0,0.34426990151405334
tip_middle_root_1_3_1,CNN,青紫,2,29,舌根,0,0,0.18001246452331543
tip_middle_root_1_3_1,CNN,青紫,2,31,舌中,0,0,0.4383530914783478
tip_middle_root_1_3_1,CNN,青紫,2,31,舌右邊,0,0,0.29428744316101074
tip_middle_root_1_3_1,CNN,青紫,2,31,舌尖,0,0,0.38176682591438293
tip_middle_root_1_3_1,CNN,青紫,2,31,舌左邊,0,0,0.0947469100356102
tip_middle_root_1_3_1,CNN,青紫,2,31,舌根,0,0,0.1732155978679657
tip_middle_root_1_3_1,CNN,青紫,2,34,舌尖,0,0,0.389179527759552
tip_middle_root_1_3_1,CNN,青紫,2,34,舌根,0,0,0.18068645894527435
tip_middle_root_1_3_1,CNN,青紫,2,39,舌中,0,1,0.6127384901046753
tip_middle_root_1_3_1,CNN,青紫,2,39,舌尖,0,0,0.3703361451625824
tip_middle_root_1_3_1,CNN,青紫,2,39,舌左邊,0,1,0.5432893633842468
tip_middle_root_1_3_1,CNN,青紫,2,39,舌根,0,0,0.1338379681110382
tip_middle_root_1_3_1,CNN,青紫,2,42,舌尖,0,0,0.2945062518119812
tip_middle_root_1_3_1,CNN,青紫,2,42,舌根,0,0,0.3424503803253174
tip_middle_root_1_3_1,CNN,青紫,2,49,舌中,1,1,0.5822786688804626
tip_middle_root_1_3_1,CNN,青紫,2,49,舌右邊,1,1,0.5118204951286316
tip_middle_root_1_3_1,CNN,青紫,2,49,舌尖,1,0,0.3038957417011261
tip_middle_root_1_3_1,CNN,青紫,2,49,舌左邊,1,0,0.19285596907138824
tip_middle_root_1_3_1,CNN,青紫,2,8,舌中,0,1,0.5331368446350098
tip_middle_root_1_3_1,CNN,青紫,2,8,舌右邊,0,1,0.5470330715179443
tip_middle_root_1_3_1,CNN,青紫,2,8,舌尖,0,0,0.4137846529483795
tip_middle_root_1_3_1,CNN,青紫,2,8,舌左邊,0,1,0.5082300305366516
tip_middle_root_1_3_1,CNN,青紫,2,8,舌根,0,0,0.3197118639945984
tip_middle_root_1_3_1,CNN,青紫,3,13,舌中,0,0,0.34974509477615356
tip_middle_root_1_3_1,CNN,青紫,3,13,舌根,0,0,0.026614109054207802
tip_middle_root_1_3_1,CNN,青紫,3,32,舌中,0,1,0.6112897992134094
tip_middle_root_1_3_1,CNN,青紫,3,32,舌尖,0,1,0.5981440544128418
tip_middle_root_1_3_1,CNN,青紫,3,32,舌左邊,0,0,0.31821945309638977
tip_middle_root_1_3_1,CNN,青紫,3,32,舌根,0,0,0.4576812982559204
tip_middle_root_1_3_1,CNN,青紫,3,44,舌右邊,0,1,0.5553480386734009
tip_middle_root_1_3_1,CNN,青紫,3,44,舌尖,0,0,0.49542948603630066
tip_middle_root_1_3_1,CNN,青紫,3,44,舌左邊,0,1,0.6710053086280823
tip_middle_root_1_3_1,CNN,青紫,3,44,舌根,0,0,0.2016235589981079
tip_middle_root_1_3_1,CNN,青紫,3,48,舌根,0,0,0.16136212646961212
tip_middle_root_1_3_1,CNN,青紫,3,5,舌右邊,0,0,0.2054358422756195
tip_middle_root_1_3_1,CNN,青紫,3,5,舌尖,0,0,0.42305710911750793
tip_middle_root_1_3_1,CNN,青紫,3,5,舌左邊,0,0,0.26832300424575806
tip_middle_root_1_3_1,CNN,青紫,3,52,舌中,0,1,0.7193461060523987
tip_middle_root_1_3_1,CNN,青紫,3,52,舌右邊,0,1,0.5224456191062927
tip_middle_root_1_3_1,CNN,青紫,3,52,舌尖,0,1,0.5263363122940063
tip_middle_root_1_3_1,CNN,青紫,3,52,舌左邊,0,1,0.6788735389709473
tip_middle_root_1_3_1,CNN,青紫,3,52,舌根,0,0,0.22121120989322662
tip_middle_root_1_3_1,CNN,青紫,3,59,舌中,0,1,0.5777695178985596
tip_middle_root_1_3_1,CNN,青紫,3,59,舌右邊,0,0,0.4957432150840759
tip_middle_root_1_3_1,CNN,青紫,3,59,舌尖,0,1,0.5995163917541504
tip_middle_root_1_3_1,CNN,青紫,3,59,舌左邊,0,0,0.3947491943836212
tip_middle_root_1_3_1,CNN,青紫,3,59,舌根,0,0,0.12215809524059296
tip_middle_root_1_3_1,CNN,青紫,3,60,舌右邊,0,0,0.4885803461074829
tip_middle_root_1_3_1,CNN,青紫,3,60,舌左邊,0,1,0.6186923980712891
tip_middle_root_1_3_1,CNN,青紫,3,60,舌根,0,0,0.10629463195800781
tip_middle_root_1_3_1,CNN,青紫,3,64,舌根,0,0,0.32376930117607117
tip_middle_root_1_3_1,CNN,青紫,3,68,舌中,1,0,0.4527583122253418
tip_middle_root_1_3_1,CNN,青紫,3,68,舌右邊,1,0,0.10904909670352936
tip_middle_root_1_3_1,CNN,青紫,3,68,舌尖,1,0,0.2602536678314209
tip_middle_root_1_3_1,CNN,青紫,3,68,舌左邊,1,0,0.19826897978782654
tip_middle_root_1_3_1,CNN,青紫,3,68,舌根,1,0,0.023060251027345657
tip_middle_root_1_3_1,CNN,青紫,3,9,舌中,0,0,0.4589465260505676
tip_middle_root_1_3_1,CNN,青紫,3,9,舌右邊,0,0,0.1909414380788803
tip_middle_root_1_3_1,CNN,青紫,3,9,舌尖,0,1,0.5363832712173462
tip_middle_root_1_3_1,CNN,青紫,3,9,舌左邊,0,0,0.13571687042713165
tip_middle_root_1_3_1,CNN,青紫,3,9,舌根,0,0,0.33536750078201294
tip_middle_root_1_3_1,CNN,青紫,3,96,舌中,0,0,0.3229657709598541
tip_middle_root_1_3_1,CNN,青紫,3,96,舌右邊,0,0,0.1876523196697235
tip_middle_root_1_3_1,CNN,青紫,3,96,舌尖,0,0,0.4818379580974579
tip_middle_root_1_3_1,CNN,青紫,3,96,舌左邊,0,0,0.06857546418905258
tip_middle_root_1_3_1,CNN,青紫,3,96,舌根,0,0,0.03299555554986
tip_middle_root_1_3_1,CNN,青紫,4,10,舌中,0,0,0.45085158944129944
tip_middle_root_1_3_1,CNN,青紫,4,10,舌右邊,0,0,0.2627755403518677
tip_middle_root_1_3_1,CNN,青紫,4,10,舌尖,0,0,0.22201915085315704
tip_middle_root_1_3_1,CNN,青紫,4,10,舌左邊,0,0,0.3938681185245514
tip_middle_root_1_3_1,CNN,青紫,4,10,舌根,0,0,0.02231370471417904
tip_middle_root_1_3_1,CNN,青紫,4,19,舌中,0,1,0.5345169305801392
tip_middle_root_1_3_1,CNN,青紫,4,19,舌尖,0,0,0.3653108477592468
tip_middle_root_1_3_1,CNN,青紫,4,19,舌左邊,0,0,0.18101881444454193
tip_middle_root_1_3_1,CNN,青紫,4,19,舌根,0,0,0.04853716492652893
tip_middle_root_1_3_1,CNN,青紫,4,2,舌中,0,0,0.33732444047927856
tip_middle_root_1_3_1,CNN,青紫,4,2,舌右邊,0,0,0.13467426598072052
tip_middle_root_1_3_1,CNN,青紫,4,2,舌尖,0,0,0.48564431071281433
tip_middle_root_1_3_1,CNN,青紫,4,2,舌左邊,0,0,0.1873563826084137
tip_middle_root_1_3_1,CNN,青紫,4,2,舌根,0,0,0.13511471450328827
tip_middle_root_1_3_1,CNN,青紫,4,30,舌右邊,0,0,0.42458710074424744
tip_middle_root_1_3_1,CNN,青紫,4,30,舌左邊,0,0,0.43429699540138245
tip_middle_root_1_3_1,CNN,青紫,4,30,舌根,0,0,0.06730840355157852
tip_middle_root_1_3_1,CNN,青紫,4,40,舌中,0,1,0.6294371485710144
tip_middle_root_1_3_1,CNN,青紫,4,40,舌右邊,0,0,0.4210435450077057
tip_middle_root_1_3_1,CNN,青紫,4,40,舌尖,1,0,0.43918660283088684
tip_middle_root_1_3_1,CNN,青紫,4,40,舌左邊,0,0,0.3422274887561798
tip_middle_root_1_3_1,CNN,青紫,4,40,舌根,0,0,0.20968425273895264
tip_middle_root_1_3_1,CNN,青紫,4,50,舌中,1,1,0.652771532535553
tip_middle_root_1_3_1,CNN,青紫,4,50,舌右邊,1,0,0.2722678780555725
tip_middle_root_1_3_1,CNN,青紫,4,50,舌左邊,1,0,0.39507564902305603
tip_middle_root_1_3_1,CNN,青紫,4,50,舌根,0,0,0.14701659977436066
tip_middle_root_1_3_1,CNN,青紫,4,53,舌中,0,0,0.42660000920295715
tip_middle_root_1_3_1,CNN,青紫,4,53,舌右邊,0,0,0.20099619030952454
tip_middle_root_1_3_1,CNN,青紫,4,53,舌尖,0,0,0.43809810280799866
tip_middle_root_1_3_1,CNN,青紫,4,53,舌左邊,0,0,0.27063459157943726
tip_middle_root_1_3_1,CNN,青紫,4,53,舌根,0,0,0.1886790692806244
tip_middle_root_1_3_1,CNN,青紫,4,58,舌中,0,0,0.428364634513855
tip_middle_root_1_3_1,CNN,青紫,4,58,舌右邊,0,0,0.22197575867176056
tip_middle_root_1_3_1,CNN,青紫,4,58,舌左邊,0,0,0.1898430436849594
tip_middle_root_1_3_1,CNN,青紫,4,58,舌根,0,0,0.02058419957756996
tip_middle_root_1_3_1,CNN,青紫,4,6,舌中,0,0,0.423641562461853
tip_middle_root_1_3_1,CNN,青紫,4,6,舌右邊,0,0,0.3632175326347351
tip_middle_root_1_3_1,CNN,青紫,4,6,舌尖,0,0,0.36224132776260376
tip_middle_root_1_3_1,CNN,青紫,4,6,舌左邊,0,0,0.47484251856803894
tip_middle_root_1_3_1,CNN,青紫,4,6,舌根,0,0,0.0525202751159668
tip_middle_root_1_3_1,CNN,青紫,4,87,舌中,0,0,0.2999934256076813
tip_middle_root_1_3_1,CNN,青紫,4,87,舌根,0,0,0.0799875408411026
tip_middle_root_1_3_1,CNN,青紫,5,17,舌中,0,1,0.5222376585006714
tip_middle_root_1_3_1,CNN,青紫,5,17,舌右邊,0,0,0.4954533576965332
tip_middle_root_1_3_1,CNN,青紫,5,17,舌根,0,0,0.01763974316418171
tip_middle_root_1_3_1,CNN,青紫,5,27,舌中,0,1,0.511387050151825
tip_middle_root_1_3_1,CNN,青紫,5,27,舌右邊,0,0,0.24453599750995636
tip_middle_root_1_3_1,CNN,青紫,5,27,舌左邊,0,0,0.2735326290130615
tip_middle_root_1_3_1,CNN,青紫,5,27,舌根,0,0,0.19616837799549103
tip_middle_root_1_3_1,CNN,青紫,5,36,舌中,0,1,0.5573291778564453
tip_middle_root_1_3_1,CNN,青紫,5,36,舌右邊,0,0,0.1460762470960617
tip_middle_root_1_3_1,CNN,青紫,5,36,舌尖,0,0,0.05406676232814789
tip_middle_root_1_3_1,CNN,青紫,5,36,舌左邊,0,0,0.23955151438713074
tip_middle_root_1_3_1,CNN,青紫,5,36,舌根,0,0,0.26752907037734985
tip_middle_root_1_3_1,CNN,青紫,5,41,舌中,0,1,0.757152795791626
tip_middle_root_1_3_1,CNN,青紫,5,41,舌尖,0,0,0.06802388280630112
tip_middle_root_1_3_1,CNN,青紫,5,41,舌根,0,0,0.2260429561138153
tip_middle_root_1_3_1,CNN,青紫,5,47,舌中,0,0,0.4901891052722931
tip_middle_root_1_3_1,CNN,青紫,5,47,舌右邊,0,0,0.24009142816066742
tip_middle_root_1_3_1,CNN,青紫,5,47,舌尖,0,0,0.15274037420749664
tip_middle_root_1_3_1,CNN,青紫,5,47,舌左邊,0,0,0.13332653045654297
tip_middle_root_1_3_1,CNN,青紫,5,47,舌根,0,0,0.14022541046142578
tip_middle_root_1_3_1,CNN,青紫,5,54,舌中,0,1,0.6341562867164612
tip_middle_root_1_3_1,CNN,青紫,5,54,舌右邊,0,0,0.32920897006988525
tip_middle_root_1_3_1,CNN,青紫,5,54,舌尖,0,0,0.10907870531082153
tip_middle_root_1_3_1,CNN,青紫,5,54,舌左邊,0,0,0.08861102908849716
tip_middle_root_1_3_1,CNN,青紫,5,54,舌根,0,0,0.0261636171489954
tip_middle_root_1_3_1,CNN,青紫,5,56,舌中,0,0,0.45079025626182556
tip_middle_root_1_3_1,CNN,青紫,5,56,舌尖,0,0,0.26433417201042175
tip_middle_root_1_3_1,CNN,青紫,5,56,舌左邊,0,0,0.13408683240413666
tip_middle_root_1_3_1,CNN,青紫,5,56,舌根,0,0,0.4993463456630707
tip_middle_root_1_3_1,CNN,青紫,5,57,舌中,0,0,0.4854533076286316
tip_middle_root_1_3_1,CNN,青紫,5,57,舌右邊,0,1,0.6518011689186096
tip_middle_root_1_3_1,CNN,青紫,5,57,舌尖,1,0,0.08316683024168015
tip_middle_root_1_3_1,CNN,青紫,5,57,舌根,0,0,0.17993560433387756
tip_middle_root_1_3_1,CNN,青紫,5,7,舌中,0,0,0.4817730486392975
tip_middle_root_1_3_1,CNN,青紫,5,7,舌右邊,0,0,0.2343389242887497
tip_middle_root_1_3_1,CNN,青紫,5,7,舌尖,0,0,0.07615476101636887
tip_middle_root_1_3_1,CNN,青紫,5,7,舌左邊,0,0,0.2201167792081833
tip_middle_root_1_3_1,CNN,青紫,5,7,舌根,0,0,0.10823793709278107
tip_middle_root_1_3_1,CNN,青紫,5,85,舌中,0,0,0.20827022194862366
tip_middle_root_1_3_1,CNN,青紫,5,85,舌右邊,1,0,0.10568320751190186
tip_middle_root_1_3_1,CNN,青紫,5,85,舌尖,0,0,0.049482204020023346
tip_middle_root_1_3_1,CNN,青紫,5,85,舌根,0,0,0.13791212439537048
