image_id,region,pixel_count,R_mean,R_std,G_mean,G_std,B_mean,B_std,H_mean,H_std,S_mean,S_std,V_mean,V_std,Lab_L_mean,Lab_L_std,Lab_a_mean,Lab_a_std,Lab_b_mean,Lab_b_std,R_hist_0,R_hist_1,R_hist_2,R_hist_3,R_hist_4,R_hist_5,R_hist_6,R_hist_7,G_hist_0,G_hist_1,G_hist_2,G_hist_3,G_hist_4,G_hist_5,G_hist_6,G_hist_7,B_hist_0,B_hist_1,B_hist_2,B_hist_3,B_hist_4,B_hist_5,B_hist_6,B_hist_7,H_hist_0,H_hist_1,H_hist_2,H_hist_3,H_hist_4,H_hist_5,H_hist_6,H_hist_7,S_hist_0,S_hist_1,S_hist_2,S_hist_3,S_hist_4,S_hist_5,S_hist_6,S_hist_7,V_hist_0,V_hist_1,V_hist_2,V_hist_3,V_hist_4,V_hist_5,V_hist_6,V_hist_7,Lab_L_hist_0,Lab_L_hist_1,Lab_L_hist_2,Lab_L_hist_3,Lab_L_hist_4,Lab_L_hist_5,Lab_L_hist_6,Lab_L_hist_7,Lab_a_hist_0,Lab_a_hist_1,Lab_a_hist_2,Lab_a_hist_3,Lab_a_hist_4,Lab_a_hist_5,Lab_a_hist_6,Lab_a_hist_7,Lab_b_hist_0,Lab_b_hist_1,Lab_b_hist_2,Lab_b_hist_3,Lab_b_hist_4,Lab_b_hist_5,Lab_b_hist_6,Lab_b_hist_7,y_暗紅,y_淡白,y_淡紅,y_灰黑,y_青紫,y_鮮紅
10,舌中,288876,137.8868865966797,7.3407301902771,112.2843246459961,10.899942398071287,127.18431091308594,10.122119903564451,162.27659606933594,3.8925838470458984,47.78497695922851,10.846744537353516,137.88943481445312,7.343380451202393,128.0196990966797,9.932579040527344,140.7620391845703,2.291903257369995,123.70532989501952,1.4127124547958374,0.0,0.0,0.0,0.0880412356858998,0.911934532463756,2.4231850344092275e-05,0.0,0.0,0.0,5.884877940708123e-05,0.0730624904803445,0.8644504908680541,0.0624281698721942,0.0,0.0,0.0,0.0,3.4616929062988965e-06,0.007099932150819,0.4462226007006466,0.546674005455628,0.0,0.0,0.0,9.69274013763691e-05,0.0,0.0,0.0,0.0,0.0,0.1053531619103006,0.894549910688323,0.0412287625140198,0.871965826167629,0.0864142400199393,0.0003911712984117,0.0,0.0,0.0,0.0,0.0,0.0,0.0,0.0880377739929935,0.9119379941566624,2.4231850344092275e-05,0.0,0.0,0.0,0.0,0.0042578822747476,0.4237631371245794,0.571978980600673,0.0,0.0,0.0,0.0,0.0,0.0,0.0,1.0,0.0,0.0,0.0,0.0,0.0,0.0,0.9908576690344646,0.0091423309655353,0.0,0.0,0.0,-1,0,0,0,0,1
10,舌右邊,148637,131.69068908691406,11.252002716064451,92.14752960205078,20.53717613220215,107.81976318359376,21.72296905517578,166.01048278808594,10.087061882019045,78.18628692626953,28.80179214477539,131.6924285888672,11.25441074371338,111.6512680053711,17.809186935424805,146.88316345214844,5.435328960418701,125.94490051269533,3.610877990722656,0.0,0.0,0.0013657433882546,0.2944017976681445,0.7030685495536104,0.0011639093899903,0.0,0.0,0.0,0.0973512651627791,0.4234679117581759,0.4626169796214939,0.0165638434575509,0.0,0.0,0.0,0.0,0.0165503878576666,0.2923632742856758,0.4666603873867206,0.2242510276714411,0.0001749227984956,0.0,0.0,0.0025498361780714,0.0,0.0,0.0,0.0,0.0,0.0885983974380537,0.9088517663838748,0.0086384951257089,0.3941817986100365,0.2618459737481246,0.298149182235917,0.0371307278806757,5.382239953712736e-05,0.0,0.0,0.0,0.0,0.0013657433882546,0.2944017976681445,0.7030550939537262,0.0011773649898746,0.0,0.0,0.0,0.0006391409945033,0.2154779765468894,0.5587841519944563,0.2250718192643823,2.691119976856368e-05,0.0,0.0,0.0,0.0,0.0,0.0,0.998762084810646,0.0012379151893539,0.0,0.0,0.0,0.0,0.0,0.7139339464601681,0.2860660535398319,0.0,0.0,0.0,0,0,0,0,0,1
10,舌尖,145976,131.34605407714844,10.972623825073242,88.12358093261719,14.135095596313477,105.76028442382812,13.606228828430176,167.1334228515625,5.793051242828369,84.29100036621094,20.56019592285156,131.34622192382812,10.972832679748535,108.7816390991211,12.621214866638184,148.64651489257812,4.710592269897461,125.38031005859376,2.1795668601989746,0.0,0.0,0.0008015016167041,0.3213884474160136,0.6777072943497561,0.0001027566175261,0.0,0.0,0.0,0.0424384830383076,0.643139968213953,0.3132432728667726,0.0011782758809667,0.0,0.0,0.0,0.0,0.0001370088233682,0.2180769441552036,0.7328944484024771,0.048891598618951,0.0,0.0,0.0,0.0009179591165671,0.0,0.0,0.0,0.0,0.0,0.0025483641146489,0.996533676768784,0.000267167205568,0.1797076231709322,0.5239148901189237,0.2785594892311064,0.0175439798323012,6.8504411684112454e-06,0.0,0.0,0.0,0.0,0.0008015016167041,0.3213884474160136,0.6777072943497561,0.0001027566175261,0.0,0.0,0.0,0.0,0.1474488957088836,0.789595549953417,0.0629555543376993,0.0,0.0,0.0,0.0,0.0,0.0,0.0,0.9918342741272538,0.0081657258727462,0.0,0.0,0.0,0.0,0.0,0.836904696662465,0.1630953033375349,0.0,0.0,0.0,0,0,0,0,0,1
10,舌左邊,177101,136.3254852294922,9.67745590209961,102.4623031616211,20.63642120361328,119.5605926513672,19.295690536499023,163.5040740966797,4.674962997436523,65.03850555419922,27.743431091308594,136.33517456054688,9.694649696350098,120.59313201904295,17.51443099975586,144.63832092285156,5.493953704833984,124.03731536865234,2.068769693374634,0.0,0.0,0.0,0.1892140642909978,0.8092275029502939,0.0015471397677031,1.1292991005132664e-05,0.0,0.0,0.0506208321805071,0.2645213748087249,0.6254679533147752,0.0593220817499618,6.775794603079599e-05,0.0,0.0,0.0,0.000688872451313,0.1580002371528111,0.4014601837369636,0.4389754998560143,0.00085826731639,1.6939486507698997e-05,0.0,0.0,0.0,0.0,0.0,0.0,0.0,0.1201800102766218,0.8798199897233782,0.0292319072167859,0.5727861502758314,0.2100609256864727,0.1717720396835703,0.0158271268936934,0.0003218502436462,0.0,0.0,0.0,0.0,0.0,0.1892140642909978,0.8090185826166989,0.0017504136057955,1.6939486507698997e-05,0.0,0.0,0.0,0.1307784823349388,0.4260337321641323,0.4426852474012004,0.0005025380997284,0.0,0.0,0.0,0.0,0.0,0.0,0.9978373922225172,0.0021626077774829,0.0,0.0,0.0,0.0,0.0,0.9367705433622622,0.0632294566377377,0.0,0.0,0.0,0,0,0,0,0,1
10,舌根,288218,99.27870178222656,31.239910125732425,72.38731384277344,27.891948699951172,85.08619689941406,30.477855682373047,165.13450622558594,5.959352970123291,73.67041778564453,23.9346923828125,99.2796401977539,31.24071502685547,85.92687225341797,31.69447135925293,141.68780517578125,4.35862398147583,125.16941833496094,2.308964252471924,0.0337556988113164,0.1364175728094706,0.1977079849280753,0.4435357958212186,0.1885794780339881,3.4695959308578924e-06,0.0,0.0,0.1110513569589685,0.2428647759681907,0.402070654851536,0.2429515158664622,0.0010616963548425,0.0,0.0,0.0,0.0720045243530938,0.1697222241497755,0.316933709900145,0.4019388102061634,0.0394007313908222,0.0,0.0,0.0,0.0006661624187247,0.0,0.0,0.0,0.0,0.0,0.025414790193534,0.9739190473877412,0.0038339035035979,0.4094470158005399,0.3814404374466549,0.1877398358187205,0.0173063445031191,0.0002324629273674,0.0,0.0,0.0337556988113164,0.1364175728094706,0.1977079849280753,0.4434837518822558,0.188631521972951,3.4695959308578924e-06,0.0,0.0,0.0798770375202104,0.162751805924682,0.2933404575703113,0.4175693398746782,0.046461359110118,0.0,0.0,0.0,0.0,0.0,0.0,0.0,0.9994309862673392,0.0005690137326606,0.0,0.0,0.0,0.0,0.0,0.8622327543734257,0.1377672456265743,0.0,0.0,0.0,-1,0,0,0,0,1
11,舌中,239850,143.27947998046875,12.928682327270508,106.72218322753906,17.718706130981445,125.22744750976562,16.490625381469727,164.40936279296875,2.9487369060516357,66.13939666748047,18.02871322631836,143.2799530029297,12.92736530303955,125.66481018066406,16.13266944885254,145.729248046875,3.8057780265808105,123.5790786743164,1.5803576707839966,0.0,0.0,0.0002543256201792,0.1186783406295601,0.7888346883468834,0.0922326454033771,0.0,0.0,0.0,0.0059620596205962,0.2626474880133416,0.6023598082134668,0.1290306441525953,0.0,0.0,0.0,0.0,0.0,0.0461246612466124,0.4768647071086095,0.4749426725036481,0.0020679591411298,0.0,0.0,0.0,0.0,0.0,0.0,0.0,0.0,0.0291890765061496,0.9708109234938505,0.003919116114238,0.478499061913696,0.4519741505107358,0.0646737544298519,0.000933917031478,0.0,0.0,0.0,0.0,0.0,0.0002501563477173,0.1186825099020221,0.7888346883468834,0.0922326454033771,0.0,0.0,0.0,0.0,0.0416635397123202,0.4731832395247029,0.4830644152595372,0.0020888055034396,0.0,0.0,0.0,0.0,0.0,0.0,0.9999416301855326,5.836981446737544e-05,0.0,0.0,0.0,0.0,0.0,0.9901730248071712,0.0098269751928288,0.0,0.0,0.0,1,0,0,0,0,0
11,舌右邊,147818,123.33504486083984,14.801116943359377,78.73906707763672,17.615171432495117,97.0505828857422,18.1882266998291,167.15122985839844,4.554175853729248,93.71125030517578,20.895753860473633,123.33712768554688,14.798346519470217,99.4730224609375,16.944683074951172,149.640869140625,3.4955384731292725,125.34695434570312,2.777984142303467,0.0,0.0,0.0257546442246546,0.5982762586423845,0.366714473203534,0.0090854970301316,0.000169126899295,0.0,0.0002367776590131,0.1812972709683529,0.6498058423196093,0.1620168044487139,0.006494472932931,0.0001488316713796,0.0,0.0,0.0,0.0346304238996603,0.4477059627379615,0.4604851912486977,0.0560960099581918,0.0010350566236858,4.7355531802622145e-05,0.0,0.0002773681148439,0.0,0.0,0.0,0.0,0.0,0.0189422127210488,0.9807804191641072,6.7650759718031634e-06,0.0730289951156151,0.46191938735472,0.4114045650732658,0.0521046151348279,0.0015356722455993,0.0,0.0,0.0,0.0,0.0256937585409084,0.5983371443261308,0.366714473203534,0.0090854970301316,0.000169126899295,0.0,0.0,0.0096334681838477,0.4138399924231149,0.5116900512792759,0.0637946664141038,0.0010350566236858,6.7650759718031634e-06,0.0,0.0,0.0,0.0,0.0,0.9993505527067068,0.0006494472932931,0.0,0.0,0.0,0.0,0.0,0.7985225074077582,0.2014774925922418,0.0,0.0,0.0,1,0,0,0,0,0
11,舌尖,116964,129.55984497070312,20.040430068969727,87.89057922363281,17.066415786743164,105.73377990722656,16.096105575561523,164.77783203125,14.05429458618164,83.25395202636719,17.148563385009766,130.1509246826172,19.191511154174805,107.95687866210938,17.62040138244629,148.1342315673828,4.017584800720215,124.87326049804688,4.067213535308838,0.0,2.564891761567662e-05,0.0610358742861051,0.3419855682090216,0.5679525324031326,0.029000376184125,0.0,0.0,0.0,0.0641992407920385,0.6020057453575459,0.3283061454806607,0.0054888683697547,0.0,0.0,0.0,0.0,0.0007181696932389,0.293329571492083,0.5982011559112206,0.1077425532642522,8.54963920522554e-06,0.0,0.0,0.0047706986765158,0.0,0.0,0.0,0.0,0.0155346944358948,0.0938835881125816,0.8858110187750077,0.0001795424233097,0.114787455969358,0.6482763927362265,0.2277196402311822,0.0090284190007181,8.54963920522554e-06,0.0,0.0,0.0,0.0,0.0390547518894702,0.3625987483328203,0.5693461235935844,0.029000376184125,0.0,0.0,0.0,0.0016842789234294,0.2672617215553504,0.5728685749461373,0.1581597756574672,2.564891761567662e-05,0.0,0.0,0.0,0.0,0.0,0.0,0.997460757156048,0.0025392428439519,0.0,0.0,0.0,0.0,0.0,0.7497178619062276,0.2502821380937724,0.0,0.0,0.0,1,0,0,0,0,0
11,舌左邊,126246,128.81884765625,12.9407958984375,79.34305572509766,18.689208984375,97.86575317382812,18.55341148376465,168.11538696289062,3.635251760482788,99.24929809570312,25.48448944091797,128.8193817138672,12.939839363098145,101.87422943115234,16.553646087646484,151.56390380859375,4.9463982582092285,126.29417419433594,3.28783917427063,0.0,0.0,0.0018614451150927,0.4664306195839868,0.5201907387164741,0.0114617492831456,5.5447301300635266e-05,0.0,0.0,0.2087590893968917,0.5907751532721829,0.1899307700838046,0.0105349872471207,0.0,0.0,0.0,0.0,0.0089270155094022,0.4895996704846094,0.4216450422191594,0.079495587979025,0.0003326838078038,0.0,0.0,0.0,0.0,0.0,0.0,0.0,0.0,0.0065586236395608,0.9934413763604392,2.3763129128843685e-05,0.1017061926714509,0.334141279723714,0.4080366902713749,0.1556326537078402,0.0004594204964909,0.0,0.0,0.0,0.0,0.0018456030290068,0.4664464616700727,0.5201907387164741,0.0114617492831456,5.5447301300635266e-05,0.0,0.0,0.0006336834434358,0.4079574798409454,0.5024872075154856,0.0885572612201574,0.0003643679799756,0.0,0.0,0.0,0.0,0.0,0.0,0.9760626079242116,0.0239373920757885,0.0,0.0,0.0,0.0,0.0,0.6527969202984649,0.3472030797015351,0.0,0.0,0.0,1,0,0,0,0,0
11,舌根,244058,98.3161392211914,29.567100524902344,66.73568725585938,27.02826690673828,77.4576416015625,29.3791561126709,169.8531036376953,3.861075162887573,87.01426696777344,26.492698669433594,98.3161392211914,29.567100524902344,81.25491333007812,30.141508102416992,143.4747314453125,4.3350934982299805,127.28811645507812,2.123669147491455,0.0006637766432569,0.1624777716772242,0.2493833433036409,0.4192732874972342,0.1663702890296569,0.0018315318489867,0.0,0.0,0.105163526702669,0.3658146833949307,0.3580624277835596,0.1648829376623589,0.0060764244564816,0.0,0.0,0.0,0.0624072966262118,0.2792123183833351,0.3629833891943718,0.2565373804587434,0.0387366937367347,0.0001229216006031,0.0,0.0,0.0001434085340369,0.0,0.0,0.0,0.0,0.0,0.0006678740299437,0.9991887174360192,0.0004589073089183,0.210810545034377,0.4344704947184685,0.2709642789828647,0.0786903113194404,0.004548099222316,5.7363413614796485e-05,0.0,0.0006637766432569,0.1624777716772242,0.2493833433036409,0.4192732874972342,0.1663702890296569,0.0018315318489867,0.0,0.0,0.0566463709446115,0.2370952806300141,0.361762367961714,0.2888370797105606,0.0555032000590023,0.0001557006940973,0.0,0.0,0.0,0.0,0.0,0.0,0.999586163944636,0.0004138360553638,0.0,0.0,0.0,0.0,0.0,0.5819846102156044,0.4180153897843955,0.0,0.0,0.0,1,0,0,0,0,0
13,舌中,232190,155.8868865966797,9.59377384185791,116.67141723632812,12.851415634155272,125.88884735107422,12.053906440734863,172.76620483398438,7.826687335968018,64.60063934326172,11.875510215759276,155.8868865966797,9.59377384185791,135.66336059570312,11.571660995483398,144.88674926757812,2.9627087116241455,128.978759765625,1.3515336513519287,0.0,0.0,0.0,0.004052715448555,0.6360179163616004,0.3594082432490633,0.0005211249407812,0.0,0.0,8.61363538481416e-06,0.054550152892028,0.7357810413885181,0.2092252034971359,0.0004349885869331,0.0,0.0,0.0,0.0,0.0108230328610189,0.5288255308152806,0.4579611525044145,0.0023902838192859,0.0,0.0,0.0019165338731211,0.0,0.0,0.0,0.0,0.0,0.0,0.9980834661268788,0.0,0.5008441362677117,0.4873121150781687,0.011839441836427,4.30681769240708e-06,0.0,0.0,0.0,0.0,0.0,0.0,0.004052715448555,0.6360179163616004,0.3594082432490633,0.0005211249407812,0.0,0.0,0.0,0.000994874886946,0.2317110986691933,0.7560360049959085,0.0112537146302597,4.30681769240708e-06,0.0,0.0,0.0,0.0,0.0,0.9999827727292304,1.722727076962832e-05,0.0,0.0,0.0,0.0,0.0,0.1228304405874499,0.87716955941255,0.0,0.0,0.0,0,-1,-1,0,0,0
13,舌右邊,160752,148.0126495361328,11.272052764892578,99.22512817382812,14.528407096862791,108.01371002197266,15.533324241638184,168.83181762695312,30.24445915222168,84.93153381347656,15.283231735229492,148.0126495361328,11.272052764892578,120.94013214111328,13.28930377960205,149.0826416015625,3.4463393688201904,131.18641662597656,2.235586404800415,0.0,0.0,4.354533691649249e-05,0.0382887926744301,0.8192184234099731,0.1422190703692644,0.0002301682094157,0.0,0.0,0.0029237583358216,0.3903341793570219,0.57667089678511,0.0299343087488802,0.0001368567731661,0.0,0.0,0.0,0.0018973325370757,0.1969866626853787,0.7017517666965263,0.0989412262366875,0.0004230118443316,0.0,0.0,0.0319436150094555,0.0,0.0,0.0,0.0,0.0,0.0,0.9680563849905444,0.0,0.0758870807206131,0.69581715935105,0.2249863143226834,0.0033094456056534,0.0,0.0,0.0,0.0,0.0,4.354533691649249e-05,0.0382887926744301,0.8192184234099731,0.1422190703692644,0.0002301682094157,0.0,0.0,0.0,0.0267306161043097,0.672999402806808,0.2981611426296406,0.0021088384592415,0.0,0.0,0.0,0.0,0.0,0.0,0.9979284861152584,0.0020715138847417,0.0,0.0,0.0,0.0,0.0,0.0039875087090673,0.9960124912909326,0.0,0.0,0.0,0,0,0,0,-1,0
13,舌尖,196004,159.40501403808594,11.548940658569336,100.3563003540039,16.961284637451172,111.2454833984375,17.689489364624023,172.3283233642578,17.505718231201172,94.980712890625,20.093605041503903,159.40501403808594,11.548940658569336,125.65348815917967,14.138745307922363,153.3667755126953,5.225121021270752,132.1286163330078,3.2812488079071045,0.0,0.0,0.0,0.0093875635191118,0.49383175853554,0.4815156833534009,0.0148772474031142,0.0003877471888328,0.0,0.0012499744903165,0.4508989612456888,0.479260627334136,0.0624068896553131,0.0058978388196159,0.0002857084549294,0.0,0.0,0.0001479561641599,0.1741086916593539,0.6581549356135589,0.1512520152649946,0.0156884553376461,0.0006275382135058,2.0407746780677945e-05,0.0105508050856104,0.0,0.0,0.0,0.0,0.0,0.0,0.9894491949143897,0.0002142813411971,0.0607334544192975,0.4380165710903859,0.4627201485683965,0.0379992245056223,0.0003163200751005,0.0,0.0,0.0,0.0,0.0,0.0093875635191118,0.49383175853554,0.4815156833534009,0.0148772474031142,0.0003877471888328,0.0,0.0,0.0047856166200689,0.6411654864186446,0.3241362421175078,0.0287749229607559,0.0011224260729372,1.530581008550846e-05,0.0,0.0,0.0,0.0,0.8861247729638171,0.1138752270361829,0.0,0.0,0.0,0.0,0.0,0.0575039284912552,0.9424960715087448,0.0,0.0,0.0,0,0,0,0,-1,-1
13,舌左邊,163669,146.21136474609375,12.061383247375488,97.70455932617188,15.792990684509276,107.57801055908205,15.64951992034912,173.59378051757812,6.832737445831299,85.40708923339844,16.95002555847168,146.21136474609375,12.061383247375488,119.43732452392578,14.31891632080078,149.16830444335938,3.709012508392334,130.53744506835938,1.8783124685287476,0.0,0.0,0.0,0.0469361943923406,0.809353023480317,0.1418533747991373,0.0018085281879891,4.88791402159236e-05,0.0,0.0108022899877191,0.4489549028832583,0.5061740463985238,0.0329628701831134,0.0010753410847503,3.0549462634952254e-05,0.0,0.0,0.0010692311922233,0.2076446975297704,0.6866052826130788,0.1025912054206966,0.001857407328205,0.0002321759160256,0.0,0.0014908137765856,0.0,0.0,0.0,0.0,0.0,0.0,0.9985091862234144,1.22197850539809e-05,0.1001472484099004,0.6337608221471385,0.2606663448789936,0.0054072548863865,6.10989252699045e-06,0.0,0.0,0.0,0.0,0.0,0.0469361943923406,0.809353023480317,0.1418533747991373,0.0018085281879891,4.88791402159236e-05,0.0,0.0,0.0403191807856099,0.6806236978291552,0.275733339850552,0.0029205286279014,0.0004032529067813,0.0,0.0,0.0,0.0,0.0,0.9975804825593118,0.0024195174406882,0.0,0.0,0.0,0.0,0.0,0.0126719171009781,0.987328082899022,0.0,0.0,0.0,0,0,0,0,-1,0
13,舌根,202309,103.87693786621094,31.50383758544922,69.48333740234375,27.398969650268555,74.18817901611328,28.561626434326172,162.01954650878906,47.175418853759766,90.64344024658205,22.678688049316406,103.87693786621094,31.50383758544922,84.49018096923828,31.235599517822266,143.56687927246094,2.8870508670806885,131.28688049316406,1.587976098060608,0.0099501257976659,0.1302117058558937,0.2176769199590725,0.3655991577240755,0.2737396754469648,0.0028125293486696,9.885867657889665e-06,0.0,0.1121106821742977,0.2809019865651058,0.4119391623704333,0.1929128214760589,0.0021106327449594,2.471466914472416e-05,0.0,0.0,0.0973263670919237,0.2498455333178454,0.3780701797745033,0.2694640376849275,0.0052493957263394,4.448640446050349e-05,0.0,0.0,0.0786964494906306,0.0,0.0,0.0,0.0,0.0,0.0,0.9213035505093692,1.4828801486834496e-05,0.0806538512868928,0.5587838405607264,0.2801506606231062,0.0781428409017888,0.0022144343553672,3.460053680261382e-05,4.942933828944832e-06,0.0099501257976659,0.1302117058558937,0.2176769199590725,0.3655991577240755,0.2737396754469648,0.0028125293486696,9.885867657889665e-06,0.0,0.0649056641078745,0.2033226401198167,0.2947520871538093,0.3883218245357349,0.0485989254061855,9.885867657889663e-05,0.0,0.0,0.0,0.0,0.0,0.0,1.0,0.0,0.0,0.0,0.0,0.0,0.0,0.0166181435329125,0.9833818564670874,0.0,0.0,0.0,0,-1,-1,0,0,0
17,舌中,217704,206.69342041015625,11.952531814575195,177.48175048828125,18.165794372558594,195.33094787597656,15.582768440246582,161.49002075195312,5.5145463943481445,36.47751998901367,13.354634284973145,206.69598388671875,11.953384399414062,192.22474670410156,15.066866874694824,141.59616088867188,4.579890727996826,122.9188461303711,2.246085405349731,0.0,0.0,0.0,0.0,0.0020256862528938,0.106961746224231,0.8499200749641715,0.0410924925587035,0.0,0.0,0.0004409657149156,0.0120484694814978,0.151393635394848,0.5989738360342484,0.2371430933744901,0.0,0.0,0.0,4.593392863704847e-06,0.0013366773233381,0.0285065961121522,0.3033935986477051,0.6647098813067284,0.0020486532172123,0.0005098666078712,0.0,0.0,0.0,0.0,0.0,0.1475765259251093,0.8519136074670194,0.3827995810825708,0.5841555506559365,0.0320940359387057,0.0009370521441957,1.378017859111454e-05,0.0,0.0,0.0,0.0,0.0,0.0,0.0,0.0020256862528938,0.1069525594385036,0.8499200749641715,0.0411016793444309,0.0,0.0,0.0,0.0007487230367838,0.032525814867894,0.3754455591077794,0.5911191342373131,0.0001607687502296,0.0,0.0,0.0,0.0,0.9993982655348548,0.0006017344651453,0.0,0.0,0.0,0.0,0.0,0.9774785947892553,0.0225214052107448,0.0,0.0,0.0,-1,0,-1,0,0,0
17,舌右邊,142108,203.36126708984375,14.4453706741333,160.3443603515625,24.853240966796875,183.56068420410156,23.713659286499023,162.89610290527344,3.883166551589966,55.00948715209961,20.100160598754883,203.36129760742188,14.44540786743164,179.88121032714844,20.383380889892575,147.7588348388672,5.551431179046631,122.31818389892578,2.195123195648194,0.0,0.0,0.0,0.0,0.0011751625524249,0.2200087257578742,0.7060264024544712,0.0727897092352295,0.0,0.0,0.0105272046612435,0.1020491457201565,0.315858361246376,0.4993737157654741,0.0721915726067498,0.0,0.0,0.0,1.407380302305289e-05,0.0243054578208123,0.1343063022489937,0.4126861260449799,0.4233962901455231,0.0052917499366678,0.0,0.0,0.0,0.0,0.0,0.0,0.068666084949475,0.931333915050525,0.0520941818898302,0.690517071523067,0.1950769837025361,0.0615939989303909,0.0007177639541756,0.0,0.0,0.0,0.0,0.0,0.0,0.0,0.0011751625524249,0.2200087257578742,0.7060264024544712,0.0727897092352295,0.0,0.0,0.0,0.0105905367748472,0.1520392940580403,0.5069313479888535,0.3302628986404706,0.0001759225377881,0.0,0.0,0.0,0.0,0.9525149886002195,0.0474850113997804,0.0,0.0,0.0,0.0,0.0,0.9598615137782532,0.0401384862217468,0.0,0.0,0.0,1,0,0,0,0,0
17,舌尖,169773,200.6978454589844,14.665221214294434,151.21498107910156,22.88762092590332,177.19590759277344,22.61169815063477,163.1031494140625,7.722298622131348,63.74517822265625,18.69097328186035,200.69839477539065,14.666370391845703,173.13824462890625,19.047901153564453,150.72821044921875,5.072759628295898,121.85452270507812,2.851158380508423,0.0,0.0,5.8902181147767904e-06,5.89021811477679e-05,0.00831109775995,0.223062560006597,0.733078875910775,0.0354826739234153,0.0,7.068261737732148e-05,0.0120219351722594,0.1455708504885935,0.4408828258910427,0.3859447615345196,0.0149906051021069,0.0005183391941003,0.0,2.356087245910716e-05,0.000553680502789,0.0247742573907511,0.1964564447821503,0.4769250705353619,0.2956948395799096,0.0055721463365788,0.0015314567098419,0.0,0.0,0.0,0.0,0.0,0.0759308017175876,0.9225377415725704,0.0058430963698585,0.5493453022565425,0.3810087587543366,0.0630724555730298,0.0007303870462323,0.0,0.0,0.0,0.0,0.0,5.8902181147767904e-06,5.89021811477679e-05,0.00831109775995,0.223062560006597,0.733078875910775,0.0354826739234153,0.0,5.8902181147767904e-06,0.0001060239260659,0.0168519140263763,0.2136912229859871,0.5932509880840887,0.1744741507778033,0.0016198099815636,0.0,0.0,0.0,0.0,0.9374753347116443,0.0625246652883556,0.0,0.0,0.0,0.0,0.0,0.961130450660588,0.038869549339412,0.0,0.0,0.0,-1,0,1,0,-1,0
17,舌左邊,154381,205.5985412597656,13.217684745788574,157.583251953125,23.088998794555664,181.7067718505859,23.134767532348633,163.9263916015625,5.042180061340332,60.407623291015625,18.61130714416504,205.6018829345703,13.222661018371582,178.63687133789062,18.844074249267575,149.75152587890625,5.1743268966674805,122.5858383178711,2.762004852294922,0.0,0.0,0.0,6.4774810371742634e-06,0.00059592825542,0.153775399822517,0.7576968668424223,0.0879253275986034,0.0,0.0,0.0010817393332081,0.1110434574202784,0.4007423193268601,0.4226556376756207,0.0644768462440326,0.0,0.0,0.0,2.5909924148697057e-05,0.0115946910565419,0.1733503475168576,0.4326503909159806,0.3762833509304901,0.0060953096559809,0.0002008019121524,0.0,0.0,0.0,0.0,0.0,0.0673463703435008,0.9324528277443468,0.0375499575724992,0.5674985911478744,0.3502633096041611,0.0446557542702793,3.238740518587132e-05,0.0,0.0,0.0,0.0,0.0,0.0,6.4774810371742634e-06,0.00059592825542,0.153775399822517,0.7575154973733814,0.0881066970676443,0.0,0.0,6.4774810371742634e-06,0.0016906225507024,0.1733956898841178,0.5413101353145788,0.282942849184809,0.0006542255847546,0.0,0.0,0.0,0.0,0.9658831073772032,0.0341168926227968,0.0,0.0,0.0,0.0,0.0,0.9244272287392878,0.0755727712607121,0.0,0.0,0.0,1,0,0,0,-1,0
17,舌根,182366,162.22674560546875,40.92751693725586,134.7207489013672,43.427059173583984,148.00425720214844,43.29524230957031,162.6337127685547,19.63033103942871,47.57341766357422,26.68609046936035,162.23931884765625,40.938907623291016,149.7039337158203,42.58742141723633,140.9453125,6.016089916229248,124.97322082519533,2.6759042739868164,0.0,0.0286895583606593,0.0569020541109636,0.1227641117313534,0.1652062336181086,0.3437153855433578,0.2824978340260794,0.0002248226094776,0.0144708991807683,0.0603785793404472,0.1236853360823837,0.1920314093635875,0.2806773192371385,0.2530131713148284,0.0757432854808462,0.0,0.0053683252360637,0.0421295636247984,0.1028645690534419,0.1331278856804448,0.254669181755371,0.291216564491188,0.1705581084193325,6.58017393593104e-05,0.0131000296107827,0.0,0.0,0.0,0.0,0.0,0.1247546143469725,0.8621453560422447,0.3360549663862781,0.4227652084270094,0.1871346632595988,0.041888290580481,0.0121568713466325,0.0,0.0,0.0,0.0,0.0286895583606593,0.0569020541109636,0.1227641117313534,0.1651897831832688,0.3436166829343189,0.2825581522871588,0.000279657392277,0.0058070034984591,0.0426779114527927,0.0840178542052794,0.1309893291512672,0.2537150565346611,0.3140059002226292,0.1687869449349111,0.0,0.0,0.0,0.0,0.0,0.9998245286950418,0.0001754713049581,0.0,0.0,0.0,0.0,0.0,0.8076834497658555,0.1923165502341445,0.0,0.0,0.0,1,0,-1,0,0,0
19,舌中,524124,205.34689331054688,7.940306186676025,165.4298858642578,12.638096809387209,168.88917541503906,11.29294204711914,131.5621795654297,75.94171142578125,50.664329528808594,9.334722518920898,205.34689331054688,7.940306186676025,182.5323486328125,10.385128021240234,143.2239227294922,3.3016445636749268,131.9171905517578,2.103780746459961,0.0,0.0,0.0,0.0,0.0,0.0559714876632247,0.940626645602949,0.0034018667338263,0.0,0.0,3.8158908960475e-06,0.0057009409986949,0.2878479138524471,0.701078370767223,0.0053689584907388,0.0,0.0,0.0,0.0,0.0017324144668055,0.1886881730277567,0.7998813257931329,0.0096980867123047,0.0,0.2560558188520274,0.0,0.0,0.0,0.0,0.0,0.0,0.7439441811479727,0.0034323938609947,0.9044481840175226,0.0915565782143156,0.000562843907167,0.0,0.0,0.0,0.0,0.0,0.0,0.0,0.0,0.0,0.0559714876632247,0.940626645602949,0.0034018667338263,0.0,0.0,0.0,7.631781792095e-06,0.0256637742213674,0.7792468957727561,0.1950797902786363,1.90794544802375e-06,0.0,0.0,0.0,0.0,0.9998950630003588,0.0001049369996413,0.0,0.0,0.0,0.0,0.0,0.0148209202402484,0.9851790797597516,0.0,0.0,0.0,0,0,1,0,0,0
19,舌右邊,365282,201.571044921875,10.651851654052734,160.08377075195312,14.904239654541016,166.97216796875,14.062826156616213,162.88531494140625,43.287803649902344,52.97223663330078,12.119174003601074,201.571044921875,10.651851654052734,178.11578369140625,12.494670867919922,144.44412231445312,3.90899658203125,130.45474243164062,2.0226337909698486,0.0,0.0,0.0,0.0,0.0039312093122573,0.1472670429969174,0.8352149845872504,0.0135867631035747,0.0,0.0,0.0003422013677104,0.0163024731577247,0.4721393334464879,0.5014755722975673,0.0097376821195678,2.7376109416834116e-06,0.0,0.0,8.212832825050234e-06,0.0074107128191369,0.2897952814537809,0.6708488236485783,0.0318110391423612,0.0001259301033174,0.0676436287580554,0.0,0.0,0.0,0.0,0.0,0.0,0.9323563712419446,0.0159000443492972,0.7667774486561068,0.2163314918337065,0.0009910151608893,0.0,0.0,0.0,0.0,0.0,0.0,0.0,0.0,0.0039312093122573,0.1472670429969174,0.8352149845872504,0.0135867631035747,0.0,0.0,0.0,0.0022202024737052,0.0574460280002847,0.7985090970811592,0.1416138764023412,0.0002107960425096,0.0,0.0,0.0,0.0,0.9997590902371318,0.0002409097628681,0.0,0.0,0.0,0.0,0.0,0.0526168822991551,0.9473831177008448,0.0,0.0,0.0,0,0,1,0,-1,0
19,舌尖,451222,198.76138305664065,13.362929344177246,149.13467407226562,16.00918960571289,161.1595916748047,15.404595375061035,171.8556671142578,11.507472038269045,64.04034423828125,11.455174446105955,198.76422119140625,13.357089042663574,170.16822814941406,14.09105110168457,148.48446655273438,3.4042599201202393,129.13555908203125,2.1244261264801025,0.0,0.0,0.0,0.0,0.0065311531795878,0.2471776642096351,0.743580765122268,0.0027104174885089,0.0,0.0,0.0002149717877231,0.0980958375256525,0.6180793489679138,0.282840818931701,0.0007690227870094,0.0,0.0,0.0,6.648611991436588e-06,0.0178692528289844,0.4233459361467304,0.548045086454118,0.0107286435501815,4.432407994291058e-06,0.0044058135463253,0.0,0.0,0.0,0.0,0.0,0.0027192823044975,0.9928749041491772,0.000259295867666,0.5000864319558886,0.4947320830987851,0.0049221890776602,0.0,0.0,0.0,0.0,0.0,0.0,0.0,0.0,0.006517855955605,0.247190961433618,0.743580765122268,0.0027104174885089,0.0,0.0,0.0,0.0019458271094937,0.2275975018948544,0.7247253015145538,0.0457247208691065,6.648611991436588e-06,0.0,0.0,0.0,0.0,0.9991445452571018,0.0008554547428981,0.0,0.0,0.0,0.0,0.0,0.1609163560287397,0.8390836439712602,0.0,0.0,0.0,0,0,1,0,0,0
19,舌左邊,385587,195.2029571533203,10.270185470581056,149.40289306640625,15.1585111618042,159.13336181640625,14.085424423217772,169.05238342285156,27.41068458557129,60.22331237792969,12.455248832702637,195.2029571533203,10.270185470581056,169.29055786132812,12.684185028076172,146.71604919433594,3.9162380695343018,129.7386016845703,1.8532577753067017,0.0,0.0,0.0,0.0,0.0037034443588606,0.3315282932256533,0.6635700892405605,0.0011981731749255,0.0,0.0,0.0001996955291542,0.0576342044726611,0.6656837497114788,0.275242681936891,0.0012370749013841,2.5934484305746824e-06,0.0,0.0,1.037379372229873e-05,0.0091574664083592,0.5122319995228055,0.4717845777995627,0.0066625690181463,0.0001530134574039,0.0259448580994691,0.0,0.0,0.0,0.0,0.0,3.630827802804555e-05,0.9740188336225029,0.0018102270045411,0.6035940008350904,0.3913876764517476,0.0032080957086208,0.0,0.0,0.0,0.0,0.0,0.0,0.0,0.0,0.0037034443588606,0.3315282932256533,0.6635700892405605,0.0011981731749255,0.0,0.0,0.0,0.0019554601166533,0.2340846553436708,0.7284374213860945,0.0354472531490947,7.521000448666578e-05,0.0,0.0,0.0,0.0,0.99842058990578,0.0015794100942199,0.0,0.0,0.0,0.0,0.0,0.0902053233122485,0.9097946766877514,0.0,0.0,0.0,0,0,1,0,0,0
19,舌根,433492,165.61175537109375,39.660194396972656,132.06509399414062,37.18927764892578,133.3678741455078,36.392147064208984,103.447021484375,84.43158721923828,58.05502700805664,15.536230087280272,165.61175537109375,39.660194396972656,147.83319091796875,38.432151794433594,141.11245727539062,3.525836944580078,132.2387237548828,3.0099027156829834,0.0002030025928967,0.0336615208585164,0.0535926845247432,0.0804097884159338,0.1221821855997342,0.4415560148745536,0.2683740415048029,2.076162881898628e-05,0.0158249748553606,0.065387596541574,0.0856855489836029,0.1470915264872246,0.448852573980604,0.2367656150517195,0.0003921640999141,0.0,0.0129391084495215,0.0625340260027866,0.0869589288845007,0.1318640251723215,0.4740133612615688,0.2311553615753001,0.0005351886540005,0.0,0.4194518007252729,0.0,0.0,0.0,0.0,0.0,0.0,0.5805481992747271,0.0014348592361566,0.6971731888939127,0.2694882489180885,0.0315392210236867,0.0003644819281555,0.0,0.0,0.0,0.0002030025928967,0.0336615208585164,0.0535926845247432,0.0804097884159338,0.1221821855997342,0.4415560148745536,0.2683740415048029,2.076162881898628e-05,0.0092873686250265,0.0476364039013407,0.0690162678896035,0.0939256087770939,0.2671514122521292,0.4904311959620939,0.0225517425927122,0.0,0.0,0.0,0.0,0.0,1.0,0.0,0.0,0.0,0.0,0.0,0.0,0.0282819521467524,0.9717180478532476,0.0,0.0,0.0,0,0,1,0,0,0
2,舌中,173362,155.5227508544922,8.735845565795898,125.86522674560548,14.599682807922363,123.91649627685548,12.41803741455078,73.21070098876953,83.83153533935547,55.04683303833008,14.048949241638184,155.5227508544922,8.735845565795898,141.4911651611328,12.573274612426758,139.17982482910156,3.7333011627197266,133.40078735351562,3.1258742809295654,0.0,0.0,0.0,0.0074872232669212,0.6544225378110543,0.3380902389220244,0.0,0.0,0.0,0.0026130293836019,0.0337213460850705,0.4538595539968389,0.5096907049987887,0.0001153655356998,0.0,0.0,0.0,0.0009863753302338,0.029868137192695,0.5296604792284353,0.4394850082486358,0.0,0.0,0.0,0.6024099860407702,0.0,0.0,0.0,0.0,0.0,0.0,0.3975900139592298,0.0038647454459454,0.7816072726433705,0.1965021169575801,0.0158281514980214,0.0020246651515326,0.0001730483035497,0.0,0.0,0.0,0.0,0.0,0.0074872232669212,0.6544225378110543,0.3380902389220244,0.0,0.0,0.0,0.0,0.0062874216956426,0.1095107347630968,0.8472733355637337,0.0369285079775267,0.0,0.0,0.0,0.0,0.0,0.0,0.9994462454286408,0.0005537545713593,0.0,0.0,0.0,0.0,0.0,0.0015747395623031,0.9984252604376967,0.0,0.0,0.0,0,0,-1,0,0,0
2,舌右邊,114553,136.78457641601562,23.379613876342773,94.22869873046876,26.773216247558594,96.41526794433594,28.426355361938477,110.64887237548828,84.99676513671875,85.01579284667969,30.76459312438965,136.78457641601562,23.379613876342773,113.3943862915039,26.452524185180664,145.86569213867188,4.690526962280273,134.05227661132812,3.465904235839844,0.0090263895314832,0.0057702548165477,0.0247309105828743,0.2302602288896842,0.6864158948259758,0.0437963213534346,0.0,0.0,0.0222342496486342,0.1244576746134976,0.2762127574135989,0.5356647141497822,0.0414306041744869,0.0,0.0,0.0,0.0236571717894773,0.12924148647351,0.2423157839602629,0.515132733319948,0.0896528244568016,0.0,0.0,0.0,0.37637600062853,0.0,0.0,0.0,0.0,0.0,0.0,0.62362399937147,3.491833474461603e-05,0.2630310860475064,0.4598744685865931,0.1583808368178921,0.095911935959774,0.0161933777378156,0.0050020514521662,0.0015713250635077,0.0090263895314832,0.0057702548165477,0.0247309105828743,0.2302602288896842,0.6864158948259758,0.0437963213534346,0.0,0.0,0.0132864263703263,0.0271228165128805,0.21006870182361,0.3612825504351697,0.3876284339999825,0.0006110708580307,0.0,0.0,0.0,0.0,0.0,0.0,1.0,0.0,0.0,0.0,0.0,0.0,0.0,7.856625317538607e-05,0.9999214337468246,0.0,0.0,0.0,0,0,0,0,0,1
2,舌尖,118940,150.5785369873047,7.020977973937988,102.54791259765624,13.62875270843506,108.09832000732422,14.04248332977295,172.45765686035156,25.701433181762695,81.6706771850586,19.309804916381836,150.5785369873047,7.020977973937988,124.03445434570312,10.991450309753418,148.19912719726562,4.629101753234863,132.85623168945312,2.7662925720214844,0.0,0.0,0.0,0.0076088784260971,0.9119219774676308,0.080469144106272,0.0,0.0,0.0,0.0060030267361694,0.2757020346393139,0.7039936102236422,0.0143013284008743,0.0,0.0,0.0,0.0,0.0023373129308895,0.1766016478896923,0.7540440558264672,0.067016983352951,0.0,0.0,0.0,0.0217000168152009,0.0,0.0,0.0,0.0,0.0,0.0,0.978299983184799,0.0,0.2056162771145115,0.5305027745081554,0.2538254582142256,0.0100554901631074,0.0,0.0,0.0,0.0,0.0,0.0,0.0076088784260971,0.9119219774676308,0.080469144106272,0.0,0.0,0.0,0.0,0.0160501092988061,0.595661678157054,0.3879182781234235,0.0003699344207163,0.0,0.0,0.0,0.0,0.0,0.0,0.9968555574239112,0.0031444425760887,0.0,0.0,0.0,0.0,0.0,0.0011854716663864,0.9988145283336136,0.0,0.0,0.0,-1,0,0,0,0,0
2,舌左邊,119281,148.7251739501953,10.8912935256958,98.38577270507812,18.074678421020508,98.75984954833984,17.624935150146484,90.3560028076172,87.78419494628906,90.07638549804688,23.318939208984375,148.7251739501953,10.8912935256958,120.3011474609375,14.9942045211792,148.55235290527344,6.465887069702148,136.4182586669922,2.9483234882354736,0.0,2.5150694578348604e-05,0.0017521650556249,0.049253443549266,0.8458933107535986,0.103075929946932,0.0,0.0,9.221921345394487e-05,0.0294095455269489,0.3763885279298463,0.5439508387756642,0.0501001836000704,5.8684954016146744e-05,0.0,0.0,0.000243123380924,0.0408111937358003,0.3203360132795667,0.6116816592751569,0.0269028596339735,2.5150694578348604e-05,0.0,0.0,0.4988137255723879,0.0,0.0,0.0,0.0,0.0,0.0,0.5011862744276121,0.0001341370377511,0.1503424686245085,0.4341093719871564,0.3622957554011116,0.0523805132418407,0.0007377537076315,0.0,0.0,0.0,2.5150694578348604e-05,0.0017521650556249,0.049253443549266,0.8458933107535986,0.103075929946932,0.0,0.0,8.383564859449536e-06,0.001567726628717,0.0642767917773995,0.6185310317653272,0.3133357366219264,0.0022803296417702,0.0,0.0,0.0,0.0,0.0,0.0,0.992521860145371,0.0074781398546289,0.0,0.0,0.0,0.0,0.0,0.0,1.0,0.0,0.0,0.0,0,0,0,0,0,1
2,舌根,139923,112.3546905517578,32.16389846801758,80.41255187988281,35.296329498291016,72.58523559570312,31.24945831298828,18.101806640625,43.349388122558594,97.66971588134766,30.4875431060791,112.3546905517578,32.16389846801758,94.60179138183594,35.869998931884766,140.49749755859375,5.570438385009766,138.175537109375,2.5727667808532715,0.0006217705452284,0.0671083381574151,0.2822909743215911,0.2681046003873559,0.3356703329688471,0.0462039836195621,0.0,0.0,0.0806800883342981,0.2968346876496359,0.255783538088806,0.248072153970398,0.1186295319568619,0.0,0.0,0.0,0.0980825168128184,0.3431458730873409,0.2763091128692209,0.2555476940888918,0.0269148031417279,0.0,0.0,0.0,0.9327558728729372,0.0,0.0,0.0,0.0,0.0,0.0,0.0672441271270627,7.146787876189047e-06,0.1284849524381267,0.4084532206999564,0.2680116921449654,0.1716444044224323,0.0230412441128334,0.0003573393938094,0.0,0.0006217705452284,0.0671083381574151,0.2822909743215911,0.2681046003873559,0.3356703329688471,0.0462039836195621,0.0,0.0,0.024649271384976,0.2117378844078528,0.2733860766278596,0.2509308691208736,0.23537231191441,0.0039235865440277,0.0,0.0,0.0,0.0,0.0,0.0,0.9998999449697332,0.0001000550302666,0.0,0.0,0.0,0.0,0.0,0.0,1.0,0.0,0.0,0.0,0,0,-1,0,0,0
20,舌中,399900,191.10414123535156,5.664763450622559,161.56887817382812,9.90865993499756,177.88719177246094,8.9475736618042,163.07652282714844,3.1420629024505615,39.57254409790039,8.314818382263184,191.1087188720703,5.671021461486816,177.2717742919922,8.207475662231445,141.61170959472656,2.501913785934448,123.70249938964844,1.2369550466537476,0.0,0.0,0.0,0.0,2.7506876719179795e-05,0.4826006501625406,0.5173718429607402,0.0,0.0,0.0,0.0,0.0008927231807951,0.3880345086271567,0.6110377594398599,3.500875218804701e-05,0.0,0.0,0.0,0.0,0.0001350337584396,0.0209077269317329,0.9240260065016254,0.054931232808202,0.0,0.0,0.0,0.0,0.0,0.0,0.0,0.0472118029507376,0.9527881970492624,0.1805851462865716,0.8181045261315328,0.0013103275818954,0.0,0.0,0.0,0.0,0.0,0.0,0.0,0.0,0.0,2.7506876719179795e-05,0.4825456364091022,0.5174268567141785,0.0,0.0,0.0,0.0,2.5006251562890725e-06,0.0195898974743685,0.9574618654663666,0.0229457364341085,0.0,0.0,0.0,0.0,0.0,1.0,0.0,0.0,0.0,0.0,0.0,0.0,0.995328832208052,0.0046711677919479,0.0,0.0,0.0,0,0,-1,0,-1,0
20,舌右邊,249068,190.84922790527344,9.535307884216309,152.1624298095703,12.537528038024902,165.14686584472656,14.348647117614746,169.38304138183594,6.797189235687256,51.97846221923828,8.985374450683594,190.8493804931641,9.535414695739746,170.3095245361328,11.22793674468994,144.5906219482422,2.1235573291778564,126.89112091064452,2.0728201866149902,0.0,0.0,0.0,0.0008029935599916,0.0046212279377519,0.3974697672924663,0.5971060112097901,0.0,0.0,4.817961359949893e-05,0.0017987055743812,0.0292329805514959,0.6251063966466989,0.3438137376138243,0.0,0.0,0.0,0.0,0.0014895530537845,0.0113262241636822,0.285769348129828,0.700194324441518,0.0012205502111873,0.0,0.0012888046637865,0.0,0.0,0.0,0.0,0.0,0.0029389564295694,0.995772238906644,0.0028867618481699,0.8978391443300625,0.0979893041257809,0.0012847896959866,0.0,0.0,0.0,0.0,0.0,0.0,0.0,0.0008029935599916,0.0046212279377519,0.3974697672924663,0.5971060112097901,0.0,0.0,0.0,0.0006905744615928,0.0024772351325742,0.1909157338558144,0.8050773282798271,0.0008391282701912,0.0,0.0,0.0,0.0,0.0,1.0,0.0,0.0,0.0,0.0,0.0,0.0,0.6545441405559927,0.3454558594440072,0.0,0.0,0.0,0,-1,-1,0,0,0
20,舌尖,273468,193.74363708496097,7.566091060638428,147.49171447753906,11.093814849853516,162.78712463378906,12.498824119567873,169.58255004882812,3.4585134983062744,60.96723556518555,10.783561706542969,193.74365234375,7.566130638122559,168.02442932128906,9.177748680114746,147.8312530517578,2.8959262371063232,126.84481048583984,2.7734835147857666,0.0,0.0,0.0,0.0,0.0,0.3715279301417351,0.6282599792297453,0.0002120906285196,0.0,0.0,0.0,0.0283140989073675,0.8469802682580777,0.1242997352523878,0.0004058975821668,0.0,0.0,0.0,0.0,4.753755466818787e-05,0.368185674375064,0.6199482206327614,0.0118185674375064,0.0,0.0,0.0,0.0,0.0,0.0,0.0,0.0001645530738514,0.9998354469261486,0.0011226176371641,0.6254113826846286,0.3734659996782073,0.0,0.0,0.0,0.0,0.0,0.0,0.0,0.0,0.0,0.0,0.3715279301417351,0.6282599792297453,0.0002120906285196,0.0,0.0,0.0,0.0,0.1737534190472011,0.812588675823131,0.0136579051296678,0.0,0.0,0.0,0.0,0.0,1.0,0.0,0.0,0.0,0.0,0.0,0.0,0.5790842072929923,0.4209157927070077,0.0,0.0,0.0,0,0,1,0,0,0
20,舌左邊,286064,190.3892517089844,8.125348091125488,153.5473175048828,10.678316116333008,166.51876831054688,12.114055633544922,169.06826782226562,3.3517980575561523,49.50384140014648,8.133879661560059,190.3892517089844,8.125348091125488,171.14659118652344,9.447293281555176,143.84710693359375,1.9873186349868777,126.61852264404295,2.035642385482788,0.0,0.0,0.0,0.0,0.0070473740142066,0.5386277196711226,0.4543249063146708,0.0,0.0,0.0,0.0,0.0216664802282006,0.6843188936741429,0.2940146260976565,0.0,0.0,0.0,0.0,0.0,0.0008040158845573,0.2673317858940656,0.7297283125454443,0.0021358856759326,0.0,0.0,0.0,0.0,0.0,0.0,0.0,0.0009788019464175,0.9990211980535824,0.0032055763745175,0.944809553106997,0.0519848705184853,0.0,0.0,0.0,0.0,0.0,0.0,0.0,0.0,0.0,0.0070473740142066,0.5386277196711226,0.4543249063146708,0.0,0.0,0.0,0.0,1.398288494882264e-05,0.1193439230382012,0.8781985849320432,0.0024435091448067,0.0,0.0,0.0,0.0,0.0,1.0,0.0,0.0,0.0,0.0,0.0,0.0,0.663414480675653,0.336585519324347,0.0,0.0,0.0,0,-1,-1,0,0,0
20,舌根,408157,145.30506896972656,48.98247528076172,118.12999725341795,45.78668212890625,124.29307556152344,48.746376037597656,151.79331970214844,55.38837814331055,54.35503387451172,21.828800201416016,145.30880737304688,48.98684310913086,131.91400146484375,48.947940826416016,139.72491455078125,3.229403257369995,128.81613159179688,2.4273993968963623,0.0121668867617117,0.105187464627582,0.0819023072004155,0.0845997986069086,0.1486168312683599,0.5223259677036043,0.0451737934177289,2.6950413688850125e-05,0.0761300185957854,0.1104868959738532,0.0833502794267892,0.1553666848786128,0.4330294470020114,0.1414014705125723,0.0001960030086461,3.9200601729236544e-05,0.0680938952412919,0.1121798719610346,0.0827059195358648,0.1128340320023912,0.3380071884103421,0.2832218974561259,0.0028983944903554,5.880090259385481e-05,0.1196549367032784,9.800150432309136e-06,2.450037608077284e-06,2.450037608077284e-06,5.880090259385481e-05,6.370097781000938e-05,0.0046844719066437,0.8755233892840255,0.1044475532699426,0.622370803391832,0.2068297248362762,0.0656267073699581,0.0007252111319908,0.0,0.0,0.0,0.0121668867617117,0.105187464627582,0.0819023072004155,0.0845997986069086,0.1486168312683599,0.5222843170642669,0.0451835935681612,5.880090259385481e-05,0.0555399025375039,0.0993098244058046,0.0765563251395908,0.0930597784675994,0.2612426100740646,0.4118782723314803,0.0023593862165784,5.390082737770025e-05,0.0,0.0,0.0,3.9200601729236544e-05,0.9999607993982708,0.0,0.0,0.0,0.0,0.0,0.0,0.2959939435070328,0.7040060564929672,0.0,0.0,0.0,0,0,1,0,0,0
23,舌中,486880,204.97052001953125,5.34246826171875,159.74441528320312,8.432994842529297,167.89373779296875,7.917917251586914,170.5507049560547,26.209470748901367,56.37967300415039,7.7210588455200195,204.97052001953125,5.34246826171875,178.8411865234375,6.7749481201171875,145.99293518066406,2.6965677738189697,130.3375244140625,1.591565728187561,0.0,0.0,0.0,0.0,0.0,0.0173697831087742,0.9826220013144924,8.21557673348669e-06,0.0,0.0,0.0,0.0015424745317121,0.415876602037463,0.5825809234308248,0.0,0.0,0.0,0.0,0.0,0.0001766348997699,0.1425094479132435,0.8573015938218863,1.2323365100230036e-05,0.0,0.0231843575418994,0.0,0.0,0.0,0.0,0.0,0.0,0.9768156424581006,4.107788366743345e-06,0.8399030561945449,0.1599716562602694,0.0001211797568189,0.0,0.0,0.0,0.0,0.0,0.0,0.0,0.0,0.0,0.0173697831087742,0.9826220013144924,8.21557673348669e-06,0.0,0.0,0.0,0.0,0.0139048636214262,0.9815354912914886,0.0045596450870851,0.0,0.0,0.0,0.0,0.0,0.9999958922116332,4.107788366743345e-06,0.0,0.0,0.0,0.0,0.0,0.012362389089714,0.987637610910286,0.0,0.0,0.0,0,0,1,0,0,0
23,舌右邊,338830,195.9435882568359,8.007132530212402,147.33811950683594,11.352558135986328,156.3818359375,11.232199668884276,167.38296508789062,33.68449401855469,63.547725677490234,10.011298179626465,195.9435882568359,8.007132530212402,168.0389862060547,9.518192291259766,147.67247009277344,3.277742624282837,130.53085327148438,2.026528596878052,0.0,0.0,0.0,0.0,0.0008116164448248,0.2388483900481067,0.7603399935070685,0.0,0.0,0.0,0.0,0.0415606646400849,0.8051854912492991,0.1532538441106159,0.0,0.0,0.0,0.0,0.0,0.0158752176607738,0.5595962577103563,0.4245285246288699,0.0,0.0,0.0395271965292329,0.0,0.0,0.0,0.0,0.0,0.0,0.960472803470767,0.0,0.5143375734143966,0.4853702446654664,0.0002921819201369,0.0,0.0,0.0,0.0,0.0,0.0,0.0,0.0,0.0008116164448248,0.2388483900481067,0.7603399935070685,0.0,0.0,0.0,0.0,0.000185933949178,0.1845261635628486,0.8151550925242748,0.0001328099636986,0.0,0.0,0.0,0.0,0.0,1.0,0.0,0.0,0.0,0.0,0.0,0.0,0.033659947466281,0.966340052533719,0.0,0.0,0.0,0,0,1,0,-1,0
23,舌尖,392597,189.2743682861328,13.074682235717772,139.6455841064453,11.972492218017578,150.15216064453125,11.402026176452637,172.08558654785156,15.702226638793944,66.97248077392578,7.623939037322998,189.2743682861328,13.074682235717772,161.0157928466797,11.40361785888672,148.46658325195312,2.3766682147979736,129.97084045410156,2.1002914905548096,0.0,0.0,0.0,0.0,0.0034793949011327,0.5458319854711065,0.4506809782041126,7.641423648168479e-06,0.0,0.0,0.0,0.1541886463727435,0.8001996958713388,0.0456116577559176,0.0,0.0,0.0,0.0,0.0,0.0246970812308805,0.7651204670438134,0.2101824517253061,0.0,0.0,0.0081941532920526,0.0,0.0,0.0,0.0,0.0,3.0565694592673915e-05,0.9917752810133548,0.0,0.3370275371436868,0.6622669047394657,0.0007055581168475,0.0,0.0,0.0,0.0,0.0,0.0,0.0,0.0,0.0034793949011327,0.5458319854711065,0.4506809782041126,7.641423648168479e-06,0.0,0.0,0.0,1.2735706080280796e-05,0.4703729269454428,0.5292017004714759,0.000412636877001,0.0,0.0,0.0,0.0,0.0,1.0,0.0,0.0,0.0,0.0,0.0,0.0,0.1026905452665201,0.8973094547334799,0.0,0.0,0.0,0,0,-1,0,0,0
23,舌左邊,321614,196.10617065429688,10.28125,144.45655822753906,12.571856498718262,153.14077758789062,12.415181159973145,174.72134399414062,6.529223442077637,67.40605926513672,9.248775482177734,196.10617065429688,10.28125,166.05438232421875,11.125693321228027,148.81654357910156,2.710385322570801,131.27056884765625,1.4231075048446655,0.0,0.0,0.0,0.0,0.0034668888792154,0.257445260467517,0.7390443202099412,4.353044332647211e-05,0.0,0.0,0.0007711107103546,0.0908418165875863,0.803086930295323,0.105300142406736,0.0,0.0,0.0,0.0,4.042112594600981e-05,0.0389908399509971,0.6664293221066248,0.2945207609121493,1.865590428277376e-05,0.0,0.0013463344257401,0.0,0.0,0.0,0.0,0.0,0.0,0.9986536655742598,0.0,0.330259254883183,0.6647534000385555,0.0049873450782615,0.0,0.0,0.0,0.0,0.0,0.0,0.0,0.0,0.0034668888792154,0.257445260467517,0.7390443202099412,4.353044332647211e-05,0.0,0.0,0.0,0.0032430180278221,0.2208081737735297,0.7748294539416817,0.0011193542569664,0.0,0.0,0.0,0.0,0.0,0.9997761291486068,0.0002238708513932,0.0,0.0,0.0,0.0,0.0,0.000982544292226,0.999017455707774,0.0,0.0,0.0,0,0,1,0,-1,0
23,舌根,437117,123.33287048339844,51.991920471191406,84.93330383300781,44.48831558227539,88.8823471069336,45.290771484375,145.95712280273438,65.81393432617188,90.75595092773438,27.489288330078125,123.3328857421875,51.99190139770508,100.80695343017578,49.51262283325195,144.6363067626953,3.9724996089935303,132.3030548095703,2.0640885829925537,0.010317603753686,0.1942180240073024,0.1284850509131422,0.1284026931004742,0.1932754845956574,0.3022531724915754,0.0430479711381621,0.0,0.1856482360557928,0.1772889180699904,0.1577174989762466,0.2659196508028743,0.2050686658263119,0.0083570302687838,0.0,0.0,0.1595911392144437,0.1891781834154242,0.1534829347749,0.2384967869014474,0.2346191065549955,0.0246318491387889,0.0,0.0,0.1723314352907802,0.0,0.0,0.0,0.0,0.0,4.117890633400211e-05,0.8276273858028858,0.0,0.1718121235275681,0.4346273423362624,0.2639041721095267,0.128125879341229,0.0015304826854137,0.0,0.0,0.010317603753686,0.1942180240073024,0.1284850509131422,0.1284026931004742,0.1932754845956574,0.3022531724915754,0.0430479711381621,0.0,0.1278216129777611,0.1669301354099703,0.1330925129885133,0.1718441515658279,0.2915969866191432,0.1087146004387841,0.0,0.0,0.0,0.0,0.0,0.0,0.99998398598087,1.601401912988971e-05,0.0,0.0,0.0,0.0,0.0,0.0041499186716599,0.99585008132834,0.0,0.0,0.0,0,0,1,0,0,0
24,舌中,369453,216.06185913085935,7.384893417358398,181.14598083496097,10.110294342041016,186.5705718994141,8.807427406311035,159.6530303955078,49.3359489440918,41.44084548950195,7.388964176177979,216.06185913085935,7.384893417358398,196.12716674804688,8.373504638671875,141.4365234375,2.77013897895813,130.04698181152344,1.3477767705917358,0.0,0.0,0.0,0.0,0.0,0.0043388468898614,0.8443130790655374,0.151348074044601,0.0,0.0,0.0,4.060056353582188e-05,0.0248475448839229,0.8268656635620769,0.1482461909904643,0.0,0.0,0.0,0.0,0.0,0.0083474758629649,0.6800756794504308,0.3115768446866042,0.0,0.0885119352123274,0.0,0.0,0.0,0.0,0.0,0.0,0.9114880647876726,0.0931782933147112,0.902282563681984,0.0045391430033048,0.0,0.0,0.0,0.0,0.0,0.0,0.0,0.0,0.0,0.0,0.0043388468898614,0.8443130790655374,0.151348074044601,0.0,0.0,0.0,0.0,0.001039374426517,0.2720616695493066,0.7268989560241763,0.0,0.0,0.0,0.0,0.0,1.0,0.0,0.0,0.0,0.0,0.0,0.0,0.0190822648618362,0.9809177351381636,0.0,0.0,0.0,0,0,0,0,0,0
24,舌右邊,254471,210.6454315185547,11.429903984069824,163.519287109375,15.302855491638184,171.39276123046875,17.090925216674805,164.80667114257812,39.523887634277344,57.892799377441406,10.750582695007324,210.6454315185547,11.429903984069824,182.8046875,13.338119506835938,146.60574340820312,2.7514779567718506,130.7701416015625,2.7524144649505615,0.0,0.0,0.0,3.929720871926467e-06,0.0036035540395565,0.0560613979589029,0.8482341799261999,0.0920969383544686,0.0,0.0,0.0012024945868094,0.0165362654290665,0.3269999331947452,0.646800617752121,0.0084606890372576,0.0,0.0,0.0,0.002133838433456,0.0185050555859017,0.1737604677939725,0.7459710536760574,0.0596295845106122,0.0,0.0561517815389572,0.0,0.0,0.0,0.0,0.0,0.0,0.9438482184610428,0.0,0.7357419902464328,0.2562924655461722,0.0079655442073949,0.0,0.0,0.0,0.0,0.0,0.0,0.0,3.929720871926467e-06,0.0036035540395565,0.0560613979589029,0.8482341799261999,0.0920969383544686,0.0,0.0,0.0,0.0029551500956887,0.0555976908960156,0.6741396858581135,0.2672917542666944,1.5718883487705867e-05,0.0,0.0,0.0,0.0,1.0,0.0,0.0,0.0,0.0,0.0,0.0,0.0295279226316554,0.9704720773683444,0.0,0.0,0.0,-1,0,0,0,-1,0
24,舌尖,284282,201.05435180664065,11.510981559753418,157.4993438720703,15.425395011901855,163.66078186035156,17.448307037353516,160.534423828125,47.68912124633789,56.411598205566406,11.371870994567873,201.05435180664065,11.510981559753418,176.10142517089844,13.574596405029297,145.15989685058594,2.605787992477417,131.1415252685547,2.8424272537231445,0.0,0.0,0.0,0.0,8.090557967089017e-05,0.2042971415706939,0.7907218888286983,0.0049000640209369,0.0,0.0,7.035267797468711e-06,0.050689104480762,0.4293166644388319,0.5191007520701275,0.000886443742481,0.0,0.0,0.0,2.4623437291140487e-05,0.0438015773070401,0.2861243413230525,0.6588176528939574,0.0112318050386587,0.0,0.0840503443763586,0.0,0.0,0.0,0.0,0.0,0.0,0.9159496556236412,0.0,0.803993921528623,0.1836345600495282,0.0123715184218487,0.0,0.0,0.0,0.0,0.0,0.0,0.0,0.0,8.090557967089017e-05,0.2042971415706939,0.7907218888286983,0.0049000640209369,0.0,0.0,0.0,0.0001090466508607,0.1310529685312471,0.7653597484188236,0.1034782363990685,0.0,0.0,0.0,0.0,0.0,0.9998135654033672,0.0001864345966329,0.0,0.0,0.0,0.0,0.0,0.0063915407940003,0.9936084592059996,0.0,0.0,0.0,-1,0,0,0,1,0
24,舌左邊,246163,203.5666656494141,13.488873481750488,158.33392333984375,21.17729377746582,167.88365173339844,19.95724296569824,170.7404327392578,22.130542755126953,57.583282470703125,15.175541877746582,203.5666656494141,13.488873481750488,177.5406951904297,17.838510513305664,146.3338623046875,4.150619983673096,129.69129943847656,1.9488555192947388,0.0,0.0,0.0,0.0,0.0007474722033774,0.1700214898258471,0.7986415505173401,0.0305894874534353,0.0,0.0,0.0001624939572559,0.114172316716972,0.344682182131352,0.5232792905513827,0.0177037166430373,0.0,0.0,0.0,3.656114038259202e-05,0.0626089217307231,0.2051648704313808,0.664539349942924,0.0676502967545894,0.0,0.0166271941762165,0.0,0.0,0.0,0.0,0.0,2.8436442519793795e-05,0.9833443693812636,0.0028314572051851,0.7068446517145144,0.274135430588675,0.0161884604916254,0.0,0.0,0.0,0.0,0.0,0.0,0.0,0.0,0.0007474722033774,0.1700214898258471,0.7986415505173401,0.0305894874534353,0.0,0.0,0.0,0.0016005654789712,0.1634811080462945,0.5987536713478467,0.2361646551268874,0.0,0.0,0.0,0.0,0.0,0.9988259811588256,0.0011740188411743,0.0,0.0,0.0,0.0,0.0,0.0746212875208703,0.9253787124791296,0.0,0.0,0.0,-1,0,0,0,-1,0
24,舌根,412394,169.30194091796875,33.96968460083008,127.5273666381836,34.61565017700195,131.6271209716797,34.95975112915039,124.75818634033205,79.09190368652344,66.95049285888672,20.916454315185547,169.30267333984375,33.967529296875,146.12982177734375,33.971736907958984,144.8727569580078,4.831133842468262,132.2620391845703,1.8461521863937376,0.0002279373608733,0.0032929674049573,0.0255896060563441,0.1147543368720204,0.192796209450186,0.3318889217592884,0.3303588316027876,0.0010911894935425,0.0044350790748652,0.0398672143629635,0.1495851055058997,0.2656488697701712,0.3422139992337425,0.1943917709762993,0.0038579610760583,0.0,0.0019762654160826,0.0341712052066712,0.1407343462804987,0.2319820365960707,0.3369108182951255,0.2498338967104274,0.0043914314951235,0.0,0.2935736213426965,0.0,0.0,0.0,2.42486554120574e-06,5.577190744773202e-05,0.0001721654534256,0.7061960164308889,0.0045102499066426,0.4682536603345344,0.4443275120394574,0.0678744113638898,0.0150147674311459,1.939892432964592e-05,0.0,0.0,0.0002279373608733,0.0032711436150865,0.025611429846215,0.1147543368720204,0.192796209450186,0.3318889217592884,0.3303588316027876,0.0010911894935425,0.0009238737711993,0.0160453352861583,0.0713128707013196,0.1941905071363792,0.302795384995902,0.3646852282040961,0.0500467999049452,0.0,0.0,0.0,0.0,0.0,0.9999733264790468,2.6673520953263143e-05,0.0,0.0,0.0,0.0,0.0,0.0031280765481554,0.9968719234518446,0.0,0.0,0.0,0,0,0,0,0,0
26,舌中,510099,204.04513549804688,11.206493377685549,170.84133911132812,22.838228225708008,184.18614196777344,21.37256622314453,166.4440460205078,8.406694412231445,42.34860610961914,18.45041275024414,204.05224609375,11.216379165649414,186.64263916015625,18.3647518157959,142.409912109375,5.432266712188721,125.86764526367188,2.3596084117889404,0.0,0.0,0.0,0.0,0.0001078222070617,0.1464833297065863,0.8361749385903521,0.0172339094959997,0.0,0.0,0.0001646739162397,0.0343129470945836,0.2727725402323863,0.4854861507276038,0.2068833696988231,0.0003803183303633,0.0,0.0,0.0,0.0054734473112082,0.1449502939625445,0.4281325781858031,0.4171856835633867,0.0042579969770573,0.0015663626080427,0.0,0.0,0.0,0.0,0.0001097826108265,0.0539326679722955,0.9443911868088352,0.3170012095691228,0.5396873940156715,0.1399002938645243,0.0034111025506813,0.0,0.0,0.0,0.0,0.0,0.0,0.0,0.0,0.0001078222070617,0.1464833297065863,0.8358769572181086,0.0175318908682432,0.0,0.0,0.0,0.0003999223680109,0.0868498075863705,0.4807576568470042,0.428720699315231,0.0032719138833834,0.0,0.0,0.0,0.0,0.9995491071341054,0.0004508928658946,0.0,0.0,0.0,0.0,0.0,0.7589938423717749,0.2410061576282251,0.0,0.0,0.0,0,0,1,0,0,0
26,舌右邊,353375,207.00144958496097,9.79483127593994,166.9613494873047,22.877119064331055,179.72161865234375,21.97309112548828,168.7925567626953,5.82954740524292,49.89553451538086,21.747709274291992,207.0144805908203,9.816682815551758,184.71923828125,17.575281143188477,144.8562469482422,6.682581901550293,127.28988647460938,2.6894121170043945,0.0,0.0,0.0,0.0,0.0,0.0641414927484966,0.9029388043862752,0.0329197028652281,0.0,0.0,2.829854969932791e-06,0.039199151043509,0.3394863813229572,0.4603494870887867,0.1607216130173328,0.0002405376724442,0.0,0.0,0.0,0.0042844004244782,0.2033477184294305,0.4581733286169084,0.3281103643438274,0.0060841881853555,0.0002122391227449,0.0,0.0,0.0,0.0,0.0004471170852493,0.0370484612663601,0.9622921825256456,0.2244357976653696,0.504503714184648,0.2496922532720198,0.0213682348779625,0.0,0.0,0.0,0.0,0.0,0.0,0.0,0.0,0.0,0.0641414927484966,0.9018323310930316,0.0340261761584718,0.0,0.0,0.0,0.0,0.0810187477891758,0.5402900601344182,0.3753180049522462,0.0033731871241598,0.0,0.0,0.0,0.0,0.9812465511142554,0.0187534488857446,0.0,0.0,0.0,0.0,0.0,0.5732805093738946,0.4267194906261054,0.0,0.0,0.0,0,0,-1,0,-1,-1
26,舌尖,318411,199.37892150878903,8.286527633666992,151.68675231933594,21.30097770690918,166.92518615722656,20.141735076904297,169.2120361328125,4.494693756103516,61.36663055419922,22.93503189086914,199.379638671875,8.287761688232422,172.50070190429688,15.927791595458984,148.32762145996094,7.031142234802246,127.2672119140625,2.876152753829956,0.0,0.0,0.0,0.0,0.0001476079658052,0.1578745709162058,0.8397322956807397,0.0022455254372493,0.0,0.0,0.0005590259130494,0.128937128428352,0.5045271677171957,0.3345550247949976,0.0314185125513879,3.140595017131946e-06,0.0,0.0,3.768714020558335e-05,0.0082472025149884,0.3950554472050274,0.4616580457333446,0.134935664911074,6.595249535977086e-05,2.5124760137055566e-05,0.0,0.0,0.0,0.0,0.0,0.0219496185747351,0.9780252566651276,0.1110577209958198,0.406992848865146,0.428794859474076,0.0530509310293928,0.0001036396355653,0.0,0.0,0.0,0.0,0.0,0.0,0.0,0.0001476079658052,0.1578745709162058,0.8397260144907054,0.0022518066272836,0.0,0.0,0.0,0.0008228358944885,0.2381356171740297,0.6183297687579888,0.1426835128183385,2.826535515418751e-05,0.0,0.0,0.0,0.0,0.9681166793860764,0.0318833206139235,0.0,0.0,0.0,0.0,0.0,0.5252268294751123,0.4747731705248876,0.0,0.0,0.0,0,0,1,0,0,0
26,舌左邊,346406,202.0292510986328,9.896058082580566,159.54705810546875,21.689624786376953,176.65872192382812,20.57181167602539,166.8164825439453,5.864125728607178,54.27485656738281,20.108339309692383,202.03277587890625,9.899450302124023,178.62554931640625,17.00978660583496,146.57113647460938,6.039807319641113,125.37967681884766,2.797938823699951,0.0,0.0,0.0002944521746159,0.000505187554488,0.0011229597639763,0.1252749663689428,0.8704901185314342,0.0023123156065426,0.0,0.0004820932662829,0.0005860175632061,0.0726286496192329,0.4162312431077983,0.4376858368504009,0.0723861595930786,0.0,0.0,0.000366621825257,0.0004416782619238,0.0110506169061736,0.1939083041286813,0.5328429646137769,0.2610607206572634,0.0003290936069236,0.0004532254060264,0.0,0.0,0.0,0.0,2.886786025646207e-06,0.0332240203691621,0.9663198674387856,0.1358925653712695,0.5483623262876509,0.2928846498039872,0.022846024606964,1.4433930128231037e-05,0.0,0.0,0.0,0.0,0.0,0.0002944521746159,0.000505187554488,0.0011229597639763,0.1252663060108658,0.8704439299550238,0.0023671645410298,0.0,2.886786025646207e-05,0.0006466400697447,0.0008371679474374,0.1379566173796066,0.621862785286629,0.2385409028711974,0.0001270185851284,0.0,0.0,0.0,0.0,0.987523310797157,0.0124766892028429,0.0,0.0,0.0,0.0,0.0,0.7627263961940614,0.2372736038059387,0.0,0.0,0.0,0,0,-1,0,-1,-1
26,舌根,483278,173.39752197265625,35.711158752441406,145.88369750976562,38.24566650390625,153.6348114013672,38.42522430419922,163.55386352539062,33.4892463684082,42.687015533447266,23.65980339050293,173.40403747558594,35.71232223510742,160.52330017089844,36.60761260986328,139.76199340820312,6.094632625579834,127.92879486083984,2.2308216094970703,0.0009580407136265,0.0032051945257181,0.0368524948373399,0.0912683796903645,0.1497543856744979,0.3303771328303792,0.3840336204006803,0.0035507513273933,0.0023423371227326,0.0282404744267274,0.084065486117721,0.1744296243569953,0.3032705813217237,0.3001647085114571,0.1074329888801062,5.3799262536262774e-05,0.0018208981166119,0.0200795401404574,0.0668642065229536,0.1441861620019947,0.2747424877606678,0.3223196586643712,0.1685054978707907,0.0014815489221524,0.0407281109423561,4.1384048104817515e-05,0.0,0.0,0.0,0.0004966085772578,0.0200257408779211,0.93870815555436,0.3758416480783317,0.4484023688229135,0.1435591936732067,0.0294902726794929,0.0021850777399343,0.0003145187655966,0.0001882974188769,1.862282164716788e-05,0.0009580407136265,0.0032051945257181,0.0368524948373399,0.0912663104879593,0.1497378320552559,0.3303957556520264,0.3836922020038156,0.003892169724258,0.0018622821647167,0.0114861425514921,0.0517466137502638,0.1100794987564093,0.2489891946250398,0.3652080169177988,0.2090991106568062,0.001529140577473,0.0,0.0,0.0,0.0,0.9962299132176512,0.0037700867823488,0.0,0.0,0.0,0.0,0.0,0.4602630370097542,0.5397369629902458,0.0,0.0,0.0,0,0,-1,0,0,0
27,舌中,710476,206.44593811035156,9.988112449645996,162.24166870117188,12.892425537109377,170.1717071533203,15.040773391723633,128.8318634033203,73.1029052734375,56.472023010253906,12.173476219177246,206.4464569091797,9.987674713134766,180.9342803955078,10.779260635375977,145.6114044189453,3.662306547164917,130.293701171875,5.628676414489746,0.0,0.0,0.0,0.0,0.0006235256363339,0.0848614168529267,0.9117408610565312,0.0027741964542081,0.0,0.0,0.0004560322938424,0.0115964508301476,0.3693946030548534,0.6157013044775616,0.0028516093435949,0.0,0.0,0.0,0.0001140080734606,0.0047587814366706,0.2287846457867683,0.7050850415777591,0.0612575231253413,0.0,0.2520239951806957,0.0,0.0,0.0,0.0,0.0,0.00405643540387,0.7439195694154341,0.0088236618830192,0.7430581750826206,0.2434973172915059,0.0044913550915161,0.000105563030982,2.392762035593039e-05,0.0,0.0,0.0,0.0,0.0,0.0,0.0006235256363339,0.0848417117538101,0.9117605661556476,0.0027741964542081,0.0,0.0,0.0,0.0008529492903349,0.0397381473828813,0.8166299776487875,0.1427789256779961,0.0,0.0,0.0,0.0,0.0,0.9987445036848536,0.0012554963151464,0.0,0.0,0.0,0.0,0.0,0.3372386963106424,0.6627359685619219,2.5335127435691e-05,0.0,0.0,0,0,1,0,0,0
27,舌右邊,460807,213.85658264160156,14.756360054016112,175.9882354736328,20.22516632080078,185.62374877929688,21.94280242919922,131.0576629638672,69.20990753173828,47.61489486694336,14.016188621520996,213.86767578125,14.774959564208984,192.25265502929688,17.604154586791992,143.33853149414062,4.32478666305542,128.4097137451172,5.051494121551514,3.0381482920181335e-05,0.0007660473907731,0.0007790680263103,0.0013432955662565,0.0050216251055214,0.0456199667105751,0.7004971712669296,0.2459424444507136,0.0013997183202512,0.0020637707326494,0.0028601996063427,0.0086478721026373,0.1520397910622017,0.6187774925294104,0.2125944267339689,0.0016167289125382,0.0014083987439426,0.0013367852484879,0.0033593239686029,0.005629254763925,0.0935207147460867,0.4707220159415981,0.4028107211913013,0.0212127853960551,0.2295993767455789,0.0,0.0,0.0,0.0,1.953095330583086e-05,0.0213060999507385,0.7490749923503767,0.0926222908940185,0.8208208642663849,0.0797123307588643,0.0030511689275553,0.0023480546085454,0.0013085738714906,0.0001367166731408,0.0,3.0381482920181335e-05,0.0007660473907731,0.0007790680263103,0.0013432955662565,0.0050216251055214,0.0456199667105751,0.7004928310550838,0.2459467846625593,0.0007530267552359,0.0009071042757596,0.0021245336984898,0.0037022007044163,0.0214536671534937,0.3885683160195049,0.5758115653625053,0.0066795860305941,0.0,0.0,0.0,0.0,0.9988910758734134,0.0011089241265866,0.0,0.0,0.0,0.0,0.0,0.5037531981936039,0.4962468018063962,0.0,0.0,0.0,0,-1,1,0,0,0
27,舌尖,587704,203.60824584960935,13.298412322998049,157.19781494140625,15.934442520141602,180.7609710693359,17.88754653930664,161.2141876220703,22.028461456298828,58.845985412597656,10.203737258911133,203.60855102539065,13.298922538757324,177.76234436035156,14.29682159423828,149.0157928466797,2.9065845012664795,122.48634338378906,3.683156967163086,0.0,0.0,0.0,0.000136122946245,0.0095966677102759,0.1553264908865687,0.8273484611300927,0.0075922573268175,0.0,0.0,0.000513864122075,0.047428637545431,0.4507251949961205,0.4966530770591998,0.0046792262771735,0.0,0.0,3.913534704545145e-05,0.0046622109088929,0.0128874399357499,0.0807243101969699,0.6480303009678341,0.2530117201856717,0.0006448824578359,0.0191916338837237,0.0,0.0,0.0,0.0,0.0,0.0092308372922423,0.971577528824034,0.0010974912541007,0.7143391911574534,0.2791677443066577,0.0053581394715707,3.7433810217388344e-05,0.0,0.0,0.0,0.0,0.0,0.0,0.000136122946245,0.0095966677102759,0.1553264908865687,0.8273382519091244,0.0076024665477859,0.0,0.0,1.020922096837864e-05,0.0041670636919265,0.1156466520561371,0.7419772538556825,0.1381732981228645,2.55230524209466e-05,0.0,0.0,0.0,0.0,0.9998298463171936,0.0001701536828063,0.0,0.0,0.0,0.0,0.0,0.927310346705144,0.0726896532948559,0.0,0.0,0.0,0,-1,1,0,-1,0
27,舌左邊,504134,212.08853149414065,10.898935317993164,172.682373046875,18.15953254699707,179.73573303222656,17.845579147338867,123.00538635253906,74.90377807617188,50.840301513671875,14.70921516418457,212.088623046875,10.899102210998535,189.4418487548828,14.733360290527344,143.54733276367188,5.0020012855529785,129.93275451660156,5.905487537384033,0.0,0.0,3.173759357631106e-05,0.000416555915689,0.0027591870415405,0.0407213161580056,0.8530509745424828,0.1030202287487057,0.0,9.124558153189428e-05,0.0008430298293707,0.0113065177115608,0.2132706780340147,0.6325500759718646,0.1419146496764749,2.3803195182233296e-05,0.0,9.917997992597208e-06,0.0002221631550341,0.0030963989732888,0.1248517259300106,0.5905810756663903,0.2794514950390174,0.001787223238266,0.2874434178214522,0.0,0.0,0.0,0.0,0.0,0.001588863278414,0.7109677189001337,0.0873041691296361,0.7036422855828014,0.2047015277684107,0.0043500339195531,1.9835995985194412e-06,0.0,0.0,0.0,0.0,0.0,3.173759357631106e-05,0.000416555915689,0.0027591870415405,0.0407213161580056,0.8530509745424828,0.1030202287487057,0.0,3.9671991970388825e-06,0.000210261557443,0.0015591092844362,0.0313468244554027,0.4810427386369497,0.4845814803207083,0.0012556185458628,0.0,0.0,0.0,0.0,0.9999980164004016,1.9835995985194412e-06,0.0,0.0,0.0,0.0,0.0,0.3995425819325814,0.6004574180674186,0.0,0.0,0.0,0,-1,-1,0,0,0
27,舌根,659221,130.39332580566406,39.262901306152344,93.61649322509766,39.64765930175781,90.53939819335938,40.71921920776367,56.40718460083008,78.71619415283203,89.15628814697266,30.804643630981445,130.3933563232422,39.26296615600586,109.7686004638672,40.70402145385742,142.87811279296875,2.8895537853240967,136.0029296875,4.583364963531494,6.067767865404773e-06,0.028227256109863,0.205430348851144,0.2587099015352969,0.2139282577466434,0.2482384511415746,0.0454597168476125,0.0,0.0292087175620922,0.2567591141665693,0.2531503092286198,0.2057519405480104,0.2115178369621113,0.0435984290548996,1.365247769716074e-05,0.0,0.0326521758257094,0.3099461333907748,0.2070110023800819,0.2093546777180945,0.2064421491427002,0.0345255991541531,6.82623884858037e-05,0.0,0.6957363312151768,0.0,0.0,0.0,0.0,0.0,0.0002776003798422,0.303986068404981,0.0028912913878653,0.2620744788166639,0.3119242257148968,0.2876440526014796,0.1324593725017862,0.003006578977308,0.0,0.0,6.067767865404773e-06,0.028227256109863,0.205430348851144,0.2587099015352969,0.2139282577466434,0.2482278325478102,0.045470335441377,0.0,0.0049619171719347,0.149913306766623,0.2565755641886408,0.2137265044651186,0.2346572697168324,0.1387137242290521,0.001451713461798,0.0,0.0,0.0,0.0,0.0,0.9999544917410096,4.550825899053579e-05,0.0,0.0,0.0,0.0,0.0,0.0322410845528282,0.9677589154471716,0.0,0.0,0.0,0,0,1,0,0,0
29,舌中,320000,209.39630126953125,8.319250106811523,172.03860473632812,10.329532623291016,175.4485321044922,10.793254852294922,130.5176544189453,76.10391235351562,46.54692077636719,8.03631591796875,209.39630126953125,8.319250106811523,188.0985565185547,8.757290840148926,142.14930725097656,3.325087547302246,131.48126220703125,1.8242186307907104,0.0,0.0,0.0,0.0,9.6875e-05,0.0358875,0.94923125,0.014784375,0.0,0.0,0.0,0.0015125,0.10443125,0.874946875,0.019109375,0.0,0.0,0.0,0.0,0.0012875,0.07385625,0.881596875,0.043259375,0.0,0.261790625,0.0,0.0,0.0,0.0,0.0,0.0,0.738209375,0.0183125,0.957525,0.0241625,0.0,0.0,0.0,0.0,0.0,0.0,0.0,0.0,0.0,9.6875e-05,0.0358875,0.94923125,0.014784375,0.0,0.0,0.0,1.5625e-05,0.006309375,0.6370625,0.356596875,1.5625e-05,0.0,0.0,0.0,0.0,1.0,0.0,0.0,0.0,0.0,0.0,0.0,0.0008625,0.9991375,0.0,0.0,0.0,0,0,1,0,0,0
29,舌右邊,224161,200.86477661132812,14.806982040405272,158.32550048828125,20.429359436035156,161.03768920898438,21.394458770751953,147.2833251953125,66.4563217163086,55.07676696777344,13.257781982421877,200.86477661132812,14.806982040405272,176.35227966308594,17.884180068969727,144.27914428710938,3.210200071334839,132.81297302246094,1.9873558282852173,0.0,0.0,0.0,3.568863450823292e-05,0.0084135955853159,0.2470813388591236,0.7243052984239007,0.0201640784971516,0.0,0.0,0.0029755399021239,0.0950879055678731,0.3470095154821757,0.5421861965283881,0.0127185371228715,2.2305396567645574e-05,0.0,0.0,0.0028506296813451,0.0851798484125249,0.3167366312605671,0.5624394966118103,0.032722016764736,7.137726901646585e-05,0.170850415549538,0.0,0.0,0.0,0.0,0.0,0.0,0.8291495844504619,0.0028327853640909,0.764035670790191,0.2287106142460107,0.0044209295997073,0.0,0.0,0.0,0.0,0.0,0.0,0.0,3.568863450823292e-05,0.0084135955853159,0.2470813388591236,0.7243052984239007,0.0201640784971516,0.0,0.0,2.676647588117469e-05,0.0070931161085112,0.183403892737809,0.6049937321835644,0.2042772828458117,0.0002052096484223,0.0,0.0,0.0,0.0,1.0,0.0,0.0,0.0,0.0,0.0,0.0,0.0001382934587194,0.9998617065412806,0.0,0.0,0.0,-1,0,1,0,0,0
29,舌尖,242407,207.072998046875,10.75022315979004,152.9912567138672,15.083523750305176,157.6046142578125,16.889860153198242,137.24488830566406,73.26251983642578,67.22553253173828,10.671438217163086,207.072998046875,10.75022315979004,174.52857971191406,12.974523544311523,148.9454345703125,2.873838186264038,133.70065307617188,2.6672356128692627,0.0,0.0,0.0,0.0,1.650117364597557e-05,0.1013130808928785,0.8744178179673029,0.0242525999661725,0.0,0.0,4.537822752643282e-05,0.0617473917832405,0.6003044466537683,0.3312033068351986,0.0066747247397971,2.4751760468963355e-05,0.0,0.0,7.425528140689006e-05,0.0505265937039772,0.4546898398148568,0.4787031727631627,0.0159195072749549,8.663116164137175e-05,0.2229803594780678,0.0,0.0,0.0,0.0,0.0,0.0,0.7770196405219322,0.0001732623232827,0.3780418882293003,0.6171150173056058,0.004669832141811,0.0,0.0,0.0,0.0,0.0,0.0,0.0,0.0,1.650117364597557e-05,0.1013130808928785,0.8744178179673029,0.0242525999661725,0.0,0.0,0.0,0.0002351417244551,0.1295507142945542,0.7980380104534935,0.0720771264856212,9.900704187585342e-05,0.0,0.0,0.0,0.0,1.0,0.0,0.0,0.0,0.0,0.0,0.0,0.001328344478501,0.998671655521499,0.0,0.0,0.0,0,0,1,0,0,0
29,舌左邊,211547,205.6888885498047,12.011322021484377,160.32113647460938,18.855960845947266,162.9905242919922,19.269926071166992,148.3289794921875,65.82437133789062,57.13100051879883,13.819454193115234,205.6888885498047,12.011322021484377,179.00650024414062,15.912264823913574,145.29794311523438,3.665509223937988,133.28875732421875,1.9177509546279907,0.0,0.0,0.0,0.0,8.036039272596634e-05,0.1374777236264281,0.8398228289694488,0.0226190870113969,0.0,0.0,0.0001181770481264,0.0775525060624825,0.3288630895262046,0.5815823434035935,0.0118838839595929,0.0,0.0,0.0,0.0001654478673769,0.0652762743031099,0.3004864167300883,0.6079689147092608,0.0261029463901638,0.0,0.1660198442899214,0.0,0.0,0.0,0.0,0.0,0.0,0.8339801557100787,0.0019853744085238,0.7195611377140777,0.2716701253149418,0.0067739083986064,9.454163850113686e-06,0.0,0.0,0.0,0.0,0.0,0.0,0.0,8.036039272596634e-05,0.1374777236264281,0.8398228289694488,0.0226190870113969,0.0,0.0,0.0,0.000340349898604,0.132727006291746,0.6456059409965634,0.2212416153384354,8.508747465102318e-05,0.0,0.0,0.0,0.0,0.9999858187542248,1.418124577517053e-05,0.0,0.0,0.0,0.0,0.0,9.454163850113686e-06,0.99999054583615,0.0,0.0,0.0,-1,0,-1,0,0,0
29,舌根,288150,144.0728302001953,41.410030364990234,105.65035247802734,40.88269805908203,106.64823150634766,39.7567138671875,115.47746276855467,84.25807189941406,76.17842102050781,25.527433395385746,144.0728302001953,41.410030364990234,122.66551208496094,42.06059646606445,143.71397399902344,3.025280237197876,133.61647033691406,1.2522003650665283,0.003685580426861,0.0396876626756897,0.1138573659552316,0.17465556133958,0.2211452368558042,0.3537775464167968,0.0931632830123199,2.7763317716467117e-05,0.0404303314246052,0.1584799583550234,0.1883463473885129,0.240093701197293,0.3064896755162242,0.0661391636300537,2.0822488287350337e-05,0.0,0.0337150789519347,0.1512233211868818,0.1884782231476661,0.2476487940308867,0.3226132222800624,0.0562693041818497,5.2056220718375845e-05,0.0,0.3547666146104459,0.0,0.0,0.0,0.0,0.0,0.0,0.6452333853895541,2.429290300190873e-05,0.3987680027763318,0.3784556654520215,0.1788235294117647,0.040242929030019,0.0033177164671178,0.0001908728093007,0.0001769911504424,0.003685580426861,0.0396876626756897,0.1138573659552316,0.17465556133958,0.2211452368558042,0.3537775464167968,0.0931632830123199,2.7763317716467117e-05,0.0130001735207357,0.1015859795245531,0.1640950893631789,0.1935901440222106,0.2919278153739372,0.2339857712996703,0.001815026895714,0.0,0.0,0.0,0.0,0.0,0.9999965295852854,3.4704147145583896e-06,0.0,0.0,0.0,0.0,0.0,0.0003782752038868,0.9996217247961132,0.0,0.0,0.0,-1,0,1,0,0,0
30,舌中,258328,206.52235412597656,5.9363908767700195,182.26876831054688,11.12550926208496,199.5596923828125,9.273432731628418,157.72242736816406,5.3576741218566895,30.2873477935791,9.236656188964844,206.70623779296875,6.055269718170166,195.5693817138672,8.79603099822998,139.66656494140625,3.2892906665802,122.52902221679688,1.6438422203063965,0.0,0.0,0.0,0.0,0.0,0.0167461521786256,0.9829557771515284,0.000298070669846,0.0,0.0,0.0,0.0,0.0244263107367377,0.7646635285373633,0.2109101607258988,0.0,0.0,0.0,0.0,0.0,0.0006348518162955,0.1712125669691245,0.827297079681645,0.0008555015329348,2.3226285962032764e-05,0.0,0.0,0.0,0.0,0.0009755040104053,0.4420426744294076,0.556958595274225,0.5591147688210337,0.4407923260351181,9.290514384813106e-05,0.0,0.0,0.0,0.0,0.0,0.0,0.0,0.0,0.0,0.0,0.0167345390356446,0.982382862097798,0.0008825988665572,0.0,0.0,0.0,0.0,0.000298070669846,0.3086463720541327,0.6910168467994178,3.871047660338794e-05,0.0,0.0,0.0,0.0,1.0,0.0,0.0,0.0,0.0,0.0,0.0,0.998389644173299,0.0016103558267009,0.0,0.0,0.0,0,-1,-1,0,-1,0
30,舌右邊,144101,195.4857482910156,18.139617919921875,164.5624237060547,21.14961814880371,183.3865966796875,22.097835540771484,160.1024627685547,12.953720092773438,41.315673828125,12.946656227111816,195.49740600585935,18.148109436035156,180.4439697265625,19.724008560180664,142.5514373779297,2.759894609451294,122.71884155273438,1.9865403175354004,0.0004649516658454,0.0011311510676539,0.003240782506714,0.0030672930791597,0.0156487463653964,0.2969028667393009,0.6795442085759293,0.0,0.0018112296236667,0.0033518157403487,0.0048299456631112,0.0443647164141817,0.2462717122018584,0.6736802659245945,0.0256903144322385,0.0,0.0021790272100818,0.0031089305417727,0.0021998459413883,0.0100762659523528,0.1029902637733256,0.4476998771694853,0.4317457894115932,0.0,0.0060998882728086,0.0,0.0,0.0,0.0,0.0,0.1823790258221664,0.8115210859050249,0.1707760529073358,0.7846718620967238,0.0389240879660793,0.002227604249797,0.0021165710161622,0.0011727885302669,9.021450232822811e-05,2.0818731306514186e-05,0.0004649516658454,0.0011311510676539,0.003240782506714,0.0030672930791597,0.0156487463653964,0.2969028667393009,0.6795442085759293,0.0,0.0009923595256105,0.0033032387006335,0.0020055377825275,0.0083136133684013,0.1127611883331829,0.561099506596068,0.311524555693576,0.0,0.0,0.0,0.0,0.0,1.0,0.0,0.0,0.0,0.0,0.0,0.0,0.978015419740321,0.0219845802596789,0.0,0.0,0.0,-1,-1,0,0,0,0
30,舌尖,176758,200.07327270507812,10.955622673034668,161.7248992919922,15.130417823791504,183.2440948486328,13.107074737548828,162.23081970214844,5.098344802856445,49.05955505371094,13.715656280517578,200.11817932128903,10.886064529418944,179.93984985351562,12.443899154663086,145.73001098632812,4.4118499755859375,122.37481689453124,1.7730318307876587,0.0,0.0,0.0,0.0,5.657452562260265e-06,0.2155319702644293,0.7838626823114088,0.0005996899715995,0.0,0.0,0.0,0.0092329625816087,0.4292705280666221,0.5535760757646048,0.0079147761346021,5.657452562260265e-06,0.0,0.0,0.0,0.0,0.042346032428518,0.6647846207809548,0.2924450378483576,0.0004243089421695,0.0003224747960488,0.0,0.0,0.0,0.0,9.051924099616425e-05,0.1079951119609862,0.8915918940019688,0.0810656377646273,0.7519885945756345,0.1667930164405571,0.000152751219181,0.0,0.0,0.0,0.0,0.0,0.0,0.0,0.0,5.657452562260265e-06,0.2149945122710146,0.7842700188958915,0.0007298113805315,0.0,0.0,0.0,0.0,0.0665090123219316,0.7349709772683556,0.1984464635264033,7.354688330938345e-05,0.0,0.0,0.0,0.0,0.9995474037950192,0.0004525962049808,0.0,0.0,0.0,0.0,0.0,0.9920569366025864,0.0079430633974134,0.0,0.0,0.0,0,-1,-1,0,-1,0
30,舌左邊,174487,197.68051147460935,17.724767684936523,170.1943359375,21.981220245361328,186.8218994140625,20.58878517150879,161.30801391601562,3.9578816890716553,36.27241516113281,11.65719223022461,197.7093048095703,17.732419967651367,184.8057403564453,19.68037223815918,140.86605834960938,3.1469032764434814,123.29126739501952,1.4818170070648191,0.0,0.0,0.0,0.0017078636230779,0.042988875962106,0.2259022162109498,0.7291030277327251,0.0002980164711411,0.0,0.0,0.0033125676984531,0.0511556734885693,0.1892118037446915,0.6297145346071628,0.1266054204611232,0.0,0.0,0.0,0.0002865542991741,0.0141729756371534,0.1167192971396149,0.3311364170396648,0.537524285476855,0.0001604704075375,0.0,0.0,0.0,0.0,0.0,5.73108598348301e-06,0.1564299919191687,0.8435642769948477,0.364634614613123,0.6053287637474425,0.0300308905534509,5.73108598348301e-06,0.0,0.0,0.0,0.0,0.0,0.0,0.0,0.0017078636230779,0.042977413790139,0.2255583510519408,0.7293322711720643,0.0004241003627777,0.0,0.0,0.0003610584169594,0.0089576873921839,0.1302561222326018,0.3914675591877904,0.4689575727704643,0.0,0.0,0.0,0.0,0.0,1.0,0.0,0.0,0.0,0.0,0.0,0.0,0.9945955859175756,0.0054044140824244,0.0,0.0,0.0,-1,-1,0,0,0,0
30,舌根,295804,162.11917114257812,44.235652923583984,140.55218505859375,47.84117126464844,149.94461059570312,48.76953887939453,164.75347900390625,16.245914459228516,40.09772872924805,24.76285171508789,162.14588928222656,44.25775146484375,153.28579711914062,47.2872428894043,137.98599243164062,3.232231855392456,126.14386749267578,2.322013139724731,7.775418858433287e-05,0.0327142296926343,0.0850630823112601,0.1089877080769698,0.1401265702965477,0.2869602845127179,0.3460703709212857,0.0,0.0095401008776081,0.0959723330313315,0.1036294302984408,0.1113980879230842,0.2158963367635326,0.369112655677408,0.0944510554285946,0.0,0.0015652256223715,0.0832375491879758,0.0976694027126069,0.0985652661897743,0.164328406647645,0.3430852862030263,0.211531960352125,1.690308447485497e-05,0.0081168611648253,0.0,0.0,0.0,0.0,0.0013252018228286,0.0887276710254087,0.9018302659869372,0.4750240023799543,0.3612662438641803,0.1173006450217035,0.0425754891752647,0.0036544468634636,0.0001791726954334,0.0,0.0,7.775418858433287e-05,0.0327142296926343,0.0850630823112601,0.10897418560939,0.1400657191924382,0.2868656272396587,0.3462224986815594,1.690308447485497e-05,0.0016429798109559,0.0703979662208759,0.0886262525185595,0.1019458830847453,0.1566003164257413,0.344285405200741,0.2365011967383808,0.0,0.0,0.0,0.0,0.0,1.0,0.0,0.0,0.0,0.0,0.0,0.0,0.7377824505415749,0.2622175494584252,0.0,0.0,0.0,0,-1,-1,0,0,0
31,舌中,301136,214.59884643554688,6.070798873901367,179.58407592773438,12.507508277893066,183.6448211669922,10.987141609191896,128.86050415039062,76.46622467041016,42.55141067504883,11.065340042114258,214.59884643554688,6.070798873901367,194.6456756591797,9.596607208251951,141.28369140625,4.151044845581055,130.76605224609375,1.9396435022354128,0.0,0.0,0.0,0.0,0.0,0.0008467934753732,0.9427268742362256,0.0564263322884012,0.0,0.0,0.0,0.0,0.0720471813399925,0.740921045640508,0.1870317730194995,0.0,0.0,0.0,0.0,0.0,0.0219967058073428,0.7173237341267733,0.2606795600658838,0.0,0.2675369268370437,0.0,0.0,0.0,0.0,0.0,0.0,0.7324630731629562,0.1673894851495669,0.7858575527336485,0.0467529621167844,0.0,0.0,0.0,0.0,0.0,0.0,0.0,0.0,0.0,0.0,0.0008467934753732,0.9427268742362256,0.0564263322884012,0.0,0.0,0.0,0.0,0.0002224908347059,0.3587249614791987,0.6410525476860953,0.0,0.0,0.0,0.0,0.0,1.0,0.0,0.0,0.0,0.0,0.0,0.0,0.0185464374900377,0.9814535625099624,0.0,0.0,0.0,-1,0,0,0,0,-1
31,舌右邊,192776,207.0780029296875,12.233099937438965,154.1748504638672,23.76438331604004,157.39247131347656,26.39185905456543,116.1166763305664,83.24612426757812,66.82344055175781,21.255661010742188,207.0780029296875,12.233099937438965,175.32191467285156,19.229738235473633,148.41629028320312,5.472072601318359,134.38059997558594,4.299413681030273,0.0,0.0,0.0,8.299788355396937e-05,0.0047153172594098,0.0958003070921691,0.8827447400091297,0.0166566377557372,0.0,0.0013590903431962,0.0054986097854504,0.1478192306096194,0.3590592189899158,0.4615149188695688,0.0247489314022492,0.0,0.0,0.0011619703697555,0.0053585508569531,0.158883885960908,0.2950004149894177,0.47656865999917,0.0630265178237955,0.0,0.3420705896999626,0.0,0.0,0.0,0.0,0.0,0.0,0.6579294103000374,0.0216157612980869,0.4738660414159439,0.4095841806033946,0.091665975017637,0.002951612233888,0.0003164294310495,0.0,0.0,0.0,0.0,0.0,8.299788355396937e-05,0.0047153172594098,0.0958003070921691,0.8827447400091297,0.0166566377557372,0.0,0.0,0.0013020292982528,0.008092293646512,0.2100520811719301,0.5715908619330207,0.2089627339502842,0.0,0.0,0.0,0.0,0.0,0.993048927252355,0.0069510727476449,0.0,0.0,0.0,0.0,0.0,0.0043988878283603,0.9956011121716396,0.0,0.0,0.0,0,0,0,0,0,1
31,舌尖,241333,201.9260406494141,9.53969383239746,140.94308471679688,17.485843658447266,151.33424377441406,18.610679626464844,173.36373901367188,15.100400924682615,77.57927703857422,14.989842414855955,201.9260406494141,9.53969383239746,165.46493530273438,14.187084197998049,152.7024688720703,4.0246968269348145,132.02232360839844,2.8632242679595947,0.0,0.0,0.0,0.0,0.0,0.1543759038341213,0.8455370794711042,8.70166947744403e-05,0.0,0.0,9.94476511707889e-05,0.243331827806392,0.5986955783088098,0.1577736985824566,9.94476511707889e-05,0.0,0.0,0.0,0.0,0.1064379923176689,0.5222949202968512,0.368602719064529,0.0026643683209507,0.0,0.0074254246207522,0.0,0.0,0.0,0.0,0.0,0.0,0.9925745753792478,8.28730426423241e-06,0.1956715409827914,0.687489899847928,0.1168302718650163,0.0,0.0,0.0,0.0,0.0,0.0,0.0,0.0,0.0,0.1543759038341213,0.8455370794711042,8.70166947744403e-05,0.0,0.0,0.0,0.0001243095639634,0.3507518656793725,0.6282025251416093,0.0209212996150547,0.0,0.0,0.0,0.0,0.0,0.96534249356698,0.0346575064330199,0.0,0.0,0.0,0.0,0.0,0.0311561203813817,0.9688438796186184,0.0,0.0,0.0,0,0,0,0,0,1
31,舌左邊,218595,206.80276489257812,11.62292194366455,152.76327514648438,19.773046493530273,156.4127655029297,23.523691177368164,113.4552001953125,83.67115020751953,68.25645446777344,16.84654426574707,206.80276489257812,11.62292194366455,174.2852325439453,16.444929122924805,148.8846893310547,4.043879985809326,134.27432250976562,4.26174783706665,0.0,0.0,0.0,0.0,0.0,0.1296369999313799,0.8639721860060843,0.0063908140625357,0.0,0.0,0.0,0.120537981198106,0.4368764152885473,0.4369450353393261,0.0056405681740204,0.0,0.0,0.0,0.0,0.1260413092705688,0.3664859671996157,0.4782085592076671,0.0292641643221482,0.0,0.3559322033898305,0.0,0.0,0.0,0.0,0.0,0.0,0.6440677966101694,0.0010430247718383,0.4475536951897344,0.4881447425604428,0.0632585374779844,0.0,0.0,0.0,0.0,0.0,0.0,0.0,0.0,0.0,0.1296369999313799,0.8639721860060843,0.0063908140625357,0.0,0.0,0.0,8.69187309865276e-05,0.2118346714243235,0.657970218897962,0.1301081909467279,0.0,0.0,0.0,0.0,0.0,0.9990759166495116,0.0009240833504883,0.0,0.0,0.0,0.0,0.0,0.0191770168576591,0.9808229831423408,0.0,0.0,0.0,0,0,0,0,0,1
31,舌根,276069,163.96527099609375,42.6182746887207,125.1257781982422,43.35738754272461,124.70265197753906,41.872520446777344,71.97030639648438,84.97281646728516,69.138916015625,29.875242233276367,163.96527099609375,42.6182746887207,142.3421630859375,43.16807556152344,143.13229370117188,6.982547760009766,134.31800842285156,2.5291028022766113,0.0156808623930973,0.0164270526571255,0.0584274221299747,0.1001235198446765,0.1431019056829995,0.3486628342914271,0.3175764030006991,0.0,0.0287138360337451,0.0939221716310052,0.1130912923942927,0.1869097942905578,0.3336376050914807,0.2406717161289387,0.0030535844299794,0.0,0.0246931020867971,0.0951501255121002,0.1116786020886082,0.199015463525423,0.3500429240515958,0.2176195081664366,0.0018002745690388,0.0,0.6045191600650562,0.0,0.0,0.0,0.0,0.0,0.0001521358790737,0.3953287040558701,0.0268592272221799,0.4922863487026794,0.3124979624659053,0.1157754039750931,0.0426234021204843,0.0096026717958191,0.0003549837178386,0.0,0.0156808623930973,0.0164270526571255,0.0584274221299747,0.1001235198446765,0.1431019056829995,0.3486628342914271,0.3175764030006991,0.0,0.0199442892899963,0.0464956224711937,0.0999351611372519,0.1193179965878095,0.281730292064665,0.3762356512321195,0.0563409872169638,0.0,0.0,0.0,0.0,0.0,0.9770093708456944,0.0229906291543056,0.0,0.0,0.0,0.0,0.0,0.0098344978972648,0.9901655021027352,0.0,0.0,0.0,-1,0,0,0,0,-1
32,舌中,254880,202.9882049560547,6.565917491912842,163.4550018310547,13.68345832824707,181.3048553466797,12.040648460388184,165.71478271484375,3.466634750366211,49.714263916015625,15.137609481811523,202.9882049560547,6.565917491912842,181.634033203125,10.15032196044922,145.4933319091797,4.902488708496094,124.46595764160156,1.904871106147766,0.0,0.0,0.0,0.0,0.0,0.0451938166980539,0.95344868173258,0.0013575015693659,0.0,0.0,0.0,0.011013025737602,0.3472300690521029,0.6370723477715003,0.0046845574387947,0.0,0.0,0.0,0.0,8.631512868801004e-05,0.0498509102322661,0.7439265536723164,0.2061362209667294,0.0,0.0,0.0,0.0,0.0,0.0,0.0,0.0144577840552416,0.9855422159447584,0.0665999686126804,0.7513928123038293,0.1725047080979284,0.0094907407407407,1.177024482109228e-05,0.0,0.0,0.0,0.0,0.0,0.0,0.0,0.0,0.0451938166980539,0.95344868173258,0.0013575015693659,0.0,0.0,0.0,0.0,0.0217710295040803,0.8111974262397991,0.1670315442561205,0.0,0.0,0.0,0.0,0.0,0.9879551161330824,0.0120448838669177,0.0,0.0,0.0,0.0,0.0,0.9262633396107972,0.0737366603892027,0.0,0.0,0.0,0,0,-1,0,0,-1
32,舌右邊,143357,203.2245330810547,9.69418716430664,159.41184997558594,18.216176986694336,173.9966583251953,18.717573165893555,169.4462890625,3.890874147415161,55.482669830322266,15.975181579589844,203.2245330810547,9.69418716430664,178.61367797851562,14.731781959533691,146.5979461669922,4.540120601654053,126.8528060913086,2.498079538345337,0.0,0.0,0.0,0.0,7.673151642403232e-05,0.1176084879008349,0.8788548867512573,0.0034598938314836,0.0,0.0,0.0006626812782075,0.066714565734495,0.3592220819353083,0.5685386831476663,0.0048619879043227,0.0,0.0,0.0,0.0,0.0192386838452255,0.1825163752031641,0.6508995026402618,0.147324511534142,2.0926777206554268e-05,0.0001813654024568,0.0,0.0,0.0,0.0,0.0,0.0001325362556415,0.9996860983419016,0.0206617046952712,0.6991985044329889,0.2635936856937575,0.01653912958558,6.975592402184756e-06,0.0,0.0,0.0,0.0,0.0,0.0,0.0,7.673151642403232e-05,0.1176084879008349,0.8788548867512573,0.0034598938314836,0.0,0.0,0.0,0.000795217533849,0.12535139546726,0.6880724345515042,0.1857670012625822,1.3951184804369511e-05,0.0,0.0,0.0,0.0,0.9938266007240664,0.0061733992759335,0.0,0.0,0.0,0.0,0.0,0.663671812328662,0.336328187671338,0.0,0.0,0.0,0,0,0,0,-1,1
32,舌尖,167849,204.3588409423828,12.770124435424805,140.66552734375,15.520630836486816,155.96177673339844,15.446680068969728,164.3971710205078,35.39564514160156,80.10057067871094,14.294146537780762,204.3588409423828,12.770124435424805,166.34506225585938,12.841745376586914,154.38951110839844,5.473102569580078,129.88450622558594,2.9324443340301514,0.0,0.0,0.0,0.0,8.936603733117266e-05,0.1609005713468653,0.7903174877419585,0.0486925748738449,0.0,0.0,0.0013643215032559,0.1879069878283457,0.6988781583447027,0.1106828161025683,0.0011677162211273,0.0,0.0,0.0,0.0001668166030181,0.0408462367961679,0.5407836805700361,0.4064248223105291,0.0116890776829173,8.936603733117266e-05,0.0475308163885397,0.0,0.0,0.0,0.0,0.0,1.1915471644156354e-05,0.952457268139816,4.766188657662542e-05,0.1112785896847761,0.764210689369612,0.1238077081186066,0.0006553509404285,0.0,0.0,0.0,0.0,0.0,0.0,0.0,8.936603733117266e-05,0.1609005713468653,0.7903174877419585,0.0486925748738449,0.0,0.0,0.0,0.0010247305613974,0.2830996907935108,0.6945528421378739,0.0212750746206411,4.766188657662542e-05,0.0,0.0,0.0,0.0,0.87105076586694,0.12894923413306,0.0,0.0,0.0,0.0,0.0,0.1647790573670382,0.8352209426329618,0.0,0.0,0.0,0,0,0,0,0,1
32,舌左邊,161367,200.87380981445312,8.704324722290039,157.69757080078125,17.086854934692383,171.71884155273438,17.59946632385254,169.54571533203125,4.8588972091674805,55.254600524902344,15.489288330078123,200.87380981445312,8.704324722290039,176.7997589111328,13.731152534484863,146.30575561523438,4.32306432723999,127.065185546875,2.555430173873902,0.0,0.0,0.0,0.0,0.0014191253478096,0.1257134358326052,0.8723530833441782,0.0005143554754069,0.0,0.0,0.0018343279604875,0.0486964497078089,0.4228187919463087,0.5235952828025556,0.0030551475828391,0.0,0.0,0.0,0.0002106998332992,0.0128526898312542,0.2232550645423165,0.671562339263914,0.092119206529216,0.0,0.0004090055587573,0.0,0.0,0.0,0.0,0.0,0.0004152026126779,0.9991757918285648,0.0355896806658114,0.6654520440982357,0.2924761568350406,0.0064139508077859,6.816759312622779e-05,0.0,0.0,0.0,0.0,0.0,0.0,0.0,0.0014191253478096,0.1257134358326052,0.8723530833441782,0.0005143554754069,0.0,0.0,0.0,0.0024602304064647,0.1212329658480358,0.7551791878141132,0.1211276159313862,0.0,0.0,0.0,0.0,0.0,0.9982524307944004,0.0017475692055996,0.0,0.0,0.0,0.0,0.0,0.6051361182893652,0.3948638817106347,0.0,0.0,0.0,0,0,0,0,0,1
32,舌根,295132,185.5838928222656,22.857627868652344,152.65721130371094,25.917570114135746,167.299072265625,26.970354080200195,165.89614868164062,6.352701187133789,46.62030029296875,15.055655479431152,185.58485412597656,22.850727081298828,169.19593811035156,24.561279296875,142.774169921875,3.1059799194335938,125.13741302490234,2.084216833114624,0.0016365558461976,0.0014671401271295,0.0027682528495723,0.0136820134719379,0.1091274412805117,0.3390076304839868,0.5323109659406638,0.0,0.002802135993386,0.006973150996842,0.0205569033517205,0.123290595394603,0.3505821124107179,0.4946735697924996,0.0011215320602306,0.0,0.0022057926622663,0.004001599284388,0.0115439870972988,0.0777516501091037,0.1940521529349579,0.573265521868181,0.1371792960438041,0.0,0.0009385630836371,0.0,0.0,0.0,0.0,9.826111705948523e-05,0.0113542414919425,0.9876089343073609,0.1045532168656736,0.7772996489706301,0.1063490234877952,0.0111373893715354,0.0006607213043655,0.0,0.0,0.0,0.0016365558461976,0.0014671401271295,0.0027682528495723,0.0136820134719379,0.1091274412805117,0.3390076304839868,0.5323109659406638,0.0,0.0023447135519021,0.0025344591572584,0.0098972663079571,0.0532778553325291,0.1939098437309407,0.6187333125516717,0.1193025493677405,0.0,0.0,0.0,0.0,0.0,1.0,0.0,0.0,0.0,0.0,0.0,0.0,0.8768483254950328,0.1231516745049672,0.0,0.0,0.0,0,0,-1,0,0,-1
34,舌中,460759,199.8161163330078,7.44520378112793,176.3582763671875,10.87882137298584,192.29295349121097,10.035567283630373,158.00218200683594,9.301648139953612,30.325105667114254,11.446212768554688,200.1814422607422,7.652308464050293,189.79920959472656,8.616827964782715,139.21568298339844,4.112219333648682,123.04963684082033,1.9863409996032717,0.0,0.0,0.0,0.0,2.821431594390994e-05,0.1252672221269687,0.8730963475482845,0.0016082160088028,0.0,0.0,0.0,0.0001150275957713,0.0634149305819311,0.8638094969387468,0.0726258195716198,3.472531193096608e-05,0.0,0.0,0.0,0.0,0.0037416523605615,0.4519499347815235,0.5426025319093062,0.0017058809486087,0.0014736554250703,0.0,0.0,0.0,0.0,0.0024394531631503,0.4144379165680974,0.5816489748436818,0.6082529044467933,0.3871590137143278,0.0045880818388788,0.0,0.0,0.0,0.0,0.0,0.0,0.0,0.0,0.0,2.821431594390994e-05,0.1209851570994815,0.876762038288997,0.0022245902955775,0.0,0.0,0.0,0.0,0.0022311012915645,0.5750989128807034,0.4222142161086381,0.0004557697190939,0.0,0.0,0.0,0.0,1.0,0.0,0.0,0.0,0.0,0.0,0.0,0.9843367139871386,0.0156632860128613,0.0,0.0,0.0,0,0,-1,0,-1,-1
34,舌右邊,282532,199.29214477539065,9.01826286315918,163.93978881835938,19.88653564453125,180.0554962158203,20.25171661376953,163.48460388183594,8.298393249511719,45.97652816772461,19.191940307617188,199.5293426513672,9.23760986328125,180.93997192382812,15.67275333404541,143.75474548339844,5.522463321685791,124.78538513183594,2.80427885055542,0.0,0.0,0.0,0.0,0.000591083487888,0.1614896719663613,0.8358769980037659,0.0020422465419846,0.0,0.0,3.185479874846035e-05,0.0498350629309246,0.3259276825279968,0.5593490294904648,0.0648563702518652,0.0,0.0,0.0,0.0,0.0083141024733481,0.1671315107669219,0.496007531890193,0.3274637917120892,0.0010830631574476,3.8933642914784874e-05,0.0,0.0,0.0,0.0,0.0021236532498973,0.2238153554287656,0.7740220576784222,0.2820246910084521,0.5044773689352002,0.2102027380969235,0.003295201959424,0.0,0.0,0.0,0.0,0.0,0.0,0.0,0.0,0.000591083487888,0.1612914643297042,0.8355549105941982,0.0025625415882094,0.0,0.0,0.0,0.000350402786233,0.1112971274050373,0.6195758356575538,0.2686598332224314,0.0001168009287443,0.0,0.0,0.0,0.0,0.9990797502583778,0.0009202497416221,0.0,0.0,0.0,0.0,0.0,0.8031691985332635,0.1968308014667365,0.0,0.0,0.0,0,0,0,0,-1,1
34,舌尖,268345,200.9854431152344,11.33303928375244,152.63043212890625,18.48636054992676,171.05120849609375,18.13540267944336,168.0555419921875,4.291894912719727,61.92662048339844,14.857063293457031,200.9876251220703,11.33761978149414,173.62364196777344,15.33733081817627,149.0067596435547,4.117561340332031,125.54942321777344,2.149479627609253,0.0,0.0,0.0,0.0,4.099200655872105e-05,0.2031004863142596,0.7955355978311502,0.0013229238480314,0.0,0.0,3.726546050792822e-06,0.1138683411280254,0.4870856546609775,0.3931878738191507,0.0058544038457955,0.0,0.0,0.0,0.0,0.0024856062158788,0.2826212524921276,0.5835100337252418,0.13062289217239,0.0007602153943617,0.0003353891445713,0.0,0.0,0.0,0.0,0.0,0.0056941623656114,0.9939704484898172,0.0073673815424174,0.5505338277217761,0.434984814324843,0.0071139764109634,0.0,0.0,0.0,0.0,0.0,0.0,0.0,0.0,4.099200655872105e-05,0.2031004863142596,0.79539398908122,0.0014645325979615,0.0,0.0,0.0,4.099200655872105e-05,0.2082319402262013,0.6828746576235816,0.1088114181370996,4.099200655872105e-05,0.0,0.0,0.0,0.0,0.9978125174681848,0.0021874825318153,0.0,0.0,0.0,0.0,0.0,0.793489724049265,0.206510275950735,0.0,0.0,0.0,0,0,0,0,0,1
34,舌左邊,306398,192.8821258544922,9.1779146194458,158.1405792236328,18.984451293945312,174.04190063476562,18.086830139160156,164.85647583007812,5.480400085449219,46.46157455444336,18.81730842590332,192.9010772705078,9.194127082824709,175.28146362304688,15.13401222229004,143.55690002441406,5.3787007331848145,124.7666473388672,2.056601047515869,0.0,0.0,0.0,0.0,0.0037630793934686,0.3636283526654874,0.632608567941044,0.0,0.0,0.0,0.0013772935854672,0.0989954242521165,0.3195875952192899,0.5760285641551185,0.0040111227880077,0.0,0.0,0.0,9.79118662654456e-06,0.014833647739215,0.1824816088877864,0.6821584997291105,0.1205164524572614,0.0,0.0002186698346594,0.0,0.0,0.0,0.0,2.937355987963368e-05,0.085927453834555,0.9138245027709058,0.2316921128727994,0.5688059321536041,0.1942669338572706,0.0050979445035542,0.0001370766127716,0.0,0.0,0.0,0.0,0.0,0.0,0.0,0.0037630793934686,0.36332808960894,0.6329088309975913,0.0,0.0,0.0,0.0,0.0035933654919418,0.162288918334976,0.743131482581479,0.090986233591603,0.0,0.0,0.0,0.0,0.0,0.998802211502686,0.0011977884973139,0.0,0.0,0.0,0.0,0.0,0.8845488547575375,0.1154511452424624,0.0,0.0,0.0,0,0,0,0,-1,1
34,舌根,431211,141.6199493408203,44.55539321899414,120.0314483642578,45.117393493652344,128.90805053710938,46.407371520996094,165.99647521972656,16.006460189819336,44.8713264465332,21.706357955932617,141.6329803466797,44.57129669189453,132.85504150390625,46.41339874267578,138.1004638671875,3.147709608078003,126.32534790039062,1.8871934413909912,0.0008557295616299,0.067059977597974,0.1321186147848733,0.1305277462773445,0.2067989916769284,0.3975733457634429,0.0650586371868992,6.957150907560336e-06,0.032401770826811,0.1334659830106374,0.1322206529981842,0.1742209730271259,0.2952011892089951,0.2300428328590875,0.0024465980691587,0.0,0.0228890264858735,0.1100018320497389,0.1289994921279837,0.1416452734276259,0.2566330636277831,0.3178142487088687,0.0220101064212183,6.957150907560336e-06,0.0083624953908875,0.0,0.0,0.0,0.0,0.0001113144145209,0.0372648193111956,0.9542613708833958,0.3568508224511897,0.4186024939066953,0.2078170547597348,0.01672035268117,9.276201210080448e-06,0.0,0.0,0.0,0.0008557295616299,0.067059977597974,0.1321186147848733,0.1305184700761344,0.2068082678781385,0.3974226074937791,0.065209375456563,6.957150907560336e-06,0.0239233229207974,0.0911201244866202,0.1233386903395321,0.1361352099088381,0.2437530582475864,0.3546477246637957,0.0270818694328298,0.0,0.0,0.0,0.0,0.0,1.0,0.0,0.0,0.0,0.0,0.0,0.0,0.7578378102599423,0.2421621897400576,0.0,0.0,0.0,-1,0,0,0,0,-1
35,舌中,306234,208.54574584960935,9.731417655944824,183.51101684570312,16.767349243164062,191.2637176513672,15.242825508117676,158.79417419433594,41.83148956298828,31.131885528564453,12.01014232635498,208.5471649169922,9.731189727783203,196.18663024902344,13.747153282165527,138.3011932373047,3.672935962677002,127.39762115478516,2.3044347763061523,0.0,0.0,0.0,0.0,2.9389290542526303e-05,0.0559670056231509,0.9138730513267632,0.0301305537595433,0.0,0.0,6.204405781199997e-05,0.0059823533637675,0.080836876375582,0.5564894818994625,0.3566292443033758,0.0,0.0,0.0,0.0,0.0020409229543421,0.0383040420070926,0.3897346473611682,0.5696918043065107,0.0002285833708863,0.0650678892611532,0.0,0.0,0.0,0.0,0.0,0.0154097846744646,0.919522326064382,0.5872763964811223,0.39266377998524,0.019416524618429,0.0006432989152086,0.0,0.0,0.0,0.0,0.0,0.0,0.0,0.0,2.9389290542526303e-05,0.0559670056231509,0.9138697858500362,0.0301338192362703,0.0,0.0,0.0,0.0001273535923509,0.0164939229478111,0.3019423055571883,0.6797938831089951,0.0016425347936545,0.0,0.0,0.0,0.0,0.999937955942188,6.204405781199997e-05,0.0,0.0,0.0,0.0,0.0,0.5385228289477981,0.4614771710522019,0.0,0.0,0.0,1,0,0,0,0,-1
35,舌右邊,220070,198.24154663085935,17.288646697998047,158.16217041015625,30.95096778869629,169.07032775878906,31.81446647644043,167.49176025390625,22.445716857910156,53.56527328491211,25.72439956665039,198.24305725097656,17.289949417114258,176.17662048339844,25.762338638305664,144.83360290527344,6.447663307189941,128.37057495117188,3.633776426315307,0.0,0.0,0.0001317762530104,0.0028899895487799,0.0324442222929068,0.2296360249011678,0.7230472122506475,0.0118507747534875,0.0003907847503067,0.0037397191802608,0.0206843277139092,0.1736356613804698,0.2140727950197664,0.4799245694551733,0.1075521425001136,0.0,0.0001317762530104,0.0018403235334211,0.0091561775798609,0.136965510973781,0.1569318853092197,0.417444449493343,0.2770482119325669,0.0004816649247966,0.0172399691007406,0.0,0.0,0.0,0.0,0.0,0.0062343799700095,0.9765256509292498,0.1928250102240196,0.5072976780115418,0.209787794792566,0.0843277139092107,0.0045530967419457,0.0011814422683691,2.7264052346980505e-05,0.0,0.0,0.0,0.0001317762530104,0.0028899895487799,0.0324442222929068,0.2296360249011678,0.7230472122506475,0.0118507747534875,0.0,0.0005725450992865,0.0040396237560776,0.0479801881219611,0.1886490662062071,0.4297450811105557,0.3287135911300949,0.0002999045758167,0.0,0.0,0.0,0.0,0.9857954287272233,0.0142045712727768,0.0,0.0,0.0,0.0,0.0,0.4980369882310174,0.5019630117689826,0.0,0.0,0.0,-1,0,0,0,-1,1
35,舌尖,230117,195.99887084960935,10.021689414978027,155.62286376953125,22.08576202392578,168.95835876464844,23.209827423095703,168.0688018798828,10.076581954956056,53.35111618041992,21.065229415893555,196.00254821777344,10.02720832824707,174.1255645751953,17.611169815063477,145.2989501953125,5.621256351470947,127.08553314208984,3.436699390411377,0.0,0.0,0.0,0.0,0.0042456663349513,0.2691196217576276,0.7264304679793323,0.0002042439280887,0.0,0.0,0.0047106471925151,0.1304293033543806,0.3680866689553574,0.4801818205521539,0.0165915599455928,0.0,0.0,0.0,0.0003867597787212,0.064219505729694,0.2368490811196043,0.5398645037089829,0.1584672145039262,0.0002129351590712,0.002868106224225,0.0,0.0,0.0,0.0,0.0,0.0247004784522655,0.9724314153235092,0.1299034838799393,0.5911992595071203,0.2387394238582981,0.0401578327546422,0.0,0.0,0.0,0.0,0.0,0.0,0.0,0.0,0.0042456663349513,0.2691196217576276,0.726373974977946,0.000260736929475,0.0,0.0,0.0,0.0087998713697814,0.1980470803982322,0.6365979045442102,0.1565247243793374,3.041930843875072e-05,0.0,0.0,0.0,0.0,0.9952893528074848,0.0047106471925151,0.0,0.0,0.0,0.0,0.0,0.6366630887765788,0.3633369112234211,0.0,0.0,0.0,0,0,-1,0,1,-1
35,舌左邊,220488,202.4388885498047,10.271668434143066,158.7965545654297,22.017160415649418,169.4926300048828,22.981000900268555,166.18997192382812,29.38934898376465,55.78783416748047,20.51997756958008,202.4390106201172,10.271773338317873,177.771728515625,17.423364639282227,145.98451232910156,5.745064735412598,128.9506378173828,3.567272663116455,0.0,0.0,0.0,0.0,0.0004263270563477,0.1306465657994993,0.8656162693661333,0.0033108377780196,0.0,0.0,0.0007755524110155,0.0956378578426036,0.3846739958637205,0.4649550088893727,0.0539575849932876,0.0,0.0,0.0,0.0001224556438445,0.0614591270273212,0.2373371793476289,0.5290537353506767,0.1720275026305286,0.0,0.0303236457312869,0.0,0.0,0.0,0.0,0.0,0.0020318566089764,0.9676444976597366,0.1047812125829977,0.5780405282827183,0.2736838285983817,0.0434944305359021,0.0,0.0,0.0,0.0,0.0,0.0,0.0,0.0,0.0004263270563477,0.1306465657994993,0.8656162693661333,0.0033108377780196,0.0,0.0,0.0,0.0022586263197997,0.136823772722325,0.6392910271760821,0.2216265737817931,0.0,0.0,0.0,0.0,0.0,0.9859221363520916,0.0140778636479082,0.0,0.0,0.0,0.0,0.0,0.4039857044374297,0.5960142955625704,0.0,0.0,0.0,-1,0,0,0,-1,1
35,舌根,294719,183.8031768798828,26.19430160522461,153.66867065429688,34.7418327331543,157.25657653808594,34.429901123046875,133.46571350097656,73.37471008300781,44.84222412109375,27.10797882080078,183.803466796875,26.194520950317383,168.70436096191406,31.063854217529297,140.01092529296875,6.428763389587402,130.525634765625,3.220724582672119,4.071675053186255e-05,0.0005869998201676,0.0047435014369619,0.0383958957515463,0.1267207068427892,0.3416813982132132,0.4874643304300028,0.0003664507547867,0.0013775833929946,0.016076330334997,0.0456808010342054,0.1614487019839236,0.2665623865444712,0.3891707015835423,0.1196834951258656,0.0,0.0008007627604599,0.0131345451090699,0.0406047794678999,0.1469433596069476,0.2494172415080127,0.3923126774995844,0.1567866340480254,0.0,0.236476100963969,0.0,0.0,0.0,0.0,0.0,0.0023988952188355,0.7611250038171954,0.3979112306977154,0.3921260590596466,0.1484430932515379,0.0511741692934625,0.0084928355484376,0.0014081209558935,0.0003969883176856,4.750287562050631e-05,4.071675053186255e-05,0.0005869998201676,0.0047435014369619,0.0383958957515463,0.1267207068427892,0.3416813982132132,0.4874643304300028,0.0003664507547867,0.0005869998201676,0.0041259640538954,0.0230490738635785,0.0756076126751244,0.2278271845384926,0.4027429517608298,0.2660602132879115,0.0,0.0,0.0,0.0,0.0,0.998483301042688,0.0015166989573118,0.0,0.0,0.0,0.0,0.0,0.1278438105449597,0.8721561894550403,0.0,0.0,0.0,1,0,0,0,0,-1
36,舌中,282686,217.41786193847656,8.805404663085938,173.87197875976562,13.6397705078125,184.080322265625,13.554529190063477,171.05807495117188,18.030481338500977,51.24469375610352,11.229110717773438,217.41786193847656,8.805404663085938,191.77639770507812,11.012837409973145,145.45668029785156,3.866175889968872,128.96397399902344,1.930193543434143,0.0,0.0,0.0,0.0,0.0,0.002278146070198,0.7606390128977027,0.2370828410320992,0.0,0.0,0.0,0.0002263996094606,0.1520131877772511,0.7544448610826147,0.0932518766405127,6.367489016081447e-05,0.0,0.0,0.0,0.0,0.0360930502394883,0.6599053366632942,0.302070141429006,0.0019314716682113,0.0109167061686818,0.0,0.0,0.0,0.0,0.0,0.0,0.989083293831318,0.0190423296519813,0.8333415874857616,0.1473826082650007,0.0002334745972563,0.0,0.0,0.0,0.0,0.0,0.0,0.0,0.0,0.0,0.002278146070198,0.7606390128977027,0.2370828410320992,0.0,0.0,0.0,0.0,0.0020305214973504,0.4816687066214811,0.5146098497980091,0.0016909220831594,0.0,0.0,0.0,0.0,0.9995295133115896,0.0004704866884104,0.0,0.0,0.0,0.0,0.0,0.1950927884649399,0.8049072115350601,0.0,0.0,0.0,0,0,1,0,0,0
36,舌右邊,146727,201.32603454589844,15.8659029006958,155.79470825195312,20.085296630859375,162.82339477539062,21.74030113220215,160.58670043945312,47.174530029296875,58.76532745361328,13.788905143737791,201.32603454589844,15.8659029006958,175.02987670898438,17.677675247192383,146.06961059570312,4.023165702819824,131.04644775390625,2.4938910007476807,0.0,0.0,0.0,0.0,0.0079808078949341,0.2683078097419016,0.6845911113837262,0.039120270979438,0.0,0.0,0.0,0.0793241870957628,0.4560374027956681,0.4398985871720951,0.0243581617561866,0.0003816611802872,0.0,0.0,0.0,0.0542572260047571,0.3622850600094052,0.5091223837466861,0.0731767159418512,0.0011586142973004,0.0819140308191403,0.0,0.0,0.0,0.0,0.0,0.0,0.9180859691808596,0.0121790808780933,0.6278394569506635,0.3584343713154361,0.001547090855807,0.0,0.0,0.0,0.0,0.0,0.0,0.0,0.0,0.0079808078949341,0.2683078097419016,0.6845911113837262,0.039120270979438,0.0,0.0,0.0,0.0012063219448363,0.237222869683153,0.5671621446632181,0.1932364186550532,0.0011722450537392,0.0,0.0,0.0,0.0,0.9997001233583458,0.0002998766416542,0.0,0.0,0.0,0.0,0.0,0.0204120577671457,0.9795879422328542,0.0,0.0,0.0,0,-1,1,0,0,0
36,舌尖,155698,216.41114807128903,14.703563690185549,156.61270141601562,18.837207794189453,167.12010192871094,20.56800651550293,169.7861785888672,27.25619888305664,71.23444366455078,13.925763130187988,216.41114807128903,14.703563690185549,179.87359619140625,16.043703079223633,151.84393310546875,4.554716110229492,131.56729125976562,2.79228138923645,0.0,0.0,0.0,0.0,0.0076430011946203,0.0474058754768847,0.6324872509601922,0.3124638723683027,0.0,0.0,0.0,0.0655628203316677,0.5035517476139706,0.3970378553353286,0.0332695346118768,0.0005780421071561,0.0,0.0,2.5690760318051617e-05,0.0350293516936633,0.2993358938457783,0.5518311089416691,0.1099371860910223,0.0038407686675487,0.0269431848835566,0.0,0.0,0.0,0.0,0.0,6.4226900795129035e-06,0.9730503924263638,0.0008349497103366,0.2930416575678557,0.6618389446235662,0.0442780254081619,6.4226900795129035e-06,0.0,0.0,0.0,0.0,0.0,0.0,0.0,0.0076430011946203,0.0474058754768847,0.6324872509601922,0.3124638723683027,0.0,0.0,0.0,0.0005459286567585,0.1072589243278654,0.6702205551773305,0.2175686264434995,0.0044059653945458,0.0,0.0,0.0,0.0,0.9598517643129648,0.0401482356870351,0.0,0.0,0.0,0.0,0.0,0.054284576552043,0.9457154234479568,0.0,0.0,0.0,0,0,1,0,0,0
36,舌左邊,149465,213.4283447265625,11.055956840515137,166.60275268554688,16.83420753479004,176.5825653076172,16.30263900756836,172.8044891357422,11.712443351745604,56.3504753112793,12.009523391723633,213.4283447265625,11.055956840515137,185.76480102539065,13.989572525024414,146.7628631591797,3.719132900238037,129.62586975097656,1.7100543975830078,0.0,0.0,0.0,0.0,2.0071588666242933e-05,0.0362693607199009,0.8008965309604256,0.1628140367310072,0.0,0.0,0.0,0.0102164386311176,0.3254340481049075,0.5971565249389489,0.0671796072659151,1.3381059110828622e-05,0.0,0.0,0.0,0.0010771752584217,0.1450172281136051,0.667694778041682,0.185320978155421,0.0008898404308701,0.0044960358612384,0.0,0.0,0.0,0.0,0.0,0.0,0.9955039641387616,0.005071421403004,0.7219817348543137,0.2719834074867026,0.0009634362559796,0.0,0.0,0.0,0.0,0.0,0.0,0.0,0.0,2.0071588666242933e-05,0.0362693607199009,0.8008965309604256,0.1628140367310072,0.0,0.0,0.0,0.0,0.0378148730472016,0.610932325293547,0.3500418158097213,0.0012109858495299,0.0,0.0,0.0,0.0,0.99927073227846,0.0007292677215401,0.0,0.0,0.0,0.0,0.0,0.0839661459204496,0.9160338540795504,0.0,0.0,0.0,0,-1,1,0,0,0
36,舌根,243683,188.17933654785156,20.537748336791992,149.8529510498047,22.989381790161133,154.84310913085938,22.116880416870117,154.7102813720703,56.44329452514648,53.20194625854492,11.541038513183594,188.17933654785156,20.537748336791992,167.25424194335938,21.395795822143555,143.17239379882812,2.7006826400756836,130.9653778076172,1.8569718599319456,0.0,0.0,0.0001395255311203,0.0144942404681491,0.075733637553707,0.4103404833328545,0.4935100109568578,0.0057821021573109,0.0,0.0001518366073956,0.0220039969960973,0.1291596048965254,0.4907974704841946,0.3418170327843961,0.0160700582313907,0.0,0.0,3.282953673419976e-05,0.015044135208447,0.0962233721679395,0.4390252910543616,0.4263243640303181,0.0233500080021995,0.0,0.1191630109609615,0.0,0.0,0.0,0.0,0.0,0.0,0.8808369890390384,0.0161028877681249,0.8137252085701505,0.1690105587997521,0.0011613448619723,0.0,0.0,0.0,0.0,0.0,0.0,0.0001395255311203,0.0144942404681491,0.075733637553707,0.4103404833328545,0.4935100109568578,0.0057821021573109,0.0,0.0,0.006089879064194,0.0423870356159436,0.2614544305511669,0.5797737224180596,0.1102826212743605,1.231107627532491e-05,0.0,0.0,0.0,0.0,1.0,0.0,0.0,0.0,0.0,0.0,0.0,0.0173586175482081,0.982641382451792,0.0,0.0,0.0,0,0,1,0,0,0
37,舌中,465684,203.19642639160156,8.567760467529297,168.86314392089844,15.53705883026123,188.25030517578125,14.222217559814451,162.27902221679688,4.1742448806762695,43.446990966796875,12.718501091003418,203.208740234375,8.585311889648438,185.5003204345703,12.584001541137695,143.81211853027344,3.867845296859741,122.91944122314452,1.6942428350448608,0.0,0.0,0.0,0.0,4.294757818606609e-06,0.0975640133652863,0.9003100815145034,0.0021216103623916,0.0,0.0,5.5831851641885914e-05,0.0110697382774585,0.2394585169342301,0.6859114764518429,0.0635022891059173,2.1473789093033043e-06,0.0,0.0,0.0,0.0007000455244328,0.0368876749040121,0.5186027434912945,0.4427723520670669,0.0010371840131934,0.0,0.0,0.0,0.0,0.0,0.0,0.1356993154156037,0.8643006845843962,0.1780799855696137,0.7580376392575223,0.0628108330971216,0.0010715420757423,0.0,0.0,0.0,0.0,0.0,0.0,0.0,0.0,4.294757818606609e-06,0.097561865986377,0.9000137432250196,0.0024200960307848,0.0,0.0,0.0,9.44846720093454e-05,0.0319207874867936,0.6402023689884128,0.327709347969868,7.301088291631235e-05,0.0,0.0,0.0,0.0,0.9996972195737882,0.0003027804262117,0.0,0.0,0.0,0.0,0.0,0.9890161568789136,0.0109838431210864,0.0,0.0,0.0,0,0,1,0,1,0
37,舌右邊,291967,200.42166137695312,16.709484100341797,166.2224578857422,25.463239669799805,180.27244567871097,25.808908462524418,165.52842712402344,10.820372581481934,44.9324836730957,19.450767517089844,200.44744873046875,16.680376052856445,182.49447631835935,22.02050018310547,142.9630126953125,4.609785079956055,125.68074035644533,2.55707049369812,0.0009042117773584,0.001030938427973,0.000715834323742,0.0008459860189678,0.0149914202632489,0.1960427034562125,0.7813896776005508,0.0040792281319464,0.0026509845290734,0.0007706350375213,0.0016029208780444,0.0661239112639442,0.2950949936122918,0.4699195457020828,0.1638164587093747,2.055026766723637e-05,0.0024078063616778,0.0008768114204687,0.0008665362866351,0.0181253360825024,0.1941657790092716,0.3774399161549079,0.4047066963047194,0.0014111183798168,0.0032366671575897,0.0,0.0,0.0,0.0,3.767549072326667e-05,0.0756558104169306,0.9210698469347564,0.2810591607955693,0.5495449828234013,0.1643336404456668,0.0017159473502142,0.0006713087437963,0.0009384622234704,0.00116451516781,0.0005719824500714,0.0009042117773584,0.001030938427973,0.000715834323742,0.0008459860189678,0.0141420091996698,0.1968921145197916,0.7809341466672604,0.0045347590652368,0.0019008997592193,0.000948737357304,0.0007500847698541,0.0047368366972979,0.1427866847965694,0.4444680391962105,0.4042443152822065,0.0001644021413378,0.0,0.0,0.0,0.0,0.9994108923268724,0.0005891076731274,0.0,0.0,0.0,0.0,0.0,0.7689499155726504,0.2310500844273496,0.0,0.0,0.0,0,0,1,0,0,0
37,舌尖,373987,197.2370758056641,13.466331481933594,153.10647583007812,18.690513610839844,170.38999938964844,19.257259368896484,167.68211364746094,4.8344035148620605,57.69127655029297,13.386255264282228,197.27932739257812,13.377952575683594,172.85914611816406,16.18581199645996,147.27674865722656,3.5209450721740723,125.46408081054688,2.25325083732605,0.0,0.0,0.0,0.0,0.0084655348982718,0.2922026701462885,0.6968905336281742,0.0024412613272653,0.0,0.0,0.0002566934144769,0.1000596277410712,0.4970386671194453,0.3936019166441614,0.0089976389553647,4.545612548029744e-05,0.0,0.0,0.0,0.0162866623706171,0.2761967661977555,0.5756724164208916,0.1309671191779393,0.0008770358327963,0.0003128450988938,0.0,0.0,0.0,0.0,0.0005214084981563,0.0162144673477955,0.9829512790551544,0.0182947535609526,0.6547928136539506,0.3229015981838941,0.0040108346012027,0.0,0.0,0.0,0.0,0.0,0.0,0.0,0.0,0.0071499811490773,0.2935075283365465,0.696866468620567,0.0024760218938091,0.0,0.0,0.0,0.0019947217416648,0.219085155366363,0.6659910638605085,0.1126563222785818,0.0002727367528817,0.0,0.0,0.0,0.0,0.9999893044410636,1.0695558936540575e-05,0.0,0.0,0.0,0.0,0.0,0.8122047023024864,0.1877952976975135,0.0,0.0,0.0,0,0,1,0,0,0
37,舌左邊,334264,202.00636291503903,10.915087699890137,172.3572540283203,16.623836517333984,188.30064392089844,17.29530906677246,162.55491638183594,7.566041946411133,37.97385025024414,11.136348724365234,202.0897979736328,10.926036834716797,187.38595581054688,14.203015327453612,141.48910522460938,2.971818208694458,123.96438598632812,1.991252064704895,0.0,0.0,0.0,0.0,0.0035720269008927,0.1279707057894359,0.8650707225426609,0.0033865447670105,0.0,0.0,3.290812052748725e-05,0.016684417107436,0.1673826675920829,0.7080780460953019,0.1073941555177943,0.0004278055668573,0.0,0.0,0.0,0.00329679534739,0.0594350573199626,0.4690783332934447,0.4641301486250389,0.0040596654141636,0.0009513438479764,0.0,0.0,0.0,0.0,0.0006402125266256,0.1790740253213029,0.8193344183040949,0.2977736160639495,0.6784248378527152,0.0237088050163942,9.274106694110043e-05,0.0,0.0,0.0,0.0,0.0,0.0,0.0,0.0,0.0033356867625589,0.1282040542804489,0.863655673359979,0.0048045855970131,0.0,0.0,0.0,0.0004188306248952,0.0498976856616327,0.5333658425675514,0.4150940573917622,0.0012235837541583,0.0,0.0,0.0,0.0,1.0,0.0,0.0,0.0,0.0,0.0,0.0,0.9559300433190532,0.0440699566809468,0.0,0.0,0.0,0,0,1,0,0,0
37,舌根,432956,159.22238159179688,35.27564239501953,122.08473205566406,37.412078857421875,138.0030059814453,38.113399505615234,166.669921875,4.233386039733887,63.967655181884766,24.2771053314209,159.22303771972656,35.27627944946289,140.21099853515625,37.01508712768555,145.22889709472656,3.925057888031006,125.17058563232422,2.2111260890960693,0.0002517576843836,0.0097215421428505,0.0642282356636702,0.116732416227053,0.2084184074132244,0.4345175953214645,0.1658297840889143,0.0003002614584391,0.0071693197461173,0.0870273191733109,0.139984201627879,0.2502979517549127,0.3588794242371049,0.1537246279067619,0.002917155553913,0.0,0.0013350086382911,0.0566362401722114,0.1017863247073605,0.1687815851957242,0.3359694749581943,0.3012592503626234,0.0341766830809597,5.543288463492826e-05,0.0001893956891693,0.0,0.0,0.0,0.0,0.0,0.0141376952854331,0.9856729090253976,0.0484645090956124,0.5117633200602371,0.3245433716128197,0.101504540877133,0.0121675181773667,0.0006397878768281,0.0008545903047884,6.23619952142943e-05,0.0002517576843836,0.0097215421428505,0.0642282356636702,0.116732416227053,0.2084184074132244,0.4345083565073587,0.1658367131994937,0.0003025711619656,0.0009654560740583,0.0461894511220539,0.0935314443038091,0.1666266318055414,0.3364314156634854,0.3254926597621929,0.0307560121582793,6.929110579366032e-06,0.0,0.0,0.0,0.0,0.9996027309934497,0.0003972690065503,0.0,0.0,0.0,0.0,0.0,0.8697419599220244,0.1302580400779756,0.0,0.0,0.0,0,0,1,0,0,0
38,舌中,369000,205.1756591796875,9.0499906539917,166.6275177001953,9.997471809387209,172.28778076171875,9.968192100524902,148.3800811767578,61.9550895690918,48.46991729736328,8.0133056640625,205.1756591796875,9.0499906539917,183.4675750732422,8.66486930847168,143.01461791992188,3.145784378051758,130.5339813232422,2.1455531120300293,0.0,0.0,0.0,0.0,0.0,0.0620813008130081,0.923159891598916,0.0147588075880758,0.0,0.0,0.0,0.000650406504065,0.2276558265582655,0.769070460704607,0.0026233062330623,0.0,0.0,0.0,0.0,0.0001598915989159,0.0934173441734417,0.8843821138211382,0.022040650406504,0.0,0.1525094850948509,0.0,0.0,0.0,0.0,0.0,0.0,0.847490514905149,0.0019457994579945,0.9571246612466124,0.0406449864498645,0.0002845528455284,0.0,0.0,0.0,0.0,0.0,0.0,0.0,0.0,0.0,0.0620813008130081,0.923159891598916,0.0147588075880758,0.0,0.0,0.0,0.0,0.0056070460704607,0.8164173441734417,0.1779756097560975,0.0,0.0,0.0,0.0,0.0,0.9997669376693769,0.0002330623306233,0.0,0.0,0.0,0.0,0.0,0.0412357723577235,0.9587642276422764,0.0,0.0,0.0,0,0,1,0,0,0
38,舌右邊,206510,180.8856658935547,12.436725616455078,140.2789764404297,17.659194946289062,149.0785675048828,18.223957061767575,162.8442840576172,40.32931900024414,58.01417922973633,14.9635591506958,180.8856658935547,12.436725616455078,159.10934448242188,15.349806785583496,144.83685302734375,4.147648811340332,129.4127960205078,2.721188545227051,0.0,0.0,4.842380514260811e-06,0.0006779332719965,0.047716817587526,0.7406566267977338,0.2109437799622294,0.0,0.0,0.0002033799815989,0.0075153745581327,0.2216212289961745,0.6233693283618227,0.1472567914386712,3.389666359982567e-05,0.0,0.0,0.000130744273885,0.0031669168563265,0.1235339692993075,0.5552999854728584,0.3175584717447097,0.0003099123529126,0.0,0.0589898794247251,0.0,0.0,0.0,0.0,0.0,0.0,0.9410101205752748,0.0005810856617112,0.6277226284441432,0.3604619631010605,0.011214953271028,1.936952205704324e-05,0.0,0.0,0.0,0.0,0.0,4.842380514260811e-06,0.0006779332719965,0.047716817587526,0.7406566267977338,0.2109437799622294,0.0,0.0,4.842380514260811e-06,0.0006149823253111,0.0291947121204784,0.4530967023388698,0.5136119316255872,0.0034768292092392,0.0,0.0,0.0,0.0,0.0,0.9999079947702292,9.20052297709554e-05,0.0,0.0,0.0,0.0,0.0,0.2468161348118735,0.7531838651881265,0.0,0.0,0.0,0,0,1,0,0,0
38,舌尖,210299,189.9202423095703,18.32440757751465,140.80279541015625,19.6853084564209,152.64743041992188,19.223596572875977,170.83346557617188,17.229982376098633,66.51943969726562,13.03623390197754,189.92025756835935,18.324371337890625,162.0189971923828,18.06627655029297,148.48072814941406,3.70458722114563,129.20440673828125,2.299487590789795,0.0,0.0,0.0,0.0005801263914711,0.065102544472394,0.4074627078588105,0.5248955059225199,0.0019591153548043,0.0,8.083728405746104e-05,0.0050737283581947,0.2712233534158507,0.5217571172473479,0.2016176967080205,0.0002472669865287,0.0,0.0,0.0,0.0011887835890803,0.1099815025273539,0.4959272274238108,0.3879095953856176,0.0049928910741373,0.0,0.0100903951041136,0.0,0.0,0.0,0.0,0.0,0.0019924012952985,0.9879172036005878,3.8041074850569906e-05,0.4544957417771839,0.5225654900879224,0.0228531757164798,4.755134356321238e-05,0.0,0.0,0.0,0.0,0.0,0.0,0.0005801263914711,0.065102544472394,0.4074627078588105,0.5248955059225199,0.0019591153548043,0.0,0.0,0.0003328594049424,0.0198431756689285,0.4210100856399698,0.5263410667668414,0.0324728125193177,0.0,0.0,0.0,0.0,0.0,0.9937327329183686,0.0062672670816313,0.0,0.0,0.0,0.0,0.0,0.1594919614453706,0.8405080385546294,0.0,0.0,0.0,0,0,1,0,0,0
38,舌左邊,207131,184.62603759765625,9.588130950927734,143.29017639160156,15.156347274780272,152.57167053222656,13.888988494873049,167.2646026611328,30.992626190185547,57.44514465332031,15.102295875549316,184.62603759765625,9.588130950927734,162.29322814941406,12.45682430267334,145.11160278320312,4.594923973083496,129.26683044433594,1.776200294494629,0.0,0.0,0.0,0.0,0.0076956129212913,0.7381125954106339,0.2541917916680748,0.0,0.0,0.0,0.0,0.1867900024622099,0.6641980196107777,0.1490119779270123,0.0,0.0,0.0,0.0,0.0,0.0379228604120097,0.6127281768542613,0.3493489627337289,0.0,0.0,0.0336888249465314,0.0,0.0,0.0,0.0,0.0,0.0,0.9663111750534684,0.0008014251850278,0.6191444061970444,0.3742655614079978,0.0057886072099299,0.0,0.0,0.0,0.0,0.0,0.0,0.0,0.0,0.0076956129212913,0.7381125954106339,0.2541917916680748,0.0,0.0,0.0,0.0,0.0001110408388893,0.3863497013967006,0.6128826684561944,0.0006565893082155,0.0,0.0,0.0,0.0,0.0,1.0,0.0,0.0,0.0,0.0,0.0,0.0,0.1593242923560452,0.8406757076439548,0.0,0.0,0.0,0,0,1,0,0,0
38,舌根,381078,177.01620483398438,23.6295166015625,141.46719360351562,27.93558883666992,143.7898406982422,25.42037010192871,112.25701904296876,81.44023132324219,56.498653411865234,16.676328659057617,177.01695251464844,23.62464141845703,158.22662353515625,26.030454635620117,141.9182586669922,4.314846515655518,131.94403076171875,3.5867514610290527,0.0009263195461296,0.0018920011126331,0.0050777006282178,0.0274615695474417,0.1528978319399178,0.519869947884685,0.2918746293409748,0.0,0.0023197350673615,0.0096358225875017,0.0631130634673216,0.1978545074761597,0.4217561759009966,0.3049454442397619,0.0003752512608967,0.0,0.0017870357249696,0.0068411191409632,0.0439883698350468,0.1859225670335207,0.4425603157358861,0.3188874718561554,1.3120673457927249e-05,0.0,0.3663554442922446,0.0,0.0,0.0,0.0,0.0001600722161867,0.0004644718404106,0.6330200116511581,0.0045554978245923,0.7285909971187001,0.2384288780774539,0.0275980245514041,0.0007767438687092,4.985855914012355e-05,0.0,0.0,0.0009263195461296,0.0018920011126331,0.0050777006282178,0.0274615695474417,0.1528978319399178,0.519869947884685,0.2918746293409748,0.0,0.0016295876434745,0.0038469814578642,0.016660631156876,0.1043277229333627,0.2884816231847548,0.5555713003637051,0.0294821532599625,0.0,0.0,0.0,0.0,0.0,1.0,0.0,0.0,0.0,0.0,0.0,0.0,0.0667816037661581,0.9332183962338418,0.0,0.0,0.0,-1,0,-1,0,0,0
39,舌中,370731,209.4543609619141,10.637483596801758,178.73367309570312,18.506010055541992,178.4219970703125,16.440845489501953,93.87614440917967,83.93209838867188,41.941986083984375,12.3024263381958,209.45458984375,10.638138771057127,192.52828979492188,14.860273361206056,139.0880126953125,5.315604209899902,132.34231567382812,2.94339656829834,0.0,0.0,0.0,4.5855350645076885e-05,0.0007040145010802,0.0428504764910406,0.8789958217683441,0.0774038318888897,0.0,3.7763229943004495e-05,0.0005853300641165,0.0034067828155724,0.1395755952429119,0.6018460824694994,0.247707906811138,0.0068405393668185,0.0,3.5065856375647036e-05,0.0007121066217823,0.0033717169591968,0.1060175706914177,0.6897076316790341,0.1945183974364161,0.0056375107557771,0.4841704632199627,0.0004720403742875,0.0,0.0,0.0,2.4276362106217176e-05,0.0004666456271528,0.5148665744164906,0.2101577693799547,0.7516150524234553,0.0368730966657765,0.0011544758868289,0.0001996056439844,0.0,0.0,0.0,0.0,0.0,0.0,4.5855350645076885e-05,0.0007040145010802,0.0428504764910406,0.8789958217683441,0.0774038318888897,0.0,0.0,7.552645988600899e-05,0.0009440807485751,0.012081536208194,0.4685445781442609,0.5010560217516205,0.0172982566874634,0.0,0.0,0.0,0.0007228961160518,0.9990828929870984,0.0001942108968497,0.0,0.0,0.0,0.0,0.0,0.0360423056070304,0.9639576943929696,0.0,0.0,0.0,-1,0,-1,0,0,-1
39,舌右邊,217083,208.04844665527344,16.31812286376953,166.33663940429688,26.048856735229492,170.1817169189453,24.08297538757324,130.5814208984375,75.5185775756836,53.70734786987305,17.64417266845703,208.04844665527344,16.31812286376953,183.7772674560547,21.730030059814453,144.0225830078125,5.7035064697265625,132.06190490722656,2.3242454528808594,0.0,0.0,0.0,0.0,0.0106088454646379,0.1393890815955187,0.7146437077062691,0.1353583652335742,0.0,0.0,0.0036621937231381,0.0920062833109916,0.2521247633393679,0.5034572030053022,0.1457092448510477,0.0030403117701524,0.0,0.0,0.0011239940483593,0.0662511573914125,0.2128080043117148,0.5531939396452048,0.1615188660558404,0.005104038547468,0.2623190208353487,0.0,0.0,0.0,0.0,0.0,0.0,0.7376809791646514,0.0579640045512545,0.658683545003524,0.270338994762372,0.0130134556828494,0.0,0.0,0.0,0.0,0.0,0.0,0.0,0.0,0.0106088454646379,0.1393890815955187,0.7146437077062691,0.1353583652335742,0.0,0.0,0.0,0.0124514586586697,0.1440462864434341,0.4056605077320656,0.4277165876646259,0.0101251595012046,0.0,0.0,0.0,0.0,0.9998019190816416,0.0001980809183584,0.0,0.0,0.0,0.0,0.0,0.0107470414541903,0.9892529585458096,0.0,0.0,0.0,-1,0,-1,0,-1,-1
39,舌尖,211850,206.2064666748047,13.534774780273438,153.03501892089844,20.03211975097656,160.93576049804688,25.13201141357422,150.77149963378906,58.30284118652344,68.17738342285156,17.294675827026367,206.2064666748047,13.534774780273438,174.53089904785156,17.284992218017578,149.145751953125,3.665132761001587,131.91293334960938,4.8831377029418945,0.0,0.0,0.0,4.2482888836440875e-05,0.0084304932735426,0.1030446070332782,0.831088033986311,0.0573943828180316,0.0,0.0,0.0038045787113523,0.0937455746990795,0.5063724333254661,0.3772244512626859,0.0183573282983242,0.0004956337030918,0.0,1.8881283927307054e-05,0.0226244984658956,0.0749114939815907,0.3176162379041775,0.5157045079065377,0.0677177248052867,0.0014066556525843,0.1355204153882464,0.0,0.0,0.0,0.0,0.0,4.7203209818267644e-06,0.8644748642907718,0.0037668161434977,0.4258720793013925,0.5060136889308473,0.0573518999291951,0.0069955156950672,0.0,0.0,0.0,0.0,0.0,0.0,4.2482888836440875e-05,0.0084304932735426,0.1030446070332782,0.831088033986311,0.0573943828180316,0.0,0.0,2.360160490913382e-05,0.0106396034930375,0.173377389662497,0.6581260325702147,0.1560160490913382,0.0018173235780033,0.0,0.0,0.0,0.0,0.9958933207458108,0.0041066792541892,0.0,0.0,0.0,0.0,0.0,0.0596082133585083,0.9403917866414916,0.0,0.0,0.0,0,0,1,0,0,-1
39,舌左邊,201935,211.5685577392578,10.662918090820312,163.32318115234375,20.822113037109375,171.8793487548828,19.456722259521484,173.53912353515625,13.777548789978027,58.865116119384766,16.57892417907715,211.5685577392578,10.662918090820312,182.9984893798828,16.624160766601562,147.17967224121094,4.962975025177002,130.6492156982422,1.8950310945510864,0.0,0.0,0.0,0.0,0.0,0.0525763240646742,0.8466387699012058,0.1007849060341199,0.0,0.0,0.0,0.0661252383192611,0.3036818778319756,0.5793695991284324,0.0500160942877658,0.0008071904325649,0.0,0.0,0.0,0.0118800604154802,0.2262609255453487,0.6322083838859038,0.1275261841681729,0.0021244459850942,0.0062099190333523,0.0,0.0,0.0,0.0,0.0,3.961670834674524e-05,0.9937504642583008,0.009785326961646,0.6675217272884839,0.3032064773318147,0.0194864684180553,0.0,0.0,0.0,0.0,0.0,0.0,0.0,0.0,0.0,0.0525763240646742,0.8466387699012058,0.1007849060341199,0.0,0.0,0.0,0.0,0.1282937578923911,0.5186916582068487,0.3500730433060143,0.0029415405947458,0.0,0.0,0.0,0.0,0.991328892960606,0.0086711070393938,0.0,0.0,0.0,0.0,0.0,0.0211404659915319,0.978859534008468,0.0,0.0,0.0,0,0,1,0,0,-1
39,舌根,367418,192.1582489013672,23.36046981811523,158.7808837890625,27.48992347717285,155.437255859375,28.337722778320312,88.26803588867188,82.82688903808594,54.056251525878906,16.897512435913086,192.15855407714844,23.360925674438477,174.0515899658203,24.640729904174805,139.8892822265625,6.929096698760986,134.55203247070312,4.406186580657959,0.0,0.0,1.9051870077132857e-05,0.0077949365572726,0.104592045027734,0.2908322401188836,0.5683717183153792,0.0283900081106532,0.0,0.0001551366563423,0.0111426222993974,0.1365746914957895,0.3236422820874317,0.4209755646157782,0.1050193512566069,0.0024903515886537,0.0,0.0004654099690271,0.0293126629615315,0.1419092151173867,0.3275424720617934,0.4299952642494379,0.0695257173029084,0.0012492583379148,0.5145093599115993,0.0133145354881905,1.0886782901218776e-05,5.443391450609388e-06,0.0,2.721695725304694e-06,3.538204442896102e-05,0.472121670685704,0.0703367826290492,0.6532586862919073,0.2671752608745352,0.009147619332749,8.165087175914082e-05,0.0,0.0,0.0,0.0,0.0,1.9051870077132857e-05,0.0077949365572726,0.104592045027734,0.2908322401188836,0.5683581098367527,0.0284036165892797,0.0,1.6330174351828163e-05,0.001045131158517,0.0450903330811228,0.2318340418814538,0.4498554779569863,0.2671752608745352,0.0049834248730328,0.0,0.0,0.0,0.0335802818588093,0.9646642243983692,0.0017554937428215,0.0,0.0,0.0,0.0,0.0,0.0091340108541225,0.9908659891458774,0.0,0.0,0.0,-1,0,-1,0,0,-1
40,舌中,286076,206.3562469482422,10.934484481811523,171.5734100341797,20.219335556030273,183.66912841796875,18.27421760559082,169.1138458251953,7.357722282409668,43.671573638916016,15.793537139892578,206.3562469482422,10.934484481811523,187.6121063232422,16.426990509033203,142.708740234375,4.697948932647705,126.71857452392578,1.9226861000061035,0.0,0.0,0.0,0.0,0.000132831834897,0.1072512199555363,0.8775954641423958,0.0150204840671709,0.0,0.0,0.0011605307680476,0.0380772941456116,0.1976642570505739,0.6247360841175073,0.1383618339182594,0.0,0.0,0.0,1.398229841021267e-05,0.0090150868999846,0.1010780352074273,0.4887477453543813,0.4011451502397964,0.0,0.001517079377508,0.0,0.0,0.0,0.0,0.0,0.0004159733777038,0.998066947244788,0.2181378374977279,0.6708811644458116,0.1011094953788503,0.0098540248045973,1.7477873012765837e-05,0.0,0.0,0.0,0.0,0.0,0.0,0.0,0.000132831834897,0.1072512199555363,0.8775954641423958,0.0150204840671709,0.0,0.0,0.0,0.0014786280568799,0.0699010053272557,0.4425747004292565,0.4860456661866077,0.0,0.0,0.0,0.0,0.0,0.9956480096198214,0.0043519903801786,0.0,0.0,0.0,0.0,0.0,0.6602196619080244,0.3397803380919755,0.0,0.0,0.0,-1,0,0,0,0,-1
40,舌右邊,162101,204.43429565429688,13.655964851379396,160.00408935546875,26.439128875732425,170.96055603027344,25.549884796142575,170.8988494873047,14.673298835754396,56.70880508422851,22.264802932739254,204.43429565429688,13.655964851379396,179.07142639160156,21.399810791015625,146.29693603515625,6.173074722290039,128.93780517578125,2.503065347671509,0.0,0.0,0.0,0.0004811814856169,0.0095187568244489,0.1427998593469503,0.8145415512550818,0.0326586510879019,0.0,0.002442921388517,0.0089080264773196,0.1312268277185211,0.2772160566560354,0.5028223144829458,0.0773715152898501,1.23379868106921e-05,0.0,0.0001233798681069,0.0052991653351922,0.071325901752611,0.2110165884232669,0.4812863585048827,0.2307450293335636,0.0002035767823764,0.0071992153040388,0.0,0.0,0.0,0.0,0.0,0.0,0.9928007846959612,0.079277734252102,0.6011745763443779,0.2482094496640983,0.0677478855775103,0.0035903541619114,0.0,0.0,0.0,0.0,0.0,0.0,0.0004811814856169,0.0095187568244489,0.1427998593469503,0.8145415512550818,0.0326586510879019,0.0,0.0,0.0025724702500293,0.0118321293514537,0.1764270423994916,0.4698243687577498,0.3391404124588991,0.0002035767823764,0.0,0.0,0.0,0.0,0.9780260454901574,0.0219739545098426,0.0,0.0,0.0,0.0,0.0,0.272465931733919,0.727534068266081,0.0,0.0,0.0,-1,0,0,0,0,1
40,舌尖,213857,192.7071228027344,13.624682426452637,143.16867065429688,22.14179801940918,158.89169311523438,21.16960334777832,168.39772033691406,16.88227653503418,66.6166763305664,18.54343605041504,192.7071228027344,13.624682426452637,164.75747680664062,18.448259353637695,149.2525634765625,5.037222385406494,127.2772216796875,2.693697452545166,0.0,0.0,0.0,0.0,0.0099505744492815,0.4287304133135693,0.5606316370284816,0.0006873752086674,0.0,0.0,0.004928527006364,0.2657944327284119,0.4648152737576979,0.2620863474190698,0.0023754190884563,0.0,0.0,0.0,0.0034088199123713,0.0694202200535872,0.4173022159667441,0.4622574898179625,0.0476112542493348,0.0,0.0101422913442159,0.0,0.0,0.0,0.0,0.0,0.0005985307939417,0.9892591778618424,0.0116105621981043,0.4516288922036688,0.4655260290755037,0.0708277026237158,0.0004068138990072,0.0,0.0,0.0,0.0,0.0,0.0,0.0,0.0099505744492815,0.4287304133135693,0.5606316370284816,0.0006873752086674,0.0,0.0,0.0,0.0144956676657766,0.3796321841230355,0.5364612802012559,0.0694108680099318,0.0,0.0,0.0,0.0,0.0,0.9870567715810098,0.0129432284189902,0.0,0.0,0.0,0.0,0.0,0.5217271354222681,0.4782728645777318,0.0,0.0,0.0,-1,0,0,0,1,-1
40,舌左邊,199267,204.30886840820312,10.507767677307127,161.05099487304688,21.801403045654297,171.28213500976562,20.531593322753903,171.36691284179688,14.986570358276367,54.75717544555664,18.775981903076172,204.30886840820312,10.507767677307127,179.72802734375,17.33365249633789,145.67755126953125,5.600982666015625,129.05526733398438,2.2201952934265137,0.0,0.0,0.0,0.0,2.007356963270386e-05,0.1285963054595091,0.8623756065981824,0.0090080143726758,0.0,0.0,0.0002258276583679,0.0867128024208725,0.3429418819975209,0.5139486216985251,0.0561708662247135,0.0,0.0,0.0,0.0,0.0226630601153226,0.2613930053646615,0.5439284979449683,0.1719000135496595,0.000115423025388,0.0074472943337331,0.0,0.0,0.0,0.0,0.0,6.523910130628754e-05,0.9924874665649606,0.0791400482769349,0.6114559861893841,0.294233365283765,0.0151404898954668,3.011035444905579e-05,0.0,0.0,0.0,0.0,0.0,0.0,0.0,2.007356963270386e-05,0.1285963054595091,0.8623756065981824,0.0090080143726758,0.0,0.0,0.0,0.0002157908735515,0.1512894759292808,0.5574831758394516,0.2909061711171443,0.0001053862405716,0.0,0.0,0.0,0.0,0.996467051744644,0.0035329482553558,0.0,0.0,0.0,0.0,0.0,0.234373980639042,0.7656260193609579,0.0,0.0,0.0,-1,0,0,0,0,1
40,舌根,266445,194.27200317382812,21.00933074951172,156.34735107421875,26.671770095825195,163.4269561767578,26.012144088745117,167.18511962890625,33.674415588378906,51.47100067138672,19.897798538208008,194.27279663085935,21.002403259277344,173.51560974121094,24.247703552246097,143.27951049804688,4.974611282348633,129.8513641357422,2.2758378982543945,0.0040758880819681,0.0015763103079434,0.0013023325639437,0.0046013248512826,0.0303552327872544,0.291730000562968,0.6637730113156561,0.0025858995289834,0.0060500290866783,0.004387397023776,0.0126142355833286,0.0937041415676781,0.3591773161440447,0.4868509448479048,0.0372159357465893,0.0,0.0056446921503499,0.0037906509786259,0.0079828857737994,0.0568635177991705,0.2811086715832536,0.5579237741372516,0.0866858075775488,0.0,0.0395015856931074,0.0,0.0,0.0,0.0,6.380303627390268e-05,0.00160633526619,0.9588282760044288,0.0923229934883371,0.7021411548349565,0.1679145789937886,0.0304378014224324,0.0055883953536377,0.0012422826474506,0.0003152620615886,3.753119780817805e-05,0.0040758880819681,0.0015763103079434,0.0013023325639437,0.0046013248512826,0.0303552327872544,0.291730000562968,0.6637730113156561,0.0025858995289834,0.0052994051305147,0.0017264350991761,0.0042560378314473,0.0231379834487417,0.1736906303364672,0.5891910150312447,0.202698493122408,0.0,0.0,0.0,0.0,0.0,0.997425359830359,0.002574640169641,0.0,0.0,0.0,0.0,0.0,0.097723732852934,0.902276267147066,0.0,0.0,0.0,1,0,0,0,0,-1
41,舌中,463411,204.9754943847656,6.155002117156982,194.029541015625,9.69838047027588,213.41064453125,11.361978530883787,137.61782836914062,10.410074234008787,23.85404396057129,5.473771095275879,214.0284118652344,10.25315284729004,203.75669860839844,8.045583724975586,135.41949462890625,2.4436655044555664,119.75957489013672,2.4557251930236816,0.0,0.0,0.0,0.0,0.0,0.0216675909721607,0.9778317735228556,0.0005006355049836,0.0,0.0,0.0,0.0,0.0023715449136943,0.371560019075939,0.6251599552017539,0.0009084808086126,0.0,0.0,0.0,0.0,0.0001424221695212,0.0397552065013562,0.7784795786030112,0.1816227927261113,0.0,0.0,0.0,0.0,0.0014155900485745,0.4147786737906523,0.535477146636571,0.048328589524202,0.9561123926708688,0.0438854494174717,2.157911659412487e-06,0.0,0.0,0.0,0.0,0.0,0.0,0.0,0.0,0.0,0.0,0.0154312262764586,0.80294598099743,0.1816227927261113,0.0,0.0,0.0,0.0,1.510538161588741e-05,0.0693358595285826,0.9259361560256446,0.0047128790641568,0.0,0.0,0.0,8.200064305767451e-05,0.9999179993569424,0.0,0.0,0.0,0.0,0.0,0.0,0.9994432587918716,0.0005567412081284,0.0,0.0,0.0,1,0,-1,0,0,0
41,舌右邊,221635,196.773681640625,15.63033962249756,172.64920043945312,22.62895774841309,192.93370056152344,23.902280807495117,151.70028686523438,12.3755521774292,35.57670211791992,12.279515266418455,199.9805145263672,18.390396118164062,186.65359497070312,19.63896942138672,140.390625,4.0393195152282715,120.99567413330078,2.4781033992767334,0.0,0.0,0.0002797392108647,0.0012813860626706,0.0409637467006564,0.1938096419789293,0.76231642114287,0.0013490649040088,4.963115031470661e-05,0.0005639903444853,0.0018137929478647,0.0274911453515915,0.2642633158120333,0.4872786337897895,0.2181740248606943,0.0003654657432264,4.5119227558824194e-05,0.0004466803528323,0.0013265052902294,0.0038531820335235,0.0975161865228867,0.3157488663794076,0.5246960092043225,0.056367450989239,0.0003654657432264,0.0,0.0,0.0,4.0607304802941776e-05,0.0995510636857897,0.5120355539513164,0.3880073093148645,0.5200036095382047,0.4703544115324745,0.0084914386265707,0.0008482414781058,0.000266203442597,3.1583459291176935e-05,4.511922755882419e-06,0.0,0.0,0.0,0.0002797392108647,0.0012678502944029,0.0405486498071153,0.1938006181334175,0.7076860604146457,0.0564170821395537,0.0,0.0001849888329911,0.0008753130146411,0.0046698400523383,0.1025514923184515,0.387181627450538,0.5033907099510456,0.0011460283799941,0.0,0.0,0.0,0.0,1.0,0.0,0.0,0.0,0.0,0.0,0.0,0.9884720373587204,0.0115279626412795,0.0,0.0,0.0,1,0,1,0,-1,0
41,舌尖,342105,184.1003265380859,15.191832542419434,165.53128051757812,18.416587829589844,188.9575958251953,17.475032806396484,142.7825469970703,13.536157608032228,35.05443572998047,10.157081604003906,191.36300659179688,15.574628829956056,179.0098876953125,16.134498596191406,139.11618041992188,3.8656435012817383,118.4857406616211,2.623960494995117,0.0,0.0,0.0,0.0007746159804738,0.0745472881132985,0.5313865626050481,0.3932915333011794,0.0,0.0,0.0,0.0,0.0148404729542099,0.365978281521755,0.5586384297218691,0.060542815802166,0.0,0.0,0.0,0.0,5.846158343198725e-06,0.0486517297320997,0.4801596001227693,0.4654594349687961,0.0057233890179915,0.0027681559755045,0.0,0.0,0.0,0.0050832346794112,0.2124961634585872,0.6551409654930503,0.1245114803934464,0.4682480524985019,0.5128805483696526,0.0185410911854547,0.0003303079463907,0.0,0.0,0.0,0.0,0.0,0.0,0.0,0.0,0.0211338624106633,0.4605106619312784,0.5126320866400667,0.0057233890179915,0.0,0.0,0.0,7.307697928998407e-05,0.1375337981029216,0.5923356864120665,0.2700574385057219,0.0,0.0,0.0,0.0,7.307697928998407e-05,0.99992692302071,0.0,0.0,0.0,0.0,0.0,0.0,0.9943584571988132,0.0056415428011867,0.0,0.0,0.0,1,0,-1,0,0,0
41,舌左邊,331178,202.13722229003903,8.262716293334961,181.3299865722656,16.312999725341797,202.24008178710935,16.81839942932129,148.04638671875,11.087132453918455,31.19808006286621,9.794170379638672,206.2684326171875,11.973548889160156,194.16635131835935,13.28456211090088,139.22195434570312,3.650801181793213,120.21298217773438,2.1463537216186523,0.0,0.0,0.0,0.0,6.944905760648353e-05,0.0956404108968591,0.9018141301656512,0.0024760098798833,0.0,0.0,0.0,0.000528416742658,0.1049888579555405,0.6318897994431998,0.2598210026028299,0.0027719232557718,0.0,0.0,0.0,1.5097621218800764e-05,0.0169365114832506,0.2082143137527251,0.7008376160252191,0.0739964611175863,0.0,0.0,0.0,0.0,0.0007971544003526,0.1157896961754706,0.6625893024295092,0.2208238469946675,0.6795892239218788,0.3060438797263103,0.0143668963518108,0.0,0.0,0.0,0.0,0.0,0.0,0.0,0.0,0.0,6.944905760648353e-05,0.0931251472018068,0.8328089426230003,0.0739964611175863,0.0,0.0,0.0,0.0,0.0156622722523839,0.3394881302501978,0.6377748521942883,0.00707474530313,0.0,0.0,0.0,0.0001238004939941,0.9998761995060058,0.0,0.0,0.0,0.0,0.0,0.0,0.9964973518772382,0.0035026481227617,0.0,0.0,0.0,1,0,1,0,-1,0
41,舌根,509146,144.6412353515625,46.53144454956055,126.89462280273438,46.99356842041016,138.9851531982422,49.235084533691406,154.58834838867188,22.530853271484375,38.04767227172851,22.090808868408203,145.8295135498047,47.28147888183594,139.0065460205078,47.86208724975586,137.1399383544922,4.08939266204834,124.09491729736328,3.056209087371826,0.009686808891752,0.0407211291063859,0.1651883742580713,0.1195236729739603,0.1652374760874091,0.3590168635322677,0.1406256751501534,0.0,0.0218817392260766,0.1092672828618903,0.1599423348116257,0.1321939090162743,0.2609644384911204,0.2895515235315607,0.0261987720614519,0.0,0.0148405368990427,0.0636202582363408,0.1776209574463906,0.1114984699869978,0.1835328176986561,0.3221374615532676,0.1262702643249676,0.0004792338543364,0.0152706689240414,0.0006010063910941,0.0002376528539947,0.0005067308787656,0.0027516665160877,0.0540709344667344,0.3691514811075801,0.5574098588617018,0.4447506216291594,0.451444183004482,0.0785943521111822,0.019169354173459,0.0037749486394865,0.0019169354173459,0.0003319283663232,1.767665856159137e-05,0.009686808891752,0.0406170332281899,0.1647602063062461,0.1167798627505666,0.1585635554438216,0.3496482344946243,0.1594650650304628,0.0004792338543364,0.0166789093894482,0.0627305330887407,0.1610795331790881,0.1146095618938379,0.1930330396389248,0.3529380570602538,0.0989303657497063,0.0,0.0,0.0,0.0,0.0034331999072957,0.9965668000927044,0.0,0.0,0.0,0.0,0.0,0.0,0.9078810400160268,0.0921189599839731,0.0,0.0,0.0,-1,0,1,0,0,0
42,舌中,375440,219.30577087402344,10.577974319458008,187.3248291015625,16.208749771118164,199.4064788818359,13.999143600463867,167.76051330566406,13.07723903656006,37.515655517578125,10.831912994384766,219.30577087402344,10.577974319458008,201.58563232421875,13.331478118896484,141.4390106201172,3.737011671066284,126.23934936523438,1.890155553817749,0.0,0.0,0.0,0.0,0.0001118687406776,0.0162822288514809,0.5890634988280418,0.3945424035797997,0.0,0.0,0.0,0.0036437246963562,0.052120178989985,0.4979490730875772,0.4460366503302791,0.0002503728958022,0.0,0.0,0.0,0.0005380353718303,0.0105715959940336,0.2456211378649051,0.7324712337523972,0.0107979970168335,0.0057079693160025,0.0,0.0,0.0,0.0,0.0,0.0005007457916045,0.9937912848923928,0.3302045599829533,0.6505646707862774,0.0192254421478798,5.327082889409759e-06,0.0,0.0,0.0,0.0,0.0,0.0,0.0,0.0,0.0001118687406776,0.0162822288514809,0.5890634988280418,0.3945424035797997,0.0,0.0,0.0,3.196249733645855e-05,0.0073327295972725,0.19986415938632,0.7766354144470488,0.0161357340720221,0.0,0.0,0.0,0.0,1.0,0.0,0.0,0.0,0.0,0.0,0.0,0.7489372469635628,0.2510627530364372,0.0,0.0,0.0,-1,0,-1,0,-1,-1
42,舌右邊,161467,187.01513671875,15.125985145568848,127.60755157470705,23.64369010925293,148.15313720703125,24.759387969970703,167.35667419433594,17.00454330444336,82.17119598388672,21.66899681091309,187.01513671875,15.125985145568848,153.00238037109375,19.89171028137207,154.0819549560547,5.621276378631592,126.6080093383789,3.5670480728149414,0.0002725015018548,0.0002229557742448,0.0004644911963435,0.004638718747484,0.0230077972588826,0.5937683861098553,0.3740330841596115,0.0035920652517232,0.0006750605386859,0.0056977586751472,0.0469755429902085,0.5098317303226046,0.3260604334012523,0.1051360339883691,0.0056234400837322,0.0,0.0005078437080022,0.0020127951841552,0.007623848835985,0.1698922999746078,0.5288882558045916,0.2466757913381681,0.0442753008354648,0.0001238643190249,0.0098843726581902,0.0,0.0,0.0,0.0,0.0,0.0002972743656598,0.98981835297615,0.0036725770590894,0.2413372391881932,0.4534053397907931,0.2934903107136443,0.0069859475930066,0.0008856298810283,0.0001919896944886,3.096607975623502e-05,0.0002725015018548,0.0002229557742448,0.0004644911963435,0.004638718747484,0.0230077972588826,0.5937683861098553,0.3740330841596115,0.0035920652517232,0.0004644911963435,0.0005697758675147,0.006069351632222,0.0644032526770175,0.5989087553493903,0.2970514098856113,0.0325329633919005,0.0,0.0,0.0,0.0,0.0,0.8248558528987348,0.1751441471012652,0.0,0.0,0.0,0.0,0.0,0.6012188248992054,0.3987811751007946,0.0,0.0,0.0,-1,0,0,0,-1,1
42,舌尖,183235,200.64895629882812,19.78225898742676,151.6761474609375,21.939762115478516,170.09046936035156,22.08416175842285,164.59353637695312,24.777406692504883,62.87148666381836,14.018244743347168,200.64895629882812,19.78225898742676,172.7888946533203,19.693058013916016,149.22885131835938,4.490923881530762,125.61466979980467,3.0304477214813232,0.0,0.0,0.0,0.0,0.011493437389145,0.3170900755859961,0.5356618549949519,0.1357546320299069,0.0,0.0,0.0004365978115534,0.1295604005784921,0.5218926515130843,0.3049417414795208,0.0431686086173493,0.0,0.0,0.0,0.0,0.0290282969956613,0.293999508827462,0.487777990012825,0.1887194040439872,0.0004748001200643,0.0223483504788932,0.0,0.0,0.0,0.0,0.0,0.000130979343466,0.9775206701776408,0.0032417387507845,0.5421780773323873,0.435167953720632,0.0191066117281087,0.0003056184680874,0.0,0.0,0.0,0.0,0.0,0.0,0.0,0.011493437389145,0.3170900755859961,0.5356618549949519,0.1357546320299069,0.0,0.0,0.0,0.0013152509073048,0.2815728436161214,0.5135809206756351,0.203405462930117,0.0001255218708216,0.0,0.0,0.0,0.0,0.9801238846290284,0.0198761153709717,0.0,0.0,0.0,0.0,0.0,0.7991431767948263,0.2008568232051736,0.0,0.0,0.0,0,0,0,0,0,1
42,舌左邊,225788,197.0197601318359,19.345726013183594,154.98690795898438,33.45233154296875,171.5218505859375,29.670713424682617,166.805908203125,12.02809715270996,56.47013854980469,26.573041915893555,197.02049255371097,19.346363067626953,174.04884338378906,27.41182518005371,146.50184631347656,7.468550205230713,125.67516326904295,2.821130752563477,0.0,0.0,0.0,0.0,0.0100138182720073,0.4419322550356972,0.4362499335659999,0.1118039931262954,0.0,0.0,0.0187299590766559,0.2500974365333853,0.2482151398657147,0.3187370453699931,0.1638528176873881,0.0003676014668627,0.0,0.0,0.0001505837334136,0.0905849735149786,0.2567895548036211,0.3437428029833295,0.304560029762432,0.004172055202225,0.0047168140025156,0.0,0.0,0.0,0.0,0.0,0.0053191489361702,0.9899640370613142,0.1721039204917887,0.4904556486615763,0.2109279501124949,0.1262866051340195,0.0002258756001204,0.0,0.0,0.0,0.0,0.0,0.0,0.0,0.0100138182720073,0.4419322550356972,0.4362366467659929,0.1118172799263025,0.0,0.0,0.0,0.0290228001488121,0.3218638723049941,0.3252254327067869,0.3161284036352685,0.0077594912041383,0.0,0.0,0.0,0.0,0.945236239304126,0.054763760695874,0.0,0.0,0.0,0.0,0.0,0.762157422006484,0.237842577993516,0.0,0.0,0.0,-1,0,0,0,-1,1
42,舌根,384329,173.62136840820312,38.80213928222656,137.68038940429688,44.4195556640625,147.55201721191406,43.8586540222168,149.76612854003906,55.836082458496094,58.48238754272461,30.969629287719727,173.62197875976562,38.80124282836914,154.69554138183594,42.10545349121094,143.46885681152344,6.676929473876953,128.26100158691406,3.4919047355651855,0.0085239469308847,0.0033278779379125,0.0290428252877092,0.0922438847966195,0.1532254917011206,0.3301520312024333,0.349983998084974,0.0334999440583458,0.0161580312700837,0.0535712891819248,0.1154297489910987,0.1882293555781635,0.2493410593527941,0.283392614140489,0.0938752995480434,2.601937402589969e-06,0.011771164809317,0.0359899981526244,0.0975336235360849,0.1439443809860822,0.2447122127135865,0.3095212695372974,0.1564518940803322,7.545618467510908e-05,0.1240942005417233,0.0,0.0,0.0,0.0,0.0,0.0088934220420525,0.8670123774162242,0.1569176408753958,0.5130760364167158,0.2040907659843519,0.0831214922631391,0.0322406063554923,0.0101579636197112,0.0003876886729859,7.805812207769906e-06,0.0085239469308847,0.0033278779379125,0.0290428252877092,0.0922438847966195,0.1532254917011206,0.3301312157032126,0.3499996097093896,0.033505147933151,0.010412953485165,0.0188094054833228,0.0748577390725133,0.1316268093222213,0.2456775314899474,0.3142047568619594,0.2037160869983789,0.0006947172864915,0.0,0.0,0.0,0.0,0.9730855595076092,0.0269144404923906,0.0,0.0,0.0,0.0,0.0,0.4137496780102464,0.5862503219897536,0.0,0.0,0.0,-1,0,-1,0,0,-1
44,舌中,289047,212.65672302246097,5.215590953826904,166.29946899414062,9.117975234985352,172.6649627685547,8.290005683898926,162.23907470703125,46.39593124389648,55.79217529296875,8.792180061340332,212.65672302246097,5.215590953826904,185.1593017578125,7.003484725952148,146.014404296875,3.2959399223327637,131.4230194091797,1.5524277687072754,0.0,0.0,0.0,0.0,0.0,3.805609468356357e-05,0.9896902579857256,0.0102716859195909,0.0,0.0,0.0,1.729822485616526e-05,0.2290803917701965,0.7692901154483527,0.0016121945565946,0.0,0.0,0.0,0.0,0.0,0.0612668527955661,0.9304853535930144,0.0082477936114195,0.0,0.0768421744560573,0.0,0.0,0.0,0.0,0.0,0.0,0.9231578255439428,0.0003701820119219,0.8075814659899601,0.1920483519981179,0.0,0.0,0.0,0.0,0.0,0.0,0.0,0.0,0.0,0.0,3.805609468356357e-05,0.9896902579857256,0.0102716859195909,0.0,0.0,0.0,0.0,0.0006815500593329,0.8215653509636841,0.177753098976983,0.0,0.0,0.0,0.0,0.0,1.0,0.0,0.0,0.0,0.0,0.0,0.0,0.0018785872193795,0.9981214127806204,0.0,0.0,0.0,0,0,-1,0,-1,-1
44,舌右邊,170509,206.7751007080078,10.848403930664062,156.2193145751953,17.815326690673828,160.4108123779297,19.640575408935547,153.79823303222656,59.38314437866211,63.258338928222656,13.87554168701172,206.7751007080078,10.848403930664062,176.60008239746094,14.972661018371582,147.53546142578125,3.393576145172119,133.39886474609375,2.5976946353912354,0.0,0.0,0.0,0.0,0.0,0.1242925593370437,0.8743116199144914,0.0013958207484648,0.0,0.0,0.0,0.1115894175674011,0.3079075004838454,0.5801922479165322,0.0003108340322211,0.0,0.0,0.0,5.86479306077685e-06,0.1005636066131406,0.2372777976529098,0.6598947856124897,0.002257945328399,0.0,0.1309725586332686,0.0,0.0,0.0,0.0,0.0,0.0,0.8690274413667314,0.0,0.6388929616618477,0.3314605094159252,0.0296465289222269,0.0,0.0,0.0,0.0,0.0,0.0,0.0,0.0,0.0,0.1242925593370437,0.8743116199144914,0.0013958207484648,0.0,0.0,0.0,4.69183444862148e-05,0.1671876557835656,0.7444416423766488,0.0883237834952993,0.0,0.0,0.0,0.0,0.0,0.999343143177193,0.000656856822807,0.0,0.0,0.0,0.0,0.0,0.0,1.0,0.0,0.0,0.0,0,0,-1,0,0,-1
44,舌尖,147936,207.3057861328125,12.940781593322754,148.25340270996094,18.84645652770996,154.13592529296875,19.78297996520996,169.51480102539062,34.712955474853516,73.56688690185547,13.781915664672852,207.3057861328125,12.940781593322754,171.490234375,16.04121208190918,151.1526336669922,3.696543455123902,133.96612548828125,2.293984651565552,0.0,0.0,0.0,0.0,3.379839930780878e-05,0.1406756975989617,0.8273104585766818,0.0319800454250486,0.0,0.0,5.4077438892494055e-05,0.1724799913476097,0.52835009733939,0.2928360912827168,0.0062053861129136,7.435647847717932e-05,0.0,0.0,0.001541207008436,0.1316380056240536,0.4109209387843391,0.4405891736967337,0.0150132489725286,0.0002974259139087,0.0413354423534501,0.0,0.0,0.0,0.0,0.0,0.0,0.95866455764655,0.0016020441271901,0.247762545965823,0.6855532121998702,0.0650821977071166,0.0,0.0,0.0,0.0,0.0,0.0,0.0,0.0,3.379839930780878e-05,0.1406756975989617,0.8273104585766818,0.0319800454250486,0.0,0.0,0.0,0.0007638438243564,0.2219338092147955,0.7064947004109885,0.0703682673588578,0.0004393791910015,0.0,0.0,0.0,0.0,0.9907121998702142,0.0092878001297858,0.0,0.0,0.0,0.0,0.0,0.0008922777417261,0.9991077222582738,0.0,0.0,0.0,0,0,-1,0,0,-1
44,舌左邊,167275,209.32748413085935,11.336990356445312,160.95614624023438,16.799007415771484,163.59271240234375,16.531639099121094,139.57933044433594,72.50984191894531,59.92530822753906,11.834165573120115,209.32748413085935,11.336990356445312,180.38058471679688,14.244380950927734,146.35325622558594,3.5496206283569336,133.7221221923828,1.7129608392715454,0.0,0.0,0.0,0.0,0.0006277088626513,0.0834613660140487,0.9105305634434316,0.0053803616798684,0.0,0.0,0.0006097743237184,0.0616290539530712,0.2806456434015842,0.6556030488716186,0.0015124794500074,0.0,0.0,0.0,0.0004364071140337,0.057797040801076,0.202445075474518,0.7369899865490958,0.0023314900612763,0.0,0.2160872814228067,0.0,0.0,0.0,0.0,0.0,0.0,0.7839127185771932,0.0001853235689732,0.6854401434763114,0.3057898669855029,0.0085846659692123,0.0,0.0,0.0,0.0,0.0,0.0,0.0,0.0,0.0006277088626513,0.0834613660140487,0.9105305634434316,0.0053803616798684,0.0,0.0,0.0,0.0027499626363772,0.0896846510237632,0.7349036018532357,0.1726617844866238,0.0,0.0,0.0,0.0,0.0,0.999796741892094,0.0002032581079061,0.0,0.0,0.0,0.0,0.0,2.391271857719325e-05,0.9999760872814228,0.0,0.0,0.0,0,0,-1,0,0,-1
44,舌根,273120,171.08905029296875,38.107391357421875,130.39053344726562,38.229766845703125,127.9485321044922,38.45491790771485,45.60978317260742,75.43473815917969,69.70819854736328,23.05978202819824,171.08905029296875,38.107391357421875,147.97360229492188,38.21823501586914,143.4499969482422,3.506317615509033,135.59542846679688,2.1214969158172607,0.0014242823667252,0.004309461042765,0.0555726420620972,0.1028485647334505,0.1372070884592853,0.2696250732278852,0.4290128881077914,0.0,0.006466022261277,0.076764792032806,0.1241212653778559,0.1546133567662566,0.3759666080843585,0.2620679554774458,0.0,0.0,0.0065685413005272,0.0839301405975395,0.1329708553016989,0.1629357059168131,0.3811108670181605,0.2324545987111892,2.9291154071470417e-05,0.0,0.7560596074985354,0.0,0.0,0.0,0.0,0.0,0.0,0.2439403925014645,0.0001244874048037,0.5232754833040422,0.3386936145284124,0.1174611892208553,0.0160039543057996,0.0020064440538957,0.0022371118922085,0.0001977152899824,0.0014242823667252,0.004309461042765,0.0555726420620972,0.1028485647334505,0.1372070884592853,0.2696250732278852,0.4290128881077914,0.0,0.0039067076742823,0.0336335676625659,0.0927614235500878,0.1300124487404803,0.2065319273579379,0.5155316344463972,0.0176222905682483,0.0,0.0,0.0,0.0,0.0,0.9999853544229642,1.4645577035735208e-05,0.0,0.0,0.0,0.0,0.0,0.0001135032220269,0.999886496777973,0.0,0.0,0.0,-1,0,0,0,0,-1
45,舌中,463430,209.67884826660156,8.301403999328613,192.2308654785156,13.512415885925291,196.1701812744141,11.749279975891112,127.50917053222656,73.1112060546875,22.074705123901367,9.771767616271973,209.6833038330078,8.313780784606934,202.36380004882812,10.955018997192385,134.8433074951172,3.6799635887146,128.21661376953125,1.989559769630432,0.0,0.0,0.0,0.0,0.0,0.0209136223377856,0.9407418596120234,0.0383445180501909,0.0,0.0,0.0,4.315646375935956e-06,0.0177524113674125,0.4131886153248603,0.5613835962281251,0.0076710614332261,0.0,0.0,0.0,0.0,0.003767559286192,0.3142653690956563,0.6693912780786743,0.0125757935394773,0.2603413676283365,4.531428694732754e-05,0.0,0.0,0.0,0.0004553006926612,0.0096282070647131,0.7295298103273418,0.8422027059102777,0.1566169648059038,0.0011803292838184,0.0,0.0,0.0,0.0,0.0,0.0,0.0,0.0,0.0,0.0,0.0209136223377856,0.9406792827395724,0.038407094922642,0.0,0.0,0.0,0.0,0.0005308245042401,0.1570010573333621,0.8242755108646398,0.018192607297758,0.0,0.0,0.0,3.668299419545562e-05,0.9999633170058044,0.0,0.0,0.0,0.0,0.0,0.0,0.355320113069935,0.644679886930065,0.0,0.0,0.0,1,0,0,0,0,0
45,舌右邊,326966,204.42787170410156,13.262638092041016,177.14735412597656,25.804567337036133,185.24530029296875,24.656028747558594,162.87936401367188,32.89418029785156,35.087955474853516,21.280715942382812,204.42835998535156,13.263372421264648,190.7795257568359,20.930912017822266,139.37159729003906,6.215331077575684,127.68089294433594,2.2909913063049316,0.0,0.0,0.0,0.0006025091293896,0.0091232727561887,0.1507006844748383,0.8163723445251189,0.0232011891144645,0.0,3.058421976596955e-06,0.002746462934984,0.0301835664870353,0.2300453258136931,0.3514922040823816,0.3848687631129842,0.0006606191469449,0.0,0.0,0.0018992800474667,0.0094719328615207,0.183719408134179,0.2827205275166225,0.5179621122685539,0.0042267391716569,0.0390896912828856,0.0,0.0,0.0,0.0,6.11684395319391e-06,0.0165185370956001,0.944385654777561,0.5588623893615849,0.2817265403742285,0.1585761210645755,0.0008349491996109,0.0,0.0,0.0,0.0,0.0,0.0,0.0,0.0006025091293896,0.0091232727561887,0.1507006844748383,0.8163448187273294,0.0232287149122538,0.0,0.0,0.0001926805845256,0.0066673599089813,0.0975514273655364,0.308555017952937,0.5828159502822924,0.0042175639057272,0.0,0.0,0.0,0.0,1.0,0.0,0.0,0.0,0.0,0.0,0.0,0.524320571557899,0.475679428442101,0.0,0.0,0.0,0,0,1,0,0,0
45,舌尖,384101,198.22903442382812,17.409534454345703,160.67535400390625,20.19447135925293,176.44900512695312,20.123062133789062,166.16531372070312,8.949057579040527,48.90631866455078,13.454910278320312,198.35159301757812,17.148967742919922,178.2308349609375,18.023948669433594,144.48890686035156,3.866065740585327,125.23649597167967,2.496373176574707,0.0,0.0,0.0,1.0413927586754526e-05,0.0377452805381917,0.2573698063790513,0.6990557171160711,0.005818782039099,0.0,0.0,0.0001614158775946,0.0686746454708527,0.3601162194318681,0.5324146513547218,0.0386330678649626,0.0,0.0,0.0,0.0001718298051814,0.0109840901221293,0.2022749224813265,0.5245052733525818,0.2620560737930908,7.810445690065894e-06,0.0019109557121694,0.0,0.0,0.0,0.0,0.0032569558527574,0.0478988599352774,0.9469332284997956,0.0906350152694213,0.7660823585463199,0.1424078562669714,0.0008747699172873,0.0,0.0,0.0,0.0,0.0,0.0,0.0,7.810445690065894e-06,0.0330069434862184,0.2619232962163597,0.6992431678126326,0.005818782039099,0.0,0.0,0.0,0.0028299848217005,0.1740792135401886,0.5633309988778993,0.2597519923145214,7.810445690065894e-06,0.0,0.0,0.0,0.0,0.9999947930362066,5.206963793377263e-06,0.0,0.0,0.0,0.0,0.0,0.8314297541532045,0.1685702458467955,0.0,0.0,0.0,0,0,-1,0,0,0
45,舌左邊,316599,205.6851348876953,10.84898281097412,175.7040557861328,22.72627067565918,185.48155212402344,21.064905166625977,166.68942260742188,20.948087692260746,37.87977981567383,19.395139694213867,205.68540954589844,10.849397659301758,190.20989990234375,18.038503646850582,140.5843505859375,5.923553466796875,127.18277740478516,2.0756728649139404,0.0,0.0,0.0,0.0,9.475709019927417e-06,0.1121702848082274,0.8645889595355639,0.0232312799471887,0.0,0.0,0.0,0.0118667462626224,0.2662800577386536,0.4093790567879241,0.3123162107271343,0.0001579284836654,0.0,0.0,0.0,0.0003663940821038,0.160739610674702,0.3600137713637756,0.4771588034074649,0.0017214204719534,0.0149621445424653,0.0,0.0,0.0,0.0,0.0,0.0082596596957033,0.9767781957618312,0.4857090515131128,0.3684724209488975,0.1456037448002047,0.000214782737785,0.0,0.0,0.0,0.0,0.0,0.0,0.0,0.0,9.475709019927417e-06,0.1121702848082274,0.8645636909781774,0.0232565485045751,0.0,0.0,0.0,0.0,0.0505876518877191,0.4141548141339676,0.533466624973547,0.0017909090047662,0.0,0.0,0.0,0.0,0.9999147186188206,8.528138117934674e-05,0.0,0.0,0.0,0.0,0.0,0.5962589900789327,0.4037410099210673,0.0,0.0,0.0,0,0,1,0,0,0
45,舌根,416154,170.59397888183594,36.29380798339844,152.8160400390625,37.17193603515625,155.6180877685547,36.17719650268555,104.9883041381836,80.897216796875,29.753849029541016,14.919828414916992,170.59767150878906,36.29088592529297,164.45440673828125,36.38614654541016,135.1306915283203,4.248800277709961,128.9500274658203,2.431577205657959,0.0,0.0034314220216554,0.0611384247177727,0.0876934980800376,0.1255016171897903,0.36062851732772,0.3613758368296352,0.0002306838333886,8.170052432512964e-05,0.0272879751245933,0.0788722444095214,0.109558000163401,0.2485041595178707,0.4363504856375284,0.099343031666162,2.4029565977979306e-06,4.805913195595861e-06,0.0205693084771502,0.0772646664455946,0.0973341599504029,0.2279132244313403,0.4703955747151295,0.106513454153991,4.805913195595861e-06,0.3945102053566708,1.4417739586787584e-05,0.0,0.0,0.0,0.0002451015729753,0.0164145965195576,0.5888156788112093,0.6756489184292354,0.289111723064058,0.035068748588263,0.0001465803524656,2.4029565977979303e-05,0.0,0.0,0.0,0.0,0.0034314220216554,0.0611216040215881,0.0876766773838531,0.1254727817106167,0.3606837853294694,0.3613830456994286,0.0002306838333886,0.0,0.0110920476554352,0.0659251142605862,0.0859153101976672,0.1606664840419652,0.4323135185532279,0.2439817952008151,0.0001057300903031,0.0,0.0,0.0,2.1626609380181375e-05,0.9999783733906198,0.0,0.0,0.0,0.0,0.0,0.0,0.2989878746810075,0.7010121253189925,0.0,0.0,0.0,1,0,0,0,0,0
46,舌中,300510,201.80746459960935,8.168631553649902,165.50201416015625,11.593423843383787,180.74435424804688,11.560162544250488,167.05191040039062,3.885386228561402,46.059295654296875,8.518294334411621,201.80751037597656,8.16866397857666,182.51080322265625,9.841970443725586,143.8201141357422,2.4102694988250732,125.3008270263672,2.066202402114868,0.0,0.0,0.0,0.0,0.0,0.1123789557751821,0.8861069515157566,0.0015140927090612,0.0,0.0,0.0,0.0030182023892715,0.2718678246980134,0.7206349206349206,0.0044790522777944,0.0,0.0,0.0,0.0,0.000133107051346,0.0460716781471498,0.7852217896243053,0.168523510032944,4.99151442547669e-05,6.988120195667365e-05,0.0,0.0,0.0,0.0,0.0,0.0117333865761538,0.9881967322218894,0.0262021230574689,0.9396692289774052,0.0341286479651259,0.0,0.0,0.0,0.0,0.0,0.0,0.0,0.0,0.0,0.0,0.1123789557751821,0.8861069515157566,0.0015140927090612,0.0,0.0,0.0,0.0,0.020049249608998,0.8082825862700077,0.1716548534158597,1.3310705134604506e-05,0.0,0.0,0.0,0.0,1.0,0.0,0.0,0.0,0.0,0.0,0.0,0.8443945293001897,0.1556054706998103,0.0,0.0,0.0,0,0,1,0,-1,0
46,舌右邊,153464,190.04046630859375,15.423808097839355,153.14149475097656,20.058420181274418,163.87831115722656,22.63899803161621,164.24951171875,31.002769470214844,50.79933547973633,15.756659507751465,190.0415802001953,15.425500869750977,170.55059814453125,18.157878875732425,143.56956481933594,3.097817659378052,127.82506561279295,3.442193031311035,0.0,0.0002736798206745,0.0020330500964395,0.0070179325444403,0.0209365062816035,0.4658551842777459,0.4965399051243288,0.0073437418547672,0.0012250430068289,0.0038054527446176,0.0098720221029036,0.0568537246520356,0.5409086170046395,0.3750912266068915,0.011963717875202,0.000280196006881,0.0014140124068185,0.0072590314340822,0.0063988948548193,0.0335388104050461,0.3085674816243549,0.5851991346504718,0.0556221654590001,0.0020004691654068,0.0352134702601261,0.0,0.0,0.0,0.0,0.0,0.0040856487514987,0.9607008809883752,0.0494774018662357,0.8094601991346505,0.1245503831517489,0.0098068602408382,0.0055517906479695,0.001153364958557,0.0,0.0,0.0,0.0002736798206745,0.0020330500964395,0.0070179325444403,0.0209365062816035,0.4658486680915394,0.4965333889381223,0.0073567742271803,1.9548558619611113e-05,0.0021307928895376,0.0063988948548193,0.0164207892404733,0.1701962675285409,0.7333511442422979,0.0699186779961424,0.0015638846895688,0.0,0.0,0.0,0.0,0.999465672731064,0.000534327268936,0.0,0.0,0.0,0.0,0.0,0.5323202835844237,0.4676797164155763,0.0,0.0,0.0,0,0,1,0,0,0
46,舌尖,168378,192.6497344970703,14.844452857971191,147.18922424316406,19.022022247314453,158.70420837402344,19.845033645629883,168.97230529785156,21.666526794433594,60.91004943847656,14.062662124633787,192.6517639160156,14.840322494506836,167.17628479003906,16.71050262451172,146.9607391357422,3.6596999168396,128.79022216796875,2.9790167808532715,0.0,0.0,0.0,0.0,0.0225623299956051,0.3777096770361924,0.5995557614415185,0.000172231526684,0.0,0.0,0.004923446055898,0.1527693641687156,0.5463065246053522,0.2955908729168894,0.0004097922531447,0.0,0.0,0.0,0.0022805829740227,0.0571036596229911,0.4474278112342467,0.4611706992599983,0.032017246908741,0.0,0.0167361531791564,0.0,0.0,0.0,0.0,0.0,0.0053866894724964,0.9778771573483472,0.0012353157775956,0.6064628395633633,0.3749183385002791,0.0171518844504626,0.0002316217082991,0.0,0.0,0.0,0.0,0.0,0.0,0.0,0.0224435496323747,0.3778284573994227,0.5995557614415185,0.000172231526684,0.0,0.0,5.939018161517538e-06,0.0105714523275012,0.3204278468683557,0.6106260912945872,0.0583686704913943,0.0,0.0,0.0,0.0,0.0,0.9974284051360628,0.002571594863937,0.0,0.0,0.0,0.0,0.0,0.3148035966693986,0.6851964033306014,0.0,0.0,0.0,0,0,-1,0,0,-1
46,舌左邊,120746,197.526611328125,9.265976905822754,157.32745361328125,15.234440803527832,167.7669677734375,16.249000549316406,171.16419982910156,10.884684562683104,52.29996109008789,11.530908584594728,197.52813720703125,9.27221965789795,175.41204833984375,12.80182933807373,144.6154022216797,3.0402727127075195,128.4531707763672,2.3449337482452393,0.0,0.0,0.0,0.0,0.0004389379358322,0.2448445497159326,0.7456478889569841,0.009068623391251,0.0,0.0,0.0002484554353767,0.0150481175359846,0.5564656386132874,0.4115001739188048,0.0160667848210292,0.0006708296755172,0.0,0.0,0.0002153280439931,0.0053417918605999,0.307182018451957,0.6162440163649313,0.068466036141984,0.0025508091365345,0.0036771404435757,0.0,0.0,0.0,0.0,0.0,0.0020290527222433,0.9942938068341808,0.032249515511901,0.8053351663823233,0.1616947973431832,0.0007205207625925,0.0,0.0,0.0,0.0,0.0,0.0,0.0,0.0,0.0004389379358322,0.2448445497159326,0.7456396071091382,0.0090769052390969,0.0,0.0,0.0,0.0005962930449041,0.0961191260994153,0.8022543189836516,0.0990260546933231,0.0020042071787057,0.0,0.0,0.0,0.0,1.0,0.0,0.0,0.0,0.0,0.0,0.0,0.3344707071041691,0.665529292895831,0.0,0.0,0.0,0,0,1,0,0,0
46,舌根,293322,163.8817901611328,24.939165115356445,126.0909194946289,25.981409072875977,136.3349151611328,27.70372009277344,169.0930633544922,19.774913787841797,60.353851318359375,15.363889694213867,163.88189697265625,24.93907165527344,144.35275268554688,25.32353973388672,144.34092712402344,3.152914047241211,128.25881958007812,2.6662580966949463,0.0,0.0,0.0013466429384771,0.1028698836091394,0.2825870544998329,0.4965191836957337,0.1165920046910903,8.523056572640307e-05,0.0,0.0048308684653725,0.1359904814504196,0.3387471788682744,0.4257334942486414,0.0942922794744342,0.0004056974928576,0.0,0.0,0.0006238877411172,0.0880465836180034,0.2795664832504892,0.4166615528327231,0.2056579458751815,0.0094435466824854,0.0,0.0135448415052399,0.0,0.0,0.0,0.0,2.727378103244898e-05,0.0018171156612869,0.9846107690524408,0.0172233927219915,0.5889636645052195,0.3752838177838689,0.0181745658354981,0.0003545591534218,0.0,0.0,0.0,0.0,0.0,0.0013466429384771,0.1028698836091394,0.2825870544998329,0.4965191836957337,0.1165920046910903,8.523056572640307e-05,0.0,3.4092226290561225e-05,0.0389196855333046,0.2180981992486073,0.4353713666209831,0.2976660461881482,0.0099106101826661,0.0,0.0,0.0,0.0,1.0227667887168369e-05,0.9999897723321128,0.0,0.0,0.0,0.0,0.0,0.0,0.4059327292190834,0.5940672707809166,0.0,0.0,0.0,-1,0,1,0,0,0
47,舌中,424568,212.79412841796875,9.068892478942873,170.12893676757812,15.021327018737791,178.92449951171875,13.558374404907228,173.06190490722656,12.074382781982422,51.4586296081543,11.139575004577637,212.79412841796875,9.068892478942873,187.9566192626953,12.241719245910645,144.99085998535156,3.556164264678955,129.56483459472656,1.3153202533721924,0.0,0.0,0.0,0.0,0.0,0.0124691451074975,0.8846403874055511,0.1028904674869514,0.0,0.0,0.0,0.0033987488458857,0.2338871511748412,0.7044784345499425,0.057924761169,0.0003109042603305,0.0,0.0,0.0,0.0002261121893312,0.0894627009101015,0.7336751709973431,0.1754253735561794,0.0012106423470445,0.0047883966761508,0.0,0.0,0.0,0.0,0.0,0.0,0.9952116033238492,0.0087076746245595,0.8476945978029432,0.1428345989335041,0.000763128638993,0.0,0.0,0.0,0.0,0.0,0.0,0.0,0.0,0.0,0.0124691451074975,0.8846403874055511,0.1028904674869514,0.0,0.0,0.0,1.4132011833204577e-05,0.0141861845452318,0.56842013529046,0.415796762827156,0.0015827853253189,0.0,0.0,0.0,0.0,0.9996231463511146,0.0003768536488854,0.0,0.0,0.0,0.0,0.0,0.0404081325017429,0.9595918674982572,0.0,0.0,0.0,1,0,-1,0,0,0
47,舌右邊,197311,198.3531036376953,16.92561149597168,140.68003845214844,25.61834144592285,152.6085662841797,24.52638053894043,172.3826446533203,14.718798637390137,75.7698745727539,19.16493034362793,198.3531036376953,16.92561149597168,164.29539489746094,21.67640686035156,151.7502899169922,5.060240268707275,130.69383239746094,2.3828935623168945,0.0,0.0,0.0,0.0,0.0135623457384535,0.31509647206694,0.6130676951614457,0.0582734870331608,0.0,0.0001368398112624,0.0322587184698268,0.2900649228882322,0.4289167861903289,0.234943819655265,0.0136738448439265,5.0681411578675285e-06,0.0,0.0,0.0060564286836516,0.1597427411548266,0.4382725747677524,0.3378929709950281,0.0579237852932679,0.000111499105473,0.0079012320651154,0.0,0.0,0.0,0.0,0.0,0.0,0.9920987679348844,0.0002736796225248,0.2835827703473197,0.5561626062409091,0.1564281768375812,0.0035527669516651,0.0,0.0,0.0,0.0,0.0,0.0,0.0,0.0135623457384535,0.31509647206694,0.6130676951614457,0.0582734870331608,0.0,0.0,7.09539762101454e-05,0.0462417199243833,0.3738007510985196,0.455504254704502,0.1242353442028067,0.0001469760935781,0.0,0.0,0.0,0.0,0.9546350684959276,0.0453649315040722,0.0,0.0,0.0,0.0,0.0,0.0251481164253386,0.9739902995778238,0.0008615839968374,0.0,0.0,1,0,-1,0,0,0
47,舌尖,211724,205.05734252929688,15.498845100402832,137.6926727294922,23.527971267700195,150.79229736328125,21.93113899230957,171.5384979248047,20.553861618041992,84.8732681274414,19.45675468444824,205.05734252929688,15.498845100402832,164.4145965576172,19.336030960083008,155.57525634765625,5.808889389038086,131.82835388183594,2.427276849746704,0.0,0.0,0.0,0.0,0.0013555383423702,0.2086442727324252,0.7168152878275491,0.0731849010976554,0.0,4.723130112788347e-06,0.018722487767093,0.3346243222308288,0.4566511118248285,0.1825725945098335,0.0073302979350475,9.446260225576694e-05,0.0,0.0,0.0029566794506055,0.1622725812850692,0.4742825565358674,0.3344731820672196,0.0254435019175908,0.0005714987436473,0.0145991951786287,0.0,0.0,0.0,0.0,0.0,0.0,0.9854008048213712,0.0002125408550754,0.1621545030322495,0.5122281838620091,0.3220182879597967,0.0033864842908692,0.0,0.0,0.0,0.0,0.0,0.0,0.0,0.0013555383423702,0.2086442727324252,0.7168152878275491,0.0731849010976554,0.0,0.0,0.0,0.016290075759007,0.3703453552738471,0.5374638680546372,0.075357540949538,0.0005431599629706,0.0,0.0,0.0,0.0,0.7209716423268028,0.2790283576731971,0.0,0.0,0.0,0.0,0.0,0.0217358447790519,0.978264155220948,0.0,0.0,0.0,1,0,-1,0,0,0
47,舌左邊,230824,202.4725341796875,13.379813194274902,149.6493377685547,23.408029556274418,159.796630859375,20.6916446685791,172.6999969482422,16.847797393798828,67.57904052734375,18.684282302856445,202.4725341796875,13.379813194274902,171.4107666015625,19.08664321899414,149.43006896972656,5.457320213317871,130.7113494873047,1.588212490081787,0.0001949537309811,0.0001472983745191,9.531071292413269e-05,0.0001386337642532,0.0002729352233736,0.2150902852389699,0.7354781131944685,0.0485824697605101,0.0003249228849686,0.0001256368488545,0.0006975011263993,0.1932034797074827,0.4484325720029113,0.3313346965653485,0.0258725262537691,8.664610265830243e-06,0.0002859321387723,9.531071292413269e-05,0.0001386337642532,0.0519616677641839,0.4516731362423318,0.4330182303399993,0.0627317783246109,9.531071292413269e-05,0.0094357605794891,0.0,0.0,0.0,0.0,0.0,0.0,0.9905642394205108,0.0010960731986275,0.4427485876685266,0.4858550237410321,0.0699797248119779,3.465844106332097e-05,3.032613593040585e-05,7.364918725955706e-05,0.0001819568155824,0.0001949537309811,0.0001472983745191,9.531071292413269e-05,0.0001386337642532,0.0002729352233736,0.2150902852389699,0.7354781131944685,0.0485824697605101,0.000303261359304,8.23137975253873e-05,0.0001126399334557,0.0009227809933109,0.2998518351644543,0.5215228919003223,0.1770699753925068,0.0001343014591203,0.0,0.0,0.0,0.0,0.979690153536894,0.020309846463106,0.0,0.0,0.0,0.0,0.0,0.0132828475375177,0.9867171524624824,0.0,0.0,0.0,1,0,0,0,0,0
47,舌根,368781,197.152587890625,18.81528663635254,151.11080932617188,26.356752395629883,154.01364135742188,24.71858787536621,130.7481231689453,76.07139587402344,62.89241409301758,17.824886322021484,197.1526336669922,18.814937591552734,170.4191436767578,22.7457332611084,145.7926025390625,5.644690036773682,133.35440063476562,2.9009361267089844,0.000306414918339,0.0004013221939308,0.0002630287352114,0.0017462938708881,0.027967818298665,0.3126001610712048,0.6106279878844083,0.0460869730273522,0.0006453694740238,0.000374205829476,0.0162616837635344,0.1721834910149926,0.4179445253415984,0.3466881428273148,0.0424316870988472,0.0034708946502124,0.0005206341975318,0.0003145498276755,0.0099056079353328,0.1320648298041385,0.4267031110604939,0.3793823434504489,0.0508486066256124,0.0002603170987659,0.26488349454012,0.000618253109569,0.0,0.0,0.0,0.0,0.0002820101903297,0.7342162421599812,0.0130755109400972,0.5267055515332948,0.4231101927702349,0.0359427410848172,0.0007348534767246,0.0001681214596196,9.761891203722536e-05,0.0001654098231741,0.000306414918339,0.0004013221939308,0.0002630287352114,0.0017462938708881,0.027967818298665,0.3126001610712048,0.6106279878844083,0.0460869730273522,0.0005802901993323,0.0002223541885292,0.0009653425745903,0.0289277376003644,0.2877913992315222,0.4912725981002275,0.1846678652099755,0.0055724128954582,0.0,0.0,0.0,0.0025028404391766,0.9923504735873052,0.0051466859735181,0.0,0.0,0.0,0.0,0.0,0.0025570731680862,0.9974429268319138,0.0,0.0,0.0,1,0,-1,0,0,0
48,舌中,344004,193.61361694335935,6.818598747253418,156.03482055664062,13.15818691253662,166.62313842773438,12.553293228149414,171.31417846679688,2.4212865829467773,49.74381637573242,12.881508827209473,193.61361694335935,6.818598747253418,173.58201599121094,10.597519874572754,143.69818115234375,3.6553919315338135,127.96365356445312,1.4899600744247437,0.0,0.0,0.0,0.0,0.0001424402041836,0.2909065010871967,0.7089510587086196,0.0,0.0,0.0,0.0021540447204102,0.0384181579283961,0.5262206253415658,0.4332042650666852,2.906942942523924e-06,0.0,0.0,0.0,1.453471471261962e-05,0.0204009255706329,0.1764485296682596,0.7990604760409763,0.0040755340054185,0.0,1.1627771770095696e-05,0.0,0.0,0.0,0.0,0.0,6.395274473552633e-05,0.9999244194834944,0.041441378588621,0.854554016813758,0.0934058906291787,0.0105958070254997,2.906942942523924e-06,0.0,0.0,0.0,0.0,0.0,0.0,0.0,0.0001424402041836,0.2909065010871967,0.7089510587086196,0.0,0.0,0.0,0.0,0.0048255252845897,0.0696619806746433,0.9163323682282764,0.0091801258124905,0.0,0.0,0.0,0.0,0.0,0.9990261741142544,0.0009738258857455,0.0,0.0,0.0,0.0,0.0,0.3712863803909257,0.6287136196090743,0.0,0.0,0.0,1,0,0,0,-1,-1
48,舌右邊,110802,179.30409240722656,14.704532623291016,127.96295166015624,22.359066009521484,137.19554138183594,23.266225814819336,170.36949157714844,25.30879592895508,74.5101318359375,22.85279655456543,179.30409240722656,14.704532623291016,150.18406677246094,19.54155158996582,149.33834838867188,5.279932022094727,131.20623779296875,2.863457202911377,0.0014530423638562,0.0032490388260139,0.0022923773939098,0.0040973989639176,0.0187090485731304,0.8731069836284544,0.0970921102507175,0.0,0.0061190231223263,0.0061190231223263,0.0308568437392826,0.4692243822313676,0.4186476778397502,0.0690330499449468,0.0,0.0,0.006064872475226,0.0052074872294723,0.0175448096604754,0.3001299615530405,0.5077796429667335,0.1616848071334452,0.0015884189816068,0.0,0.0215068320066424,0.0,0.0,0.0,0.0,0.0,0.0001805021570007,0.9783126658363568,0.0097019909387917,0.3194075919207234,0.5226620458114475,0.1318478005812169,0.0102976480568942,0.0027255825707117,0.0031046371004133,0.000252703019801,0.0014530423638562,0.0032490388260139,0.0022923773939098,0.0040973989639176,0.0187090485731304,0.8731069836284544,0.0970921102507175,0.0,0.0046208552192198,0.0024909297666107,0.0068951823974296,0.0426165592678832,0.6328586126604213,0.3079005794119239,0.0026172812765112,0.0,0.0,0.0,0.0,0.0,0.983023772134077,0.0169762278659229,0.0,0.0,0.0,0.0,0.0,0.0718127831627588,0.9281872168372411,0.0,0.0,0.0,1,0,0,0,-1,-1
48,舌尖,160861,189.56082153320312,12.787540435791016,129.62413024902344,19.47989845275879,142.88888549804688,18.8303279876709,172.9497833251953,6.908385276794434,81.33120727539062,17.89586067199707,189.56082153320312,12.787540435791016,154.572265625,16.245393753051758,153.0607452392578,4.9614691734313965,130.50836181640625,2.068715333938598,0.0,0.0,0.0,0.0,0.015099993161798,0.4075692678772356,0.577324522413761,6.216547205351204e-06,0.0,0.0,0.0316795245584697,0.4128284668129627,0.5192992707990128,0.0361927378295547,0.0,0.0,0.0,0.0,0.0,0.2526093956894462,0.5159174691193018,0.231473135191252,0.0,0.0,0.0015603533485431,0.0,0.0,0.0,0.0,0.0,0.0,0.9984396466514568,0.0,0.2107409502614058,0.5426299724606959,0.2466290772778983,0.0,0.0,0.0,0.0,0.0,0.0,0.0,0.0,0.015099993161798,0.4075692678772356,0.577324522413761,6.216547205351204e-06,0.0,0.0,0.0,0.0649815679375361,0.4844182244297872,0.4505753414438552,2.4866188821404817e-05,0.0,0.0,0.0,0.0,0.0,0.890414705864069,0.109585294135931,0.0,0.0,0.0,0.0,0.0,0.036180304735144,0.963819695264856,0.0,0.0,0.0,-1,0,0,0,-1,1
48,舌左邊,203144,181.69056701660156,16.97007179260254,137.68408203125,23.45979881286621,149.1875,23.5141544342041,171.57225036621094,6.560903072357178,63.220062255859375,20.87702178955078,181.69056701660156,16.97007179260254,157.6150665283203,21.065515518188477,146.67770385742188,4.867289066314697,128.67015075683594,2.167264699935913,0.000374118851652,0.0052179734572519,0.0016146182018666,0.0049275390855747,0.0338872917733233,0.6743984562674753,0.2795800023628559,0.0,0.0063994014098373,0.0053361162525105,0.0194738707517819,0.2687551687472925,0.5332424290158705,0.166793013822707,0.0,0.0,0.0056560863230024,0.0021708738628755,0.0145758673650218,0.1413923128421218,0.4530283936517938,0.381104044421691,0.0020724215334934,0.0,0.0012651124325601,0.0,0.0,0.0,0.0,0.0,1.9690465876422637e-05,0.9987151971015634,0.0228557082660575,0.5245983144961209,0.3872622376245422,0.0555221911550427,0.0071870200448942,0.0019395108888276,0.0006104044421691,2.4613082345528298e-05,0.000374118851652,0.0052179734572519,0.0016146182018666,0.0049275390855747,0.0338872917733233,0.6743984562674753,0.2795800023628559,0.0,0.0052868900878194,0.0017770645453471,0.0074725318001023,0.0310518646871184,0.4390186271807191,0.5113761666601032,0.0040168550387902,0.0,0.0,0.0,0.0,0.0,0.9975140786831016,0.0024859213168983,0.0,0.0,0.0,0.0,0.0,0.2902719253337534,0.7097280746662467,0.0,0.0,0.0,1,0,0,0,-1,-1
48,舌根,395024,145.57620239257812,30.939699172973633,110.0755615234375,34.54603576660156,117.46636199951172,35.07745361328125,172.6884002685547,11.697564125061035,66.75758361816406,26.63770294189453,145.57620239257812,30.939699172973633,127.33245849609376,33.926753997802734,143.44790649414062,4.307430267333984,129.56893920898438,2.2366411685943604,0.0037769857021345,0.0052882862813398,0.0541055733322532,0.2107036534489043,0.343391793916319,0.3598616792903722,0.0228720280286767,0.0,0.0102348211754222,0.0961232735226214,0.2401803434728016,0.2986932439547977,0.2947238648790959,0.060044452995261,0.0,0.0,0.0075008100773623,0.0653403337518733,0.2043647980882174,0.2980958119000365,0.3045131435052047,0.1197471546032646,0.000437948074041,0.0,0.0043491028393211,0.0,0.0,0.0,0.0,0.0,0.0001746729312649,0.995476224229414,0.0369243387743529,0.4900385799343837,0.319785633277978,0.1258834906233545,0.024727611486897,0.0023568188261979,0.0002784640933209,5.0629835149256755e-06,0.0037769857021345,0.0052882862813398,0.0541055733322532,0.2107036534489043,0.343391793916319,0.3598616792903722,0.0228720280286767,0.0,0.0060376078415488,0.0293653043865689,0.1515705374863299,0.2833473409210579,0.3297090809672324,0.1990233504799708,0.0009467779172911,0.0,0.0,0.0,0.0,0.0,0.9996835635303172,0.0003164364696828,0.0,0.0,0.0,0.0,0.0,0.1530008303292964,0.8469991696707035,0.0,0.0,0.0,1,0,0,0,0,-1
49,舌中,350720,199.46170043945312,10.777867317199709,187.53565979003903,15.753728866577148,194.2048797607422,12.580595016479492,140.36514282226562,53.22892379760742,16.10013198852539,9.042574882507324,199.67347717285156,10.728581428527832,196.98912048339844,13.247211456298828,133.4297637939453,3.2825355529785156,126.17609405517578,2.5676255226135254,0.0,0.0,0.0,0.0,6.55793795620438e-05,0.2417170392335766,0.7571053832116789,0.0011119981751824,0.0,0.0,0.0,0.0001796304744525,0.0471629790145985,0.5054716012773722,0.4471772354014598,8.553832116788322e-06,0.0,0.0,0.0,0.0,0.0057880930656934,0.3767791970802919,0.6173443202554745,8.838959854014599e-05,0.1304373859489051,0.0013058850364963,2.281021897810219e-05,4.562043795620438e-05,7.983576642335766e-05,0.0070455063868613,0.3053204835766423,0.5557424726277372,0.9317803375912408,0.0681084625912408,0.0001111998175182,0.0,0.0,0.0,0.0,0.0,0.0,0.0,0.0,0.0,5.702554744525547e-05,0.2348568658759124,0.7639170848540145,0.0011690237226277,0.0,0.0,0.0,0.0,0.0032960766423357,0.335221829379562,0.6599024863138686,0.0015796076642335,0.0,0.0,0.0,0.0003022354014598,0.99969776459854,0.0,0.0,0.0,0.0,0.0,0.0,0.6709796989051094,0.3290203010948905,0.0,0.0,0.0,0,0,-1,0,1,0
49,舌右邊,181869,195.64256286621097,11.559525489807127,164.4695281982422,17.743852615356445,174.52590942382812,17.912397384643555,166.8328094482422,20.81074333190918,41.024906158447266,14.864070892333984,195.64500427246097,11.55952262878418,179.94149780273438,14.858867645263672,141.1580352783203,4.3298115730285645,127.22770690917967,2.34676742553711,0.0,0.0,0.0,0.0,0.0023643391672027,0.3419164343565973,0.6539762136482853,0.0017430128279145,0.0,0.0,0.0,0.0092429166048089,0.3899125194508135,0.5410982630354816,0.0597463009088959,0.0,0.0,0.0,0.0,0.0019134651864803,0.2160786060296147,0.5953131099857589,0.1866013449240937,9.34738740522024e-05,0.0151207737437386,0.0,0.0,0.0,0.0,2.749231589770659e-05,0.0165173833913421,0.9683343505490216,0.2873606826891883,0.6550319185787572,0.0576073987320543,0.0,0.0,0.0,0.0,0.0,0.0,0.0,0.0,0.0,0.0023643391672027,0.3418064650930065,0.6540861829118761,0.0017430128279145,0.0,0.0,0.0,4.398770543633054e-05,0.0999015775090862,0.661184698876664,0.2387872589611203,8.247694769311977e-05,0.0,0.0,0.0,0.0,1.0,0.0,0.0,0.0,0.0,0.0,0.0,0.589594708279036,0.410405291720964,0.0,0.0,0.0,0,0,-1,0,1,0
49,舌尖,267915,186.0837249755859,12.834198951721191,158.99200439453125,15.79761791229248,174.78143310546875,14.452534675598145,158.15240478515625,22.20324325561523,38.26811599731445,12.561525344848633,186.4277801513672,12.267090797424316,174.1788787841797,13.763768196105955,140.72877502441406,3.791517972946167,123.57777404785156,3.4209654331207275,0.0,0.0,0.0,5.598790661217177e-05,0.0344624227833454,0.6081630367840546,0.3569751600320997,0.0003433924938879,0.0,0.0,0.0,0.0131758206893977,0.4997965772726424,0.4703432058675326,0.0166843961704271,0.0,0.0,1.866263553739059e-05,0.0019110538790287,0.0043185338633521,0.1135919974618815,0.7729354459436761,0.1071048653490846,0.0001194408674392,0.0197040106003769,2.239516264486871e-05,0.0,0.0,0.0,0.0063154358658529,0.2134856204393184,0.7604725379318067,0.3198626430024448,0.6608551219603233,0.0166508034264598,0.0025717111770524,5.598790661217177e-05,3.732527107478118e-06,0.0,0.0,0.0,0.0,0.0,4.10577981822593e-05,0.0216859824944478,0.6199503573894706,0.3579792098240113,0.0003433924938879,0.0,0.0,0.0,0.0003545900752104,0.1535225724576824,0.7377862381725547,0.1082694138066177,6.718548793460612e-05,0.0,0.0,0.0,2.239516264486871e-05,0.9999776048373552,0.0,0.0,0.0,0.0,0.0,0.0,0.952440139596514,0.0475523953492712,7.465054214956236e-06,0.0,0.0,0,0,1,0,1,0
49,舌左邊,257857,201.4038543701172,10.401236534118652,178.3291015625,13.31949520111084,189.06988525390625,13.337746620178224,150.879638671875,44.95100784301758,29.61668586730957,10.511314392089844,201.4208526611328,10.402522087097168,191.14694213867188,11.350570678710938,138.13922119140625,3.730322122573853,125.60977935791016,2.668213129043579,0.0,0.0,0.0,2.3268710952194433e-05,0.0012797791023706,0.1472599153794545,0.8452475596939389,0.0061894771132837,0.0,0.0,0.0,0.0011905823770539,0.0709036403898284,0.763632556029117,0.1642460743745564,2.7146829444226837e-05,0.0,0.0,0.0,0.0025440457307732,0.0223185719216464,0.5271371341479968,0.4468523251259419,0.0011479230736415,0.0852914599952687,0.0,0.0,0.0,0.0,0.0,0.1094366257266624,0.8052719142780689,0.6080812233136971,0.3915348429555916,0.0003839337307112,0.0,0.0,0.0,0.0,0.0,0.0,0.0,0.0,2.3268710952194433e-05,0.0012759009838786,0.1470155939144564,0.8454802468034608,0.0062049895872518,0.0,0.0,0.0,9.695296230081014e-05,0.0145584568190896,0.4841559469008016,0.5008085877055888,0.0003800556122191,0.0,0.0,0.0,0.0,1.0,0.0,0.0,0.0,0.0,0.0,0.0,0.7667350508227428,0.2332649491772571,0.0,0.0,0.0,0,0,1,0,1,0
49,舌根,274834,167.15313720703125,21.3472957611084,141.13658142089844,24.34461212158203,149.3079833984375,23.672231674194336,159.7301483154297,38.62401580810547,40.49755096435547,18.741130828857425,167.15809631347656,21.349327087402344,156.0457000732422,22.497323989868164,139.28916931152344,5.016130447387695,127.42838287353516,2.431091070175171,0.0,0.0,0.0003893259203737,0.0468027973249306,0.2927585378810482,0.542753080041043,0.1172962588326044,0.0,0.0,0.000509398400489,0.0359089486744725,0.2386422349490965,0.4948951003150993,0.2179169971692003,0.0121273204916422,0.0,0.0,8.004832007684639e-05,0.0167810387361097,0.1600748087936718,0.4716956417328278,0.3310689361578262,0.0202995262594875,0.0,0.0556808837334536,7.277120006986035e-06,0.0,0.0,0.0,4.366272004191621e-05,0.0302473493090374,0.91402082711746,0.3639542414693961,0.5186003187378563,0.1169942583523144,0.0004511814404331,0.0,0.0,0.0,0.0,0.0,0.0,0.0003893259203737,0.0468027973249306,0.2926930438009853,0.5427421643610325,0.1173726685926777,0.0,0.0,0.0,0.0063310944060778,0.1083199313039871,0.4218619239249874,0.4184853402417459,0.0450017101232016,0.0,0.0,0.0,0.0,3.6385600034930177e-06,0.9999963614399964,0.0,0.0,0.0,0.0,0.0,0.0,0.5526972645305894,0.4473027354694106,0.0,0.0,0.0,0,0,-1,0,-1,0
5,舌中,167400,151.259765625,11.71636199951172,130.05299377441406,13.133126258850098,139.19265747070312,12.765538215637209,164.6150360107422,20.255023956298828,36.0098876953125,11.696261405944824,151.25982666015625,11.716343879699709,144.2193145751953,12.43750286102295,137.71034240722656,3.1051535606384277,126.0932388305664,1.572906732559204,0.0,0.0,0.0006630824372759,0.0395400238948626,0.7183930704898447,0.2414038231780167,0.0,0.0,0.0,0.0008363201911589,0.022968936678614,0.3203703703703703,0.6550836320191159,0.0007407407407407,0.0,0.0,0.0,0.0001075268817204,0.0120191158900836,0.1259259259259259,0.8474731182795698,0.0144743130227001,0.0,0.0,0.0149342891278375,0.0,0.0,0.0,0.0,0.0,0.0052747909199522,0.9797909199522102,0.3381959378733572,0.645089605734767,0.0160394265232974,0.0006750298685782,0.0,0.0,0.0,0.0,0.0,0.0,0.0006630824372759,0.0395400238948626,0.7183930704898447,0.2414038231780167,0.0,0.0,0.0,0.0,0.0067144563918757,0.0774014336917562,0.8588948626045401,0.0569892473118279,0.0,0.0,0.0,0.0,0.0,0.0,1.0,0.0,0.0,0.0,0.0,0.0,0.0,0.8471863799283154,0.1528136200716845,0.0,0.0,0.0,0,-1,0,0,-1,0
5,舌右邊,114446,149.3963623046875,12.51540470123291,120.28050231933594,16.825754165649414,131.81243896484375,17.82786750793457,165.9967498779297,16.144804000854492,50.59379959106445,14.274763107299805,149.3963623046875,12.51540470123291,136.64471435546875,15.60449504852295,141.3474884033203,2.8202714920043945,126.1157455444336,2.0453367233276367,0.0,0.0,0.0,0.0523827831466368,0.7254513045453751,0.22137951522989,0.0007863970780979,0.0,0.0,0.0002621323593659,0.0846425388392779,0.5323383954004509,0.3813239431697044,0.0014329902312007,0.0,0.0,0.0,3.495098124879856e-05,0.0386383097705468,0.3248344197263338,0.6150498925257326,0.0213812627789525,6.116421718539749e-05,0.0,0.009061041888751,0.0,0.0,0.0,0.0,0.0,0.0002533946140537,0.9906855634971952,0.0541390699543889,0.7606644181535397,0.1816315118046939,0.0035650000873774,0.0,0.0,0.0,0.0,0.0,0.0,0.0,0.0523827831466368,0.7254513045453751,0.22137951522989,0.0007863970780979,0.0,0.0,0.0,0.0057494364154273,0.2700225433829055,0.679621830382888,0.0445537633469059,5.242647187319784e-05,0.0,0.0,0.0,0.0,0.0,1.0,0.0,0.0,0.0,0.0,0.0,0.0,0.7998182548975062,0.2001817451024937,0.0,0.0,0.0,0,-1,0,0,0,0
5,舌尖,100072,142.53736877441406,12.744821548461914,112.83392333984376,15.241244316101074,124.24433135986328,16.985774993896484,162.41221618652344,28.224767684936523,54.47846603393555,14.047300338745115,142.5377197265625,12.74399185180664,129.33602905273438,14.62113094329834,141.70046997070312,2.3394060134887695,126.2771224975586,3.0226168632507324,0.0,0.0,0.0001398992725237,0.1390199056679191,0.7963965944519945,0.0644436006075625,0.0,0.0,0.0,0.000409705012391,0.1501019266128387,0.6766727955871772,0.1728155727875929,0.0,0.0,0.0,0.0,0.0017887121272683,0.0668318810456471,0.4478675353745303,0.482692461427772,0.0008194100247821,0.0,0.0,0.0312175233831641,0.0,0.0,0.0,0.0,0.0,0.0058857622511791,0.9628967143656568,0.0039171796306659,0.814163802062515,0.1624230554001119,0.0189663442321528,0.0005296186745543,0.0,0.0,0.0,0.0,0.0,0.0001398992725237,0.1390199056679191,0.7963965944519945,0.0644436006075625,0.0,0.0,0.0,0.0,0.0149892077704053,0.3844432008953553,0.5979894475977297,0.0025781437365097,0.0,0.0,0.0,0.0,0.0,0.0,1.0,0.0,0.0,0.0,0.0,0.0,0.0,0.8145535214645455,0.1854464785354544,0.0,0.0,0.0,0,-1,0,0,0,0
5,舌左邊,95267,143.04747009277344,14.619424819946287,113.77232360839844,19.19537925720215,128.18638610839844,19.583494186401367,164.6104278564453,4.123380661010742,53.55446243286133,16.79007911682129,143.04747009277344,14.619424819946287,130.32725524902344,18.105304718017575,142.0966033935547,3.085970401763916,124.61222839355467,1.7385228872299194,0.0011231591212067,0.0010811718643391,0.002193834171329,0.1281556047739511,0.7560750312280223,0.1113187147700672,5.248407108442587e-05,0.0,0.0020363819580757,0.0035164327626565,0.1839776627793464,0.5418560466898297,0.2684665204110552,0.0001469553990363,0.0,0.0,0.0017739616026535,0.0019524074443406,0.0643454711495061,0.3597258232126549,0.5568874846484092,0.0153148519424354,0.0,0.0,8.39745137350814e-05,0.0,0.0,0.0,0.0,0.0,0.0241531695130527,0.975762855973212,0.0293700861788447,0.69239085937418,0.2694427241332255,0.0079250947337483,0.0008082546947001,6.298088530131106e-05,0.0,0.0,0.0011231591212067,0.0010811718643391,0.002193834171329,0.1281556047739511,0.7560750312280223,0.1113187147700672,5.248407108442587e-05,0.0,0.0017109807173522,0.0010601782359054,0.0233764052610032,0.3725634269999055,0.5797705396412189,0.0215184691446146,0.0,0.0,0.0,0.0,0.0,0.0,1.0,0.0,0.0,0.0,0.0,0.0,0.0,0.9359589364627836,0.0640410635372164,0.0,0.0,0.0,0,1,0,0,0,0
5,舌根,197180,120.09264373779295,24.405261993408203,98.2446517944336,25.857275009155273,106.4616928100586,26.43018913269043,163.13600158691406,28.853357315063477,48.93474578857422,22.827600479125977,120.09359741210938,24.40165138244629,111.79281616210938,26.54553985595703,138.35108947753906,4.145050525665283,126.78108215332033,1.90093731880188,0.003605842377523,0.0171670554823004,0.1467085911350035,0.3862409980728268,0.4374530885485343,0.0087990668424789,2.535754133279237e-05,0.0,0.0111167461202961,0.0878841667511918,0.3292423166649761,0.443843188964398,0.127842580383406,7.100111573181864e-05,0.0,0.0,0.0083578456232883,0.0569733238665179,0.2594634344253981,0.4322294350339791,0.2427528146870879,0.0002231463637285,0.0,0.0,0.030058829495892,0.0,0.0,0.0,0.0,0.0001267877066639,0.008154985292626,0.961659397504818,0.2695100923014504,0.4757480474693173,0.2154427426716705,0.0372654427426716,0.0020286033066233,5.071508266558475e-06,0.0,0.0,0.003605842377523,0.0171670554823004,0.1467085911350035,0.3862409980728268,0.4374530885485343,0.0087990668424789,2.535754133279237e-05,0.0,0.008200628867025,0.0422355208438989,0.1981539709909727,0.4367278628664164,0.3113094634344254,0.0033725529972613,0.0,0.0,0.0,0.0,0.0,0.0,1.0,0.0,0.0,0.0,0.0,0.0,0.0,0.6938837610305305,0.3061162389694695,0.0,0.0,0.0,0,-1,0,0,-1,0
50,舌中,310554,199.95162963867188,6.3546295166015625,168.93316650390625,10.416144371032717,190.00697326660156,8.986990928649902,159.14462280273438,4.146302700042725,39.745208740234375,8.141544342041016,199.9840850830078,6.365230560302734,184.9029998779297,8.514042854309082,142.92042541503906,2.612462997436523,121.56087493896484,1.746140956878662,0.0,0.0,0.0,0.0,0.0,0.1203719803963239,0.879628019603676,0.0,0.0,0.0,0.0,0.0,0.2129259323660297,0.7839667175434868,0.0031073500904834,0.0,0.0,0.0,0.0,0.0,0.0001030416610315,0.5264108657431558,0.4734860925958126,0.0,0.0,0.0,0.0,0.0,0.0,0.0,0.3288317007670163,0.6711682992329836,0.1897479987377396,0.8100104973692176,0.0002415038930427,0.0,0.0,0.0,0.0,0.0,0.0,0.0,0.0,0.0,0.0,0.1203107994100864,0.8796892005899135,0.0,0.0,0.0,0.0,0.0,0.0005667291356736,0.7546706852914469,0.2447625855728794,0.0,0.0,0.0,0.0,0.0,1.0,0.0,0.0,0.0,0.0,0.0,0.0,0.9986797787180328,0.001320221281967,0.0,0.0,0.0,1,0,0,0,1,0
50,舌右邊,201390,194.88185119628903,13.34636116027832,156.42054748535156,17.556331634521484,175.09060668945312,18.91874885559082,164.5001983642578,8.60995864868164,50.85437774658203,11.914538383483888,194.8827209472656,13.347339630126951,174.6265411376953,15.54718780517578,145.37213134765625,3.1779227256774902,123.9061050415039,2.172361373901367,0.0,0.0,0.0,0.0003873082079547,0.0223000148964695,0.2528179154873628,0.7244947614082129,0.0,0.0,0.0,0.0013903371567605,0.0672476289785987,0.3819156859824221,0.548870351060132,0.0005759968220864,0.0,0.0,4.965489845573266e-05,0.0011917175629375,0.008307264511644,0.2233675952132678,0.5962460896767466,0.1708376781369482,0.0,0.0022394359203535,0.0,0.0,0.0,0.0,0.0,0.0216842941556184,0.976076269924028,0.0538408063955509,0.7661899796414916,0.1795868712448483,0.0003823427181091,0.0,0.0,0.0,0.0,0.0,0.0,0.0,0.0003873082079547,0.0223000148964695,0.2528179154873628,0.7244947614082129,0.0,0.0,0.0,0.0001191717562937,0.0041710114702815,0.2082923680421073,0.7271661949451314,0.060251253786186,0.0,0.0,0.0,0.0,0.0,1.0,0.0,0.0,0.0,0.0,0.0,0.0,0.897661254282735,0.102338745717265,0.0,0.0,0.0,1,0,0,0,1,0
50,舌尖,182591,197.14404296875,8.237093925476074,149.47740173339844,11.769503593444824,170.3397216796875,12.771248817443848,166.2498321533203,3.883033990859986,61.73079299926758,11.669729232788086,197.14404296875,8.237093925476074,170.68331909179688,9.658239364624023,149.19703674316406,3.22985577583313,124.15113830566406,2.7074713706970215,0.0,0.0,0.0,0.0,0.0013527501355488,0.202266267231134,0.7963809826333171,0.0,0.0,0.0,0.0,0.0298700374060057,0.7857561435120022,0.1843628656395989,1.0953442393108092e-05,0.0,0.0,0.0,0.0,0.0001478714723069,0.2113138106478413,0.7528136655147296,0.035724652365122,0.0,0.0,0.0,0.0,0.0,0.0,0.0,0.0063913336363785,0.9936086663636214,0.0002738360598277,0.5922416767529616,0.4074735337448176,1.0953442393108092e-05,0.0,0.0,0.0,0.0,0.0,0.0,0.0,0.0,0.0013527501355488,0.202266267231134,0.7963809826333171,0.0,0.0,0.0,0.0,0.0,0.110049235723557,0.8707274728765383,0.0192232913999047,0.0,0.0,0.0,0.0,0.0,1.0,0.0,0.0,0.0,0.0,0.0,0.0,0.8355450159098751,0.1644549840901249,0.0,0.0,0.0,-1,0,0,0,-1,-1
50,舌左邊,150560,194.28379821777344,12.527165412902832,154.2762451171875,15.026123046875,171.80494689941406,16.45749282836914,166.35952758789062,4.966115951538086,52.84152603149414,11.059329986572266,194.28379821777344,12.527165412902832,172.929443359375,13.64381504058838,145.74049377441406,2.9970006942749023,124.70841979980467,1.9469174146652224,0.0,0.0006841126461211,0.0008900106269925,0.0015010626992561,0.0093052603613177,0.2944009032943677,0.6932186503719447,0.0,0.0007704569606801,0.0010759829968119,0.0014678533475026,0.0304662592986184,0.5687964930924548,0.397422954303932,0.0,0.0,0.000644261424017,0.0009032943676939,0.0010494155154091,0.00259697130712,0.2289585547290117,0.6715395855472901,0.094307917109458,0.0,0.0004649309245483,0.0,0.0,0.0,0.0,0.0,0.0107531880977683,0.9887818809776832,0.0140209883103081,0.811211477151966,0.172894527098831,0.0009165781083953,0.0008767268862911,7.970244420828905e-05,0.0,0.0,0.0,0.0006841126461211,0.0008900106269925,0.0015010626992561,0.0093052603613177,0.2944009032943677,0.6932186503719447,0.0,0.0004450053134962,0.0009032943676939,0.0009896386822529,0.0018265143464399,0.1169168437832093,0.8379582890541977,0.0409604144527098,0.0,0.0,0.0,0.0,0.0,1.0,0.0,0.0,0.0,0.0,0.0,0.0,0.8839067481402763,0.1160932518597237,0.0,0.0,0.0,1,0,0,0,1,0
50,舌根,318278,182.4823303222656,21.7391300201416,147.78733825683594,26.40470314025879,160.1121826171875,29.352563858032227,162.51954650878906,29.46805953979492,50.581581115722656,19.280134201049805,182.54261779785156,21.800024032592773,164.86004638671875,24.68992805480957,143.1450653076172,3.778777837753296,126.67925262451172,3.430392026901245,0.0,0.0007006453477777,0.0074211852531434,0.0230270392549909,0.0973268651933215,0.4136069725208779,0.4578827314486078,3.4560981280515775e-05,0.0031104883152464,0.011172622675774,0.0285536543524843,0.1410904932166219,0.416208471839084,0.3924619357919806,0.0073991919014195,3.141907389137798e-06,0.0024444039487492,0.011310866600896,0.0242460993219763,0.0826070290752109,0.2882605772312255,0.5161713973318922,0.074764828231923,0.0001947982581265,0.0318620828332464,0.0,0.0,3.141907389137798e-06,0.0011373704748678,0.0017626100453063,0.0423968983090254,0.9228378964301648,0.1269142070768322,0.6686638724636953,0.1803957546547357,0.0149868982461872,0.0067142560905874,0.0022747409497357,5.0270518226204765e-05,0.0,0.0,0.0007006453477777,0.0074211852531434,0.0230270392549909,0.0973174394711541,0.4129188948026568,0.4584199976121504,0.0001947982581265,6.283814778275596e-05,0.0069027705339357,0.0148612219506217,0.0526080973237232,0.2407486536926837,0.6313317288659599,0.0534595542261796,2.5135259113102383e-05,0.0,0.0,0.0,0.0007194967921125,0.9992805032078874,0.0,0.0,0.0,0.0,0.0,0.0,0.6894413060280635,0.3105586939719365,0.0,0.0,0.0,1,0,0,0,0,0
51,舌中,254705,217.07635498046875,7.686443328857422,180.18246459960935,13.747727394104004,185.53822326660156,14.635403633117676,158.21580505371094,50.99777603149414,43.86499786376953,10.328680038452148,217.07635498046875,7.686443328857422,195.6933135986328,11.182931900024414,142.200439453125,2.999087333679199,130.43215942382812,2.453991174697876,0.0,0.0,0.0,0.0,0.0,0.0025912329950334,0.7912251428122731,0.2061836241926935,0.0,0.0,0.0003415716220725,0.0009422665436485,0.0759663139710645,0.7186235056241534,0.2035727606446673,0.0005535815943935,0.0,0.0,0.0004868377142184,0.0009618970966412,0.0488879291729648,0.5780451895329891,0.3696158300779333,0.0020023164052531,0.0957028719499028,0.0,0.0,0.0,0.0,0.0,5.103943778096229e-05,0.9042460886123164,0.077788029288785,0.8826289236567794,0.03831098722051,0.00077736989851,0.0004946899354154,0.0,0.0,0.0,0.0,0.0,0.0,0.0,0.0,0.0025912329950334,0.7912251428122731,0.2061836241926935,0.0,0.0,0.0,0.0002080838617223,0.0027364990871792,0.3247364598260733,0.6694097092715102,0.0029092479535148,0.0,0.0,0.0,0.0,0.9992736695392708,0.000726330460729,0.0,0.0,0.0,0.0,0.0,0.0798767201272059,0.920123279872794,0.0,0.0,0.0,0,0,0,0,0,-1
51,舌右邊,130500,196.28640747070312,19.04855155944824,141.03245544433594,27.907114028930664,142.70706176757812,30.550537109375,95.45772552490234,87.49117279052734,74.89127349853516,21.482519149780273,196.28640747070312,19.04855155944824,163.2686309814453,24.11389541625977,149.4600830078125,4.7946014404296875,135.7875518798828,4.216092586517334,0.0,0.0,0.0005363984674329,0.0023524904214559,0.0314789272030651,0.320735632183908,0.6174789272030652,0.0274176245210727,0.0001532567049808,0.0017547892720306,0.0244137931034482,0.3506743295019157,0.3257471264367816,0.2736015325670498,0.0231647509578544,0.0004904214559386,9.961685823754789e-05,0.0012643678160919,0.0272260536398467,0.3615555555555556,0.2829578544061302,0.2671647509578544,0.0588659003831417,0.0008659003831417,0.4619923371647509,0.0,0.0,0.0,0.0,0.0,0.0,0.538007662835249,0.0082911877394636,0.3226590038314176,0.4935785440613027,0.1736704980842912,0.0016704980842911,0.0001149425287356,1.532567049808429e-05,0.0,0.0,0.0,0.0005363984674329,0.0023524904214559,0.0314789272030651,0.320735632183908,0.6174789272030652,0.0274176245210727,0.0,0.0004750957854406,0.0030268199233716,0.0511111111111111,0.4037164750957854,0.400743295019157,0.1399386973180076,0.0009885057471264,0.0,0.0,0.0,0.0,0.9950268199233716,0.0049731800766283,0.0,0.0,0.0,0.0,0.0,0.014551724137931,0.985448275862069,0.0,0.0,0.0,0,0,0,0,0,1
51,舌尖,179341,191.9229431152344,13.694473266601562,143.2860107421875,22.22469139099121,152.2545928955078,25.337615966796875,159.40174865722656,46.228031158447266,66.6543960571289,18.794960021972656,191.9229431152344,13.694473266601562,164.13661193847656,18.924169540405273,147.90411376953125,4.346226215362549,130.7277069091797,4.374808311462402,0.0,0.0,0.0,0.0,0.0035518927629487,0.4466853647520645,0.5497627424849867,0.0,0.0,0.0,0.0037414757361674,0.2962178196842885,0.427872042645017,0.2701780407157315,0.0019906212187954,0.0,0.0,0.0,0.0083081950028158,0.1987498675707172,0.3407419385416608,0.4203500593840784,0.0318499395007276,0.0,0.0809017458361445,0.0,0.0,0.0,0.0,0.0,2.230387920219024e-05,0.9190759502846532,0.0117485683697537,0.4568169018796594,0.4619300661867615,0.0689134107649672,0.000591052798858,0.0,0.0,0.0,0.0,0.0,0.0,0.0,0.0035518927629487,0.4466853647520645,0.5497627424849867,0.0,0.0,0.0,0.0,0.0115812892757372,0.3977673816918607,0.5248827652349435,0.0657685637974584,0.0,0.0,0.0,0.0,0.0,0.997412750012546,0.002587249987454,0.0,0.0,0.0,0.0,0.0,0.1913282517661884,0.8086717482338116,0.0,0.0,0.0,0,0,0,0,0,-1
51,舌左邊,171341,203.6790771484375,13.71063232421875,153.7479705810547,24.33126449584961,158.89064025878906,27.20158576965332,138.02621459960938,71.60345458984375,63.93223571777344,18.895587921142575,203.6790771484375,13.71063232421875,174.17135620117188,20.236337661743164,147.58555603027344,4.616605758666992,132.8653106689453,3.994779586791992,0.0,0.0,0.0,0.0,0.0,0.2180155362697778,0.7303214058514891,0.051663057878733,0.0,0.0,0.0002567978475671,0.1816027687477019,0.3592018255992436,0.4132285909385377,0.0457100168669495,0.0,0.0,0.0,1.1672629434869646e-05,0.1718386142254335,0.29393431811417,0.4170688860226099,0.116988928510981,0.0001575804973707,0.2130663413893931,0.0,0.0,0.0,0.0,0.0,0.0,0.7869336586106069,0.013382669647078,0.5110977524352023,0.4346361933220887,0.0408833845956309,0.0,0.0,0.0,0.0,0.0,0.0,0.0,0.0,0.0,0.2180155362697778,0.7303214058514891,0.051663057878733,0.0,0.0,0.0,0.0010038461313987,0.3112214823072119,0.4489059828062168,0.2387636350902586,0.0001050536649138,0.0,0.0,0.0,0.0,0.999153734365972,0.000846265634028,0.0,0.0,0.0,0.0,0.0,0.0615089208070456,0.9384910791929544,0.0,0.0,0.0,0,0,0,0,0,1
51,舌根,253186,168.6009521484375,29.362958908081055,123.02596282958984,33.759239196777344,123.33451080322266,33.420066833496094,102.0516128540039,85.61432647705078,76.33556365966797,25.06542205810547,168.60096740722656,29.36300277709961,142.77481079101562,31.652551651000977,145.96295166015625,5.837122917175293,135.12689208984375,3.2817747592926025,0.0,0.0003001745752134,0.006220723104753,0.1071939206749188,0.2255179986255164,0.3894488636812462,0.2711208360651853,0.0001974832731667,0.0010269130204671,0.0599085257478691,0.1574455143649333,0.278858230707859,0.3580806205714376,0.1437520242035499,0.0008926243947137,3.55469891700173e-05,0.0006556444669136,0.0518551578681285,0.1702858767862362,0.2778392170183185,0.3484039401862662,0.1495145861145561,0.0013389365920706,0.00010664096751,0.4331084657129541,0.0,0.0,0.0,0.0,0.0,8.689264019337563e-05,0.5668046416468525,0.0020222287172276,0.3643250416689706,0.428112138901835,0.1576706452963434,0.0452552668788953,0.0025238362310712,9.084230565671087e-05,0.0,0.0,0.0003001745752134,0.006220723104753,0.1071939206749188,0.2255179986255164,0.3894488636812462,0.2711208360651853,0.0001974832731667,0.0002606779205801,0.0051938100842858,0.0969445387975638,0.1998965187648606,0.3416342135821096,0.3389958370526016,0.0169835614923416,9.084230565671087e-05,0.0,0.0,0.0,3.159732370668205e-05,0.9880720103007276,0.0118963923755657,0.0,0.0,0.0,0.0,0.0,0.0013112889338273,0.9986887110661729,0.0,0.0,0.0,0,0,0,0,0,-1
52,舌中,474586,202.6937713623047,5.564572334289551,165.70855712890625,8.694793701171875,176.30601501464844,7.678115844726563,171.40187072753906,3.865994930267334,46.646636962890625,6.699509143829346,202.6937713623047,5.564572334289551,182.5498504638672,7.155735492706299,143.26780700683594,2.177536964416504,127.79106903076172,1.5605342388153076,0.0,0.0,0.0,0.0,4.2141993231995885e-06,0.0351169229602221,0.9648788628404548,0.0,0.0,0.0,0.0,0.0005436317126927,0.2241469407020013,0.775309427585306,0.0,0.0,0.0,0.0,0.0,0.0,0.0311850749916769,0.965487814642657,0.003327110365666,0.0,0.0003055294509319,0.0,0.0,0.0,0.0,0.0,0.0,0.999694470549068,0.0010830492260622,0.9815818418579562,0.0173351089159815,0.0,0.0,0.0,0.0,0.0,0.0,0.0,0.0,0.0,4.2141993231995885e-06,0.0351169229602221,0.9648788628404548,0.0,0.0,0.0,0.0,2.1070996615997943e-06,0.0071325323545153,0.9249071822599064,0.0679581782859165,0.0,0.0,0.0,0.0,0.0,1.0,0.0,0.0,0.0,0.0,0.0,0.0,0.3613191286721479,0.6386808713278521,0.0,0.0,0.0,0,0,1,0,0,-1
52,舌右邊,336120,197.5213623046875,15.494396209716797,156.98765563964844,18.72248077392578,167.62860107421875,19.904014587402344,168.3621826171875,24.267498016357425,53.224884033203125,12.725641250610352,197.5213623046875,15.494396209716797,175.08340454101562,17.233055114746094,144.76480102539062,3.0064029693603516,128.42127990722656,2.0536844730377197,0.0002290848506485,0.0011930263001309,0.0013834344876829,0.0034213971200761,0.0187343805783648,0.1716678567178388,0.8033708199452576,0.0,0.001698798048316,0.0025675354040223,0.0037248601689872,0.0817386647625847,0.3032071879090801,0.6070451029394264,1.785076758300607e-05,0.0,0.0018416041889801,0.0028174461501844,0.0031982625252885,0.0390872307509222,0.1679995239795311,0.7732893014399619,0.0117666309651315,0.0,0.0209121742234916,0.0,0.0,0.0,0.0,0.0,0.0,0.9790878257765084,0.0003332143282161,0.8449750089253838,0.1444662620492681,0.0077442580030941,0.0016482208734975,0.0008330358205402,0.0,0.0,0.0002290848506485,0.0011930263001309,0.0013834344876829,0.0034213971200761,0.0187343805783648,0.1716678567178388,0.8033708199452576,0.0,0.0011454242532428,0.0013179816732119,0.003225038676663,0.0057806735689634,0.1404587647268832,0.8162918005474236,0.0317803165536118,0.0,0.0,0.0,0.0,0.0,0.9995180292752588,0.0004819707247411,0.0,0.0,0.0,0.0,0.0,0.3134713792693085,0.6865286207306914,0.0,0.0,0.0,0,0,1,0,0,-1
52,舌尖,366980,191.28562927246097,10.648933410644531,143.7738494873047,13.770411491394045,156.931640625,14.016534805297852,171.10215759277344,8.981842994689941,63.64336395263672,10.652595520019531,191.28562927246097,10.648933410644531,164.60601806640625,12.031903266906738,148.01710510253906,2.892155170440674,128.2488555908203,1.8591967821121216,0.0,0.0,0.0,0.0,0.0008338329064254,0.4366205242792523,0.5625456428143223,0.0,0.0,0.0,0.0,0.1407351899286064,0.7281077987901248,0.1311570112812687,0.0,0.0,0.0,0.0,0.0,0.0170772249168892,0.526478282195215,0.4564036187258161,4.0874162079677366e-05,0.0,0.0026704452558722,0.0,0.0,0.0,0.0,0.0,0.0002370701400621,0.9970924846040656,0.0,0.5389067524115756,0.4550547713771867,0.0060384762112376,0.0,0.0,0.0,0.0,0.0,0.0,0.0,0.0,0.0008338329064254,0.4366205242792523,0.5625456428143223,0.0,0.0,0.0,0.0,0.0003188184642214,0.3307945937108289,0.6687966646683743,8.992315657529021e-05,0.0,0.0,0.0,0.0,0.0,0.9998910022344542,0.0001089977655458,0.0,0.0,0.0,0.0,0.0,0.3059812523843261,0.6940187476156738,0.0,0.0,0.0,0,0,-1,0,0,-1
52,舌左邊,310751,195.2327880859375,13.873761177062988,153.82489013671875,16.417146682739258,164.38009643554688,17.511720657348633,165.9349365234375,31.01956558227539,54.96535873413086,10.36728572845459,195.2327880859375,13.873761177062988,172.34657287597656,14.91426944732666,145.1013946533203,3.0790855884552,128.5840301513672,2.0146048069000244,0.0,0.0,0.0,2.252607393057464e-05,0.0237650079967562,0.2279188160295542,0.748293649899759,0.0,0.0,0.0,0.0016090052807553,0.098558009467387,0.3950783746472256,0.504754610604632,0.0,0.0,0.0,0.0,0.0004473034680499,0.0478807791447171,0.2274876026143117,0.7234216462698431,0.000762668503078,0.0,0.0364922397675309,0.0,0.0,0.0,0.0,0.0,0.0,0.9635077602324692,0.0008270287143082,0.834008579216157,0.1636808892006783,0.0014835028688564,0.0,0.0,0.0,0.0,0.0,0.0,0.0,2.252607393057464e-05,0.0237650079967562,0.2279188160295542,0.748293649899759,0.0,0.0,0.0,3.218010561510663e-06,0.0100659370364053,0.1764338650559451,0.8048115693915707,0.0086854105055172,0.0,0.0,0.0,0.0,0.0,1.0,0.0,0.0,0.0,0.0,0.0,0.0,0.237514923523979,0.762485076476021,0.0,0.0,0.0,0,0,1,0,0,-1
52,舌根,469302,168.6663818359375,28.40273094177246,130.56796264648438,29.19457244873047,137.3715362548828,29.985443115234375,167.43765258789062,34.16545486450195,59.89612579345703,15.610366821289062,168.6670684814453,28.40221405029297,148.42205810546875,28.78675842285156,143.8017120361328,2.4742510318756104,130.136962890625,1.8264448642730713,0.0,0.001489446028357,0.0055678433077208,0.1131318426088105,0.1917059803708486,0.4380612057907275,0.2500436818935355,0.0,0.0011506450004474,0.0220241976381945,0.128870109226042,0.2189613511129294,0.4981397905826099,0.1308539064397765,0.0,0.0,0.0007351343058414,0.0125825161623006,0.112507511154864,0.1805191539776093,0.4179334415791963,0.2757094578757388,1.2784944449416368e-05,0.0,0.0403620696268074,0.0,0.0,0.0,0.0,0.0,0.0006797328798939,0.9589581974932986,0.0024206161490894,0.6986013270772339,0.2599818453788818,0.0375792133849845,0.001225223843069,0.0001875125185914,4.2616481498054555e-06,0.0,0.0,0.001489446028357,0.0055678433077208,0.1131318426088105,0.1916889337782494,0.4380782523833267,0.2500436818935355,0.0,0.0003728942131079,0.0027935103621974,0.0666649620074067,0.1536579856893855,0.3168322316972866,0.4580099807799668,0.0016684352506488,0.0,0.0,0.0,0.0,0.0,1.0,0.0,0.0,0.0,0.0,0.0,0.0,0.034457556115252,0.965542443884748,0.0,0.0,0.0,0,0,1,0,0,-1
53,舌中,476655,210.10533142089844,9.312931060791016,171.8504180908203,13.264582633972168,178.0272979736328,12.589104652404783,162.64898681640625,44.518218994140625,46.790321350097656,9.979862213134766,210.10533142089844,9.312931060791016,188.3102874755859,11.118574142456056,142.9353790283203,3.3313493728637695,130.22560119628906,1.5803557634353638,0.0,0.0,0.0,0.0,0.0,0.0393072557719944,0.931589934019364,0.0291028102086414,0.0,0.0,1.2587720678478144e-05,0.0131940292244915,0.1223064900189864,0.8547356054169158,0.0097512876189277,0.0,0.0,0.0,0.0,0.0035392474640987,0.0638973681174014,0.8072924861797317,0.125270898238768,0.0,0.0707492840733864,0.0,0.0,0.0,0.0,0.0,0.0,0.9292507159266136,0.0035770106261342,0.935550870126192,0.0565419433342774,0.0043301759133964,0.0,0.0,0.0,0.0,0.0,0.0,0.0,0.0,0.0,0.0393072557719944,0.931589934019364,0.0291028102086414,0.0,0.0,0.0,2.097953446413024e-06,0.0272712968499229,0.5288835740734913,0.4438430311231394,0.0,0.0,0.0,0.0,0.0,0.9978642833915516,0.0021357166084484,0.0,0.0,0.0,0.0,0.0,0.0190116541313948,0.9809883458686052,0.0,0.0,0.0,0,0,-1,0,0,-1
53,舌右邊,323967,211.68588256835935,17.40660285949707,165.6798553466797,24.63560676574707,172.02919006347656,24.14982795715332,140.1663055419922,69.36681365966797,57.263092041015625,19.648210525512695,211.68588256835935,17.40660285949707,184.39529418945312,21.25881004333496,145.97689819335938,5.336397171020508,131.4745635986328,2.6124651432037354,0.0,0.0,0.0029570913086826,0.0054974735081042,0.0143378800927254,0.0450231042050579,0.7338401750795606,0.1983442758058691,0.0031700759645272,0.0075748455861245,0.0110474214966339,0.0358030293208876,0.2116913142387959,0.6516435315942674,0.0790697817987634,0.0,0.0033830606203718,0.0061426009439233,0.0111863245330542,0.0174770887158259,0.1638716289004744,0.6684415387987048,0.1294977574876453,0.0,0.2010482549148524,0.0,0.0,0.0,0.0,0.0,0.0,0.7989517450851475,0.0048986470844252,0.7155358416134977,0.2522664345442591,0.0136402781764809,0.0085471668410671,0.0040096676513348,0.0011019640889349,0.0,0.0,0.0,0.0029570913086826,0.0054974735081042,0.0143378800927254,0.0450231042050579,0.7338401750795606,0.1983442758058691,0.0,0.0037503819833501,0.0080903301879512,0.0126370895801115,0.0661672330823818,0.4969950643121059,0.4123599008540993,0.0,0.0,0.0,0.0,0.0,0.993845052119506,0.006154947880494,0.0,0.0,0.0,0.0,0.0,0.0330774430729055,0.9669225569270944,0.0,0.0,0.0,0,0,-1,0,0,-1
53,舌尖,308087,210.12322998046875,13.37465763092041,152.75413513183594,19.67850875854492,167.52455139160156,18.87294006347656,171.96051025390625,6.917333126068115,70.20918273925781,15.40824031829834,210.12322998046875,13.37465763092041,175.88536071777344,16.414825439453125,151.69876098632812,4.708014488220215,128.9816131591797,1.8452470302581787,0.0,0.0,0.0,0.0,0.0050894714804584,0.1031818934262075,0.810673608428788,0.081055026664546,0.0,0.0,0.0014736097271225,0.1440567112536394,0.4329621178433364,0.4199041179926449,0.0016034431832566,0.0,0.0,0.0,0.000376517022789,0.0252915572549312,0.2650485090250481,0.6584438811115042,0.0508395355857274,0.0,0.0015320347823828,0.0,0.0,0.0,0.0,0.0,0.0,0.998467965217617,0.0,0.3514656574279343,0.6053095391886059,0.0431761158374095,4.8687546050303976e-05,0.0,0.0,0.0,0.0,0.0,0.0,0.0,0.0050894714804584,0.1031818934262075,0.810673608428788,0.081055026664546,0.0,0.0,3.245836403353598e-06,0.005553626086138,0.1866355931928319,0.6417148402886198,0.1660926945960069,0.0,0.0,0.0,0.0,0.0,0.9682654574844118,0.0317345425155881,0.0,0.0,0.0,0.0,0.0,0.1833897567894783,0.8166102432105217,0.0,0.0,0.0,0,0,0,0,0,1
53,舌左邊,307258,211.67665100097656,11.195760726928713,170.6002655029297,19.28842544555664,175.68324279785156,17.093692779541016,131.30873107910156,73.89669799804688,51.919681549072266,14.716639518737791,211.67665100097656,11.195760726928713,187.77093505859375,15.60235595703125,143.85435485839844,5.308006763458252,131.25003051757812,3.1588823795318604,0.0,0.0,0.0,0.0,0.0038274023784571,0.0530433707177681,0.8718568759804464,0.0712723509233282,0.0,0.0,0.0016207877418976,0.0363440496260471,0.1813980433381718,0.7021786251293701,0.0784584941645132,0.0,0.0,0.0,0.0007583203692011,0.0152054625103333,0.1422582975870441,0.7013454491014066,0.1404324704320148,0.0,0.2529437801456756,0.0,0.0,0.0,0.0,0.0,0.0,0.7470562198543244,0.0150394782235124,0.7876735512175436,0.1862246060314133,0.0110623645275306,0.0,0.0,0.0,0.0,0.0,0.0,0.0,0.0,0.0038274023784571,0.0530433707177681,0.8718568759804464,0.0712723509233282,0.0,0.0,0.0,0.0044360114301336,0.0636533466988654,0.4530850295191663,0.4788256123518346,0.0,0.0,0.0,0.0,0.0,0.9991830969413328,0.0008169030586673,0.0,0.0,0.0,0.0,0.0,0.0531279901581081,0.9468720098418918,0.0,0.0,0.0,0,0,1,0,0,-1
53,舌根,416755,176.1909942626953,31.059371948242188,142.0628662109375,31.485136032104492,142.787841796875,30.35182762145996,103.67069244384766,85.38536834716797,53.71294021606445,12.714798927307127,176.1909942626953,31.059371948242188,158.11318969726562,30.615400314331055,141.06971740722656,3.2433981895446777,132.55894470214844,2.227942943572998,0.0,0.0,0.0106921332677472,0.0862425165864836,0.1691065494115247,0.3317440702571055,0.3967606867344123,0.0054540437427265,0.0,0.0098139194490767,0.0899809240441026,0.1949178774099891,0.3549519501865604,0.3369173735168144,0.0134179553934565,0.0,0.0,0.0075464001631654,0.091012705306475,0.1759954889563412,0.3670045950258545,0.3473359647754676,0.0111048457726961,0.0,0.4210603352089357,0.0,0.0,0.0,0.0,0.0,1.4396947847056423e-05,0.5789252678432172,0.0124845532747057,0.7766049597485333,0.2075703950762438,0.0032081198785857,0.0001319720219313,0.0,0.0,0.0,0.0,0.0,0.0106921332677472,0.0862425165864836,0.1691065494115247,0.3317440702571055,0.3967606867344123,0.0054540437427265,0.0,0.001540473419635,0.0437091336636633,0.1217093976077071,0.2773188084126165,0.4445513551127161,0.1111708317836618,0.0,0.0,0.0,0.0,0.0,1.0,0.0,0.0,0.0,0.0,0.0,0.0,0.0024522801166152,0.9975477198833848,0.0,0.0,0.0,0,0,-1,0,0,-1
54,舌中,461605,204.13429260253903,10.179829597473145,173.56455993652344,17.611034393310547,188.17840576171875,18.516754150390625,162.68630981445312,16.76738929748535,38.72951126098633,13.685908317565918,204.1807556152344,10.242462158203123,188.6604156494141,14.579315185546877,141.59918212890625,3.864934921264648,124.80476379394533,2.8917362689971924,0.0,0.0,0.0,0.0,0.0008492109054278,0.1047042384722869,0.8868621440409008,0.0075844065813845,0.0,0.0,0.0002036373089546,0.0156692410177532,0.1727862566479999,0.6711300787469806,0.1401284648129894,8.232146532208273e-05,0.0,0.0,0.0,0.0054115531677516,0.0741976365074035,0.4382513187682109,0.4771417120698432,0.0049977794867906,0.0092048396356191,0.0,0.0,0.0,0.0,1.949718915523012e-05,0.1437701064763163,0.8470055566989092,0.3316623520109184,0.6144105891400656,0.0521658127619934,0.0017612460870224,0.0,0.0,0.0,0.0,0.0,0.0,0.0,0.0,0.0008492109054278,0.1046565786765741,0.8849644176297917,0.0095297927882063,0.0,0.0,0.0,0.0008383791336748,0.0418799623054343,0.4936038387799092,0.4630149153497037,0.0006629044312778,0.0,0.0,0.0,0.0,0.9998851832194192,0.0001148167805807,0.0,0.0,0.0,0.0,0.0,0.8465354578048332,0.1534645421951668,0.0,0.0,0.0,0,0,1,0,0,0
54,舌右邊,323310,186.5374298095703,15.549273490905762,155.8711395263672,20.55118179321289,165.04531860351562,22.822811126708984,165.78013610839844,27.18862533569336,42.7808952331543,14.78582000732422,186.54083251953125,15.554116249084473,171.49778747558594,18.536964416503903,140.95716857910156,3.5611493587493896,127.58124542236328,3.130078077316284,0.0005567412081284,0.0004113698926726,0.0010454362685967,0.0037147010609013,0.0235315950635612,0.5718845689895147,0.3979709875970431,0.0008845999195818,0.0009588320806656,0.0034796325508026,0.0046982771952615,0.0709195508954254,0.4687853762642665,0.4330673347561164,0.0180724382171909,1.855804027094739e-05,0.0007856237048034,0.0017599208190281,0.0041106059200148,0.0427917478580928,0.3245924963657171,0.5122823296526553,0.1131916736259317,0.0004856020537564,0.025334817976555,0.0,0.0,0.0,0.0,0.0,0.0312424607961399,0.9434227212273052,0.2305310692524202,0.6829482539977112,0.0807955213262812,0.004141535987133,0.0015774334230305,6.1860134236491294e-06,0.0,0.0,0.0005567412081284,0.0004113698926726,0.0010454362685967,0.0037147010609013,0.0235315950635612,0.5718814759828029,0.3979493365500603,0.0009093439732764,0.0007856237048034,0.0008443908323281,0.0035383996783273,0.0085552565649067,0.2091800439206953,0.6566576969472023,0.1202004268349262,0.0002381615168104,0.0,0.0,0.0,0.0,0.9999938139865764,6.1860134236491294e-06,0.0,0.0,0.0,0.0,0.0,0.4917385790727165,0.5082614209272834,0.0,0.0,0.0,0,0,1,0,0,0
54,舌尖,385265,187.1776580810547,16.25723648071289,150.67605590820312,16.4923038482666,164.70965576171875,17.58342933654785,166.03109741210938,17.1741943359375,50.80584716796875,10.725563049316406,187.76351928710935,15.192232131958008,168.3848114013672,15.224919319152832,143.9723358154297,3.558913469314575,125.9555892944336,3.662276029586792,0.0,0.0,0.0,0.0006385215371237,0.0701646918354898,0.4720283441267698,0.4563845664672368,0.0007838760333796,0.0,0.0,9.86334081735948e-05,0.0762591982142161,0.6161395403164056,0.3008059387694184,0.0066863068277679,1.0382464018273136e-05,0.0,0.0,0.0002803265284933,0.0110910671875202,0.3934356871244468,0.5296821668202406,0.0651162187066045,0.0003945336326943,0.0087602040154179,0.0002543703684476,0.0,2.5956160045682844e-06,0.0003997248647035,0.0203288645477788,0.0341764759321506,0.9360777646554967,0.0404812272072469,0.8594681582806639,0.099840369615719,0.00021024489637,0.0,0.0,0.0,0.0,0.0,0.0,0.0,0.0004724021128314,0.0481408900367279,0.4940469546935226,0.4565013691874424,0.0008383839694755,0.0,0.0,0.0,0.0029226636211438,0.2851881172699311,0.6572696715247947,0.0544067070717558,0.0002128405123745,0.0,0.0,0.0,0.0004152985607309,0.999584701439269,0.0,0.0,0.0,0.0,0.0,0.0,0.6374054222418335,0.3625945777581664,0.0,0.0,0.0,0,0,1,0,0,0
54,舌左邊,310460,194.35562133789065,11.396249771118164,160.69932556152344,18.018129348754883,170.36483764648438,19.550939559936523,164.0978240966797,31.486175537109375,44.79023742675781,14.354080200195312,194.38926696777344,11.451654434204102,176.9283447265625,15.303555488586426,142.04933166503906,3.8450052738189697,127.82565307617188,2.783198833465576,0.0,0.0,0.0,5.475745667718869e-05,0.0093635250917992,0.3505733427816788,0.6358145976937448,0.0041937769760999,0.0,0.0,0.0036075500869677,0.0311376666881401,0.4285157508213618,0.4980061843715777,0.0384461766411131,0.0002866713908393,0.0,0.0,0.0002254718804354,0.0183437479868582,0.2597371642079495,0.5897957868968627,0.1297236358951233,0.0021741931327707,0.0348901629839592,0.0,0.0,0.0,0.0,0.0008567931456548,0.0324937189976164,0.9317593248727696,0.2040552728209753,0.7239998711589255,0.0697448946724215,0.0021999613476776,0.0,0.0,0.0,0.0,0.0,0.0,0.0,5.475745667718869e-05,0.0093635250917992,0.3505733427816788,0.6353282226373768,0.0046801520324679,0.0,0.0,0.0,0.0065290214520389,0.1005250273787283,0.7406815692842879,0.1513560523094762,0.0009083295754686,0.0,0.0,0.0,0.0,1.0,0.0,0.0,0.0,0.0,0.0,0.0,0.4639470463183663,0.5360529536816337,0.0,0.0,0.0,0,0,1,0,0,0
54,舌根,482392,147.78367614746094,32.111812591552734,124.01929473876952,34.188682556152344,130.83145141601562,35.50987243652344,152.92201232910156,51.23145294189453,44.15800476074219,23.54814338684082,147.79690551757812,32.1239128112793,138.1019744873047,33.742671966552734,138.47389221191406,4.537024021148682,127.87340545654295,2.566467761993408,0.0009411433025423,0.0056468598152539,0.0459543276007894,0.2441396208892353,0.2818205940397021,0.3649563010995207,0.0565411532529561,0.0,0.0061816945554652,0.0466011044959286,0.1595486658153534,0.2825357800295195,0.343822036849699,0.1601809316904094,0.0011297865636246,0.0,0.0026575896781041,0.0371875984676362,0.127767458830163,0.2801373157100449,0.3060249755385661,0.2291331531202839,0.0170919086552015,0.0,0.1015957976085839,0.0,0.0,0.0,0.0,0.0002197383041178,0.0340324881009635,0.8641519759863348,0.3482644819980431,0.4806547372261563,0.1267226653841689,0.0366465447188178,0.0077074246670757,4.146005738071941e-06,0.0,0.0,0.0009411433025423,0.0056468598152539,0.0459522545979203,0.2440774308031642,0.2818226670425712,0.3648381399359857,0.0567215045025622,0.0,0.0023901723079984,0.0219862684289955,0.0802417950546443,0.272075407552364,0.3070241629214414,0.2986326473075839,0.0176495464269722,0.0,0.0,0.0,0.0,0.0,1.0,0.0,0.0,0.0,0.0,0.0,0.0,0.4456893978341266,0.5543106021658734,0.0,0.0,0.0,0,0,1,0,0,0
55,舌中,530658,223.1297607421875,10.304537773132324,180.6375274658203,15.742827415466309,190.21519470214844,14.49703884124756,173.0176239013672,5.384322643280029,48.67094802856445,13.589727401733398,223.1297607421875,10.304537773132324,197.7694854736328,12.40583324432373,144.87840270996094,4.8089470863342285,129.08851623535156,1.6133230924606323,0.0,0.0,0.0,0.0,0.0,0.0021463918380576,0.4711754086436085,0.5266781995183338,0.0,0.0,0.0,0.0011231339205288,0.0940831948260461,0.6490790678742241,0.2509865110862363,0.0047280922929645,0.0,0.0,0.0,0.0001055293616604,0.0159914671973286,0.5053330016696252,0.4666979485845874,0.0118720531867982,0.000838581534623,0.0,0.0,0.0,0.0,0.0,5.0880227943421185e-05,0.9991105382374336,0.0572232963603676,0.7919111744287282,0.148131188072167,0.0027117277040956,2.2613434641520527e-05,0.0,0.0,0.0,0.0,0.0,0.0,0.0,0.0,0.0021463918380576,0.4711754086436085,0.5266781995183338,0.0,0.0,0.0,0.0,0.0010703692396986,0.3165503959235515,0.6653098605881754,0.0170693742485744,0.0,0.0,0.0,0.0,0.9950137376615448,0.0049862623384552,0.0,0.0,0.0,0.0,0.0,0.1166608248627176,0.8833391751372824,0.0,0.0,0.0,0,0,1,0,0,0
55,舌右邊,302680,203.4684600830078,9.997276306152344,143.43553161621094,18.642240524291992,156.4082489013672,18.782241821289062,173.02569580078125,6.905192852020264,75.75873565673828,17.043701171875,203.4684600830078,9.997276306152344,167.76461791992188,14.816875457763672,152.66197204589844,5.005893707275391,130.5043182373047,2.4443767070770264,0.0,0.0,0.0,0.0,0.0,0.1302530725518699,0.8535747323906436,0.0161721950574864,0.0,0.0,1.6519096075062774e-05,0.2354169419849346,0.5508887273688384,0.2105689176688251,0.0031088938813268,0.0,0.0,0.0,0.0,0.0699649795163208,0.4629873133342143,0.4477005418263513,0.0193372538654684,9.911457645037664e-06,0.0015329721157658,0.0,0.0,0.0,0.0,0.0,0.0,0.998467027884234,0.0,0.2569380203515263,0.6169155543808643,0.1261464252676093,0.0,0.0,0.0,0.0,0.0,0.0,0.0,0.0,0.0,0.1302530725518699,0.8535747323906436,0.0161721950574864,0.0,0.0,0.0,4.294964979516321e-05,0.2992698559534822,0.6511530329060394,0.0494086163605127,0.0001255451301704,0.0,0.0,0.0,0.0,0.9438053389718516,0.0561946610281485,0.0,0.0,0.0,0.0,0.0,0.0825360116294436,0.9174639883705564,0.0,0.0,0.0,0,0,1,0,-1,0
55,舌尖,353750,216.1179656982422,14.147256851196287,155.38705444335938,20.22701835632324,166.5465850830078,19.809938430786133,170.6808624267578,24.614748001098633,72.4727783203125,13.902887344360352,216.1179656982422,14.147256851196287,178.99453735351562,16.971904754638672,152.32644653320312,4.191833972930908,131.35260009765625,2.1303720474243164,0.0,0.0,0.0,0.0,0.0002685512367491,0.0655293286219081,0.6153328621908127,0.31886925795053,0.0,0.0,0.0002459363957597,0.0775095406360424,0.4989851590106007,0.3862219081272084,0.0358784452296819,0.0011590106007067,0.0,0.0,8.480565371024735e-05,0.0217667844522968,0.3457809187279152,0.5313526501766784,0.0975689045936395,0.0034459363957597,0.0210968197879858,0.0,0.0,0.0,0.0,0.0,5.653710247349823e-06,0.9788975265017668,0.001746996466431,0.2635985865724382,0.6914770318021202,0.0431745583038869,2.8268551236749116e-06,0.0,0.0,0.0,0.0,0.0,0.0,0.0,0.0002685512367491,0.0655293286219081,0.6153328621908127,0.31886925795053,0.0,0.0,0.0,0.0005371024734982,0.1339363957597173,0.633800706713781,0.2266374558303887,0.0050883392226148,0.0,0.0,0.0,0.0,0.9653964664310954,0.0346035335689045,0.0,0.0,0.0,0.0,0.0,0.014530035335689,0.9854699646643108,0.0,0.0,0.0,0,0,1,0,0,0
55,舌左邊,331692,200.44781494140625,11.564715385437012,142.47352600097656,14.503765106201172,153.55606079101562,15.5891752243042,170.06259155273438,25.867074966430664,74.17386627197266,12.140920639038086,200.44781494140625,11.564715385437012,166.084228515625,12.488046646118164,151.59762573242188,3.9453470706939697,131.0897674560547,2.2742116451263428,0.0,0.0,0.0,0.0002230985371971,0.0057071017691111,0.1818464117313652,0.8021387311119955,0.010084656850331,0.0,0.0001507422548629,0.0008049636409681,0.125309021622469,0.7488784776238196,0.1234699661131411,0.00137476936435,1.2059380389035613e-05,0.0,0.0,0.0006934143723695,0.0438901149258951,0.6078379942838537,0.3400865863511932,0.007464756460813,2.7133605875330127e-05,0.02338313857434,0.0,0.0,0.0,0.0,0.0,0.0,0.97661686142566,6.632659213969587e-05,0.1868118616065506,0.7908330619972745,0.022183230225631,0.000105519578404,0.0,0.0,0.0,0.0,0.0,0.0,0.0002230985371971,0.0057071017691111,0.1818464117313652,0.8021387311119955,0.010084656850331,0.0,0.0,0.0002653063685587,0.0020440649759415,0.2935886304161692,0.675997612242683,0.028053133629994,5.125236665340135e-05,0.0,0.0,0.0,0.0,0.9864060634564596,0.0135939365435403,0.0,0.0,0.0,0.0,0.0,0.0291595817806881,0.970840418219312,0.0,0.0,0.0,0,0,1,0,-1,0
55,舌根,527986,171.76058959960938,31.320068359375,127.10948944091795,35.22820281982422,136.74998474121094,34.681488037109375,173.26568603515625,5.157639026641846,69.4978256225586,25.464006423950195,171.76443481445312,31.301830291748047,147.03195190429688,33.318302154541016,146.916748046875,5.564826965332031,129.83993530273438,1.960349202156067,0.0014564780126745,0.002376956964768,0.0135344497770774,0.0778978988079229,0.2197236290356183,0.3939062778179724,0.2840643501911035,0.0070399593928626,0.0033504676260355,0.0465296428314387,0.1478164193747561,0.2682552188883796,0.3315731856526498,0.1963972529574647,0.0060778126692753,0.0,0.0016856507558912,0.0277242199603777,0.0991995999893936,0.2390271711749932,0.3559545139454455,0.2505634619099748,0.0258453822639236,0.0,0.0007253980219172,0.0,0.0,0.0,0.0,0.000435617611073,0.0011269238199497,0.99771206054706,0.0042785225365824,0.4948218323970711,0.3211600307583913,0.1602807650202846,0.0194588492876705,0.0,0.0,0.0,0.0013769304489134,0.0024565045285291,0.0135344497770774,0.0778978988079229,0.2197236290356183,0.3939062778179724,0.2840643501911035,0.0070399593928626,0.001994371062869,0.0133166409715409,0.0591833874383032,0.185925384385192,0.3500320084244658,0.3152962389154258,0.074251968802203,0.0,0.0,0.0,0.0,0.0,0.9957839791206584,0.0042160208793414,0.0,0.0,0.0,0.0,0.0,0.0766327137461978,0.9233672862538022,0.0,0.0,0.0,0,0,-1,0,0,0
56,舌中,425880,200.370849609375,17.233613967895508,155.19515991210938,16.627010345458984,157.75653076171875,18.663854598999023,118.04098510742188,82.69520568847656,58.77104187011719,9.808258056640623,200.370849609375,17.233613967895508,174.07070922851562,15.700156211853027,145.2226104736328,3.523515224456787,133.27560424804688,1.976878881454468,0.0,0.0,0.0,0.0,0.0081548793087254,0.3195101906640368,0.6486287217056448,0.0237062083215929,0.0,0.0,0.0007185122569737,0.0530806800037569,0.5106532356532356,0.4330398234244388,0.0025077486615948,0.0,0.0,0.0,0.000587019817789,0.0549567953414107,0.4476002629848783,0.4861862496477881,0.0106696722081337,0.0,0.3358363858363858,0.0,0.0,0.0,0.0,0.0,0.0,0.6641636141636141,0.0001643655489809,0.7276368930215084,0.2674415328261482,0.00469146238377,6.574621959237344e-05,0.0,0.0,0.0,0.0,0.0,0.0,0.0,0.0081548793087254,0.3195101906640368,0.6486287217056448,0.0237062083215929,0.0,0.0,0.0,0.0017587113740959,0.1984878369493754,0.6709096459096459,0.1288438057668827,0.0,0.0,0.0,0.0,0.0,0.9986451582605428,0.0013548417394571,0.0,0.0,0.0,0.0,0.0,0.0003897811590119,0.999610218840988,0.0,0.0,0.0,1,0,-1,0,0,0
56,舌右邊,283265,204.6985626220703,13.122804641723633,153.31520080566406,21.23628044128418,155.48619079589844,21.353343963623047,123.2673568725586,81.55738067626953,65.62674713134766,16.073040008544922,204.6985626220703,13.122804641723633,173.95252990722656,17.76305389404297,147.6272430419922,4.273901462554932,134.60472106933594,2.3460030555725098,0.0,0.0,0.0,3.5302631811201524e-05,0.002704181596738,0.1733888761407163,0.7765625827405434,0.0473090568901911,0.0,6.707500044128289e-05,0.0036502921292782,0.1394559864437894,0.4389846963091098,0.4029054065980619,0.0149365435193193,0.0,0.0,8.825657952800381e-05,0.0044551921345736,0.1136568231161633,0.4248812949005348,0.4330432633752846,0.0238716396307344,3.5302631811201525e-06,0.3083084743967663,0.0,0.0,0.0,0.0,0.0,0.0,0.6916915256032338,9.531710589024412e-05,0.5035885125236086,0.4501367976982684,0.044809630557958,0.0013697421142746,0.0,0.0,0.0,0.0,0.0,0.0,3.5302631811201524e-05,0.002704181596738,0.1733888761407163,0.7765625827405434,0.0473090568901911,0.0,0.0,7.060526362240305e-05,0.0048894145058514,0.2116322171817909,0.6104072158579422,0.1729934866644308,7.060526362240305e-06,0.0,0.0,0.0,0.0,0.9967133249783772,0.0032866750216228,0.0,0.0,0.0,0.0,0.0,5.648421089792244e-05,0.999943515789102,0.0,0.0,0.0,1,0,-1,0,-1,0
56,舌尖,289092,202.63002014160156,12.84715175628662,143.76235961914062,18.22717666625977,150.33189392089844,18.7491455078125,171.91275024414062,27.964542388916016,74.70111083984375,13.82351303100586,202.63002014160156,12.84715175628662,167.25018310546875,15.523482322692873,151.28395080566406,3.679746866226196,133.6398468017578,2.2974677085876465,0.0,0.0,0.0,0.0,0.0044657064187179,0.1963146679949635,0.7888976519585461,0.0103219736277724,0.0,0.0,0.007928271968785,0.1931910948763715,0.5759792730341898,0.222704191053367,0.0001971690672865,0.0,0.0,0.0,0.0067314211392912,0.1020090490224565,0.5533463395735614,0.3352358418773262,0.0026773483873645,0.0,0.025815311388762,0.0,0.0,0.0,0.0,0.0,0.0,0.974184688611238,0.0,0.2305701991061668,0.7031221894760146,0.0660931468183139,0.0002144645995046,0.0,0.0,0.0,0.0,0.0,0.0,0.0,0.0044657064187179,0.1963146679949635,0.7888976519585461,0.0103219736277724,0.0,0.0,0.0,0.0093395873977834,0.3136786905206647,0.6339642743486502,0.0430174477329016,0.0,0.0,0.0,0.0,0.0,0.9840950285722192,0.0159049714277807,0.0,0.0,0.0,0.0,0.0,0.0007125759273864,0.9992874240726136,0.0,0.0,0.0,-1,0,-1,0,0,0
56,舌左邊,274755,196.72120666503903,15.139920234680176,152.61715698242188,19.8969783782959,155.92832946777344,20.316375732421875,148.86268615722656,64.51654052734375,58.3985595703125,12.969871520996094,196.72120666503903,15.139920234680176,171.3828887939453,17.597091674804688,145.05601501464844,3.110927104949951,132.7755889892578,2.0681521892547607,0.0,0.0,0.0,0.0002038179468981,0.0078287929246055,0.3298939054794271,0.6564539316845918,0.0056195519644774,0.0,0.0,0.001874397190224,0.1252024530945751,0.4493566996051027,0.4167676657385671,0.006798784371531,0.0,0.0,3.639606194609743e-06,0.0025659223671998,0.0917908682280577,0.4235919273534603,0.4665247220250769,0.0154792451456752,4.367527433531692e-05,0.1603901657840621,0.0,0.0,0.0,0.0,0.0,0.0,0.8396098342159378,0.0062710414733125,0.6883878364360976,0.2940037487943804,0.0113082564466524,2.9116849556877945e-05,0.0,0.0,0.0,0.0,0.0,0.0,0.0002038179468981,0.0078287929246055,0.3298939054794271,0.6564539316845918,0.0056195519644774,0.0,0.0,0.0001201070044221,0.0055285618096122,0.2571017815872322,0.626831176866663,0.1103455806081782,7.279212389219486e-05,0.0,0.0,0.0,0.0,0.9998252989026588,0.0001747010973412,0.0,0.0,0.0,0.0,0.0,0.0017178941238557,0.9982821058761442,0.0,0.0,0.0,1,0,-1,0,0,0
56,舌根,452904,149.82281494140625,30.19941520690918,107.36885833740234,28.035791397094727,108.46871185302734,26.9583683013916,105.53121948242188,86.84750366210938,75.44551086425781,15.266429901123049,149.82281494140625,30.19941520690918,126.27964782714844,28.56954002380371,145.16543579101562,2.9534854888916016,134.17218017578125,1.8211272954940796,0.0,0.0,0.0270145549608747,0.2510333315669545,0.3250291452493243,0.297985886633812,0.0988818822531927,5.5199335841591155e-05,0.0,0.0608892833801423,0.3095225478247045,0.361345892286224,0.24463020860933,0.023598820058997,1.3247840601981875e-05,0.0,0.0,0.0490788334834755,0.301116792962747,0.381288308339074,0.2474961581262254,0.0210176991150442,2.207973433663646e-06,0.0,0.4092765795841944,0.0,0.0,0.0,0.0,0.0,0.0,0.5907234204158056,0.0,0.2243345168070937,0.6655030646671259,0.1066407008990867,0.0034996378923568,2.207973433663646e-05,0.0,0.0,0.0,0.0,0.0270145549608747,0.2510333315669545,0.3250291452493243,0.297985886633812,0.0988818822531927,5.5199335841591155e-05,0.0,0.0032236412131489,0.1529794393513857,0.3447375161182061,0.3600034444385565,0.1373204917598431,0.0017354671188596,0.0,0.0,0.0,0.0,0.0,0.9999448006641584,5.5199335841591155e-05,0.0,0.0,0.0,0.0,0.0,6.403122957624573e-05,0.9999359687704238,0.0,0.0,0.0,1,0,-1,0,0,0
57,舌中,406276,197.90310668945312,8.491745948791504,168.40206909179688,12.994266510009766,174.8436279296875,10.83832550048828,133.95877075195312,69.43448638916016,39.48800277709961,9.992544174194336,197.90318298339844,8.492072105407715,183.02357482910156,10.606475830078123,139.8207550048828,4.073319435119629,128.70201110839844,3.2525217533111572,0.0,0.0,0.0,0.0,4.922761866317479e-06,0.2005483956719077,0.7993728401382312,7.384142799476218e-05,0.0,0.0,0.0,0.0006645728519528,0.2398492650316533,0.7335235160334354,0.0259626460829583,0.0,0.0,0.0,0.0,0.0001722966653211,0.0826113282596067,0.8690791481652866,0.0480830765292559,5.415038052949226e-05,0.2231684864476366,0.0,0.0,0.0,0.0,0.0,0.0010190117063277,0.7758125018460357,0.2306092410085754,0.7489243765322097,0.0204663824592149,0.0,0.0,0.0,0.0,0.0,0.0,0.0,0.0,0.0,4.922761866317479e-06,0.2005483956719077,0.7993654559954316,8.12255707942384e-05,0.0,0.0,0.0,0.0,0.0184825094270889,0.7573053786096151,0.2242047278204964,7.384142799476218e-06,0.0,0.0,0.0,0.0,1.0,0.0,0.0,0.0,0.0,0.0,0.0,0.3867075584085695,0.6132924415914305,0.0,0.0,0.0,1,0,-1,0,0,0
57,舌右邊,280679,189.51255798339844,12.354856491088867,154.48651123046875,22.46161651611328,169.49655151367188,20.15457534790039,165.9293975830078,12.614444732666016,48.07562255859375,19.341798782348633,189.5127716064453,12.354969024658203,171.77346801757812,18.484880447387695,143.5664825439453,5.615324020385742,125.249755859375,2.393318891525269,0.0,0.0,0.0,0.0,0.0223101835192515,0.500960171583909,0.4767296448968394,0.0,0.0,0.0,2.1376732851406767e-05,0.1552912757990444,0.4123607394924451,0.417505406532017,0.014821201443642,0.0,0.0,0.0,0.0,0.0525368837711407,0.1746122795079076,0.6597750455146271,0.1130757912063246,0.0,0.0051731693500404,0.0,0.0,0.0,0.0,0.0,0.0149245223190904,0.9799023083308692,0.2586299651915533,0.5025491753925303,0.2380299203004143,0.000790939115502,0.0,0.0,0.0,0.0,0.0,0.0,0.0,0.0,0.0223101835192515,0.500960171583909,0.4767296448968394,0.0,0.0,0.0,0.0,0.0105031014076578,0.2066524392633577,0.6180441001998724,0.1648003591291119,0.0,0.0,0.0,0.0,0.0,1.0,0.0,0.0,0.0,0.0,0.0,0.0,0.8406934612136996,0.1593065387863003,0.0,0.0,0.0,1,0,0,0,0,0
57,舌尖,199664,192.0901336669922,13.97513484954834,146.98822021484375,19.7699031829834,164.23193359375,21.657939910888672,159.76080322265625,34.89571762084961,61.03693771362305,14.282097816467283,192.0928192138672,13.98023796081543,167.27696228027344,17.242605209350586,147.76116943359375,3.8426361083984375,125.67131042480467,3.4731712341308594,0.0,0.0,0.0,0.0,0.0105477201698854,0.4017399230707589,0.5877123567593557,0.0,0.0,0.0,0.0,0.2251833079573683,0.438651935251222,0.3334952720570558,0.0026694847343537,0.0,0.0,0.0,0.0,0.0628055132622806,0.3115584181424793,0.5535950396666399,0.0719659027165638,7.512621203622086e-05,0.0471992948152896,0.0,0.0,0.0,0.0,0.0,0.0048681785399471,0.9479325266447632,0.0048080775703181,0.5649290808558378,0.4214480326949275,0.0088148088789165,0.0,0.0,0.0,0.0,0.0,0.0,0.0,0.0,0.0105477201698854,0.4017399230707589,0.5876372305473195,7.512621203622086e-05,0.0,0.0,0.0,0.0029399390976841,0.3437474957929321,0.6059930683548361,0.0473194967545476,0.0,0.0,0.0,0.0,0.0,0.9980216764163796,0.0019783235836204,0.0,0.0,0.0,0.0,0.0,0.8125550925554932,0.1874449074445067,0.0,0.0,0.0,1,0,0,0,1,0
57,舌左邊,183175,189.44204711914065,11.92407512664795,144.12608337402344,14.513737678527832,154.74691772460938,16.72996711730957,166.21336364746094,32.984718322753906,61.38875579833984,10.613505363464355,189.44204711914065,11.92407512664795,164.14830017089844,13.103096961975098,146.77610778808594,3.1825826168060303,129.18832397460938,2.5085198879241943,0.0,0.0,0.0,0.0,0.0125835949228879,0.4835976525180838,0.5038187525590283,0.0,0.0,0.0,0.0011628224375597,0.1336536099358536,0.6954497065647605,0.1697338610618261,0.0,0.0,0.0,0.0,0.0009717483281015,0.0731650061416678,0.4859287566534734,0.4385478367681179,0.0013866521086392,0.0,0.0380019107410945,0.0,0.0,0.0,0.0,0.0,0.0,0.9619980892589054,5.4592602702333835e-06,0.56771939402211,0.4311450798416814,0.0011300668759383,0.0,0.0,0.0,0.0,0.0,0.0,0.0,0.0,0.0125835949228879,0.4835976525180838,0.5038187525590283,0.0,0.0,0.0,8.188890405350075e-05,0.0047713934761839,0.3429507301760611,0.6504872389791183,0.001708748464583,0.0,0.0,0.0,0.0,0.0,1.0,0.0,0.0,0.0,0.0,0.0,0.0,0.246643919748874,0.753356080251126,0.0,0.0,0.0,1,0,0,0,-1,0
57,舌根,336954,178.96218872070312,22.30120849609375,148.93551635742188,24.564777374267575,153.275634765625,24.22303771972656,123.03170013427734,76.16215515136719,46.12571334838867,14.988241195678713,178.96221923828125,22.301244735717773,164.24221801757812,23.26555633544922,139.98101806640625,4.1524858474731445,129.9781036376953,3.61801815032959,0.0,0.0014067202051318,0.0046623574731268,0.0368596306914296,0.1185532743341821,0.5193884031648237,0.3191296141313057,0.0,0.0020685316096559,0.0044931949168135,0.0299922244579378,0.1246520296538993,0.4496103325676502,0.3886554247760821,0.0005282620179609,0.0,0.0018726591760299,0.0029262154478059,0.0228399128664446,0.1083886821346534,0.4000991233224713,0.4587124652029654,0.0051609418496293,0.0,0.2934080022792428,0.0,0.0,0.0,0.0,0.0,0.0012286543563809,0.7053633433643761,0.1308190435489711,0.7729838494275183,0.0890507309603091,0.004172676389062,0.0010179431020257,0.0014690432521946,0.0004837455557731,2.9677641458478013e-06,0.0,0.0014067202051318,0.0046623574731268,0.0368596306914296,0.1185532743341821,0.5193884031648237,0.3191296141313057,0.0,0.0013948491485484,0.002086338194531,0.0111261477827834,0.0663324964238442,0.2245350997465529,0.6502875763457326,0.0442374923580073,0.0,0.0,0.0,0.0,0.0,1.0,0.0,0.0,0.0,0.0,0.0,0.0,0.2478884358102293,0.7521115641897708,0.0,0.0,0.0,1,0,-1,0,0,0
58,舌中,385840,211.8566436767578,4.721646308898926,175.577392578125,9.103918075561523,180.00140380859375,7.997297286987305,151.65545654296875,60.343631744384766,43.94988632202149,7.938246726989746,211.8566436767578,4.721646308898926,191.2103271484375,7.097787857055664,141.87147521972656,2.8363661766052246,130.79153442382812,1.4802261590957642,0.0,0.0,0.0,0.0,0.0,8.293593199253576e-05,0.9955758863777732,0.0043411776902342,0.0,0.0,0.0,0.0,0.0479706614140576,0.9328659547999172,0.0191633837860252,0.0,0.0,0.0,0.0,0.0,0.0123393116317644,0.9295148247978436,0.0581458635703918,0.0,0.138287891353929,0.0,0.0,0.0,0.0,0.0,0.0,0.861712108646071,0.0416208791208791,0.9484345842836408,0.0099445365954799,0.0,0.0,0.0,0.0,0.0,0.0,0.0,0.0,0.0,0.0,8.293593199253576e-05,0.9955758863777732,0.0043411776902342,0.0,0.0,0.0,0.0,2.073398299813394e-05,0.4822206095791001,0.5177586564379018,0.0,0.0,0.0,0.0,0.0,1.0,0.0,0.0,0.0,0.0,0.0,0.0,0.0047973253161932,0.9952026746838069,0.0,0.0,0.0,-1,1,-1,0,0,0
58,舌右邊,273794,199.45013427734375,9.68795394897461,151.5887908935547,15.64831829071045,159.36410522460938,16.420461654663086,169.08343505859375,31.237865447998047,61.685997009277344,13.016708374023438,199.45013427734375,9.68795394897461,171.78770446777344,13.065468788146973,147.13125610351562,3.766017198562622,131.08322143554688,2.093550205230713,0.0,0.0,0.0,0.0002775809550245,0.0020782047816971,0.1650255301431002,0.8305806555293396,0.0020380285908383,0.0,0.0001095714296149,0.0008765714369197,0.0718605959224818,0.6154736772902255,0.3095867696151121,0.0020928143056458,0.0,0.0,0.0001278333345507,0.0010445809623293,0.0453114385267756,0.4135627515577404,0.5260378240575031,0.0138973096561648,1.8261904935827665e-05,0.0333425860318341,0.0,0.0,0.0,0.0,0.0,0.0,0.9666574139681658,0.002494576214234,0.5893226294221203,0.39025325609765,0.0178857096941496,4.38285718459864e-05,0.0,0.0,0.0,0.0,0.0,0.0,0.0002775809550245,0.0020782047816971,0.1650255301431002,0.8305806555293396,0.0020380285908383,0.0,0.0,0.0002593190500887,0.0022023857352608,0.1583270634126387,0.7908646646749016,0.0483465671271101,0.0,0.0,0.0,0.0,0.0,0.9980934571246995,0.0019065428753004,0.0,0.0,0.0,0.0,0.0,0.0221334287822231,0.9778665712177768,0.0,0.0,0.0,-1,1,-1,0,0,0
58,舌尖,317940,194.25440979003903,12.848176956176758,141.7740936279297,15.439188957214355,152.08169555664062,14.905166625976562,173.70738220214844,7.3889594078063965,69.28797912597656,10.219545364379885,194.25440979003903,12.848176956176758,163.8092498779297,13.719277381896973,149.46652221679688,2.743877649307251,130.5677490234375,1.8139511346817017,0.0,0.0,0.0,0.0,0.0012140655469585,0.3709033150908976,0.6278700383720198,1.2580990123922753e-05,0.0,0.0,3.1452475309806884e-05,0.1902119896835881,0.6578756998175757,0.1518808580235264,0.0,0.0,0.0,0.0,0.0,0.035494118387117,0.6560797634773857,0.3083286154620369,9.750267346040134e-05,0.0,0.0017204503994464,0.0,0.0,0.0,0.0,0.0,0.0,0.9982795496005537,0.0,0.2742184059885513,0.7189847140969995,0.0067968799144492,0.0,0.0,0.0,0.0,0.0,0.0,0.0,0.0,0.0012140655469585,0.3709033150908976,0.6278700383720198,1.2580990123922753e-05,0.0,0.0,0.0,7.234069321255583e-05,0.3995753915833176,0.5814902182801787,0.0188620494432911,0.0,0.0,0.0,0.0,0.0,0.9987890797005724,0.0012109202994275,0.0,0.0,0.0,0.0,0.0,0.0386519469082216,0.9613480530917784,0.0,0.0,0.0,-1,-1,-1,0,-1,0
58,舌左邊,265100,196.82211303710935,9.704834938049316,153.28480529785156,16.47078514099121,161.38623046875,15.8206787109375,173.52386474609375,12.232373237609863,56.90047836303711,12.776546478271484,196.82211303710935,9.704834938049316,172.269775390625,13.697030067443848,145.53343200683594,3.6442058086395264,130.19686889648438,1.5218799114227295,0.0,0.0,0.0,0.0,0.0001169370049038,0.2758468502451905,0.7234439834024896,0.000592229347416,0.0,0.0,0.0,0.0500678989060731,0.6058581667295361,0.3392832893247831,0.0047906450396076,0.0,0.0,0.0,0.0,0.0136552244436061,0.4301056205205583,0.5307431158053565,0.0253677857412297,0.0001282534892493,0.0048660882685778,0.0,0.0,0.0,0.0,0.0,2.2632968691059976e-05,0.9951112787627312,0.0215880799698227,0.651154281403244,0.3270765748774047,0.0001810637495284,0.0,0.0,0.0,0.0,0.0,0.0,0.0,0.0,0.0001169370049038,0.2758468502451905,0.7234439834024896,0.000592229347416,0.0,0.0,0.0,9.80761976612599e-05,0.1828442097321765,0.72035458317616,0.0966314598264805,7.167106752168993e-05,0.0,0.0,0.0,0.0,1.0,0.0,0.0,0.0,0.0,0.0,0.0,0.0249151263674085,0.9750848736325914,0.0,0.0,0.0,-1,1,-1,0,0,0
58,舌根,377986,150.3392333984375,48.38447570800781,113.18256378173828,48.95399856567383,116.06226348876952,48.46023178100586,137.84791564941406,72.93414306640625,72.98607635498047,31.383630752563477,150.3392333984375,48.38447570800781,129.5701446533203,49.85367584228515,143.4010009765625,3.792394638061523,132.3845672607422,1.8029367923736572,0.0006217161482171,0.0676744641335922,0.1166604054118406,0.1241897848068447,0.1496298804717635,0.2893890249903436,0.2518347240373982,0.0,0.0610419433523993,0.1640378215066166,0.1278698152841639,0.1634240421602916,0.2702930796378702,0.2118782177117671,0.0014550803468911,0.0,0.0413322186536009,0.1691597043276735,0.1252083410496685,0.1620668490367368,0.2735048388035536,0.2245982655442265,0.0041297825845401,0.0,0.2219394369103617,0.0,0.0,0.0,0.0,0.0,0.0,0.7780605630896382,0.0196832686924912,0.480946384257618,0.2420830401125967,0.1956024826316318,0.0567745895350621,0.0047223971258194,0.0001851920441497,2.6456006307111905e-06,0.0006217161482171,0.0676744641335922,0.1166604054118406,0.1241897848068447,0.1496298804717635,0.2893890249903436,0.2518347240373982,0.0,0.0173366209330504,0.1356902107485462,0.1251369098326393,0.1272824919441461,0.2172699517971565,0.3387612239606758,0.0385225907837856,0.0,0.0,0.0,0.0,0.0,0.9999947087987384,5.291201261422381e-06,0.0,0.0,0.0,0.0,0.0,0.0025133205991756,0.9974866794008244,0.0,0.0,0.0,1,1,0,0,0,0
59,舌中,397290,205.9740753173828,4.487220764160156,171.3158416748047,11.002979278564451,177.49891662597656,10.7981595993042,144.4573974609375,62.85564804077149,44.50150680541992,12.905755996704102,205.9740753173828,4.487220764160156,187.0108337402344,7.984877109527588,141.6129608154297,4.641761302947998,129.64764404296875,3.4848077297210693,0.0,0.0,0.0,0.0,0.0,0.0063756953359007,0.993621787611065,2.517053034307433e-06,0.0,0.0,0.0,0.0,0.1488534823428729,0.836965440861839,0.014181076795288,0.0,0.0,0.0,0.0,0.0015278511918246,0.0615922877495028,0.8817110926527222,0.0551687684059503,0.0,0.1689722872460922,0.0,0.0,0.0,0.0,0.0,0.0002063983488132,0.8308213144050945,0.137310277127539,0.7690377306249843,0.0935462760200357,0.0001057162274409,0.0,0.0,0.0,0.0,0.0,0.0,0.0,0.0,0.0,0.0063756953359007,0.993621787611065,2.517053034307433e-06,0.0,0.0,0.0,0.0,0.0012484583050164,0.6955246797050014,0.3032268619899821,0.0,0.0,0.0,0.0,0.0,0.9999270054620052,7.299453799491556e-05,0.0,0.0,0.0,0.0,0.0,0.2168642553298598,0.7831357446701402,0.0,0.0,0.0,0,0,0,0,0,1
59,舌右邊,239856,200.18649291992188,16.645910263061523,159.92034912109375,23.126869201660156,164.6458282470703,22.50627326965332,135.7240753173828,71.61732482910156,53.88446807861328,16.201622009277344,200.18649291992188,16.645910263061523,177.41354370117188,20.133506774902344,143.70309448242188,4.678485870361328,131.39166259765625,3.2185842990875244,0.0,0.0,0.0004794543392702,0.0026474217864051,0.0349042758988726,0.179157494496698,0.7827738309652458,3.7522513508104864e-05,0.0003585484624107,0.0020720765792809,0.0083174904942965,0.0927806684010406,0.2795719098125542,0.6023364018411047,0.0145629044093122,0.0,3.335334534053766e-05,0.0022305049696484,0.008938696551264,0.0595607364418651,0.2435961576946167,0.6500817156960843,0.0355588353011807,0.0,0.2274656460542992,0.0,0.0,0.0,0.0,0.0,0.0,0.7725343539457008,0.0392693949703155,0.6990819491695017,0.2478278633846974,0.0116111333466746,0.0013216263091188,0.0008880328196918,0.0,0.0,0.0,0.0,0.0004794543392702,0.0026474217864051,0.0349042758988726,0.179157494496698,0.7827738309652458,3.7522513508104864e-05,0.0,0.0007379427656593,0.0025306850777132,0.0226135681408845,0.1659495697418451,0.5493087519178174,0.2588594823560803,0.0,0.0,0.0,0.0,0.0,0.9998540791141352,0.0001459208858648,0.0,0.0,0.0,0.0,0.0,0.0554541057968114,0.9445458942031886,0.0,0.0,0.0,0,0,0,0,0,1
59,舌尖,229156,206.2623748779297,11.140092849731444,143.2955322265625,11.521052360534668,155.8068084716797,12.038769721984863,173.48370361328125,8.92705249786377,77.89149475097656,10.44949722290039,206.2623748779297,11.140092849731444,168.3751983642578,10.12158203125,153.62135314941406,3.5446949005126953,131.1602783203125,2.050020456314087,0.0,0.0,0.0,0.0,0.0001134598264937,0.1050681631726858,0.8746007086875316,0.0202176683132887,0.0,0.0,0.0,0.0969557855783832,0.8500279285726754,0.0530162858489413,0.0,0.0,0.0,0.0,0.0,0.0184721325210773,0.5616043219466215,0.4199191816928206,4.363839480528548e-06,0.0,0.0026663059226029,0.0,0.0,0.0,0.0,0.0,0.0,0.997333694077397,0.0004494754664944,0.0707422018188483,0.8816657648065074,0.0471425579081499,0.0,0.0,0.0,0.0,0.0,0.0,0.0,0.0,0.0001134598264937,0.1050681631726858,0.8746007086875316,0.0202176683132887,0.0,0.0,0.0,2.181919740264274e-05,0.1790701530834889,0.8207029272635236,0.0002051004555848,0.0,0.0,0.0,0.0,0.0,0.9541185917017228,0.0458814082982771,0.0,0.0,0.0,0.0,0.0,0.030267590636946,0.969732409363054,0.0,0.0,0.0,0,0,0,0,0,1
59,舌左邊,249138,201.2406311035156,12.563944816589355,163.4613037109375,20.328622817993164,172.8692169189453,19.411577224731445,169.61976623535156,21.29155731201172,48.60224151611328,15.70572280883789,201.2406311035156,12.563944816589355,180.50050354003903,17.016897201538086,143.45712280273438,4.517923831939697,128.57876586914062,1.8707637786865232,0.0,0.0,0.0,0.0,0.0119893392417054,0.1576074304200884,0.8304032303382062,0.0,0.0,0.0,0.0007706572261156,0.0814608771042554,0.2619351524054941,0.6332474371633392,0.0225858761007955,0.0,0.0,0.0,0.0003451902158643,0.0252309964758487,0.1936757941381884,0.6683243824707592,0.1124236366993393,0.0,0.0155616565919289,0.0,0.0,0.0,0.0,0.0,5.6193756070932575e-05,0.984382149652,0.1266406569852852,0.6848894989925263,0.1878677680642856,0.0006020759579028,0.0,0.0,0.0,0.0,0.0,0.0,0.0,0.0,0.0119893392417054,0.1576074304200884,0.8304032303382062,0.0,0.0,0.0,0.0,0.0039054660469298,0.1416724867342597,0.5512125809792163,0.3032094662395941,0.0,0.0,0.0,0.0,0.0,1.0,0.0,0.0,0.0,0.0,0.0,0.0,0.2665510680827493,0.7334489319172507,0.0,0.0,0.0,0,0,0,0,0,1
59,舌根,405204,176.45587158203125,29.61545181274414,142.04893493652344,34.20354080200195,134.61538696289062,39.60530853271485,58.46394729614258,76.68880462646484,67.99043273925781,33.248870849609375,176.46304321289062,29.61198616027832,157.70216369628906,32.754764556884766,140.1741180419922,3.560750722885132,137.14788818359375,7.785556793212891,0.0016164697288279,0.0030922695728571,0.0112091687150176,0.0694613083780022,0.1368668621237697,0.3875405968351744,0.390213324646351,0.0,0.0063844384556914,0.0241039081549046,0.0866403095724622,0.147261626242584,0.369843338170403,0.3579406916022546,0.0078256878016998,0.0,0.0096692036603784,0.0522329493292267,0.1080344715254538,0.2200768008213147,0.2796122446964985,0.3098661414990967,0.0205081884680309,0.0,0.6921501268496856,0.0,0.0,0.0,0.0,0.0005922942517842,0.0020631583103819,0.3051944205881482,0.08791867799923,0.4489442354961945,0.2676947907720555,0.1339892992171844,0.0462779242060789,0.0139435938440884,0.0012067995380104,2.46789271576786e-05,0.0016164697288279,0.0030922695728571,0.0112091687150176,0.0694613083780022,0.1364522561475207,0.3879552028114233,0.390213324646351,0.0,0.00408189455188,0.0071371457340006,0.0501475799844029,0.1086465089189642,0.2584352573024945,0.4677865963810821,0.1037650171271754,0.0,0.0,0.0,0.0,0.0,0.9999975321072844,2.46789271576786e-06,0.0,0.0,0.0,0.0,0.0,0.0806828165565986,0.9193171834434012,0.0,0.0,0.0,0,0,0,0,0,-1
6,舌中,152656,139.1813507080078,10.28083324432373,106.31163024902344,9.038651466369627,120.77506256103516,9.752226829528809,166.70692443847656,3.1985113620758057,60.0372200012207,11.9212007522583,139.1813507080078,10.28083324432373,123.94730377197266,8.928450584411621,143.52871704101562,3.4482641220092773,125.13612365722656,1.80852472782135,0.0,0.0,0.0,0.1401386123047898,0.8506118331411802,0.0092495545540299,0.0,0.0,0.0,0.0,0.1199363274289906,0.8781050204381092,0.0019586521329001,0.0,0.0,0.0,0.0,0.0,0.0093019599622681,0.729371921182266,0.2613261188554658,0.0,0.0,0.0,0.0,0.0,0.0,0.0,0.0,0.0,0.000812283827691,0.999187716172309,0.0005175034063515,0.6668064144219683,0.329204223875904,0.0034718582957761,0.0,0.0,0.0,0.0,0.0,0.0,0.0,0.1401386123047898,0.8506118331411802,0.0092495545540299,0.0,0.0,0.0,0.0,0.0045265171365684,0.6100382559480139,0.3854352269154176,0.0,0.0,0.0,0.0,0.0,0.0,0.0,1.0,0.0,0.0,0.0,0.0,0.0,0.0,0.9002004506865109,0.0997995493134891,0.0,0.0,0.0,1,0,0,0,0,0
6,舌右邊,52053,122.38685607910156,9.736855506896973,84.18486785888672,15.905817031860352,104.64222717285156,15.360345840454102,163.46481323242188,2.9226768016815186,80.99563598632812,21.312828063964844,122.38685607910156,9.736855506896973,103.33517456054688,14.331528663635254,147.34710693359375,3.5810582637786865,122.7618179321289,1.690150499343872,0.0,0.0,0.0002113230745586,0.6683764624517319,0.3314122144737095,0.0,0.0,0.0,0.0,0.122548172055405,0.5792941809309742,0.2981576470136207,0.0,0.0,0.0,0.0,0.0,5.7633565788715346e-05,0.3073021727854302,0.6416344879257679,0.051005705723013,0.0,0.0,0.0,0.0,0.0,0.0,0.0,0.0,0.0,0.0173092809252108,0.9826907190747892,0.0,0.2390063973258025,0.5146485313046318,0.2200449541813152,0.0263001171882504,0.0,0.0,0.0,0.0,0.0,0.0002113230745586,0.6683764624517319,0.3314122144737095,0.0,0.0,0.0,0.0,0.0001344783201736,0.3227863907939984,0.6529498780089524,0.0241292528768754,0.0,0.0,0.0,0.0,0.0,0.0,0.0,1.0,0.0,0.0,0.0,0.0,0.0,0.0,0.9972912224079304,0.0027087775920696,0.0,0.0,0.0,1,0,0,0,0,-1
6,舌尖,90589,143.60044860839844,14.23310661315918,92.87507629394533,11.641243934631348,111.51201629638672,12.963827133178713,168.85728454589844,4.906370162963867,90.2745361328125,9.828885078430176,143.60044860839844,14.23310661315918,115.96785736083984,12.4557523727417,151.52633666992188,2.8575994968414307,126.1454620361328,1.789420485496521,0.0,0.0,0.0007175264104913,0.1703738864542052,0.7591650200355452,0.0697435670997582,0.0,0.0,0.0,0.0116349667178134,0.5674971574915276,0.418019847884401,0.0028480279062579,0.0,0.0,0.0,0.0,0.00407334223802,0.1015465453863051,0.8137632604400092,0.0806168519356654,0.0,0.0,0.0,0.0007064875426376,0.0,0.0,0.0,0.0,0.0,0.0,0.9992935124573624,0.0,0.0089194052258,0.6925785691419488,0.2976189162039541,0.000883109428297,0.0,0.0,0.0,0.0,0.0,0.0007175264104913,0.1703738864542052,0.7591650200355452,0.0697435670997582,0.0,0.0,0.0,4.4155471414851694e-05,0.0746779410303679,0.7794544591506695,0.1458234443475477,0.0,0.0,0.0,0.0,0.0,0.0,0.0,1.0,0.0,0.0,0.0,0.0,0.0,0.0,0.8241066796189382,0.1758933203810617,0.0,0.0,0.0,1,0,0,0,0,0
6,舌左邊,92024,135.3387451171875,13.672390937805176,104.57478332519533,11.968199729919434,119.2411651611328,12.991713523864746,165.1002197265625,3.1945836544036865,57.83134841918945,13.485931396484377,135.3387451171875,13.672390937805176,121.58174896240234,12.196380615234377,142.81423950195312,3.5942203998565674,124.68441772460938,1.3258877992630005,0.0,0.0,0.0,0.2834912631487438,0.6912870555507259,0.0252216813005302,0.0,0.0,0.0,3.260019125445536e-05,0.221224897852734,0.7748087455446405,0.0039337564113709,0.0,0.0,0.0,0.0,0.0,0.0660371207511084,0.616980352951404,0.3169825262974876,0.0,0.0,0.0,0.0,0.0,0.0,0.0,0.0,0.0,0.0050312961836042,0.9949687038163956,0.0011953403459966,0.7091519603581674,0.2872402851430061,0.0024124141528296,0.0,0.0,0.0,0.0,0.0,0.0,0.0,0.2834912631487438,0.6912870555507259,0.0252216813005302,0.0,0.0,0.0,0.0,0.0283621663913761,0.579033730331218,0.3926041032774059,0.0,0.0,0.0,0.0,0.0,0.0,0.0,1.0,0.0,0.0,0.0,0.0,0.0,0.0,0.9799834825697644,0.0200165174302355,0.0,0.0,0.0,1,0,0,0,0,-1
6,舌根,151128,98.8907470703125,29.468257904052734,72.876220703125,26.50541305541992,84.5978012084961,29.38232421875,166.1447296142578,12.648076057434082,71.80915069580078,21.498985290527344,98.89080810546876,29.468137741088867,86.18771362304688,30.22201156616211,141.0884552001953,3.843939065933227,125.54076385498048,2.429015636444092,0.0448758668148853,0.0896193954793287,0.2256034619660155,0.5147226192366735,0.1251786565030967,0.0,0.0,0.0,0.0939336191837382,0.2292890794558255,0.4571621407019215,0.2193968027102853,0.0002183579482293,0.0,0.0,0.0,0.075346725954158,0.1475504208353184,0.3357220369488116,0.4219403419617807,0.0194404742999311,0.0,0.0,0.0,0.0050354666243184,0.0,0.0,0.0,0.0,0.0,0.01014371923138,0.9848208141443016,0.0012638293367211,0.4148139325604785,0.433553014663067,0.1351304854163358,0.0152255042083531,1.3233815044200942e-05,0.0,0.0,0.0448758668148853,0.0896193954793287,0.2256034619660155,0.5147226192366735,0.1251786565030967,0.0,0.0,0.0,0.072845534910804,0.1366722248689852,0.3254922979196443,0.4385156953046424,0.0264742469959239,0.0,0.0,0.0,0.0,0.0,0.0,0.0,1.0,0.0,0.0,0.0,0.0,0.0,0.0,0.7930231327086973,0.2069768672913027,0.0,0.0,0.0,1,0,0,0,0,0
60,舌中,372240,213.9817352294922,5.648647785186768,179.8324432373047,11.684186935424805,197.2375946044922,10.85133934020996,164.3942413330078,5.479106903076172,40.86870193481445,9.752649307250977,213.98252868652344,5.647327899932861,195.55023193359375,9.142107009887695,143.19320678710938,3.314143419265747,123.92745208740234,2.088016986846924,0.0,0.0,0.0,0.0,0.0,0.0020336342144852,0.9739012465076294,0.0240651192778852,0.0,0.0,0.0,0.0013593380614657,0.0427197506984741,0.8063050719965613,0.1496158392434988,0.0,0.0,0.0,0.0,0.0,0.0087148076509778,0.1979851708575112,0.7932812164195143,1.880507199656136e-05,0.0006366860090264,0.0,0.0,0.0,0.0,0.0,0.0139748549323017,0.9853884590586718,0.1504513217279174,0.8305260047281324,0.0185794111326026,0.0004432624113475,0.0,0.0,0.0,0.0,0.0,0.0,0.0,0.0,0.0,0.0020228884590586,0.973911992263056,0.0240651192778852,0.0,0.0,0.0,0.0,0.0028637438211906,0.2949387491940683,0.702197506984741,0.0,0.0,0.0,0.0,0.0,0.9996830002149152,0.0003169997850848,0.0,0.0,0.0,0.0,0.0,0.9319605630775843,0.0680394369224156,0.0,0.0,0.0,0,0,0,0,-1,-1
60,舌右邊,254098,213.26902770996097,15.658133506774902,173.6905975341797,18.324676513671875,190.20657348632812,20.555503845214844,164.03591918945312,21.62390899658203,48.08990859985352,12.079398155212402,213.2692108154297,15.658330917358398,190.96351623535156,16.81593132019043,145.0823516845703,2.88329553604126,125.13884735107422,2.368149757385254,0.0,0.000511613629387,0.0024045840581193,0.0019795511967823,0.0051318782516981,0.061759636045935,0.7453187352911081,0.1828940015269699,0.0021802611590803,0.0026721973411833,0.0011176790057379,0.0051869751040936,0.1471833701957512,0.7577942368692394,0.083865280324914,0.0,0.0008579367015875,0.003616714810821,0.0012829695629245,0.0072570425583829,0.0604058276727876,0.3075978559453439,0.6177222961219687,0.0012593566261835,0.0178946705601775,0.0,0.0,0.0,0.0,0.0,0.0029870364977292,0.9791182929420932,0.0216373210336169,0.919818337806673,0.0527001393163267,0.0010507756849719,0.002455745421058,0.0021684546907098,0.0001692260466434,0.0,0.0,0.000511613629387,0.0024045840581193,0.0019795511967823,0.0051318782516981,0.061759636045935,0.7453187352911081,0.1828940015269699,0.000244000346323,0.0029870364977292,0.0018103251501389,0.0014325181622838,0.0424796731969555,0.3399593857488056,0.6110870608977639,0.0,0.0,0.0,0.0,0.0,0.999574967138663,0.0004250328613369,0.0,0.0,0.0,0.0,0.0,0.8862013868664845,0.1137986131335154,0.0,0.0,0.0,0,0,0,0,0,-1
60,舌尖,272518,210.14749145507812,10.814180374145508,164.71646118164062,14.985386848449709,185.615478515625,16.19778823852539,162.47027587890625,22.11875343322754,55.62033462524414,11.420392990112305,210.14749145507812,10.814180374145508,184.41488647460935,12.682483673095703,148.0615692138672,3.685295820236206,123.81360626220705,2.477174997329712,0.0,0.0,0.0,0.0,0.0016109027660558,0.0642673144526233,0.9049347199084096,0.0291870628729111,0.0,0.0,0.0,0.0095956964310614,0.3448432764074299,0.6313527913752486,0.0142082357862599,0.0,0.0,0.0,3.302534144533572e-05,0.0079224124644977,0.0437695858622182,0.5392377751194416,0.4088904219170843,0.0001467792953126,0.0193124857807557,0.0,0.0,0.0,0.0,0.0,0.0012623019396883,0.9794252122795558,0.0016842924137121,0.7463873945941185,0.2507687565591998,0.0011595564329695,0.0,0.0,0.0,0.0,0.0,0.0,0.0,0.0,0.0016109027660558,0.0642673144526233,0.9049347199084096,0.0291870628729111,0.0,0.0,0.0,0.0,0.0352637256988529,0.6470068032203378,0.3177294710808093,0.0,0.0,0.0,0.0,0.0,0.998271673797694,0.0017283262023059,0.0,0.0,0.0,0.0,0.0,0.9603622513008316,0.0396377486991684,0.0,0.0,0.0,0,0,0,0,-1,1
60,舌左邊,246271,212.00128173828125,12.019607543945312,178.6807403564453,16.406017303466797,194.62136840820312,15.519624710083008,165.35784912109375,2.6502492427825928,40.44205474853515,10.536781311035156,212.00128173828125,12.01961612701416,194.1405334472656,14.104537010192873,142.69618225097656,3.228278636932373,124.50399780273438,1.2078242301940918,0.0,0.0,0.0,4.060567423691787e-06,0.0066958756816677,0.0654035594934036,0.8807492559010196,0.0471472483564853,0.0,0.0,0.0004182384446402,0.0116294651014532,0.1091927185904958,0.6966228260737155,0.1821367517896951,0.0,0.0,0.0,8.527191589752752e-05,0.0024485221564861,0.0426806241904243,0.2444827040130587,0.7097425194196637,0.0005603583044694,8.121134847383574e-06,0.0,0.0,0.0,0.0,0.0,0.0062126681582484,0.9937792107069042,0.1930759204291207,0.7788005895943899,0.0279448250098468,0.0001786649666424,0.0,0.0,0.0,0.0,0.0,0.0,0.0,4.060567423691787e-06,0.0066958756816677,0.0654035594934036,0.8807492559010196,0.0471472483564853,0.0,0.0,0.0,0.0008770825635174,0.0371501313593561,0.249485323079047,0.7124874629980793,0.0,0.0,0.0,0.0,0.0,1.0,0.0,0.0,0.0,0.0,0.0,0.0,0.979802737634557,0.0201972623654429,0.0,0.0,0.0,0,0,0,0,0,-1
60,舌根,326939,172.16064453125,35.572235107421875,136.46585083007812,38.31720352172851,150.8150177001953,40.0277214050293,166.94528198242188,10.505501747131348,56.553375244140625,22.432762145996097,172.16539001464844,35.57674026489258,153.8291778564453,37.151466369628906,144.11534118652344,4.073473930358887,125.76956176757812,2.6043717861175537,0.0,0.0001437577040365,0.0295253854694606,0.1310519699393464,0.1424700020493119,0.2894546077402818,0.407305338304699,4.893879286350053e-05,0.001174531028724,0.0515906637017914,0.1303943549102432,0.1546985829160791,0.3401215517267747,0.2968107200425767,0.0252095956738107,0.0,0.0003578649228143,0.021942931250172,0.1148165254068801,0.1292534693016128,0.2016859414141475,0.4016376143561949,0.1301955410642352,0.0001101122839428,0.003330896589272,0.0,0.0,0.0,0.0,5.811481652540688e-05,0.0200067902575098,0.9766041983366928,0.1163244519619867,0.5572905037331123,0.2637709175106059,0.0549919098058047,0.0067076732968535,0.000880898271543,3.364542009365661e-05,0.0,0.0,0.0001437577040365,0.0295253854694606,0.1310489112647925,0.142457767351096,0.2894240209947421,0.4072686342100514,0.0001315230058206,8.258421295715715e-05,0.0090536766797475,0.0966388225326437,0.1377902299817397,0.1979543584583056,0.4299762340987156,0.1284765659649047,2.7528070985719047e-05,0.0,0.0,0.0,0.0,1.0,0.0,0.0,0.0,0.0,0.0,0.0,0.7773346098201805,0.2226653901798194,0.0,0.0,0.0,0,0,0,0,0,-1
64,舌中,392610,136.24887084960938,8.060883522033691,101.10903930664062,10.030440330505373,111.73511505126952,9.041165351867676,170.7646026611328,7.2935662269592285,66.07786560058594,10.916014671325684,136.24887084960938,8.060883522033691,119.00514221191406,9.285730361938477,143.88400268554688,2.626137971878052,127.58984375,1.6638785600662231,0.0,0.0,0.0,0.1448969715493747,0.8546394640992333,0.0004635643513919,0.0,0.0,0.0,0.0004482820101372,0.2890272789791396,0.7100914393418405,0.0004329996688826,0.0,0.0,0.0,0.0,0.0,0.0410636509513257,0.9330276865082398,0.0259086625404345,0.0,0.0,0.0,0.0015817223198594,0.0,0.0,0.0,0.0,0.0,0.0,0.9984182776801406,0.0,0.4657268026795038,0.524999363235781,0.0089248872927332,0.0003489467919818,0.0,0.0,0.0,0.0,0.0,0.0,0.1448969715493747,0.8546394640992333,0.0004635643513919,0.0,0.0,0.0,0.0,0.0089987519421308,0.7999159471230992,0.1910853009347698,0.0,0.0,0.0,0.0,0.0,0.0,0.0,0.999696900231782,0.0003030997682178,0.0,0.0,0.0,0.0,0.0,0.478648022210336,0.521351977789664,0.0,0.0,0.0,1,0,0,0,-1,0
64,舌右邊,251284,138.4136962890625,11.024909973144531,92.57528686523438,11.909501075744627,104.01825714111328,12.906288146972656,170.53622436523438,18.28258895874023,84.9609375,13.355393409729004,138.4136962890625,11.024909973144531,113.5807647705078,11.65539264678955,148.50025939941406,3.074554443359375,129.18995666503906,2.019693374633789,0.0006606071218223,0.0013291733655943,0.0033985450725076,0.1092190509542987,0.8738319988538864,0.0115407268270164,1.989780487416628e-05,0.0,0.0018743732191464,0.0123326594610082,0.5560720141354005,0.428137087916461,0.0015639674631094,1.989780487416628e-05,0.0,0.0,0.0017947819996497,0.0072865761449196,0.1957824612788717,0.7787324302382961,0.0163639547285143,3.979560974833256e-05,0.0,0.0,0.0114014421928972,0.0,0.0,0.0,0.0,0.0,0.0,0.9885985578071028,0.0,0.0519093933557249,0.7544969039015615,0.1912059661578134,0.0023877365848999,0.0,0.0,0.0,0.0006606071218223,0.0013291733655943,0.0033985450725076,0.1092190509542987,0.8738319988538864,0.0115407268270164,1.989780487416628e-05,0.0,0.0014525397558141,0.0028334474140812,0.0500031836487798,0.8668797058308527,0.0787475525700004,8.357078047149838e-05,0.0,0.0,0.0,0.0,0.0,0.0,1.0,0.0,0.0,0.0,0.0,0.0,0.0,0.1502602632877541,0.8497397367122459,0.0,0.0,0.0,-1,0,0,0,-1,0
64,舌尖,256707,135.1283721923828,13.857514381408691,79.41578674316406,16.00889015197754,90.81293487548828,15.928547859191896,169.90711975097656,23.94401741027832,106.58258819580078,19.11056327819824,135.1283721923828,13.857514381408691,103.45252990722656,14.809297561645508,152.88648986816406,4.237292289733887,131.58404541015625,3.1656413078308105,0.0,0.0,0.0041525942027291,0.2416802035004888,0.721261983506488,0.0287487290958174,0.0040902663347707,6.622335970581246e-05,0.0001791926203804,0.1333309960382848,0.7417873295235424,0.1123342955197949,0.010829467057774,0.0015036598144966,3.50594257266066e-05,0.0,0.0,0.0330298745262108,0.6225774910695852,0.3229830117604896,0.0173933706521442,0.0038565368299267,0.0001597151616434,0.0,0.0212148480563443,0.0,0.0,0.0,0.0,0.0,0.0001012827854324,0.9786838691582233,1.16864752422022e-05,0.0106970203383624,0.2848773114874156,0.5630037357765858,0.1389911455472581,0.0024191003751358,0.0,0.0,0.0,0.0,0.0041525942027291,0.2416802035004888,0.721261983506488,0.0287487290958174,0.0040902663347707,6.622335970581246e-05,0.0,0.0042460860046667,0.2509047279583338,0.6992018137409576,0.0384718764973296,0.0068911249011518,0.0002843708975602,0.0,0.0,0.0,0.0,0.0,0.9581780005999058,0.0418219994000942,0.0,0.0,0.0,0.0,0.0,0.0621214068957994,0.9378785931042004,0.0,0.0,0.0,-1,0,0,0,-1,-1
64,舌左邊,253367,139.5264892578125,8.477408409118652,92.94847106933594,9.721976280212402,101.4783172607422,10.436405181884766,172.52488708496094,18.07019424438477,85.40780639648438,11.635127067565918,139.5264892578125,8.477408409118652,113.9061050415039,9.139358520507812,148.3221435546875,2.634939193725586,130.935791015625,1.8000571727752686,0.0,0.0,0.0002525980100013,0.0700683198680175,0.9222945371733492,0.0073687575730067,1.5787375625081403e-05,0.0,0.0,0.0096855549459874,0.5990164464985575,0.3906783440621706,0.0006196544932844,0.0,0.0,0.0,0.0,0.0006512292445346,0.2337478835049552,0.7600634652500128,0.0055255814687784,1.1840531718811052e-05,0.0,0.0,0.0108301396788058,0.0,0.0,0.0,0.0,0.0,0.0,0.989169860321194,0.0,0.0385843460276989,0.8006528079820971,0.1596340486330106,0.0011287973571933,0.0,0.0,0.0,0.0,0.0,0.0002525980100013,0.0700683198680175,0.9222945371733492,0.0073687575730067,1.5787375625081403e-05,0.0,0.0,0.0,0.0431903128663164,0.9023077196319964,0.0544269774674681,7.499003421913666e-05,0.0,0.0,0.0,0.0,0.0,0.0,1.0,0.0,0.0,0.0,0.0,0.0,0.0,0.0053361329612775,0.9946638670387224,0.0,0.0,0.0,-1,0,0,0,-1,0
64,舌根,410369,102.16026306152344,32.72639465332031,69.9625473022461,24.84883499145508,73.81588745117188,26.96325302124023,120.78244018554688,80.51766967773438,83.61927032470703,22.2493953704834,102.16026306152344,32.72639465332031,84.3615493774414,29.816343307495117,142.31381225585938,5.965181350708008,131.38694763183594,1.3898173570632937,0.0250311305191181,0.1467094249321951,0.1717576132700082,0.4007466450925874,0.2557308178736698,2.436831242125989e-05,0.0,0.0,0.1059266172639746,0.2432152526141107,0.5107013443997963,0.1401567857221184,0.0,0.0,0.0,0.0,0.1089361038480002,0.2123211061264374,0.4258313858990323,0.25291140412653,0.0,0.0,0.0,0.0,0.3149921168509317,0.0,0.0,0.0,0.0,0.0,0.0,0.6850078831490682,0.0,0.237766497956717,0.450872263743119,0.2804865864624277,0.0277920603164469,0.0030557863776259,2.680514366338588e-05,0.0,0.0250311305191181,0.1467094249321951,0.1717576132700082,0.4007466450925874,0.2557308178736698,2.436831242125989e-05,0.0,0.0,0.0810441334506261,0.1688870260667838,0.261808274991532,0.4857238241680049,0.0025367413230531,0.0,0.0,0.0,0.0,0.0,0.0,0.0,1.0,0.0,0.0,0.0,0.0,0.0,0.0,0.0019592123186692,0.9980407876813308,0.0,0.0,0.0,-1,0,0,0,0,0
68,舌中,246390,136.11151123046875,15.63233757019043,114.72158813476562,16.37059211730957,135.07130432128906,17.12240219116211,150.80177307128906,5.774203777313232,42.79859924316406,10.334970474243164,137.4799041748047,15.901947975158691,129.78282165527344,16.241458892822266,140.19447326660156,2.477731704711914,120.06292724609376,1.5320411920547483,0.0,0.0,0.0068671618166321,0.2912131174154795,0.6610982588579082,0.0407889930597832,3.246885019684241e-05,0.0,1.2175818823815902e-05,0.0053492430699297,0.1083688461382361,0.6492268355046877,0.2365518081090953,0.0004910913592272,0.0,0.0,0.0,0.0003165712894192,0.0158488575023337,0.3132838183367831,0.6079183408417549,0.0625350054791184,9.74065505905272e-05,0.0,0.0,0.0,0.0,0.0,0.0,0.0016275011161167,0.8875968992248062,0.110775599659077,0.0685173911278866,0.8928933804131661,0.0351799991882787,0.003238767807135,0.0001664028572588,4.058606274605301e-06,0.0,0.0,0.0,0.0,0.0064856528268192,0.2647185356548561,0.6601363691708267,0.0685620357969073,9.74065505905272e-05,0.0,0.0,0.0005357360282478,0.0231827590405454,0.4068874548480052,0.5569950079142822,0.0123909249563699,8.117212549210602e-06,0.0,0.0,0.0,0.0,0.0,1.0,0.0,0.0,0.0,0.0,0.0,0.0,0.9998011282925444,0.0001988717074556,0.0,0.0,0.0,-1,0,0,0,1,-1
68,舌右邊,180565,134.62916564941406,20.41634178161621,106.10214233398438,24.30201530456543,127.1632080078125,26.54848861694336,155.9386749267578,11.106367111206056,57.5989875793457,22.411401748657227,135.11813354492188,20.93671607971191,122.84200286865234,23.987815856933594,143.2164306640625,3.571470022201538,120.82166290283205,2.605653762817383,0.0102843851244704,0.0014399246808628,0.0053000304599451,0.2779497687813252,0.6432918893473264,0.0613352532329078,0.000398748373162,0.0,0.0113255614321712,0.0306703957023786,0.2529836900839033,0.5169384986016116,0.1845263478525738,0.0035388918118129,1.6614515548417468e-05,0.0,0.0113034087447733,0.003810262232437,0.0994046465261817,0.3355965995624844,0.4761277102428488,0.0727494254146706,0.0010079472766039,0.0,0.0030349181735109,0.0,0.0,0.0,0.0,0.0001716833273336,0.5851300085841664,0.4116633899149891,0.027862542574696,0.6586437017140642,0.2529283083654086,0.0505358181264364,0.0061252180655165,0.0020269708969069,0.0007144241685819,0.0011630160883892,0.0102843851244704,0.0014399246808628,0.0053000304599451,0.2768864397862265,0.6267216791737048,0.0783485171544873,0.0010190236203029,0.0,0.0111981834796333,0.0020103563813585,0.0950405671087973,0.4420624151967435,0.4216597901032869,0.027873618918395,0.0001550688117852,0.0,0.0,0.0,0.0,0.0,1.0,0.0,0.0,0.0,0.0,0.0,0.0,0.969290837094675,0.0307091629053249,0.0,0.0,0.0,1,0,0,0,1,-1
68,舌尖,172608,133.6969757080078,13.885323524475098,103.37893676757812,20.27760124206543,123.60358428955078,22.28106689453125,156.40232849121094,17.65799331665039,60.319969177246094,20.64166259765625,134.1115264892578,14.382516860961914,120.65550994873048,18.86130714416504,143.83840942382812,3.521540641784668,121.58391571044922,3.2997872829437256,0.0,0.0,0.0032037912495365,0.3156632369299221,0.6646679180571005,0.0164302929180571,3.476084538375973e-05,0.0,0.0,0.0267426770485724,0.3114455876900259,0.5441346866889136,0.117086114200964,0.0005909343715239,0.0,0.0,0.0,0.0078096032628846,0.1172541249536522,0.3946109102706711,0.4562418891360771,0.0240197441601779,6.372821653689284e-05,0.0,0.0107874490174267,0.0,0.0,0.0,0.0,0.0001216629588431,0.4771041898405636,0.5119866981831664,0.0180408787541713,0.6106263904338154,0.2961971635150167,0.0727544493882091,0.0023811179087875,0.0,0.0,0.0,0.0,0.0,0.0032037912495365,0.3148058027437894,0.6547958379681127,0.0271250463477938,6.952169076751947e-05,0.0,0.0,0.0007531516499814,0.1155682239525398,0.4881117908787541,0.3893620226177234,0.0062048109010011,0.0,0.0,0.0,0.0,0.0,0.0,0.9997856414534668,0.0002143585465331,0.0,0.0,0.0,0.0,0.0,0.956137606599926,0.0438623934000741,0.0,0.0,0.0,-1,0,0,0,1,-1
68,舌左邊,139746,122.70974731445312,15.536786079406738,94.0930404663086,20.90668678283691,117.71272277832033,22.013437271118164,153.81236267089844,7.076564788818359,63.408348083496094,20.092792510986328,123.88931274414062,16.75271987915039,110.91989135742188,19.970773696899418,144.05856323242188,3.325281143188477,119.27486419677734,2.2523350715637207,0.0,7.871423869019507e-05,0.0294248135903711,0.5982353698853634,0.364160691540366,0.0080646315458045,3.577919940463412e-05,0.0,3.577919940463412e-05,0.0734546963777138,0.4501810427489874,0.4148383495770898,0.061017846664663,0.0004722854321411,0.0,0.0,0.0,0.0033847122636783,0.1713895209880783,0.4772873642179382,0.327494167990497,0.0203297411017131,0.0001144934380948,0.0,0.0,0.0,0.0,0.0,0.0,5.7246719047414594e-05,0.6646129406208406,0.3353298126601119,0.0043507506476035,0.5906215562520573,0.315171811715541,0.0879953630157571,0.0018605183690409,0.0,0.0,0.0,0.0,7.871423869019507e-05,0.0293532551915618,0.575100539550327,0.3746511528058048,0.0207018447755213,0.0001144934380948,0.0,0.0,0.0040859845720092,0.2337311980307128,0.5485523735920885,0.2098378486682982,0.0037711276172484,2.1467519642780472e-05,0.0,0.0,0.0,0.0,0.0,1.0,0.0,0.0,0.0,0.0,0.0,0.0,0.9982325075494112,0.0017674924505889,0.0,0.0,0.0,1,0,0,0,1,-1
68,舌根,252301,80.18409729003906,27.809242248535156,60.61061477661133,25.74183464050293,76.0102310180664,29.52016258239746,155.56788635253906,7.884663105010986,68.86695098876953,24.674272537231445,80.69369506835938,28.272489547729492,71.13223266601562,29.59354591369629,139.58778381347656,3.568786859512329,122.08124542236328,2.4137215614318848,0.0345222571452352,0.2802287743607833,0.3354406046745752,0.3286035330815177,0.0211533049809552,5.1525756933186945e-05,0.0,0.0,0.1473161025917455,0.3904225508420498,0.366122211168406,0.0958656525340763,0.0002734828637223,0.0,0.0,0.0,0.0708875509807729,0.2975216110915137,0.3245647064419086,0.2858530089060289,0.021141414421663,3.170815811273043e-05,0.0,0.0,0.0004676953321627,0.0,0.0,3.963519764091304e-06,0.0002417747056095,0.0038842493688094,0.6138937221810457,0.3815085948926084,0.014022932925355,0.4656343018854463,0.3598915580992544,0.1409942885680199,0.01910416526292,0.0002814099032504,4.7562237169095645e-05,2.3781118584547822e-05,0.0345182936254711,0.2788494694828796,0.3291623893682546,0.3291504988089623,0.0282678229574991,5.1525756933186945e-05,0.0,0.0,0.1048232072009227,0.3082429320533806,0.3446438975667952,0.2311326550429843,0.0111414540568606,1.5854079056365215e-05,0.0,0.0,0.0,0.0,0.0,2.3781118584547822e-05,0.9999762188814154,0.0,0.0,0.0,0.0,0.0,0.0,0.9859176142781836,0.0140823857218164,0.0,0.0,0.0,0,0,0,0,1,-1
7,舌中,276271,147.26087951660156,12.81743335723877,115.17084503173828,11.809122085571287,122.4235610961914,14.182778358459473,154.4348602294922,52.66291809082031,56.11994171142578,9.585944175720217,147.26087951660156,12.81743335723877,132.07481384277344,12.094120025634766,141.77517700195312,3.0032737255096436,128.8804168701172,2.2731785774230957,0.0,0.0,0.0013501236105128,0.0773552055771326,0.7659399647447614,0.155354706067593,0.0,0.0,0.0,0.0018460135157146,0.0631228033344071,0.8251969985992015,0.1098341845506766,0.0,0.0,0.0,0.0,0.000995399444748,0.0574978915629943,0.5241013352831096,0.4174053737091479,0.0,0.0,0.0,0.1066597652305164,0.0,0.0,0.0,0.0,0.0,0.0,0.8933402347694835,0.0043218434073789,0.8015716452323987,0.1918840558726757,0.0021717806067231,5.067488082353921e-05,0.0,0.0,0.0,0.0,0.0,0.0013501236105128,0.0773552055771326,0.7659399647447614,0.155354706067593,0.0,0.0,0.0,9.411049295800138e-05,0.0157924646452215,0.2488390022839892,0.7352418458687303,3.257670910084663e-05,0.0,0.0,0.0,0.0,0.0,0.0,1.0,0.0,0.0,0.0,0.0,0.0,0.0,0.2597630587358065,0.7402369412641935,0.0,0.0,0.0,0,-1,0,0,0,0
7,舌右邊,184635,150.119384765625,11.218164443969728,111.10836029052734,15.1008939743042,121.46484375,16.375045776367188,171.96202087402344,3.121906995773315,67.0883560180664,14.831570625305176,150.119384765625,11.218164443969728,130.07904052734375,13.977272987365724,145.14413452148438,2.9501593112945557,128.4730224609375,1.9572852849960327,0.0,0.0,3.249654724185555e-05,0.058033417282747,0.7792184580388334,0.1627156281311777,0.0,0.0,0.0,0.0041487258645435,0.1503994367265144,0.7837408941966583,0.0617109432122836,0.0,0.0,0.0,0.0,0.00087740677553,0.1057708451810328,0.4278332927126493,0.4655184553307878,0.0,0.0,0.0,0.0001299861889674,0.0,0.0,0.0,0.0,0.0,0.0,0.9998700138110326,0.0,0.5152381726108267,0.4122566144013865,0.0724673003493378,3.791263844883148e-05,0.0,0.0,0.0,0.0,0.0,3.249654724185555e-05,0.058033417282747,0.7792184580388334,0.1627156281311777,0.0,0.0,0.0,0.0,0.0337530804018739,0.2517020066617922,0.7145449129363338,0.0,0.0,0.0,0.0,0.0,0.0,0.0,1.0,0.0,0.0,0.0,0.0,0.0,0.0,0.3910851138733176,0.6089148861266823,0.0,0.0,0.0,0,-1,-1,0,0,0
7,舌尖,175721,155.3960723876953,11.019694328308104,109.99286651611328,14.90438747406006,122.74958801269533,15.469157218933104,171.4637451171875,2.1797659397125244,75.32452392578125,13.888407707214355,155.3960723876953,11.019694328308104,131.0386962890625,13.714998245239258,148.04115295410156,2.6261801719665527,128.31243896484375,1.6703035831451416,0.0,0.0,0.0,0.0423910631057187,0.5210020430113647,0.4366068938829167,0.0,0.0,0.0,0.0026234769890906,0.1550526118107682,0.7849887036836803,0.0573352075164607,0.0,0.0,0.0,0.0,0.0,0.0732638671530437,0.4577369807820352,0.4689422436703638,5.6908394557281146e-05,0.0,0.0,3.98358761900968e-05,0.0,0.0,0.0,0.0,0.0,0.0,0.99996016412381,0.0,0.1945584193124327,0.7062787031715049,0.0991514958371509,1.1381678911456228e-05,0.0,0.0,0.0,0.0,0.0,0.0,0.0423910631057187,0.5210020430113647,0.4366068938829167,0.0,0.0,0.0,0.0,0.0294500941833929,0.2709465573266713,0.6989659744708941,0.0006373740190415,0.0,0.0,0.0,0.0,0.0,0.0,1.0,0.0,0.0,0.0,0.0,0.0,0.0,0.3472834777858082,0.6527165222141919,0.0,0.0,0.0,0,-1,-1,0,0,0
7,舌左邊,157745,152.06387329101562,12.148933410644531,117.5456314086914,12.683507919311523,124.04827880859376,14.529611587524414,162.50100708007812,42.93110275268555,58.564353942871094,9.350748062133787,152.06387329101562,12.148933410644531,135.0210418701172,12.526549339294434,142.57763671875,2.324488639831543,129.6396026611328,1.8024141788482664,0.0,0.0,0.0001077688674759,0.049541982313227,0.6301309074772576,0.3202193413420394,0.0,0.0,0.0,0.0011220640907794,0.0614979872579162,0.7368981584202352,0.2004817902310691,0.0,0.0,0.0,0.0,0.0002979492218453,0.0480015214428349,0.4559954356714951,0.4957050936638245,0.0,0.0,0.0,0.0669371453928809,0.0,0.0,0.0,0.0,0.0,0.0,0.9330628546071192,3.169672572823227e-05,0.7675552315445815,0.2283178547656027,0.0040952169640876,0.0,0.0,0.0,0.0,0.0,0.0,0.0001077688674759,0.049541982313227,0.6301309074772576,0.3202193413420394,0.0,0.0,0.0,0.0,0.0109670671019683,0.211062157279153,0.7773558591397509,0.0006149164791277,0.0,0.0,0.0,0.0,0.0,0.0,1.0,0.0,0.0,0.0,0.0,0.0,0.0,0.0416241402263146,0.9583758597736852,0.0,0.0,0.0,0,-1,-1,0,0,0
7,舌根,232413,87.68135833740234,27.282188415527344,64.96174621582031,25.04714584350586,67.34796142578125,24.782304763793945,140.52711486816406,70.09233093261719,72.14410400390625,23.182592391967773,87.68135833740234,27.282188415527344,75.84764862060547,28.257871627807617,138.3295135498047,2.345395803451538,130.46937561035156,1.3594212532043457,0.0040832483552985,0.2018174542732119,0.4105407184623924,0.2899149359115023,0.0936135242004535,3.011879714129588e-05,0.0,0.0,0.1089827161131262,0.3629702297203684,0.4029722950093153,0.1242959731168222,0.0007744833550618,4.302685305899412e-06,0.0,0.0,0.0862301162155301,0.3511636612409805,0.4257248949069114,0.1340931875583551,0.002779534707611,8.605370611798823e-06,0.0,0.0,0.2023423818805316,0.0,0.0,0.0,0.0,0.0,0.0,0.7976576181194683,0.0006755215930262,0.4286464182296171,0.4260346882489361,0.1088364248127256,0.0340342407696643,0.0017727063460305,0.0,0.0,0.0040832483552985,0.2018174542732119,0.4105407184623924,0.2899149359115023,0.0936135242004535,3.011879714129588e-05,0.0,0.0,0.0705683417020562,0.2645420006626135,0.4126662450035067,0.2233136700614853,0.0288882291438086,2.151342652949706e-05,0.0,0.0,0.0,0.0,0.0,0.0,1.0,0.0,0.0,0.0,0.0,0.0,0.0,0.0108083454884193,0.9891916545115806,0.0,0.0,0.0,0,-1,0,0,0,0
70,舌中,152481,147.3460235595703,8.009406089782715,109.90729522705078,14.34444808959961,118.85784912109376,14.702996253967283,171.6912078857422,11.498696327209473,65.1832046508789,18.9930419921875,147.3460235595703,8.009439468383789,128.4894561767578,12.0364408493042,144.34756469726562,4.510335922241211,128.94065856933594,2.4278180599212646,0.0,0.0,0.0,0.0190318793816934,0.9425108702067798,0.0384572504115266,0.0,0.0,0.0,0.0007869832962795,0.1552324551911385,0.7294679337097737,0.1144929532204012,1.967458240698841e-05,0.0,0.0,0.0,8.525652376361645e-05,0.0620798656881841,0.6427358162656331,0.2943907765557676,0.0007082849666515,0.0,0.0,0.0041906860526885,0.0,0.0,0.0,0.0,0.0,0.0007410759373298,0.9950682380099816,0.0076271797797758,0.5131393419508005,0.4071392501360825,0.0694578340908047,0.0026363940425364,0.0,0.0,0.0,0.0,0.0,0.0,0.0190318793816934,0.9425043120126442,0.0384638086056623,0.0,0.0,0.0,0.0,0.0051875315613092,0.460011411257796,0.5332926725296923,0.0015083846512024,0.0,0.0,0.0,0.0,0.0,0.0,0.9984522661839836,0.0015477338160164,0.0,0.0,0.0,0.0,0.0,0.2810251769072868,0.7189748230927132,0.0,0.0,0.0,0,0,0,0,0,1
70,舌右邊,89262,134.80108642578125,19.999937057495117,83.25141906738281,24.621967315673828,89.96492004394531,27.34205436706543,161.8197021484375,46.6475715637207,100.7873764038086,28.955570220947266,134.80108642578125,19.999937057495117,105.4889678955078,23.615610122680664,150.56581115722656,4.988863945007324,133.55812072753906,4.288646221160889,0.0004481190204118,0.0099818511796733,0.0511303802289888,0.2161278035446214,0.7012278461159284,0.0206582868409849,0.0004257130693912,0.0,0.0232685801348838,0.1893526920750151,0.450796531558782,0.3083955098474155,0.0278393941430844,0.0003472922408191,0.0,0.0,0.0123456790123456,0.1568304541686271,0.3925522618807555,0.3476059241334498,0.0898478635925701,0.0007730053102103,4.481190204118214e-05,0.0,0.0766955703434832,0.0,0.0,0.0,0.0,0.0,0.0,0.9233044296565168,0.0003360892653088,0.124375434115301,0.2920839775044251,0.3888776859133785,0.1879635231117384,0.0051757746857565,0.0005265398489838,0.0006609755551074,0.0004481190204118,0.0099818511796733,0.0511303802289888,0.2161278035446214,0.7012278461159284,0.0206582868409849,0.0004257130693912,0.0,0.0041002890367681,0.0563397638412762,0.2823261858349578,0.4824001254733257,0.1736797293361116,0.0010978916000089,5.6014877551477675e-05,0.0,0.0,0.0,0.0,0.0,0.9952051264815936,0.0047948735184064,0.0,0.0,0.0,0.0,0.0,0.0886267392619479,0.911373260738052,0.0,0.0,0.0,0,0,0,0,0,1
70,舌尖,89526,140.90850830078125,10.74754810333252,81.20014190673828,14.253595352172852,88.610595703125,15.857677459716797,169.93666076660156,32.21136474609375,108.92901611328124,16.221660614013672,140.90869140625,10.74844741821289,106.34646606445312,12.9553804397583,153.88987731933594,3.1366095542907715,134.67095947265625,3.0041348934173584,0.0,0.0,0.0,0.1264325447356075,0.8462122735294775,0.0266626454884614,0.0006925362464535,0.0,0.0,0.0827580814511985,0.7763889819717177,0.1338270446574179,0.0059312378526908,0.001083484127516,1.1169939458928132e-05,0.0,0.0,0.0283716462256774,0.6757366575073163,0.2789580680472712,0.0145209212966065,0.0021446283761142,0.0002680785470142,0.0,0.0346603221410539,0.0,0.0,0.0,0.0,0.0,0.0004691374572749,0.964870540401671,0.0008600853383374,0.0074391796796461,0.178261063825034,0.7132788240287737,0.099468310881755,0.0006925362464535,0.0,0.0,0.0,0.0,0.0,0.1264325447356075,0.8462122735294775,0.0266514755490025,0.0007037061859124,0.0,0.0,0.0,0.1961888166566137,0.752719880258249,0.0478073408842124,0.0030717333512052,0.0002122288497196,0.0,0.0,0.0,0.0,0.0,0.9610839309250944,0.0389160690749056,0.0,0.0,0.0,0.0,0.0,0.0148783593592922,0.9851216406407076,0.0,0.0,0.0,0,0,0,0,0,1
70,舌左邊,97275,134.8354949951172,19.425838470458984,83.3945083618164,20.82948112487793,90.2818832397461,24.27802467346191,146.1632537841797,64.29869079589844,99.53650665283205,24.728469848632812,134.8359832763672,19.42272186279297,105.64379119873048,20.70592498779297,150.4746551513672,4.946756839752197,133.3324432373047,4.41724157333374,0.0070110511436648,0.0077512207658699,0.0110922641994345,0.2445849396042148,0.7172140837830892,0.0123464405037265,0.0,0.0,0.0161912104857363,0.1066049858648162,0.5706296581855564,0.2985145206887689,0.008059624775122,0.0,0.0,0.0,0.0152968388589051,0.0892212798766384,0.4890156772038036,0.3444667180673348,0.0619480853251092,5.140066820868672e-05,0.0,0.0,0.1630531996915959,0.0,0.0,0.0,0.0,2.0560267283474684e-05,0.0012541763042919,0.8356720637368286,3.0840400925212025e-05,0.0833718838344898,0.328141865844256,0.4952043176561295,0.087432536622976,0.0033513235672063,0.0015317399126188,0.000935492161398,0.0070110511436648,0.0077512207658699,0.0110922641994345,0.2445849396042148,0.7172140837830892,0.0123464405037265,0.0,0.0,0.0136417373425854,0.0079773837059881,0.2783243382163968,0.5578411719352352,0.1420817270624518,0.0001336417373425,0.0,0.0,0.0,0.0,0.0,0.0,0.9840555127216654,0.0159444872783346,0.0,0.0,0.0,0.0,0.0,0.1030686198920586,0.8969313801079414,0.0,0.0,0.0,0,0,0,0,0,1
70,舌根,143447,90.52812957763672,31.680442810058594,60.85846328735352,29.557666778564453,64.95130157470703,30.82311248779297,159.28799438476562,50.72694396972656,92.64398193359376,34.48002624511719,90.53059387207033,31.682693481445312,73.53418731689453,33.152530670166016,141.78359985351562,4.266061305999756,130.98953247070312,2.2035536766052246,0.0175744351572357,0.2276589960054933,0.2777890091810913,0.3440992143439737,0.1328434892329571,3.485607924878178e-05,0.0,0.0,0.2004503405438942,0.3348344684796475,0.3160191569011551,0.1462142812327898,0.0024817528425132,0.0,0.0,0.0,0.1733532245358913,0.3194489950992352,0.3080022586739353,0.1900353440643582,0.0091601776265798,0.0,0.0,0.0,0.0926056313481634,0.0,0.0,0.0,0.0,0.0005088987570322,0.0009202004921678,0.9059652694026366,0.0052841816141153,0.2243337260451595,0.3514817319288657,0.2219425990086931,0.1702858895619985,0.0261350882207365,0.0005367836204312,0.0,0.0175744351572357,0.2276589960054933,0.2777890091810913,0.344092243128124,0.1328504604488068,3.485607924878178e-05,0.0,0.0,0.1316583825384985,0.2696396578527261,0.289612191262278,0.276652700997581,0.0324300961330665,6.971215849756356e-06,0.0,0.0,0.0,0.0,0.0,0.0,1.0,0.0,0.0,0.0,0.0,0.0,0.0,0.0392897725292268,0.9607102274707732,0.0,0.0,0.0,0,0,0,0,0,1
72,舌中,475242,131.4119110107422,12.83072566986084,99.53215789794922,15.998793601989746,110.73600769042967,15.279467582702637,169.3829345703125,6.795049667358398,62.65470123291016,20.02601432800293,131.4119110107422,12.83072566986084,116.51226043701172,14.92063331604004,142.7784881591797,4.348329067230225,126.8126449584961,1.9131369590759275,0.0,0.0,0.0097445091132517,0.308346063689657,0.6801608443698158,0.0017485828272753,0.0,0.0,0.0004481927102402,0.0304455414294191,0.2954957684716418,0.6637712996746921,0.0098391977140067,0.0,0.0,0.0,0.0,0.010645102915988,0.1398845219909014,0.7371991532734902,0.1122417631438298,2.94586757904394e-05,0.0,0.0,0.0012309518098147,0.0,0.0,0.0,0.0,0.0,0.0004439843279844,0.9983250638622008,0.0040652972590806,0.6247617003547666,0.3041145353314732,0.0506142133902306,0.0143106038607698,0.0021273372302953,6.312573383665585e-06,0.0,0.0,0.0,0.0097445091132517,0.308346063689657,0.6801608443698158,0.0017485828272753,0.0,0.0,0.0,0.004944849150538,0.0904234053387537,0.6742144002424029,0.2303584279167245,5.8917351580878795e-05,0.0,0.0,0.0,0.0,0.0,0.0,0.9988237571595104,0.0011762428404896,0.0,0.0,0.0,0.0,0.0,0.6741428577440546,0.3258571422559453,0.0,0.0,0.0,0,0,0,0,0,1
72,舌右邊,325141,136.2521514892578,14.341164588928224,92.4200668334961,19.730491638183594,104.90364837646484,20.233203887939453,171.08953857421875,6.658441543579102,83.38993072509766,26.641380310058594,136.2521514892578,14.341164588928224,112.9736328125,17.85776138305664,147.9412384033203,5.649736404418945,128.4563446044922,2.602062463760376,0.0,0.0001845353246745,0.0207602240258841,0.1953860017653879,0.7628505786720223,0.020818660212031,0.0,0.0,0.0070892320562463,0.063363279315743,0.4674033726906173,0.4388126997210441,0.023303735917648,2.7680298701178872e-05,0.0,0.0,0.0019837547402511,0.0300485020345019,0.2521921258776961,0.5982512202398345,0.1169369596575024,0.0005874374502139,0.0,0.0,0.0012640669740205,0.0,0.0,0.0,0.0,0.0,7.996530735896118e-05,0.9986559677186204,0.0010180198744544,0.2756065829901489,0.3841502609637049,0.2854638449165131,0.0493047631642887,0.0044565280908897,0.0,0.0,0.0,0.0001845353246745,0.0207602240258841,0.1953860017653879,0.7628505786720223,0.020818660212031,0.0,0.0,9.22676623372629e-06,0.0191916737661506,0.1176012868263307,0.662777072101027,0.1996979771852827,0.0007227633549752,0.0,0.0,0.0,0.0,0.0,0.0,0.987706871787932,0.0122931282120679,0.0,0.0,0.0,0.0,0.0,0.3938106852104164,0.6061893147895836,0.0,0.0,0.0,0,0,0,0,0,1
72,舌尖,343340,133.08499145507812,12.631744384765623,78.17803955078125,17.444744110107422,95.98961639404295,18.55448532104492,169.59762573242188,6.541381359100342,106.0628890991211,26.303369522094727,133.0850067138672,12.631760597229004,102.5644989013672,15.261798858642578,153.55606079101562,5.635089874267578,127.92415618896484,3.381396532058716,0.0,2.9125648045669015e-06,0.0157919263703617,0.227430535329411,0.7492835090580765,0.0074066522980136,8.155181452787324e-05,2.9125648045669015e-06,0.0017125881050853,0.2172685967262771,0.6093260325042232,0.1693831187743927,0.0022426748995165,6.116386089590494e-05,5.825129609133803e-06,0.0,7.863924972330634e-05,0.0453020329702335,0.4226015028834392,0.501936855595037,0.0292071998601968,0.0008417312285198,3.203821285023592e-05,0.0,0.0011825013106541,0.0,0.0,0.0,0.0,0.0,0.00124366517155,0.9975738335177956,2.9125648045669017e-05,0.0576949962136657,0.2935078930506203,0.4181540164268655,0.2192899167006466,0.011277450923283,4.660103687307042e-05,0.0,0.0,2.9125648045669015e-06,0.0157919263703617,0.227430535329411,0.7492835090580765,0.0074066522980136,8.155181452787324e-05,2.9125648045669015e-06,0.0,0.0122444224383992,0.2726335410962894,0.679408166831712,0.0351197064134677,0.0005708627016951,2.330051843653521e-05,0.0,0.0,0.0,0.0,0.0,0.856489194384575,0.1435108056154249,0.0,0.0,0.0,0.0,0.0,0.5095969010310479,0.490403098968952,0.0,0.0,0.0,0,0,0,0,-1,1
72,舌左邊,332256,135.00997924804688,13.57512664794922,96.12095642089844,20.18160057067871,109.23777770996094,20.041196823120117,169.6017303466797,3.957803010940552,75.21147918701172,24.906078338623047,135.00997924804688,13.57512664794922,115.23302459716795,18.27754783630371,146.01771545410156,4.827061176300049,127.10814666748048,2.357203722000122,0.0,0.0005658287585476,0.0114008475392468,0.2276347154001733,0.7526124434171242,0.0077771357025907,9.02918231724935e-06,0.0,0.0016071944524703,0.0709302465568718,0.3567098863526919,0.540920254261774,0.0298203794664355,1.2038909756332468e-05,0.0,0.0,0.0002498073774438,0.0313282529134161,0.1864074689396128,0.6112967109698546,0.1705672734277183,0.0001504863719541,0.0,0.0,0.0002528171048829,0.0,0.0,0.0,0.0,0.0,0.0001926225561013,0.9995545603390156,0.0018660310122315,0.4012117162669749,0.3971094577675045,0.1593319608976211,0.0381031493787922,0.0023776846768756,0.0,0.0,0.0,0.0005658287585476,0.0114008475392468,0.2276347154001733,0.7526124434171242,0.0077771357025907,9.02918231724935e-06,0.0,0.0002167003756139,0.0095498651642107,0.1376468746990272,0.5829751757680824,0.2692923528845228,0.0003190311085428,0.0,0.0,0.0,0.0,0.0,0.0,0.9960121111432148,0.0039878888567851,0.0,0.0,0.0,0.0,0.0,0.6300623615525378,0.3699376384474622,0.0,0.0,0.0,0,0,0,0,0,1
72,舌根,336322,87.95869445800781,32.04492950439453,61.83378601074219,25.63255500793457,68.93586730957031,27.848461151123047,170.5288848876953,16.631620407104492,78.93212127685547,18.72147560119629,87.95869445800781,32.04492950439453,73.6786117553711,30.569936752319336,140.58212280273438,4.427868366241455,128.2965545654297,1.6711509227752686,0.0279226455599098,0.2395680330159787,0.2758219801261886,0.3425853794875149,0.1138640945284578,0.00023786728195,0.0,0.0,0.1644495453761573,0.3360856560082302,0.4031582828360916,0.0958010478053769,0.0005054679741438,0.0,0.0,0.0,0.1261320995950309,0.2876618240852516,0.3953027158496917,0.1856762269491737,0.005227133520852,0.0,0.0,0.0,0.0094611711395626,0.0,0.0,0.0,0.0,0.0,0.0,0.9905388288604372,5.946682048750899e-05,0.2251473290477578,0.5908623283638894,0.1745113314026438,0.0092233038576126,0.0001873204845356,8.920023073126349e-06,0.0,0.0279226455599098,0.2395680330159787,0.2758219801261886,0.3425853794875149,0.1138640945284578,0.00023786728195,0.0,0.0,0.1175569840807321,0.2561919826832619,0.342070991490298,0.265893994445799,0.0182771272768358,8.920023073126349e-06,0.0,0.0,0.0,0.0,0.0,0.0,0.9997115859206356,0.0002884140793644,0.0,0.0,0.0,0.0,0.0,0.343908516243362,0.656091483756638,0.0,0.0,0.0,-1,0,0,0,0,-1
74,舌中,565668,147.55291748046875,6.168095111846924,114.2972183227539,12.15645980834961,128.07620239257812,10.980607986450195,167.29660034179688,3.8301968574523926,57.874908447265625,14.748128890991213,147.55459594726562,6.171265125274658,132.0418701171875,10.17209529876709,143.44911193847656,3.5337321758270264,125.57853698730467,1.7570589780807495,0.0,0.0,0.0,0.0011756012360607,0.976480903993155,0.0223434947707842,0.0,0.0,0.0,0.0,0.068598541900903,0.7911654892976092,0.1402288975158573,7.07128563044047e-06,0.0,0.0,0.0,0.0,0.0026499642900075,0.4449818621523579,0.551821916742683,0.0005462568149515,0.0,0.0,9.192671319572612e-05,0.0,0.0,0.0,0.0,1.0606928445660703e-05,0.0110913115113458,0.9888061548470128,0.0137483470869838,0.6609265505561566,0.3212449705480953,0.0040801318087641,0.0,0.0,0.0,0.0,0.0,0.0,0.0,0.0011756012360607,0.9763571564946224,0.0224672422693169,0.0,0.0,0.0,0.0,0.0002103707475056,0.3213492720111443,0.6774167886463438,0.0010235685950062,0.0,0.0,0.0,0.0,0.0,0.0,1.0,0.0,0.0,0.0,0.0,0.0,0.0,0.8678093864245459,0.1321906135754541,0.0,0.0,0.0,1,0,0,0,0,0
74,舌右邊,392387,147.3479766845703,8.376620292663574,110.88905334472656,16.5009822845459,121.6425552368164,16.846343994140625,170.23033142089844,7.308444499969482,63.863094329833984,20.888368606567383,147.3482208251953,8.377157211303711,129.31163024902344,13.988869667053224,144.29039001464844,4.592972755432129,127.84172821044922,2.43151593208313,0.0,0.0,0.0,0.0261374612308766,0.9384791035380888,0.0353834352310346,0.0,0.0,0.0,0.0011442784801739,0.1989413512680083,0.6426410660903649,0.1572248825776593,4.842158379355075e-05,0.0,0.0,0.0,7.645513230560646e-06,0.0977376926350771,0.4618680027625788,0.4396628838366205,0.000723775252493,0.0,0.0,0.0014704870446778,0.0,0.0,0.0,0.0,0.0,0.0015087146108306,0.9970207983444916,0.0158415034137216,0.5263961344285106,0.3612046270646071,0.0965220560314179,3.5679061742616345e-05,0.0,0.0,0.0,0.0,0.0,0.0,0.0261374612308766,0.938468909520448,0.0353936292486754,0.0,0.0,0.0,0.0,0.0106909760007339,0.3811237375346278,0.6065415011200677,0.0016437853445705,0.0,0.0,0.0,0.0,0.0,0.0,1.0,0.0,0.0,0.0,0.0,0.0,0.0,0.5175044025413686,0.4824955974586314,0.0,0.0,0.0,1,0,0,0,-1,0
74,舌尖,515073,135.33860778808594,15.492798805236816,90.59127807617188,13.032554626464844,106.13213348388672,14.042652130126951,166.87838745117188,18.853370666503903,84.7354507446289,12.765923500061035,135.37399291992188,15.415542602539062,111.51416778564452,13.731414794921877,148.8043212890625,3.247016429901123,126.72826385498048,2.6120681762695312,0.0,0.0,0.0063719123308734,0.2854818637358199,0.7034517437334126,0.0046944801998939,0.0,0.0,0.0,0.01596861027466,0.5838123916415732,0.3997782838549099,0.0004407142288568,0.0,0.0,0.0,0.0,0.000192205765008,0.2644751326510999,0.6914301467947261,0.0439025147891658,0.0,0.0,0.0,0.0129768013466052,0.0,0.0,0.0,0.0,2.7180613233463996e-05,0.0243790685980433,0.962616949442118,0.0,0.0507209657660176,0.7544619888831292,0.1943355602021461,0.000481485148707,0.0,0.0,0.0,0.0,0.0,0.0049643448598548,0.2868894312068386,0.7034517437334126,0.0046944801998939,0.0,0.0,0.0,3.882944747637714e-06,0.1624527008792928,0.7320185682417832,0.1055248479341763,0.0,0.0,0.0,0.0,0.0,0.0,0.0,1.0,0.0,0.0,0.0,0.0,0.0,0.0,0.687809300817554,0.3121906991824459,0.0,0.0,0.0,-1,0,-1,0,0,0
74,舌左邊,373745,137.77667236328125,8.771333694458008,96.61566925048828,13.457681655883787,111.16751861572266,14.991873741149902,168.96646118164062,3.139524221420288,76.84192657470703,16.314746856689453,137.77670288085938,8.77131175994873,116.54425048828124,12.053814888000488,147.09664916992188,3.159421682357788,126.64022827148438,2.4028820991516113,0.0,0.0,0.0,0.1397075546161152,0.8595298933765,0.0007625520073847,0.0,0.0,0.0,0.0005806097740437,0.4327041164430293,0.5625386292793214,0.0041766445036054,0.0,0.0,0.0,0.0,0.0,0.1889470093245394,0.6800010702484314,0.130987705521144,6.421490588502856e-05,0.0,0.0,0.0,0.0,0.0,0.0,0.0,0.0,0.0020468501250852,0.9979531498749148,2.408058970688571e-05,0.2235802485651982,0.6147185915530643,0.1614041659420192,0.0002729133500113,0.0,0.0,0.0,0.0,0.0,0.0,0.1397075546161152,0.8595298933765,0.0007625520073847,0.0,0.0,0.0,0.0,0.0451832131533532,0.7660677734819195,0.1887302840171774,1.87293475498e-05,0.0,0.0,0.0,0.0,0.0,0.0,1.0,0.0,0.0,0.0,0.0,0.0,0.0,0.6829201728451216,0.3170798271548783,0.0,0.0,0.0,1,0,0,0,-1,0
74,舌根,524699,108.53472900390624,33.30180740356445,82.16630554199219,28.70222282409668,90.13296508789062,31.52133560180664,161.81903076171875,38.34428024291992,64.61459350585938,19.793941497802734,108.5361328125,33.30240249633789,95.77294158935548,32.779266357421875,140.3267364501953,4.584446430206299,127.76891326904295,2.2089028358459473,0.0380351401470176,0.0976178723420475,0.1316983642050013,0.3536046380877417,0.3790382676544075,5.7175637841886495e-06,0.0,0.0,0.0841854091583936,0.1455520212540904,0.3900350486659971,0.3683635760693273,0.0118639448521914,0.0,0.0,0.0,0.0773567321454777,0.1225445445865153,0.2839780521784871,0.4403915387679412,0.0757253206123892,3.811709189459099e-06,0.0,0.0,0.0527121263810298,0.0,0.0,0.0,0.0,2.0964400542025045e-05,0.0045549924814036,0.9427119167370244,0.0134667685663589,0.5089222582852264,0.3991297867920464,0.0778999007049756,0.0005812856513925,0.0,0.0,0.0,0.0380351401470176,0.0976178723420475,0.1316850232228382,0.3535893912509839,0.3790630437641391,9.529272973647748e-06,0.0,0.0,0.0722700062321445,0.1046142645592997,0.1944047920807929,0.4962216432659486,0.1324892938618141,0.0,0.0,0.0,0.0,0.0,0.0,0.0,1.0,0.0,0.0,0.0,0.0,0.0,0.0,0.4600809225860922,0.5399190774139078,0.0,0.0,0.0,1,0,0,0,0,0
8,舌中,303840,153.18675231933594,6.850022792816162,122.8179702758789,9.452936172485352,129.67059326171875,8.898055076599121,168.8114776611328,26.8386287689209,50.724273681640625,10.400344848632812,153.18675231933594,6.850022792816162,139.267822265625,8.335164070129395,140.93650817871094,2.7014060020446777,128.69921875,1.5962718725204468,0.0,0.0,0.0,0.0013395208004212,0.8186479726171669,0.1800125065824118,0.0,0.0,0.0,0.0,0.0067206424433912,0.6528995523959978,0.3403798051606108,0.0,0.0,0.0,0.0,0.0,0.001694971037388,0.3651230911005793,0.6331819378620327,0.0,0.0,0.0,0.0246248025276461,0.0,0.0,0.0,0.0,0.0,0.0,0.975375197472354,0.0245984728804634,0.8619240389678778,0.1132964718272775,0.0001810163243812,0.0,0.0,0.0,0.0,0.0,0.0,0.0,0.0013395208004212,0.8186479726171669,0.1800125065824118,0.0,0.0,0.0,0.0,2.3038441284886784e-05,0.0869207477619799,0.9124539231174302,0.0006022906793048,0.0,0.0,0.0,0.0,0.0,0.0,1.0,0.0,0.0,0.0,0.0,0.0,0.0,0.2279522116903633,0.7720477883096366,0.0,0.0,0.0,0,0,1,0,0,0
8,舌右邊,214821,144.66671752929688,10.953508377075195,112.9693832397461,16.256895065307617,122.71344757080078,16.33253288269043,168.87144470214844,16.54905891418457,56.9058952331543,18.308923721313477,144.66671752929688,10.953508377075195,129.94985961914062,14.734882354736328,142.18153381347656,3.7658889293670654,127.54236602783205,2.1121535301208496,0.0,0.0,0.0001349961130429,0.0781999897589155,0.9046787790765336,0.0169862350515079,0.0,0.0,0.0,0.0174191536209216,0.1141415410970063,0.751746803152392,0.11669250212968,0.0,0.0,0.0,0.0,0.0018992556593629,0.0924537172808989,0.4028423664353112,0.5028046606244269,0.0,0.0,0.0,0.0096359294482383,0.0,0.0,0.0,0.0,0.0,0.0001024108443774,0.9902616597073844,0.0118331075639718,0.7402209281215524,0.1884499187695802,0.0575455844633439,0.0019504610815516,0.0,0.0,0.0,0.0,0.0,0.0001349961130429,0.0781999897589155,0.9046787790765336,0.0169862350515079,0.0,0.0,0.0,0.0,0.0478537945545361,0.2326355430800527,0.7195106623654112,0.0,0.0,0.0,0.0,0.0,0.0,0.0,1.0,0.0,0.0,0.0,0.0,0.0,0.0,0.5823592665521528,0.4176407334478473,0.0,0.0,0.0,0,0,1,0,0,0
8,舌尖,207339,145.31631469726562,10.831082344055176,104.33014678955078,10.445280075073242,115.6834945678711,10.030765533447266,169.2511444091797,19.377513885498047,72.1990737915039,10.135355949401855,145.31727600097656,10.827655792236328,123.96662139892578,10.239323616027832,146.25253295898438,2.7301559448242188,128.1921844482422,1.9332293272018433,0.0,0.0,0.0,0.083052392458727,0.8936524242906544,0.0232951832506185,0.0,0.0,0.0,2.8938115839277704e-05,0.1867521305687786,0.808159584062815,0.005059347252567,0.0,0.0,0.0,0.0,0.001051418208827,0.0349668899724605,0.8642175374628025,0.0997641543559098,0.0,0.0,0.0,0.0134176397108117,0.0,0.0,0.0,0.0,0.0,0.002710536850279,0.9838718234389092,0.0,0.1866749622598739,0.8026806341305784,0.0105672353006429,7.716830890474055e-05,0.0,0.0,0.0,0.0,0.0,0.0,0.083052392458727,0.8936524242906544,0.0232951832506185,0.0,0.0,0.0,0.0,0.008184663763209,0.6025880321598928,0.3892273040768982,0.0,0.0,0.0,0.0,0.0,0.0,0.0,1.0,0.0,0.0,0.0,0.0,0.0,0.0,0.2917492608722912,0.7082507391277088,0.0,0.0,0.0,0,0,1,0,0,0
8,舌左邊,171545,150.4646759033203,6.886734485626221,116.32929229736328,13.327835083007812,120.08382415771484,11.20615577697754,115.83000183105467,81.87781524658203,59.532623291015625,15.83877658843994,150.4646759033203,6.886734485626221,133.59524536132812,11.060213088989258,142.03627014160156,4.412206649780273,131.0940704345703,2.058915615081787,0.0,0.0,0.0,0.0012882917018858,0.9195954414293626,0.0791162668687516,0.0,0.0,0.0,0.0,0.0792561718499519,0.6973039144247865,0.2234399137252616,0.0,0.0,0.0,0.0,0.0,0.0187122912355358,0.7084496779270746,0.2728380308373896,0.0,0.0,0.0,0.341391471625521,0.0,0.0,0.0,0.0,0.0,0.0,0.658608528374479,0.0011658748433355,0.6569296686000757,0.3258503599638578,0.0160540965927307,0.0,0.0,0.0,0.0,0.0,0.0,0.0,0.0012882917018858,0.9195954414293626,0.0791162668687516,0.0,0.0,0.0,0.0,4.663499373342272e-05,0.2894867236002215,0.7093765484275263,0.0010900929785187,0.0,0.0,0.0,0.0,0.0,0.0,1.0,0.0,0.0,0.0,0.0,0.0,0.0,0.0336354892302311,0.9663645107697688,0.0,0.0,0.0,0,0,1,0,0,0
8,舌根,306136,107.5880355834961,26.04881477355957,80.72763061523438,24.779125213623047,83.40476989746094,25.298751831054688,128.16384887695312,76.05371856689453,69.27434539794922,19.15126037597656,107.5880355834961,26.04881477355957,94.3003921508789,26.96586227416992,139.7644500732422,2.7702713012695312,130.8841552734375,2.596423387527466,0.000519377008911,0.0712363132725324,0.2445612407557425,0.3924660935009277,0.2912169754618862,0.0,0.0,0.0,0.0219804269997648,0.247347584080278,0.3929756709436329,0.3362623147881987,0.0014340031881255,0.0,0.0,0.0,0.0176228865602216,0.2272911385789322,0.3681468367000287,0.3811998588862466,0.0057392792745707,0.0,0.0,0.0,0.2707848799226487,0.0,0.0,0.0,0.0,0.0,0.0002057908903232,0.729009329187028,0.0038708286513183,0.4135220947552722,0.4905499516554734,0.0866902291791883,0.0043575404395432,0.0009342253116262,7.51300075783312e-05,0.0,0.000519377008911,0.0712363132725324,0.2445612407557425,0.3924660935009277,0.2912169754618862,0.0,0.0,0.0,0.0074280711840489,0.1593768782501894,0.2831192672537695,0.472283560247733,0.077792223064259,0.0,0.0,0.0,0.0,0.0,0.0,0.0,1.0,0.0,0.0,0.0,0.0,0.0,0.0,0.0664867901847545,0.9335132098152455,0.0,0.0,0.0,0,0,1,0,0,0
85,舌中,322460,153.08697509765625,8.689818382263184,98.39217376708984,12.393203735351562,111.04273223876952,11.32693862915039,173.1306610107422,1.9489233493804932,91.62435913085938,13.245360374450684,153.08697509765625,8.689818382263184,122.28408813476562,10.862213134765623,151.9666748046875,3.070939779281616,130.12652587890625,1.4315547943115234,0.0,0.0,0.0,0.0040439124232462,0.7816597407430379,0.2138714879364882,0.0004248588972275,0.0,0.0,0.0031352725919493,0.3936271165415865,0.5925138001612603,0.0107145072257024,9.303479501333498e-06,0.0,0.0,0.0,0.0001209452335173,0.079619177572412,0.8541803634559325,0.0655151026483905,0.0005644110897475,0.0,0.0,5.5820877008000995e-05,0.0,0.0,0.0,0.0,0.0,0.0,0.999944179122992,0.0,0.0069155864293245,0.6409322086460336,0.3436085095825839,0.0085188860633877,2.4809278670222663e-05,0.0,0.0,0.0,0.0,0.0,0.0040439124232462,0.7816597407430379,0.2138714879364882,0.0004248588972275,0.0,0.0,0.0,0.0081405445636668,0.682537368975997,0.3074706940395708,0.0018513924207653,0.0,0.0,0.0,0.0,0.0,0.0,0.9881938845128078,0.0118061154871922,0.0,0.0,0.0,0.0,0.0,0.0294393103020529,0.9705606896979472,0.0,0.0,0.0,0,0,0,0,0,1
85,舌右邊,133446,144.81045532226562,12.954313278198242,90.6213150024414,16.133310317993164,98.66404724121094,16.380535125732422,174.6902313232422,12.378650665283203,96.52832794189452,15.95439624786377,144.81045532226562,12.954313278198242,113.92598724365234,15.005874633789062,151.38807678222656,3.060929298400879,132.86770629882812,1.887267827987671,0.0,0.0,0.0,0.0814786505402934,0.7750550784587024,0.1427693598908922,0.0006969111101119,0.0,0.0,0.0329271765358272,0.5842138393057866,0.369325420020083,0.0132712857635298,0.0002622783747733,0.0,0.0,0.0,0.0036494162432744,0.4475518187131873,0.506062377291189,0.0420994259850426,0.0006369617673066,0.0,0.0,0.0049233397778876,0.0,0.0,0.0,0.0,0.0,0.0,0.9950766602221124,0.0,0.0151222217226443,0.4820601591655051,0.4697930248939646,0.0330096068821845,1.4987335701332374e-05,0.0,0.0,0.0,0.0,0.0,0.0814786505402934,0.7750550784587024,0.1427693598908922,0.0006969111101119,0.0,0.0,0.0,0.108268513106425,0.6949852374743342,0.1944681743926382,0.0022780750266025,0.0,0.0,0.0,0.0,0.0,0.0,0.9953689132682882,0.0046310867317117,0.0,0.0,0.0,0.0,0.0,0.0008168097957226,0.9991831902042774,0.0,0.0,0.0,0,0,0,0,1,1
85,舌尖,208151,150.91073608398438,14.079828262329102,85.39617919921875,14.209100723266602,99.0716552734375,14.535573959350586,172.22181701660156,15.228111267089844,111.19679260253906,16.12859344482422,150.91073608398438,14.079828262329102,113.05791473388672,13.324210166931152,156.763671875,4.195493221282959,132.17367553710938,2.5648396015167236,0.0,0.0,0.0,0.0766654976435376,0.6394252249568823,0.2814591330332306,0.0024501443663494,0.0,0.0,0.0440065145014917,0.7158649249823446,0.2342482140369251,0.0058371086374795,4.323784175910757e-05,0.0,0.0,0.0,0.0022291509529139,0.4208915642970728,0.5501582985428848,0.0259571176693842,0.0007638685377442,0.0,0.0,0.0080518469764738,0.0,0.0,0.0,0.0,0.0,0.0001249093206374,0.9918232437028888,0.0,0.0022435635668336,0.1632132442313512,0.6704123448842427,0.1635495385561443,0.000581308761428,0.0,0.0,0.0,0.0,0.0,0.0766654976435376,0.6394252249568823,0.2814591330332306,0.0024501443663494,0.0,0.0,0.0,0.1001676667419325,0.7671834389457654,0.1303092466526704,0.0023396476596317,0.0,0.0,0.0,0.0,0.0,0.0,0.7483365441434343,0.2516634558565657,0.0,0.0,0.0,0.0,0.0,0.0224596566915364,0.9775403433084636,0.0,0.0,0.0,0,0,0,0,0,1
85,舌左邊,170201,146.23178100585938,9.473518371582031,96.0848617553711,12.251470565795898,105.49742889404295,12.176265716552734,174.37908935546875,3.109570264816284,87.95640563964844,13.375089645385742,146.23178100585938,9.473518371582031,118.2681655883789,11.119720458984377,149.77308654785156,3.0290918350219727,131.09706115722656,1.561611533164978,0.0,0.0,0.0001233835288864,0.0283312083947802,0.8995188042373429,0.0720266038389903,0.0,0.0,0.0,0.0047120757222343,0.4620301878367342,0.5308546953308148,0.0024030411102167,0.0,0.0,0.0,0.0,0.0011985828520396,0.2044112549279969,0.7673750447999718,0.0270151174199916,0.0,0.0,0.0,0.0002467670577728,0.0,0.0,0.0,0.0,0.0,0.0,0.9997532329422272,0.0,0.0148647775277466,0.7299780847351073,0.2480831487476572,0.0070739889894888,0.0,0.0,0.0,0.0,0.0,0.0001233835288864,0.0283312083947802,0.8995188042373429,0.0720266038389903,0.0,0.0,0.0,0.0002408916516354,0.0210633310027555,0.7666406190327907,0.2120257812821311,2.9377030687246256e-05,0.0,0.0,0.0,0.0,0.0,0.0,0.9947356361008456,0.0052643638991545,0.0,0.0,0.0,0.0,0.0,0.0029670800994118,0.9970329199005882,0.0,0.0,0.0,0,0,0,0,-1,1
85,舌根,332097,115.30506134033205,30.71641540527344,72.82591247558594,24.58991050720215,77.51011657714844,25.274581909179688,173.34396362304688,24.291440963745117,97.51126098632812,18.726802825927734,115.30508422851562,30.716327667236328,90.89039611816406,28.50147819519043,146.77853393554688,3.83549165725708,132.8405303955078,1.5191082954406738,0.0067329725953561,0.0861224280857701,0.1337832018958316,0.3350376546611381,0.4329488071256289,0.0053749356362749,0.0,0.0,0.0889950827619641,0.2200411325606675,0.5020039325859613,0.1886165788911071,0.0003432732002999,0.0,0.0,0.0,0.0731111693270339,0.1815373219270273,0.4798116213034143,0.2640764595886141,0.0014634278539101,0.0,0.0,0.0,0.0192172768799477,0.0,0.0,0.0,0.0,0.0,0.0005630884952288,0.9802196346248234,0.0,0.0174617656889402,0.5069422488008022,0.3998891890020084,0.0738669726013785,0.0018398239068705,0.0,0.0,0.0067329725953561,0.0861224280857701,0.1337832018958316,0.3350376546611381,0.4329488071256289,0.0053749356362749,0.0,0.0,0.0462876810088618,0.1345751391912603,0.2864133069554979,0.4885379873952489,0.0441858854491308,0.0,0.0,0.0,0.0,0.0,0.0,0.0,0.9998133075577316,0.0001866924422683,0.0,0.0,0.0,0.0,0.0,0.002396890065252,0.997603109934748,0.0,0.0,0.0,0,0,0,0,0,1
87,舌中,163812,154.07339477539062,10.819252014160156,108.7235870361328,11.718098640441896,103.3274383544922,15.182392120361328,69.12480163574219,82.33763122558594,88.00068664550781,15.021459579467772,154.07339477539062,10.819252014160156,128.63316345214844,10.76137351989746,145.3193359375,4.9542131423950195,138.3017578125,4.807170391082764,0.0,0.0,0.0,0.0144433863209044,0.6315044074915147,0.3540461016286963,6.104558884575001e-06,0.0,0.0,0.0001037775010377,0.1390008058017727,0.8178704856787049,0.0430249310184846,0.0,0.0,0.0,0.0,0.0089737015603252,0.264608209410788,0.6975313163870779,0.0288867726418089,0.0,0.0,0.0,0.6324811369130466,0.0,0.0,0.0,0.0,0.0,0.0,0.3675188630869533,0.0,0.0264815764412863,0.6868910702512636,0.2747356726002979,0.0118855761482675,6.104558884575001e-06,0.0,0.0,0.0,0.0,0.0,0.0144433863209044,0.6315044074915147,0.3540461016286963,6.104558884575001e-06,0.0,0.0,0.0,0.0013674211901448,0.4279478914853613,0.570611432617879,7.32547066149e-05,0.0,0.0,0.0,0.0,0.0,0.0,0.99834566454228,0.0016543354577198,0.0,0.0,0.0,0.0,0.0,0.0,1.0,0.0,0.0,0.0,0,0,0,0,0,1
87,舌右邊,113158,141.63697814941406,11.833372116088867,88.56027221679688,19.20805549621582,93.28659057617188,18.5091495513916,142.2939453125,69.1749038696289,98.11253356933594,22.502517700195312,141.63697814941406,11.833372116088867,111.4010772705078,16.63971710205078,150.59971618652344,4.9539103507995605,134.7063446044922,2.8766043186187744,0.0,0.0,0.0,0.1181445412608918,0.817025751603952,0.0648208699340744,8.837201081673412e-06,0.0,1.7674402163346824e-05,0.1027766485798617,0.5255129995227912,0.3562010639990102,0.0154916134961734,0.0,0.0,0.0,0.0,0.0589971544212517,0.4642181728203043,0.4584298061118083,0.0183371922444723,1.7674402163346824e-05,0.0,0.0,0.1956467947471676,0.0,0.0,0.0,0.0,0.0,0.0,0.8043532052528323,0.0,0.0469608865480125,0.4214107707806783,0.4334558758549992,0.0938245638841266,0.0043479029321833,0.0,0.0,0.0,0.0,0.0,0.1181445412608918,0.817025751603952,0.0648208699340744,8.837201081673412e-06,0.0,0.0,9.720921189840754e-05,0.1850863394545679,0.6254705809575991,0.1890277311369942,0.0003181392389402,0.0,0.0,0.0,0.0,0.0,0.0,0.9771735096060375,0.0228264903939624,0.0,0.0,0.0,0.0,0.0,0.0014669753795577,0.9985330246204422,0.0,0.0,0.0,0,0,0,0,-1,1
87,舌尖,100271,147.4103546142578,11.378717422485352,83.38226318359375,14.648154258728027,91.54804229736328,14.22567367553711,172.56607055664062,24.29342460632324,111.84925079345705,15.924269676208496,147.4103546142578,11.378717422485352,110.1181411743164,13.14402961730957,155.5774688720703,3.587998151779175,135.08163452148438,2.103085994720459,0.0,0.0,7.978378594010232e-05,0.0657119206949167,0.8213541303068684,0.1128342192657897,1.994594648502558e-05,0.0,0.0,0.0741690020045676,0.7297423981011459,0.192189167356464,0.0038994325378225,0.0,0.0,0.0,0.0,0.0101225678411504,0.6272202331681144,0.3472988201972654,0.0153583787934696,0.0,0.0,0.0,0.0202750546020285,0.0,0.0,0.0,0.0,0.0,0.0,0.9797249453979716,0.0,0.000797837859401,0.1491557878150212,0.6890028024054812,0.1594678421477795,0.001575729772317,0.0,0.0,0.0,0.0,7.978378594010232e-05,0.0657119206949167,0.8213541303068684,0.1128342192657897,1.994594648502558e-05,0.0,0.0,6.981081269758953e-05,0.1433714633343638,0.7641591287610575,0.0922699484397283,0.0001296486521526,0.0,0.0,0.0,0.0,0.0,0.0,0.8722960776296237,0.1277039223703762,0.0,0.0,0.0,0.0,0.0,3.989189297005116e-05,0.99996010810703,0.0,0.0,0.0,0,0,0,0,-1,1
87,舌左邊,100110,139.79345703125,10.768417358398438,84.55150604248047,18.92377281188965,87.07337188720703,17.290332794189453,119.15918731689452,82.2202377319336,104.453369140625,22.06941032409668,139.79345703125,10.768417358398438,108.00482177734376,15.936497688293455,151.33236694335938,5.479372501373291,136.57196044921875,3.073064088821411,0.0,0.0,5.993407252022775e-05,0.1251623214464089,0.8435920487463789,0.0311856957346918,0.0,0.0,0.0,0.1369693337328938,0.5708021176705624,0.2824193387273999,0.0098092098691439,0.0,0.0,0.0,0.0,0.0810708220956947,0.5642593147537709,0.3519528518629508,0.0027170112875836,0.0,0.0,0.0,0.3314553990610329,0.0,0.0,0.0,0.0,0.0,0.0,0.6685446009389672,0.0,0.0122465288182998,0.3759164918589551,0.4346818499650384,0.1747477774448107,0.0024073519128958,0.0,0.0,0.0,0.0,5.993407252022775e-05,0.1251623214464089,0.8435920487463789,0.0311856957346918,0.0,0.0,0.0,0.000199780241734,0.2500049945060433,0.6124463090600339,0.1373489161921885,0.0,0.0,0.0,0.0,0.0,0.0,0.0,0.937568674458096,0.0624313255419039,0.0,0.0,0.0,0.0,0.0,0.0,1.0,0.0,0.0,0.0,0,0,0,0,-1,1
87,舌根,150670,127.03742980957033,17.275556564331055,91.8377685546875,18.96767234802246,73.57423400878906,19.353696823120117,16.565813064575195,32.044189453125,109.84210205078124,23.809871673583984,127.03742980957033,17.275556564331055,107.5617904663086,18.90584373474121,139.9894561767578,4.418695449829102,144.25799560546875,5.048807621002197,0.0017189885179531,0.0078781442888431,0.0165726421981814,0.449240061060596,0.5224464060529634,0.0021437578814627,0.0,0.0,0.0093117408906882,0.0570916572642198,0.4785889692705913,0.4497710227649831,0.0052366098095174,0.0,0.0,0.0,0.0161545098559766,0.2907081701732262,0.5567398951350634,0.1363642397292095,3.318510652419194e-05,0.0,0.0,0.0,0.9630649764385744,0.0,0.0,0.0,0.0,0.0,0.0,0.0369350235614256,0.0,0.003404791929382,0.2953408110440034,0.4834870909935621,0.1851264352558571,0.0314528439636291,0.0008163536204951,0.0003716731930709,0.0017189885179531,0.0078781442888431,0.0165726421981814,0.449240061060596,0.5224464060529634,0.0021437578814627,0.0,0.0,0.0085086613128028,0.0101148204685737,0.2182584456096104,0.6199376119997345,0.1431804606092785,0.0,0.0,0.0,0.0,0.0,0.0,0.0,1.0,0.0,0.0,0.0,0.0,0.0,0.0,0.0,1.0,0.0,0.0,0.0,0,0,0,0,0,1
9,舌中,243595,159.03103637695312,8.023650169372559,122.74251556396484,11.636357307434082,138.0928192138672,11.48342514038086,167.2433319091797,3.244652271270752,58.510738372802734,11.132938385009766,159.03128051757812,8.024234771728516,141.37393188476562,10.222053527832031,144.63462829589844,2.958055257797241,125.2319107055664,1.949548363685608,0.0,0.0,0.0,0.0009359798025411,0.5136681787393009,0.4842710236252797,0.0011248178328783,0.0,0.0,0.0,0.0105256676040148,0.6673289681643712,0.3173956772511751,0.0047004248855682,4.9262094870584374e-05,0.0,0.0,0.0,0.0023358443317802,0.1498635029454627,0.8192737946181161,0.0281491820439664,0.0003776760606744,0.0,4.5156920298035674e-05,0.0,0.0,0.0,0.0,0.0,0.0034893983866663,0.9964654446930356,0.0057965064964387,0.6687534637410456,0.3238120651080687,0.0016379646544469,0.0,0.0,0.0,0.0,0.0,0.0,0.0,0.0009359798025411,0.5136681787393009,0.4842669184507071,0.0011289230074508,0.0,0.0,0.0,0.0001477862846117,0.0728873745356021,0.8901619491368871,0.0365155278228206,0.0002873622200784,0.0,0.0,0.0,0.0,0.0,1.0,0.0,0.0,0.0,0.0,0.0,0.0,0.8918532810607771,0.1081467189392229,0.0,0.0,0.0,0,0,-1,0,0,0
9,舌右邊,163350,144.0653533935547,12.14167594909668,101.23834228515624,14.481303215026855,111.69395446777344,16.309236526489258,170.82911682128906,16.732357025146484,76.72911071777344,16.55364227294922,144.0653533935547,12.14167594909668,121.28392028808594,13.915842056274414,146.92486572265625,3.084308385848999,129.10467529296875,2.2473087310791016,0.0,0.0035690235690235,0.0030364248546066,0.0274502601775329,0.8762473217018671,0.0896235078053259,7.346189164370983e-05,0.0,0.0050872359963269,0.0044444444444444,0.3426323844505662,0.624315886134068,0.0234343434343434,8.57055402509948e-05,0.0,0.0,0.0044995408631772,0.0043403734312825,0.0994245485154576,0.7391980410162229,0.1517416590143863,0.0007713498622589,2.4487297214569943e-05,0.0,0.0096357514539332,0.0,0.0,0.0,0.0,0.0,0.0,0.9903642485460667,0.0,0.223611876339149,0.6936700336700337,0.0753168044077135,0.0028466483011937,0.0018487909397,0.0021610039791857,0.0005448423630241,0.0,0.0035690235690235,0.0030364248546066,0.0274502601775329,0.8762473217018671,0.0896235078053259,7.346189164370983e-05,0.0,0.0032445668809305,0.0030609121518212,0.0097030915212733,0.6788980716253443,0.3038567493112947,0.0012182430364248,1.8365472910927457e-05,0.0,0.0,0.0,0.0,0.0,0.9997061524334252,0.0002938475665748,0.0,0.0,0.0,0.0,0.0,0.2103826140189776,0.7896173859810224,0.0,0.0,0.0,0,0,1,0,0,0
9,舌尖,176485,158.3690185546875,7.03713321685791,107.31468200683594,13.32244110107422,121.7464599609375,14.348289489746094,171.16845703125,3.969970226287842,82.6668930053711,15.562878608703612,158.3690185546875,7.03713321685791,130.2943878173828,11.122672080993652,150.57728576660156,3.463192939758301,128.43824768066406,2.597904682159424,0.0,0.0,0.0,8.499305890018982e-05,0.5642859166501403,0.4354421055613791,0.0001869847295804,0.0,0.0,0.0,0.1973595489701674,0.738176048956002,0.0642264215089101,0.0002379805649205,0.0,0.0,0.0,0.0,0.0296795761679462,0.6158087089554353,0.3503017253590956,0.0042099895175227,0.0,0.0,0.0003059750120406,0.0,0.0,0.0,0.0,0.0,0.0001983171374337,0.9994957078505255,5.666203926679321e-06,0.1069212680964387,0.6736549848429045,0.218075190526107,0.0013428903306229,0.0,0.0,0.0,0.0,0.0,0.0,8.499305890018982e-05,0.5642859166501403,0.4354421055613791,0.0001869847295804,0.0,0.0,0.0,5.6662039266793214e-05,0.4116157180496926,0.5827180780236281,0.0056095418874125,0.0,0.0,0.0,0.0,0.0,0.0,0.9947814261835284,0.0052185738164716,0.0,0.0,0.0,0.0,0.0,0.3583024053035669,0.6416975946964332,0.0,0.0,0.0,0,0,-1,0,0,-1
9,舌左邊,167181,150.29336547851562,11.018348693847656,107.98062133789062,14.586936950683594,122.08352661132812,16.22628402709961,169.78036499023438,2.7279582023620605,72.42247009277344,14.16854476928711,150.29336547851562,11.018348693847656,128.25836181640625,13.405978202819824,147.13296508789062,3.015526056289673,126.99082946777344,2.138122081756592,0.0,0.0,0.0,0.0118972849785561,0.7660499697932182,0.2217117973932444,0.0003409478349812,0.0,0.0,4.187078675208307e-05,0.2334296361428631,0.6724627798613478,0.0935991530137994,0.0004665601952374,0.0,0.0,0.0,0.0,0.0354825010019081,0.5596688618922007,0.3999796627607204,0.0048450481813124,2.3926163858333183e-05,0.0,0.0,0.0,0.0,0.0,0.0,0.0,0.000185427769902,0.999814572230098,0.0001674831470083,0.2868567600385211,0.6529151039890897,0.0600486897434517,1.1963081929166592e-05,0.0,0.0,0.0,0.0,0.0,0.0,0.0118972849785561,0.7660499697932182,0.2217117973932444,0.0003409478349812,0.0,0.0,0.0,0.0015073483230749,0.4767288148772887,0.5155131264916468,0.0062327656850957,1.794462289374989e-05,0.0,0.0,0.0,0.0,0.0,1.0,0.0,0.0,0.0,0.0,0.0,0.0,0.6038305788337192,0.3961694211662808,0.0,0.0,0.0,0,0,1,0,0,0
9,舌根,228950,113.87655639648438,28.03470230102539,81.44268798828125,26.227638244628903,89.5020980834961,27.797292709350582,172.38449096679688,5.806585311889648,76.46539306640625,19.733638763427734,113.87655639648438,28.03470230102539,97.05301666259766,28.53774642944336,142.95272827148438,2.603710174560547,128.77455139160156,1.67067551612854,0.0,0.0616772221008953,0.1880672635946713,0.389495523039965,0.3446429351386765,0.0160733784669141,4.367765887748417e-05,0.0,0.0365188905874645,0.2154138458178641,0.4231884690980563,0.304166848656912,0.020554706267744,0.0001572395719589,0.0,0.0,0.0216466477396811,0.1728062895828783,0.3475562349858047,0.3847128193928805,0.0729722646866128,0.0002970080803668,8.735531775496833e-06,0.0,0.0009259663682026,0.0,0.0,0.0,0.0,0.0,3.0574361214238915e-05,0.9990434592705832,0.0003319502074688,0.2943437431753658,0.5308014850404018,0.1626424983620878,0.0118759554487879,4.367765887748417e-06,0.0,0.0,0.0,0.0616772221008953,0.1880672635946713,0.389495523039965,0.3446429351386765,0.0160733784669141,4.367765887748417e-05,0.0,0.0128674383053068,0.1373575016379122,0.2757894736842105,0.4301463201572396,0.143262721118148,0.0005634417995195,1.310329766324525e-05,0.0,0.0,0.0,0.0,0.0,1.0,0.0,0.0,0.0,0.0,0.0,0.0,0.2383140423673291,0.7616859576326709,0.0,0.0,0.0,0,0,-1,0,0,0
96,舌中,185120,162.03384399414062,9.806790351867676,110.38875579833984,13.31785011291504,111.76409149169922,13.489707946777344,104.3576889038086,86.25885772705078,84.3738784790039,12.602490425109863,162.03384399414062,9.806790351867676,132.5476837158203,11.711383819580078,148.7405548095703,3.6594996452331543,135.62950134277344,2.36757755279541,0.0,0.0,0.0,5.94209161624892e-05,0.412381158167675,0.5830002160760588,0.0044295592048401,0.0001296456352636,0.0,0.0002808988764044,0.1251188418323249,0.7657195332757131,0.1080974503025064,0.0007778738115816,5.4019014693171995e-06,0.0,0.0,2.16076058772688e-05,0.1032951598962834,0.7694792566983578,0.1258102852203975,0.0013072601555747,8.643042350907519e-05,0.0,0.4165838375108038,0.0,0.0,0.0,0.0,0.0,0.0,0.5834161624891961,0.0,0.0449222126188418,0.7707487035436473,0.1819252376836646,0.0023390233362143,6.48228176318064e-05,0.0,0.0,0.0,0.0,0.0,5.94209161624892e-05,0.412381158167675,0.5830002160760588,0.0044295592048401,0.0001296456352636,0.0,0.0,0.0002268798617113,0.3489898444252376,0.6356957649092481,0.0148066119273984,0.0002808988764044,0.0,0.0,0.0,0.0,0.0,0.9958945548833188,0.004105445116681,0.0,0.0,0.0,0.0,0.0,0.0,1.0,0.0,0.0,0.0,0,0,0,0,0,1
96,舌右邊,101480,145.3511505126953,15.010809898376465,87.42170715332031,22.122495651245117,88.62710571289062,22.44932746887207,85.90599060058594,88.43202209472656,105.0149917602539,26.246240615844727,145.3511505126953,15.010809898376465,111.7603530883789,19.311206817626953,152.16249084472656,5.47505521774292,137.8882598876953,3.6283793449401855,0.0,0.0006208119826566,0.0044442254631454,0.0851596373669688,0.7427079227433977,0.1667816318486401,0.0002857705951911,0.0,0.0026901852581789,0.1762908947575877,0.4301635790303508,0.3592629089475759,0.0314938904217579,9.854158454867954e-05,0.0,0.0,0.0026014978320851,0.1752463539613717,0.3939396925502562,0.3964032321639732,0.0317008277493102,0.0001083957430035,0.0,0.0,0.5195407962160031,0.0,0.0,0.0,0.0,0.0,0.0,0.4804592037839968,0.0,0.016860465116279,0.426635790303508,0.3175995270003942,0.2189002759164367,0.0200039416633819,0.0,0.0,0.0,0.0006208119826566,0.0044442254631454,0.0851596373669688,0.7427079227433977,0.1667816318486401,0.0002857705951911,0.0,0.0004138746551044,0.0044343713046905,0.2304099329917225,0.5434469846275128,0.2198265668111943,0.0014682696097753,0.0,0.0,0.0,0.0,0.0,0.0,0.8769117067402444,0.1230882932597556,0.0,0.0,0.0,0.0,0.0,0.0,1.0,0.0,0.0,0.0,0,0,0,0,0,1
96,舌尖,100834,153.0752410888672,13.443108558654783,90.59440612792967,16.081018447875977,98.53191375732422,16.283172607421875,171.09823608398438,28.773767471313477,105.27863311767578,15.948627471923828,153.0752410888672,13.443108558654783,116.72081756591795,14.807846069335938,154.66990661621094,3.1839115619659424,134.63877868652344,2.3763022422790527,0.0,0.0,0.0,0.0478112541404684,0.6688319416069977,0.2755915663367514,0.0077354860463732,2.9751869409127875e-05,0.0,0.0354840629152865,0.625394212269671,0.3141400718011782,0.0239998413233631,0.0009818116905012,0.0,0.0,0.0,0.0185750838010988,0.4048535216296091,0.533966717575421,0.0401253545431104,0.0024694051609576,9.917289803042624e-06,0.0,0.0280758474324136,0.0,0.0,0.0,0.0,0.0,0.0,0.9719241525675864,0.0,0.0067437570660689,0.2382827220977051,0.6776583295317056,0.0762242894261856,0.0010909018783346,0.0,0.0,0.0,0.0,0.0,0.0478112541404684,0.6688319416069977,0.2755915663367514,0.0077354860463732,2.9751869409127875e-05,0.0,0.0,0.0740524029593192,0.7260943729297658,0.1898863478588571,0.0099073725132395,5.950373881825575e-05,0.0,0.0,0.0,0.0,0.0,0.940892952773866,0.059107047226134,0.0,0.0,0.0,0.0,0.0,0.0,1.0,0.0,0.0,0.0,0,0,0,0,0,1
96,舌左邊,121041,145.54869079589844,20.92095947265625,95.41841888427734,22.304664611816406,97.89652252197266,22.87300491333008,119.66738891601562,82.74799346923828,91.05690002441406,19.35605812072754,145.54869079589844,20.92095947265625,116.97296142578124,22.000198364257812,148.8472137451172,3.552717685699463,135.1618194580078,2.1575400829315186,0.0,7.43549706297866e-05,0.0255533249064366,0.1748581059310481,0.5237564131162168,0.2734527969861451,0.0023050040895233,0.0,0.0009583529547839,0.0897960195305722,0.3761204880990739,0.4686759032063515,0.0640774613560694,0.0003717748531489,0.0,0.0,0.0007352880428945,0.0925223684536644,0.3111672904222536,0.5163374393800447,0.0783536157169884,0.0008839979841541,0.0,0.0,0.3277401872092927,0.0,0.0,0.0,0.0,0.0,0.0,0.6722598127907072,0.0,0.0408456638659627,0.6183855057377252,0.2862666369246784,0.0525359175816458,0.0019662758899876,0.0,0.0,0.0,7.43549706297866e-05,0.0255533249064366,0.1748581059310481,0.5237564131162168,0.2734527969861451,0.0023050040895233,0.0,2.4784990209928863e-05,0.0187787609157227,0.1551953470311712,0.4766153617369321,0.340768830396312,0.008592129939442,2.4784990209928863e-05,0.0,0.0,0.0,0.0,0.0,0.9938450607645344,0.0061549392354656,0.0,0.0,0.0,0.0,0.0,0.0,1.0,0.0,0.0,0.0,0,0,0,0,0,1
96,舌根,184023,102.8742904663086,39.51673126220703,65.50182342529297,32.748268127441406,60.384952545166016,30.35650062561035,18.28153610229492,48.50603866577149,114.6912841796875,25.44273567199707,102.8742904663086,39.51673126220703,80.09774780273438,37.900333404541016,143.53033447265625,3.0429351329803467,137.71832275390625,3.07917857170105,0.039234226156513,0.1666041744781902,0.1884492699282155,0.2585002961586323,0.3302576308396233,0.0169544024388255,0.0,0.0,0.2082239720034995,0.2465235323845389,0.3156453269428278,0.2258250327404726,0.003782135928661,0.0,0.0,0.0,0.2252109790623998,0.2840134113670574,0.3471468240382995,0.1427212902734984,0.0009074952587448,0.0,0.0,0.0,0.9163637154051396,0.0,0.0,0.0,0.0,0.0,0.0,0.0836362845948604,0.0,0.0015813240736212,0.2730745613320074,0.4076990376202974,0.2705911761029871,0.0469941257342832,5.977513680355173e-05,0.0,0.039234226156513,0.1666041744781902,0.1884492699282155,0.2585002961586323,0.3302576308396233,0.0169544024388255,0.0,0.0,0.1581432755688147,0.1861995511430636,0.2263738771783962,0.348233644707455,0.0809409693353548,0.0001086820669155,0.0,0.0,0.0,0.0,0.0,0.0,1.0,0.0,0.0,0.0,0.0,0.0,0.0,0.0,1.0,0.0,0.0,0.0,-1,0,0,0,0,-1
