segmentation_method,model,color,fold,image_id,region,true,pred
tip_middle_root_1_2_2,SVM,淡紅,1,24,舌中,0,1
tip_middle_root_1_2_2,SVM,淡紅,1,24,舌右邊,0,1
tip_middle_root_1_2_2,SVM,淡紅,1,24,舌尖,0,1
tip_middle_root_1_2_2,SVM,淡紅,1,24,舌左邊,0,1
tip_middle_root_1_2_2,SVM,淡紅,1,24,舌根,0,1
tip_middle_root_1_2_2,SVM,淡紅,1,27,舌中,1,0
tip_middle_root_1_2_2,SVM,淡紅,1,27,舌右邊,1,1
tip_middle_root_1_2_2,SVM,淡紅,1,27,舌尖,1,1
tip_middle_root_1_2_2,SVM,淡紅,1,27,舌根,1,1
tip_middle_root_1_2_2,SVM,淡紅,1,30,舌右邊,0,1
tip_middle_root_1_2_2,SVM,淡紅,1,30,舌左邊,0,1
tip_middle_root_1_2_2,SVM,淡紅,1,37,舌中,1,1
tip_middle_root_1_2_2,SVM,淡紅,1,37,舌右邊,1,1
tip_middle_root_1_2_2,SVM,淡紅,1,37,舌尖,1,1
tip_middle_root_1_2_2,SVM,淡紅,1,37,舌左邊,1,1
tip_middle_root_1_2_2,SVM,淡紅,1,37,舌根,1,0
tip_middle_root_1_2_2,SVM,淡紅,1,44,舌根,0,0
tip_middle_root_1_2_2,SVM,淡紅,1,46,舌中,1,1
tip_middle_root_1_2_2,SVM,淡紅,1,46,舌右邊,1,1
tip_middle_root_1_2_2,SVM,淡紅,1,46,舌左邊,1,1
tip_middle_root_1_2_2,SVM,淡紅,1,46,舌根,1,1
tip_middle_root_1_2_2,SVM,淡紅,1,50,舌中,0,1
tip_middle_root_1_2_2,SVM,淡紅,1,50,舌右邊,0,1
tip_middle_root_1_2_2,SVM,淡紅,1,50,舌尖,0,1
tip_middle_root_1_2_2,SVM,淡紅,1,50,舌左邊,0,1
tip_middle_root_1_2_2,SVM,淡紅,1,50,舌根,0,1
tip_middle_root_1_2_2,SVM,淡紅,1,57,舌右邊,0,0
tip_middle_root_1_2_2,SVM,淡紅,1,57,舌尖,0,1
tip_middle_root_1_2_2,SVM,淡紅,1,57,舌左邊,0,1
tip_middle_root_1_2_2,SVM,淡紅,1,58,舌根,0,1
tip_middle_root_1_2_2,SVM,淡紅,1,60,舌中,0,1
tip_middle_root_1_2_2,SVM,淡紅,1,60,舌右邊,0,1
tip_middle_root_1_2_2,SVM,淡紅,1,60,舌尖,0,1
tip_middle_root_1_2_2,SVM,淡紅,1,60,舌左邊,0,1
tip_middle_root_1_2_2,SVM,淡紅,1,60,舌根,0,0
tip_middle_root_1_2_2,SVM,淡紅,1,6,舌中,0,0
tip_middle_root_1_2_2,SVM,淡紅,1,6,舌右邊,0,0
tip_middle_root_1_2_2,SVM,淡紅,1,6,舌尖,0,0
tip_middle_root_1_2_2,SVM,淡紅,1,6,舌左邊,0,0
tip_middle_root_1_2_2,SVM,淡紅,1,6,舌根,0,0
tip_middle_root_1_2_2,SVM,淡紅,2,10,舌中,0,0
tip_middle_root_1_2_2,SVM,淡紅,2,10,舌右邊,0,0
tip_middle_root_1_2_2,SVM,淡紅,2,10,舌尖,0,0
tip_middle_root_1_2_2,SVM,淡紅,2,10,舌左邊,0,0
tip_middle_root_1_2_2,SVM,淡紅,2,10,舌根,0,0
tip_middle_root_1_2_2,SVM,淡紅,2,11,舌中,0,0
tip_middle_root_1_2_2,SVM,淡紅,2,11,舌右邊,0,0
tip_middle_root_1_2_2,SVM,淡紅,2,11,舌尖,0,0
tip_middle_root_1_2_2,SVM,淡紅,2,11,舌左邊,0,0
tip_middle_root_1_2_2,SVM,淡紅,2,11,舌根,0,0
tip_middle_root_1_2_2,SVM,淡紅,2,13,舌右邊,0,0
tip_middle_root_1_2_2,SVM,淡紅,2,13,舌尖,0,0
tip_middle_root_1_2_2,SVM,淡紅,2,13,舌左邊,0,0
tip_middle_root_1_2_2,SVM,淡紅,2,19,舌中,1,1
tip_middle_root_1_2_2,SVM,淡紅,2,19,舌右邊,1,1
tip_middle_root_1_2_2,SVM,淡紅,2,19,舌尖,1,1
tip_middle_root_1_2_2,SVM,淡紅,2,19,舌左邊,1,1
tip_middle_root_1_2_2,SVM,淡紅,2,19,舌根,1,1
tip_middle_root_1_2_2,SVM,淡紅,2,23,舌中,1,1
tip_middle_root_1_2_2,SVM,淡紅,2,23,舌右邊,1,1
tip_middle_root_1_2_2,SVM,淡紅,2,23,舌左邊,1,1
tip_middle_root_1_2_2,SVM,淡紅,2,23,舌根,1,0
tip_middle_root_1_2_2,SVM,淡紅,2,47,舌左邊,0,0
tip_middle_root_1_2_2,SVM,淡紅,2,52,舌中,1,1
tip_middle_root_1_2_2,SVM,淡紅,2,52,舌右邊,1,1
tip_middle_root_1_2_2,SVM,淡紅,2,52,舌左邊,1,1
tip_middle_root_1_2_2,SVM,淡紅,2,52,舌根,1,1
tip_middle_root_1_2_2,SVM,淡紅,2,53,舌尖,0,1
tip_middle_root_1_2_2,SVM,淡紅,2,53,舌左邊,1,1
tip_middle_root_1_2_2,SVM,淡紅,2,68,舌中,0,0
tip_middle_root_1_2_2,SVM,淡紅,2,68,舌右邊,0,0
tip_middle_root_1_2_2,SVM,淡紅,2,68,舌尖,0,0
tip_middle_root_1_2_2,SVM,淡紅,2,68,舌左邊,0,0
tip_middle_root_1_2_2,SVM,淡紅,2,68,舌根,0,0
tip_middle_root_1_2_2,SVM,淡紅,2,7,舌中,0,1
tip_middle_root_1_2_2,SVM,淡紅,2,7,舌根,0,0
tip_middle_root_1_2_2,SVM,淡紅,2,96,舌中,0,0
tip_middle_root_1_2_2,SVM,淡紅,2,96,舌右邊,0,0
tip_middle_root_1_2_2,SVM,淡紅,2,96,舌尖,0,0
tip_middle_root_1_2_2,SVM,淡紅,2,96,舌左邊,0,0
tip_middle_root_1_2_2,SVM,淡紅,2,96,舌根,0,0
tip_middle_root_1_2_2,SVM,淡紅,3,17,舌右邊,0,0
tip_middle_root_1_2_2,SVM,淡紅,3,17,舌尖,1,1
tip_middle_root_1_2_2,SVM,淡紅,3,17,舌左邊,0,0
tip_middle_root_1_2_2,SVM,淡紅,3,20,舌尖,1,1
tip_middle_root_1_2_2,SVM,淡紅,3,20,舌根,1,1
tip_middle_root_1_2_2,SVM,淡紅,3,29,舌中,1,1
tip_middle_root_1_2_2,SVM,淡紅,3,29,舌右邊,1,1
tip_middle_root_1_2_2,SVM,淡紅,3,29,舌尖,1,1
tip_middle_root_1_2_2,SVM,淡紅,3,29,舌根,1,1
tip_middle_root_1_2_2,SVM,淡紅,3,31,舌中,0,1
tip_middle_root_1_2_2,SVM,淡紅,3,31,舌右邊,0,0
tip_middle_root_1_2_2,SVM,淡紅,3,31,舌尖,0,1
tip_middle_root_1_2_2,SVM,淡紅,3,31,舌左邊,0,1
tip_middle_root_1_2_2,SVM,淡紅,3,31,舌根,0,0
tip_middle_root_1_2_2,SVM,淡紅,3,35,舌中,0,1
tip_middle_root_1_2_2,SVM,淡紅,3,35,舌右邊,0,1
tip_middle_root_1_2_2,SVM,淡紅,3,35,舌左邊,0,1
tip_middle_root_1_2_2,SVM,淡紅,3,35,舌根,0,1
tip_middle_root_1_2_2,SVM,淡紅,3,36,舌中,1,1
tip_middle_root_1_2_2,SVM,淡紅,3,36,舌右邊,1,1
tip_middle_root_1_2_2,SVM,淡紅,3,36,舌尖,1,1
tip_middle_root_1_2_2,SVM,淡紅,3,36,舌左邊,1,1
tip_middle_root_1_2_2,SVM,淡紅,3,36,舌根,1,1
tip_middle_root_1_2_2,SVM,淡紅,3,40,舌中,0,1
tip_middle_root_1_2_2,SVM,淡紅,3,40,舌右邊,0,1
tip_middle_root_1_2_2,SVM,淡紅,3,40,舌尖,0,1
tip_middle_root_1_2_2,SVM,淡紅,3,40,舌左邊,0,1
tip_middle_root_1_2_2,SVM,淡紅,3,40,舌根,0,1
tip_middle_root_1_2_2,SVM,淡紅,3,49,舌尖,1,1
tip_middle_root_1_2_2,SVM,淡紅,3,49,舌左邊,1,1
tip_middle_root_1_2_2,SVM,淡紅,3,64,舌中,0,0
tip_middle_root_1_2_2,SVM,淡紅,3,64,舌右邊,0,0
tip_middle_root_1_2_2,SVM,淡紅,3,64,舌尖,0,0
tip_middle_root_1_2_2,SVM,淡紅,3,64,舌左邊,0,0
tip_middle_root_1_2_2,SVM,淡紅,3,64,舌根,0,0
tip_middle_root_1_2_2,SVM,淡紅,3,72,舌中,0,0
tip_middle_root_1_2_2,SVM,淡紅,3,72,舌右邊,0,0
tip_middle_root_1_2_2,SVM,淡紅,3,72,舌尖,0,0
tip_middle_root_1_2_2,SVM,淡紅,3,72,舌左邊,0,0
tip_middle_root_1_2_2,SVM,淡紅,3,72,舌根,0,0
tip_middle_root_1_2_2,SVM,淡紅,4,26,舌中,1,1
tip_middle_root_1_2_2,SVM,淡紅,4,26,舌尖,1,0
tip_middle_root_1_2_2,SVM,淡紅,4,2,舌右邊,0,0
tip_middle_root_1_2_2,SVM,淡紅,4,2,舌尖,0,0
tip_middle_root_1_2_2,SVM,淡紅,4,2,舌左邊,0,0
tip_middle_root_1_2_2,SVM,淡紅,4,39,舌尖,1,0
tip_middle_root_1_2_2,SVM,淡紅,4,39,舌左邊,1,1
tip_middle_root_1_2_2,SVM,淡紅,4,42,舌右邊,0,0
tip_middle_root_1_2_2,SVM,淡紅,4,42,舌尖,0,0
tip_middle_root_1_2_2,SVM,淡紅,4,42,舌左邊,0,0
tip_middle_root_1_2_2,SVM,淡紅,4,45,舌中,0,0
tip_middle_root_1_2_2,SVM,淡紅,4,45,舌右邊,1,1
tip_middle_root_1_2_2,SVM,淡紅,4,45,舌左邊,1,0
tip_middle_root_1_2_2,SVM,淡紅,4,45,舌根,0,0
tip_middle_root_1_2_2,SVM,淡紅,4,48,舌中,0,1
tip_middle_root_1_2_2,SVM,淡紅,4,48,舌右邊,0,0
tip_middle_root_1_2_2,SVM,淡紅,4,48,舌尖,0,0
tip_middle_root_1_2_2,SVM,淡紅,4,48,舌左邊,0,1
tip_middle_root_1_2_2,SVM,淡紅,4,48,舌根,0,1
tip_middle_root_1_2_2,SVM,淡紅,4,54,舌中,1,1
tip_middle_root_1_2_2,SVM,淡紅,4,54,舌右邊,1,1
tip_middle_root_1_2_2,SVM,淡紅,4,54,舌尖,1,0
tip_middle_root_1_2_2,SVM,淡紅,4,54,舌左邊,1,1
tip_middle_root_1_2_2,SVM,淡紅,4,54,舌根,1,0
tip_middle_root_1_2_2,SVM,淡紅,4,55,舌中,1,1
tip_middle_root_1_2_2,SVM,淡紅,4,55,舌右邊,1,0
tip_middle_root_1_2_2,SVM,淡紅,4,55,舌尖,1,1
tip_middle_root_1_2_2,SVM,淡紅,4,55,舌左邊,1,1
tip_middle_root_1_2_2,SVM,淡紅,4,59,舌中,0,1
tip_middle_root_1_2_2,SVM,淡紅,4,59,舌右邊,0,1
tip_middle_root_1_2_2,SVM,淡紅,4,59,舌尖,0,1
tip_middle_root_1_2_2,SVM,淡紅,4,59,舌左邊,0,1
tip_middle_root_1_2_2,SVM,淡紅,4,59,舌根,0,0
tip_middle_root_1_2_2,SVM,淡紅,4,85,舌中,0,0
tip_middle_root_1_2_2,SVM,淡紅,4,85,舌右邊,0,0
tip_middle_root_1_2_2,SVM,淡紅,4,85,舌尖,0,0
tip_middle_root_1_2_2,SVM,淡紅,4,85,舌左邊,0,0
tip_middle_root_1_2_2,SVM,淡紅,4,85,舌根,0,0
tip_middle_root_1_2_2,SVM,淡紅,4,87,舌中,0,0
tip_middle_root_1_2_2,SVM,淡紅,4,87,舌右邊,0,0
tip_middle_root_1_2_2,SVM,淡紅,4,87,舌尖,0,0
tip_middle_root_1_2_2,SVM,淡紅,4,87,舌左邊,0,0
tip_middle_root_1_2_2,SVM,淡紅,4,87,舌根,0,0
tip_middle_root_1_2_2,SVM,淡紅,5,32,舌右邊,0,1
tip_middle_root_1_2_2,SVM,淡紅,5,32,舌尖,0,0
tip_middle_root_1_2_2,SVM,淡紅,5,32,舌左邊,0,1
tip_middle_root_1_2_2,SVM,淡紅,5,34,舌右邊,0,1
tip_middle_root_1_2_2,SVM,淡紅,5,34,舌尖,0,1
tip_middle_root_1_2_2,SVM,淡紅,5,34,舌左邊,0,1
tip_middle_root_1_2_2,SVM,淡紅,5,34,舌根,0,1
tip_middle_root_1_2_2,SVM,淡紅,5,38,舌中,1,1
tip_middle_root_1_2_2,SVM,淡紅,5,38,舌右邊,1,0
tip_middle_root_1_2_2,SVM,淡紅,5,38,舌尖,1,1
tip_middle_root_1_2_2,SVM,淡紅,5,38,舌左邊,1,0
tip_middle_root_1_2_2,SVM,淡紅,5,41,舌右邊,1,0
tip_middle_root_1_2_2,SVM,淡紅,5,41,舌左邊,1,0
tip_middle_root_1_2_2,SVM,淡紅,5,41,舌根,1,0
tip_middle_root_1_2_2,SVM,淡紅,5,51,舌中,0,1
tip_middle_root_1_2_2,SVM,淡紅,5,51,舌右邊,0,0
tip_middle_root_1_2_2,SVM,淡紅,5,51,舌尖,0,1
tip_middle_root_1_2_2,SVM,淡紅,5,51,舌左邊,0,1
tip_middle_root_1_2_2,SVM,淡紅,5,51,舌根,0,0
tip_middle_root_1_2_2,SVM,淡紅,5,5,舌中,0,0
tip_middle_root_1_2_2,SVM,淡紅,5,5,舌右邊,0,0
tip_middle_root_1_2_2,SVM,淡紅,5,5,舌尖,0,0
tip_middle_root_1_2_2,SVM,淡紅,5,5,舌左邊,0,0
tip_middle_root_1_2_2,SVM,淡紅,5,5,舌根,0,0
tip_middle_root_1_2_2,SVM,淡紅,5,70,舌中,0,0
tip_middle_root_1_2_2,SVM,淡紅,5,70,舌右邊,0,0
tip_middle_root_1_2_2,SVM,淡紅,5,70,舌尖,0,0
tip_middle_root_1_2_2,SVM,淡紅,5,70,舌左邊,0,0
tip_middle_root_1_2_2,SVM,淡紅,5,70,舌根,0,0
tip_middle_root_1_2_2,SVM,淡紅,5,74,舌中,0,0
tip_middle_root_1_2_2,SVM,淡紅,5,74,舌右邊,0,0
tip_middle_root_1_2_2,SVM,淡紅,5,74,舌左邊,0,0
tip_middle_root_1_2_2,SVM,淡紅,5,74,舌根,0,0
tip_middle_root_1_2_2,SVM,淡紅,5,8,舌中,1,0
tip_middle_root_1_2_2,SVM,淡紅,5,8,舌右邊,1,0
tip_middle_root_1_2_2,SVM,淡紅,5,8,舌尖,1,0
tip_middle_root_1_2_2,SVM,淡紅,5,8,舌左邊,1,0
tip_middle_root_1_2_2,SVM,淡紅,5,8,舌根,1,0
tip_middle_root_1_2_2,SVM,淡紅,5,9,舌右邊,1,0
tip_middle_root_1_2_2,SVM,淡紅,5,9,舌左邊,1,0
tip_middle_root_1_2_2,Random Forest,淡紅,1,24,舌中,0,1
tip_middle_root_1_2_2,Random Forest,淡紅,1,24,舌右邊,0,1
tip_middle_root_1_2_2,Random Forest,淡紅,1,24,舌尖,0,1
tip_middle_root_1_2_2,Random Forest,淡紅,1,24,舌左邊,0,0
tip_middle_root_1_2_2,Random Forest,淡紅,1,24,舌根,0,1
tip_middle_root_1_2_2,Random Forest,淡紅,1,27,舌中,1,1
tip_middle_root_1_2_2,Random Forest,淡紅,1,27,舌右邊,1,1
tip_middle_root_1_2_2,Random Forest,淡紅,1,27,舌尖,1,1
tip_middle_root_1_2_2,Random Forest,淡紅,1,27,舌根,1,1
tip_middle_root_1_2_2,Random Forest,淡紅,1,30,舌右邊,0,1
tip_middle_root_1_2_2,Random Forest,淡紅,1,30,舌左邊,0,1
tip_middle_root_1_2_2,Random Forest,淡紅,1,37,舌中,1,1
tip_middle_root_1_2_2,Random Forest,淡紅,1,37,舌右邊,1,1
tip_middle_root_1_2_2,Random Forest,淡紅,1,37,舌尖,1,1
tip_middle_root_1_2_2,Random Forest,淡紅,1,37,舌左邊,1,1
tip_middle_root_1_2_2,Random Forest,淡紅,1,37,舌根,1,1
tip_middle_root_1_2_2,Random Forest,淡紅,1,44,舌根,0,1
tip_middle_root_1_2_2,Random Forest,淡紅,1,46,舌中,1,1
tip_middle_root_1_2_2,Random Forest,淡紅,1,46,舌右邊,1,1
tip_middle_root_1_2_2,Random Forest,淡紅,1,46,舌左邊,1,1
tip_middle_root_1_2_2,Random Forest,淡紅,1,46,舌根,1,1
tip_middle_root_1_2_2,Random Forest,淡紅,1,50,舌中,0,1
tip_middle_root_1_2_2,Random Forest,淡紅,1,50,舌右邊,0,1
tip_middle_root_1_2_2,Random Forest,淡紅,1,50,舌尖,0,1
tip_middle_root_1_2_2,Random Forest,淡紅,1,50,舌左邊,0,1
tip_middle_root_1_2_2,Random Forest,淡紅,1,50,舌根,0,1
tip_middle_root_1_2_2,Random Forest,淡紅,1,57,舌右邊,0,0
tip_middle_root_1_2_2,Random Forest,淡紅,1,57,舌尖,0,0
tip_middle_root_1_2_2,Random Forest,淡紅,1,57,舌左邊,0,1
tip_middle_root_1_2_2,Random Forest,淡紅,1,58,舌根,0,1
tip_middle_root_1_2_2,Random Forest,淡紅,1,60,舌中,0,0
tip_middle_root_1_2_2,Random Forest,淡紅,1,60,舌右邊,0,1
tip_middle_root_1_2_2,Random Forest,淡紅,1,60,舌尖,0,1
tip_middle_root_1_2_2,Random Forest,淡紅,1,60,舌左邊,0,1
tip_middle_root_1_2_2,Random Forest,淡紅,1,60,舌根,0,0
tip_middle_root_1_2_2,Random Forest,淡紅,1,6,舌中,0,0
tip_middle_root_1_2_2,Random Forest,淡紅,1,6,舌右邊,0,0
tip_middle_root_1_2_2,Random Forest,淡紅,1,6,舌尖,0,0
tip_middle_root_1_2_2,Random Forest,淡紅,1,6,舌左邊,0,0
tip_middle_root_1_2_2,Random Forest,淡紅,1,6,舌根,0,0
tip_middle_root_1_2_2,Random Forest,淡紅,2,10,舌中,0,0
tip_middle_root_1_2_2,Random Forest,淡紅,2,10,舌右邊,0,0
tip_middle_root_1_2_2,Random Forest,淡紅,2,10,舌尖,0,0
tip_middle_root_1_2_2,Random Forest,淡紅,2,10,舌左邊,0,0
tip_middle_root_1_2_2,Random Forest,淡紅,2,10,舌根,0,0
tip_middle_root_1_2_2,Random Forest,淡紅,2,11,舌中,0,0
tip_middle_root_1_2_2,Random Forest,淡紅,2,11,舌右邊,0,0
tip_middle_root_1_2_2,Random Forest,淡紅,2,11,舌尖,0,0
tip_middle_root_1_2_2,Random Forest,淡紅,2,11,舌左邊,0,0
tip_middle_root_1_2_2,Random Forest,淡紅,2,11,舌根,0,0
tip_middle_root_1_2_2,Random Forest,淡紅,2,13,舌右邊,0,0
tip_middle_root_1_2_2,Random Forest,淡紅,2,13,舌尖,0,0
tip_middle_root_1_2_2,Random Forest,淡紅,2,13,舌左邊,0,0
tip_middle_root_1_2_2,Random Forest,淡紅,2,19,舌中,1,1
tip_middle_root_1_2_2,Random Forest,淡紅,2,19,舌右邊,1,1
tip_middle_root_1_2_2,Random Forest,淡紅,2,19,舌尖,1,1
tip_middle_root_1_2_2,Random Forest,淡紅,2,19,舌左邊,1,1
tip_middle_root_1_2_2,Random Forest,淡紅,2,19,舌根,1,0
tip_middle_root_1_2_2,Random Forest,淡紅,2,23,舌中,1,0
tip_middle_root_1_2_2,Random Forest,淡紅,2,23,舌右邊,1,1
tip_middle_root_1_2_2,Random Forest,淡紅,2,23,舌左邊,1,0
tip_middle_root_1_2_2,Random Forest,淡紅,2,23,舌根,1,0
tip_middle_root_1_2_2,Random Forest,淡紅,2,47,舌左邊,0,0
tip_middle_root_1_2_2,Random Forest,淡紅,2,52,舌中,1,0
tip_middle_root_1_2_2,Random Forest,淡紅,2,52,舌右邊,1,0
tip_middle_root_1_2_2,Random Forest,淡紅,2,52,舌左邊,1,0
tip_middle_root_1_2_2,Random Forest,淡紅,2,52,舌根,1,0
tip_middle_root_1_2_2,Random Forest,淡紅,2,53,舌尖,0,0
tip_middle_root_1_2_2,Random Forest,淡紅,2,53,舌左邊,1,0
tip_middle_root_1_2_2,Random Forest,淡紅,2,68,舌中,0,0
tip_middle_root_1_2_2,Random Forest,淡紅,2,68,舌右邊,0,0
tip_middle_root_1_2_2,Random Forest,淡紅,2,68,舌尖,0,0
tip_middle_root_1_2_2,Random Forest,淡紅,2,68,舌左邊,0,0
tip_middle_root_1_2_2,Random Forest,淡紅,2,68,舌根,0,0
tip_middle_root_1_2_2,Random Forest,淡紅,2,7,舌中,0,1
tip_middle_root_1_2_2,Random Forest,淡紅,2,7,舌根,0,0
tip_middle_root_1_2_2,Random Forest,淡紅,2,96,舌中,0,0
tip_middle_root_1_2_2,Random Forest,淡紅,2,96,舌右邊,0,0
tip_middle_root_1_2_2,Random Forest,淡紅,2,96,舌尖,0,0
tip_middle_root_1_2_2,Random Forest,淡紅,2,96,舌左邊,0,0
tip_middle_root_1_2_2,Random Forest,淡紅,2,96,舌根,0,0
tip_middle_root_1_2_2,Random Forest,淡紅,3,17,舌右邊,0,0
tip_middle_root_1_2_2,Random Forest,淡紅,3,17,舌尖,1,1
tip_middle_root_1_2_2,Random Forest,淡紅,3,17,舌左邊,0,0
tip_middle_root_1_2_2,Random Forest,淡紅,3,20,舌尖,1,1
tip_middle_root_1_2_2,Random Forest,淡紅,3,20,舌根,1,1
tip_middle_root_1_2_2,Random Forest,淡紅,3,29,舌中,1,1
tip_middle_root_1_2_2,Random Forest,淡紅,3,29,舌右邊,1,1
tip_middle_root_1_2_2,Random Forest,淡紅,3,29,舌尖,1,1
tip_middle_root_1_2_2,Random Forest,淡紅,3,29,舌根,1,0
tip_middle_root_1_2_2,Random Forest,淡紅,3,31,舌中,0,1
tip_middle_root_1_2_2,Random Forest,淡紅,3,31,舌右邊,0,0
tip_middle_root_1_2_2,Random Forest,淡紅,3,31,舌尖,0,1
tip_middle_root_1_2_2,Random Forest,淡紅,3,31,舌左邊,0,1
tip_middle_root_1_2_2,Random Forest,淡紅,3,31,舌根,0,0
tip_middle_root_1_2_2,Random Forest,淡紅,3,35,舌中,0,1
tip_middle_root_1_2_2,Random Forest,淡紅,3,35,舌右邊,0,0
tip_middle_root_1_2_2,Random Forest,淡紅,3,35,舌左邊,0,0
tip_middle_root_1_2_2,Random Forest,淡紅,3,35,舌根,0,0
tip_middle_root_1_2_2,Random Forest,淡紅,3,36,舌中,1,1
tip_middle_root_1_2_2,Random Forest,淡紅,3,36,舌右邊,1,1
tip_middle_root_1_2_2,Random Forest,淡紅,3,36,舌尖,1,1
tip_middle_root_1_2_2,Random Forest,淡紅,3,36,舌左邊,1,1
tip_middle_root_1_2_2,Random Forest,淡紅,3,36,舌根,1,1
tip_middle_root_1_2_2,Random Forest,淡紅,3,40,舌中,0,1
tip_middle_root_1_2_2,Random Forest,淡紅,3,40,舌右邊,0,0
tip_middle_root_1_2_2,Random Forest,淡紅,3,40,舌尖,0,0
tip_middle_root_1_2_2,Random Forest,淡紅,3,40,舌左邊,0,0
tip_middle_root_1_2_2,Random Forest,淡紅,3,40,舌根,0,1
tip_middle_root_1_2_2,Random Forest,淡紅,3,49,舌尖,1,0
tip_middle_root_1_2_2,Random Forest,淡紅,3,49,舌左邊,1,1
tip_middle_root_1_2_2,Random Forest,淡紅,3,64,舌中,0,0
tip_middle_root_1_2_2,Random Forest,淡紅,3,64,舌右邊,0,0
tip_middle_root_1_2_2,Random Forest,淡紅,3,64,舌尖,0,0
tip_middle_root_1_2_2,Random Forest,淡紅,3,64,舌左邊,0,0
tip_middle_root_1_2_2,Random Forest,淡紅,3,64,舌根,0,0
tip_middle_root_1_2_2,Random Forest,淡紅,3,72,舌中,0,0
tip_middle_root_1_2_2,Random Forest,淡紅,3,72,舌右邊,0,0
tip_middle_root_1_2_2,Random Forest,淡紅,3,72,舌尖,0,0
tip_middle_root_1_2_2,Random Forest,淡紅,3,72,舌左邊,0,0
tip_middle_root_1_2_2,Random Forest,淡紅,3,72,舌根,0,0
tip_middle_root_1_2_2,Random Forest,淡紅,4,26,舌中,1,1
tip_middle_root_1_2_2,Random Forest,淡紅,4,26,舌尖,1,0
tip_middle_root_1_2_2,Random Forest,淡紅,4,2,舌右邊,0,0
tip_middle_root_1_2_2,Random Forest,淡紅,4,2,舌尖,0,0
tip_middle_root_1_2_2,Random Forest,淡紅,4,2,舌左邊,0,0
tip_middle_root_1_2_2,Random Forest,淡紅,4,39,舌尖,1,0
tip_middle_root_1_2_2,Random Forest,淡紅,4,39,舌左邊,1,0
tip_middle_root_1_2_2,Random Forest,淡紅,4,42,舌右邊,0,0
tip_middle_root_1_2_2,Random Forest,淡紅,4,42,舌尖,0,0
tip_middle_root_1_2_2,Random Forest,淡紅,4,42,舌左邊,0,0
tip_middle_root_1_2_2,Random Forest,淡紅,4,45,舌中,0,1
tip_middle_root_1_2_2,Random Forest,淡紅,4,45,舌右邊,1,1
tip_middle_root_1_2_2,Random Forest,淡紅,4,45,舌左邊,1,1
tip_middle_root_1_2_2,Random Forest,淡紅,4,45,舌根,0,1
tip_middle_root_1_2_2,Random Forest,淡紅,4,48,舌中,0,1
tip_middle_root_1_2_2,Random Forest,淡紅,4,48,舌右邊,0,0
tip_middle_root_1_2_2,Random Forest,淡紅,4,48,舌尖,0,0
tip_middle_root_1_2_2,Random Forest,淡紅,4,48,舌左邊,0,0
tip_middle_root_1_2_2,Random Forest,淡紅,4,48,舌根,0,0
tip_middle_root_1_2_2,Random Forest,淡紅,4,54,舌中,1,1
tip_middle_root_1_2_2,Random Forest,淡紅,4,54,舌右邊,1,1
tip_middle_root_1_2_2,Random Forest,淡紅,4,54,舌尖,1,1
tip_middle_root_1_2_2,Random Forest,淡紅,4,54,舌左邊,1,1
tip_middle_root_1_2_2,Random Forest,淡紅,4,54,舌根,1,1
tip_middle_root_1_2_2,Random Forest,淡紅,4,55,舌中,1,1
tip_middle_root_1_2_2,Random Forest,淡紅,4,55,舌右邊,1,0
tip_middle_root_1_2_2,Random Forest,淡紅,4,55,舌尖,1,1
tip_middle_root_1_2_2,Random Forest,淡紅,4,55,舌左邊,1,0
tip_middle_root_1_2_2,Random Forest,淡紅,4,59,舌中,0,0
tip_middle_root_1_2_2,Random Forest,淡紅,4,59,舌右邊,0,1
tip_middle_root_1_2_2,Random Forest,淡紅,4,59,舌尖,0,0
tip_middle_root_1_2_2,Random Forest,淡紅,4,59,舌左邊,0,1
tip_middle_root_1_2_2,Random Forest,淡紅,4,59,舌根,0,0
tip_middle_root_1_2_2,Random Forest,淡紅,4,85,舌中,0,0
tip_middle_root_1_2_2,Random Forest,淡紅,4,85,舌右邊,0,0
tip_middle_root_1_2_2,Random Forest,淡紅,4,85,舌尖,0,0
tip_middle_root_1_2_2,Random Forest,淡紅,4,85,舌左邊,0,0
tip_middle_root_1_2_2,Random Forest,淡紅,4,85,舌根,0,0
tip_middle_root_1_2_2,Random Forest,淡紅,4,87,舌中,0,0
tip_middle_root_1_2_2,Random Forest,淡紅,4,87,舌右邊,0,0
tip_middle_root_1_2_2,Random Forest,淡紅,4,87,舌尖,0,0
tip_middle_root_1_2_2,Random Forest,淡紅,4,87,舌左邊,0,0
tip_middle_root_1_2_2,Random Forest,淡紅,4,87,舌根,0,0
tip_middle_root_1_2_2,Random Forest,淡紅,5,32,舌右邊,0,0
tip_middle_root_1_2_2,Random Forest,淡紅,5,32,舌尖,0,0
tip_middle_root_1_2_2,Random Forest,淡紅,5,32,舌左邊,0,0
tip_middle_root_1_2_2,Random Forest,淡紅,5,34,舌右邊,0,1
tip_middle_root_1_2_2,Random Forest,淡紅,5,34,舌尖,0,1
tip_middle_root_1_2_2,Random Forest,淡紅,5,34,舌左邊,0,0
tip_middle_root_1_2_2,Random Forest,淡紅,5,34,舌根,0,1
tip_middle_root_1_2_2,Random Forest,淡紅,5,38,舌中,1,1
tip_middle_root_1_2_2,Random Forest,淡紅,5,38,舌右邊,1,0
tip_middle_root_1_2_2,Random Forest,淡紅,5,38,舌尖,1,0
tip_middle_root_1_2_2,Random Forest,淡紅,5,38,舌左邊,1,0
tip_middle_root_1_2_2,Random Forest,淡紅,5,41,舌右邊,1,1
tip_middle_root_1_2_2,Random Forest,淡紅,5,41,舌左邊,1,0
tip_middle_root_1_2_2,Random Forest,淡紅,5,41,舌根,1,1
tip_middle_root_1_2_2,Random Forest,淡紅,5,51,舌中,0,1
tip_middle_root_1_2_2,Random Forest,淡紅,5,51,舌右邊,0,0
tip_middle_root_1_2_2,Random Forest,淡紅,5,51,舌尖,0,0
tip_middle_root_1_2_2,Random Forest,淡紅,5,51,舌左邊,0,0
tip_middle_root_1_2_2,Random Forest,淡紅,5,51,舌根,0,0
tip_middle_root_1_2_2,Random Forest,淡紅,5,5,舌中,0,0
tip_middle_root_1_2_2,Random Forest,淡紅,5,5,舌右邊,0,0
tip_middle_root_1_2_2,Random Forest,淡紅,5,5,舌尖,0,0
tip_middle_root_1_2_2,Random Forest,淡紅,5,5,舌左邊,0,0
tip_middle_root_1_2_2,Random Forest,淡紅,5,5,舌根,0,0
tip_middle_root_1_2_2,Random Forest,淡紅,5,70,舌中,0,0
tip_middle_root_1_2_2,Random Forest,淡紅,5,70,舌右邊,0,0
tip_middle_root_1_2_2,Random Forest,淡紅,5,70,舌尖,0,0
tip_middle_root_1_2_2,Random Forest,淡紅,5,70,舌左邊,0,0
tip_middle_root_1_2_2,Random Forest,淡紅,5,70,舌根,0,0
tip_middle_root_1_2_2,Random Forest,淡紅,5,74,舌中,0,0
tip_middle_root_1_2_2,Random Forest,淡紅,5,74,舌右邊,0,0
tip_middle_root_1_2_2,Random Forest,淡紅,5,74,舌左邊,0,0
tip_middle_root_1_2_2,Random Forest,淡紅,5,74,舌根,0,0
tip_middle_root_1_2_2,Random Forest,淡紅,5,8,舌中,1,0
tip_middle_root_1_2_2,Random Forest,淡紅,5,8,舌右邊,1,0
tip_middle_root_1_2_2,Random Forest,淡紅,5,8,舌尖,1,0
tip_middle_root_1_2_2,Random Forest,淡紅,5,8,舌左邊,1,0
tip_middle_root_1_2_2,Random Forest,淡紅,5,8,舌根,1,0
tip_middle_root_1_2_2,Random Forest,淡紅,5,9,舌右邊,1,0
tip_middle_root_1_2_2,Random Forest,淡紅,5,9,舌左邊,1,0
tip_middle_root_1_3_1,SVM,淡紅,1,24,舌中,0,1
tip_middle_root_1_3_1,SVM,淡紅,1,24,舌右邊,0,1
tip_middle_root_1_3_1,SVM,淡紅,1,24,舌尖,0,1
tip_middle_root_1_3_1,SVM,淡紅,1,24,舌左邊,0,1
tip_middle_root_1_3_1,SVM,淡紅,1,24,舌根,0,1
tip_middle_root_1_3_1,SVM,淡紅,1,27,舌中,1,1
tip_middle_root_1_3_1,SVM,淡紅,1,27,舌右邊,1,1
tip_middle_root_1_3_1,SVM,淡紅,1,27,舌尖,1,1
tip_middle_root_1_3_1,SVM,淡紅,1,27,舌根,1,1
tip_middle_root_1_3_1,SVM,淡紅,1,30,舌右邊,0,1
tip_middle_root_1_3_1,SVM,淡紅,1,30,舌左邊,0,1
tip_middle_root_1_3_1,SVM,淡紅,1,37,舌中,1,1
tip_middle_root_1_3_1,SVM,淡紅,1,37,舌右邊,1,0
tip_middle_root_1_3_1,SVM,淡紅,1,37,舌尖,1,1
tip_middle_root_1_3_1,SVM,淡紅,1,37,舌左邊,1,1
tip_middle_root_1_3_1,SVM,淡紅,1,37,舌根,1,0
tip_middle_root_1_3_1,SVM,淡紅,1,44,舌根,0,0
tip_middle_root_1_3_1,SVM,淡紅,1,46,舌中,1,1
tip_middle_root_1_3_1,SVM,淡紅,1,46,舌右邊,1,1
tip_middle_root_1_3_1,SVM,淡紅,1,46,舌左邊,1,1
tip_middle_root_1_3_1,SVM,淡紅,1,46,舌根,1,1
tip_middle_root_1_3_1,SVM,淡紅,1,50,舌中,0,1
tip_middle_root_1_3_1,SVM,淡紅,1,50,舌右邊,0,1
tip_middle_root_1_3_1,SVM,淡紅,1,50,舌尖,0,1
tip_middle_root_1_3_1,SVM,淡紅,1,50,舌左邊,0,1
tip_middle_root_1_3_1,SVM,淡紅,1,50,舌根,0,1
tip_middle_root_1_3_1,SVM,淡紅,1,57,舌右邊,0,0
tip_middle_root_1_3_1,SVM,淡紅,1,57,舌尖,0,0
tip_middle_root_1_3_1,SVM,淡紅,1,57,舌左邊,0,1
tip_middle_root_1_3_1,SVM,淡紅,1,58,舌根,0,1
tip_middle_root_1_3_1,SVM,淡紅,1,60,舌中,0,1
tip_middle_root_1_3_1,SVM,淡紅,1,60,舌右邊,0,1
tip_middle_root_1_3_1,SVM,淡紅,1,60,舌尖,0,1
tip_middle_root_1_3_1,SVM,淡紅,1,60,舌左邊,0,1
tip_middle_root_1_3_1,SVM,淡紅,1,60,舌根,0,0
tip_middle_root_1_3_1,SVM,淡紅,1,6,舌中,0,0
tip_middle_root_1_3_1,SVM,淡紅,1,6,舌右邊,0,0
tip_middle_root_1_3_1,SVM,淡紅,1,6,舌尖,0,0
tip_middle_root_1_3_1,SVM,淡紅,1,6,舌左邊,0,0
tip_middle_root_1_3_1,SVM,淡紅,1,6,舌根,0,0
tip_middle_root_1_3_1,SVM,淡紅,2,10,舌中,0,0
tip_middle_root_1_3_1,SVM,淡紅,2,10,舌右邊,0,0
tip_middle_root_1_3_1,SVM,淡紅,2,10,舌尖,0,0
tip_middle_root_1_3_1,SVM,淡紅,2,10,舌左邊,0,0
tip_middle_root_1_3_1,SVM,淡紅,2,10,舌根,0,0
tip_middle_root_1_3_1,SVM,淡紅,2,11,舌中,0,0
tip_middle_root_1_3_1,SVM,淡紅,2,11,舌右邊,0,0
tip_middle_root_1_3_1,SVM,淡紅,2,11,舌尖,0,0
tip_middle_root_1_3_1,SVM,淡紅,2,11,舌左邊,0,0
tip_middle_root_1_3_1,SVM,淡紅,2,11,舌根,0,0
tip_middle_root_1_3_1,SVM,淡紅,2,13,舌右邊,0,0
tip_middle_root_1_3_1,SVM,淡紅,2,13,舌尖,0,0
tip_middle_root_1_3_1,SVM,淡紅,2,13,舌左邊,0,0
tip_middle_root_1_3_1,SVM,淡紅,2,19,舌中,1,1
tip_middle_root_1_3_1,SVM,淡紅,2,19,舌右邊,1,1
tip_middle_root_1_3_1,SVM,淡紅,2,19,舌尖,1,1
tip_middle_root_1_3_1,SVM,淡紅,2,19,舌左邊,1,1
tip_middle_root_1_3_1,SVM,淡紅,2,19,舌根,1,0
tip_middle_root_1_3_1,SVM,淡紅,2,23,舌中,1,1
tip_middle_root_1_3_1,SVM,淡紅,2,23,舌右邊,1,1
tip_middle_root_1_3_1,SVM,淡紅,2,23,舌左邊,1,1
tip_middle_root_1_3_1,SVM,淡紅,2,23,舌根,1,0
tip_middle_root_1_3_1,SVM,淡紅,2,47,舌左邊,0,1
tip_middle_root_1_3_1,SVM,淡紅,2,52,舌中,1,1
tip_middle_root_1_3_1,SVM,淡紅,2,52,舌右邊,1,1
tip_middle_root_1_3_1,SVM,淡紅,2,52,舌左邊,1,1
tip_middle_root_1_3_1,SVM,淡紅,2,52,舌根,1,1
tip_middle_root_1_3_1,SVM,淡紅,2,53,舌尖,0,1
tip_middle_root_1_3_1,SVM,淡紅,2,53,舌左邊,1,0
tip_middle_root_1_3_1,SVM,淡紅,2,68,舌中,0,0
tip_middle_root_1_3_1,SVM,淡紅,2,68,舌右邊,0,0
tip_middle_root_1_3_1,SVM,淡紅,2,68,舌尖,0,0
tip_middle_root_1_3_1,SVM,淡紅,2,68,舌左邊,0,0
tip_middle_root_1_3_1,SVM,淡紅,2,68,舌根,0,0
tip_middle_root_1_3_1,SVM,淡紅,2,7,舌中,0,1
tip_middle_root_1_3_1,SVM,淡紅,2,7,舌根,0,0
tip_middle_root_1_3_1,SVM,淡紅,2,96,舌中,0,0
tip_middle_root_1_3_1,SVM,淡紅,2,96,舌右邊,0,0
tip_middle_root_1_3_1,SVM,淡紅,2,96,舌尖,0,0
tip_middle_root_1_3_1,SVM,淡紅,2,96,舌左邊,0,0
tip_middle_root_1_3_1,SVM,淡紅,2,96,舌根,0,0
tip_middle_root_1_3_1,SVM,淡紅,3,17,舌右邊,0,0
tip_middle_root_1_3_1,SVM,淡紅,3,17,舌尖,1,1
tip_middle_root_1_3_1,SVM,淡紅,3,17,舌左邊,0,0
tip_middle_root_1_3_1,SVM,淡紅,3,20,舌尖,1,1
tip_middle_root_1_3_1,SVM,淡紅,3,20,舌根,1,0
tip_middle_root_1_3_1,SVM,淡紅,3,29,舌中,1,1
tip_middle_root_1_3_1,SVM,淡紅,3,29,舌右邊,1,1
tip_middle_root_1_3_1,SVM,淡紅,3,29,舌尖,1,1
tip_middle_root_1_3_1,SVM,淡紅,3,29,舌根,1,0
tip_middle_root_1_3_1,SVM,淡紅,3,31,舌中,0,1
tip_middle_root_1_3_1,SVM,淡紅,3,31,舌右邊,0,0
tip_middle_root_1_3_1,SVM,淡紅,3,31,舌尖,0,1
tip_middle_root_1_3_1,SVM,淡紅,3,31,舌左邊,0,1
tip_middle_root_1_3_1,SVM,淡紅,3,31,舌根,0,0
tip_middle_root_1_3_1,SVM,淡紅,3,35,舌中,0,1
tip_middle_root_1_3_1,SVM,淡紅,3,35,舌右邊,0,0
tip_middle_root_1_3_1,SVM,淡紅,3,35,舌左邊,0,1
tip_middle_root_1_3_1,SVM,淡紅,3,35,舌根,0,0
tip_middle_root_1_3_1,SVM,淡紅,3,36,舌中,1,1
tip_middle_root_1_3_1,SVM,淡紅,3,36,舌右邊,1,1
tip_middle_root_1_3_1,SVM,淡紅,3,36,舌尖,1,1
tip_middle_root_1_3_1,SVM,淡紅,3,36,舌左邊,1,1
tip_middle_root_1_3_1,SVM,淡紅,3,36,舌根,1,1
tip_middle_root_1_3_1,SVM,淡紅,3,40,舌中,0,1
tip_middle_root_1_3_1,SVM,淡紅,3,40,舌右邊,0,1
tip_middle_root_1_3_1,SVM,淡紅,3,40,舌尖,0,1
tip_middle_root_1_3_1,SVM,淡紅,3,40,舌左邊,0,1
tip_middle_root_1_3_1,SVM,淡紅,3,40,舌根,0,1
tip_middle_root_1_3_1,SVM,淡紅,3,49,舌尖,1,1
tip_middle_root_1_3_1,SVM,淡紅,3,49,舌左邊,1,1
tip_middle_root_1_3_1,SVM,淡紅,3,64,舌中,0,0
tip_middle_root_1_3_1,SVM,淡紅,3,64,舌右邊,0,0
tip_middle_root_1_3_1,SVM,淡紅,3,64,舌尖,0,0
tip_middle_root_1_3_1,SVM,淡紅,3,64,舌左邊,0,0
tip_middle_root_1_3_1,SVM,淡紅,3,64,舌根,0,0
tip_middle_root_1_3_1,SVM,淡紅,3,72,舌中,0,0
tip_middle_root_1_3_1,SVM,淡紅,3,72,舌右邊,0,0
tip_middle_root_1_3_1,SVM,淡紅,3,72,舌尖,0,0
tip_middle_root_1_3_1,SVM,淡紅,3,72,舌左邊,0,0
tip_middle_root_1_3_1,SVM,淡紅,3,72,舌根,0,0
tip_middle_root_1_3_1,SVM,淡紅,4,26,舌中,1,1
tip_middle_root_1_3_1,SVM,淡紅,4,26,舌尖,1,0
tip_middle_root_1_3_1,SVM,淡紅,4,2,舌右邊,0,0
tip_middle_root_1_3_1,SVM,淡紅,4,2,舌尖,0,0
tip_middle_root_1_3_1,SVM,淡紅,4,2,舌左邊,0,0
tip_middle_root_1_3_1,SVM,淡紅,4,39,舌尖,1,0
tip_middle_root_1_3_1,SVM,淡紅,4,39,舌左邊,1,1
tip_middle_root_1_3_1,SVM,淡紅,4,42,舌右邊,0,0
tip_middle_root_1_3_1,SVM,淡紅,4,42,舌尖,0,0
tip_middle_root_1_3_1,SVM,淡紅,4,42,舌左邊,0,0
tip_middle_root_1_3_1,SVM,淡紅,4,45,舌中,0,0
tip_middle_root_1_3_1,SVM,淡紅,4,45,舌右邊,1,0
tip_middle_root_1_3_1,SVM,淡紅,4,45,舌左邊,1,0
tip_middle_root_1_3_1,SVM,淡紅,4,45,舌根,0,0
tip_middle_root_1_3_1,SVM,淡紅,4,48,舌中,0,1
tip_middle_root_1_3_1,SVM,淡紅,4,48,舌右邊,0,1
tip_middle_root_1_3_1,SVM,淡紅,4,48,舌尖,0,0
tip_middle_root_1_3_1,SVM,淡紅,4,48,舌左邊,0,1
tip_middle_root_1_3_1,SVM,淡紅,4,48,舌根,0,0
tip_middle_root_1_3_1,SVM,淡紅,4,54,舌中,1,1
tip_middle_root_1_3_1,SVM,淡紅,4,54,舌右邊,1,1
tip_middle_root_1_3_1,SVM,淡紅,4,54,舌尖,1,1
tip_middle_root_1_3_1,SVM,淡紅,4,54,舌左邊,1,1
tip_middle_root_1_3_1,SVM,淡紅,4,54,舌根,1,0
tip_middle_root_1_3_1,SVM,淡紅,4,55,舌中,1,1
tip_middle_root_1_3_1,SVM,淡紅,4,55,舌右邊,1,0
tip_middle_root_1_3_1,SVM,淡紅,4,55,舌尖,1,1
tip_middle_root_1_3_1,SVM,淡紅,4,55,舌左邊,1,1
tip_middle_root_1_3_1,SVM,淡紅,4,59,舌中,0,1
tip_middle_root_1_3_1,SVM,淡紅,4,59,舌右邊,0,1
tip_middle_root_1_3_1,SVM,淡紅,4,59,舌尖,0,1
tip_middle_root_1_3_1,SVM,淡紅,4,59,舌左邊,0,0
tip_middle_root_1_3_1,SVM,淡紅,4,59,舌根,0,0
tip_middle_root_1_3_1,SVM,淡紅,4,85,舌中,0,0
tip_middle_root_1_3_1,SVM,淡紅,4,85,舌右邊,0,0
tip_middle_root_1_3_1,SVM,淡紅,4,85,舌尖,0,0
tip_middle_root_1_3_1,SVM,淡紅,4,85,舌左邊,0,0
tip_middle_root_1_3_1,SVM,淡紅,4,85,舌根,0,0
tip_middle_root_1_3_1,SVM,淡紅,4,87,舌中,0,0
tip_middle_root_1_3_1,SVM,淡紅,4,87,舌右邊,0,0
tip_middle_root_1_3_1,SVM,淡紅,4,87,舌尖,0,0
tip_middle_root_1_3_1,SVM,淡紅,4,87,舌左邊,0,0
tip_middle_root_1_3_1,SVM,淡紅,4,87,舌根,0,0
tip_middle_root_1_3_1,SVM,淡紅,5,32,舌右邊,0,1
tip_middle_root_1_3_1,SVM,淡紅,5,32,舌尖,0,0
tip_middle_root_1_3_1,SVM,淡紅,5,32,舌左邊,0,1
tip_middle_root_1_3_1,SVM,淡紅,5,34,舌右邊,0,1
tip_middle_root_1_3_1,SVM,淡紅,5,34,舌尖,0,1
tip_middle_root_1_3_1,SVM,淡紅,5,34,舌左邊,0,1
tip_middle_root_1_3_1,SVM,淡紅,5,34,舌根,0,1
tip_middle_root_1_3_1,SVM,淡紅,5,38,舌中,1,1
tip_middle_root_1_3_1,SVM,淡紅,5,38,舌右邊,1,1
tip_middle_root_1_3_1,SVM,淡紅,5,38,舌尖,1,1
tip_middle_root_1_3_1,SVM,淡紅,5,38,舌左邊,1,1
tip_middle_root_1_3_1,SVM,淡紅,5,41,舌右邊,1,0
tip_middle_root_1_3_1,SVM,淡紅,5,41,舌左邊,1,0
tip_middle_root_1_3_1,SVM,淡紅,5,41,舌根,1,0
tip_middle_root_1_3_1,SVM,淡紅,5,51,舌中,0,1
tip_middle_root_1_3_1,SVM,淡紅,5,51,舌右邊,0,0
tip_middle_root_1_3_1,SVM,淡紅,5,51,舌尖,0,0
tip_middle_root_1_3_1,SVM,淡紅,5,51,舌左邊,0,1
tip_middle_root_1_3_1,SVM,淡紅,5,51,舌根,0,0
tip_middle_root_1_3_1,SVM,淡紅,5,5,舌中,0,0
tip_middle_root_1_3_1,SVM,淡紅,5,5,舌右邊,0,0
tip_middle_root_1_3_1,SVM,淡紅,5,5,舌尖,0,0
tip_middle_root_1_3_1,SVM,淡紅,5,5,舌左邊,0,0
tip_middle_root_1_3_1,SVM,淡紅,5,5,舌根,0,0
tip_middle_root_1_3_1,SVM,淡紅,5,70,舌中,0,0
tip_middle_root_1_3_1,SVM,淡紅,5,70,舌右邊,0,0
tip_middle_root_1_3_1,SVM,淡紅,5,70,舌尖,0,0
tip_middle_root_1_3_1,SVM,淡紅,5,70,舌左邊,0,0
tip_middle_root_1_3_1,SVM,淡紅,5,70,舌根,0,0
tip_middle_root_1_3_1,SVM,淡紅,5,74,舌中,0,0
tip_middle_root_1_3_1,SVM,淡紅,5,74,舌右邊,0,0
tip_middle_root_1_3_1,SVM,淡紅,5,74,舌左邊,0,0
tip_middle_root_1_3_1,SVM,淡紅,5,74,舌根,0,0
tip_middle_root_1_3_1,SVM,淡紅,5,8,舌中,1,0
tip_middle_root_1_3_1,SVM,淡紅,5,8,舌右邊,1,0
tip_middle_root_1_3_1,SVM,淡紅,5,8,舌尖,1,0
tip_middle_root_1_3_1,SVM,淡紅,5,8,舌左邊,1,0
tip_middle_root_1_3_1,SVM,淡紅,5,8,舌根,1,0
tip_middle_root_1_3_1,SVM,淡紅,5,9,舌右邊,1,0
tip_middle_root_1_3_1,SVM,淡紅,5,9,舌左邊,1,0
tip_middle_root_1_3_1,Random Forest,淡紅,1,24,舌中,0,0
tip_middle_root_1_3_1,Random Forest,淡紅,1,24,舌右邊,0,1
tip_middle_root_1_3_1,Random Forest,淡紅,1,24,舌尖,0,1
tip_middle_root_1_3_1,Random Forest,淡紅,1,24,舌左邊,0,1
tip_middle_root_1_3_1,Random Forest,淡紅,1,24,舌根,0,0
tip_middle_root_1_3_1,Random Forest,淡紅,1,27,舌中,1,1
tip_middle_root_1_3_1,Random Forest,淡紅,1,27,舌右邊,1,1
tip_middle_root_1_3_1,Random Forest,淡紅,1,27,舌尖,1,1
tip_middle_root_1_3_1,Random Forest,淡紅,1,27,舌根,1,0
tip_middle_root_1_3_1,Random Forest,淡紅,1,30,舌右邊,0,1
tip_middle_root_1_3_1,Random Forest,淡紅,1,30,舌左邊,0,1
tip_middle_root_1_3_1,Random Forest,淡紅,1,37,舌中,1,1
tip_middle_root_1_3_1,Random Forest,淡紅,1,37,舌右邊,1,1
tip_middle_root_1_3_1,Random Forest,淡紅,1,37,舌尖,1,1
tip_middle_root_1_3_1,Random Forest,淡紅,1,37,舌左邊,1,1
tip_middle_root_1_3_1,Random Forest,淡紅,1,37,舌根,1,0
tip_middle_root_1_3_1,Random Forest,淡紅,1,44,舌根,0,0
tip_middle_root_1_3_1,Random Forest,淡紅,1,46,舌中,1,1
tip_middle_root_1_3_1,Random Forest,淡紅,1,46,舌右邊,1,1
tip_middle_root_1_3_1,Random Forest,淡紅,1,46,舌左邊,1,1
tip_middle_root_1_3_1,Random Forest,淡紅,1,46,舌根,1,1
tip_middle_root_1_3_1,Random Forest,淡紅,1,50,舌中,0,1
tip_middle_root_1_3_1,Random Forest,淡紅,1,50,舌右邊,0,1
tip_middle_root_1_3_1,Random Forest,淡紅,1,50,舌尖,0,1
tip_middle_root_1_3_1,Random Forest,淡紅,1,50,舌左邊,0,1
tip_middle_root_1_3_1,Random Forest,淡紅,1,50,舌根,0,0
tip_middle_root_1_3_1,Random Forest,淡紅,1,57,舌右邊,0,1
tip_middle_root_1_3_1,Random Forest,淡紅,1,57,舌尖,0,0
tip_middle_root_1_3_1,Random Forest,淡紅,1,57,舌左邊,0,1
tip_middle_root_1_3_1,Random Forest,淡紅,1,58,舌根,0,1
tip_middle_root_1_3_1,Random Forest,淡紅,1,60,舌中,0,0
tip_middle_root_1_3_1,Random Forest,淡紅,1,60,舌右邊,0,1
tip_middle_root_1_3_1,Random Forest,淡紅,1,60,舌尖,0,1
tip_middle_root_1_3_1,Random Forest,淡紅,1,60,舌左邊,0,1
tip_middle_root_1_3_1,Random Forest,淡紅,1,60,舌根,0,0
tip_middle_root_1_3_1,Random Forest,淡紅,1,6,舌中,0,0
tip_middle_root_1_3_1,Random Forest,淡紅,1,6,舌右邊,0,0
tip_middle_root_1_3_1,Random Forest,淡紅,1,6,舌尖,0,0
tip_middle_root_1_3_1,Random Forest,淡紅,1,6,舌左邊,0,0
tip_middle_root_1_3_1,Random Forest,淡紅,1,6,舌根,0,0
tip_middle_root_1_3_1,Random Forest,淡紅,2,10,舌中,0,0
tip_middle_root_1_3_1,Random Forest,淡紅,2,10,舌右邊,0,0
tip_middle_root_1_3_1,Random Forest,淡紅,2,10,舌尖,0,0
tip_middle_root_1_3_1,Random Forest,淡紅,2,10,舌左邊,0,0
tip_middle_root_1_3_1,Random Forest,淡紅,2,10,舌根,0,0
tip_middle_root_1_3_1,Random Forest,淡紅,2,11,舌中,0,0
tip_middle_root_1_3_1,Random Forest,淡紅,2,11,舌右邊,0,0
tip_middle_root_1_3_1,Random Forest,淡紅,2,11,舌尖,0,0
tip_middle_root_1_3_1,Random Forest,淡紅,2,11,舌左邊,0,0
tip_middle_root_1_3_1,Random Forest,淡紅,2,11,舌根,0,0
tip_middle_root_1_3_1,Random Forest,淡紅,2,13,舌右邊,0,0
tip_middle_root_1_3_1,Random Forest,淡紅,2,13,舌尖,0,0
tip_middle_root_1_3_1,Random Forest,淡紅,2,13,舌左邊,0,0
tip_middle_root_1_3_1,Random Forest,淡紅,2,19,舌中,1,1
tip_middle_root_1_3_1,Random Forest,淡紅,2,19,舌右邊,1,1
tip_middle_root_1_3_1,Random Forest,淡紅,2,19,舌尖,1,1
tip_middle_root_1_3_1,Random Forest,淡紅,2,19,舌左邊,1,1
tip_middle_root_1_3_1,Random Forest,淡紅,2,19,舌根,1,0
tip_middle_root_1_3_1,Random Forest,淡紅,2,23,舌中,1,0
tip_middle_root_1_3_1,Random Forest,淡紅,2,23,舌右邊,1,0
tip_middle_root_1_3_1,Random Forest,淡紅,2,23,舌左邊,1,0
tip_middle_root_1_3_1,Random Forest,淡紅,2,23,舌根,1,0
tip_middle_root_1_3_1,Random Forest,淡紅,2,47,舌左邊,0,1
tip_middle_root_1_3_1,Random Forest,淡紅,2,52,舌中,1,0
tip_middle_root_1_3_1,Random Forest,淡紅,2,52,舌右邊,1,0
tip_middle_root_1_3_1,Random Forest,淡紅,2,52,舌左邊,1,0
tip_middle_root_1_3_1,Random Forest,淡紅,2,52,舌根,1,0
tip_middle_root_1_3_1,Random Forest,淡紅,2,53,舌尖,0,0
tip_middle_root_1_3_1,Random Forest,淡紅,2,53,舌左邊,1,0
tip_middle_root_1_3_1,Random Forest,淡紅,2,68,舌中,0,0
tip_middle_root_1_3_1,Random Forest,淡紅,2,68,舌右邊,0,0
tip_middle_root_1_3_1,Random Forest,淡紅,2,68,舌尖,0,0
tip_middle_root_1_3_1,Random Forest,淡紅,2,68,舌左邊,0,0
tip_middle_root_1_3_1,Random Forest,淡紅,2,68,舌根,0,0
tip_middle_root_1_3_1,Random Forest,淡紅,2,7,舌中,0,1
tip_middle_root_1_3_1,Random Forest,淡紅,2,7,舌根,0,0
tip_middle_root_1_3_1,Random Forest,淡紅,2,96,舌中,0,0
tip_middle_root_1_3_1,Random Forest,淡紅,2,96,舌右邊,0,0
tip_middle_root_1_3_1,Random Forest,淡紅,2,96,舌尖,0,0
tip_middle_root_1_3_1,Random Forest,淡紅,2,96,舌左邊,0,0
tip_middle_root_1_3_1,Random Forest,淡紅,2,96,舌根,0,0
tip_middle_root_1_3_1,Random Forest,淡紅,3,17,舌右邊,0,0
tip_middle_root_1_3_1,Random Forest,淡紅,3,17,舌尖,1,1
tip_middle_root_1_3_1,Random Forest,淡紅,3,17,舌左邊,0,0
tip_middle_root_1_3_1,Random Forest,淡紅,3,20,舌尖,1,0
tip_middle_root_1_3_1,Random Forest,淡紅,3,20,舌根,1,1
tip_middle_root_1_3_1,Random Forest,淡紅,3,29,舌中,1,1
tip_middle_root_1_3_1,Random Forest,淡紅,3,29,舌右邊,1,1
tip_middle_root_1_3_1,Random Forest,淡紅,3,29,舌尖,1,0
tip_middle_root_1_3_1,Random Forest,淡紅,3,29,舌根,1,0
tip_middle_root_1_3_1,Random Forest,淡紅,3,31,舌中,0,0
tip_middle_root_1_3_1,Random Forest,淡紅,3,31,舌右邊,0,0
tip_middle_root_1_3_1,Random Forest,淡紅,3,31,舌尖,0,0
tip_middle_root_1_3_1,Random Forest,淡紅,3,31,舌左邊,0,0
tip_middle_root_1_3_1,Random Forest,淡紅,3,31,舌根,0,0
tip_middle_root_1_3_1,Random Forest,淡紅,3,35,舌中,0,1
tip_middle_root_1_3_1,Random Forest,淡紅,3,35,舌右邊,0,0
tip_middle_root_1_3_1,Random Forest,淡紅,3,35,舌左邊,0,0
tip_middle_root_1_3_1,Random Forest,淡紅,3,35,舌根,0,0
tip_middle_root_1_3_1,Random Forest,淡紅,3,36,舌中,1,1
tip_middle_root_1_3_1,Random Forest,淡紅,3,36,舌右邊,1,0
tip_middle_root_1_3_1,Random Forest,淡紅,3,36,舌尖,1,1
tip_middle_root_1_3_1,Random Forest,淡紅,3,36,舌左邊,1,1
tip_middle_root_1_3_1,Random Forest,淡紅,3,36,舌根,1,1
tip_middle_root_1_3_1,Random Forest,淡紅,3,40,舌中,0,1
tip_middle_root_1_3_1,Random Forest,淡紅,3,40,舌右邊,0,0
tip_middle_root_1_3_1,Random Forest,淡紅,3,40,舌尖,0,0
tip_middle_root_1_3_1,Random Forest,淡紅,3,40,舌左邊,0,1
tip_middle_root_1_3_1,Random Forest,淡紅,3,40,舌根,0,0
tip_middle_root_1_3_1,Random Forest,淡紅,3,49,舌尖,1,0
tip_middle_root_1_3_1,Random Forest,淡紅,3,49,舌左邊,1,1
tip_middle_root_1_3_1,Random Forest,淡紅,3,64,舌中,0,0
tip_middle_root_1_3_1,Random Forest,淡紅,3,64,舌右邊,0,0
tip_middle_root_1_3_1,Random Forest,淡紅,3,64,舌尖,0,0
tip_middle_root_1_3_1,Random Forest,淡紅,3,64,舌左邊,0,0
tip_middle_root_1_3_1,Random Forest,淡紅,3,64,舌根,0,0
tip_middle_root_1_3_1,Random Forest,淡紅,3,72,舌中,0,0
tip_middle_root_1_3_1,Random Forest,淡紅,3,72,舌右邊,0,0
tip_middle_root_1_3_1,Random Forest,淡紅,3,72,舌尖,0,0
tip_middle_root_1_3_1,Random Forest,淡紅,3,72,舌左邊,0,0
tip_middle_root_1_3_1,Random Forest,淡紅,3,72,舌根,0,0
tip_middle_root_1_3_1,Random Forest,淡紅,4,26,舌中,1,1
tip_middle_root_1_3_1,Random Forest,淡紅,4,26,舌尖,1,0
tip_middle_root_1_3_1,Random Forest,淡紅,4,2,舌右邊,0,0
tip_middle_root_1_3_1,Random Forest,淡紅,4,2,舌尖,0,0
tip_middle_root_1_3_1,Random Forest,淡紅,4,2,舌左邊,0,0
tip_middle_root_1_3_1,Random Forest,淡紅,4,39,舌尖,1,0
tip_middle_root_1_3_1,Random Forest,淡紅,4,39,舌左邊,1,0
tip_middle_root_1_3_1,Random Forest,淡紅,4,42,舌右邊,0,0
tip_middle_root_1_3_1,Random Forest,淡紅,4,42,舌尖,0,0
tip_middle_root_1_3_1,Random Forest,淡紅,4,42,舌左邊,0,0
tip_middle_root_1_3_1,Random Forest,淡紅,4,45,舌中,0,0
tip_middle_root_1_3_1,Random Forest,淡紅,4,45,舌右邊,1,1
tip_middle_root_1_3_1,Random Forest,淡紅,4,45,舌左邊,1,1
tip_middle_root_1_3_1,Random Forest,淡紅,4,45,舌根,0,1
tip_middle_root_1_3_1,Random Forest,淡紅,4,48,舌中,0,1
tip_middle_root_1_3_1,Random Forest,淡紅,4,48,舌右邊,0,0
tip_middle_root_1_3_1,Random Forest,淡紅,4,48,舌尖,0,0
tip_middle_root_1_3_1,Random Forest,淡紅,4,48,舌左邊,0,0
tip_middle_root_1_3_1,Random Forest,淡紅,4,48,舌根,0,0
tip_middle_root_1_3_1,Random Forest,淡紅,4,54,舌中,1,1
tip_middle_root_1_3_1,Random Forest,淡紅,4,54,舌右邊,1,1
tip_middle_root_1_3_1,Random Forest,淡紅,4,54,舌尖,1,1
tip_middle_root_1_3_1,Random Forest,淡紅,4,54,舌左邊,1,1
tip_middle_root_1_3_1,Random Forest,淡紅,4,54,舌根,1,0
tip_middle_root_1_3_1,Random Forest,淡紅,4,55,舌中,1,1
tip_middle_root_1_3_1,Random Forest,淡紅,4,55,舌右邊,1,0
tip_middle_root_1_3_1,Random Forest,淡紅,4,55,舌尖,1,1
tip_middle_root_1_3_1,Random Forest,淡紅,4,55,舌左邊,1,1
tip_middle_root_1_3_1,Random Forest,淡紅,4,59,舌中,0,0
tip_middle_root_1_3_1,Random Forest,淡紅,4,59,舌右邊,0,0
tip_middle_root_1_3_1,Random Forest,淡紅,4,59,舌尖,0,0
tip_middle_root_1_3_1,Random Forest,淡紅,4,59,舌左邊,0,1
tip_middle_root_1_3_1,Random Forest,淡紅,4,59,舌根,0,0
tip_middle_root_1_3_1,Random Forest,淡紅,4,85,舌中,0,0
tip_middle_root_1_3_1,Random Forest,淡紅,4,85,舌右邊,0,0
tip_middle_root_1_3_1,Random Forest,淡紅,4,85,舌尖,0,0
tip_middle_root_1_3_1,Random Forest,淡紅,4,85,舌左邊,0,0
tip_middle_root_1_3_1,Random Forest,淡紅,4,85,舌根,0,0
tip_middle_root_1_3_1,Random Forest,淡紅,4,87,舌中,0,0
tip_middle_root_1_3_1,Random Forest,淡紅,4,87,舌右邊,0,0
tip_middle_root_1_3_1,Random Forest,淡紅,4,87,舌尖,0,0
tip_middle_root_1_3_1,Random Forest,淡紅,4,87,舌左邊,0,0
tip_middle_root_1_3_1,Random Forest,淡紅,4,87,舌根,0,0
tip_middle_root_1_3_1,Random Forest,淡紅,5,32,舌右邊,0,0
tip_middle_root_1_3_1,Random Forest,淡紅,5,32,舌尖,0,0
tip_middle_root_1_3_1,Random Forest,淡紅,5,32,舌左邊,0,0
tip_middle_root_1_3_1,Random Forest,淡紅,5,34,舌右邊,0,1
tip_middle_root_1_3_1,Random Forest,淡紅,5,34,舌尖,0,1
tip_middle_root_1_3_1,Random Forest,淡紅,5,34,舌左邊,0,0
tip_middle_root_1_3_1,Random Forest,淡紅,5,34,舌根,0,1
tip_middle_root_1_3_1,Random Forest,淡紅,5,38,舌中,1,1
tip_middle_root_1_3_1,Random Forest,淡紅,5,38,舌右邊,1,0
tip_middle_root_1_3_1,Random Forest,淡紅,5,38,舌尖,1,0
tip_middle_root_1_3_1,Random Forest,淡紅,5,38,舌左邊,1,0
tip_middle_root_1_3_1,Random Forest,淡紅,5,41,舌右邊,1,1
tip_middle_root_1_3_1,Random Forest,淡紅,5,41,舌左邊,1,1
tip_middle_root_1_3_1,Random Forest,淡紅,5,41,舌根,1,0
tip_middle_root_1_3_1,Random Forest,淡紅,5,51,舌中,0,1
tip_middle_root_1_3_1,Random Forest,淡紅,5,51,舌右邊,0,0
tip_middle_root_1_3_1,Random Forest,淡紅,5,51,舌尖,0,0
tip_middle_root_1_3_1,Random Forest,淡紅,5,51,舌左邊,0,0
tip_middle_root_1_3_1,Random Forest,淡紅,5,51,舌根,0,0
tip_middle_root_1_3_1,Random Forest,淡紅,5,5,舌中,0,0
tip_middle_root_1_3_1,Random Forest,淡紅,5,5,舌右邊,0,0
tip_middle_root_1_3_1,Random Forest,淡紅,5,5,舌尖,0,0
tip_middle_root_1_3_1,Random Forest,淡紅,5,5,舌左邊,0,0
tip_middle_root_1_3_1,Random Forest,淡紅,5,5,舌根,0,0
tip_middle_root_1_3_1,Random Forest,淡紅,5,70,舌中,0,0
tip_middle_root_1_3_1,Random Forest,淡紅,5,70,舌右邊,0,0
tip_middle_root_1_3_1,Random Forest,淡紅,5,70,舌尖,0,0
tip_middle_root_1_3_1,Random Forest,淡紅,5,70,舌左邊,0,0
tip_middle_root_1_3_1,Random Forest,淡紅,5,70,舌根,0,0
tip_middle_root_1_3_1,Random Forest,淡紅,5,74,舌中,0,0
tip_middle_root_1_3_1,Random Forest,淡紅,5,74,舌右邊,0,0
tip_middle_root_1_3_1,Random Forest,淡紅,5,74,舌左邊,0,0
tip_middle_root_1_3_1,Random Forest,淡紅,5,74,舌根,0,0
tip_middle_root_1_3_1,Random Forest,淡紅,5,8,舌中,1,0
tip_middle_root_1_3_1,Random Forest,淡紅,5,8,舌右邊,1,0
tip_middle_root_1_3_1,Random Forest,淡紅,5,8,舌尖,1,0
tip_middle_root_1_3_1,Random Forest,淡紅,5,8,舌左邊,1,0
tip_middle_root_1_3_1,Random Forest,淡紅,5,8,舌根,1,0
tip_middle_root_1_3_1,Random Forest,淡紅,5,9,舌右邊,1,0
tip_middle_root_1_3_1,Random Forest,淡紅,5,9,舌左邊,1,0
tip_middle_root_1_2_2,SVM,淡白,1,10,舌中,0,1
tip_middle_root_1_2_2,SVM,淡白,1,10,舌右邊,0,0
tip_middle_root_1_2_2,SVM,淡白,1,10,舌尖,0,0
tip_middle_root_1_2_2,SVM,淡白,1,10,舌左邊,0,0
tip_middle_root_1_2_2,SVM,淡白,1,10,舌根,0,0
tip_middle_root_1_2_2,SVM,淡白,1,26,舌中,0,0
tip_middle_root_1_2_2,SVM,淡白,1,26,舌右邊,0,0
tip_middle_root_1_2_2,SVM,淡白,1,26,舌尖,0,0
tip_middle_root_1_2_2,SVM,淡白,1,26,舌左邊,0,0
tip_middle_root_1_2_2,SVM,淡白,1,26,舌根,0,0
tip_middle_root_1_2_2,SVM,淡白,1,27,舌中,0,0
tip_middle_root_1_2_2,SVM,淡白,1,27,舌根,0,0
tip_middle_root_1_2_2,SVM,淡白,1,2,舌中,0,0
tip_middle_root_1_2_2,SVM,淡白,1,2,舌右邊,0,0
tip_middle_root_1_2_2,SVM,淡白,1,2,舌尖,0,0
tip_middle_root_1_2_2,SVM,淡白,1,2,舌左邊,0,0
tip_middle_root_1_2_2,SVM,淡白,1,2,舌根,0,0
tip_middle_root_1_2_2,SVM,淡白,1,32,舌中,0,0
tip_middle_root_1_2_2,SVM,淡白,1,32,舌右邊,0,0
tip_middle_root_1_2_2,SVM,淡白,1,32,舌尖,0,0
tip_middle_root_1_2_2,SVM,淡白,1,32,舌左邊,0,0
tip_middle_root_1_2_2,SVM,淡白,1,32,舌根,0,0
tip_middle_root_1_2_2,SVM,淡白,1,39,舌中,0,0
tip_middle_root_1_2_2,SVM,淡白,1,39,舌右邊,0,0
tip_middle_root_1_2_2,SVM,淡白,1,39,舌尖,0,0
tip_middle_root_1_2_2,SVM,淡白,1,39,舌左邊,0,0
tip_middle_root_1_2_2,SVM,淡白,1,39,舌根,0,0
tip_middle_root_1_2_2,SVM,淡白,1,45,舌中,0,0
tip_middle_root_1_2_2,SVM,淡白,1,45,舌右邊,0,0
tip_middle_root_1_2_2,SVM,淡白,1,45,舌尖,0,0
tip_middle_root_1_2_2,SVM,淡白,1,45,舌左邊,0,0
tip_middle_root_1_2_2,SVM,淡白,1,45,舌根,0,0
tip_middle_root_1_2_2,SVM,淡白,1,55,舌中,0,0
tip_middle_root_1_2_2,SVM,淡白,1,55,舌右邊,0,0
tip_middle_root_1_2_2,SVM,淡白,1,55,舌尖,0,0
tip_middle_root_1_2_2,SVM,淡白,1,55,舌左邊,0,0
tip_middle_root_1_2_2,SVM,淡白,1,55,舌根,0,0
tip_middle_root_1_2_2,SVM,淡白,1,58,舌中,1,0
tip_middle_root_1_2_2,SVM,淡白,1,58,舌右邊,1,0
tip_middle_root_1_2_2,SVM,淡白,1,58,舌左邊,1,0
tip_middle_root_1_2_2,SVM,淡白,1,58,舌根,1,0
tip_middle_root_1_2_2,SVM,淡白,1,72,舌中,0,0
tip_middle_root_1_2_2,SVM,淡白,1,72,舌右邊,0,0
tip_middle_root_1_2_2,SVM,淡白,1,72,舌尖,0,0
tip_middle_root_1_2_2,SVM,淡白,1,72,舌左邊,0,0
tip_middle_root_1_2_2,SVM,淡白,1,72,舌根,0,0
tip_middle_root_1_2_2,SVM,淡白,1,96,舌中,0,0
tip_middle_root_1_2_2,SVM,淡白,1,96,舌右邊,0,0
tip_middle_root_1_2_2,SVM,淡白,1,96,舌尖,0,0
tip_middle_root_1_2_2,SVM,淡白,1,96,舌左邊,0,0
tip_middle_root_1_2_2,SVM,淡白,1,96,舌根,0,0
tip_middle_root_1_2_2,SVM,淡白,2,11,舌中,0,0
tip_middle_root_1_2_2,SVM,淡白,2,11,舌右邊,0,0
tip_middle_root_1_2_2,SVM,淡白,2,11,舌尖,0,0
tip_middle_root_1_2_2,SVM,淡白,2,11,舌左邊,0,0
tip_middle_root_1_2_2,SVM,淡白,2,11,舌根,0,0
tip_middle_root_1_2_2,SVM,淡白,2,20,舌中,0,0
tip_middle_root_1_2_2,SVM,淡白,2,20,舌尖,0,1
tip_middle_root_1_2_2,SVM,淡白,2,20,舌根,0,0
tip_middle_root_1_2_2,SVM,淡白,2,24,舌中,0,0
tip_middle_root_1_2_2,SVM,淡白,2,24,舌右邊,0,0
tip_middle_root_1_2_2,SVM,淡白,2,24,舌尖,0,1
tip_middle_root_1_2_2,SVM,淡白,2,24,舌左邊,0,1
tip_middle_root_1_2_2,SVM,淡白,2,24,舌根,0,0
tip_middle_root_1_2_2,SVM,淡白,2,37,舌中,0,0
tip_middle_root_1_2_2,SVM,淡白,2,37,舌右邊,0,0
tip_middle_root_1_2_2,SVM,淡白,2,37,舌尖,0,0
tip_middle_root_1_2_2,SVM,淡白,2,37,舌左邊,0,0
tip_middle_root_1_2_2,SVM,淡白,2,37,舌根,0,0
tip_middle_root_1_2_2,SVM,淡白,2,40,舌中,0,0
tip_middle_root_1_2_2,SVM,淡白,2,40,舌右邊,0,0
tip_middle_root_1_2_2,SVM,淡白,2,40,舌尖,0,0
tip_middle_root_1_2_2,SVM,淡白,2,40,舌左邊,0,0
tip_middle_root_1_2_2,SVM,淡白,2,40,舌根,0,0
tip_middle_root_1_2_2,SVM,淡白,2,44,舌中,0,1
tip_middle_root_1_2_2,SVM,淡白,2,44,舌右邊,0,1
tip_middle_root_1_2_2,SVM,淡白,2,44,舌尖,0,1
tip_middle_root_1_2_2,SVM,淡白,2,44,舌左邊,0,1
tip_middle_root_1_2_2,SVM,淡白,2,44,舌根,0,0
tip_middle_root_1_2_2,SVM,淡白,2,50,舌中,0,0
tip_middle_root_1_2_2,SVM,淡白,2,50,舌右邊,0,0
tip_middle_root_1_2_2,SVM,淡白,2,50,舌尖,0,0
tip_middle_root_1_2_2,SVM,淡白,2,50,舌左邊,0,0
tip_middle_root_1_2_2,SVM,淡白,2,50,舌根,0,0
tip_middle_root_1_2_2,SVM,淡白,2,53,舌中,0,1
tip_middle_root_1_2_2,SVM,淡白,2,53,舌右邊,0,0
tip_middle_root_1_2_2,SVM,淡白,2,53,舌尖,0,0
tip_middle_root_1_2_2,SVM,淡白,2,53,舌左邊,0,0
tip_middle_root_1_2_2,SVM,淡白,2,53,舌根,0,0
tip_middle_root_1_2_2,SVM,淡白,2,5,舌左邊,1,0
tip_middle_root_1_2_2,SVM,淡白,2,60,舌中,0,0
tip_middle_root_1_2_2,SVM,淡白,2,60,舌右邊,0,0
tip_middle_root_1_2_2,SVM,淡白,2,60,舌尖,0,0
tip_middle_root_1_2_2,SVM,淡白,2,60,舌左邊,0,0
tip_middle_root_1_2_2,SVM,淡白,2,60,舌根,0,0
tip_middle_root_1_2_2,SVM,淡白,2,74,舌中,0,0
tip_middle_root_1_2_2,SVM,淡白,2,74,舌右邊,0,0
tip_middle_root_1_2_2,SVM,淡白,2,74,舌尖,0,0
tip_middle_root_1_2_2,SVM,淡白,2,74,舌左邊,0,0
tip_middle_root_1_2_2,SVM,淡白,2,74,舌根,0,0
tip_middle_root_1_2_2,SVM,淡白,3,23,舌中,0,1
tip_middle_root_1_2_2,SVM,淡白,3,23,舌右邊,0,1
tip_middle_root_1_2_2,SVM,淡白,3,23,舌尖,0,1
tip_middle_root_1_2_2,SVM,淡白,3,23,舌左邊,0,1
tip_middle_root_1_2_2,SVM,淡白,3,23,舌根,0,0
tip_middle_root_1_2_2,SVM,淡白,3,29,舌中,0,1
tip_middle_root_1_2_2,SVM,淡白,3,29,舌右邊,0,1
tip_middle_root_1_2_2,SVM,淡白,3,29,舌尖,0,1
tip_middle_root_1_2_2,SVM,淡白,3,29,舌左邊,0,1
tip_middle_root_1_2_2,SVM,淡白,3,29,舌根,0,1
tip_middle_root_1_2_2,SVM,淡白,3,47,舌中,0,0
tip_middle_root_1_2_2,SVM,淡白,3,47,舌右邊,0,0
tip_middle_root_1_2_2,SVM,淡白,3,47,舌尖,0,0
tip_middle_root_1_2_2,SVM,淡白,3,47,舌左邊,0,0
tip_middle_root_1_2_2,SVM,淡白,3,47,舌根,0,0
tip_middle_root_1_2_2,SVM,淡白,3,49,舌中,0,0
tip_middle_root_1_2_2,SVM,淡白,3,49,舌右邊,0,0
tip_middle_root_1_2_2,SVM,淡白,3,49,舌尖,0,0
tip_middle_root_1_2_2,SVM,淡白,3,49,舌左邊,0,0
tip_middle_root_1_2_2,SVM,淡白,3,49,舌根,0,0
tip_middle_root_1_2_2,SVM,淡白,3,56,舌中,0,1
tip_middle_root_1_2_2,SVM,淡白,3,56,舌右邊,0,0
tip_middle_root_1_2_2,SVM,淡白,3,56,舌尖,0,1
tip_middle_root_1_2_2,SVM,淡白,3,56,舌左邊,0,1
tip_middle_root_1_2_2,SVM,淡白,3,56,舌根,0,0
tip_middle_root_1_2_2,SVM,淡白,3,57,舌中,0,0
tip_middle_root_1_2_2,SVM,淡白,3,57,舌右邊,0,0
tip_middle_root_1_2_2,SVM,淡白,3,57,舌尖,0,0
tip_middle_root_1_2_2,SVM,淡白,3,57,舌左邊,0,0
tip_middle_root_1_2_2,SVM,淡白,3,57,舌根,0,0
tip_middle_root_1_2_2,SVM,淡白,3,59,舌中,0,1
tip_middle_root_1_2_2,SVM,淡白,3,59,舌右邊,0,1
tip_middle_root_1_2_2,SVM,淡白,3,59,舌尖,0,1
tip_middle_root_1_2_2,SVM,淡白,3,59,舌左邊,0,0
tip_middle_root_1_2_2,SVM,淡白,3,59,舌根,0,0
tip_middle_root_1_2_2,SVM,淡白,3,85,舌中,0,0
tip_middle_root_1_2_2,SVM,淡白,3,85,舌右邊,0,0
tip_middle_root_1_2_2,SVM,淡白,3,85,舌尖,0,0
tip_middle_root_1_2_2,SVM,淡白,3,85,舌左邊,0,0
tip_middle_root_1_2_2,SVM,淡白,3,85,舌根,0,0
tip_middle_root_1_2_2,SVM,淡白,3,8,舌中,0,1
tip_middle_root_1_2_2,SVM,淡白,3,8,舌右邊,0,1
tip_middle_root_1_2_2,SVM,淡白,3,8,舌尖,0,0
tip_middle_root_1_2_2,SVM,淡白,3,8,舌左邊,0,0
tip_middle_root_1_2_2,SVM,淡白,3,8,舌根,0,0
tip_middle_root_1_2_2,SVM,淡白,3,9,舌中,0,0
tip_middle_root_1_2_2,SVM,淡白,3,9,舌右邊,0,0
tip_middle_root_1_2_2,SVM,淡白,3,9,舌尖,0,0
tip_middle_root_1_2_2,SVM,淡白,3,9,舌左邊,0,0
tip_middle_root_1_2_2,SVM,淡白,3,9,舌根,0,0
tip_middle_root_1_2_2,SVM,淡白,4,17,舌中,0,0
tip_middle_root_1_2_2,SVM,淡白,4,17,舌右邊,0,0
tip_middle_root_1_2_2,SVM,淡白,4,17,舌尖,0,0
tip_middle_root_1_2_2,SVM,淡白,4,17,舌左邊,0,0
tip_middle_root_1_2_2,SVM,淡白,4,17,舌根,0,0
tip_middle_root_1_2_2,SVM,淡白,4,31,舌中,0,1
tip_middle_root_1_2_2,SVM,淡白,4,31,舌右邊,0,0
tip_middle_root_1_2_2,SVM,淡白,4,31,舌尖,0,1
tip_middle_root_1_2_2,SVM,淡白,4,31,舌左邊,0,1
tip_middle_root_1_2_2,SVM,淡白,4,31,舌根,0,0
tip_middle_root_1_2_2,SVM,淡白,4,36,舌中,0,0
tip_middle_root_1_2_2,SVM,淡白,4,36,舌尖,0,0
tip_middle_root_1_2_2,SVM,淡白,4,36,舌根,0,0
tip_middle_root_1_2_2,SVM,淡白,4,41,舌中,0,0
tip_middle_root_1_2_2,SVM,淡白,4,41,舌右邊,0,0
tip_middle_root_1_2_2,SVM,淡白,4,41,舌尖,0,0
tip_middle_root_1_2_2,SVM,淡白,4,41,舌左邊,0,0
tip_middle_root_1_2_2,SVM,淡白,4,41,舌根,0,0
tip_middle_root_1_2_2,SVM,淡白,4,42,舌中,0,0
tip_middle_root_1_2_2,SVM,淡白,4,42,舌右邊,0,0
tip_middle_root_1_2_2,SVM,淡白,4,42,舌尖,0,0
tip_middle_root_1_2_2,SVM,淡白,4,42,舌左邊,0,0
tip_middle_root_1_2_2,SVM,淡白,4,42,舌根,0,0
tip_middle_root_1_2_2,SVM,淡白,4,46,舌中,0,0
tip_middle_root_1_2_2,SVM,淡白,4,46,舌右邊,0,0
tip_middle_root_1_2_2,SVM,淡白,4,46,舌尖,0,0
tip_middle_root_1_2_2,SVM,淡白,4,46,舌左邊,0,0
tip_middle_root_1_2_2,SVM,淡白,4,46,舌根,0,0
tip_middle_root_1_2_2,SVM,淡白,4,48,舌中,0,1
tip_middle_root_1_2_2,SVM,淡白,4,48,舌右邊,0,0
tip_middle_root_1_2_2,SVM,淡白,4,48,舌尖,0,0
tip_middle_root_1_2_2,SVM,淡白,4,48,舌左邊,0,0
tip_middle_root_1_2_2,SVM,淡白,4,48,舌根,0,0
tip_middle_root_1_2_2,SVM,淡白,4,54,舌中,0,0
tip_middle_root_1_2_2,SVM,淡白,4,54,舌右邊,0,0
tip_middle_root_1_2_2,SVM,淡白,4,54,舌尖,0,0
tip_middle_root_1_2_2,SVM,淡白,4,54,舌左邊,0,0
tip_middle_root_1_2_2,SVM,淡白,4,54,舌根,0,0
tip_middle_root_1_2_2,SVM,淡白,4,64,舌中,0,0
tip_middle_root_1_2_2,SVM,淡白,4,64,舌右邊,0,0
tip_middle_root_1_2_2,SVM,淡白,4,64,舌尖,0,0
tip_middle_root_1_2_2,SVM,淡白,4,64,舌左邊,0,0
tip_middle_root_1_2_2,SVM,淡白,4,64,舌根,0,0
tip_middle_root_1_2_2,SVM,淡白,4,70,舌中,0,0
tip_middle_root_1_2_2,SVM,淡白,4,70,舌右邊,0,0
tip_middle_root_1_2_2,SVM,淡白,4,70,舌尖,0,0
tip_middle_root_1_2_2,SVM,淡白,4,70,舌左邊,0,0
tip_middle_root_1_2_2,SVM,淡白,4,70,舌根,0,0
tip_middle_root_1_2_2,SVM,淡白,5,13,舌右邊,0,0
tip_middle_root_1_2_2,SVM,淡白,5,13,舌尖,0,0
tip_middle_root_1_2_2,SVM,淡白,5,13,舌左邊,0,0
tip_middle_root_1_2_2,SVM,淡白,5,19,舌中,0,1
tip_middle_root_1_2_2,SVM,淡白,5,19,舌右邊,0,1
tip_middle_root_1_2_2,SVM,淡白,5,19,舌尖,0,1
tip_middle_root_1_2_2,SVM,淡白,5,19,舌左邊,0,1
tip_middle_root_1_2_2,SVM,淡白,5,19,舌根,0,0
tip_middle_root_1_2_2,SVM,淡白,5,34,舌中,0,0
tip_middle_root_1_2_2,SVM,淡白,5,34,舌右邊,0,0
tip_middle_root_1_2_2,SVM,淡白,5,34,舌尖,0,0
tip_middle_root_1_2_2,SVM,淡白,5,34,舌左邊,0,0
tip_middle_root_1_2_2,SVM,淡白,5,34,舌根,0,0
tip_middle_root_1_2_2,SVM,淡白,5,35,舌中,0,0
tip_middle_root_1_2_2,SVM,淡白,5,35,舌右邊,0,0
tip_middle_root_1_2_2,SVM,淡白,5,35,舌尖,0,0
tip_middle_root_1_2_2,SVM,淡白,5,35,舌左邊,0,0
tip_middle_root_1_2_2,SVM,淡白,5,35,舌根,0,0
tip_middle_root_1_2_2,SVM,淡白,5,38,舌中,0,1
tip_middle_root_1_2_2,SVM,淡白,5,38,舌右邊,0,0
tip_middle_root_1_2_2,SVM,淡白,5,38,舌尖,0,0
tip_middle_root_1_2_2,SVM,淡白,5,38,舌左邊,0,0
tip_middle_root_1_2_2,SVM,淡白,5,38,舌根,0,0
tip_middle_root_1_2_2,SVM,淡白,5,51,舌中,0,0
tip_middle_root_1_2_2,SVM,淡白,5,51,舌右邊,0,0
tip_middle_root_1_2_2,SVM,淡白,5,51,舌尖,0,0
tip_middle_root_1_2_2,SVM,淡白,5,51,舌左邊,0,0
tip_middle_root_1_2_2,SVM,淡白,5,51,舌根,0,0
tip_middle_root_1_2_2,SVM,淡白,5,52,舌中,0,1
tip_middle_root_1_2_2,SVM,淡白,5,52,舌右邊,0,1
tip_middle_root_1_2_2,SVM,淡白,5,52,舌尖,0,0
tip_middle_root_1_2_2,SVM,淡白,5,52,舌左邊,0,1
tip_middle_root_1_2_2,SVM,淡白,5,52,舌根,0,0
tip_middle_root_1_2_2,SVM,淡白,5,68,舌中,0,0
tip_middle_root_1_2_2,SVM,淡白,5,68,舌右邊,0,0
tip_middle_root_1_2_2,SVM,淡白,5,68,舌尖,0,0
tip_middle_root_1_2_2,SVM,淡白,5,68,舌左邊,0,0
tip_middle_root_1_2_2,SVM,淡白,5,68,舌根,0,0
tip_middle_root_1_2_2,SVM,淡白,5,6,舌中,0,1
tip_middle_root_1_2_2,SVM,淡白,5,6,舌右邊,0,0
tip_middle_root_1_2_2,SVM,淡白,5,6,舌尖,0,0
tip_middle_root_1_2_2,SVM,淡白,5,6,舌左邊,0,1
tip_middle_root_1_2_2,SVM,淡白,5,6,舌根,0,0
tip_middle_root_1_2_2,SVM,淡白,5,87,舌中,0,0
tip_middle_root_1_2_2,SVM,淡白,5,87,舌右邊,0,0
tip_middle_root_1_2_2,SVM,淡白,5,87,舌尖,0,0
tip_middle_root_1_2_2,SVM,淡白,5,87,舌左邊,0,0
tip_middle_root_1_2_2,SVM,淡白,5,87,舌根,0,0
tip_middle_root_1_2_2,Random Forest,淡白,1,10,舌中,0,0
tip_middle_root_1_2_2,Random Forest,淡白,1,10,舌右邊,0,0
tip_middle_root_1_2_2,Random Forest,淡白,1,10,舌尖,0,0
tip_middle_root_1_2_2,Random Forest,淡白,1,10,舌左邊,0,0
tip_middle_root_1_2_2,Random Forest,淡白,1,10,舌根,0,0
tip_middle_root_1_2_2,Random Forest,淡白,1,26,舌中,0,0
tip_middle_root_1_2_2,Random Forest,淡白,1,26,舌右邊,0,0
tip_middle_root_1_2_2,Random Forest,淡白,1,26,舌尖,0,0
tip_middle_root_1_2_2,Random Forest,淡白,1,26,舌左邊,0,0
tip_middle_root_1_2_2,Random Forest,淡白,1,26,舌根,0,0
tip_middle_root_1_2_2,Random Forest,淡白,1,27,舌中,0,0
tip_middle_root_1_2_2,Random Forest,淡白,1,27,舌根,0,0
tip_middle_root_1_2_2,Random Forest,淡白,1,2,舌中,0,0
tip_middle_root_1_2_2,Random Forest,淡白,1,2,舌右邊,0,0
tip_middle_root_1_2_2,Random Forest,淡白,1,2,舌尖,0,0
tip_middle_root_1_2_2,Random Forest,淡白,1,2,舌左邊,0,0
tip_middle_root_1_2_2,Random Forest,淡白,1,2,舌根,0,0
tip_middle_root_1_2_2,Random Forest,淡白,1,32,舌中,0,0
tip_middle_root_1_2_2,Random Forest,淡白,1,32,舌右邊,0,0
tip_middle_root_1_2_2,Random Forest,淡白,1,32,舌尖,0,0
tip_middle_root_1_2_2,Random Forest,淡白,1,32,舌左邊,0,0
tip_middle_root_1_2_2,Random Forest,淡白,1,32,舌根,0,0
tip_middle_root_1_2_2,Random Forest,淡白,1,39,舌中,0,0
tip_middle_root_1_2_2,Random Forest,淡白,1,39,舌右邊,0,0
tip_middle_root_1_2_2,Random Forest,淡白,1,39,舌尖,0,0
tip_middle_root_1_2_2,Random Forest,淡白,1,39,舌左邊,0,0
tip_middle_root_1_2_2,Random Forest,淡白,1,39,舌根,0,0
tip_middle_root_1_2_2,Random Forest,淡白,1,45,舌中,0,0
tip_middle_root_1_2_2,Random Forest,淡白,1,45,舌右邊,0,0
tip_middle_root_1_2_2,Random Forest,淡白,1,45,舌尖,0,0
tip_middle_root_1_2_2,Random Forest,淡白,1,45,舌左邊,0,0
tip_middle_root_1_2_2,Random Forest,淡白,1,45,舌根,0,0
tip_middle_root_1_2_2,Random Forest,淡白,1,55,舌中,0,0
tip_middle_root_1_2_2,Random Forest,淡白,1,55,舌右邊,0,0
tip_middle_root_1_2_2,Random Forest,淡白,1,55,舌尖,0,0
tip_middle_root_1_2_2,Random Forest,淡白,1,55,舌左邊,0,0
tip_middle_root_1_2_2,Random Forest,淡白,1,55,舌根,0,0
tip_middle_root_1_2_2,Random Forest,淡白,1,58,舌中,1,0
tip_middle_root_1_2_2,Random Forest,淡白,1,58,舌右邊,1,0
tip_middle_root_1_2_2,Random Forest,淡白,1,58,舌左邊,1,0
tip_middle_root_1_2_2,Random Forest,淡白,1,58,舌根,1,0
tip_middle_root_1_2_2,Random Forest,淡白,1,72,舌中,0,0
tip_middle_root_1_2_2,Random Forest,淡白,1,72,舌右邊,0,0
tip_middle_root_1_2_2,Random Forest,淡白,1,72,舌尖,0,0
tip_middle_root_1_2_2,Random Forest,淡白,1,72,舌左邊,0,0
tip_middle_root_1_2_2,Random Forest,淡白,1,72,舌根,0,0
tip_middle_root_1_2_2,Random Forest,淡白,1,96,舌中,0,0
tip_middle_root_1_2_2,Random Forest,淡白,1,96,舌右邊,0,0
tip_middle_root_1_2_2,Random Forest,淡白,1,96,舌尖,0,0
tip_middle_root_1_2_2,Random Forest,淡白,1,96,舌左邊,0,0
tip_middle_root_1_2_2,Random Forest,淡白,1,96,舌根,0,0
tip_middle_root_1_2_2,Random Forest,淡白,2,11,舌中,0,0
tip_middle_root_1_2_2,Random Forest,淡白,2,11,舌右邊,0,0
tip_middle_root_1_2_2,Random Forest,淡白,2,11,舌尖,0,0
tip_middle_root_1_2_2,Random Forest,淡白,2,11,舌左邊,0,0
tip_middle_root_1_2_2,Random Forest,淡白,2,11,舌根,0,0
tip_middle_root_1_2_2,Random Forest,淡白,2,20,舌中,0,0
tip_middle_root_1_2_2,Random Forest,淡白,2,20,舌尖,0,0
tip_middle_root_1_2_2,Random Forest,淡白,2,20,舌根,0,0
tip_middle_root_1_2_2,Random Forest,淡白,2,24,舌中,0,0
tip_middle_root_1_2_2,Random Forest,淡白,2,24,舌右邊,0,0
tip_middle_root_1_2_2,Random Forest,淡白,2,24,舌尖,0,0
tip_middle_root_1_2_2,Random Forest,淡白,2,24,舌左邊,0,0
tip_middle_root_1_2_2,Random Forest,淡白,2,24,舌根,0,0
tip_middle_root_1_2_2,Random Forest,淡白,2,37,舌中,0,0
tip_middle_root_1_2_2,Random Forest,淡白,2,37,舌右邊,0,0
tip_middle_root_1_2_2,Random Forest,淡白,2,37,舌尖,0,0
tip_middle_root_1_2_2,Random Forest,淡白,2,37,舌左邊,0,0
tip_middle_root_1_2_2,Random Forest,淡白,2,37,舌根,0,0
tip_middle_root_1_2_2,Random Forest,淡白,2,40,舌中,0,0
tip_middle_root_1_2_2,Random Forest,淡白,2,40,舌右邊,0,0
tip_middle_root_1_2_2,Random Forest,淡白,2,40,舌尖,0,0
tip_middle_root_1_2_2,Random Forest,淡白,2,40,舌左邊,0,0
tip_middle_root_1_2_2,Random Forest,淡白,2,40,舌根,0,0
tip_middle_root_1_2_2,Random Forest,淡白,2,44,舌中,0,0
tip_middle_root_1_2_2,Random Forest,淡白,2,44,舌右邊,0,0
tip_middle_root_1_2_2,Random Forest,淡白,2,44,舌尖,0,0
tip_middle_root_1_2_2,Random Forest,淡白,2,44,舌左邊,0,0
tip_middle_root_1_2_2,Random Forest,淡白,2,44,舌根,0,0
tip_middle_root_1_2_2,Random Forest,淡白,2,50,舌中,0,0
tip_middle_root_1_2_2,Random Forest,淡白,2,50,舌右邊,0,0
tip_middle_root_1_2_2,Random Forest,淡白,2,50,舌尖,0,0
tip_middle_root_1_2_2,Random Forest,淡白,2,50,舌左邊,0,0
tip_middle_root_1_2_2,Random Forest,淡白,2,50,舌根,0,0
tip_middle_root_1_2_2,Random Forest,淡白,2,53,舌中,0,0
tip_middle_root_1_2_2,Random Forest,淡白,2,53,舌右邊,0,0
tip_middle_root_1_2_2,Random Forest,淡白,2,53,舌尖,0,0
tip_middle_root_1_2_2,Random Forest,淡白,2,53,舌左邊,0,0
tip_middle_root_1_2_2,Random Forest,淡白,2,53,舌根,0,0
tip_middle_root_1_2_2,Random Forest,淡白,2,5,舌左邊,1,0
tip_middle_root_1_2_2,Random Forest,淡白,2,60,舌中,0,0
tip_middle_root_1_2_2,Random Forest,淡白,2,60,舌右邊,0,0
tip_middle_root_1_2_2,Random Forest,淡白,2,60,舌尖,0,0
tip_middle_root_1_2_2,Random Forest,淡白,2,60,舌左邊,0,0
tip_middle_root_1_2_2,Random Forest,淡白,2,60,舌根,0,0
tip_middle_root_1_2_2,Random Forest,淡白,2,74,舌中,0,0
tip_middle_root_1_2_2,Random Forest,淡白,2,74,舌右邊,0,0
tip_middle_root_1_2_2,Random Forest,淡白,2,74,舌尖,0,0
tip_middle_root_1_2_2,Random Forest,淡白,2,74,舌左邊,0,0
tip_middle_root_1_2_2,Random Forest,淡白,2,74,舌根,0,0
tip_middle_root_1_2_2,Random Forest,淡白,3,23,舌中,0,0
tip_middle_root_1_2_2,Random Forest,淡白,3,23,舌右邊,0,0
tip_middle_root_1_2_2,Random Forest,淡白,3,23,舌尖,0,0
tip_middle_root_1_2_2,Random Forest,淡白,3,23,舌左邊,0,0
tip_middle_root_1_2_2,Random Forest,淡白,3,23,舌根,0,0
tip_middle_root_1_2_2,Random Forest,淡白,3,29,舌中,0,0
tip_middle_root_1_2_2,Random Forest,淡白,3,29,舌右邊,0,0
tip_middle_root_1_2_2,Random Forest,淡白,3,29,舌尖,0,0
tip_middle_root_1_2_2,Random Forest,淡白,3,29,舌左邊,0,0
tip_middle_root_1_2_2,Random Forest,淡白,3,29,舌根,0,0
tip_middle_root_1_2_2,Random Forest,淡白,3,47,舌中,0,0
tip_middle_root_1_2_2,Random Forest,淡白,3,47,舌右邊,0,0
tip_middle_root_1_2_2,Random Forest,淡白,3,47,舌尖,0,0
tip_middle_root_1_2_2,Random Forest,淡白,3,47,舌左邊,0,0
tip_middle_root_1_2_2,Random Forest,淡白,3,47,舌根,0,0
tip_middle_root_1_2_2,Random Forest,淡白,3,49,舌中,0,0
tip_middle_root_1_2_2,Random Forest,淡白,3,49,舌右邊,0,0
tip_middle_root_1_2_2,Random Forest,淡白,3,49,舌尖,0,0
tip_middle_root_1_2_2,Random Forest,淡白,3,49,舌左邊,0,0
tip_middle_root_1_2_2,Random Forest,淡白,3,49,舌根,0,0
tip_middle_root_1_2_2,Random Forest,淡白,3,56,舌中,0,0
tip_middle_root_1_2_2,Random Forest,淡白,3,56,舌右邊,0,0
tip_middle_root_1_2_2,Random Forest,淡白,3,56,舌尖,0,0
tip_middle_root_1_2_2,Random Forest,淡白,3,56,舌左邊,0,0
tip_middle_root_1_2_2,Random Forest,淡白,3,56,舌根,0,0
tip_middle_root_1_2_2,Random Forest,淡白,3,57,舌中,0,0
tip_middle_root_1_2_2,Random Forest,淡白,3,57,舌右邊,0,0
tip_middle_root_1_2_2,Random Forest,淡白,3,57,舌尖,0,0
tip_middle_root_1_2_2,Random Forest,淡白,3,57,舌左邊,0,0
tip_middle_root_1_2_2,Random Forest,淡白,3,57,舌根,0,0
tip_middle_root_1_2_2,Random Forest,淡白,3,59,舌中,0,0
tip_middle_root_1_2_2,Random Forest,淡白,3,59,舌右邊,0,0
tip_middle_root_1_2_2,Random Forest,淡白,3,59,舌尖,0,0
tip_middle_root_1_2_2,Random Forest,淡白,3,59,舌左邊,0,0
tip_middle_root_1_2_2,Random Forest,淡白,3,59,舌根,0,0
tip_middle_root_1_2_2,Random Forest,淡白,3,85,舌中,0,0
tip_middle_root_1_2_2,Random Forest,淡白,3,85,舌右邊,0,0
tip_middle_root_1_2_2,Random Forest,淡白,3,85,舌尖,0,0
tip_middle_root_1_2_2,Random Forest,淡白,3,85,舌左邊,0,0
tip_middle_root_1_2_2,Random Forest,淡白,3,85,舌根,0,0
tip_middle_root_1_2_2,Random Forest,淡白,3,8,舌中,0,0
tip_middle_root_1_2_2,Random Forest,淡白,3,8,舌右邊,0,0
tip_middle_root_1_2_2,Random Forest,淡白,3,8,舌尖,0,0
tip_middle_root_1_2_2,Random Forest,淡白,3,8,舌左邊,0,0
tip_middle_root_1_2_2,Random Forest,淡白,3,8,舌根,0,0
tip_middle_root_1_2_2,Random Forest,淡白,3,9,舌中,0,0
tip_middle_root_1_2_2,Random Forest,淡白,3,9,舌右邊,0,0
tip_middle_root_1_2_2,Random Forest,淡白,3,9,舌尖,0,0
tip_middle_root_1_2_2,Random Forest,淡白,3,9,舌左邊,0,0
tip_middle_root_1_2_2,Random Forest,淡白,3,9,舌根,0,0
tip_middle_root_1_2_2,Random Forest,淡白,4,17,舌中,0,0
tip_middle_root_1_2_2,Random Forest,淡白,4,17,舌右邊,0,0
tip_middle_root_1_2_2,Random Forest,淡白,4,17,舌尖,0,0
tip_middle_root_1_2_2,Random Forest,淡白,4,17,舌左邊,0,0
tip_middle_root_1_2_2,Random Forest,淡白,4,17,舌根,0,0
tip_middle_root_1_2_2,Random Forest,淡白,4,31,舌中,0,0
tip_middle_root_1_2_2,Random Forest,淡白,4,31,舌右邊,0,0
tip_middle_root_1_2_2,Random Forest,淡白,4,31,舌尖,0,0
tip_middle_root_1_2_2,Random Forest,淡白,4,31,舌左邊,0,0
tip_middle_root_1_2_2,Random Forest,淡白,4,31,舌根,0,0
tip_middle_root_1_2_2,Random Forest,淡白,4,36,舌中,0,0
tip_middle_root_1_2_2,Random Forest,淡白,4,36,舌尖,0,0
tip_middle_root_1_2_2,Random Forest,淡白,4,36,舌根,0,0
tip_middle_root_1_2_2,Random Forest,淡白,4,41,舌中,0,0
tip_middle_root_1_2_2,Random Forest,淡白,4,41,舌右邊,0,0
tip_middle_root_1_2_2,Random Forest,淡白,4,41,舌尖,0,0
tip_middle_root_1_2_2,Random Forest,淡白,4,41,舌左邊,0,0
tip_middle_root_1_2_2,Random Forest,淡白,4,41,舌根,0,0
tip_middle_root_1_2_2,Random Forest,淡白,4,42,舌中,0,0
tip_middle_root_1_2_2,Random Forest,淡白,4,42,舌右邊,0,0
tip_middle_root_1_2_2,Random Forest,淡白,4,42,舌尖,0,0
tip_middle_root_1_2_2,Random Forest,淡白,4,42,舌左邊,0,0
tip_middle_root_1_2_2,Random Forest,淡白,4,42,舌根,0,0
tip_middle_root_1_2_2,Random Forest,淡白,4,46,舌中,0,0
tip_middle_root_1_2_2,Random Forest,淡白,4,46,舌右邊,0,0
tip_middle_root_1_2_2,Random Forest,淡白,4,46,舌尖,0,0
tip_middle_root_1_2_2,Random Forest,淡白,4,46,舌左邊,0,0
tip_middle_root_1_2_2,Random Forest,淡白,4,46,舌根,0,0
tip_middle_root_1_2_2,Random Forest,淡白,4,48,舌中,0,0
tip_middle_root_1_2_2,Random Forest,淡白,4,48,舌右邊,0,0
tip_middle_root_1_2_2,Random Forest,淡白,4,48,舌尖,0,0
tip_middle_root_1_2_2,Random Forest,淡白,4,48,舌左邊,0,0
tip_middle_root_1_2_2,Random Forest,淡白,4,48,舌根,0,0
tip_middle_root_1_2_2,Random Forest,淡白,4,54,舌中,0,0
tip_middle_root_1_2_2,Random Forest,淡白,4,54,舌右邊,0,0
tip_middle_root_1_2_2,Random Forest,淡白,4,54,舌尖,0,0
tip_middle_root_1_2_2,Random Forest,淡白,4,54,舌左邊,0,0
tip_middle_root_1_2_2,Random Forest,淡白,4,54,舌根,0,0
tip_middle_root_1_2_2,Random Forest,淡白,4,64,舌中,0,0
tip_middle_root_1_2_2,Random Forest,淡白,4,64,舌右邊,0,0
tip_middle_root_1_2_2,Random Forest,淡白,4,64,舌尖,0,0
tip_middle_root_1_2_2,Random Forest,淡白,4,64,舌左邊,0,0
tip_middle_root_1_2_2,Random Forest,淡白,4,64,舌根,0,0
tip_middle_root_1_2_2,Random Forest,淡白,4,70,舌中,0,0
tip_middle_root_1_2_2,Random Forest,淡白,4,70,舌右邊,0,0
tip_middle_root_1_2_2,Random Forest,淡白,4,70,舌尖,0,0
tip_middle_root_1_2_2,Random Forest,淡白,4,70,舌左邊,0,0
tip_middle_root_1_2_2,Random Forest,淡白,4,70,舌根,0,0
tip_middle_root_1_2_2,Random Forest,淡白,5,13,舌右邊,0,0
tip_middle_root_1_2_2,Random Forest,淡白,5,13,舌尖,0,0
tip_middle_root_1_2_2,Random Forest,淡白,5,13,舌左邊,0,0
tip_middle_root_1_2_2,Random Forest,淡白,5,19,舌中,0,0
tip_middle_root_1_2_2,Random Forest,淡白,5,19,舌右邊,0,0
tip_middle_root_1_2_2,Random Forest,淡白,5,19,舌尖,0,0
tip_middle_root_1_2_2,Random Forest,淡白,5,19,舌左邊,0,0
tip_middle_root_1_2_2,Random Forest,淡白,5,19,舌根,0,0
tip_middle_root_1_2_2,Random Forest,淡白,5,34,舌中,0,0
tip_middle_root_1_2_2,Random Forest,淡白,5,34,舌右邊,0,0
tip_middle_root_1_2_2,Random Forest,淡白,5,34,舌尖,0,0
tip_middle_root_1_2_2,Random Forest,淡白,5,34,舌左邊,0,0
tip_middle_root_1_2_2,Random Forest,淡白,5,34,舌根,0,0
tip_middle_root_1_2_2,Random Forest,淡白,5,35,舌中,0,0
tip_middle_root_1_2_2,Random Forest,淡白,5,35,舌右邊,0,0
tip_middle_root_1_2_2,Random Forest,淡白,5,35,舌尖,0,0
tip_middle_root_1_2_2,Random Forest,淡白,5,35,舌左邊,0,0
tip_middle_root_1_2_2,Random Forest,淡白,5,35,舌根,0,0
tip_middle_root_1_2_2,Random Forest,淡白,5,38,舌中,0,0
tip_middle_root_1_2_2,Random Forest,淡白,5,38,舌右邊,0,0
tip_middle_root_1_2_2,Random Forest,淡白,5,38,舌尖,0,0
tip_middle_root_1_2_2,Random Forest,淡白,5,38,舌左邊,0,0
tip_middle_root_1_2_2,Random Forest,淡白,5,38,舌根,0,0
tip_middle_root_1_2_2,Random Forest,淡白,5,51,舌中,0,0
tip_middle_root_1_2_2,Random Forest,淡白,5,51,舌右邊,0,0
tip_middle_root_1_2_2,Random Forest,淡白,5,51,舌尖,0,0
tip_middle_root_1_2_2,Random Forest,淡白,5,51,舌左邊,0,0
tip_middle_root_1_2_2,Random Forest,淡白,5,51,舌根,0,0
tip_middle_root_1_2_2,Random Forest,淡白,5,52,舌中,0,0
tip_middle_root_1_2_2,Random Forest,淡白,5,52,舌右邊,0,0
tip_middle_root_1_2_2,Random Forest,淡白,5,52,舌尖,0,0
tip_middle_root_1_2_2,Random Forest,淡白,5,52,舌左邊,0,0
tip_middle_root_1_2_2,Random Forest,淡白,5,52,舌根,0,1
tip_middle_root_1_2_2,Random Forest,淡白,5,68,舌中,0,0
tip_middle_root_1_2_2,Random Forest,淡白,5,68,舌右邊,0,0
tip_middle_root_1_2_2,Random Forest,淡白,5,68,舌尖,0,0
tip_middle_root_1_2_2,Random Forest,淡白,5,68,舌左邊,0,0
tip_middle_root_1_2_2,Random Forest,淡白,5,68,舌根,0,0
tip_middle_root_1_2_2,Random Forest,淡白,5,6,舌中,0,0
tip_middle_root_1_2_2,Random Forest,淡白,5,6,舌右邊,0,0
tip_middle_root_1_2_2,Random Forest,淡白,5,6,舌尖,0,0
tip_middle_root_1_2_2,Random Forest,淡白,5,6,舌左邊,0,0
tip_middle_root_1_2_2,Random Forest,淡白,5,6,舌根,0,0
tip_middle_root_1_2_2,Random Forest,淡白,5,87,舌中,0,0
tip_middle_root_1_2_2,Random Forest,淡白,5,87,舌右邊,0,0
tip_middle_root_1_2_2,Random Forest,淡白,5,87,舌尖,0,0
tip_middle_root_1_2_2,Random Forest,淡白,5,87,舌左邊,0,0
tip_middle_root_1_2_2,Random Forest,淡白,5,87,舌根,0,0
tip_middle_root_1_3_1,SVM,淡白,1,10,舌中,0,1
tip_middle_root_1_3_1,SVM,淡白,1,10,舌右邊,0,0
tip_middle_root_1_3_1,SVM,淡白,1,10,舌尖,0,0
tip_middle_root_1_3_1,SVM,淡白,1,10,舌左邊,0,0
tip_middle_root_1_3_1,SVM,淡白,1,10,舌根,0,0
tip_middle_root_1_3_1,SVM,淡白,1,26,舌中,0,0
tip_middle_root_1_3_1,SVM,淡白,1,26,舌右邊,0,0
tip_middle_root_1_3_1,SVM,淡白,1,26,舌尖,0,0
tip_middle_root_1_3_1,SVM,淡白,1,26,舌左邊,0,0
tip_middle_root_1_3_1,SVM,淡白,1,26,舌根,0,0
tip_middle_root_1_3_1,SVM,淡白,1,27,舌中,0,0
tip_middle_root_1_3_1,SVM,淡白,1,27,舌根,0,0
tip_middle_root_1_3_1,SVM,淡白,1,2,舌中,0,0
tip_middle_root_1_3_1,SVM,淡白,1,2,舌右邊,0,0
tip_middle_root_1_3_1,SVM,淡白,1,2,舌尖,0,0
tip_middle_root_1_3_1,SVM,淡白,1,2,舌左邊,0,0
tip_middle_root_1_3_1,SVM,淡白,1,2,舌根,0,0
tip_middle_root_1_3_1,SVM,淡白,1,32,舌中,0,0
tip_middle_root_1_3_1,SVM,淡白,1,32,舌右邊,0,0
tip_middle_root_1_3_1,SVM,淡白,1,32,舌尖,0,0
tip_middle_root_1_3_1,SVM,淡白,1,32,舌左邊,0,0
tip_middle_root_1_3_1,SVM,淡白,1,32,舌根,0,0
tip_middle_root_1_3_1,SVM,淡白,1,39,舌中,0,0
tip_middle_root_1_3_1,SVM,淡白,1,39,舌右邊,0,0
tip_middle_root_1_3_1,SVM,淡白,1,39,舌尖,0,0
tip_middle_root_1_3_1,SVM,淡白,1,39,舌左邊,0,0
tip_middle_root_1_3_1,SVM,淡白,1,39,舌根,0,0
tip_middle_root_1_3_1,SVM,淡白,1,45,舌中,0,0
tip_middle_root_1_3_1,SVM,淡白,1,45,舌右邊,0,0
tip_middle_root_1_3_1,SVM,淡白,1,45,舌尖,0,0
tip_middle_root_1_3_1,SVM,淡白,1,45,舌左邊,0,0
tip_middle_root_1_3_1,SVM,淡白,1,45,舌根,0,0
tip_middle_root_1_3_1,SVM,淡白,1,55,舌中,0,0
tip_middle_root_1_3_1,SVM,淡白,1,55,舌右邊,0,0
tip_middle_root_1_3_1,SVM,淡白,1,55,舌尖,0,0
tip_middle_root_1_3_1,SVM,淡白,1,55,舌左邊,0,0
tip_middle_root_1_3_1,SVM,淡白,1,55,舌根,0,0
tip_middle_root_1_3_1,SVM,淡白,1,58,舌中,1,0
tip_middle_root_1_3_1,SVM,淡白,1,58,舌右邊,1,0
tip_middle_root_1_3_1,SVM,淡白,1,58,舌左邊,1,0
tip_middle_root_1_3_1,SVM,淡白,1,58,舌根,1,0
tip_middle_root_1_3_1,SVM,淡白,1,72,舌中,0,0
tip_middle_root_1_3_1,SVM,淡白,1,72,舌右邊,0,0
tip_middle_root_1_3_1,SVM,淡白,1,72,舌尖,0,0
tip_middle_root_1_3_1,SVM,淡白,1,72,舌左邊,0,0
tip_middle_root_1_3_1,SVM,淡白,1,72,舌根,0,0
tip_middle_root_1_3_1,SVM,淡白,1,96,舌中,0,0
tip_middle_root_1_3_1,SVM,淡白,1,96,舌右邊,0,0
tip_middle_root_1_3_1,SVM,淡白,1,96,舌尖,0,0
tip_middle_root_1_3_1,SVM,淡白,1,96,舌左邊,0,0
tip_middle_root_1_3_1,SVM,淡白,1,96,舌根,0,0
tip_middle_root_1_3_1,SVM,淡白,2,11,舌中,0,0
tip_middle_root_1_3_1,SVM,淡白,2,11,舌右邊,0,0
tip_middle_root_1_3_1,SVM,淡白,2,11,舌尖,0,0
tip_middle_root_1_3_1,SVM,淡白,2,11,舌左邊,0,0
tip_middle_root_1_3_1,SVM,淡白,2,11,舌根,0,0
tip_middle_root_1_3_1,SVM,淡白,2,20,舌中,0,0
tip_middle_root_1_3_1,SVM,淡白,2,20,舌尖,0,1
tip_middle_root_1_3_1,SVM,淡白,2,20,舌根,0,0
tip_middle_root_1_3_1,SVM,淡白,2,24,舌中,0,1
tip_middle_root_1_3_1,SVM,淡白,2,24,舌右邊,0,1
tip_middle_root_1_3_1,SVM,淡白,2,24,舌尖,0,1
tip_middle_root_1_3_1,SVM,淡白,2,24,舌左邊,0,1
tip_middle_root_1_3_1,SVM,淡白,2,24,舌根,0,0
tip_middle_root_1_3_1,SVM,淡白,2,37,舌中,0,0
tip_middle_root_1_3_1,SVM,淡白,2,37,舌右邊,0,0
tip_middle_root_1_3_1,SVM,淡白,2,37,舌尖,0,0
tip_middle_root_1_3_1,SVM,淡白,2,37,舌左邊,0,0
tip_middle_root_1_3_1,SVM,淡白,2,37,舌根,0,0
tip_middle_root_1_3_1,SVM,淡白,2,40,舌中,0,0
tip_middle_root_1_3_1,SVM,淡白,2,40,舌右邊,0,0
tip_middle_root_1_3_1,SVM,淡白,2,40,舌尖,0,0
tip_middle_root_1_3_1,SVM,淡白,2,40,舌左邊,0,0
tip_middle_root_1_3_1,SVM,淡白,2,40,舌根,0,0
tip_middle_root_1_3_1,SVM,淡白,2,44,舌中,0,1
tip_middle_root_1_3_1,SVM,淡白,2,44,舌右邊,0,1
tip_middle_root_1_3_1,SVM,淡白,2,44,舌尖,0,1
tip_middle_root_1_3_1,SVM,淡白,2,44,舌左邊,0,1
tip_middle_root_1_3_1,SVM,淡白,2,44,舌根,0,0
tip_middle_root_1_3_1,SVM,淡白,2,50,舌中,0,0
tip_middle_root_1_3_1,SVM,淡白,2,50,舌右邊,0,0
tip_middle_root_1_3_1,SVM,淡白,2,50,舌尖,0,0
tip_middle_root_1_3_1,SVM,淡白,2,50,舌左邊,0,0
tip_middle_root_1_3_1,SVM,淡白,2,50,舌根,0,0
tip_middle_root_1_3_1,SVM,淡白,2,53,舌中,0,1
tip_middle_root_1_3_1,SVM,淡白,2,53,舌右邊,0,0
tip_middle_root_1_3_1,SVM,淡白,2,53,舌尖,0,0
tip_middle_root_1_3_1,SVM,淡白,2,53,舌左邊,0,0
tip_middle_root_1_3_1,SVM,淡白,2,53,舌根,0,0
tip_middle_root_1_3_1,SVM,淡白,2,5,舌左邊,1,0
tip_middle_root_1_3_1,SVM,淡白,2,60,舌中,0,0
tip_middle_root_1_3_1,SVM,淡白,2,60,舌右邊,0,0
tip_middle_root_1_3_1,SVM,淡白,2,60,舌尖,0,0
tip_middle_root_1_3_1,SVM,淡白,2,60,舌左邊,0,0
tip_middle_root_1_3_1,SVM,淡白,2,60,舌根,0,0
tip_middle_root_1_3_1,SVM,淡白,2,74,舌中,0,0
tip_middle_root_1_3_1,SVM,淡白,2,74,舌右邊,0,0
tip_middle_root_1_3_1,SVM,淡白,2,74,舌尖,0,0
tip_middle_root_1_3_1,SVM,淡白,2,74,舌左邊,0,0
tip_middle_root_1_3_1,SVM,淡白,2,74,舌根,0,0
tip_middle_root_1_3_1,SVM,淡白,3,23,舌中,0,1
tip_middle_root_1_3_1,SVM,淡白,3,23,舌右邊,0,1
tip_middle_root_1_3_1,SVM,淡白,3,23,舌尖,0,1
tip_middle_root_1_3_1,SVM,淡白,3,23,舌左邊,0,1
tip_middle_root_1_3_1,SVM,淡白,3,23,舌根,0,0
tip_middle_root_1_3_1,SVM,淡白,3,29,舌中,0,1
tip_middle_root_1_3_1,SVM,淡白,3,29,舌右邊,0,1
tip_middle_root_1_3_1,SVM,淡白,3,29,舌尖,0,1
tip_middle_root_1_3_1,SVM,淡白,3,29,舌左邊,0,1
tip_middle_root_1_3_1,SVM,淡白,3,29,舌根,0,1
tip_middle_root_1_3_1,SVM,淡白,3,47,舌中,0,0
tip_middle_root_1_3_1,SVM,淡白,3,47,舌右邊,0,0
tip_middle_root_1_3_1,SVM,淡白,3,47,舌尖,0,0
tip_middle_root_1_3_1,SVM,淡白,3,47,舌左邊,0,0
tip_middle_root_1_3_1,SVM,淡白,3,47,舌根,0,0
tip_middle_root_1_3_1,SVM,淡白,3,49,舌中,0,0
tip_middle_root_1_3_1,SVM,淡白,3,49,舌右邊,0,0
tip_middle_root_1_3_1,SVM,淡白,3,49,舌尖,0,0
tip_middle_root_1_3_1,SVM,淡白,3,49,舌左邊,0,0
tip_middle_root_1_3_1,SVM,淡白,3,49,舌根,0,0
tip_middle_root_1_3_1,SVM,淡白,3,56,舌中,0,1
tip_middle_root_1_3_1,SVM,淡白,3,56,舌右邊,0,0
tip_middle_root_1_3_1,SVM,淡白,3,56,舌尖,0,1
tip_middle_root_1_3_1,SVM,淡白,3,56,舌左邊,0,1
tip_middle_root_1_3_1,SVM,淡白,3,56,舌根,0,0
tip_middle_root_1_3_1,SVM,淡白,3,57,舌中,0,0
tip_middle_root_1_3_1,SVM,淡白,3,57,舌右邊,0,0
tip_middle_root_1_3_1,SVM,淡白,3,57,舌尖,0,0
tip_middle_root_1_3_1,SVM,淡白,3,57,舌左邊,0,0
tip_middle_root_1_3_1,SVM,淡白,3,57,舌根,0,0
tip_middle_root_1_3_1,SVM,淡白,3,59,舌中,0,0
tip_middle_root_1_3_1,SVM,淡白,3,59,舌右邊,0,0
tip_middle_root_1_3_1,SVM,淡白,3,59,舌尖,0,1
tip_middle_root_1_3_1,SVM,淡白,3,59,舌左邊,0,0
tip_middle_root_1_3_1,SVM,淡白,3,59,舌根,0,0
tip_middle_root_1_3_1,SVM,淡白,3,85,舌中,0,0
tip_middle_root_1_3_1,SVM,淡白,3,85,舌右邊,0,0
tip_middle_root_1_3_1,SVM,淡白,3,85,舌尖,0,0
tip_middle_root_1_3_1,SVM,淡白,3,85,舌左邊,0,0
tip_middle_root_1_3_1,SVM,淡白,3,85,舌根,0,0
tip_middle_root_1_3_1,SVM,淡白,3,8,舌中,0,1
tip_middle_root_1_3_1,SVM,淡白,3,8,舌右邊,0,1
tip_middle_root_1_3_1,SVM,淡白,3,8,舌尖,0,0
tip_middle_root_1_3_1,SVM,淡白,3,8,舌左邊,0,0
tip_middle_root_1_3_1,SVM,淡白,3,8,舌根,0,0
tip_middle_root_1_3_1,SVM,淡白,3,9,舌中,0,0
tip_middle_root_1_3_1,SVM,淡白,3,9,舌右邊,0,0
tip_middle_root_1_3_1,SVM,淡白,3,9,舌尖,0,0
tip_middle_root_1_3_1,SVM,淡白,3,9,舌左邊,0,0
tip_middle_root_1_3_1,SVM,淡白,3,9,舌根,0,0
tip_middle_root_1_3_1,SVM,淡白,4,17,舌中,0,0
tip_middle_root_1_3_1,SVM,淡白,4,17,舌右邊,0,0
tip_middle_root_1_3_1,SVM,淡白,4,17,舌尖,0,0
tip_middle_root_1_3_1,SVM,淡白,4,17,舌左邊,0,0
tip_middle_root_1_3_1,SVM,淡白,4,17,舌根,0,0
tip_middle_root_1_3_1,SVM,淡白,4,31,舌中,0,0
tip_middle_root_1_3_1,SVM,淡白,4,31,舌右邊,0,0
tip_middle_root_1_3_1,SVM,淡白,4,31,舌尖,0,0
tip_middle_root_1_3_1,SVM,淡白,4,31,舌左邊,0,0
tip_middle_root_1_3_1,SVM,淡白,4,31,舌根,0,0
tip_middle_root_1_3_1,SVM,淡白,4,36,舌中,0,0
tip_middle_root_1_3_1,SVM,淡白,4,36,舌尖,0,0
tip_middle_root_1_3_1,SVM,淡白,4,36,舌根,0,0
tip_middle_root_1_3_1,SVM,淡白,4,41,舌中,0,0
tip_middle_root_1_3_1,SVM,淡白,4,41,舌右邊,0,0
tip_middle_root_1_3_1,SVM,淡白,4,41,舌尖,0,0
tip_middle_root_1_3_1,SVM,淡白,4,41,舌左邊,0,0
tip_middle_root_1_3_1,SVM,淡白,4,41,舌根,0,0
tip_middle_root_1_3_1,SVM,淡白,4,42,舌中,0,0
tip_middle_root_1_3_1,SVM,淡白,4,42,舌右邊,0,0
tip_middle_root_1_3_1,SVM,淡白,4,42,舌尖,0,0
tip_middle_root_1_3_1,SVM,淡白,4,42,舌左邊,0,0
tip_middle_root_1_3_1,SVM,淡白,4,42,舌根,0,0
tip_middle_root_1_3_1,SVM,淡白,4,46,舌中,0,0
tip_middle_root_1_3_1,SVM,淡白,4,46,舌右邊,0,0
tip_middle_root_1_3_1,SVM,淡白,4,46,舌尖,0,0
tip_middle_root_1_3_1,SVM,淡白,4,46,舌左邊,0,1
tip_middle_root_1_3_1,SVM,淡白,4,46,舌根,0,0
tip_middle_root_1_3_1,SVM,淡白,4,48,舌中,0,1
tip_middle_root_1_3_1,SVM,淡白,4,48,舌右邊,0,0
tip_middle_root_1_3_1,SVM,淡白,4,48,舌尖,0,0
tip_middle_root_1_3_1,SVM,淡白,4,48,舌左邊,0,0
tip_middle_root_1_3_1,SVM,淡白,4,48,舌根,0,0
tip_middle_root_1_3_1,SVM,淡白,4,54,舌中,0,0
tip_middle_root_1_3_1,SVM,淡白,4,54,舌右邊,0,0
tip_middle_root_1_3_1,SVM,淡白,4,54,舌尖,0,0
tip_middle_root_1_3_1,SVM,淡白,4,54,舌左邊,0,0
tip_middle_root_1_3_1,SVM,淡白,4,54,舌根,0,0
tip_middle_root_1_3_1,SVM,淡白,4,64,舌中,0,0
tip_middle_root_1_3_1,SVM,淡白,4,64,舌右邊,0,0
tip_middle_root_1_3_1,SVM,淡白,4,64,舌尖,0,0
tip_middle_root_1_3_1,SVM,淡白,4,64,舌左邊,0,0
tip_middle_root_1_3_1,SVM,淡白,4,64,舌根,0,0
tip_middle_root_1_3_1,SVM,淡白,4,70,舌中,0,0
tip_middle_root_1_3_1,SVM,淡白,4,70,舌右邊,0,0
tip_middle_root_1_3_1,SVM,淡白,4,70,舌尖,0,0
tip_middle_root_1_3_1,SVM,淡白,4,70,舌左邊,0,0
tip_middle_root_1_3_1,SVM,淡白,4,70,舌根,0,0
tip_middle_root_1_3_1,SVM,淡白,5,13,舌右邊,0,0
tip_middle_root_1_3_1,SVM,淡白,5,13,舌尖,0,0
tip_middle_root_1_3_1,SVM,淡白,5,13,舌左邊,0,0
tip_middle_root_1_3_1,SVM,淡白,5,19,舌中,0,1
tip_middle_root_1_3_1,SVM,淡白,5,19,舌右邊,0,1
tip_middle_root_1_3_1,SVM,淡白,5,19,舌尖,0,1
tip_middle_root_1_3_1,SVM,淡白,5,19,舌左邊,0,1
tip_middle_root_1_3_1,SVM,淡白,5,19,舌根,0,0
tip_middle_root_1_3_1,SVM,淡白,5,34,舌中,0,0
tip_middle_root_1_3_1,SVM,淡白,5,34,舌右邊,0,0
tip_middle_root_1_3_1,SVM,淡白,5,34,舌尖,0,0
tip_middle_root_1_3_1,SVM,淡白,5,34,舌左邊,0,0
tip_middle_root_1_3_1,SVM,淡白,5,34,舌根,0,0
tip_middle_root_1_3_1,SVM,淡白,5,35,舌中,0,0
tip_middle_root_1_3_1,SVM,淡白,5,35,舌右邊,0,0
tip_middle_root_1_3_1,SVM,淡白,5,35,舌尖,0,0
tip_middle_root_1_3_1,SVM,淡白,5,35,舌左邊,0,0
tip_middle_root_1_3_1,SVM,淡白,5,35,舌根,0,0
tip_middle_root_1_3_1,SVM,淡白,5,38,舌中,0,1
tip_middle_root_1_3_1,SVM,淡白,5,38,舌右邊,0,0
tip_middle_root_1_3_1,SVM,淡白,5,38,舌尖,0,0
tip_middle_root_1_3_1,SVM,淡白,5,38,舌左邊,0,0
tip_middle_root_1_3_1,SVM,淡白,5,38,舌根,0,0
tip_middle_root_1_3_1,SVM,淡白,5,51,舌中,0,0
tip_middle_root_1_3_1,SVM,淡白,5,51,舌右邊,0,0
tip_middle_root_1_3_1,SVM,淡白,5,51,舌尖,0,0
tip_middle_root_1_3_1,SVM,淡白,5,51,舌左邊,0,0
tip_middle_root_1_3_1,SVM,淡白,5,51,舌根,0,0
tip_middle_root_1_3_1,SVM,淡白,5,52,舌中,0,1
tip_middle_root_1_3_1,SVM,淡白,5,52,舌右邊,0,1
tip_middle_root_1_3_1,SVM,淡白,5,52,舌尖,0,1
tip_middle_root_1_3_1,SVM,淡白,5,52,舌左邊,0,1
tip_middle_root_1_3_1,SVM,淡白,5,52,舌根,0,0
tip_middle_root_1_3_1,SVM,淡白,5,68,舌中,0,0
tip_middle_root_1_3_1,SVM,淡白,5,68,舌右邊,0,0
tip_middle_root_1_3_1,SVM,淡白,5,68,舌尖,0,0
tip_middle_root_1_3_1,SVM,淡白,5,68,舌左邊,0,0
tip_middle_root_1_3_1,SVM,淡白,5,68,舌根,0,0
tip_middle_root_1_3_1,SVM,淡白,5,6,舌中,0,1
tip_middle_root_1_3_1,SVM,淡白,5,6,舌右邊,0,0
tip_middle_root_1_3_1,SVM,淡白,5,6,舌尖,0,0
tip_middle_root_1_3_1,SVM,淡白,5,6,舌左邊,0,1
tip_middle_root_1_3_1,SVM,淡白,5,6,舌根,0,0
tip_middle_root_1_3_1,SVM,淡白,5,87,舌中,0,0
tip_middle_root_1_3_1,SVM,淡白,5,87,舌右邊,0,0
tip_middle_root_1_3_1,SVM,淡白,5,87,舌尖,0,0
tip_middle_root_1_3_1,SVM,淡白,5,87,舌左邊,0,0
tip_middle_root_1_3_1,SVM,淡白,5,87,舌根,0,0
tip_middle_root_1_3_1,Random Forest,淡白,1,10,舌中,0,0
tip_middle_root_1_3_1,Random Forest,淡白,1,10,舌右邊,0,0
tip_middle_root_1_3_1,Random Forest,淡白,1,10,舌尖,0,0
tip_middle_root_1_3_1,Random Forest,淡白,1,10,舌左邊,0,0
tip_middle_root_1_3_1,Random Forest,淡白,1,10,舌根,0,0
tip_middle_root_1_3_1,Random Forest,淡白,1,26,舌中,0,0
tip_middle_root_1_3_1,Random Forest,淡白,1,26,舌右邊,0,0
tip_middle_root_1_3_1,Random Forest,淡白,1,26,舌尖,0,0
tip_middle_root_1_3_1,Random Forest,淡白,1,26,舌左邊,0,0
tip_middle_root_1_3_1,Random Forest,淡白,1,26,舌根,0,0
tip_middle_root_1_3_1,Random Forest,淡白,1,27,舌中,0,0
tip_middle_root_1_3_1,Random Forest,淡白,1,27,舌根,0,0
tip_middle_root_1_3_1,Random Forest,淡白,1,2,舌中,0,0
tip_middle_root_1_3_1,Random Forest,淡白,1,2,舌右邊,0,0
tip_middle_root_1_3_1,Random Forest,淡白,1,2,舌尖,0,0
tip_middle_root_1_3_1,Random Forest,淡白,1,2,舌左邊,0,0
tip_middle_root_1_3_1,Random Forest,淡白,1,2,舌根,0,0
tip_middle_root_1_3_1,Random Forest,淡白,1,32,舌中,0,0
tip_middle_root_1_3_1,Random Forest,淡白,1,32,舌右邊,0,0
tip_middle_root_1_3_1,Random Forest,淡白,1,32,舌尖,0,0
tip_middle_root_1_3_1,Random Forest,淡白,1,32,舌左邊,0,0
tip_middle_root_1_3_1,Random Forest,淡白,1,32,舌根,0,0
tip_middle_root_1_3_1,Random Forest,淡白,1,39,舌中,0,0
tip_middle_root_1_3_1,Random Forest,淡白,1,39,舌右邊,0,0
tip_middle_root_1_3_1,Random Forest,淡白,1,39,舌尖,0,0
tip_middle_root_1_3_1,Random Forest,淡白,1,39,舌左邊,0,0
tip_middle_root_1_3_1,Random Forest,淡白,1,39,舌根,0,0
tip_middle_root_1_3_1,Random Forest,淡白,1,45,舌中,0,0
tip_middle_root_1_3_1,Random Forest,淡白,1,45,舌右邊,0,0
tip_middle_root_1_3_1,Random Forest,淡白,1,45,舌尖,0,0
tip_middle_root_1_3_1,Random Forest,淡白,1,45,舌左邊,0,0
tip_middle_root_1_3_1,Random Forest,淡白,1,45,舌根,0,0
tip_middle_root_1_3_1,Random Forest,淡白,1,55,舌中,0,0
tip_middle_root_1_3_1,Random Forest,淡白,1,55,舌右邊,0,0
tip_middle_root_1_3_1,Random Forest,淡白,1,55,舌尖,0,0
tip_middle_root_1_3_1,Random Forest,淡白,1,55,舌左邊,0,0
tip_middle_root_1_3_1,Random Forest,淡白,1,55,舌根,0,0
tip_middle_root_1_3_1,Random Forest,淡白,1,58,舌中,1,0
tip_middle_root_1_3_1,Random Forest,淡白,1,58,舌右邊,1,0
tip_middle_root_1_3_1,Random Forest,淡白,1,58,舌左邊,1,0
tip_middle_root_1_3_1,Random Forest,淡白,1,58,舌根,1,0
tip_middle_root_1_3_1,Random Forest,淡白,1,72,舌中,0,0
tip_middle_root_1_3_1,Random Forest,淡白,1,72,舌右邊,0,0
tip_middle_root_1_3_1,Random Forest,淡白,1,72,舌尖,0,0
tip_middle_root_1_3_1,Random Forest,淡白,1,72,舌左邊,0,0
tip_middle_root_1_3_1,Random Forest,淡白,1,72,舌根,0,0
tip_middle_root_1_3_1,Random Forest,淡白,1,96,舌中,0,0
tip_middle_root_1_3_1,Random Forest,淡白,1,96,舌右邊,0,0
tip_middle_root_1_3_1,Random Forest,淡白,1,96,舌尖,0,0
tip_middle_root_1_3_1,Random Forest,淡白,1,96,舌左邊,0,0
tip_middle_root_1_3_1,Random Forest,淡白,1,96,舌根,0,0
tip_middle_root_1_3_1,Random Forest,淡白,2,11,舌中,0,0
tip_middle_root_1_3_1,Random Forest,淡白,2,11,舌右邊,0,0
tip_middle_root_1_3_1,Random Forest,淡白,2,11,舌尖,0,0
tip_middle_root_1_3_1,Random Forest,淡白,2,11,舌左邊,0,0
tip_middle_root_1_3_1,Random Forest,淡白,2,11,舌根,0,0
tip_middle_root_1_3_1,Random Forest,淡白,2,20,舌中,0,0
tip_middle_root_1_3_1,Random Forest,淡白,2,20,舌尖,0,0
tip_middle_root_1_3_1,Random Forest,淡白,2,20,舌根,0,0
tip_middle_root_1_3_1,Random Forest,淡白,2,24,舌中,0,0
tip_middle_root_1_3_1,Random Forest,淡白,2,24,舌右邊,0,0
tip_middle_root_1_3_1,Random Forest,淡白,2,24,舌尖,0,0
tip_middle_root_1_3_1,Random Forest,淡白,2,24,舌左邊,0,0
tip_middle_root_1_3_1,Random Forest,淡白,2,24,舌根,0,0
tip_middle_root_1_3_1,Random Forest,淡白,2,37,舌中,0,0
tip_middle_root_1_3_1,Random Forest,淡白,2,37,舌右邊,0,0
tip_middle_root_1_3_1,Random Forest,淡白,2,37,舌尖,0,0
tip_middle_root_1_3_1,Random Forest,淡白,2,37,舌左邊,0,0
tip_middle_root_1_3_1,Random Forest,淡白,2,37,舌根,0,0
tip_middle_root_1_3_1,Random Forest,淡白,2,40,舌中,0,0
tip_middle_root_1_3_1,Random Forest,淡白,2,40,舌右邊,0,0
tip_middle_root_1_3_1,Random Forest,淡白,2,40,舌尖,0,0
tip_middle_root_1_3_1,Random Forest,淡白,2,40,舌左邊,0,0
tip_middle_root_1_3_1,Random Forest,淡白,2,40,舌根,0,0
tip_middle_root_1_3_1,Random Forest,淡白,2,44,舌中,0,0
tip_middle_root_1_3_1,Random Forest,淡白,2,44,舌右邊,0,0
tip_middle_root_1_3_1,Random Forest,淡白,2,44,舌尖,0,0
tip_middle_root_1_3_1,Random Forest,淡白,2,44,舌左邊,0,0
tip_middle_root_1_3_1,Random Forest,淡白,2,44,舌根,0,0
tip_middle_root_1_3_1,Random Forest,淡白,2,50,舌中,0,0
tip_middle_root_1_3_1,Random Forest,淡白,2,50,舌右邊,0,0
tip_middle_root_1_3_1,Random Forest,淡白,2,50,舌尖,0,0
tip_middle_root_1_3_1,Random Forest,淡白,2,50,舌左邊,0,0
tip_middle_root_1_3_1,Random Forest,淡白,2,50,舌根,0,0
tip_middle_root_1_3_1,Random Forest,淡白,2,53,舌中,0,0
tip_middle_root_1_3_1,Random Forest,淡白,2,53,舌右邊,0,0
tip_middle_root_1_3_1,Random Forest,淡白,2,53,舌尖,0,0
tip_middle_root_1_3_1,Random Forest,淡白,2,53,舌左邊,0,0
tip_middle_root_1_3_1,Random Forest,淡白,2,53,舌根,0,0
tip_middle_root_1_3_1,Random Forest,淡白,2,5,舌左邊,1,0
tip_middle_root_1_3_1,Random Forest,淡白,2,60,舌中,0,0
tip_middle_root_1_3_1,Random Forest,淡白,2,60,舌右邊,0,0
tip_middle_root_1_3_1,Random Forest,淡白,2,60,舌尖,0,0
tip_middle_root_1_3_1,Random Forest,淡白,2,60,舌左邊,0,0
tip_middle_root_1_3_1,Random Forest,淡白,2,60,舌根,0,0
tip_middle_root_1_3_1,Random Forest,淡白,2,74,舌中,0,0
tip_middle_root_1_3_1,Random Forest,淡白,2,74,舌右邊,0,0
tip_middle_root_1_3_1,Random Forest,淡白,2,74,舌尖,0,0
tip_middle_root_1_3_1,Random Forest,淡白,2,74,舌左邊,0,0
tip_middle_root_1_3_1,Random Forest,淡白,2,74,舌根,0,0
tip_middle_root_1_3_1,Random Forest,淡白,3,23,舌中,0,0
tip_middle_root_1_3_1,Random Forest,淡白,3,23,舌右邊,0,0
tip_middle_root_1_3_1,Random Forest,淡白,3,23,舌尖,0,0
tip_middle_root_1_3_1,Random Forest,淡白,3,23,舌左邊,0,0
tip_middle_root_1_3_1,Random Forest,淡白,3,23,舌根,0,0
tip_middle_root_1_3_1,Random Forest,淡白,3,29,舌中,0,0
tip_middle_root_1_3_1,Random Forest,淡白,3,29,舌右邊,0,0
tip_middle_root_1_3_1,Random Forest,淡白,3,29,舌尖,0,0
tip_middle_root_1_3_1,Random Forest,淡白,3,29,舌左邊,0,0
tip_middle_root_1_3_1,Random Forest,淡白,3,29,舌根,0,0
tip_middle_root_1_3_1,Random Forest,淡白,3,47,舌中,0,0
tip_middle_root_1_3_1,Random Forest,淡白,3,47,舌右邊,0,0
tip_middle_root_1_3_1,Random Forest,淡白,3,47,舌尖,0,0
tip_middle_root_1_3_1,Random Forest,淡白,3,47,舌左邊,0,0
tip_middle_root_1_3_1,Random Forest,淡白,3,47,舌根,0,0
tip_middle_root_1_3_1,Random Forest,淡白,3,49,舌中,0,0
tip_middle_root_1_3_1,Random Forest,淡白,3,49,舌右邊,0,0
tip_middle_root_1_3_1,Random Forest,淡白,3,49,舌尖,0,0
tip_middle_root_1_3_1,Random Forest,淡白,3,49,舌左邊,0,0
tip_middle_root_1_3_1,Random Forest,淡白,3,49,舌根,0,0
tip_middle_root_1_3_1,Random Forest,淡白,3,56,舌中,0,0
tip_middle_root_1_3_1,Random Forest,淡白,3,56,舌右邊,0,0
tip_middle_root_1_3_1,Random Forest,淡白,3,56,舌尖,0,0
tip_middle_root_1_3_1,Random Forest,淡白,3,56,舌左邊,0,1
tip_middle_root_1_3_1,Random Forest,淡白,3,56,舌根,0,0
tip_middle_root_1_3_1,Random Forest,淡白,3,57,舌中,0,0
tip_middle_root_1_3_1,Random Forest,淡白,3,57,舌右邊,0,0
tip_middle_root_1_3_1,Random Forest,淡白,3,57,舌尖,0,0
tip_middle_root_1_3_1,Random Forest,淡白,3,57,舌左邊,0,0
tip_middle_root_1_3_1,Random Forest,淡白,3,57,舌根,0,0
tip_middle_root_1_3_1,Random Forest,淡白,3,59,舌中,0,0
tip_middle_root_1_3_1,Random Forest,淡白,3,59,舌右邊,0,0
tip_middle_root_1_3_1,Random Forest,淡白,3,59,舌尖,0,0
tip_middle_root_1_3_1,Random Forest,淡白,3,59,舌左邊,0,0
tip_middle_root_1_3_1,Random Forest,淡白,3,59,舌根,0,0
tip_middle_root_1_3_1,Random Forest,淡白,3,85,舌中,0,0
tip_middle_root_1_3_1,Random Forest,淡白,3,85,舌右邊,0,0
tip_middle_root_1_3_1,Random Forest,淡白,3,85,舌尖,0,0
tip_middle_root_1_3_1,Random Forest,淡白,3,85,舌左邊,0,0
tip_middle_root_1_3_1,Random Forest,淡白,3,85,舌根,0,0
tip_middle_root_1_3_1,Random Forest,淡白,3,8,舌中,0,0
tip_middle_root_1_3_1,Random Forest,淡白,3,8,舌右邊,0,0
tip_middle_root_1_3_1,Random Forest,淡白,3,8,舌尖,0,0
tip_middle_root_1_3_1,Random Forest,淡白,3,8,舌左邊,0,0
tip_middle_root_1_3_1,Random Forest,淡白,3,8,舌根,0,0
tip_middle_root_1_3_1,Random Forest,淡白,3,9,舌中,0,0
tip_middle_root_1_3_1,Random Forest,淡白,3,9,舌右邊,0,0
tip_middle_root_1_3_1,Random Forest,淡白,3,9,舌尖,0,0
tip_middle_root_1_3_1,Random Forest,淡白,3,9,舌左邊,0,0
tip_middle_root_1_3_1,Random Forest,淡白,3,9,舌根,0,0
tip_middle_root_1_3_1,Random Forest,淡白,4,17,舌中,0,0
tip_middle_root_1_3_1,Random Forest,淡白,4,17,舌右邊,0,0
tip_middle_root_1_3_1,Random Forest,淡白,4,17,舌尖,0,0
tip_middle_root_1_3_1,Random Forest,淡白,4,17,舌左邊,0,0
tip_middle_root_1_3_1,Random Forest,淡白,4,17,舌根,0,0
tip_middle_root_1_3_1,Random Forest,淡白,4,31,舌中,0,0
tip_middle_root_1_3_1,Random Forest,淡白,4,31,舌右邊,0,0
tip_middle_root_1_3_1,Random Forest,淡白,4,31,舌尖,0,0
tip_middle_root_1_3_1,Random Forest,淡白,4,31,舌左邊,0,0
tip_middle_root_1_3_1,Random Forest,淡白,4,31,舌根,0,0
tip_middle_root_1_3_1,Random Forest,淡白,4,36,舌中,0,0
tip_middle_root_1_3_1,Random Forest,淡白,4,36,舌尖,0,0
tip_middle_root_1_3_1,Random Forest,淡白,4,36,舌根,0,0
tip_middle_root_1_3_1,Random Forest,淡白,4,41,舌中,0,0
tip_middle_root_1_3_1,Random Forest,淡白,4,41,舌右邊,0,0
tip_middle_root_1_3_1,Random Forest,淡白,4,41,舌尖,0,0
tip_middle_root_1_3_1,Random Forest,淡白,4,41,舌左邊,0,0
tip_middle_root_1_3_1,Random Forest,淡白,4,41,舌根,0,0
tip_middle_root_1_3_1,Random Forest,淡白,4,42,舌中,0,0
tip_middle_root_1_3_1,Random Forest,淡白,4,42,舌右邊,0,0
tip_middle_root_1_3_1,Random Forest,淡白,4,42,舌尖,0,0
tip_middle_root_1_3_1,Random Forest,淡白,4,42,舌左邊,0,0
tip_middle_root_1_3_1,Random Forest,淡白,4,42,舌根,0,0
tip_middle_root_1_3_1,Random Forest,淡白,4,46,舌中,0,0
tip_middle_root_1_3_1,Random Forest,淡白,4,46,舌右邊,0,0
tip_middle_root_1_3_1,Random Forest,淡白,4,46,舌尖,0,0
tip_middle_root_1_3_1,Random Forest,淡白,4,46,舌左邊,0,0
tip_middle_root_1_3_1,Random Forest,淡白,4,46,舌根,0,0
tip_middle_root_1_3_1,Random Forest,淡白,4,48,舌中,0,0
tip_middle_root_1_3_1,Random Forest,淡白,4,48,舌右邊,0,0
tip_middle_root_1_3_1,Random Forest,淡白,4,48,舌尖,0,0
tip_middle_root_1_3_1,Random Forest,淡白,4,48,舌左邊,0,0
tip_middle_root_1_3_1,Random Forest,淡白,4,48,舌根,0,0
tip_middle_root_1_3_1,Random Forest,淡白,4,54,舌中,0,0
tip_middle_root_1_3_1,Random Forest,淡白,4,54,舌右邊,0,0
tip_middle_root_1_3_1,Random Forest,淡白,4,54,舌尖,0,0
tip_middle_root_1_3_1,Random Forest,淡白,4,54,舌左邊,0,0
tip_middle_root_1_3_1,Random Forest,淡白,4,54,舌根,0,0
tip_middle_root_1_3_1,Random Forest,淡白,4,64,舌中,0,0
tip_middle_root_1_3_1,Random Forest,淡白,4,64,舌右邊,0,0
tip_middle_root_1_3_1,Random Forest,淡白,4,64,舌尖,0,0
tip_middle_root_1_3_1,Random Forest,淡白,4,64,舌左邊,0,0
tip_middle_root_1_3_1,Random Forest,淡白,4,64,舌根,0,0
tip_middle_root_1_3_1,Random Forest,淡白,4,70,舌中,0,0
tip_middle_root_1_3_1,Random Forest,淡白,4,70,舌右邊,0,0
tip_middle_root_1_3_1,Random Forest,淡白,4,70,舌尖,0,0
tip_middle_root_1_3_1,Random Forest,淡白,4,70,舌左邊,0,0
tip_middle_root_1_3_1,Random Forest,淡白,4,70,舌根,0,0
tip_middle_root_1_3_1,Random Forest,淡白,5,13,舌右邊,0,0
tip_middle_root_1_3_1,Random Forest,淡白,5,13,舌尖,0,0
tip_middle_root_1_3_1,Random Forest,淡白,5,13,舌左邊,0,0
tip_middle_root_1_3_1,Random Forest,淡白,5,19,舌中,0,1
tip_middle_root_1_3_1,Random Forest,淡白,5,19,舌右邊,0,0
tip_middle_root_1_3_1,Random Forest,淡白,5,19,舌尖,0,0
tip_middle_root_1_3_1,Random Forest,淡白,5,19,舌左邊,0,0
tip_middle_root_1_3_1,Random Forest,淡白,5,19,舌根,0,0
tip_middle_root_1_3_1,Random Forest,淡白,5,34,舌中,0,0
tip_middle_root_1_3_1,Random Forest,淡白,5,34,舌右邊,0,0
tip_middle_root_1_3_1,Random Forest,淡白,5,34,舌尖,0,0
tip_middle_root_1_3_1,Random Forest,淡白,5,34,舌左邊,0,0
tip_middle_root_1_3_1,Random Forest,淡白,5,34,舌根,0,0
tip_middle_root_1_3_1,Random Forest,淡白,5,35,舌中,0,0
tip_middle_root_1_3_1,Random Forest,淡白,5,35,舌右邊,0,0
tip_middle_root_1_3_1,Random Forest,淡白,5,35,舌尖,0,0
tip_middle_root_1_3_1,Random Forest,淡白,5,35,舌左邊,0,0
tip_middle_root_1_3_1,Random Forest,淡白,5,35,舌根,0,0
tip_middle_root_1_3_1,Random Forest,淡白,5,38,舌中,0,0
tip_middle_root_1_3_1,Random Forest,淡白,5,38,舌右邊,0,0
tip_middle_root_1_3_1,Random Forest,淡白,5,38,舌尖,0,0
tip_middle_root_1_3_1,Random Forest,淡白,5,38,舌左邊,0,0
tip_middle_root_1_3_1,Random Forest,淡白,5,38,舌根,0,0
tip_middle_root_1_3_1,Random Forest,淡白,5,51,舌中,0,0
tip_middle_root_1_3_1,Random Forest,淡白,5,51,舌右邊,0,0
tip_middle_root_1_3_1,Random Forest,淡白,5,51,舌尖,0,0
tip_middle_root_1_3_1,Random Forest,淡白,5,51,舌左邊,0,0
tip_middle_root_1_3_1,Random Forest,淡白,5,51,舌根,0,0
tip_middle_root_1_3_1,Random Forest,淡白,5,52,舌中,0,0
tip_middle_root_1_3_1,Random Forest,淡白,5,52,舌右邊,0,0
tip_middle_root_1_3_1,Random Forest,淡白,5,52,舌尖,0,0
tip_middle_root_1_3_1,Random Forest,淡白,5,52,舌左邊,0,0
tip_middle_root_1_3_1,Random Forest,淡白,5,52,舌根,0,0
tip_middle_root_1_3_1,Random Forest,淡白,5,68,舌中,0,0
tip_middle_root_1_3_1,Random Forest,淡白,5,68,舌右邊,0,0
tip_middle_root_1_3_1,Random Forest,淡白,5,68,舌尖,0,0
tip_middle_root_1_3_1,Random Forest,淡白,5,68,舌左邊,0,0
tip_middle_root_1_3_1,Random Forest,淡白,5,68,舌根,0,0
tip_middle_root_1_3_1,Random Forest,淡白,5,6,舌中,0,0
tip_middle_root_1_3_1,Random Forest,淡白,5,6,舌右邊,0,0
tip_middle_root_1_3_1,Random Forest,淡白,5,6,舌尖,0,0
tip_middle_root_1_3_1,Random Forest,淡白,5,6,舌左邊,0,0
tip_middle_root_1_3_1,Random Forest,淡白,5,6,舌根,0,0
tip_middle_root_1_3_1,Random Forest,淡白,5,87,舌中,0,0
tip_middle_root_1_3_1,Random Forest,淡白,5,87,舌右邊,0,0
tip_middle_root_1_3_1,Random Forest,淡白,5,87,舌尖,0,0
tip_middle_root_1_3_1,Random Forest,淡白,5,87,舌左邊,0,0
tip_middle_root_1_3_1,Random Forest,淡白,5,87,舌根,0,0
tip_middle_root_1_2_2,SVM,鮮紅,1,30,舌中,0,0
tip_middle_root_1_2_2,SVM,鮮紅,1,30,舌右邊,0,0
tip_middle_root_1_2_2,SVM,鮮紅,1,30,舌尖,0,0
tip_middle_root_1_2_2,SVM,鮮紅,1,30,舌左邊,0,0
tip_middle_root_1_2_2,SVM,鮮紅,1,30,舌根,0,0
tip_middle_root_1_2_2,SVM,鮮紅,1,45,舌中,0,0
tip_middle_root_1_2_2,SVM,鮮紅,1,45,舌右邊,0,0
tip_middle_root_1_2_2,SVM,鮮紅,1,45,舌尖,0,0
tip_middle_root_1_2_2,SVM,鮮紅,1,45,舌左邊,0,0
tip_middle_root_1_2_2,SVM,鮮紅,1,45,舌根,0,0
tip_middle_root_1_2_2,SVM,鮮紅,1,46,舌中,0,0
tip_middle_root_1_2_2,SVM,鮮紅,1,46,舌右邊,0,0
tip_middle_root_1_2_2,SVM,鮮紅,1,46,舌左邊,0,0
tip_middle_root_1_2_2,SVM,鮮紅,1,46,舌根,0,0
tip_middle_root_1_2_2,SVM,鮮紅,1,48,舌尖,1,1
tip_middle_root_1_2_2,SVM,鮮紅,1,58,舌中,0,0
tip_middle_root_1_2_2,SVM,鮮紅,1,58,舌右邊,0,0
tip_middle_root_1_2_2,SVM,鮮紅,1,58,舌尖,0,0
tip_middle_root_1_2_2,SVM,鮮紅,1,58,舌左邊,0,0
tip_middle_root_1_2_2,SVM,鮮紅,1,58,舌根,0,0
tip_middle_root_1_2_2,SVM,鮮紅,1,60,舌尖,1,0
tip_middle_root_1_2_2,SVM,鮮紅,1,70,舌中,1,1
tip_middle_root_1_2_2,SVM,鮮紅,1,70,舌右邊,1,1
tip_middle_root_1_2_2,SVM,鮮紅,1,70,舌尖,1,1
tip_middle_root_1_2_2,SVM,鮮紅,1,70,舌左邊,1,1
tip_middle_root_1_2_2,SVM,鮮紅,1,70,舌根,1,0
tip_middle_root_1_2_2,SVM,鮮紅,1,7,舌中,0,0
tip_middle_root_1_2_2,SVM,鮮紅,1,7,舌右邊,0,0
tip_middle_root_1_2_2,SVM,鮮紅,1,7,舌尖,0,0
tip_middle_root_1_2_2,SVM,鮮紅,1,7,舌左邊,0,0
tip_middle_root_1_2_2,SVM,鮮紅,1,7,舌根,0,0
tip_middle_root_1_2_2,SVM,鮮紅,1,8,舌中,0,0
tip_middle_root_1_2_2,SVM,鮮紅,1,8,舌右邊,0,0
tip_middle_root_1_2_2,SVM,鮮紅,1,8,舌尖,0,0
tip_middle_root_1_2_2,SVM,鮮紅,1,8,舌左邊,0,0
tip_middle_root_1_2_2,SVM,鮮紅,1,8,舌根,0,0
tip_middle_root_1_2_2,SVM,鮮紅,1,96,舌中,1,1
tip_middle_root_1_2_2,SVM,鮮紅,1,96,舌右邊,1,0
tip_middle_root_1_2_2,SVM,鮮紅,1,96,舌尖,1,1
tip_middle_root_1_2_2,SVM,鮮紅,1,96,舌左邊,1,1
tip_middle_root_1_2_2,SVM,鮮紅,2,11,舌中,0,0
tip_middle_root_1_2_2,SVM,鮮紅,2,11,舌右邊,0,1
tip_middle_root_1_2_2,SVM,鮮紅,2,11,舌尖,0,1
tip_middle_root_1_2_2,SVM,鮮紅,2,11,舌左邊,0,1
tip_middle_root_1_2_2,SVM,鮮紅,2,11,舌根,0,0
tip_middle_root_1_2_2,SVM,鮮紅,2,19,舌中,0,0
tip_middle_root_1_2_2,SVM,鮮紅,2,19,舌右邊,0,0
tip_middle_root_1_2_2,SVM,鮮紅,2,19,舌尖,0,0
tip_middle_root_1_2_2,SVM,鮮紅,2,19,舌左邊,0,0
tip_middle_root_1_2_2,SVM,鮮紅,2,19,舌根,0,0
tip_middle_root_1_2_2,SVM,鮮紅,2,31,舌右邊,1,1
tip_middle_root_1_2_2,SVM,鮮紅,2,31,舌尖,1,1
tip_middle_root_1_2_2,SVM,鮮紅,2,31,舌左邊,1,0
tip_middle_root_1_2_2,SVM,鮮紅,2,32,舌右邊,1,1
tip_middle_root_1_2_2,SVM,鮮紅,2,32,舌尖,1,1
tip_middle_root_1_2_2,SVM,鮮紅,2,32,舌左邊,1,1
tip_middle_root_1_2_2,SVM,鮮紅,2,36,舌中,0,0
tip_middle_root_1_2_2,SVM,鮮紅,2,36,舌右邊,0,0
tip_middle_root_1_2_2,SVM,鮮紅,2,36,舌尖,0,0
tip_middle_root_1_2_2,SVM,鮮紅,2,36,舌左邊,0,0
tip_middle_root_1_2_2,SVM,鮮紅,2,36,舌根,0,0
tip_middle_root_1_2_2,SVM,鮮紅,2,37,舌中,0,0
tip_middle_root_1_2_2,SVM,鮮紅,2,37,舌右邊,0,0
tip_middle_root_1_2_2,SVM,鮮紅,2,37,舌尖,0,0
tip_middle_root_1_2_2,SVM,鮮紅,2,37,舌左邊,0,0
tip_middle_root_1_2_2,SVM,鮮紅,2,37,舌根,0,0
tip_middle_root_1_2_2,SVM,鮮紅,2,50,舌中,0,0
tip_middle_root_1_2_2,SVM,鮮紅,2,50,舌右邊,0,0
tip_middle_root_1_2_2,SVM,鮮紅,2,50,舌左邊,0,0
tip_middle_root_1_2_2,SVM,鮮紅,2,50,舌根,0,0
tip_middle_root_1_2_2,SVM,鮮紅,2,74,舌中,0,0
tip_middle_root_1_2_2,SVM,鮮紅,2,74,舌右邊,0,0
tip_middle_root_1_2_2,SVM,鮮紅,2,74,舌尖,0,1
tip_middle_root_1_2_2,SVM,鮮紅,2,74,舌左邊,0,0
tip_middle_root_1_2_2,SVM,鮮紅,2,74,舌根,0,0
tip_middle_root_1_2_2,SVM,鮮紅,2,85,舌中,1,0
tip_middle_root_1_2_2,SVM,鮮紅,2,85,舌右邊,1,1
tip_middle_root_1_2_2,SVM,鮮紅,2,85,舌尖,1,1
tip_middle_root_1_2_2,SVM,鮮紅,2,85,舌左邊,1,0
tip_middle_root_1_2_2,SVM,鮮紅,2,85,舌根,1,0
tip_middle_root_1_2_2,SVM,鮮紅,3,13,舌中,0,0
tip_middle_root_1_2_2,SVM,鮮紅,3,13,舌右邊,0,1
tip_middle_root_1_2_2,SVM,鮮紅,3,13,舌左邊,0,1
tip_middle_root_1_2_2,SVM,鮮紅,3,13,舌根,0,1
tip_middle_root_1_2_2,SVM,鮮紅,3,23,舌中,0,0
tip_middle_root_1_2_2,SVM,鮮紅,3,23,舌右邊,0,0
tip_middle_root_1_2_2,SVM,鮮紅,3,23,舌尖,0,0
tip_middle_root_1_2_2,SVM,鮮紅,3,23,舌左邊,0,0
tip_middle_root_1_2_2,SVM,鮮紅,3,23,舌根,0,0
tip_middle_root_1_2_2,SVM,鮮紅,3,24,舌中,0,0
tip_middle_root_1_2_2,SVM,鮮紅,3,24,舌右邊,0,0
tip_middle_root_1_2_2,SVM,鮮紅,3,24,舌尖,0,0
tip_middle_root_1_2_2,SVM,鮮紅,3,24,舌左邊,0,1
tip_middle_root_1_2_2,SVM,鮮紅,3,24,舌根,0,0
tip_middle_root_1_2_2,SVM,鮮紅,3,34,舌右邊,1,1
tip_middle_root_1_2_2,SVM,鮮紅,3,34,舌尖,1,1
tip_middle_root_1_2_2,SVM,鮮紅,3,34,舌左邊,1,1
tip_middle_root_1_2_2,SVM,鮮紅,3,35,舌右邊,1,1
tip_middle_root_1_2_2,SVM,鮮紅,3,35,舌左邊,1,1
tip_middle_root_1_2_2,SVM,鮮紅,3,47,舌中,0,0
tip_middle_root_1_2_2,SVM,鮮紅,3,47,舌右邊,0,1
tip_middle_root_1_2_2,SVM,鮮紅,3,47,舌尖,0,1
tip_middle_root_1_2_2,SVM,鮮紅,3,47,舌左邊,0,1
tip_middle_root_1_2_2,SVM,鮮紅,3,47,舌根,0,0
tip_middle_root_1_2_2,SVM,鮮紅,3,49,舌中,0,0
tip_middle_root_1_2_2,SVM,鮮紅,3,49,舌右邊,0,0
tip_middle_root_1_2_2,SVM,鮮紅,3,49,舌尖,0,0
tip_middle_root_1_2_2,SVM,鮮紅,3,49,舌左邊,0,0
tip_middle_root_1_2_2,SVM,鮮紅,3,49,舌根,0,0
tip_middle_root_1_2_2,SVM,鮮紅,3,57,舌中,0,0
tip_middle_root_1_2_2,SVM,鮮紅,3,57,舌右邊,0,1
tip_middle_root_1_2_2,SVM,鮮紅,3,57,舌尖,0,0
tip_middle_root_1_2_2,SVM,鮮紅,3,57,舌左邊,0,0
tip_middle_root_1_2_2,SVM,鮮紅,3,57,舌根,0,0
tip_middle_root_1_2_2,SVM,鮮紅,3,6,舌中,0,0
tip_middle_root_1_2_2,SVM,鮮紅,3,6,舌尖,0,1
tip_middle_root_1_2_2,SVM,鮮紅,3,6,舌根,0,1
tip_middle_root_1_2_2,SVM,鮮紅,3,87,舌中,1,1
tip_middle_root_1_2_2,SVM,鮮紅,3,87,舌右邊,1,1
tip_middle_root_1_2_2,SVM,鮮紅,3,87,舌尖,1,1
tip_middle_root_1_2_2,SVM,鮮紅,3,87,舌左邊,1,1
tip_middle_root_1_2_2,SVM,鮮紅,3,87,舌根,1,0
tip_middle_root_1_2_2,SVM,鮮紅,4,17,舌中,0,0
tip_middle_root_1_2_2,SVM,鮮紅,4,17,舌右邊,0,1
tip_middle_root_1_2_2,SVM,鮮紅,4,17,舌尖,0,1
tip_middle_root_1_2_2,SVM,鮮紅,4,17,舌左邊,0,1
tip_middle_root_1_2_2,SVM,鮮紅,4,17,舌根,0,0
tip_middle_root_1_2_2,SVM,鮮紅,4,27,舌中,0,1
tip_middle_root_1_2_2,SVM,鮮紅,4,27,舌右邊,0,0
tip_middle_root_1_2_2,SVM,鮮紅,4,27,舌尖,0,0
tip_middle_root_1_2_2,SVM,鮮紅,4,27,舌左邊,0,0
tip_middle_root_1_2_2,SVM,鮮紅,4,27,舌根,0,0
tip_middle_root_1_2_2,SVM,鮮紅,4,29,舌中,0,0
tip_middle_root_1_2_2,SVM,鮮紅,4,29,舌右邊,0,0
tip_middle_root_1_2_2,SVM,鮮紅,4,29,舌尖,0,0
tip_middle_root_1_2_2,SVM,鮮紅,4,29,舌左邊,0,0
tip_middle_root_1_2_2,SVM,鮮紅,4,29,舌根,0,0
tip_middle_root_1_2_2,SVM,鮮紅,4,51,舌右邊,1,1
tip_middle_root_1_2_2,SVM,鮮紅,4,51,舌左邊,1,1
tip_middle_root_1_2_2,SVM,鮮紅,4,53,舌尖,1,1
tip_middle_root_1_2_2,SVM,鮮紅,4,54,舌中,0,0
tip_middle_root_1_2_2,SVM,鮮紅,4,54,舌右邊,0,0
tip_middle_root_1_2_2,SVM,鮮紅,4,54,舌尖,0,0
tip_middle_root_1_2_2,SVM,鮮紅,4,54,舌左邊,0,0
tip_middle_root_1_2_2,SVM,鮮紅,4,54,舌根,0,0
tip_middle_root_1_2_2,SVM,鮮紅,4,56,舌中,0,0
tip_middle_root_1_2_2,SVM,鮮紅,4,56,舌右邊,0,1
tip_middle_root_1_2_2,SVM,鮮紅,4,56,舌尖,0,0
tip_middle_root_1_2_2,SVM,鮮紅,4,56,舌左邊,0,0
tip_middle_root_1_2_2,SVM,鮮紅,4,56,舌根,0,0
tip_middle_root_1_2_2,SVM,鮮紅,4,59,舌中,1,0
tip_middle_root_1_2_2,SVM,鮮紅,4,59,舌右邊,1,0
tip_middle_root_1_2_2,SVM,鮮紅,4,59,舌尖,1,0
tip_middle_root_1_2_2,SVM,鮮紅,4,59,舌左邊,1,0
tip_middle_root_1_2_2,SVM,鮮紅,4,72,舌中,1,0
tip_middle_root_1_2_2,SVM,鮮紅,4,72,舌右邊,1,1
tip_middle_root_1_2_2,SVM,鮮紅,4,72,舌尖,1,1
tip_middle_root_1_2_2,SVM,鮮紅,4,72,舌左邊,1,1
tip_middle_root_1_2_2,SVM,鮮紅,4,9,舌中,0,0
tip_middle_root_1_2_2,SVM,鮮紅,4,9,舌右邊,0,0
tip_middle_root_1_2_2,SVM,鮮紅,4,9,舌左邊,0,0
tip_middle_root_1_2_2,SVM,鮮紅,4,9,舌根,0,0
tip_middle_root_1_2_2,SVM,鮮紅,5,10,舌中,1,0
tip_middle_root_1_2_2,SVM,鮮紅,5,10,舌右邊,1,1
tip_middle_root_1_2_2,SVM,鮮紅,5,10,舌尖,1,1
tip_middle_root_1_2_2,SVM,鮮紅,5,10,舌左邊,1,1
tip_middle_root_1_2_2,SVM,鮮紅,5,10,舌根,1,0
tip_middle_root_1_2_2,SVM,鮮紅,5,20,舌中,0,0
tip_middle_root_1_2_2,SVM,鮮紅,5,20,舌右邊,0,0
tip_middle_root_1_2_2,SVM,鮮紅,5,20,舌尖,0,0
tip_middle_root_1_2_2,SVM,鮮紅,5,20,舌左邊,0,0
tip_middle_root_1_2_2,SVM,鮮紅,5,20,舌根,0,0
tip_middle_root_1_2_2,SVM,鮮紅,5,26,舌中,0,0
tip_middle_root_1_2_2,SVM,鮮紅,5,26,舌尖,0,1
tip_middle_root_1_2_2,SVM,鮮紅,5,26,舌根,0,0
tip_middle_root_1_2_2,SVM,鮮紅,5,2,舌中,0,0
tip_middle_root_1_2_2,SVM,鮮紅,5,2,舌右邊,1,0
tip_middle_root_1_2_2,SVM,鮮紅,5,2,舌尖,0,1
tip_middle_root_1_2_2,SVM,鮮紅,5,2,舌左邊,1,1
tip_middle_root_1_2_2,SVM,鮮紅,5,2,舌根,0,0
tip_middle_root_1_2_2,SVM,鮮紅,5,38,舌中,0,0
tip_middle_root_1_2_2,SVM,鮮紅,5,38,舌右邊,0,0
tip_middle_root_1_2_2,SVM,鮮紅,5,38,舌尖,0,0
tip_middle_root_1_2_2,SVM,鮮紅,5,38,舌左邊,0,0
tip_middle_root_1_2_2,SVM,鮮紅,5,38,舌根,0,0
tip_middle_root_1_2_2,SVM,鮮紅,5,40,舌右邊,1,1
tip_middle_root_1_2_2,SVM,鮮紅,5,40,舌左邊,1,1
tip_middle_root_1_2_2,SVM,鮮紅,5,41,舌中,0,0
tip_middle_root_1_2_2,SVM,鮮紅,5,41,舌右邊,0,0
tip_middle_root_1_2_2,SVM,鮮紅,5,41,舌尖,0,0
tip_middle_root_1_2_2,SVM,鮮紅,5,41,舌左邊,0,0
tip_middle_root_1_2_2,SVM,鮮紅,5,41,舌根,0,0
tip_middle_root_1_2_2,SVM,鮮紅,5,42,舌右邊,1,1
tip_middle_root_1_2_2,SVM,鮮紅,5,42,舌尖,1,0
tip_middle_root_1_2_2,SVM,鮮紅,5,42,舌左邊,1,1
tip_middle_root_1_2_2,SVM,鮮紅,5,55,舌中,0,0
tip_middle_root_1_2_2,SVM,鮮紅,5,55,舌右邊,0,1
tip_middle_root_1_2_2,SVM,鮮紅,5,55,舌尖,0,0
tip_middle_root_1_2_2,SVM,鮮紅,5,55,舌左邊,0,1
tip_middle_root_1_2_2,SVM,鮮紅,5,55,舌根,0,0
tip_middle_root_1_2_2,SVM,鮮紅,5,5,舌中,0,0
tip_middle_root_1_2_2,SVM,鮮紅,5,5,舌右邊,0,0
tip_middle_root_1_2_2,SVM,鮮紅,5,5,舌尖,0,0
tip_middle_root_1_2_2,SVM,鮮紅,5,5,舌左邊,0,0
tip_middle_root_1_2_2,SVM,鮮紅,5,5,舌根,0,0
tip_middle_root_1_2_2,SVM,鮮紅,5,64,舌中,0,0
tip_middle_root_1_2_2,SVM,鮮紅,5,64,舌右邊,0,1
tip_middle_root_1_2_2,SVM,鮮紅,5,64,舌左邊,0,1
tip_middle_root_1_2_2,SVM,鮮紅,5,64,舌根,0,0
tip_middle_root_1_2_2,Random Forest,鮮紅,1,30,舌中,0,0
tip_middle_root_1_2_2,Random Forest,鮮紅,1,30,舌右邊,0,0
tip_middle_root_1_2_2,Random Forest,鮮紅,1,30,舌尖,0,0
tip_middle_root_1_2_2,Random Forest,鮮紅,1,30,舌左邊,0,0
tip_middle_root_1_2_2,Random Forest,鮮紅,1,30,舌根,0,0
tip_middle_root_1_2_2,Random Forest,鮮紅,1,45,舌中,0,0
tip_middle_root_1_2_2,Random Forest,鮮紅,1,45,舌右邊,0,0
tip_middle_root_1_2_2,Random Forest,鮮紅,1,45,舌尖,0,0
tip_middle_root_1_2_2,Random Forest,鮮紅,1,45,舌左邊,0,0
tip_middle_root_1_2_2,Random Forest,鮮紅,1,45,舌根,0,0
tip_middle_root_1_2_2,Random Forest,鮮紅,1,46,舌中,0,0
tip_middle_root_1_2_2,Random Forest,鮮紅,1,46,舌右邊,0,0
tip_middle_root_1_2_2,Random Forest,鮮紅,1,46,舌左邊,0,0
tip_middle_root_1_2_2,Random Forest,鮮紅,1,46,舌根,0,0
tip_middle_root_1_2_2,Random Forest,鮮紅,1,48,舌尖,1,1
tip_middle_root_1_2_2,Random Forest,鮮紅,1,58,舌中,0,0
tip_middle_root_1_2_2,Random Forest,鮮紅,1,58,舌右邊,0,0
tip_middle_root_1_2_2,Random Forest,鮮紅,1,58,舌尖,0,0
tip_middle_root_1_2_2,Random Forest,鮮紅,1,58,舌左邊,0,0
tip_middle_root_1_2_2,Random Forest,鮮紅,1,58,舌根,0,0
tip_middle_root_1_2_2,Random Forest,鮮紅,1,60,舌尖,1,0
tip_middle_root_1_2_2,Random Forest,鮮紅,1,70,舌中,1,1
tip_middle_root_1_2_2,Random Forest,鮮紅,1,70,舌右邊,1,1
tip_middle_root_1_2_2,Random Forest,鮮紅,1,70,舌尖,1,1
tip_middle_root_1_2_2,Random Forest,鮮紅,1,70,舌左邊,1,1
tip_middle_root_1_2_2,Random Forest,鮮紅,1,70,舌根,1,0
tip_middle_root_1_2_2,Random Forest,鮮紅,1,7,舌中,0,0
tip_middle_root_1_2_2,Random Forest,鮮紅,1,7,舌右邊,0,0
tip_middle_root_1_2_2,Random Forest,鮮紅,1,7,舌尖,0,0
tip_middle_root_1_2_2,Random Forest,鮮紅,1,7,舌左邊,0,0
tip_middle_root_1_2_2,Random Forest,鮮紅,1,7,舌根,0,0
tip_middle_root_1_2_2,Random Forest,鮮紅,1,8,舌中,0,0
tip_middle_root_1_2_2,Random Forest,鮮紅,1,8,舌右邊,0,0
tip_middle_root_1_2_2,Random Forest,鮮紅,1,8,舌尖,0,0
tip_middle_root_1_2_2,Random Forest,鮮紅,1,8,舌左邊,0,0
tip_middle_root_1_2_2,Random Forest,鮮紅,1,8,舌根,0,0
tip_middle_root_1_2_2,Random Forest,鮮紅,1,96,舌中,1,1
tip_middle_root_1_2_2,Random Forest,鮮紅,1,96,舌右邊,1,1
tip_middle_root_1_2_2,Random Forest,鮮紅,1,96,舌尖,1,1
tip_middle_root_1_2_2,Random Forest,鮮紅,1,96,舌左邊,1,1
tip_middle_root_1_2_2,Random Forest,鮮紅,2,11,舌中,0,0
tip_middle_root_1_2_2,Random Forest,鮮紅,2,11,舌右邊,0,1
tip_middle_root_1_2_2,Random Forest,鮮紅,2,11,舌尖,0,1
tip_middle_root_1_2_2,Random Forest,鮮紅,2,11,舌左邊,0,1
tip_middle_root_1_2_2,Random Forest,鮮紅,2,11,舌根,0,1
tip_middle_root_1_2_2,Random Forest,鮮紅,2,19,舌中,0,0
tip_middle_root_1_2_2,Random Forest,鮮紅,2,19,舌右邊,0,0
tip_middle_root_1_2_2,Random Forest,鮮紅,2,19,舌尖,0,0
tip_middle_root_1_2_2,Random Forest,鮮紅,2,19,舌左邊,0,0
tip_middle_root_1_2_2,Random Forest,鮮紅,2,19,舌根,0,0
tip_middle_root_1_2_2,Random Forest,鮮紅,2,31,舌右邊,1,1
tip_middle_root_1_2_2,Random Forest,鮮紅,2,31,舌尖,1,0
tip_middle_root_1_2_2,Random Forest,鮮紅,2,31,舌左邊,1,0
tip_middle_root_1_2_2,Random Forest,鮮紅,2,32,舌右邊,1,1
tip_middle_root_1_2_2,Random Forest,鮮紅,2,32,舌尖,1,1
tip_middle_root_1_2_2,Random Forest,鮮紅,2,32,舌左邊,1,1
tip_middle_root_1_2_2,Random Forest,鮮紅,2,36,舌中,0,0
tip_middle_root_1_2_2,Random Forest,鮮紅,2,36,舌右邊,0,0
tip_middle_root_1_2_2,Random Forest,鮮紅,2,36,舌尖,0,0
tip_middle_root_1_2_2,Random Forest,鮮紅,2,36,舌左邊,0,0
tip_middle_root_1_2_2,Random Forest,鮮紅,2,36,舌根,0,0
tip_middle_root_1_2_2,Random Forest,鮮紅,2,37,舌中,0,0
tip_middle_root_1_2_2,Random Forest,鮮紅,2,37,舌右邊,0,0
tip_middle_root_1_2_2,Random Forest,鮮紅,2,37,舌尖,0,0
tip_middle_root_1_2_2,Random Forest,鮮紅,2,37,舌左邊,0,0
tip_middle_root_1_2_2,Random Forest,鮮紅,2,37,舌根,0,0
tip_middle_root_1_2_2,Random Forest,鮮紅,2,50,舌中,0,0
tip_middle_root_1_2_2,Random Forest,鮮紅,2,50,舌右邊,0,0
tip_middle_root_1_2_2,Random Forest,鮮紅,2,50,舌左邊,0,0
tip_middle_root_1_2_2,Random Forest,鮮紅,2,50,舌根,0,0
tip_middle_root_1_2_2,Random Forest,鮮紅,2,74,舌中,0,0
tip_middle_root_1_2_2,Random Forest,鮮紅,2,74,舌右邊,0,0
tip_middle_root_1_2_2,Random Forest,鮮紅,2,74,舌尖,0,0
tip_middle_root_1_2_2,Random Forest,鮮紅,2,74,舌左邊,0,0
tip_middle_root_1_2_2,Random Forest,鮮紅,2,74,舌根,0,0
tip_middle_root_1_2_2,Random Forest,鮮紅,2,85,舌中,1,1
tip_middle_root_1_2_2,Random Forest,鮮紅,2,85,舌右邊,1,1
tip_middle_root_1_2_2,Random Forest,鮮紅,2,85,舌尖,1,1
tip_middle_root_1_2_2,Random Forest,鮮紅,2,85,舌左邊,1,0
tip_middle_root_1_2_2,Random Forest,鮮紅,2,85,舌根,1,1
tip_middle_root_1_2_2,Random Forest,鮮紅,3,13,舌中,0,0
tip_middle_root_1_2_2,Random Forest,鮮紅,3,13,舌右邊,0,1
tip_middle_root_1_2_2,Random Forest,鮮紅,3,13,舌左邊,0,1
tip_middle_root_1_2_2,Random Forest,鮮紅,3,13,舌根,0,0
tip_middle_root_1_2_2,Random Forest,鮮紅,3,23,舌中,0,0
tip_middle_root_1_2_2,Random Forest,鮮紅,3,23,舌右邊,0,0
tip_middle_root_1_2_2,Random Forest,鮮紅,3,23,舌尖,0,0
tip_middle_root_1_2_2,Random Forest,鮮紅,3,23,舌左邊,0,0
tip_middle_root_1_2_2,Random Forest,鮮紅,3,23,舌根,0,0
tip_middle_root_1_2_2,Random Forest,鮮紅,3,24,舌中,0,0
tip_middle_root_1_2_2,Random Forest,鮮紅,3,24,舌右邊,0,0
tip_middle_root_1_2_2,Random Forest,鮮紅,3,24,舌尖,0,0
tip_middle_root_1_2_2,Random Forest,鮮紅,3,24,舌左邊,0,1
tip_middle_root_1_2_2,Random Forest,鮮紅,3,24,舌根,0,0
tip_middle_root_1_2_2,Random Forest,鮮紅,3,34,舌右邊,1,0
tip_middle_root_1_2_2,Random Forest,鮮紅,3,34,舌尖,1,1
tip_middle_root_1_2_2,Random Forest,鮮紅,3,34,舌左邊,1,0
tip_middle_root_1_2_2,Random Forest,鮮紅,3,35,舌右邊,1,0
tip_middle_root_1_2_2,Random Forest,鮮紅,3,35,舌左邊,1,1
tip_middle_root_1_2_2,Random Forest,鮮紅,3,47,舌中,0,0
tip_middle_root_1_2_2,Random Forest,鮮紅,3,47,舌右邊,0,1
tip_middle_root_1_2_2,Random Forest,鮮紅,3,47,舌尖,0,1
tip_middle_root_1_2_2,Random Forest,鮮紅,3,47,舌左邊,0,1
tip_middle_root_1_2_2,Random Forest,鮮紅,3,47,舌根,0,0
tip_middle_root_1_2_2,Random Forest,鮮紅,3,49,舌中,0,0
tip_middle_root_1_2_2,Random Forest,鮮紅,3,49,舌右邊,0,0
tip_middle_root_1_2_2,Random Forest,鮮紅,3,49,舌尖,0,0
tip_middle_root_1_2_2,Random Forest,鮮紅,3,49,舌左邊,0,0
tip_middle_root_1_2_2,Random Forest,鮮紅,3,49,舌根,0,0
tip_middle_root_1_2_2,Random Forest,鮮紅,3,57,舌中,0,0
tip_middle_root_1_2_2,Random Forest,鮮紅,3,57,舌右邊,0,0
tip_middle_root_1_2_2,Random Forest,鮮紅,3,57,舌尖,0,0
tip_middle_root_1_2_2,Random Forest,鮮紅,3,57,舌左邊,0,0
tip_middle_root_1_2_2,Random Forest,鮮紅,3,57,舌根,0,0
tip_middle_root_1_2_2,Random Forest,鮮紅,3,6,舌中,0,0
tip_middle_root_1_2_2,Random Forest,鮮紅,3,6,舌尖,0,0
tip_middle_root_1_2_2,Random Forest,鮮紅,3,6,舌根,0,0
tip_middle_root_1_2_2,Random Forest,鮮紅,3,87,舌中,1,1
tip_middle_root_1_2_2,Random Forest,鮮紅,3,87,舌右邊,1,1
tip_middle_root_1_2_2,Random Forest,鮮紅,3,87,舌尖,1,1
tip_middle_root_1_2_2,Random Forest,鮮紅,3,87,舌左邊,1,1
tip_middle_root_1_2_2,Random Forest,鮮紅,3,87,舌根,1,1
tip_middle_root_1_2_2,Random Forest,鮮紅,4,17,舌中,0,0
tip_middle_root_1_2_2,Random Forest,鮮紅,4,17,舌右邊,0,1
tip_middle_root_1_2_2,Random Forest,鮮紅,4,17,舌尖,0,1
tip_middle_root_1_2_2,Random Forest,鮮紅,4,17,舌左邊,0,1
tip_middle_root_1_2_2,Random Forest,鮮紅,4,17,舌根,0,0
tip_middle_root_1_2_2,Random Forest,鮮紅,4,27,舌中,0,0
tip_middle_root_1_2_2,Random Forest,鮮紅,4,27,舌右邊,0,0
tip_middle_root_1_2_2,Random Forest,鮮紅,4,27,舌尖,0,0
tip_middle_root_1_2_2,Random Forest,鮮紅,4,27,舌左邊,0,0
tip_middle_root_1_2_2,Random Forest,鮮紅,4,27,舌根,0,0
tip_middle_root_1_2_2,Random Forest,鮮紅,4,29,舌中,0,0
tip_middle_root_1_2_2,Random Forest,鮮紅,4,29,舌右邊,0,0
tip_middle_root_1_2_2,Random Forest,鮮紅,4,29,舌尖,0,0
tip_middle_root_1_2_2,Random Forest,鮮紅,4,29,舌左邊,0,0
tip_middle_root_1_2_2,Random Forest,鮮紅,4,29,舌根,0,0
tip_middle_root_1_2_2,Random Forest,鮮紅,4,51,舌右邊,1,1
tip_middle_root_1_2_2,Random Forest,鮮紅,4,51,舌左邊,1,1
tip_middle_root_1_2_2,Random Forest,鮮紅,4,53,舌尖,1,1
tip_middle_root_1_2_2,Random Forest,鮮紅,4,54,舌中,0,0
tip_middle_root_1_2_2,Random Forest,鮮紅,4,54,舌右邊,0,0
tip_middle_root_1_2_2,Random Forest,鮮紅,4,54,舌尖,0,0
tip_middle_root_1_2_2,Random Forest,鮮紅,4,54,舌左邊,0,0
tip_middle_root_1_2_2,Random Forest,鮮紅,4,54,舌根,0,0
tip_middle_root_1_2_2,Random Forest,鮮紅,4,56,舌中,0,0
tip_middle_root_1_2_2,Random Forest,鮮紅,4,56,舌右邊,0,1
tip_middle_root_1_2_2,Random Forest,鮮紅,4,56,舌尖,0,1
tip_middle_root_1_2_2,Random Forest,鮮紅,4,56,舌左邊,0,0
tip_middle_root_1_2_2,Random Forest,鮮紅,4,56,舌根,0,0
tip_middle_root_1_2_2,Random Forest,鮮紅,4,59,舌中,1,0
tip_middle_root_1_2_2,Random Forest,鮮紅,4,59,舌右邊,1,0
tip_middle_root_1_2_2,Random Forest,鮮紅,4,59,舌尖,1,0
tip_middle_root_1_2_2,Random Forest,鮮紅,4,59,舌左邊,1,0
tip_middle_root_1_2_2,Random Forest,鮮紅,4,72,舌中,1,0
tip_middle_root_1_2_2,Random Forest,鮮紅,4,72,舌右邊,1,1
tip_middle_root_1_2_2,Random Forest,鮮紅,4,72,舌尖,1,1
tip_middle_root_1_2_2,Random Forest,鮮紅,4,72,舌左邊,1,1
tip_middle_root_1_2_2,Random Forest,鮮紅,4,9,舌中,0,0
tip_middle_root_1_2_2,Random Forest,鮮紅,4,9,舌右邊,0,0
tip_middle_root_1_2_2,Random Forest,鮮紅,4,9,舌左邊,0,0
tip_middle_root_1_2_2,Random Forest,鮮紅,4,9,舌根,0,0
tip_middle_root_1_2_2,Random Forest,鮮紅,5,10,舌中,1,0
tip_middle_root_1_2_2,Random Forest,鮮紅,5,10,舌右邊,1,1
tip_middle_root_1_2_2,Random Forest,鮮紅,5,10,舌尖,1,1
tip_middle_root_1_2_2,Random Forest,鮮紅,5,10,舌左邊,1,1
tip_middle_root_1_2_2,Random Forest,鮮紅,5,10,舌根,1,0
tip_middle_root_1_2_2,Random Forest,鮮紅,5,20,舌中,0,0
tip_middle_root_1_2_2,Random Forest,鮮紅,5,20,舌右邊,0,0
tip_middle_root_1_2_2,Random Forest,鮮紅,5,20,舌尖,0,0
tip_middle_root_1_2_2,Random Forest,鮮紅,5,20,舌左邊,0,0
tip_middle_root_1_2_2,Random Forest,鮮紅,5,20,舌根,0,0
tip_middle_root_1_2_2,Random Forest,鮮紅,5,26,舌中,0,0
tip_middle_root_1_2_2,Random Forest,鮮紅,5,26,舌尖,0,1
tip_middle_root_1_2_2,Random Forest,鮮紅,5,26,舌根,0,0
tip_middle_root_1_2_2,Random Forest,鮮紅,5,2,舌中,0,0
tip_middle_root_1_2_2,Random Forest,鮮紅,5,2,舌右邊,1,1
tip_middle_root_1_2_2,Random Forest,鮮紅,5,2,舌尖,0,1
tip_middle_root_1_2_2,Random Forest,鮮紅,5,2,舌左邊,1,1
tip_middle_root_1_2_2,Random Forest,鮮紅,5,2,舌根,0,1
tip_middle_root_1_2_2,Random Forest,鮮紅,5,38,舌中,0,0
tip_middle_root_1_2_2,Random Forest,鮮紅,5,38,舌右邊,0,0
tip_middle_root_1_2_2,Random Forest,鮮紅,5,38,舌尖,0,0
tip_middle_root_1_2_2,Random Forest,鮮紅,5,38,舌左邊,0,0
tip_middle_root_1_2_2,Random Forest,鮮紅,5,38,舌根,0,0
tip_middle_root_1_2_2,Random Forest,鮮紅,5,40,舌右邊,1,1
tip_middle_root_1_2_2,Random Forest,鮮紅,5,40,舌左邊,1,1
tip_middle_root_1_2_2,Random Forest,鮮紅,5,41,舌中,0,0
tip_middle_root_1_2_2,Random Forest,鮮紅,5,41,舌右邊,0,0
tip_middle_root_1_2_2,Random Forest,鮮紅,5,41,舌尖,0,0
tip_middle_root_1_2_2,Random Forest,鮮紅,5,41,舌左邊,0,0
tip_middle_root_1_2_2,Random Forest,鮮紅,5,41,舌根,0,0
tip_middle_root_1_2_2,Random Forest,鮮紅,5,42,舌右邊,1,1
tip_middle_root_1_2_2,Random Forest,鮮紅,5,42,舌尖,1,0
tip_middle_root_1_2_2,Random Forest,鮮紅,5,42,舌左邊,1,0
tip_middle_root_1_2_2,Random Forest,鮮紅,5,55,舌中,0,0
tip_middle_root_1_2_2,Random Forest,鮮紅,5,55,舌右邊,0,1
tip_middle_root_1_2_2,Random Forest,鮮紅,5,55,舌尖,0,0
tip_middle_root_1_2_2,Random Forest,鮮紅,5,55,舌左邊,0,1
tip_middle_root_1_2_2,Random Forest,鮮紅,5,55,舌根,0,0
tip_middle_root_1_2_2,Random Forest,鮮紅,5,5,舌中,0,0
tip_middle_root_1_2_2,Random Forest,鮮紅,5,5,舌右邊,0,0
tip_middle_root_1_2_2,Random Forest,鮮紅,5,5,舌尖,0,0
tip_middle_root_1_2_2,Random Forest,鮮紅,5,5,舌左邊,0,0
tip_middle_root_1_2_2,Random Forest,鮮紅,5,5,舌根,0,0
tip_middle_root_1_2_2,Random Forest,鮮紅,5,64,舌中,0,0
tip_middle_root_1_2_2,Random Forest,鮮紅,5,64,舌右邊,0,0
tip_middle_root_1_2_2,Random Forest,鮮紅,5,64,舌左邊,0,0
tip_middle_root_1_2_2,Random Forest,鮮紅,5,64,舌根,0,0
tip_middle_root_1_3_1,SVM,鮮紅,1,30,舌中,0,0
tip_middle_root_1_3_1,SVM,鮮紅,1,30,舌右邊,0,0
tip_middle_root_1_3_1,SVM,鮮紅,1,30,舌尖,0,1
tip_middle_root_1_3_1,SVM,鮮紅,1,30,舌左邊,0,0
tip_middle_root_1_3_1,SVM,鮮紅,1,30,舌根,0,0
tip_middle_root_1_3_1,SVM,鮮紅,1,45,舌中,0,0
tip_middle_root_1_3_1,SVM,鮮紅,1,45,舌右邊,0,0
tip_middle_root_1_3_1,SVM,鮮紅,1,45,舌尖,0,0
tip_middle_root_1_3_1,SVM,鮮紅,1,45,舌左邊,0,0
tip_middle_root_1_3_1,SVM,鮮紅,1,45,舌根,0,0
tip_middle_root_1_3_1,SVM,鮮紅,1,46,舌中,0,0
tip_middle_root_1_3_1,SVM,鮮紅,1,46,舌右邊,0,0
tip_middle_root_1_3_1,SVM,鮮紅,1,46,舌左邊,0,0
tip_middle_root_1_3_1,SVM,鮮紅,1,46,舌根,0,0
tip_middle_root_1_3_1,SVM,鮮紅,1,48,舌尖,1,1
tip_middle_root_1_3_1,SVM,鮮紅,1,58,舌中,0,0
tip_middle_root_1_3_1,SVM,鮮紅,1,58,舌右邊,0,0
tip_middle_root_1_3_1,SVM,鮮紅,1,58,舌尖,0,0
tip_middle_root_1_3_1,SVM,鮮紅,1,58,舌左邊,0,0
tip_middle_root_1_3_1,SVM,鮮紅,1,58,舌根,0,0
tip_middle_root_1_3_1,SVM,鮮紅,1,60,舌尖,1,1
tip_middle_root_1_3_1,SVM,鮮紅,1,70,舌中,1,1
tip_middle_root_1_3_1,SVM,鮮紅,1,70,舌右邊,1,1
tip_middle_root_1_3_1,SVM,鮮紅,1,70,舌尖,1,1
tip_middle_root_1_3_1,SVM,鮮紅,1,70,舌左邊,1,1
tip_middle_root_1_3_1,SVM,鮮紅,1,70,舌根,1,0
tip_middle_root_1_3_1,SVM,鮮紅,1,7,舌中,0,0
tip_middle_root_1_3_1,SVM,鮮紅,1,7,舌右邊,0,0
tip_middle_root_1_3_1,SVM,鮮紅,1,7,舌尖,0,0
tip_middle_root_1_3_1,SVM,鮮紅,1,7,舌左邊,0,0
tip_middle_root_1_3_1,SVM,鮮紅,1,7,舌根,0,0
tip_middle_root_1_3_1,SVM,鮮紅,1,8,舌中,0,0
tip_middle_root_1_3_1,SVM,鮮紅,1,8,舌右邊,0,0
tip_middle_root_1_3_1,SVM,鮮紅,1,8,舌尖,0,0
tip_middle_root_1_3_1,SVM,鮮紅,1,8,舌左邊,0,0
tip_middle_root_1_3_1,SVM,鮮紅,1,8,舌根,0,0
tip_middle_root_1_3_1,SVM,鮮紅,1,96,舌中,1,1
tip_middle_root_1_3_1,SVM,鮮紅,1,96,舌右邊,1,1
tip_middle_root_1_3_1,SVM,鮮紅,1,96,舌尖,1,1
tip_middle_root_1_3_1,SVM,鮮紅,1,96,舌左邊,1,1
tip_middle_root_1_3_1,SVM,鮮紅,2,11,舌中,0,0
tip_middle_root_1_3_1,SVM,鮮紅,2,11,舌右邊,0,1
tip_middle_root_1_3_1,SVM,鮮紅,2,11,舌尖,0,1
tip_middle_root_1_3_1,SVM,鮮紅,2,11,舌左邊,0,1
tip_middle_root_1_3_1,SVM,鮮紅,2,11,舌根,0,0
tip_middle_root_1_3_1,SVM,鮮紅,2,19,舌中,0,0
tip_middle_root_1_3_1,SVM,鮮紅,2,19,舌右邊,0,0
tip_middle_root_1_3_1,SVM,鮮紅,2,19,舌尖,0,0
tip_middle_root_1_3_1,SVM,鮮紅,2,19,舌左邊,0,0
tip_middle_root_1_3_1,SVM,鮮紅,2,19,舌根,0,0
tip_middle_root_1_3_1,SVM,鮮紅,2,31,舌右邊,1,1
tip_middle_root_1_3_1,SVM,鮮紅,2,31,舌尖,1,1
tip_middle_root_1_3_1,SVM,鮮紅,2,31,舌左邊,1,1
tip_middle_root_1_3_1,SVM,鮮紅,2,32,舌右邊,1,1
tip_middle_root_1_3_1,SVM,鮮紅,2,32,舌尖,1,1
tip_middle_root_1_3_1,SVM,鮮紅,2,32,舌左邊,1,1
tip_middle_root_1_3_1,SVM,鮮紅,2,36,舌中,0,0
tip_middle_root_1_3_1,SVM,鮮紅,2,36,舌右邊,0,0
tip_middle_root_1_3_1,SVM,鮮紅,2,36,舌尖,0,0
tip_middle_root_1_3_1,SVM,鮮紅,2,36,舌左邊,0,0
tip_middle_root_1_3_1,SVM,鮮紅,2,36,舌根,0,0
tip_middle_root_1_3_1,SVM,鮮紅,2,37,舌中,0,0
tip_middle_root_1_3_1,SVM,鮮紅,2,37,舌右邊,0,0
tip_middle_root_1_3_1,SVM,鮮紅,2,37,舌尖,0,0
tip_middle_root_1_3_1,SVM,鮮紅,2,37,舌左邊,0,0
tip_middle_root_1_3_1,SVM,鮮紅,2,37,舌根,0,0
tip_middle_root_1_3_1,SVM,鮮紅,2,50,舌中,0,0
tip_middle_root_1_3_1,SVM,鮮紅,2,50,舌右邊,0,0
tip_middle_root_1_3_1,SVM,鮮紅,2,50,舌左邊,0,0
tip_middle_root_1_3_1,SVM,鮮紅,2,50,舌根,0,0
tip_middle_root_1_3_1,SVM,鮮紅,2,74,舌中,0,0
tip_middle_root_1_3_1,SVM,鮮紅,2,74,舌右邊,0,0
tip_middle_root_1_3_1,SVM,鮮紅,2,74,舌尖,0,1
tip_middle_root_1_3_1,SVM,鮮紅,2,74,舌左邊,0,0
tip_middle_root_1_3_1,SVM,鮮紅,2,74,舌根,0,0
tip_middle_root_1_3_1,SVM,鮮紅,2,85,舌中,1,0
tip_middle_root_1_3_1,SVM,鮮紅,2,85,舌右邊,1,1
tip_middle_root_1_3_1,SVM,鮮紅,2,85,舌尖,1,1
tip_middle_root_1_3_1,SVM,鮮紅,2,85,舌左邊,1,0
tip_middle_root_1_3_1,SVM,鮮紅,2,85,舌根,1,0
tip_middle_root_1_3_1,SVM,鮮紅,3,13,舌中,0,0
tip_middle_root_1_3_1,SVM,鮮紅,3,13,舌右邊,0,1
tip_middle_root_1_3_1,SVM,鮮紅,3,13,舌左邊,0,1
tip_middle_root_1_3_1,SVM,鮮紅,3,13,舌根,0,1
tip_middle_root_1_3_1,SVM,鮮紅,3,23,舌中,0,0
tip_middle_root_1_3_1,SVM,鮮紅,3,23,舌右邊,0,0
tip_middle_root_1_3_1,SVM,鮮紅,3,23,舌尖,0,0
tip_middle_root_1_3_1,SVM,鮮紅,3,23,舌左邊,0,0
tip_middle_root_1_3_1,SVM,鮮紅,3,23,舌根,0,0
tip_middle_root_1_3_1,SVM,鮮紅,3,24,舌中,0,0
tip_middle_root_1_3_1,SVM,鮮紅,3,24,舌右邊,0,0
tip_middle_root_1_3_1,SVM,鮮紅,3,24,舌尖,0,0
tip_middle_root_1_3_1,SVM,鮮紅,3,24,舌左邊,0,0
tip_middle_root_1_3_1,SVM,鮮紅,3,24,舌根,0,0
tip_middle_root_1_3_1,SVM,鮮紅,3,34,舌右邊,1,1
tip_middle_root_1_3_1,SVM,鮮紅,3,34,舌尖,1,1
tip_middle_root_1_3_1,SVM,鮮紅,3,34,舌左邊,1,0
tip_middle_root_1_3_1,SVM,鮮紅,3,35,舌右邊,1,1
tip_middle_root_1_3_1,SVM,鮮紅,3,35,舌左邊,1,1
tip_middle_root_1_3_1,SVM,鮮紅,3,47,舌中,0,0
tip_middle_root_1_3_1,SVM,鮮紅,3,47,舌右邊,0,0
tip_middle_root_1_3_1,SVM,鮮紅,3,47,舌尖,0,1
tip_middle_root_1_3_1,SVM,鮮紅,3,47,舌左邊,0,1
tip_middle_root_1_3_1,SVM,鮮紅,3,47,舌根,0,0
tip_middle_root_1_3_1,SVM,鮮紅,3,49,舌中,0,0
tip_middle_root_1_3_1,SVM,鮮紅,3,49,舌右邊,0,0
tip_middle_root_1_3_1,SVM,鮮紅,3,49,舌尖,0,0
tip_middle_root_1_3_1,SVM,鮮紅,3,49,舌左邊,0,0
tip_middle_root_1_3_1,SVM,鮮紅,3,49,舌根,0,0
tip_middle_root_1_3_1,SVM,鮮紅,3,57,舌中,0,0
tip_middle_root_1_3_1,SVM,鮮紅,3,57,舌右邊,0,0
tip_middle_root_1_3_1,SVM,鮮紅,3,57,舌尖,0,0
tip_middle_root_1_3_1,SVM,鮮紅,3,57,舌左邊,0,0
tip_middle_root_1_3_1,SVM,鮮紅,3,57,舌根,0,0
tip_middle_root_1_3_1,SVM,鮮紅,3,6,舌中,0,0
tip_middle_root_1_3_1,SVM,鮮紅,3,6,舌尖,0,1
tip_middle_root_1_3_1,SVM,鮮紅,3,6,舌根,0,1
tip_middle_root_1_3_1,SVM,鮮紅,3,87,舌中,1,1
tip_middle_root_1_3_1,SVM,鮮紅,3,87,舌右邊,1,1
tip_middle_root_1_3_1,SVM,鮮紅,3,87,舌尖,1,1
tip_middle_root_1_3_1,SVM,鮮紅,3,87,舌左邊,1,1
tip_middle_root_1_3_1,SVM,鮮紅,3,87,舌根,1,0
tip_middle_root_1_3_1,SVM,鮮紅,4,17,舌中,0,0
tip_middle_root_1_3_1,SVM,鮮紅,4,17,舌右邊,0,1
tip_middle_root_1_3_1,SVM,鮮紅,4,17,舌尖,0,1
tip_middle_root_1_3_1,SVM,鮮紅,4,17,舌左邊,0,1
tip_middle_root_1_3_1,SVM,鮮紅,4,17,舌根,0,0
tip_middle_root_1_3_1,SVM,鮮紅,4,27,舌中,0,0
tip_middle_root_1_3_1,SVM,鮮紅,4,27,舌右邊,0,0
tip_middle_root_1_3_1,SVM,鮮紅,4,27,舌尖,0,0
tip_middle_root_1_3_1,SVM,鮮紅,4,27,舌左邊,0,0
tip_middle_root_1_3_1,SVM,鮮紅,4,27,舌根,0,0
tip_middle_root_1_3_1,SVM,鮮紅,4,29,舌中,0,0
tip_middle_root_1_3_1,SVM,鮮紅,4,29,舌右邊,0,0
tip_middle_root_1_3_1,SVM,鮮紅,4,29,舌尖,0,0
tip_middle_root_1_3_1,SVM,鮮紅,4,29,舌左邊,0,0
tip_middle_root_1_3_1,SVM,鮮紅,4,29,舌根,0,0
tip_middle_root_1_3_1,SVM,鮮紅,4,51,舌右邊,1,1
tip_middle_root_1_3_1,SVM,鮮紅,4,51,舌左邊,1,1
tip_middle_root_1_3_1,SVM,鮮紅,4,53,舌尖,1,1
tip_middle_root_1_3_1,SVM,鮮紅,4,54,舌中,0,0
tip_middle_root_1_3_1,SVM,鮮紅,4,54,舌右邊,0,0
tip_middle_root_1_3_1,SVM,鮮紅,4,54,舌尖,0,0
tip_middle_root_1_3_1,SVM,鮮紅,4,54,舌左邊,0,0
tip_middle_root_1_3_1,SVM,鮮紅,4,54,舌根,0,0
tip_middle_root_1_3_1,SVM,鮮紅,4,56,舌中,0,0
tip_middle_root_1_3_1,SVM,鮮紅,4,56,舌右邊,0,1
tip_middle_root_1_3_1,SVM,鮮紅,4,56,舌尖,0,1
tip_middle_root_1_3_1,SVM,鮮紅,4,56,舌左邊,0,0
tip_middle_root_1_3_1,SVM,鮮紅,4,56,舌根,0,0
tip_middle_root_1_3_1,SVM,鮮紅,4,59,舌中,1,0
tip_middle_root_1_3_1,SVM,鮮紅,4,59,舌右邊,1,0
tip_middle_root_1_3_1,SVM,鮮紅,4,59,舌尖,1,1
tip_middle_root_1_3_1,SVM,鮮紅,4,59,舌左邊,1,0
tip_middle_root_1_3_1,SVM,鮮紅,4,72,舌中,1,0
tip_middle_root_1_3_1,SVM,鮮紅,4,72,舌右邊,1,1
tip_middle_root_1_3_1,SVM,鮮紅,4,72,舌尖,1,1
tip_middle_root_1_3_1,SVM,鮮紅,4,72,舌左邊,1,1
tip_middle_root_1_3_1,SVM,鮮紅,4,9,舌中,0,0
tip_middle_root_1_3_1,SVM,鮮紅,4,9,舌右邊,0,0
tip_middle_root_1_3_1,SVM,鮮紅,4,9,舌左邊,0,0
tip_middle_root_1_3_1,SVM,鮮紅,4,9,舌根,0,0
tip_middle_root_1_3_1,SVM,鮮紅,5,10,舌中,1,0
tip_middle_root_1_3_1,SVM,鮮紅,5,10,舌右邊,1,1
tip_middle_root_1_3_1,SVM,鮮紅,5,10,舌尖,1,1
tip_middle_root_1_3_1,SVM,鮮紅,5,10,舌左邊,1,1
tip_middle_root_1_3_1,SVM,鮮紅,5,10,舌根,1,0
tip_middle_root_1_3_1,SVM,鮮紅,5,20,舌中,0,0
tip_middle_root_1_3_1,SVM,鮮紅,5,20,舌右邊,0,0
tip_middle_root_1_3_1,SVM,鮮紅,5,20,舌尖,0,0
tip_middle_root_1_3_1,SVM,鮮紅,5,20,舌左邊,0,0
tip_middle_root_1_3_1,SVM,鮮紅,5,20,舌根,0,0
tip_middle_root_1_3_1,SVM,鮮紅,5,26,舌中,0,0
tip_middle_root_1_3_1,SVM,鮮紅,5,26,舌尖,0,1
tip_middle_root_1_3_1,SVM,鮮紅,5,26,舌根,0,0
tip_middle_root_1_3_1,SVM,鮮紅,5,2,舌中,0,0
tip_middle_root_1_3_1,SVM,鮮紅,5,2,舌右邊,1,0
tip_middle_root_1_3_1,SVM,鮮紅,5,2,舌尖,0,1
tip_middle_root_1_3_1,SVM,鮮紅,5,2,舌左邊,1,1
tip_middle_root_1_3_1,SVM,鮮紅,5,2,舌根,0,0
tip_middle_root_1_3_1,SVM,鮮紅,5,38,舌中,0,0
tip_middle_root_1_3_1,SVM,鮮紅,5,38,舌右邊,0,0
tip_middle_root_1_3_1,SVM,鮮紅,5,38,舌尖,0,0
tip_middle_root_1_3_1,SVM,鮮紅,5,38,舌左邊,0,0
tip_middle_root_1_3_1,SVM,鮮紅,5,38,舌根,0,0
tip_middle_root_1_3_1,SVM,鮮紅,5,40,舌右邊,1,1
tip_middle_root_1_3_1,SVM,鮮紅,5,40,舌左邊,1,1
tip_middle_root_1_3_1,SVM,鮮紅,5,41,舌中,0,0
tip_middle_root_1_3_1,SVM,鮮紅,5,41,舌右邊,0,0
tip_middle_root_1_3_1,SVM,鮮紅,5,41,舌尖,0,0
tip_middle_root_1_3_1,SVM,鮮紅,5,41,舌左邊,0,0
tip_middle_root_1_3_1,SVM,鮮紅,5,41,舌根,0,0
tip_middle_root_1_3_1,SVM,鮮紅,5,42,舌右邊,1,1
tip_middle_root_1_3_1,SVM,鮮紅,5,42,舌尖,1,0
tip_middle_root_1_3_1,SVM,鮮紅,5,42,舌左邊,1,0
tip_middle_root_1_3_1,SVM,鮮紅,5,55,舌中,0,0
tip_middle_root_1_3_1,SVM,鮮紅,5,55,舌右邊,0,1
tip_middle_root_1_3_1,SVM,鮮紅,5,55,舌尖,0,0
tip_middle_root_1_3_1,SVM,鮮紅,5,55,舌左邊,0,1
tip_middle_root_1_3_1,SVM,鮮紅,5,55,舌根,0,0
tip_middle_root_1_3_1,SVM,鮮紅,5,5,舌中,0,0
tip_middle_root_1_3_1,SVM,鮮紅,5,5,舌右邊,0,0
tip_middle_root_1_3_1,SVM,鮮紅,5,5,舌尖,0,0
tip_middle_root_1_3_1,SVM,鮮紅,5,5,舌左邊,0,0
tip_middle_root_1_3_1,SVM,鮮紅,5,5,舌根,0,0
tip_middle_root_1_3_1,SVM,鮮紅,5,64,舌中,0,0
tip_middle_root_1_3_1,SVM,鮮紅,5,64,舌右邊,0,1
tip_middle_root_1_3_1,SVM,鮮紅,5,64,舌左邊,0,1
tip_middle_root_1_3_1,SVM,鮮紅,5,64,舌根,0,0
tip_middle_root_1_3_1,Random Forest,鮮紅,1,30,舌中,0,0
tip_middle_root_1_3_1,Random Forest,鮮紅,1,30,舌右邊,0,0
tip_middle_root_1_3_1,Random Forest,鮮紅,1,30,舌尖,0,0
tip_middle_root_1_3_1,Random Forest,鮮紅,1,30,舌左邊,0,0
tip_middle_root_1_3_1,Random Forest,鮮紅,1,30,舌根,0,0
tip_middle_root_1_3_1,Random Forest,鮮紅,1,45,舌中,0,0
tip_middle_root_1_3_1,Random Forest,鮮紅,1,45,舌右邊,0,0
tip_middle_root_1_3_1,Random Forest,鮮紅,1,45,舌尖,0,0
tip_middle_root_1_3_1,Random Forest,鮮紅,1,45,舌左邊,0,0
tip_middle_root_1_3_1,Random Forest,鮮紅,1,45,舌根,0,0
tip_middle_root_1_3_1,Random Forest,鮮紅,1,46,舌中,0,0
tip_middle_root_1_3_1,Random Forest,鮮紅,1,46,舌右邊,0,0
tip_middle_root_1_3_1,Random Forest,鮮紅,1,46,舌左邊,0,0
tip_middle_root_1_3_1,Random Forest,鮮紅,1,46,舌根,0,0
tip_middle_root_1_3_1,Random Forest,鮮紅,1,48,舌尖,1,1
tip_middle_root_1_3_1,Random Forest,鮮紅,1,58,舌中,0,0
tip_middle_root_1_3_1,Random Forest,鮮紅,1,58,舌右邊,0,0
tip_middle_root_1_3_1,Random Forest,鮮紅,1,58,舌尖,0,0
tip_middle_root_1_3_1,Random Forest,鮮紅,1,58,舌左邊,0,0
tip_middle_root_1_3_1,Random Forest,鮮紅,1,58,舌根,0,0
tip_middle_root_1_3_1,Random Forest,鮮紅,1,60,舌尖,1,0
tip_middle_root_1_3_1,Random Forest,鮮紅,1,70,舌中,1,1
tip_middle_root_1_3_1,Random Forest,鮮紅,1,70,舌右邊,1,1
tip_middle_root_1_3_1,Random Forest,鮮紅,1,70,舌尖,1,1
tip_middle_root_1_3_1,Random Forest,鮮紅,1,70,舌左邊,1,1
tip_middle_root_1_3_1,Random Forest,鮮紅,1,70,舌根,1,0
tip_middle_root_1_3_1,Random Forest,鮮紅,1,7,舌中,0,0
tip_middle_root_1_3_1,Random Forest,鮮紅,1,7,舌右邊,0,0
tip_middle_root_1_3_1,Random Forest,鮮紅,1,7,舌尖,0,0
tip_middle_root_1_3_1,Random Forest,鮮紅,1,7,舌左邊,0,0
tip_middle_root_1_3_1,Random Forest,鮮紅,1,7,舌根,0,0
tip_middle_root_1_3_1,Random Forest,鮮紅,1,8,舌中,0,0
tip_middle_root_1_3_1,Random Forest,鮮紅,1,8,舌右邊,0,0
tip_middle_root_1_3_1,Random Forest,鮮紅,1,8,舌尖,0,0
tip_middle_root_1_3_1,Random Forest,鮮紅,1,8,舌左邊,0,0
tip_middle_root_1_3_1,Random Forest,鮮紅,1,8,舌根,0,0
tip_middle_root_1_3_1,Random Forest,鮮紅,1,96,舌中,1,0
tip_middle_root_1_3_1,Random Forest,鮮紅,1,96,舌右邊,1,1
tip_middle_root_1_3_1,Random Forest,鮮紅,1,96,舌尖,1,1
tip_middle_root_1_3_1,Random Forest,鮮紅,1,96,舌左邊,1,1
tip_middle_root_1_3_1,Random Forest,鮮紅,2,11,舌中,0,0
tip_middle_root_1_3_1,Random Forest,鮮紅,2,11,舌右邊,0,1
tip_middle_root_1_3_1,Random Forest,鮮紅,2,11,舌尖,0,1
tip_middle_root_1_3_1,Random Forest,鮮紅,2,11,舌左邊,0,1
tip_middle_root_1_3_1,Random Forest,鮮紅,2,11,舌根,0,1
tip_middle_root_1_3_1,Random Forest,鮮紅,2,19,舌中,0,0
tip_middle_root_1_3_1,Random Forest,鮮紅,2,19,舌右邊,0,0
tip_middle_root_1_3_1,Random Forest,鮮紅,2,19,舌尖,0,0
tip_middle_root_1_3_1,Random Forest,鮮紅,2,19,舌左邊,0,0
tip_middle_root_1_3_1,Random Forest,鮮紅,2,19,舌根,0,0
tip_middle_root_1_3_1,Random Forest,鮮紅,2,31,舌右邊,1,1
tip_middle_root_1_3_1,Random Forest,鮮紅,2,31,舌尖,1,1
tip_middle_root_1_3_1,Random Forest,鮮紅,2,31,舌左邊,1,0
tip_middle_root_1_3_1,Random Forest,鮮紅,2,32,舌右邊,1,1
tip_middle_root_1_3_1,Random Forest,鮮紅,2,32,舌尖,1,1
tip_middle_root_1_3_1,Random Forest,鮮紅,2,32,舌左邊,1,1
tip_middle_root_1_3_1,Random Forest,鮮紅,2,36,舌中,0,0
tip_middle_root_1_3_1,Random Forest,鮮紅,2,36,舌右邊,0,0
tip_middle_root_1_3_1,Random Forest,鮮紅,2,36,舌尖,0,0
tip_middle_root_1_3_1,Random Forest,鮮紅,2,36,舌左邊,0,0
tip_middle_root_1_3_1,Random Forest,鮮紅,2,36,舌根,0,0
tip_middle_root_1_3_1,Random Forest,鮮紅,2,37,舌中,0,0
tip_middle_root_1_3_1,Random Forest,鮮紅,2,37,舌右邊,0,0
tip_middle_root_1_3_1,Random Forest,鮮紅,2,37,舌尖,0,0
tip_middle_root_1_3_1,Random Forest,鮮紅,2,37,舌左邊,0,0
tip_middle_root_1_3_1,Random Forest,鮮紅,2,37,舌根,0,0
tip_middle_root_1_3_1,Random Forest,鮮紅,2,50,舌中,0,0
tip_middle_root_1_3_1,Random Forest,鮮紅,2,50,舌右邊,0,0
tip_middle_root_1_3_1,Random Forest,鮮紅,2,50,舌左邊,0,0
tip_middle_root_1_3_1,Random Forest,鮮紅,2,50,舌根,0,0
tip_middle_root_1_3_1,Random Forest,鮮紅,2,74,舌中,0,0
tip_middle_root_1_3_1,Random Forest,鮮紅,2,74,舌右邊,0,0
tip_middle_root_1_3_1,Random Forest,鮮紅,2,74,舌尖,0,0
tip_middle_root_1_3_1,Random Forest,鮮紅,2,74,舌左邊,0,0
tip_middle_root_1_3_1,Random Forest,鮮紅,2,74,舌根,0,0
tip_middle_root_1_3_1,Random Forest,鮮紅,2,85,舌中,1,0
tip_middle_root_1_3_1,Random Forest,鮮紅,2,85,舌右邊,1,1
tip_middle_root_1_3_1,Random Forest,鮮紅,2,85,舌尖,1,1
tip_middle_root_1_3_1,Random Forest,鮮紅,2,85,舌左邊,1,1
tip_middle_root_1_3_1,Random Forest,鮮紅,2,85,舌根,1,0
tip_middle_root_1_3_1,Random Forest,鮮紅,3,13,舌中,0,0
tip_middle_root_1_3_1,Random Forest,鮮紅,3,13,舌右邊,0,1
tip_middle_root_1_3_1,Random Forest,鮮紅,3,13,舌左邊,0,1
tip_middle_root_1_3_1,Random Forest,鮮紅,3,13,舌根,0,0
tip_middle_root_1_3_1,Random Forest,鮮紅,3,23,舌中,0,0
tip_middle_root_1_3_1,Random Forest,鮮紅,3,23,舌右邊,0,0
tip_middle_root_1_3_1,Random Forest,鮮紅,3,23,舌尖,0,0
tip_middle_root_1_3_1,Random Forest,鮮紅,3,23,舌左邊,0,0
tip_middle_root_1_3_1,Random Forest,鮮紅,3,23,舌根,0,0
tip_middle_root_1_3_1,Random Forest,鮮紅,3,24,舌中,0,0
tip_middle_root_1_3_1,Random Forest,鮮紅,3,24,舌右邊,0,0
tip_middle_root_1_3_1,Random Forest,鮮紅,3,24,舌尖,0,0
tip_middle_root_1_3_1,Random Forest,鮮紅,3,24,舌左邊,0,1
tip_middle_root_1_3_1,Random Forest,鮮紅,3,24,舌根,0,0
tip_middle_root_1_3_1,Random Forest,鮮紅,3,34,舌右邊,1,0
tip_middle_root_1_3_1,Random Forest,鮮紅,3,34,舌尖,1,1
tip_middle_root_1_3_1,Random Forest,鮮紅,3,34,舌左邊,1,0
tip_middle_root_1_3_1,Random Forest,鮮紅,3,35,舌右邊,1,1
tip_middle_root_1_3_1,Random Forest,鮮紅,3,35,舌左邊,1,1
tip_middle_root_1_3_1,Random Forest,鮮紅,3,47,舌中,0,0
tip_middle_root_1_3_1,Random Forest,鮮紅,3,47,舌右邊,0,1
tip_middle_root_1_3_1,Random Forest,鮮紅,3,47,舌尖,0,1
tip_middle_root_1_3_1,Random Forest,鮮紅,3,47,舌左邊,0,1
tip_middle_root_1_3_1,Random Forest,鮮紅,3,47,舌根,0,0
tip_middle_root_1_3_1,Random Forest,鮮紅,3,49,舌中,0,0
tip_middle_root_1_3_1,Random Forest,鮮紅,3,49,舌右邊,0,0
tip_middle_root_1_3_1,Random Forest,鮮紅,3,49,舌尖,0,0
tip_middle_root_1_3_1,Random Forest,鮮紅,3,49,舌左邊,0,0
tip_middle_root_1_3_1,Random Forest,鮮紅,3,49,舌根,0,0
tip_middle_root_1_3_1,Random Forest,鮮紅,3,57,舌中,0,0
tip_middle_root_1_3_1,Random Forest,鮮紅,3,57,舌右邊,0,0
tip_middle_root_1_3_1,Random Forest,鮮紅,3,57,舌尖,0,1
tip_middle_root_1_3_1,Random Forest,鮮紅,3,57,舌左邊,0,0
tip_middle_root_1_3_1,Random Forest,鮮紅,3,57,舌根,0,0
tip_middle_root_1_3_1,Random Forest,鮮紅,3,6,舌中,0,0
tip_middle_root_1_3_1,Random Forest,鮮紅,3,6,舌尖,0,0
tip_middle_root_1_3_1,Random Forest,鮮紅,3,6,舌根,0,1
tip_middle_root_1_3_1,Random Forest,鮮紅,3,87,舌中,1,1
tip_middle_root_1_3_1,Random Forest,鮮紅,3,87,舌右邊,1,1
tip_middle_root_1_3_1,Random Forest,鮮紅,3,87,舌尖,1,1
tip_middle_root_1_3_1,Random Forest,鮮紅,3,87,舌左邊,1,1
tip_middle_root_1_3_1,Random Forest,鮮紅,3,87,舌根,1,0
tip_middle_root_1_3_1,Random Forest,鮮紅,4,17,舌中,0,0
tip_middle_root_1_3_1,Random Forest,鮮紅,4,17,舌右邊,0,1
tip_middle_root_1_3_1,Random Forest,鮮紅,4,17,舌尖,0,1
tip_middle_root_1_3_1,Random Forest,鮮紅,4,17,舌左邊,0,1
tip_middle_root_1_3_1,Random Forest,鮮紅,4,17,舌根,0,0
tip_middle_root_1_3_1,Random Forest,鮮紅,4,27,舌中,0,0
tip_middle_root_1_3_1,Random Forest,鮮紅,4,27,舌右邊,0,0
tip_middle_root_1_3_1,Random Forest,鮮紅,4,27,舌尖,0,0
tip_middle_root_1_3_1,Random Forest,鮮紅,4,27,舌左邊,0,0
tip_middle_root_1_3_1,Random Forest,鮮紅,4,27,舌根,0,0
tip_middle_root_1_3_1,Random Forest,鮮紅,4,29,舌中,0,0
tip_middle_root_1_3_1,Random Forest,鮮紅,4,29,舌右邊,0,0
tip_middle_root_1_3_1,Random Forest,鮮紅,4,29,舌尖,0,0
tip_middle_root_1_3_1,Random Forest,鮮紅,4,29,舌左邊,0,0
tip_middle_root_1_3_1,Random Forest,鮮紅,4,29,舌根,0,0
tip_middle_root_1_3_1,Random Forest,鮮紅,4,51,舌右邊,1,1
tip_middle_root_1_3_1,Random Forest,鮮紅,4,51,舌左邊,1,1
tip_middle_root_1_3_1,Random Forest,鮮紅,4,53,舌尖,1,1
tip_middle_root_1_3_1,Random Forest,鮮紅,4,54,舌中,0,0
tip_middle_root_1_3_1,Random Forest,鮮紅,4,54,舌右邊,0,0
tip_middle_root_1_3_1,Random Forest,鮮紅,4,54,舌尖,0,0
tip_middle_root_1_3_1,Random Forest,鮮紅,4,54,舌左邊,0,0
tip_middle_root_1_3_1,Random Forest,鮮紅,4,54,舌根,0,0
tip_middle_root_1_3_1,Random Forest,鮮紅,4,56,舌中,0,0
tip_middle_root_1_3_1,Random Forest,鮮紅,4,56,舌右邊,0,0
tip_middle_root_1_3_1,Random Forest,鮮紅,4,56,舌尖,0,1
tip_middle_root_1_3_1,Random Forest,鮮紅,4,56,舌左邊,0,0
tip_middle_root_1_3_1,Random Forest,鮮紅,4,56,舌根,0,0
tip_middle_root_1_3_1,Random Forest,鮮紅,4,59,舌中,1,0
tip_middle_root_1_3_1,Random Forest,鮮紅,4,59,舌右邊,1,0
tip_middle_root_1_3_1,Random Forest,鮮紅,4,59,舌尖,1,0
tip_middle_root_1_3_1,Random Forest,鮮紅,4,59,舌左邊,1,0
tip_middle_root_1_3_1,Random Forest,鮮紅,4,72,舌中,1,0
tip_middle_root_1_3_1,Random Forest,鮮紅,4,72,舌右邊,1,1
tip_middle_root_1_3_1,Random Forest,鮮紅,4,72,舌尖,1,1
tip_middle_root_1_3_1,Random Forest,鮮紅,4,72,舌左邊,1,1
tip_middle_root_1_3_1,Random Forest,鮮紅,4,9,舌中,0,0
tip_middle_root_1_3_1,Random Forest,鮮紅,4,9,舌右邊,0,0
tip_middle_root_1_3_1,Random Forest,鮮紅,4,9,舌左邊,0,0
tip_middle_root_1_3_1,Random Forest,鮮紅,4,9,舌根,0,0
tip_middle_root_1_3_1,Random Forest,鮮紅,5,10,舌中,1,0
tip_middle_root_1_3_1,Random Forest,鮮紅,5,10,舌右邊,1,1
tip_middle_root_1_3_1,Random Forest,鮮紅,5,10,舌尖,1,1
tip_middle_root_1_3_1,Random Forest,鮮紅,5,10,舌左邊,1,1
tip_middle_root_1_3_1,Random Forest,鮮紅,5,10,舌根,1,0
tip_middle_root_1_3_1,Random Forest,鮮紅,5,20,舌中,0,0
tip_middle_root_1_3_1,Random Forest,鮮紅,5,20,舌右邊,0,0
tip_middle_root_1_3_1,Random Forest,鮮紅,5,20,舌尖,0,0
tip_middle_root_1_3_1,Random Forest,鮮紅,5,20,舌左邊,0,0
tip_middle_root_1_3_1,Random Forest,鮮紅,5,20,舌根,0,0
tip_middle_root_1_3_1,Random Forest,鮮紅,5,26,舌中,0,0
tip_middle_root_1_3_1,Random Forest,鮮紅,5,26,舌尖,0,1
tip_middle_root_1_3_1,Random Forest,鮮紅,5,26,舌根,0,0
tip_middle_root_1_3_1,Random Forest,鮮紅,5,2,舌中,0,0
tip_middle_root_1_3_1,Random Forest,鮮紅,5,2,舌右邊,1,1
tip_middle_root_1_3_1,Random Forest,鮮紅,5,2,舌尖,0,1
tip_middle_root_1_3_1,Random Forest,鮮紅,5,2,舌左邊,1,1
tip_middle_root_1_3_1,Random Forest,鮮紅,5,2,舌根,0,1
tip_middle_root_1_3_1,Random Forest,鮮紅,5,38,舌中,0,0
tip_middle_root_1_3_1,Random Forest,鮮紅,5,38,舌右邊,0,0
tip_middle_root_1_3_1,Random Forest,鮮紅,5,38,舌尖,0,0
tip_middle_root_1_3_1,Random Forest,鮮紅,5,38,舌左邊,0,0
tip_middle_root_1_3_1,Random Forest,鮮紅,5,38,舌根,0,0
tip_middle_root_1_3_1,Random Forest,鮮紅,5,40,舌右邊,1,1
tip_middle_root_1_3_1,Random Forest,鮮紅,5,40,舌左邊,1,1
tip_middle_root_1_3_1,Random Forest,鮮紅,5,41,舌中,0,0
tip_middle_root_1_3_1,Random Forest,鮮紅,5,41,舌右邊,0,0
tip_middle_root_1_3_1,Random Forest,鮮紅,5,41,舌尖,0,0
tip_middle_root_1_3_1,Random Forest,鮮紅,5,41,舌左邊,0,0
tip_middle_root_1_3_1,Random Forest,鮮紅,5,41,舌根,0,0
tip_middle_root_1_3_1,Random Forest,鮮紅,5,42,舌右邊,1,1
tip_middle_root_1_3_1,Random Forest,鮮紅,5,42,舌尖,1,0
tip_middle_root_1_3_1,Random Forest,鮮紅,5,42,舌左邊,1,0
tip_middle_root_1_3_1,Random Forest,鮮紅,5,55,舌中,0,0
tip_middle_root_1_3_1,Random Forest,鮮紅,5,55,舌右邊,0,1
tip_middle_root_1_3_1,Random Forest,鮮紅,5,55,舌尖,0,0
tip_middle_root_1_3_1,Random Forest,鮮紅,5,55,舌左邊,0,0
tip_middle_root_1_3_1,Random Forest,鮮紅,5,55,舌根,0,1
tip_middle_root_1_3_1,Random Forest,鮮紅,5,5,舌中,0,0
tip_middle_root_1_3_1,Random Forest,鮮紅,5,5,舌右邊,0,0
tip_middle_root_1_3_1,Random Forest,鮮紅,5,5,舌尖,0,0
tip_middle_root_1_3_1,Random Forest,鮮紅,5,5,舌左邊,0,0
tip_middle_root_1_3_1,Random Forest,鮮紅,5,5,舌根,0,0
tip_middle_root_1_3_1,Random Forest,鮮紅,5,64,舌中,0,0
tip_middle_root_1_3_1,Random Forest,鮮紅,5,64,舌右邊,0,0
tip_middle_root_1_3_1,Random Forest,鮮紅,5,64,舌左邊,0,0
tip_middle_root_1_3_1,Random Forest,鮮紅,5,64,舌根,0,0
tip_middle_root_1_2_2,SVM,暗紅,1,10,舌右邊,0,1
tip_middle_root_1_2_2,SVM,暗紅,1,10,舌尖,0,1
tip_middle_root_1_2_2,SVM,暗紅,1,10,舌左邊,0,1
tip_middle_root_1_2_2,SVM,暗紅,1,23,舌中,0,0
tip_middle_root_1_2_2,SVM,暗紅,1,23,舌右邊,0,0
tip_middle_root_1_2_2,SVM,暗紅,1,23,舌尖,0,0
tip_middle_root_1_2_2,SVM,暗紅,1,23,舌左邊,0,0
tip_middle_root_1_2_2,SVM,暗紅,1,23,舌根,0,0
tip_middle_root_1_2_2,SVM,暗紅,1,41,舌中,1,0
tip_middle_root_1_2_2,SVM,暗紅,1,41,舌右邊,1,0
tip_middle_root_1_2_2,SVM,暗紅,1,41,舌尖,1,0
tip_middle_root_1_2_2,SVM,暗紅,1,41,舌左邊,1,0
tip_middle_root_1_2_2,SVM,暗紅,1,44,舌中,0,0
tip_middle_root_1_2_2,SVM,暗紅,1,44,舌右邊,0,0
tip_middle_root_1_2_2,SVM,暗紅,1,44,舌尖,0,0
tip_middle_root_1_2_2,SVM,暗紅,1,44,舌左邊,0,0
tip_middle_root_1_2_2,SVM,暗紅,1,45,舌中,1,0
tip_middle_root_1_2_2,SVM,暗紅,1,45,舌右邊,0,1
tip_middle_root_1_2_2,SVM,暗紅,1,45,舌尖,0,0
tip_middle_root_1_2_2,SVM,暗紅,1,45,舌左邊,0,1
tip_middle_root_1_2_2,SVM,暗紅,1,45,舌根,1,1
tip_middle_root_1_2_2,SVM,暗紅,1,53,舌中,0,0
tip_middle_root_1_2_2,SVM,暗紅,1,53,舌右邊,0,1
tip_middle_root_1_2_2,SVM,暗紅,1,53,舌尖,0,0
tip_middle_root_1_2_2,SVM,暗紅,1,53,舌左邊,0,0
tip_middle_root_1_2_2,SVM,暗紅,1,53,舌根,0,0
tip_middle_root_1_2_2,SVM,暗紅,1,57,舌中,1,0
tip_middle_root_1_2_2,SVM,暗紅,1,57,舌右邊,1,0
tip_middle_root_1_2_2,SVM,暗紅,1,57,舌尖,1,0
tip_middle_root_1_2_2,SVM,暗紅,1,57,舌左邊,1,0
tip_middle_root_1_2_2,SVM,暗紅,1,57,舌根,1,0
tip_middle_root_1_2_2,SVM,暗紅,1,5,舌中,0,0
tip_middle_root_1_2_2,SVM,暗紅,1,5,舌右邊,0,1
tip_middle_root_1_2_2,SVM,暗紅,1,5,舌尖,0,1
tip_middle_root_1_2_2,SVM,暗紅,1,5,舌左邊,0,1
tip_middle_root_1_2_2,SVM,暗紅,1,5,舌根,0,1
tip_middle_root_1_2_2,SVM,暗紅,1,70,舌中,0,0
tip_middle_root_1_2_2,SVM,暗紅,1,70,舌右邊,0,0
tip_middle_root_1_2_2,SVM,暗紅,1,70,舌尖,0,0
tip_middle_root_1_2_2,SVM,暗紅,1,70,舌左邊,0,0
tip_middle_root_1_2_2,SVM,暗紅,1,70,舌根,0,0
tip_middle_root_1_2_2,SVM,暗紅,1,8,舌中,0,0
tip_middle_root_1_2_2,SVM,暗紅,1,8,舌右邊,0,1
tip_middle_root_1_2_2,SVM,暗紅,1,8,舌尖,0,1
tip_middle_root_1_2_2,SVM,暗紅,1,8,舌左邊,0,0
tip_middle_root_1_2_2,SVM,暗紅,1,8,舌根,0,0
tip_middle_root_1_2_2,SVM,暗紅,2,11,舌中,1,1
tip_middle_root_1_2_2,SVM,暗紅,2,11,舌右邊,1,1
tip_middle_root_1_2_2,SVM,暗紅,2,11,舌尖,1,1
tip_middle_root_1_2_2,SVM,暗紅,2,11,舌左邊,1,0
tip_middle_root_1_2_2,SVM,暗紅,2,11,舌根,1,0
tip_middle_root_1_2_2,SVM,暗紅,2,19,舌中,0,0
tip_middle_root_1_2_2,SVM,暗紅,2,19,舌右邊,0,0
tip_middle_root_1_2_2,SVM,暗紅,2,19,舌尖,0,0
tip_middle_root_1_2_2,SVM,暗紅,2,19,舌左邊,0,0
tip_middle_root_1_2_2,SVM,暗紅,2,19,舌根,0,1
tip_middle_root_1_2_2,SVM,暗紅,2,24,舌中,0,0
tip_middle_root_1_2_2,SVM,暗紅,2,24,舌根,0,1
tip_middle_root_1_2_2,SVM,暗紅,2,29,舌中,0,0
tip_middle_root_1_2_2,SVM,暗紅,2,29,舌尖,0,0
tip_middle_root_1_2_2,SVM,暗紅,2,32,舌中,0,0
tip_middle_root_1_2_2,SVM,暗紅,2,32,舌右邊,0,0
tip_middle_root_1_2_2,SVM,暗紅,2,32,舌尖,0,1
tip_middle_root_1_2_2,SVM,暗紅,2,32,舌左邊,0,0
tip_middle_root_1_2_2,SVM,暗紅,2,32,舌根,0,1
tip_middle_root_1_2_2,SVM,暗紅,2,34,舌中,0,1
tip_middle_root_1_2_2,SVM,暗紅,2,34,舌右邊,0,0
tip_middle_root_1_2_2,SVM,暗紅,2,34,舌尖,0,0
tip_middle_root_1_2_2,SVM,暗紅,2,34,舌左邊,0,1
tip_middle_root_1_2_2,SVM,暗紅,2,48,舌中,1,0
tip_middle_root_1_2_2,SVM,暗紅,2,48,舌右邊,1,0
tip_middle_root_1_2_2,SVM,暗紅,2,48,舌左邊,1,0
tip_middle_root_1_2_2,SVM,暗紅,2,48,舌根,1,0
tip_middle_root_1_2_2,SVM,暗紅,2,54,舌中,0,0
tip_middle_root_1_2_2,SVM,暗紅,2,54,舌右邊,0,1
tip_middle_root_1_2_2,SVM,暗紅,2,54,舌尖,0,1
tip_middle_root_1_2_2,SVM,暗紅,2,54,舌左邊,0,0
tip_middle_root_1_2_2,SVM,暗紅,2,54,舌根,0,1
tip_middle_root_1_2_2,SVM,暗紅,2,55,舌中,0,0
tip_middle_root_1_2_2,SVM,暗紅,2,55,舌右邊,0,0
tip_middle_root_1_2_2,SVM,暗紅,2,55,舌尖,0,0
tip_middle_root_1_2_2,SVM,暗紅,2,55,舌左邊,0,0
tip_middle_root_1_2_2,SVM,暗紅,2,55,舌根,0,1
tip_middle_root_1_2_2,SVM,暗紅,2,58,舌根,1,0
tip_middle_root_1_2_2,SVM,暗紅,2,9,舌中,0,0
tip_middle_root_1_2_2,SVM,暗紅,2,9,舌右邊,0,0
tip_middle_root_1_2_2,SVM,暗紅,2,9,舌尖,0,0
tip_middle_root_1_2_2,SVM,暗紅,2,9,舌左邊,0,0
tip_middle_root_1_2_2,SVM,暗紅,2,9,舌根,0,0
tip_middle_root_1_2_2,SVM,暗紅,3,13,舌中,0,0
tip_middle_root_1_2_2,SVM,暗紅,3,13,舌右邊,0,0
tip_middle_root_1_2_2,SVM,暗紅,3,13,舌尖,0,0
tip_middle_root_1_2_2,SVM,暗紅,3,13,舌左邊,0,0
tip_middle_root_1_2_2,SVM,暗紅,3,13,舌根,0,1
tip_middle_root_1_2_2,SVM,暗紅,3,26,舌中,0,0
tip_middle_root_1_2_2,SVM,暗紅,3,26,舌右邊,0,0
tip_middle_root_1_2_2,SVM,暗紅,3,26,舌尖,0,0
tip_middle_root_1_2_2,SVM,暗紅,3,26,舌左邊,0,0
tip_middle_root_1_2_2,SVM,暗紅,3,26,舌根,0,1
tip_middle_root_1_2_2,SVM,暗紅,3,31,舌右邊,0,0
tip_middle_root_1_2_2,SVM,暗紅,3,31,舌尖,0,0
tip_middle_root_1_2_2,SVM,暗紅,3,31,舌左邊,0,0
tip_middle_root_1_2_2,SVM,暗紅,3,35,舌中,1,0
tip_middle_root_1_2_2,SVM,暗紅,3,35,舌尖,0,0
tip_middle_root_1_2_2,SVM,暗紅,3,35,舌根,1,1
tip_middle_root_1_2_2,SVM,暗紅,3,39,舌尖,0,0
tip_middle_root_1_2_2,SVM,暗紅,3,39,舌左邊,0,0
tip_middle_root_1_2_2,SVM,暗紅,3,51,舌中,0,0
tip_middle_root_1_2_2,SVM,暗紅,3,51,舌右邊,0,0
tip_middle_root_1_2_2,SVM,暗紅,3,51,舌尖,0,1
tip_middle_root_1_2_2,SVM,暗紅,3,51,舌左邊,0,0
tip_middle_root_1_2_2,SVM,暗紅,3,51,舌根,0,0
tip_middle_root_1_2_2,SVM,暗紅,3,56,舌中,1,0
tip_middle_root_1_2_2,SVM,暗紅,3,56,舌右邊,1,0
tip_middle_root_1_2_2,SVM,暗紅,3,56,舌左邊,1,0
tip_middle_root_1_2_2,SVM,暗紅,3,56,舌根,1,0
tip_middle_root_1_2_2,SVM,暗紅,3,60,舌中,0,0
tip_middle_root_1_2_2,SVM,暗紅,3,60,舌右邊,0,0
tip_middle_root_1_2_2,SVM,暗紅,3,60,舌尖,0,0
tip_middle_root_1_2_2,SVM,暗紅,3,60,舌左邊,0,0
tip_middle_root_1_2_2,SVM,暗紅,3,60,舌根,0,1
tip_middle_root_1_2_2,SVM,暗紅,3,72,舌中,0,1
tip_middle_root_1_2_2,SVM,暗紅,3,72,舌右邊,0,0
tip_middle_root_1_2_2,SVM,暗紅,3,72,舌尖,0,0
tip_middle_root_1_2_2,SVM,暗紅,3,72,舌左邊,0,1
tip_middle_root_1_2_2,SVM,暗紅,3,74,舌中,1,0
tip_middle_root_1_2_2,SVM,暗紅,3,74,舌右邊,1,0
tip_middle_root_1_2_2,SVM,暗紅,3,74,舌左邊,1,1
tip_middle_root_1_2_2,SVM,暗紅,3,74,舌根,1,1
tip_middle_root_1_2_2,SVM,暗紅,3,7,舌中,0,0
tip_middle_root_1_2_2,SVM,暗紅,3,7,舌右邊,0,0
tip_middle_root_1_2_2,SVM,暗紅,3,7,舌尖,0,0
tip_middle_root_1_2_2,SVM,暗紅,3,7,舌左邊,0,0
tip_middle_root_1_2_2,SVM,暗紅,3,7,舌根,0,1
tip_middle_root_1_2_2,SVM,暗紅,4,17,舌右邊,1,0
tip_middle_root_1_2_2,SVM,暗紅,4,17,舌左邊,1,0
tip_middle_root_1_2_2,SVM,暗紅,4,17,舌根,1,1
tip_middle_root_1_2_2,SVM,暗紅,4,20,舌中,0,1
tip_middle_root_1_2_2,SVM,暗紅,4,20,舌右邊,0,1
tip_middle_root_1_2_2,SVM,暗紅,4,20,舌尖,0,0
tip_middle_root_1_2_2,SVM,暗紅,4,20,舌左邊,0,1
tip_middle_root_1_2_2,SVM,暗紅,4,20,舌根,0,1
tip_middle_root_1_2_2,SVM,暗紅,4,27,舌中,0,0
tip_middle_root_1_2_2,SVM,暗紅,4,27,舌右邊,0,0
tip_middle_root_1_2_2,SVM,暗紅,4,27,舌尖,0,0
tip_middle_root_1_2_2,SVM,暗紅,4,27,舌左邊,0,0
tip_middle_root_1_2_2,SVM,暗紅,4,27,舌根,0,1
tip_middle_root_1_2_2,SVM,暗紅,4,30,舌中,0,1
tip_middle_root_1_2_2,SVM,暗紅,4,30,舌尖,0,1
tip_middle_root_1_2_2,SVM,暗紅,4,30,舌根,0,1
tip_middle_root_1_2_2,SVM,暗紅,4,46,舌中,0,0
tip_middle_root_1_2_2,SVM,暗紅,4,46,舌右邊,0,1
tip_middle_root_1_2_2,SVM,暗紅,4,46,舌尖,0,0
tip_middle_root_1_2_2,SVM,暗紅,4,46,舌左邊,0,0
tip_middle_root_1_2_2,SVM,暗紅,4,47,舌中,1,0
tip_middle_root_1_2_2,SVM,暗紅,4,47,舌右邊,1,0
tip_middle_root_1_2_2,SVM,暗紅,4,47,舌尖,1,0
tip_middle_root_1_2_2,SVM,暗紅,4,47,舌左邊,1,0
tip_middle_root_1_2_2,SVM,暗紅,4,47,舌根,1,1
tip_middle_root_1_2_2,SVM,暗紅,4,49,舌中,0,1
tip_middle_root_1_2_2,SVM,暗紅,4,49,舌右邊,0,1
tip_middle_root_1_2_2,SVM,暗紅,4,49,舌尖,0,1
tip_middle_root_1_2_2,SVM,暗紅,4,49,舌左邊,0,1
tip_middle_root_1_2_2,SVM,暗紅,4,49,舌根,0,1
tip_middle_root_1_2_2,SVM,暗紅,4,52,舌中,0,0
tip_middle_root_1_2_2,SVM,暗紅,4,52,舌右邊,0,0
tip_middle_root_1_2_2,SVM,暗紅,4,52,舌尖,0,0
tip_middle_root_1_2_2,SVM,暗紅,4,52,舌左邊,0,0
tip_middle_root_1_2_2,SVM,暗紅,4,52,舌根,0,1
tip_middle_root_1_2_2,SVM,暗紅,4,64,舌中,1,1
tip_middle_root_1_2_2,SVM,暗紅,4,68,舌右邊,1,1
tip_middle_root_1_2_2,SVM,暗紅,4,68,舌左邊,1,1
tip_middle_root_1_2_2,SVM,暗紅,4,68,舌根,0,1
tip_middle_root_1_2_2,SVM,暗紅,4,87,舌中,0,0
tip_middle_root_1_2_2,SVM,暗紅,4,87,舌右邊,0,0
tip_middle_root_1_2_2,SVM,暗紅,4,87,舌尖,0,0
tip_middle_root_1_2_2,SVM,暗紅,4,87,舌左邊,0,0
tip_middle_root_1_2_2,SVM,暗紅,4,87,舌根,0,0
tip_middle_root_1_2_2,SVM,暗紅,5,2,舌中,0,0
tip_middle_root_1_2_2,SVM,暗紅,5,2,舌右邊,0,0
tip_middle_root_1_2_2,SVM,暗紅,5,2,舌左邊,0,0
tip_middle_root_1_2_2,SVM,暗紅,5,2,舌根,0,0
tip_middle_root_1_2_2,SVM,暗紅,5,36,舌中,0,0
tip_middle_root_1_2_2,SVM,暗紅,5,36,舌右邊,0,0
tip_middle_root_1_2_2,SVM,暗紅,5,36,舌尖,0,0
tip_middle_root_1_2_2,SVM,暗紅,5,36,舌左邊,0,0
tip_middle_root_1_2_2,SVM,暗紅,5,36,舌根,0,0
tip_middle_root_1_2_2,SVM,暗紅,5,37,舌中,0,0
tip_middle_root_1_2_2,SVM,暗紅,5,37,舌右邊,0,0
tip_middle_root_1_2_2,SVM,暗紅,5,37,舌尖,0,0
tip_middle_root_1_2_2,SVM,暗紅,5,37,舌左邊,0,0
tip_middle_root_1_2_2,SVM,暗紅,5,37,舌根,0,1
tip_middle_root_1_2_2,SVM,暗紅,5,38,舌中,0,0
tip_middle_root_1_2_2,SVM,暗紅,5,38,舌右邊,0,1
tip_middle_root_1_2_2,SVM,暗紅,5,38,舌尖,0,0
tip_middle_root_1_2_2,SVM,暗紅,5,38,舌左邊,0,1
tip_middle_root_1_2_2,SVM,暗紅,5,40,舌根,1,0
tip_middle_root_1_2_2,SVM,暗紅,5,42,舌尖,0,0
tip_middle_root_1_2_2,SVM,暗紅,5,50,舌中,1,0
tip_middle_root_1_2_2,SVM,暗紅,5,50,舌右邊,1,0
tip_middle_root_1_2_2,SVM,暗紅,5,50,舌左邊,1,0
tip_middle_root_1_2_2,SVM,暗紅,5,50,舌根,1,0
tip_middle_root_1_2_2,SVM,暗紅,5,59,舌中,0,0
tip_middle_root_1_2_2,SVM,暗紅,5,59,舌右邊,0,0
tip_middle_root_1_2_2,SVM,暗紅,5,59,舌尖,0,0
tip_middle_root_1_2_2,SVM,暗紅,5,59,舌左邊,0,0
tip_middle_root_1_2_2,SVM,暗紅,5,59,舌根,0,1
tip_middle_root_1_2_2,SVM,暗紅,5,6,舌中,1,1
tip_middle_root_1_2_2,SVM,暗紅,5,6,舌右邊,1,1
tip_middle_root_1_2_2,SVM,暗紅,5,6,舌尖,1,1
tip_middle_root_1_2_2,SVM,暗紅,5,6,舌左邊,1,1
tip_middle_root_1_2_2,SVM,暗紅,5,6,舌根,1,1
tip_middle_root_1_2_2,SVM,暗紅,5,85,舌中,0,0
tip_middle_root_1_2_2,SVM,暗紅,5,85,舌右邊,0,0
tip_middle_root_1_2_2,SVM,暗紅,5,85,舌尖,0,0
tip_middle_root_1_2_2,SVM,暗紅,5,85,舌左邊,0,0
tip_middle_root_1_2_2,SVM,暗紅,5,85,舌根,0,0
tip_middle_root_1_2_2,SVM,暗紅,5,96,舌中,0,0
tip_middle_root_1_2_2,SVM,暗紅,5,96,舌右邊,0,0
tip_middle_root_1_2_2,SVM,暗紅,5,96,舌尖,0,0
tip_middle_root_1_2_2,SVM,暗紅,5,96,舌左邊,0,0
tip_middle_root_1_2_2,Random Forest,暗紅,1,10,舌右邊,0,1
tip_middle_root_1_2_2,Random Forest,暗紅,1,10,舌尖,0,1
tip_middle_root_1_2_2,Random Forest,暗紅,1,10,舌左邊,0,1
tip_middle_root_1_2_2,Random Forest,暗紅,1,23,舌中,0,0
tip_middle_root_1_2_2,Random Forest,暗紅,1,23,舌右邊,0,0
tip_middle_root_1_2_2,Random Forest,暗紅,1,23,舌尖,0,0
tip_middle_root_1_2_2,Random Forest,暗紅,1,23,舌左邊,0,0
tip_middle_root_1_2_2,Random Forest,暗紅,1,23,舌根,0,1
tip_middle_root_1_2_2,Random Forest,暗紅,1,41,舌中,1,0
tip_middle_root_1_2_2,Random Forest,暗紅,1,41,舌右邊,1,0
tip_middle_root_1_2_2,Random Forest,暗紅,1,41,舌尖,1,0
tip_middle_root_1_2_2,Random Forest,暗紅,1,41,舌左邊,1,0
tip_middle_root_1_2_2,Random Forest,暗紅,1,44,舌中,0,0
tip_middle_root_1_2_2,Random Forest,暗紅,1,44,舌右邊,0,0
tip_middle_root_1_2_2,Random Forest,暗紅,1,44,舌尖,0,0
tip_middle_root_1_2_2,Random Forest,暗紅,1,44,舌左邊,0,0
tip_middle_root_1_2_2,Random Forest,暗紅,1,45,舌中,1,0
tip_middle_root_1_2_2,Random Forest,暗紅,1,45,舌右邊,0,0
tip_middle_root_1_2_2,Random Forest,暗紅,1,45,舌尖,0,0
tip_middle_root_1_2_2,Random Forest,暗紅,1,45,舌左邊,0,0
tip_middle_root_1_2_2,Random Forest,暗紅,1,45,舌根,1,0
tip_middle_root_1_2_2,Random Forest,暗紅,1,53,舌中,0,0
tip_middle_root_1_2_2,Random Forest,暗紅,1,53,舌右邊,0,1
tip_middle_root_1_2_2,Random Forest,暗紅,1,53,舌尖,0,0
tip_middle_root_1_2_2,Random Forest,暗紅,1,53,舌左邊,0,1
tip_middle_root_1_2_2,Random Forest,暗紅,1,53,舌根,0,0
tip_middle_root_1_2_2,Random Forest,暗紅,1,57,舌中,1,0
tip_middle_root_1_2_2,Random Forest,暗紅,1,57,舌右邊,1,0
tip_middle_root_1_2_2,Random Forest,暗紅,1,57,舌尖,1,0
tip_middle_root_1_2_2,Random Forest,暗紅,1,57,舌左邊,1,0
tip_middle_root_1_2_2,Random Forest,暗紅,1,57,舌根,1,0
tip_middle_root_1_2_2,Random Forest,暗紅,1,5,舌中,0,0
tip_middle_root_1_2_2,Random Forest,暗紅,1,5,舌右邊,0,1
tip_middle_root_1_2_2,Random Forest,暗紅,1,5,舌尖,0,1
tip_middle_root_1_2_2,Random Forest,暗紅,1,5,舌左邊,0,1
tip_middle_root_1_2_2,Random Forest,暗紅,1,5,舌根,0,1
tip_middle_root_1_2_2,Random Forest,暗紅,1,70,舌中,0,0
tip_middle_root_1_2_2,Random Forest,暗紅,1,70,舌右邊,0,0
tip_middle_root_1_2_2,Random Forest,暗紅,1,70,舌尖,0,0
tip_middle_root_1_2_2,Random Forest,暗紅,1,70,舌左邊,0,0
tip_middle_root_1_2_2,Random Forest,暗紅,1,70,舌根,0,0
tip_middle_root_1_2_2,Random Forest,暗紅,1,8,舌中,0,0
tip_middle_root_1_2_2,Random Forest,暗紅,1,8,舌右邊,0,1
tip_middle_root_1_2_2,Random Forest,暗紅,1,8,舌尖,0,1
tip_middle_root_1_2_2,Random Forest,暗紅,1,8,舌左邊,0,0
tip_middle_root_1_2_2,Random Forest,暗紅,1,8,舌根,0,0
tip_middle_root_1_2_2,Random Forest,暗紅,2,11,舌中,1,1
tip_middle_root_1_2_2,Random Forest,暗紅,2,11,舌右邊,1,0
tip_middle_root_1_2_2,Random Forest,暗紅,2,11,舌尖,1,0
tip_middle_root_1_2_2,Random Forest,暗紅,2,11,舌左邊,1,0
tip_middle_root_1_2_2,Random Forest,暗紅,2,11,舌根,1,0
tip_middle_root_1_2_2,Random Forest,暗紅,2,19,舌中,0,0
tip_middle_root_1_2_2,Random Forest,暗紅,2,19,舌右邊,0,0
tip_middle_root_1_2_2,Random Forest,暗紅,2,19,舌尖,0,0
tip_middle_root_1_2_2,Random Forest,暗紅,2,19,舌左邊,0,0
tip_middle_root_1_2_2,Random Forest,暗紅,2,19,舌根,0,0
tip_middle_root_1_2_2,Random Forest,暗紅,2,24,舌中,0,0
tip_middle_root_1_2_2,Random Forest,暗紅,2,24,舌根,0,0
tip_middle_root_1_2_2,Random Forest,暗紅,2,29,舌中,0,0
tip_middle_root_1_2_2,Random Forest,暗紅,2,29,舌尖,0,0
tip_middle_root_1_2_2,Random Forest,暗紅,2,32,舌中,0,0
tip_middle_root_1_2_2,Random Forest,暗紅,2,32,舌右邊,0,0
tip_middle_root_1_2_2,Random Forest,暗紅,2,32,舌尖,0,0
tip_middle_root_1_2_2,Random Forest,暗紅,2,32,舌左邊,0,0
tip_middle_root_1_2_2,Random Forest,暗紅,2,32,舌根,0,1
tip_middle_root_1_2_2,Random Forest,暗紅,2,34,舌中,0,0
tip_middle_root_1_2_2,Random Forest,暗紅,2,34,舌右邊,0,0
tip_middle_root_1_2_2,Random Forest,暗紅,2,34,舌尖,0,0
tip_middle_root_1_2_2,Random Forest,暗紅,2,34,舌左邊,0,0
tip_middle_root_1_2_2,Random Forest,暗紅,2,48,舌中,1,0
tip_middle_root_1_2_2,Random Forest,暗紅,2,48,舌右邊,1,0
tip_middle_root_1_2_2,Random Forest,暗紅,2,48,舌左邊,1,0
tip_middle_root_1_2_2,Random Forest,暗紅,2,48,舌根,1,0
tip_middle_root_1_2_2,Random Forest,暗紅,2,54,舌中,0,0
tip_middle_root_1_2_2,Random Forest,暗紅,2,54,舌右邊,0,0
tip_middle_root_1_2_2,Random Forest,暗紅,2,54,舌尖,0,0
tip_middle_root_1_2_2,Random Forest,暗紅,2,54,舌左邊,0,0
tip_middle_root_1_2_2,Random Forest,暗紅,2,54,舌根,0,0
tip_middle_root_1_2_2,Random Forest,暗紅,2,55,舌中,0,0
tip_middle_root_1_2_2,Random Forest,暗紅,2,55,舌右邊,0,0
tip_middle_root_1_2_2,Random Forest,暗紅,2,55,舌尖,0,0
tip_middle_root_1_2_2,Random Forest,暗紅,2,55,舌左邊,0,0
tip_middle_root_1_2_2,Random Forest,暗紅,2,55,舌根,0,0
tip_middle_root_1_2_2,Random Forest,暗紅,2,58,舌根,1,0
tip_middle_root_1_2_2,Random Forest,暗紅,2,9,舌中,0,1
tip_middle_root_1_2_2,Random Forest,暗紅,2,9,舌右邊,0,0
tip_middle_root_1_2_2,Random Forest,暗紅,2,9,舌尖,0,0
tip_middle_root_1_2_2,Random Forest,暗紅,2,9,舌左邊,0,0
tip_middle_root_1_2_2,Random Forest,暗紅,2,9,舌根,0,0
tip_middle_root_1_2_2,Random Forest,暗紅,3,13,舌中,0,0
tip_middle_root_1_2_2,Random Forest,暗紅,3,13,舌右邊,0,0
tip_middle_root_1_2_2,Random Forest,暗紅,3,13,舌尖,0,0
tip_middle_root_1_2_2,Random Forest,暗紅,3,13,舌左邊,0,0
tip_middle_root_1_2_2,Random Forest,暗紅,3,13,舌根,0,0
tip_middle_root_1_2_2,Random Forest,暗紅,3,26,舌中,0,0
tip_middle_root_1_2_2,Random Forest,暗紅,3,26,舌右邊,0,0
tip_middle_root_1_2_2,Random Forest,暗紅,3,26,舌尖,0,0
tip_middle_root_1_2_2,Random Forest,暗紅,3,26,舌左邊,0,0
tip_middle_root_1_2_2,Random Forest,暗紅,3,26,舌根,0,1
tip_middle_root_1_2_2,Random Forest,暗紅,3,31,舌右邊,0,0
tip_middle_root_1_2_2,Random Forest,暗紅,3,31,舌尖,0,0
tip_middle_root_1_2_2,Random Forest,暗紅,3,31,舌左邊,0,0
tip_middle_root_1_2_2,Random Forest,暗紅,3,35,舌中,1,0
tip_middle_root_1_2_2,Random Forest,暗紅,3,35,舌尖,0,0
tip_middle_root_1_2_2,Random Forest,暗紅,3,35,舌根,1,1
tip_middle_root_1_2_2,Random Forest,暗紅,3,39,舌尖,0,0
tip_middle_root_1_2_2,Random Forest,暗紅,3,39,舌左邊,0,0
tip_middle_root_1_2_2,Random Forest,暗紅,3,51,舌中,0,0
tip_middle_root_1_2_2,Random Forest,暗紅,3,51,舌右邊,0,0
tip_middle_root_1_2_2,Random Forest,暗紅,3,51,舌尖,0,1
tip_middle_root_1_2_2,Random Forest,暗紅,3,51,舌左邊,0,0
tip_middle_root_1_2_2,Random Forest,暗紅,3,51,舌根,0,0
tip_middle_root_1_2_2,Random Forest,暗紅,3,56,舌中,1,0
tip_middle_root_1_2_2,Random Forest,暗紅,3,56,舌右邊,1,0
tip_middle_root_1_2_2,Random Forest,暗紅,3,56,舌左邊,1,0
tip_middle_root_1_2_2,Random Forest,暗紅,3,56,舌根,1,0
tip_middle_root_1_2_2,Random Forest,暗紅,3,60,舌中,0,0
tip_middle_root_1_2_2,Random Forest,暗紅,3,60,舌右邊,0,0
tip_middle_root_1_2_2,Random Forest,暗紅,3,60,舌尖,0,0
tip_middle_root_1_2_2,Random Forest,暗紅,3,60,舌左邊,0,0
tip_middle_root_1_2_2,Random Forest,暗紅,3,60,舌根,0,1
tip_middle_root_1_2_2,Random Forest,暗紅,3,72,舌中,0,1
tip_middle_root_1_2_2,Random Forest,暗紅,3,72,舌右邊,0,0
tip_middle_root_1_2_2,Random Forest,暗紅,3,72,舌尖,0,0
tip_middle_root_1_2_2,Random Forest,暗紅,3,72,舌左邊,0,0
tip_middle_root_1_2_2,Random Forest,暗紅,3,74,舌中,1,0
tip_middle_root_1_2_2,Random Forest,暗紅,3,74,舌右邊,1,0
tip_middle_root_1_2_2,Random Forest,暗紅,3,74,舌左邊,1,0
tip_middle_root_1_2_2,Random Forest,暗紅,3,74,舌根,1,0
tip_middle_root_1_2_2,Random Forest,暗紅,3,7,舌中,0,0
tip_middle_root_1_2_2,Random Forest,暗紅,3,7,舌右邊,0,0
tip_middle_root_1_2_2,Random Forest,暗紅,3,7,舌尖,0,0
tip_middle_root_1_2_2,Random Forest,暗紅,3,7,舌左邊,0,0
tip_middle_root_1_2_2,Random Forest,暗紅,3,7,舌根,0,0
tip_middle_root_1_2_2,Random Forest,暗紅,4,17,舌右邊,1,0
tip_middle_root_1_2_2,Random Forest,暗紅,4,17,舌左邊,1,0
tip_middle_root_1_2_2,Random Forest,暗紅,4,17,舌根,1,0
tip_middle_root_1_2_2,Random Forest,暗紅,4,20,舌中,0,1
tip_middle_root_1_2_2,Random Forest,暗紅,4,20,舌右邊,0,1
tip_middle_root_1_2_2,Random Forest,暗紅,4,20,舌尖,0,0
tip_middle_root_1_2_2,Random Forest,暗紅,4,20,舌左邊,0,1
tip_middle_root_1_2_2,Random Forest,暗紅,4,20,舌根,0,1
tip_middle_root_1_2_2,Random Forest,暗紅,4,27,舌中,0,0
tip_middle_root_1_2_2,Random Forest,暗紅,4,27,舌右邊,0,0
tip_middle_root_1_2_2,Random Forest,暗紅,4,27,舌尖,0,0
tip_middle_root_1_2_2,Random Forest,暗紅,4,27,舌左邊,0,0
tip_middle_root_1_2_2,Random Forest,暗紅,4,27,舌根,0,0
tip_middle_root_1_2_2,Random Forest,暗紅,4,30,舌中,0,1
tip_middle_root_1_2_2,Random Forest,暗紅,4,30,舌尖,0,0
tip_middle_root_1_2_2,Random Forest,暗紅,4,30,舌根,0,1
tip_middle_root_1_2_2,Random Forest,暗紅,4,46,舌中,0,0
tip_middle_root_1_2_2,Random Forest,暗紅,4,46,舌右邊,0,0
tip_middle_root_1_2_2,Random Forest,暗紅,4,46,舌尖,0,0
tip_middle_root_1_2_2,Random Forest,暗紅,4,46,舌左邊,0,0
tip_middle_root_1_2_2,Random Forest,暗紅,4,47,舌中,1,0
tip_middle_root_1_2_2,Random Forest,暗紅,4,47,舌右邊,1,0
tip_middle_root_1_2_2,Random Forest,暗紅,4,47,舌尖,1,0
tip_middle_root_1_2_2,Random Forest,暗紅,4,47,舌左邊,1,0
tip_middle_root_1_2_2,Random Forest,暗紅,4,47,舌根,1,0
tip_middle_root_1_2_2,Random Forest,暗紅,4,49,舌中,0,1
tip_middle_root_1_2_2,Random Forest,暗紅,4,49,舌右邊,0,0
tip_middle_root_1_2_2,Random Forest,暗紅,4,49,舌尖,0,1
tip_middle_root_1_2_2,Random Forest,暗紅,4,49,舌左邊,0,1
tip_middle_root_1_2_2,Random Forest,暗紅,4,49,舌根,0,1
tip_middle_root_1_2_2,Random Forest,暗紅,4,52,舌中,0,0
tip_middle_root_1_2_2,Random Forest,暗紅,4,52,舌右邊,0,0
tip_middle_root_1_2_2,Random Forest,暗紅,4,52,舌尖,0,0
tip_middle_root_1_2_2,Random Forest,暗紅,4,52,舌左邊,0,0
tip_middle_root_1_2_2,Random Forest,暗紅,4,52,舌根,0,0
tip_middle_root_1_2_2,Random Forest,暗紅,4,64,舌中,1,1
tip_middle_root_1_2_2,Random Forest,暗紅,4,68,舌右邊,1,1
tip_middle_root_1_2_2,Random Forest,暗紅,4,68,舌左邊,1,1
tip_middle_root_1_2_2,Random Forest,暗紅,4,68,舌根,0,1
tip_middle_root_1_2_2,Random Forest,暗紅,4,87,舌中,0,0
tip_middle_root_1_2_2,Random Forest,暗紅,4,87,舌右邊,0,0
tip_middle_root_1_2_2,Random Forest,暗紅,4,87,舌尖,0,0
tip_middle_root_1_2_2,Random Forest,暗紅,4,87,舌左邊,0,0
tip_middle_root_1_2_2,Random Forest,暗紅,4,87,舌根,0,0
tip_middle_root_1_2_2,Random Forest,暗紅,5,2,舌中,0,0
tip_middle_root_1_2_2,Random Forest,暗紅,5,2,舌右邊,0,0
tip_middle_root_1_2_2,Random Forest,暗紅,5,2,舌左邊,0,0
tip_middle_root_1_2_2,Random Forest,暗紅,5,2,舌根,0,0
tip_middle_root_1_2_2,Random Forest,暗紅,5,36,舌中,0,0
tip_middle_root_1_2_2,Random Forest,暗紅,5,36,舌右邊,0,0
tip_middle_root_1_2_2,Random Forest,暗紅,5,36,舌尖,0,0
tip_middle_root_1_2_2,Random Forest,暗紅,5,36,舌左邊,0,0
tip_middle_root_1_2_2,Random Forest,暗紅,5,36,舌根,0,0
tip_middle_root_1_2_2,Random Forest,暗紅,5,37,舌中,0,0
tip_middle_root_1_2_2,Random Forest,暗紅,5,37,舌右邊,0,0
tip_middle_root_1_2_2,Random Forest,暗紅,5,37,舌尖,0,0
tip_middle_root_1_2_2,Random Forest,暗紅,5,37,舌左邊,0,0
tip_middle_root_1_2_2,Random Forest,暗紅,5,37,舌根,0,1
tip_middle_root_1_2_2,Random Forest,暗紅,5,38,舌中,0,0
tip_middle_root_1_2_2,Random Forest,暗紅,5,38,舌右邊,0,1
tip_middle_root_1_2_2,Random Forest,暗紅,5,38,舌尖,0,0
tip_middle_root_1_2_2,Random Forest,暗紅,5,38,舌左邊,0,1
tip_middle_root_1_2_2,Random Forest,暗紅,5,40,舌根,1,0
tip_middle_root_1_2_2,Random Forest,暗紅,5,42,舌尖,0,0
tip_middle_root_1_2_2,Random Forest,暗紅,5,50,舌中,1,0
tip_middle_root_1_2_2,Random Forest,暗紅,5,50,舌右邊,1,0
tip_middle_root_1_2_2,Random Forest,暗紅,5,50,舌左邊,1,0
tip_middle_root_1_2_2,Random Forest,暗紅,5,50,舌根,1,0
tip_middle_root_1_2_2,Random Forest,暗紅,5,59,舌中,0,0
tip_middle_root_1_2_2,Random Forest,暗紅,5,59,舌右邊,0,1
tip_middle_root_1_2_2,Random Forest,暗紅,5,59,舌尖,0,0
tip_middle_root_1_2_2,Random Forest,暗紅,5,59,舌左邊,0,0
tip_middle_root_1_2_2,Random Forest,暗紅,5,59,舌根,0,0
tip_middle_root_1_2_2,Random Forest,暗紅,5,6,舌中,1,0
tip_middle_root_1_2_2,Random Forest,暗紅,5,6,舌右邊,1,1
tip_middle_root_1_2_2,Random Forest,暗紅,5,6,舌尖,1,0
tip_middle_root_1_2_2,Random Forest,暗紅,5,6,舌左邊,1,1
tip_middle_root_1_2_2,Random Forest,暗紅,5,6,舌根,1,1
tip_middle_root_1_2_2,Random Forest,暗紅,5,85,舌中,0,0
tip_middle_root_1_2_2,Random Forest,暗紅,5,85,舌右邊,0,0
tip_middle_root_1_2_2,Random Forest,暗紅,5,85,舌尖,0,0
tip_middle_root_1_2_2,Random Forest,暗紅,5,85,舌左邊,0,0
tip_middle_root_1_2_2,Random Forest,暗紅,5,85,舌根,0,0
tip_middle_root_1_2_2,Random Forest,暗紅,5,96,舌中,0,0
tip_middle_root_1_2_2,Random Forest,暗紅,5,96,舌右邊,0,0
tip_middle_root_1_2_2,Random Forest,暗紅,5,96,舌尖,0,0
tip_middle_root_1_2_2,Random Forest,暗紅,5,96,舌左邊,0,0
tip_middle_root_1_3_1,SVM,暗紅,1,10,舌右邊,0,1
tip_middle_root_1_3_1,SVM,暗紅,1,10,舌尖,0,1
tip_middle_root_1_3_1,SVM,暗紅,1,10,舌左邊,0,1
tip_middle_root_1_3_1,SVM,暗紅,1,23,舌中,0,0
tip_middle_root_1_3_1,SVM,暗紅,1,23,舌右邊,0,0
tip_middle_root_1_3_1,SVM,暗紅,1,23,舌尖,0,0
tip_middle_root_1_3_1,SVM,暗紅,1,23,舌左邊,0,0
tip_middle_root_1_3_1,SVM,暗紅,1,23,舌根,0,1
tip_middle_root_1_3_1,SVM,暗紅,1,41,舌中,1,0
tip_middle_root_1_3_1,SVM,暗紅,1,41,舌右邊,1,0
tip_middle_root_1_3_1,SVM,暗紅,1,41,舌尖,1,0
tip_middle_root_1_3_1,SVM,暗紅,1,41,舌左邊,1,0
tip_middle_root_1_3_1,SVM,暗紅,1,44,舌中,0,0
tip_middle_root_1_3_1,SVM,暗紅,1,44,舌右邊,0,0
tip_middle_root_1_3_1,SVM,暗紅,1,44,舌尖,0,0
tip_middle_root_1_3_1,SVM,暗紅,1,44,舌左邊,0,0
tip_middle_root_1_3_1,SVM,暗紅,1,45,舌中,1,0
tip_middle_root_1_3_1,SVM,暗紅,1,45,舌右邊,0,0
tip_middle_root_1_3_1,SVM,暗紅,1,45,舌尖,0,0
tip_middle_root_1_3_1,SVM,暗紅,1,45,舌左邊,0,0
tip_middle_root_1_3_1,SVM,暗紅,1,45,舌根,1,1
tip_middle_root_1_3_1,SVM,暗紅,1,53,舌中,0,0
tip_middle_root_1_3_1,SVM,暗紅,1,53,舌右邊,0,0
tip_middle_root_1_3_1,SVM,暗紅,1,53,舌尖,0,0
tip_middle_root_1_3_1,SVM,暗紅,1,53,舌左邊,0,0
tip_middle_root_1_3_1,SVM,暗紅,1,53,舌根,0,0
tip_middle_root_1_3_1,SVM,暗紅,1,57,舌中,1,0
tip_middle_root_1_3_1,SVM,暗紅,1,57,舌右邊,1,0
tip_middle_root_1_3_1,SVM,暗紅,1,57,舌尖,1,0
tip_middle_root_1_3_1,SVM,暗紅,1,57,舌左邊,1,0
tip_middle_root_1_3_1,SVM,暗紅,1,57,舌根,1,0
tip_middle_root_1_3_1,SVM,暗紅,1,5,舌中,0,0
tip_middle_root_1_3_1,SVM,暗紅,1,5,舌右邊,0,0
tip_middle_root_1_3_1,SVM,暗紅,1,5,舌尖,0,1
tip_middle_root_1_3_1,SVM,暗紅,1,5,舌左邊,0,1
tip_middle_root_1_3_1,SVM,暗紅,1,5,舌根,0,1
tip_middle_root_1_3_1,SVM,暗紅,1,70,舌中,0,1
tip_middle_root_1_3_1,SVM,暗紅,1,70,舌右邊,0,0
tip_middle_root_1_3_1,SVM,暗紅,1,70,舌尖,0,0
tip_middle_root_1_3_1,SVM,暗紅,1,70,舌左邊,0,0
tip_middle_root_1_3_1,SVM,暗紅,1,70,舌根,0,0
tip_middle_root_1_3_1,SVM,暗紅,1,8,舌中,0,0
tip_middle_root_1_3_1,SVM,暗紅,1,8,舌右邊,0,1
tip_middle_root_1_3_1,SVM,暗紅,1,8,舌尖,0,1
tip_middle_root_1_3_1,SVM,暗紅,1,8,舌左邊,0,0
tip_middle_root_1_3_1,SVM,暗紅,1,8,舌根,0,1
tip_middle_root_1_3_1,SVM,暗紅,2,11,舌中,1,1
tip_middle_root_1_3_1,SVM,暗紅,2,11,舌右邊,1,1
tip_middle_root_1_3_1,SVM,暗紅,2,11,舌尖,1,1
tip_middle_root_1_3_1,SVM,暗紅,2,11,舌左邊,1,0
tip_middle_root_1_3_1,SVM,暗紅,2,11,舌根,1,0
tip_middle_root_1_3_1,SVM,暗紅,2,19,舌中,0,0
tip_middle_root_1_3_1,SVM,暗紅,2,19,舌右邊,0,0
tip_middle_root_1_3_1,SVM,暗紅,2,19,舌尖,0,0
tip_middle_root_1_3_1,SVM,暗紅,2,19,舌左邊,0,0
tip_middle_root_1_3_1,SVM,暗紅,2,19,舌根,0,1
tip_middle_root_1_3_1,SVM,暗紅,2,24,舌中,0,0
tip_middle_root_1_3_1,SVM,暗紅,2,24,舌根,0,1
tip_middle_root_1_3_1,SVM,暗紅,2,29,舌中,0,0
tip_middle_root_1_3_1,SVM,暗紅,2,29,舌尖,0,0
tip_middle_root_1_3_1,SVM,暗紅,2,32,舌中,0,0
tip_middle_root_1_3_1,SVM,暗紅,2,32,舌右邊,0,0
tip_middle_root_1_3_1,SVM,暗紅,2,32,舌尖,0,0
tip_middle_root_1_3_1,SVM,暗紅,2,32,舌左邊,0,0
tip_middle_root_1_3_1,SVM,暗紅,2,32,舌根,0,1
tip_middle_root_1_3_1,SVM,暗紅,2,34,舌中,0,1
tip_middle_root_1_3_1,SVM,暗紅,2,34,舌右邊,0,0
tip_middle_root_1_3_1,SVM,暗紅,2,34,舌尖,0,0
tip_middle_root_1_3_1,SVM,暗紅,2,34,舌左邊,0,1
tip_middle_root_1_3_1,SVM,暗紅,2,48,舌中,1,0
tip_middle_root_1_3_1,SVM,暗紅,2,48,舌右邊,1,0
tip_middle_root_1_3_1,SVM,暗紅,2,48,舌左邊,1,0
tip_middle_root_1_3_1,SVM,暗紅,2,48,舌根,1,0
tip_middle_root_1_3_1,SVM,暗紅,2,54,舌中,0,0
tip_middle_root_1_3_1,SVM,暗紅,2,54,舌右邊,0,1
tip_middle_root_1_3_1,SVM,暗紅,2,54,舌尖,0,1
tip_middle_root_1_3_1,SVM,暗紅,2,54,舌左邊,0,0
tip_middle_root_1_3_1,SVM,暗紅,2,54,舌根,0,1
tip_middle_root_1_3_1,SVM,暗紅,2,55,舌中,0,0
tip_middle_root_1_3_1,SVM,暗紅,2,55,舌右邊,0,0
tip_middle_root_1_3_1,SVM,暗紅,2,55,舌尖,0,0
tip_middle_root_1_3_1,SVM,暗紅,2,55,舌左邊,0,0
tip_middle_root_1_3_1,SVM,暗紅,2,55,舌根,0,0
tip_middle_root_1_3_1,SVM,暗紅,2,58,舌根,1,0
tip_middle_root_1_3_1,SVM,暗紅,2,9,舌中,0,0
tip_middle_root_1_3_1,SVM,暗紅,2,9,舌右邊,0,0
tip_middle_root_1_3_1,SVM,暗紅,2,9,舌尖,0,0
tip_middle_root_1_3_1,SVM,暗紅,2,9,舌左邊,0,0
tip_middle_root_1_3_1,SVM,暗紅,2,9,舌根,0,0
tip_middle_root_1_3_1,SVM,暗紅,3,13,舌中,0,0
tip_middle_root_1_3_1,SVM,暗紅,3,13,舌右邊,0,0
tip_middle_root_1_3_1,SVM,暗紅,3,13,舌尖,0,0
tip_middle_root_1_3_1,SVM,暗紅,3,13,舌左邊,0,0
tip_middle_root_1_3_1,SVM,暗紅,3,13,舌根,0,1
tip_middle_root_1_3_1,SVM,暗紅,3,26,舌中,0,0
tip_middle_root_1_3_1,SVM,暗紅,3,26,舌右邊,0,0
tip_middle_root_1_3_1,SVM,暗紅,3,26,舌尖,0,0
tip_middle_root_1_3_1,SVM,暗紅,3,26,舌左邊,0,0
tip_middle_root_1_3_1,SVM,暗紅,3,26,舌根,0,1
tip_middle_root_1_3_1,SVM,暗紅,3,31,舌右邊,0,0
tip_middle_root_1_3_1,SVM,暗紅,3,31,舌尖,0,0
tip_middle_root_1_3_1,SVM,暗紅,3,31,舌左邊,0,0
tip_middle_root_1_3_1,SVM,暗紅,3,35,舌中,1,0
tip_middle_root_1_3_1,SVM,暗紅,3,35,舌尖,0,0
tip_middle_root_1_3_1,SVM,暗紅,3,35,舌根,1,1
tip_middle_root_1_3_1,SVM,暗紅,3,39,舌尖,0,0
tip_middle_root_1_3_1,SVM,暗紅,3,39,舌左邊,0,0
tip_middle_root_1_3_1,SVM,暗紅,3,51,舌中,0,0
tip_middle_root_1_3_1,SVM,暗紅,3,51,舌右邊,0,0
tip_middle_root_1_3_1,SVM,暗紅,3,51,舌尖,0,0
tip_middle_root_1_3_1,SVM,暗紅,3,51,舌左邊,0,0
tip_middle_root_1_3_1,SVM,暗紅,3,51,舌根,0,0
tip_middle_root_1_3_1,SVM,暗紅,3,56,舌中,1,0
tip_middle_root_1_3_1,SVM,暗紅,3,56,舌右邊,1,0
tip_middle_root_1_3_1,SVM,暗紅,3,56,舌左邊,1,0
tip_middle_root_1_3_1,SVM,暗紅,3,56,舌根,1,0
tip_middle_root_1_3_1,SVM,暗紅,3,60,舌中,0,0
tip_middle_root_1_3_1,SVM,暗紅,3,60,舌右邊,0,0
tip_middle_root_1_3_1,SVM,暗紅,3,60,舌尖,0,0
tip_middle_root_1_3_1,SVM,暗紅,3,60,舌左邊,0,0
tip_middle_root_1_3_1,SVM,暗紅,3,60,舌根,0,1
tip_middle_root_1_3_1,SVM,暗紅,3,72,舌中,0,1
tip_middle_root_1_3_1,SVM,暗紅,3,72,舌右邊,0,1
tip_middle_root_1_3_1,SVM,暗紅,3,72,舌尖,0,1
tip_middle_root_1_3_1,SVM,暗紅,3,72,舌左邊,0,1
tip_middle_root_1_3_1,SVM,暗紅,3,74,舌中,1,0
tip_middle_root_1_3_1,SVM,暗紅,3,74,舌右邊,1,0
tip_middle_root_1_3_1,SVM,暗紅,3,74,舌左邊,1,1
tip_middle_root_1_3_1,SVM,暗紅,3,74,舌根,1,1
tip_middle_root_1_3_1,SVM,暗紅,3,7,舌中,0,0
tip_middle_root_1_3_1,SVM,暗紅,3,7,舌右邊,0,0
tip_middle_root_1_3_1,SVM,暗紅,3,7,舌尖,0,0
tip_middle_root_1_3_1,SVM,暗紅,3,7,舌左邊,0,0
tip_middle_root_1_3_1,SVM,暗紅,3,7,舌根,0,1
tip_middle_root_1_3_1,SVM,暗紅,4,17,舌右邊,1,0
tip_middle_root_1_3_1,SVM,暗紅,4,17,舌左邊,1,0
tip_middle_root_1_3_1,SVM,暗紅,4,17,舌根,1,1
tip_middle_root_1_3_1,SVM,暗紅,4,20,舌中,0,1
tip_middle_root_1_3_1,SVM,暗紅,4,20,舌右邊,0,1
tip_middle_root_1_3_1,SVM,暗紅,4,20,舌尖,0,0
tip_middle_root_1_3_1,SVM,暗紅,4,20,舌左邊,0,1
tip_middle_root_1_3_1,SVM,暗紅,4,20,舌根,0,1
tip_middle_root_1_3_1,SVM,暗紅,4,27,舌中,0,0
tip_middle_root_1_3_1,SVM,暗紅,4,27,舌右邊,0,0
tip_middle_root_1_3_1,SVM,暗紅,4,27,舌尖,0,1
tip_middle_root_1_3_1,SVM,暗紅,4,27,舌左邊,0,0
tip_middle_root_1_3_1,SVM,暗紅,4,27,舌根,0,0
tip_middle_root_1_3_1,SVM,暗紅,4,30,舌中,0,1
tip_middle_root_1_3_1,SVM,暗紅,4,30,舌尖,0,1
tip_middle_root_1_3_1,SVM,暗紅,4,30,舌根,0,1
tip_middle_root_1_3_1,SVM,暗紅,4,46,舌中,0,0
tip_middle_root_1_3_1,SVM,暗紅,4,46,舌右邊,0,1
tip_middle_root_1_3_1,SVM,暗紅,4,46,舌尖,0,0
tip_middle_root_1_3_1,SVM,暗紅,4,46,舌左邊,0,0
tip_middle_root_1_3_1,SVM,暗紅,4,47,舌中,1,0
tip_middle_root_1_3_1,SVM,暗紅,4,47,舌右邊,1,0
tip_middle_root_1_3_1,SVM,暗紅,4,47,舌尖,1,0
tip_middle_root_1_3_1,SVM,暗紅,4,47,舌左邊,1,0
tip_middle_root_1_3_1,SVM,暗紅,4,47,舌根,1,1
tip_middle_root_1_3_1,SVM,暗紅,4,49,舌中,0,1
tip_middle_root_1_3_1,SVM,暗紅,4,49,舌右邊,0,1
tip_middle_root_1_3_1,SVM,暗紅,4,49,舌尖,0,1
tip_middle_root_1_3_1,SVM,暗紅,4,49,舌左邊,0,0
tip_middle_root_1_3_1,SVM,暗紅,4,49,舌根,0,1
tip_middle_root_1_3_1,SVM,暗紅,4,52,舌中,0,0
tip_middle_root_1_3_1,SVM,暗紅,4,52,舌右邊,0,0
tip_middle_root_1_3_1,SVM,暗紅,4,52,舌尖,0,0
tip_middle_root_1_3_1,SVM,暗紅,4,52,舌左邊,0,0
tip_middle_root_1_3_1,SVM,暗紅,4,52,舌根,0,1
tip_middle_root_1_3_1,SVM,暗紅,4,64,舌中,1,1
tip_middle_root_1_3_1,SVM,暗紅,4,68,舌右邊,1,1
tip_middle_root_1_3_1,SVM,暗紅,4,68,舌左邊,1,1
tip_middle_root_1_3_1,SVM,暗紅,4,68,舌根,0,1
tip_middle_root_1_3_1,SVM,暗紅,4,87,舌中,0,0
tip_middle_root_1_3_1,SVM,暗紅,4,87,舌右邊,0,0
tip_middle_root_1_3_1,SVM,暗紅,4,87,舌尖,0,0
tip_middle_root_1_3_1,SVM,暗紅,4,87,舌左邊,0,0
tip_middle_root_1_3_1,SVM,暗紅,4,87,舌根,0,0
tip_middle_root_1_3_1,SVM,暗紅,5,2,舌中,0,0
tip_middle_root_1_3_1,SVM,暗紅,5,2,舌右邊,0,0
tip_middle_root_1_3_1,SVM,暗紅,5,2,舌左邊,0,0
tip_middle_root_1_3_1,SVM,暗紅,5,2,舌根,0,0
tip_middle_root_1_3_1,SVM,暗紅,5,36,舌中,0,0
tip_middle_root_1_3_1,SVM,暗紅,5,36,舌右邊,0,0
tip_middle_root_1_3_1,SVM,暗紅,5,36,舌尖,0,0
tip_middle_root_1_3_1,SVM,暗紅,5,36,舌左邊,0,0
tip_middle_root_1_3_1,SVM,暗紅,5,36,舌根,0,0
tip_middle_root_1_3_1,SVM,暗紅,5,37,舌中,0,0
tip_middle_root_1_3_1,SVM,暗紅,5,37,舌右邊,0,1
tip_middle_root_1_3_1,SVM,暗紅,5,37,舌尖,0,0
tip_middle_root_1_3_1,SVM,暗紅,5,37,舌左邊,0,0
tip_middle_root_1_3_1,SVM,暗紅,5,37,舌根,0,1
tip_middle_root_1_3_1,SVM,暗紅,5,38,舌中,0,0
tip_middle_root_1_3_1,SVM,暗紅,5,38,舌右邊,0,0
tip_middle_root_1_3_1,SVM,暗紅,5,38,舌尖,0,0
tip_middle_root_1_3_1,SVM,暗紅,5,38,舌左邊,0,0
tip_middle_root_1_3_1,SVM,暗紅,5,40,舌根,1,1
tip_middle_root_1_3_1,SVM,暗紅,5,42,舌尖,0,0
tip_middle_root_1_3_1,SVM,暗紅,5,50,舌中,1,0
tip_middle_root_1_3_1,SVM,暗紅,5,50,舌右邊,1,0
tip_middle_root_1_3_1,SVM,暗紅,5,50,舌左邊,1,0
tip_middle_root_1_3_1,SVM,暗紅,5,50,舌根,1,1
tip_middle_root_1_3_1,SVM,暗紅,5,59,舌中,0,0
tip_middle_root_1_3_1,SVM,暗紅,5,59,舌右邊,0,1
tip_middle_root_1_3_1,SVM,暗紅,5,59,舌尖,0,0
tip_middle_root_1_3_1,SVM,暗紅,5,59,舌左邊,0,0
tip_middle_root_1_3_1,SVM,暗紅,5,59,舌根,0,0
tip_middle_root_1_3_1,SVM,暗紅,5,6,舌中,1,1
tip_middle_root_1_3_1,SVM,暗紅,5,6,舌右邊,1,1
tip_middle_root_1_3_1,SVM,暗紅,5,6,舌尖,1,1
tip_middle_root_1_3_1,SVM,暗紅,5,6,舌左邊,1,1
tip_middle_root_1_3_1,SVM,暗紅,5,6,舌根,1,1
tip_middle_root_1_3_1,SVM,暗紅,5,85,舌中,0,0
tip_middle_root_1_3_1,SVM,暗紅,5,85,舌右邊,0,0
tip_middle_root_1_3_1,SVM,暗紅,5,85,舌尖,0,0
tip_middle_root_1_3_1,SVM,暗紅,5,85,舌左邊,0,0
tip_middle_root_1_3_1,SVM,暗紅,5,85,舌根,0,1
tip_middle_root_1_3_1,SVM,暗紅,5,96,舌中,0,0
tip_middle_root_1_3_1,SVM,暗紅,5,96,舌右邊,0,0
tip_middle_root_1_3_1,SVM,暗紅,5,96,舌尖,0,0
tip_middle_root_1_3_1,SVM,暗紅,5,96,舌左邊,0,0
tip_middle_root_1_3_1,Random Forest,暗紅,1,10,舌右邊,0,1
tip_middle_root_1_3_1,Random Forest,暗紅,1,10,舌尖,0,1
tip_middle_root_1_3_1,Random Forest,暗紅,1,10,舌左邊,0,1
tip_middle_root_1_3_1,Random Forest,暗紅,1,23,舌中,0,0
tip_middle_root_1_3_1,Random Forest,暗紅,1,23,舌右邊,0,0
tip_middle_root_1_3_1,Random Forest,暗紅,1,23,舌尖,0,0
tip_middle_root_1_3_1,Random Forest,暗紅,1,23,舌左邊,0,0
tip_middle_root_1_3_1,Random Forest,暗紅,1,23,舌根,0,0
tip_middle_root_1_3_1,Random Forest,暗紅,1,41,舌中,1,1
tip_middle_root_1_3_1,Random Forest,暗紅,1,41,舌右邊,1,0
tip_middle_root_1_3_1,Random Forest,暗紅,1,41,舌尖,1,0
tip_middle_root_1_3_1,Random Forest,暗紅,1,41,舌左邊,1,0
tip_middle_root_1_3_1,Random Forest,暗紅,1,44,舌中,0,0
tip_middle_root_1_3_1,Random Forest,暗紅,1,44,舌右邊,0,0
tip_middle_root_1_3_1,Random Forest,暗紅,1,44,舌尖,0,0
tip_middle_root_1_3_1,Random Forest,暗紅,1,44,舌左邊,0,0
tip_middle_root_1_3_1,Random Forest,暗紅,1,45,舌中,1,1
tip_middle_root_1_3_1,Random Forest,暗紅,1,45,舌右邊,0,0
tip_middle_root_1_3_1,Random Forest,暗紅,1,45,舌尖,0,0
tip_middle_root_1_3_1,Random Forest,暗紅,1,45,舌左邊,0,0
tip_middle_root_1_3_1,Random Forest,暗紅,1,45,舌根,1,0
tip_middle_root_1_3_1,Random Forest,暗紅,1,53,舌中,0,0
tip_middle_root_1_3_1,Random Forest,暗紅,1,53,舌右邊,0,0
tip_middle_root_1_3_1,Random Forest,暗紅,1,53,舌尖,0,0
tip_middle_root_1_3_1,Random Forest,暗紅,1,53,舌左邊,0,0
tip_middle_root_1_3_1,Random Forest,暗紅,1,53,舌根,0,0
tip_middle_root_1_3_1,Random Forest,暗紅,1,57,舌中,1,0
tip_middle_root_1_3_1,Random Forest,暗紅,1,57,舌右邊,1,0
tip_middle_root_1_3_1,Random Forest,暗紅,1,57,舌尖,1,0
tip_middle_root_1_3_1,Random Forest,暗紅,1,57,舌左邊,1,0
tip_middle_root_1_3_1,Random Forest,暗紅,1,57,舌根,1,0
tip_middle_root_1_3_1,Random Forest,暗紅,1,5,舌中,0,0
tip_middle_root_1_3_1,Random Forest,暗紅,1,5,舌右邊,0,1
tip_middle_root_1_3_1,Random Forest,暗紅,1,5,舌尖,0,1
tip_middle_root_1_3_1,Random Forest,暗紅,1,5,舌左邊,0,1
tip_middle_root_1_3_1,Random Forest,暗紅,1,5,舌根,0,1
tip_middle_root_1_3_1,Random Forest,暗紅,1,70,舌中,0,0
tip_middle_root_1_3_1,Random Forest,暗紅,1,70,舌右邊,0,0
tip_middle_root_1_3_1,Random Forest,暗紅,1,70,舌尖,0,0
tip_middle_root_1_3_1,Random Forest,暗紅,1,70,舌左邊,0,0
tip_middle_root_1_3_1,Random Forest,暗紅,1,70,舌根,0,0
tip_middle_root_1_3_1,Random Forest,暗紅,1,8,舌中,0,0
tip_middle_root_1_3_1,Random Forest,暗紅,1,8,舌右邊,0,1
tip_middle_root_1_3_1,Random Forest,暗紅,1,8,舌尖,0,1
tip_middle_root_1_3_1,Random Forest,暗紅,1,8,舌左邊,0,0
tip_middle_root_1_3_1,Random Forest,暗紅,1,8,舌根,0,0
tip_middle_root_1_3_1,Random Forest,暗紅,2,11,舌中,1,1
tip_middle_root_1_3_1,Random Forest,暗紅,2,11,舌右邊,1,0
tip_middle_root_1_3_1,Random Forest,暗紅,2,11,舌尖,1,0
tip_middle_root_1_3_1,Random Forest,暗紅,2,11,舌左邊,1,0
tip_middle_root_1_3_1,Random Forest,暗紅,2,11,舌根,1,0
tip_middle_root_1_3_1,Random Forest,暗紅,2,19,舌中,0,0
tip_middle_root_1_3_1,Random Forest,暗紅,2,19,舌右邊,0,0
tip_middle_root_1_3_1,Random Forest,暗紅,2,19,舌尖,0,0
tip_middle_root_1_3_1,Random Forest,暗紅,2,19,舌左邊,0,0
tip_middle_root_1_3_1,Random Forest,暗紅,2,19,舌根,0,0
tip_middle_root_1_3_1,Random Forest,暗紅,2,24,舌中,0,0
tip_middle_root_1_3_1,Random Forest,暗紅,2,24,舌根,0,0
tip_middle_root_1_3_1,Random Forest,暗紅,2,29,舌中,0,0
tip_middle_root_1_3_1,Random Forest,暗紅,2,29,舌尖,0,0
tip_middle_root_1_3_1,Random Forest,暗紅,2,32,舌中,0,0
tip_middle_root_1_3_1,Random Forest,暗紅,2,32,舌右邊,0,0
tip_middle_root_1_3_1,Random Forest,暗紅,2,32,舌尖,0,0
tip_middle_root_1_3_1,Random Forest,暗紅,2,32,舌左邊,0,0
tip_middle_root_1_3_1,Random Forest,暗紅,2,32,舌根,0,1
tip_middle_root_1_3_1,Random Forest,暗紅,2,34,舌中,0,0
tip_middle_root_1_3_1,Random Forest,暗紅,2,34,舌右邊,0,0
tip_middle_root_1_3_1,Random Forest,暗紅,2,34,舌尖,0,0
tip_middle_root_1_3_1,Random Forest,暗紅,2,34,舌左邊,0,1
tip_middle_root_1_3_1,Random Forest,暗紅,2,48,舌中,1,0
tip_middle_root_1_3_1,Random Forest,暗紅,2,48,舌右邊,1,0
tip_middle_root_1_3_1,Random Forest,暗紅,2,48,舌左邊,1,0
tip_middle_root_1_3_1,Random Forest,暗紅,2,48,舌根,1,0
tip_middle_root_1_3_1,Random Forest,暗紅,2,54,舌中,0,0
tip_middle_root_1_3_1,Random Forest,暗紅,2,54,舌右邊,0,1
tip_middle_root_1_3_1,Random Forest,暗紅,2,54,舌尖,0,0
tip_middle_root_1_3_1,Random Forest,暗紅,2,54,舌左邊,0,0
tip_middle_root_1_3_1,Random Forest,暗紅,2,54,舌根,0,0
tip_middle_root_1_3_1,Random Forest,暗紅,2,55,舌中,0,0
tip_middle_root_1_3_1,Random Forest,暗紅,2,55,舌右邊,0,0
tip_middle_root_1_3_1,Random Forest,暗紅,2,55,舌尖,0,0
tip_middle_root_1_3_1,Random Forest,暗紅,2,55,舌左邊,0,0
tip_middle_root_1_3_1,Random Forest,暗紅,2,55,舌根,0,0
tip_middle_root_1_3_1,Random Forest,暗紅,2,58,舌根,1,0
tip_middle_root_1_3_1,Random Forest,暗紅,2,9,舌中,0,1
tip_middle_root_1_3_1,Random Forest,暗紅,2,9,舌右邊,0,0
tip_middle_root_1_3_1,Random Forest,暗紅,2,9,舌尖,0,0
tip_middle_root_1_3_1,Random Forest,暗紅,2,9,舌左邊,0,0
tip_middle_root_1_3_1,Random Forest,暗紅,2,9,舌根,0,0
tip_middle_root_1_3_1,Random Forest,暗紅,3,13,舌中,0,0
tip_middle_root_1_3_1,Random Forest,暗紅,3,13,舌右邊,0,0
tip_middle_root_1_3_1,Random Forest,暗紅,3,13,舌尖,0,0
tip_middle_root_1_3_1,Random Forest,暗紅,3,13,舌左邊,0,0
tip_middle_root_1_3_1,Random Forest,暗紅,3,13,舌根,0,0
tip_middle_root_1_3_1,Random Forest,暗紅,3,26,舌中,0,0
tip_middle_root_1_3_1,Random Forest,暗紅,3,26,舌右邊,0,0
tip_middle_root_1_3_1,Random Forest,暗紅,3,26,舌尖,0,0
tip_middle_root_1_3_1,Random Forest,暗紅,3,26,舌左邊,0,0
tip_middle_root_1_3_1,Random Forest,暗紅,3,26,舌根,0,1
tip_middle_root_1_3_1,Random Forest,暗紅,3,31,舌右邊,0,0
tip_middle_root_1_3_1,Random Forest,暗紅,3,31,舌尖,0,0
tip_middle_root_1_3_1,Random Forest,暗紅,3,31,舌左邊,0,0
tip_middle_root_1_3_1,Random Forest,暗紅,3,35,舌中,1,0
tip_middle_root_1_3_1,Random Forest,暗紅,3,35,舌尖,0,0
tip_middle_root_1_3_1,Random Forest,暗紅,3,35,舌根,1,1
tip_middle_root_1_3_1,Random Forest,暗紅,3,39,舌尖,0,0
tip_middle_root_1_3_1,Random Forest,暗紅,3,39,舌左邊,0,0
tip_middle_root_1_3_1,Random Forest,暗紅,3,51,舌中,0,0
tip_middle_root_1_3_1,Random Forest,暗紅,3,51,舌右邊,0,1
tip_middle_root_1_3_1,Random Forest,暗紅,3,51,舌尖,0,1
tip_middle_root_1_3_1,Random Forest,暗紅,3,51,舌左邊,0,0
tip_middle_root_1_3_1,Random Forest,暗紅,3,51,舌根,0,0
tip_middle_root_1_3_1,Random Forest,暗紅,3,56,舌中,1,0
tip_middle_root_1_3_1,Random Forest,暗紅,3,56,舌右邊,1,0
tip_middle_root_1_3_1,Random Forest,暗紅,3,56,舌左邊,1,0
tip_middle_root_1_3_1,Random Forest,暗紅,3,56,舌根,1,0
tip_middle_root_1_3_1,Random Forest,暗紅,3,60,舌中,0,0
tip_middle_root_1_3_1,Random Forest,暗紅,3,60,舌右邊,0,0
tip_middle_root_1_3_1,Random Forest,暗紅,3,60,舌尖,0,0
tip_middle_root_1_3_1,Random Forest,暗紅,3,60,舌左邊,0,0
tip_middle_root_1_3_1,Random Forest,暗紅,3,60,舌根,0,1
tip_middle_root_1_3_1,Random Forest,暗紅,3,72,舌中,0,1
tip_middle_root_1_3_1,Random Forest,暗紅,3,72,舌右邊,0,1
tip_middle_root_1_3_1,Random Forest,暗紅,3,72,舌尖,0,1
tip_middle_root_1_3_1,Random Forest,暗紅,3,72,舌左邊,0,1
tip_middle_root_1_3_1,Random Forest,暗紅,3,74,舌中,1,0
tip_middle_root_1_3_1,Random Forest,暗紅,3,74,舌右邊,1,0
tip_middle_root_1_3_1,Random Forest,暗紅,3,74,舌左邊,1,1
tip_middle_root_1_3_1,Random Forest,暗紅,3,74,舌根,1,0
tip_middle_root_1_3_1,Random Forest,暗紅,3,7,舌中,0,0
tip_middle_root_1_3_1,Random Forest,暗紅,3,7,舌右邊,0,0
tip_middle_root_1_3_1,Random Forest,暗紅,3,7,舌尖,0,0
tip_middle_root_1_3_1,Random Forest,暗紅,3,7,舌左邊,0,0
tip_middle_root_1_3_1,Random Forest,暗紅,3,7,舌根,0,0
tip_middle_root_1_3_1,Random Forest,暗紅,4,17,舌右邊,1,0
tip_middle_root_1_3_1,Random Forest,暗紅,4,17,舌左邊,1,0
tip_middle_root_1_3_1,Random Forest,暗紅,4,17,舌根,1,0
tip_middle_root_1_3_1,Random Forest,暗紅,4,20,舌中,0,1
tip_middle_root_1_3_1,Random Forest,暗紅,4,20,舌右邊,0,1
tip_middle_root_1_3_1,Random Forest,暗紅,4,20,舌尖,0,0
tip_middle_root_1_3_1,Random Forest,暗紅,4,20,舌左邊,0,1
tip_middle_root_1_3_1,Random Forest,暗紅,4,20,舌根,0,0
tip_middle_root_1_3_1,Random Forest,暗紅,4,27,舌中,0,0
tip_middle_root_1_3_1,Random Forest,暗紅,4,27,舌右邊,0,0
tip_middle_root_1_3_1,Random Forest,暗紅,4,27,舌尖,0,0
tip_middle_root_1_3_1,Random Forest,暗紅,4,27,舌左邊,0,0
tip_middle_root_1_3_1,Random Forest,暗紅,4,27,舌根,0,0
tip_middle_root_1_3_1,Random Forest,暗紅,4,30,舌中,0,1
tip_middle_root_1_3_1,Random Forest,暗紅,4,30,舌尖,0,0
tip_middle_root_1_3_1,Random Forest,暗紅,4,30,舌根,0,1
tip_middle_root_1_3_1,Random Forest,暗紅,4,46,舌中,0,0
tip_middle_root_1_3_1,Random Forest,暗紅,4,46,舌右邊,0,0
tip_middle_root_1_3_1,Random Forest,暗紅,4,46,舌尖,0,1
tip_middle_root_1_3_1,Random Forest,暗紅,4,46,舌左邊,0,0
tip_middle_root_1_3_1,Random Forest,暗紅,4,47,舌中,1,0
tip_middle_root_1_3_1,Random Forest,暗紅,4,47,舌右邊,1,0
tip_middle_root_1_3_1,Random Forest,暗紅,4,47,舌尖,1,0
tip_middle_root_1_3_1,Random Forest,暗紅,4,47,舌左邊,1,0
tip_middle_root_1_3_1,Random Forest,暗紅,4,47,舌根,1,0
tip_middle_root_1_3_1,Random Forest,暗紅,4,49,舌中,0,1
tip_middle_root_1_3_1,Random Forest,暗紅,4,49,舌右邊,0,0
tip_middle_root_1_3_1,Random Forest,暗紅,4,49,舌尖,0,1
tip_middle_root_1_3_1,Random Forest,暗紅,4,49,舌左邊,0,1
tip_middle_root_1_3_1,Random Forest,暗紅,4,49,舌根,0,0
tip_middle_root_1_3_1,Random Forest,暗紅,4,52,舌中,0,0
tip_middle_root_1_3_1,Random Forest,暗紅,4,52,舌右邊,0,0
tip_middle_root_1_3_1,Random Forest,暗紅,4,52,舌尖,0,0
tip_middle_root_1_3_1,Random Forest,暗紅,4,52,舌左邊,0,1
tip_middle_root_1_3_1,Random Forest,暗紅,4,52,舌根,0,0
tip_middle_root_1_3_1,Random Forest,暗紅,4,64,舌中,1,0
tip_middle_root_1_3_1,Random Forest,暗紅,4,68,舌右邊,1,1
tip_middle_root_1_3_1,Random Forest,暗紅,4,68,舌左邊,1,1
tip_middle_root_1_3_1,Random Forest,暗紅,4,68,舌根,0,1
tip_middle_root_1_3_1,Random Forest,暗紅,4,87,舌中,0,0
tip_middle_root_1_3_1,Random Forest,暗紅,4,87,舌右邊,0,0
tip_middle_root_1_3_1,Random Forest,暗紅,4,87,舌尖,0,0
tip_middle_root_1_3_1,Random Forest,暗紅,4,87,舌左邊,0,0
tip_middle_root_1_3_1,Random Forest,暗紅,4,87,舌根,0,0
tip_middle_root_1_3_1,Random Forest,暗紅,5,2,舌中,0,0
tip_middle_root_1_3_1,Random Forest,暗紅,5,2,舌右邊,0,0
tip_middle_root_1_3_1,Random Forest,暗紅,5,2,舌左邊,0,0
tip_middle_root_1_3_1,Random Forest,暗紅,5,2,舌根,0,0
tip_middle_root_1_3_1,Random Forest,暗紅,5,36,舌中,0,0
tip_middle_root_1_3_1,Random Forest,暗紅,5,36,舌右邊,0,0
tip_middle_root_1_3_1,Random Forest,暗紅,5,36,舌尖,0,0
tip_middle_root_1_3_1,Random Forest,暗紅,5,36,舌左邊,0,0
tip_middle_root_1_3_1,Random Forest,暗紅,5,36,舌根,0,0
tip_middle_root_1_3_1,Random Forest,暗紅,5,37,舌中,0,0
tip_middle_root_1_3_1,Random Forest,暗紅,5,37,舌右邊,0,0
tip_middle_root_1_3_1,Random Forest,暗紅,5,37,舌尖,0,0
tip_middle_root_1_3_1,Random Forest,暗紅,5,37,舌左邊,0,0
tip_middle_root_1_3_1,Random Forest,暗紅,5,37,舌根,0,1
tip_middle_root_1_3_1,Random Forest,暗紅,5,38,舌中,0,0
tip_middle_root_1_3_1,Random Forest,暗紅,5,38,舌右邊,0,1
tip_middle_root_1_3_1,Random Forest,暗紅,5,38,舌尖,0,0
tip_middle_root_1_3_1,Random Forest,暗紅,5,38,舌左邊,0,0
tip_middle_root_1_3_1,Random Forest,暗紅,5,40,舌根,1,1
tip_middle_root_1_3_1,Random Forest,暗紅,5,42,舌尖,0,0
tip_middle_root_1_3_1,Random Forest,暗紅,5,50,舌中,1,0
tip_middle_root_1_3_1,Random Forest,暗紅,5,50,舌右邊,1,0
tip_middle_root_1_3_1,Random Forest,暗紅,5,50,舌左邊,1,0
tip_middle_root_1_3_1,Random Forest,暗紅,5,50,舌根,1,1
tip_middle_root_1_3_1,Random Forest,暗紅,5,59,舌中,0,0
tip_middle_root_1_3_1,Random Forest,暗紅,5,59,舌右邊,0,1
tip_middle_root_1_3_1,Random Forest,暗紅,5,59,舌尖,0,0
tip_middle_root_1_3_1,Random Forest,暗紅,5,59,舌左邊,0,0
tip_middle_root_1_3_1,Random Forest,暗紅,5,59,舌根,0,0
tip_middle_root_1_3_1,Random Forest,暗紅,5,6,舌中,1,1
tip_middle_root_1_3_1,Random Forest,暗紅,5,6,舌右邊,1,1
tip_middle_root_1_3_1,Random Forest,暗紅,5,6,舌尖,1,0
tip_middle_root_1_3_1,Random Forest,暗紅,5,6,舌左邊,1,0
tip_middle_root_1_3_1,Random Forest,暗紅,5,6,舌根,1,1
tip_middle_root_1_3_1,Random Forest,暗紅,5,85,舌中,0,0
tip_middle_root_1_3_1,Random Forest,暗紅,5,85,舌右邊,0,0
tip_middle_root_1_3_1,Random Forest,暗紅,5,85,舌尖,0,0
tip_middle_root_1_3_1,Random Forest,暗紅,5,85,舌左邊,0,0
tip_middle_root_1_3_1,Random Forest,暗紅,5,85,舌根,0,0
tip_middle_root_1_3_1,Random Forest,暗紅,5,96,舌中,0,0
tip_middle_root_1_3_1,Random Forest,暗紅,5,96,舌右邊,0,0
tip_middle_root_1_3_1,Random Forest,暗紅,5,96,舌尖,0,0
tip_middle_root_1_3_1,Random Forest,暗紅,5,96,舌左邊,0,0
tip_middle_root_1_2_2,SVM,青紫,1,24,舌中,0,0
tip_middle_root_1_2_2,SVM,青紫,1,24,舌尖,1,0
tip_middle_root_1_2_2,SVM,青紫,1,24,舌根,0,0
tip_middle_root_1_2_2,SVM,青紫,1,35,舌中,0,1
tip_middle_root_1_2_2,SVM,青紫,1,35,舌尖,1,0
tip_middle_root_1_2_2,SVM,青紫,1,35,舌根,0,0
tip_middle_root_1_2_2,SVM,青紫,1,37,舌中,1,1
tip_middle_root_1_2_2,SVM,青紫,1,37,舌右邊,0,1
tip_middle_root_1_2_2,SVM,青紫,1,37,舌尖,0,1
tip_middle_root_1_2_2,SVM,青紫,1,37,舌左邊,0,1
tip_middle_root_1_2_2,SVM,青紫,1,37,舌根,0,0
tip_middle_root_1_2_2,SVM,青紫,1,38,舌中,0,0
tip_middle_root_1_2_2,SVM,青紫,1,38,舌右邊,0,1
tip_middle_root_1_2_2,SVM,青紫,1,38,舌尖,0,0
tip_middle_root_1_2_2,SVM,青紫,1,38,舌左邊,0,0
tip_middle_root_1_2_2,SVM,青紫,1,38,舌根,0,0
tip_middle_root_1_2_2,SVM,青紫,1,45,舌中,0,0
tip_middle_root_1_2_2,SVM,青紫,1,45,舌右邊,0,0
tip_middle_root_1_2_2,SVM,青紫,1,45,舌尖,0,1
tip_middle_root_1_2_2,SVM,青紫,1,45,舌左邊,0,0
tip_middle_root_1_2_2,SVM,青紫,1,45,舌根,0,0
tip_middle_root_1_2_2,SVM,青紫,1,46,舌右邊,0,1
tip_middle_root_1_2_2,SVM,青紫,1,46,舌尖,0,0
tip_middle_root_1_2_2,SVM,青紫,1,46,舌左邊,0,0
tip_middle_root_1_2_2,SVM,青紫,1,46,舌根,0,0
tip_middle_root_1_2_2,SVM,青紫,1,51,舌中,0,0
tip_middle_root_1_2_2,SVM,青紫,1,51,舌右邊,0,0
tip_middle_root_1_2_2,SVM,青紫,1,51,舌尖,0,1
tip_middle_root_1_2_2,SVM,青紫,1,51,舌左邊,0,0
tip_middle_root_1_2_2,SVM,青紫,1,51,舌根,0,0
tip_middle_root_1_2_2,SVM,青紫,1,55,舌中,0,0
tip_middle_root_1_2_2,SVM,青紫,1,55,舌尖,0,0
tip_middle_root_1_2_2,SVM,青紫,1,55,舌根,0,0
tip_middle_root_1_2_2,SVM,青紫,1,70,舌中,0,0
tip_middle_root_1_2_2,SVM,青紫,1,70,舌右邊,0,0
tip_middle_root_1_2_2,SVM,青紫,1,70,舌尖,0,1
tip_middle_root_1_2_2,SVM,青紫,1,70,舌左邊,0,0
tip_middle_root_1_2_2,SVM,青紫,1,70,舌根,0,0
tip_middle_root_1_2_2,SVM,青紫,1,72,舌中,0,0
tip_middle_root_1_2_2,SVM,青紫,1,72,舌右邊,0,0
tip_middle_root_1_2_2,SVM,青紫,1,72,舌左邊,0,0
tip_middle_root_1_2_2,SVM,青紫,1,72,舌根,0,0
tip_middle_root_1_2_2,SVM,青紫,1,74,舌中,0,0
tip_middle_root_1_2_2,SVM,青紫,1,74,舌尖,0,0
tip_middle_root_1_2_2,SVM,青紫,1,74,舌根,0,0
tip_middle_root_1_2_2,SVM,青紫,2,11,舌中,0,0
tip_middle_root_1_2_2,SVM,青紫,2,11,舌右邊,0,0
tip_middle_root_1_2_2,SVM,青紫,2,11,舌尖,0,0
tip_middle_root_1_2_2,SVM,青紫,2,11,舌左邊,0,0
tip_middle_root_1_2_2,SVM,青紫,2,11,舌根,0,0
tip_middle_root_1_2_2,SVM,青紫,2,20,舌右邊,0,1
tip_middle_root_1_2_2,SVM,青紫,2,20,舌尖,0,1
tip_middle_root_1_2_2,SVM,青紫,2,20,舌左邊,0,1
tip_middle_root_1_2_2,SVM,青紫,2,20,舌根,0,0
tip_middle_root_1_2_2,SVM,青紫,2,23,舌中,0,0
tip_middle_root_1_2_2,SVM,青紫,2,23,舌尖,0,0
tip_middle_root_1_2_2,SVM,青紫,2,23,舌根,0,0
tip_middle_root_1_2_2,SVM,青紫,2,26,舌中,0,1
tip_middle_root_1_2_2,SVM,青紫,2,26,舌尖,0,0
tip_middle_root_1_2_2,SVM,青紫,2,26,舌根,0,0
tip_middle_root_1_2_2,SVM,青紫,2,29,舌中,0,0
tip_middle_root_1_2_2,SVM,青紫,2,29,舌右邊,0,0
tip_middle_root_1_2_2,SVM,青紫,2,29,舌尖,0,0
tip_middle_root_1_2_2,SVM,青紫,2,29,舌左邊,0,0
tip_middle_root_1_2_2,SVM,青紫,2,29,舌根,0,0
tip_middle_root_1_2_2,SVM,青紫,2,31,舌中,0,0
tip_middle_root_1_2_2,SVM,青紫,2,31,舌右邊,0,0
tip_middle_root_1_2_2,SVM,青紫,2,31,舌尖,0,0
tip_middle_root_1_2_2,SVM,青紫,2,31,舌左邊,0,0
tip_middle_root_1_2_2,SVM,青紫,2,31,舌根,0,0
tip_middle_root_1_2_2,SVM,青紫,2,34,舌尖,0,1
tip_middle_root_1_2_2,SVM,青紫,2,34,舌根,0,0
tip_middle_root_1_2_2,SVM,青紫,2,39,舌中,0,0
tip_middle_root_1_2_2,SVM,青紫,2,39,舌尖,0,0
tip_middle_root_1_2_2,SVM,青紫,2,39,舌左邊,0,0
tip_middle_root_1_2_2,SVM,青紫,2,39,舌根,0,0
tip_middle_root_1_2_2,SVM,青紫,2,42,舌尖,0,1
tip_middle_root_1_2_2,SVM,青紫,2,42,舌根,0,0
tip_middle_root_1_2_2,SVM,青紫,2,49,舌中,1,0
tip_middle_root_1_2_2,SVM,青紫,2,49,舌右邊,1,1
tip_middle_root_1_2_2,SVM,青紫,2,49,舌尖,1,1
tip_middle_root_1_2_2,SVM,青紫,2,49,舌左邊,1,1
tip_middle_root_1_2_2,SVM,青紫,2,8,舌中,0,0
tip_middle_root_1_2_2,SVM,青紫,2,8,舌右邊,0,0
tip_middle_root_1_2_2,SVM,青紫,2,8,舌尖,0,0
tip_middle_root_1_2_2,SVM,青紫,2,8,舌左邊,0,0
tip_middle_root_1_2_2,SVM,青紫,2,8,舌根,0,0
tip_middle_root_1_2_2,SVM,青紫,3,13,舌中,0,0
tip_middle_root_1_2_2,SVM,青紫,3,13,舌根,0,0
tip_middle_root_1_2_2,SVM,青紫,3,32,舌中,0,1
tip_middle_root_1_2_2,SVM,青紫,3,32,舌尖,0,0
tip_middle_root_1_2_2,SVM,青紫,3,32,舌左邊,0,1
tip_middle_root_1_2_2,SVM,青紫,3,32,舌根,0,1
tip_middle_root_1_2_2,SVM,青紫,3,44,舌右邊,0,0
tip_middle_root_1_2_2,SVM,青紫,3,44,舌尖,0,0
tip_middle_root_1_2_2,SVM,青紫,3,44,舌左邊,0,0
tip_middle_root_1_2_2,SVM,青紫,3,44,舌根,0,0
tip_middle_root_1_2_2,SVM,青紫,3,48,舌根,0,0
tip_middle_root_1_2_2,SVM,青紫,3,52,舌中,0,1
tip_middle_root_1_2_2,SVM,青紫,3,52,舌右邊,0,1
tip_middle_root_1_2_2,SVM,青紫,3,52,舌尖,0,0
tip_middle_root_1_2_2,SVM,青紫,3,52,舌左邊,0,1
tip_middle_root_1_2_2,SVM,青紫,3,52,舌根,0,0
tip_middle_root_1_2_2,SVM,青紫,3,59,舌中,0,0
tip_middle_root_1_2_2,SVM,青紫,3,59,舌右邊,0,0
tip_middle_root_1_2_2,SVM,青紫,3,59,舌尖,0,0
tip_middle_root_1_2_2,SVM,青紫,3,59,舌左邊,0,0
tip_middle_root_1_2_2,SVM,青紫,3,59,舌根,0,0
tip_middle_root_1_2_2,SVM,青紫,3,5,舌右邊,0,0
tip_middle_root_1_2_2,SVM,青紫,3,5,舌尖,0,0
tip_middle_root_1_2_2,SVM,青紫,3,5,舌左邊,0,0
tip_middle_root_1_2_2,SVM,青紫,3,60,舌右邊,0,0
tip_middle_root_1_2_2,SVM,青紫,3,60,舌左邊,0,1
tip_middle_root_1_2_2,SVM,青紫,3,60,舌根,0,0
tip_middle_root_1_2_2,SVM,青紫,3,64,舌根,0,0
tip_middle_root_1_2_2,SVM,青紫,3,68,舌中,1,0
tip_middle_root_1_2_2,SVM,青紫,3,68,舌右邊,1,0
tip_middle_root_1_2_2,SVM,青紫,3,68,舌尖,1,0
tip_middle_root_1_2_2,SVM,青紫,3,68,舌左邊,1,0
tip_middle_root_1_2_2,SVM,青紫,3,68,舌根,1,0
tip_middle_root_1_2_2,SVM,青紫,3,96,舌中,0,0
tip_middle_root_1_2_2,SVM,青紫,3,96,舌右邊,0,0
tip_middle_root_1_2_2,SVM,青紫,3,96,舌尖,0,1
tip_middle_root_1_2_2,SVM,青紫,3,96,舌左邊,0,0
tip_middle_root_1_2_2,SVM,青紫,3,96,舌根,0,0
tip_middle_root_1_2_2,SVM,青紫,3,9,舌中,0,0
tip_middle_root_1_2_2,SVM,青紫,3,9,舌右邊,0,0
tip_middle_root_1_2_2,SVM,青紫,3,9,舌尖,0,0
tip_middle_root_1_2_2,SVM,青紫,3,9,舌左邊,0,0
tip_middle_root_1_2_2,SVM,青紫,3,9,舌根,0,0
tip_middle_root_1_2_2,SVM,青紫,4,10,舌中,0,0
tip_middle_root_1_2_2,SVM,青紫,4,10,舌右邊,0,0
tip_middle_root_1_2_2,SVM,青紫,4,10,舌尖,0,0
tip_middle_root_1_2_2,SVM,青紫,4,10,舌左邊,0,1
tip_middle_root_1_2_2,SVM,青紫,4,10,舌根,0,0
tip_middle_root_1_2_2,SVM,青紫,4,19,舌中,0,0
tip_middle_root_1_2_2,SVM,青紫,4,19,舌尖,0,0
tip_middle_root_1_2_2,SVM,青紫,4,19,舌左邊,0,0
tip_middle_root_1_2_2,SVM,青紫,4,19,舌根,0,0
tip_middle_root_1_2_2,SVM,青紫,4,2,舌中,0,0
tip_middle_root_1_2_2,SVM,青紫,4,2,舌右邊,0,0
tip_middle_root_1_2_2,SVM,青紫,4,2,舌尖,0,0
tip_middle_root_1_2_2,SVM,青紫,4,2,舌左邊,0,0
tip_middle_root_1_2_2,SVM,青紫,4,2,舌根,0,0
tip_middle_root_1_2_2,SVM,青紫,4,30,舌右邊,0,1
tip_middle_root_1_2_2,SVM,青紫,4,30,舌左邊,0,1
tip_middle_root_1_2_2,SVM,青紫,4,30,舌根,0,0
tip_middle_root_1_2_2,SVM,青紫,4,40,舌中,0,1
tip_middle_root_1_2_2,SVM,青紫,4,40,舌右邊,0,0
tip_middle_root_1_2_2,SVM,青紫,4,40,舌尖,1,0
tip_middle_root_1_2_2,SVM,青紫,4,40,舌左邊,0,0
tip_middle_root_1_2_2,SVM,青紫,4,40,舌根,0,0
tip_middle_root_1_2_2,SVM,青紫,4,50,舌中,1,1
tip_middle_root_1_2_2,SVM,青紫,4,50,舌右邊,1,1
tip_middle_root_1_2_2,SVM,青紫,4,50,舌左邊,1,1
tip_middle_root_1_2_2,SVM,青紫,4,50,舌根,0,1
tip_middle_root_1_2_2,SVM,青紫,4,53,舌中,0,0
tip_middle_root_1_2_2,SVM,青紫,4,53,舌右邊,0,0
tip_middle_root_1_2_2,SVM,青紫,4,53,舌尖,0,0
tip_middle_root_1_2_2,SVM,青紫,4,53,舌左邊,0,0
tip_middle_root_1_2_2,SVM,青紫,4,53,舌根,0,0
tip_middle_root_1_2_2,SVM,青紫,4,58,舌中,0,0
tip_middle_root_1_2_2,SVM,青紫,4,58,舌右邊,0,0
tip_middle_root_1_2_2,SVM,青紫,4,58,舌左邊,0,0
tip_middle_root_1_2_2,SVM,青紫,4,58,舌根,0,0
tip_middle_root_1_2_2,SVM,青紫,4,6,舌中,0,0
tip_middle_root_1_2_2,SVM,青紫,4,6,舌右邊,0,0
tip_middle_root_1_2_2,SVM,青紫,4,6,舌尖,0,0
tip_middle_root_1_2_2,SVM,青紫,4,6,舌左邊,0,0
tip_middle_root_1_2_2,SVM,青紫,4,6,舌根,0,0
tip_middle_root_1_2_2,SVM,青紫,4,87,舌中,0,0
tip_middle_root_1_2_2,SVM,青紫,4,87,舌根,0,0
tip_middle_root_1_2_2,SVM,青紫,5,17,舌中,0,1
tip_middle_root_1_2_2,SVM,青紫,5,17,舌右邊,0,0
tip_middle_root_1_2_2,SVM,青紫,5,17,舌根,0,0
tip_middle_root_1_2_2,SVM,青紫,5,27,舌中,0,0
tip_middle_root_1_2_2,SVM,青紫,5,27,舌右邊,0,0
tip_middle_root_1_2_2,SVM,青紫,5,27,舌左邊,0,0
tip_middle_root_1_2_2,SVM,青紫,5,27,舌根,0,0
tip_middle_root_1_2_2,SVM,青紫,5,36,舌中,0,0
tip_middle_root_1_2_2,SVM,青紫,5,36,舌右邊,0,0
tip_middle_root_1_2_2,SVM,青紫,5,36,舌尖,0,0
tip_middle_root_1_2_2,SVM,青紫,5,36,舌左邊,0,0
tip_middle_root_1_2_2,SVM,青紫,5,36,舌根,0,0
tip_middle_root_1_2_2,SVM,青紫,5,41,舌中,0,0
tip_middle_root_1_2_2,SVM,青紫,5,41,舌尖,0,0
tip_middle_root_1_2_2,SVM,青紫,5,41,舌根,0,0
tip_middle_root_1_2_2,SVM,青紫,5,47,舌中,0,0
tip_middle_root_1_2_2,SVM,青紫,5,47,舌右邊,0,0
tip_middle_root_1_2_2,SVM,青紫,5,47,舌尖,0,0
tip_middle_root_1_2_2,SVM,青紫,5,47,舌左邊,0,0
tip_middle_root_1_2_2,SVM,青紫,5,47,舌根,0,0
tip_middle_root_1_2_2,SVM,青紫,5,54,舌中,0,1
tip_middle_root_1_2_2,SVM,青紫,5,54,舌右邊,0,1
tip_middle_root_1_2_2,SVM,青紫,5,54,舌尖,0,0
tip_middle_root_1_2_2,SVM,青紫,5,54,舌左邊,0,1
tip_middle_root_1_2_2,SVM,青紫,5,54,舌根,0,0
tip_middle_root_1_2_2,SVM,青紫,5,56,舌中,0,0
tip_middle_root_1_2_2,SVM,青紫,5,56,舌尖,0,0
tip_middle_root_1_2_2,SVM,青紫,5,56,舌左邊,0,0
tip_middle_root_1_2_2,SVM,青紫,5,56,舌根,0,0
tip_middle_root_1_2_2,SVM,青紫,5,57,舌中,0,1
tip_middle_root_1_2_2,SVM,青紫,5,57,舌右邊,0,1
tip_middle_root_1_2_2,SVM,青紫,5,57,舌尖,1,1
tip_middle_root_1_2_2,SVM,青紫,5,57,舌根,0,0
tip_middle_root_1_2_2,SVM,青紫,5,7,舌中,0,0
tip_middle_root_1_2_2,SVM,青紫,5,7,舌右邊,0,0
tip_middle_root_1_2_2,SVM,青紫,5,7,舌尖,0,0
tip_middle_root_1_2_2,SVM,青紫,5,7,舌左邊,0,0
tip_middle_root_1_2_2,SVM,青紫,5,7,舌根,0,0
tip_middle_root_1_2_2,SVM,青紫,5,85,舌中,0,0
tip_middle_root_1_2_2,SVM,青紫,5,85,舌右邊,1,0
tip_middle_root_1_2_2,SVM,青紫,5,85,舌尖,0,0
tip_middle_root_1_2_2,SVM,青紫,5,85,舌根,0,0
tip_middle_root_1_2_2,Random Forest,青紫,1,24,舌中,0,0
tip_middle_root_1_2_2,Random Forest,青紫,1,24,舌尖,1,0
tip_middle_root_1_2_2,Random Forest,青紫,1,24,舌根,0,0
tip_middle_root_1_2_2,Random Forest,青紫,1,35,舌中,0,0
tip_middle_root_1_2_2,Random Forest,青紫,1,35,舌尖,1,0
tip_middle_root_1_2_2,Random Forest,青紫,1,35,舌根,0,0
tip_middle_root_1_2_2,Random Forest,青紫,1,37,舌中,1,0
tip_middle_root_1_2_2,Random Forest,青紫,1,37,舌右邊,0,0
tip_middle_root_1_2_2,Random Forest,青紫,1,37,舌尖,0,1
tip_middle_root_1_2_2,Random Forest,青紫,1,37,舌左邊,0,0
tip_middle_root_1_2_2,Random Forest,青紫,1,37,舌根,0,0
tip_middle_root_1_2_2,Random Forest,青紫,1,38,舌中,0,0
tip_middle_root_1_2_2,Random Forest,青紫,1,38,舌右邊,0,0
tip_middle_root_1_2_2,Random Forest,青紫,1,38,舌尖,0,0
tip_middle_root_1_2_2,Random Forest,青紫,1,38,舌左邊,0,0
tip_middle_root_1_2_2,Random Forest,青紫,1,38,舌根,0,0
tip_middle_root_1_2_2,Random Forest,青紫,1,45,舌中,0,0
tip_middle_root_1_2_2,Random Forest,青紫,1,45,舌右邊,0,0
tip_middle_root_1_2_2,Random Forest,青紫,1,45,舌尖,0,0
tip_middle_root_1_2_2,Random Forest,青紫,1,45,舌左邊,0,0
tip_middle_root_1_2_2,Random Forest,青紫,1,45,舌根,0,0
tip_middle_root_1_2_2,Random Forest,青紫,1,46,舌右邊,0,0
tip_middle_root_1_2_2,Random Forest,青紫,1,46,舌尖,0,0
tip_middle_root_1_2_2,Random Forest,青紫,1,46,舌左邊,0,0
tip_middle_root_1_2_2,Random Forest,青紫,1,46,舌根,0,0
tip_middle_root_1_2_2,Random Forest,青紫,1,51,舌中,0,0
tip_middle_root_1_2_2,Random Forest,青紫,1,51,舌右邊,0,0
tip_middle_root_1_2_2,Random Forest,青紫,1,51,舌尖,0,0
tip_middle_root_1_2_2,Random Forest,青紫,1,51,舌左邊,0,0
tip_middle_root_1_2_2,Random Forest,青紫,1,51,舌根,0,0
tip_middle_root_1_2_2,Random Forest,青紫,1,55,舌中,0,0
tip_middle_root_1_2_2,Random Forest,青紫,1,55,舌尖,0,0
tip_middle_root_1_2_2,Random Forest,青紫,1,55,舌根,0,0
tip_middle_root_1_2_2,Random Forest,青紫,1,70,舌中,0,0
tip_middle_root_1_2_2,Random Forest,青紫,1,70,舌右邊,0,0
tip_middle_root_1_2_2,Random Forest,青紫,1,70,舌尖,0,1
tip_middle_root_1_2_2,Random Forest,青紫,1,70,舌左邊,0,0
tip_middle_root_1_2_2,Random Forest,青紫,1,70,舌根,0,0
tip_middle_root_1_2_2,Random Forest,青紫,1,72,舌中,0,0
tip_middle_root_1_2_2,Random Forest,青紫,1,72,舌右邊,0,0
tip_middle_root_1_2_2,Random Forest,青紫,1,72,舌左邊,0,0
tip_middle_root_1_2_2,Random Forest,青紫,1,72,舌根,0,0
tip_middle_root_1_2_2,Random Forest,青紫,1,74,舌中,0,0
tip_middle_root_1_2_2,Random Forest,青紫,1,74,舌尖,0,0
tip_middle_root_1_2_2,Random Forest,青紫,1,74,舌根,0,0
tip_middle_root_1_2_2,Random Forest,青紫,2,11,舌中,0,0
tip_middle_root_1_2_2,Random Forest,青紫,2,11,舌右邊,0,0
tip_middle_root_1_2_2,Random Forest,青紫,2,11,舌尖,0,0
tip_middle_root_1_2_2,Random Forest,青紫,2,11,舌左邊,0,0
tip_middle_root_1_2_2,Random Forest,青紫,2,11,舌根,0,0
tip_middle_root_1_2_2,Random Forest,青紫,2,20,舌右邊,0,0
tip_middle_root_1_2_2,Random Forest,青紫,2,20,舌尖,0,0
tip_middle_root_1_2_2,Random Forest,青紫,2,20,舌左邊,0,0
tip_middle_root_1_2_2,Random Forest,青紫,2,20,舌根,0,0
tip_middle_root_1_2_2,Random Forest,青紫,2,23,舌中,0,0
tip_middle_root_1_2_2,Random Forest,青紫,2,23,舌尖,0,0
tip_middle_root_1_2_2,Random Forest,青紫,2,23,舌根,0,0
tip_middle_root_1_2_2,Random Forest,青紫,2,26,舌中,0,0
tip_middle_root_1_2_2,Random Forest,青紫,2,26,舌尖,0,0
tip_middle_root_1_2_2,Random Forest,青紫,2,26,舌根,0,0
tip_middle_root_1_2_2,Random Forest,青紫,2,29,舌中,0,0
tip_middle_root_1_2_2,Random Forest,青紫,2,29,舌右邊,0,0
tip_middle_root_1_2_2,Random Forest,青紫,2,29,舌尖,0,0
tip_middle_root_1_2_2,Random Forest,青紫,2,29,舌左邊,0,0
tip_middle_root_1_2_2,Random Forest,青紫,2,29,舌根,0,0
tip_middle_root_1_2_2,Random Forest,青紫,2,31,舌中,0,0
tip_middle_root_1_2_2,Random Forest,青紫,2,31,舌右邊,0,0
tip_middle_root_1_2_2,Random Forest,青紫,2,31,舌尖,0,0
tip_middle_root_1_2_2,Random Forest,青紫,2,31,舌左邊,0,0
tip_middle_root_1_2_2,Random Forest,青紫,2,31,舌根,0,0
tip_middle_root_1_2_2,Random Forest,青紫,2,34,舌尖,0,0
tip_middle_root_1_2_2,Random Forest,青紫,2,34,舌根,0,0
tip_middle_root_1_2_2,Random Forest,青紫,2,39,舌中,0,0
tip_middle_root_1_2_2,Random Forest,青紫,2,39,舌尖,0,0
tip_middle_root_1_2_2,Random Forest,青紫,2,39,舌左邊,0,0
tip_middle_root_1_2_2,Random Forest,青紫,2,39,舌根,0,0
tip_middle_root_1_2_2,Random Forest,青紫,2,42,舌尖,0,0
tip_middle_root_1_2_2,Random Forest,青紫,2,42,舌根,0,0
tip_middle_root_1_2_2,Random Forest,青紫,2,49,舌中,1,0
tip_middle_root_1_2_2,Random Forest,青紫,2,49,舌右邊,1,0
tip_middle_root_1_2_2,Random Forest,青紫,2,49,舌尖,1,1
tip_middle_root_1_2_2,Random Forest,青紫,2,49,舌左邊,1,0
tip_middle_root_1_2_2,Random Forest,青紫,2,8,舌中,0,0
tip_middle_root_1_2_2,Random Forest,青紫,2,8,舌右邊,0,0
tip_middle_root_1_2_2,Random Forest,青紫,2,8,舌尖,0,0
tip_middle_root_1_2_2,Random Forest,青紫,2,8,舌左邊,0,0
tip_middle_root_1_2_2,Random Forest,青紫,2,8,舌根,0,0
tip_middle_root_1_2_2,Random Forest,青紫,3,13,舌中,0,0
tip_middle_root_1_2_2,Random Forest,青紫,3,13,舌根,0,0
tip_middle_root_1_2_2,Random Forest,青紫,3,32,舌中,0,0
tip_middle_root_1_2_2,Random Forest,青紫,3,32,舌尖,0,0
tip_middle_root_1_2_2,Random Forest,青紫,3,32,舌左邊,0,0
tip_middle_root_1_2_2,Random Forest,青紫,3,32,舌根,0,0
tip_middle_root_1_2_2,Random Forest,青紫,3,44,舌右邊,0,0
tip_middle_root_1_2_2,Random Forest,青紫,3,44,舌尖,0,0
tip_middle_root_1_2_2,Random Forest,青紫,3,44,舌左邊,0,0
tip_middle_root_1_2_2,Random Forest,青紫,3,44,舌根,0,0
tip_middle_root_1_2_2,Random Forest,青紫,3,48,舌根,0,0
tip_middle_root_1_2_2,Random Forest,青紫,3,52,舌中,0,0
tip_middle_root_1_2_2,Random Forest,青紫,3,52,舌右邊,0,0
tip_middle_root_1_2_2,Random Forest,青紫,3,52,舌尖,0,0
tip_middle_root_1_2_2,Random Forest,青紫,3,52,舌左邊,0,0
tip_middle_root_1_2_2,Random Forest,青紫,3,52,舌根,0,0
tip_middle_root_1_2_2,Random Forest,青紫,3,59,舌中,0,0
tip_middle_root_1_2_2,Random Forest,青紫,3,59,舌右邊,0,0
tip_middle_root_1_2_2,Random Forest,青紫,3,59,舌尖,0,0
tip_middle_root_1_2_2,Random Forest,青紫,3,59,舌左邊,0,0
tip_middle_root_1_2_2,Random Forest,青紫,3,59,舌根,0,0
tip_middle_root_1_2_2,Random Forest,青紫,3,5,舌右邊,0,0
tip_middle_root_1_2_2,Random Forest,青紫,3,5,舌尖,0,0
tip_middle_root_1_2_2,Random Forest,青紫,3,5,舌左邊,0,0
tip_middle_root_1_2_2,Random Forest,青紫,3,60,舌右邊,0,0
tip_middle_root_1_2_2,Random Forest,青紫,3,60,舌左邊,0,0
tip_middle_root_1_2_2,Random Forest,青紫,3,60,舌根,0,0
tip_middle_root_1_2_2,Random Forest,青紫,3,64,舌根,0,0
tip_middle_root_1_2_2,Random Forest,青紫,3,68,舌中,1,0
tip_middle_root_1_2_2,Random Forest,青紫,3,68,舌右邊,1,0
tip_middle_root_1_2_2,Random Forest,青紫,3,68,舌尖,1,0
tip_middle_root_1_2_2,Random Forest,青紫,3,68,舌左邊,1,0
tip_middle_root_1_2_2,Random Forest,青紫,3,68,舌根,1,0
tip_middle_root_1_2_2,Random Forest,青紫,3,96,舌中,0,0
tip_middle_root_1_2_2,Random Forest,青紫,3,96,舌右邊,0,0
tip_middle_root_1_2_2,Random Forest,青紫,3,96,舌尖,0,0
tip_middle_root_1_2_2,Random Forest,青紫,3,96,舌左邊,0,0
tip_middle_root_1_2_2,Random Forest,青紫,3,96,舌根,0,0
tip_middle_root_1_2_2,Random Forest,青紫,3,9,舌中,0,0
tip_middle_root_1_2_2,Random Forest,青紫,3,9,舌右邊,0,0
tip_middle_root_1_2_2,Random Forest,青紫,3,9,舌尖,0,0
tip_middle_root_1_2_2,Random Forest,青紫,3,9,舌左邊,0,0
tip_middle_root_1_2_2,Random Forest,青紫,3,9,舌根,0,0
tip_middle_root_1_2_2,Random Forest,青紫,4,10,舌中,0,0
tip_middle_root_1_2_2,Random Forest,青紫,4,10,舌右邊,0,0
tip_middle_root_1_2_2,Random Forest,青紫,4,10,舌尖,0,0
tip_middle_root_1_2_2,Random Forest,青紫,4,10,舌左邊,0,1
tip_middle_root_1_2_2,Random Forest,青紫,4,10,舌根,0,0
tip_middle_root_1_2_2,Random Forest,青紫,4,19,舌中,0,0
tip_middle_root_1_2_2,Random Forest,青紫,4,19,舌尖,0,0
tip_middle_root_1_2_2,Random Forest,青紫,4,19,舌左邊,0,0
tip_middle_root_1_2_2,Random Forest,青紫,4,19,舌根,0,0
tip_middle_root_1_2_2,Random Forest,青紫,4,2,舌中,0,0
tip_middle_root_1_2_2,Random Forest,青紫,4,2,舌右邊,0,0
tip_middle_root_1_2_2,Random Forest,青紫,4,2,舌尖,0,0
tip_middle_root_1_2_2,Random Forest,青紫,4,2,舌左邊,0,0
tip_middle_root_1_2_2,Random Forest,青紫,4,2,舌根,0,0
tip_middle_root_1_2_2,Random Forest,青紫,4,30,舌右邊,0,1
tip_middle_root_1_2_2,Random Forest,青紫,4,30,舌左邊,0,1
tip_middle_root_1_2_2,Random Forest,青紫,4,30,舌根,0,0
tip_middle_root_1_2_2,Random Forest,青紫,4,40,舌中,0,0
tip_middle_root_1_2_2,Random Forest,青紫,4,40,舌右邊,0,0
tip_middle_root_1_2_2,Random Forest,青紫,4,40,舌尖,1,0
tip_middle_root_1_2_2,Random Forest,青紫,4,40,舌左邊,0,0
tip_middle_root_1_2_2,Random Forest,青紫,4,40,舌根,0,0
tip_middle_root_1_2_2,Random Forest,青紫,4,50,舌中,1,1
tip_middle_root_1_2_2,Random Forest,青紫,4,50,舌右邊,1,0
tip_middle_root_1_2_2,Random Forest,青紫,4,50,舌左邊,1,0
tip_middle_root_1_2_2,Random Forest,青紫,4,50,舌根,0,0
tip_middle_root_1_2_2,Random Forest,青紫,4,53,舌中,0,0
tip_middle_root_1_2_2,Random Forest,青紫,4,53,舌右邊,0,0
tip_middle_root_1_2_2,Random Forest,青紫,4,53,舌尖,0,0
tip_middle_root_1_2_2,Random Forest,青紫,4,53,舌左邊,0,0
tip_middle_root_1_2_2,Random Forest,青紫,4,53,舌根,0,0
tip_middle_root_1_2_2,Random Forest,青紫,4,58,舌中,0,0
tip_middle_root_1_2_2,Random Forest,青紫,4,58,舌右邊,0,0
tip_middle_root_1_2_2,Random Forest,青紫,4,58,舌左邊,0,0
tip_middle_root_1_2_2,Random Forest,青紫,4,58,舌根,0,0
tip_middle_root_1_2_2,Random Forest,青紫,4,6,舌中,0,0
tip_middle_root_1_2_2,Random Forest,青紫,4,6,舌右邊,0,0
tip_middle_root_1_2_2,Random Forest,青紫,4,6,舌尖,0,0
tip_middle_root_1_2_2,Random Forest,青紫,4,6,舌左邊,0,0
tip_middle_root_1_2_2,Random Forest,青紫,4,6,舌根,0,0
tip_middle_root_1_2_2,Random Forest,青紫,4,87,舌中,0,0
tip_middle_root_1_2_2,Random Forest,青紫,4,87,舌根,0,0
tip_middle_root_1_2_2,Random Forest,青紫,5,17,舌中,0,0
tip_middle_root_1_2_2,Random Forest,青紫,5,17,舌右邊,0,0
tip_middle_root_1_2_2,Random Forest,青紫,5,17,舌根,0,0
tip_middle_root_1_2_2,Random Forest,青紫,5,27,舌中,0,0
tip_middle_root_1_2_2,Random Forest,青紫,5,27,舌右邊,0,0
tip_middle_root_1_2_2,Random Forest,青紫,5,27,舌左邊,0,0
tip_middle_root_1_2_2,Random Forest,青紫,5,27,舌根,0,0
tip_middle_root_1_2_2,Random Forest,青紫,5,36,舌中,0,0
tip_middle_root_1_2_2,Random Forest,青紫,5,36,舌右邊,0,0
tip_middle_root_1_2_2,Random Forest,青紫,5,36,舌尖,0,0
tip_middle_root_1_2_2,Random Forest,青紫,5,36,舌左邊,0,0
tip_middle_root_1_2_2,Random Forest,青紫,5,36,舌根,0,0
tip_middle_root_1_2_2,Random Forest,青紫,5,41,舌中,0,1
tip_middle_root_1_2_2,Random Forest,青紫,5,41,舌尖,0,1
tip_middle_root_1_2_2,Random Forest,青紫,5,41,舌根,0,0
tip_middle_root_1_2_2,Random Forest,青紫,5,47,舌中,0,0
tip_middle_root_1_2_2,Random Forest,青紫,5,47,舌右邊,0,0
tip_middle_root_1_2_2,Random Forest,青紫,5,47,舌尖,0,0
tip_middle_root_1_2_2,Random Forest,青紫,5,47,舌左邊,0,0
tip_middle_root_1_2_2,Random Forest,青紫,5,47,舌根,0,0
tip_middle_root_1_2_2,Random Forest,青紫,5,54,舌中,0,0
tip_middle_root_1_2_2,Random Forest,青紫,5,54,舌右邊,0,0
tip_middle_root_1_2_2,Random Forest,青紫,5,54,舌尖,0,0
tip_middle_root_1_2_2,Random Forest,青紫,5,54,舌左邊,0,0
tip_middle_root_1_2_2,Random Forest,青紫,5,54,舌根,0,0
tip_middle_root_1_2_2,Random Forest,青紫,5,56,舌中,0,0
tip_middle_root_1_2_2,Random Forest,青紫,5,56,舌尖,0,0
tip_middle_root_1_2_2,Random Forest,青紫,5,56,舌左邊,0,0
tip_middle_root_1_2_2,Random Forest,青紫,5,56,舌根,0,0
tip_middle_root_1_2_2,Random Forest,青紫,5,57,舌中,0,1
tip_middle_root_1_2_2,Random Forest,青紫,5,57,舌右邊,0,0
tip_middle_root_1_2_2,Random Forest,青紫,5,57,舌尖,1,1
tip_middle_root_1_2_2,Random Forest,青紫,5,57,舌根,0,0
tip_middle_root_1_2_2,Random Forest,青紫,5,7,舌中,0,0
tip_middle_root_1_2_2,Random Forest,青紫,5,7,舌右邊,0,0
tip_middle_root_1_2_2,Random Forest,青紫,5,7,舌尖,0,0
tip_middle_root_1_2_2,Random Forest,青紫,5,7,舌左邊,0,0
tip_middle_root_1_2_2,Random Forest,青紫,5,7,舌根,0,0
tip_middle_root_1_2_2,Random Forest,青紫,5,85,舌中,0,0
tip_middle_root_1_2_2,Random Forest,青紫,5,85,舌右邊,1,0
tip_middle_root_1_2_2,Random Forest,青紫,5,85,舌尖,0,0
tip_middle_root_1_2_2,Random Forest,青紫,5,85,舌根,0,0
tip_middle_root_1_3_1,SVM,青紫,1,24,舌中,0,0
tip_middle_root_1_3_1,SVM,青紫,1,24,舌尖,1,0
tip_middle_root_1_3_1,SVM,青紫,1,24,舌根,0,0
tip_middle_root_1_3_1,SVM,青紫,1,35,舌中,0,1
tip_middle_root_1_3_1,SVM,青紫,1,35,舌尖,1,1
tip_middle_root_1_3_1,SVM,青紫,1,35,舌根,0,0
tip_middle_root_1_3_1,SVM,青紫,1,37,舌中,1,1
tip_middle_root_1_3_1,SVM,青紫,1,37,舌右邊,0,0
tip_middle_root_1_3_1,SVM,青紫,1,37,舌尖,0,1
tip_middle_root_1_3_1,SVM,青紫,1,37,舌左邊,0,1
tip_middle_root_1_3_1,SVM,青紫,1,37,舌根,0,0
tip_middle_root_1_3_1,SVM,青紫,1,38,舌中,0,0
tip_middle_root_1_3_1,SVM,青紫,1,38,舌右邊,0,1
tip_middle_root_1_3_1,SVM,青紫,1,38,舌尖,0,0
tip_middle_root_1_3_1,SVM,青紫,1,38,舌左邊,0,1
tip_middle_root_1_3_1,SVM,青紫,1,38,舌根,0,0
tip_middle_root_1_3_1,SVM,青紫,1,45,舌中,0,0
tip_middle_root_1_3_1,SVM,青紫,1,45,舌右邊,0,0
tip_middle_root_1_3_1,SVM,青紫,1,45,舌尖,0,1
tip_middle_root_1_3_1,SVM,青紫,1,45,舌左邊,0,0
tip_middle_root_1_3_1,SVM,青紫,1,45,舌根,0,0
tip_middle_root_1_3_1,SVM,青紫,1,46,舌右邊,0,1
tip_middle_root_1_3_1,SVM,青紫,1,46,舌尖,0,1
tip_middle_root_1_3_1,SVM,青紫,1,46,舌左邊,0,1
tip_middle_root_1_3_1,SVM,青紫,1,46,舌根,0,0
tip_middle_root_1_3_1,SVM,青紫,1,51,舌中,0,0
tip_middle_root_1_3_1,SVM,青紫,1,51,舌右邊,0,0
tip_middle_root_1_3_1,SVM,青紫,1,51,舌尖,0,0
tip_middle_root_1_3_1,SVM,青紫,1,51,舌左邊,0,0
tip_middle_root_1_3_1,SVM,青紫,1,51,舌根,0,0
tip_middle_root_1_3_1,SVM,青紫,1,55,舌中,0,0
tip_middle_root_1_3_1,SVM,青紫,1,55,舌尖,0,0
tip_middle_root_1_3_1,SVM,青紫,1,55,舌根,0,0
tip_middle_root_1_3_1,SVM,青紫,1,70,舌中,0,0
tip_middle_root_1_3_1,SVM,青紫,1,70,舌右邊,0,0
tip_middle_root_1_3_1,SVM,青紫,1,70,舌尖,0,1
tip_middle_root_1_3_1,SVM,青紫,1,70,舌左邊,0,0
tip_middle_root_1_3_1,SVM,青紫,1,70,舌根,0,0
tip_middle_root_1_3_1,SVM,青紫,1,72,舌中,0,0
tip_middle_root_1_3_1,SVM,青紫,1,72,舌右邊,0,0
tip_middle_root_1_3_1,SVM,青紫,1,72,舌左邊,0,0
tip_middle_root_1_3_1,SVM,青紫,1,72,舌根,0,0
tip_middle_root_1_3_1,SVM,青紫,1,74,舌中,0,0
tip_middle_root_1_3_1,SVM,青紫,1,74,舌尖,0,0
tip_middle_root_1_3_1,SVM,青紫,1,74,舌根,0,0
tip_middle_root_1_3_1,SVM,青紫,2,11,舌中,0,0
tip_middle_root_1_3_1,SVM,青紫,2,11,舌右邊,0,0
tip_middle_root_1_3_1,SVM,青紫,2,11,舌尖,0,0
tip_middle_root_1_3_1,SVM,青紫,2,11,舌左邊,0,0
tip_middle_root_1_3_1,SVM,青紫,2,11,舌根,0,0
tip_middle_root_1_3_1,SVM,青紫,2,20,舌右邊,0,1
tip_middle_root_1_3_1,SVM,青紫,2,20,舌尖,0,1
tip_middle_root_1_3_1,SVM,青紫,2,20,舌左邊,0,1
tip_middle_root_1_3_1,SVM,青紫,2,20,舌根,0,0
tip_middle_root_1_3_1,SVM,青紫,2,23,舌中,0,0
tip_middle_root_1_3_1,SVM,青紫,2,23,舌尖,0,0
tip_middle_root_1_3_1,SVM,青紫,2,23,舌根,0,0
tip_middle_root_1_3_1,SVM,青紫,2,26,舌中,0,0
tip_middle_root_1_3_1,SVM,青紫,2,26,舌尖,0,1
tip_middle_root_1_3_1,SVM,青紫,2,26,舌根,0,0
tip_middle_root_1_3_1,SVM,青紫,2,29,舌中,0,0
tip_middle_root_1_3_1,SVM,青紫,2,29,舌右邊,0,0
tip_middle_root_1_3_1,SVM,青紫,2,29,舌尖,0,0
tip_middle_root_1_3_1,SVM,青紫,2,29,舌左邊,0,0
tip_middle_root_1_3_1,SVM,青紫,2,29,舌根,0,0
tip_middle_root_1_3_1,SVM,青紫,2,31,舌中,0,0
tip_middle_root_1_3_1,SVM,青紫,2,31,舌右邊,0,0
tip_middle_root_1_3_1,SVM,青紫,2,31,舌尖,0,0
tip_middle_root_1_3_1,SVM,青紫,2,31,舌左邊,0,0
tip_middle_root_1_3_1,SVM,青紫,2,31,舌根,0,0
tip_middle_root_1_3_1,SVM,青紫,2,34,舌尖,0,1
tip_middle_root_1_3_1,SVM,青紫,2,34,舌根,0,0
tip_middle_root_1_3_1,SVM,青紫,2,39,舌中,0,0
tip_middle_root_1_3_1,SVM,青紫,2,39,舌尖,0,0
tip_middle_root_1_3_1,SVM,青紫,2,39,舌左邊,0,0
tip_middle_root_1_3_1,SVM,青紫,2,39,舌根,0,0
tip_middle_root_1_3_1,SVM,青紫,2,42,舌尖,0,1
tip_middle_root_1_3_1,SVM,青紫,2,42,舌根,0,0
tip_middle_root_1_3_1,SVM,青紫,2,49,舌中,1,0
tip_middle_root_1_3_1,SVM,青紫,2,49,舌右邊,1,1
tip_middle_root_1_3_1,SVM,青紫,2,49,舌尖,1,1
tip_middle_root_1_3_1,SVM,青紫,2,49,舌左邊,1,0
tip_middle_root_1_3_1,SVM,青紫,2,8,舌中,0,0
tip_middle_root_1_3_1,SVM,青紫,2,8,舌右邊,0,0
tip_middle_root_1_3_1,SVM,青紫,2,8,舌尖,0,0
tip_middle_root_1_3_1,SVM,青紫,2,8,舌左邊,0,0
tip_middle_root_1_3_1,SVM,青紫,2,8,舌根,0,0
tip_middle_root_1_3_1,SVM,青紫,3,13,舌中,0,0
tip_middle_root_1_3_1,SVM,青紫,3,13,舌根,0,0
tip_middle_root_1_3_1,SVM,青紫,3,32,舌中,0,1
tip_middle_root_1_3_1,SVM,青紫,3,32,舌尖,0,0
tip_middle_root_1_3_1,SVM,青紫,3,32,舌左邊,0,1
tip_middle_root_1_3_1,SVM,青紫,3,32,舌根,0,1
tip_middle_root_1_3_1,SVM,青紫,3,44,舌右邊,0,0
tip_middle_root_1_3_1,SVM,青紫,3,44,舌尖,0,0
tip_middle_root_1_3_1,SVM,青紫,3,44,舌左邊,0,0
tip_middle_root_1_3_1,SVM,青紫,3,44,舌根,0,0
tip_middle_root_1_3_1,SVM,青紫,3,48,舌根,0,0
tip_middle_root_1_3_1,SVM,青紫,3,52,舌中,0,1
tip_middle_root_1_3_1,SVM,青紫,3,52,舌右邊,0,1
tip_middle_root_1_3_1,SVM,青紫,3,52,舌尖,0,0
tip_middle_root_1_3_1,SVM,青紫,3,52,舌左邊,0,1
tip_middle_root_1_3_1,SVM,青紫,3,52,舌根,0,0
tip_middle_root_1_3_1,SVM,青紫,3,59,舌中,0,0
tip_middle_root_1_3_1,SVM,青紫,3,59,舌右邊,0,0
tip_middle_root_1_3_1,SVM,青紫,3,59,舌尖,0,0
tip_middle_root_1_3_1,SVM,青紫,3,59,舌左邊,0,1
tip_middle_root_1_3_1,SVM,青紫,3,59,舌根,0,0
tip_middle_root_1_3_1,SVM,青紫,3,5,舌右邊,0,0
tip_middle_root_1_3_1,SVM,青紫,3,5,舌尖,0,0
tip_middle_root_1_3_1,SVM,青紫,3,5,舌左邊,0,0
tip_middle_root_1_3_1,SVM,青紫,3,60,舌右邊,0,0
tip_middle_root_1_3_1,SVM,青紫,3,60,舌左邊,0,1
tip_middle_root_1_3_1,SVM,青紫,3,60,舌根,0,0
tip_middle_root_1_3_1,SVM,青紫,3,64,舌根,0,0
tip_middle_root_1_3_1,SVM,青紫,3,68,舌中,1,0
tip_middle_root_1_3_1,SVM,青紫,3,68,舌右邊,1,0
tip_middle_root_1_3_1,SVM,青紫,3,68,舌尖,1,0
tip_middle_root_1_3_1,SVM,青紫,3,68,舌左邊,1,0
tip_middle_root_1_3_1,SVM,青紫,3,68,舌根,1,0
tip_middle_root_1_3_1,SVM,青紫,3,96,舌中,0,0
tip_middle_root_1_3_1,SVM,青紫,3,96,舌右邊,0,0
tip_middle_root_1_3_1,SVM,青紫,3,96,舌尖,0,1
tip_middle_root_1_3_1,SVM,青紫,3,96,舌左邊,0,0
tip_middle_root_1_3_1,SVM,青紫,3,96,舌根,0,0
tip_middle_root_1_3_1,SVM,青紫,3,9,舌中,0,0
tip_middle_root_1_3_1,SVM,青紫,3,9,舌右邊,0,0
tip_middle_root_1_3_1,SVM,青紫,3,9,舌尖,0,0
tip_middle_root_1_3_1,SVM,青紫,3,9,舌左邊,0,0
tip_middle_root_1_3_1,SVM,青紫,3,9,舌根,0,0
tip_middle_root_1_3_1,SVM,青紫,4,10,舌中,0,0
tip_middle_root_1_3_1,SVM,青紫,4,10,舌右邊,0,0
tip_middle_root_1_3_1,SVM,青紫,4,10,舌尖,0,0
tip_middle_root_1_3_1,SVM,青紫,4,10,舌左邊,0,0
tip_middle_root_1_3_1,SVM,青紫,4,10,舌根,0,0
tip_middle_root_1_3_1,SVM,青紫,4,19,舌中,0,0
tip_middle_root_1_3_1,SVM,青紫,4,19,舌尖,0,0
tip_middle_root_1_3_1,SVM,青紫,4,19,舌左邊,0,0
tip_middle_root_1_3_1,SVM,青紫,4,19,舌根,0,0
tip_middle_root_1_3_1,SVM,青紫,4,2,舌中,0,0
tip_middle_root_1_3_1,SVM,青紫,4,2,舌右邊,0,0
tip_middle_root_1_3_1,SVM,青紫,4,2,舌尖,0,0
tip_middle_root_1_3_1,SVM,青紫,4,2,舌左邊,0,0
tip_middle_root_1_3_1,SVM,青紫,4,2,舌根,0,0
tip_middle_root_1_3_1,SVM,青紫,4,30,舌右邊,0,1
tip_middle_root_1_3_1,SVM,青紫,4,30,舌左邊,0,1
tip_middle_root_1_3_1,SVM,青紫,4,30,舌根,0,0
tip_middle_root_1_3_1,SVM,青紫,4,40,舌中,0,1
tip_middle_root_1_3_1,SVM,青紫,4,40,舌右邊,0,0
tip_middle_root_1_3_1,SVM,青紫,4,40,舌尖,1,0
tip_middle_root_1_3_1,SVM,青紫,4,40,舌左邊,0,0
tip_middle_root_1_3_1,SVM,青紫,4,40,舌根,0,0
tip_middle_root_1_3_1,SVM,青紫,4,50,舌中,1,1
tip_middle_root_1_3_1,SVM,青紫,4,50,舌右邊,1,1
tip_middle_root_1_3_1,SVM,青紫,4,50,舌左邊,1,1
tip_middle_root_1_3_1,SVM,青紫,4,50,舌根,0,1
tip_middle_root_1_3_1,SVM,青紫,4,53,舌中,0,0
tip_middle_root_1_3_1,SVM,青紫,4,53,舌右邊,0,0
tip_middle_root_1_3_1,SVM,青紫,4,53,舌尖,0,0
tip_middle_root_1_3_1,SVM,青紫,4,53,舌左邊,0,0
tip_middle_root_1_3_1,SVM,青紫,4,53,舌根,0,0
tip_middle_root_1_3_1,SVM,青紫,4,58,舌中,0,0
tip_middle_root_1_3_1,SVM,青紫,4,58,舌右邊,0,0
tip_middle_root_1_3_1,SVM,青紫,4,58,舌左邊,0,0
tip_middle_root_1_3_1,SVM,青紫,4,58,舌根,0,0
tip_middle_root_1_3_1,SVM,青紫,4,6,舌中,0,0
tip_middle_root_1_3_1,SVM,青紫,4,6,舌右邊,0,0
tip_middle_root_1_3_1,SVM,青紫,4,6,舌尖,0,0
tip_middle_root_1_3_1,SVM,青紫,4,6,舌左邊,0,0
tip_middle_root_1_3_1,SVM,青紫,4,6,舌根,0,0
tip_middle_root_1_3_1,SVM,青紫,4,87,舌中,0,0
tip_middle_root_1_3_1,SVM,青紫,4,87,舌根,0,0
tip_middle_root_1_3_1,SVM,青紫,5,17,舌中,0,1
tip_middle_root_1_3_1,SVM,青紫,5,17,舌右邊,0,1
tip_middle_root_1_3_1,SVM,青紫,5,17,舌根,0,0
tip_middle_root_1_3_1,SVM,青紫,5,27,舌中,0,0
tip_middle_root_1_3_1,SVM,青紫,5,27,舌右邊,0,0
tip_middle_root_1_3_1,SVM,青紫,5,27,舌左邊,0,0
tip_middle_root_1_3_1,SVM,青紫,5,27,舌根,0,0
tip_middle_root_1_3_1,SVM,青紫,5,36,舌中,0,0
tip_middle_root_1_3_1,SVM,青紫,5,36,舌右邊,0,0
tip_middle_root_1_3_1,SVM,青紫,5,36,舌尖,0,0
tip_middle_root_1_3_1,SVM,青紫,5,36,舌左邊,0,0
tip_middle_root_1_3_1,SVM,青紫,5,36,舌根,0,0
tip_middle_root_1_3_1,SVM,青紫,5,41,舌中,0,0
tip_middle_root_1_3_1,SVM,青紫,5,41,舌尖,0,0
tip_middle_root_1_3_1,SVM,青紫,5,41,舌根,0,0
tip_middle_root_1_3_1,SVM,青紫,5,47,舌中,0,0
tip_middle_root_1_3_1,SVM,青紫,5,47,舌右邊,0,0
tip_middle_root_1_3_1,SVM,青紫,5,47,舌尖,0,0
tip_middle_root_1_3_1,SVM,青紫,5,47,舌左邊,0,0
tip_middle_root_1_3_1,SVM,青紫,5,47,舌根,0,0
tip_middle_root_1_3_1,SVM,青紫,5,54,舌中,0,1
tip_middle_root_1_3_1,SVM,青紫,5,54,舌右邊,0,1
tip_middle_root_1_3_1,SVM,青紫,5,54,舌尖,0,0
tip_middle_root_1_3_1,SVM,青紫,5,54,舌左邊,0,1
tip_middle_root_1_3_1,SVM,青紫,5,54,舌根,0,0
tip_middle_root_1_3_1,SVM,青紫,5,56,舌中,0,0
tip_middle_root_1_3_1,SVM,青紫,5,56,舌尖,0,0
tip_middle_root_1_3_1,SVM,青紫,5,56,舌左邊,0,0
tip_middle_root_1_3_1,SVM,青紫,5,56,舌根,0,0
tip_middle_root_1_3_1,SVM,青紫,5,57,舌中,0,1
tip_middle_root_1_3_1,SVM,青紫,5,57,舌右邊,0,1
tip_middle_root_1_3_1,SVM,青紫,5,57,舌尖,1,1
tip_middle_root_1_3_1,SVM,青紫,5,57,舌根,0,0
tip_middle_root_1_3_1,SVM,青紫,5,7,舌中,0,0
tip_middle_root_1_3_1,SVM,青紫,5,7,舌右邊,0,0
tip_middle_root_1_3_1,SVM,青紫,5,7,舌尖,0,0
tip_middle_root_1_3_1,SVM,青紫,5,7,舌左邊,0,0
tip_middle_root_1_3_1,SVM,青紫,5,7,舌根,0,0
tip_middle_root_1_3_1,SVM,青紫,5,85,舌中,0,0
tip_middle_root_1_3_1,SVM,青紫,5,85,舌右邊,1,0
tip_middle_root_1_3_1,SVM,青紫,5,85,舌尖,0,0
tip_middle_root_1_3_1,SVM,青紫,5,85,舌根,0,0
tip_middle_root_1_3_1,Random Forest,青紫,1,24,舌中,0,0
tip_middle_root_1_3_1,Random Forest,青紫,1,24,舌尖,1,0
tip_middle_root_1_3_1,Random Forest,青紫,1,24,舌根,0,0
tip_middle_root_1_3_1,Random Forest,青紫,1,35,舌中,0,0
tip_middle_root_1_3_1,Random Forest,青紫,1,35,舌尖,1,0
tip_middle_root_1_3_1,Random Forest,青紫,1,35,舌根,0,0
tip_middle_root_1_3_1,Random Forest,青紫,1,37,舌中,1,0
tip_middle_root_1_3_1,Random Forest,青紫,1,37,舌右邊,0,0
tip_middle_root_1_3_1,Random Forest,青紫,1,37,舌尖,0,0
tip_middle_root_1_3_1,Random Forest,青紫,1,37,舌左邊,0,1
tip_middle_root_1_3_1,Random Forest,青紫,1,37,舌根,0,0
tip_middle_root_1_3_1,Random Forest,青紫,1,38,舌中,0,0
tip_middle_root_1_3_1,Random Forest,青紫,1,38,舌右邊,0,0
tip_middle_root_1_3_1,Random Forest,青紫,1,38,舌尖,0,0
tip_middle_root_1_3_1,Random Forest,青紫,1,38,舌左邊,0,0
tip_middle_root_1_3_1,Random Forest,青紫,1,38,舌根,0,0
tip_middle_root_1_3_1,Random Forest,青紫,1,45,舌中,0,0
tip_middle_root_1_3_1,Random Forest,青紫,1,45,舌右邊,0,0
tip_middle_root_1_3_1,Random Forest,青紫,1,45,舌尖,0,0
tip_middle_root_1_3_1,Random Forest,青紫,1,45,舌左邊,0,0
tip_middle_root_1_3_1,Random Forest,青紫,1,45,舌根,0,0
tip_middle_root_1_3_1,Random Forest,青紫,1,46,舌右邊,0,0
tip_middle_root_1_3_1,Random Forest,青紫,1,46,舌尖,0,0
tip_middle_root_1_3_1,Random Forest,青紫,1,46,舌左邊,0,0
tip_middle_root_1_3_1,Random Forest,青紫,1,46,舌根,0,0
tip_middle_root_1_3_1,Random Forest,青紫,1,51,舌中,0,0
tip_middle_root_1_3_1,Random Forest,青紫,1,51,舌右邊,0,0
tip_middle_root_1_3_1,Random Forest,青紫,1,51,舌尖,0,0
tip_middle_root_1_3_1,Random Forest,青紫,1,51,舌左邊,0,0
tip_middle_root_1_3_1,Random Forest,青紫,1,51,舌根,0,0
tip_middle_root_1_3_1,Random Forest,青紫,1,55,舌中,0,0
tip_middle_root_1_3_1,Random Forest,青紫,1,55,舌尖,0,0
tip_middle_root_1_3_1,Random Forest,青紫,1,55,舌根,0,0
tip_middle_root_1_3_1,Random Forest,青紫,1,70,舌中,0,0
tip_middle_root_1_3_1,Random Forest,青紫,1,70,舌右邊,0,0
tip_middle_root_1_3_1,Random Forest,青紫,1,70,舌尖,0,1
tip_middle_root_1_3_1,Random Forest,青紫,1,70,舌左邊,0,0
tip_middle_root_1_3_1,Random Forest,青紫,1,70,舌根,0,0
tip_middle_root_1_3_1,Random Forest,青紫,1,72,舌中,0,0
tip_middle_root_1_3_1,Random Forest,青紫,1,72,舌右邊,0,0
tip_middle_root_1_3_1,Random Forest,青紫,1,72,舌左邊,0,0
tip_middle_root_1_3_1,Random Forest,青紫,1,72,舌根,0,0
tip_middle_root_1_3_1,Random Forest,青紫,1,74,舌中,0,0
tip_middle_root_1_3_1,Random Forest,青紫,1,74,舌尖,0,0
tip_middle_root_1_3_1,Random Forest,青紫,1,74,舌根,0,0
tip_middle_root_1_3_1,Random Forest,青紫,2,11,舌中,0,0
tip_middle_root_1_3_1,Random Forest,青紫,2,11,舌右邊,0,0
tip_middle_root_1_3_1,Random Forest,青紫,2,11,舌尖,0,0
tip_middle_root_1_3_1,Random Forest,青紫,2,11,舌左邊,0,0
tip_middle_root_1_3_1,Random Forest,青紫,2,11,舌根,0,0
tip_middle_root_1_3_1,Random Forest,青紫,2,20,舌右邊,0,0
tip_middle_root_1_3_1,Random Forest,青紫,2,20,舌尖,0,0
tip_middle_root_1_3_1,Random Forest,青紫,2,20,舌左邊,0,0
tip_middle_root_1_3_1,Random Forest,青紫,2,20,舌根,0,0
tip_middle_root_1_3_1,Random Forest,青紫,2,23,舌中,0,0
tip_middle_root_1_3_1,Random Forest,青紫,2,23,舌尖,0,0
tip_middle_root_1_3_1,Random Forest,青紫,2,23,舌根,0,0
tip_middle_root_1_3_1,Random Forest,青紫,2,26,舌中,0,0
tip_middle_root_1_3_1,Random Forest,青紫,2,26,舌尖,0,0
tip_middle_root_1_3_1,Random Forest,青紫,2,26,舌根,0,0
tip_middle_root_1_3_1,Random Forest,青紫,2,29,舌中,0,0
tip_middle_root_1_3_1,Random Forest,青紫,2,29,舌右邊,0,0
tip_middle_root_1_3_1,Random Forest,青紫,2,29,舌尖,0,0
tip_middle_root_1_3_1,Random Forest,青紫,2,29,舌左邊,0,0
tip_middle_root_1_3_1,Random Forest,青紫,2,29,舌根,0,0
tip_middle_root_1_3_1,Random Forest,青紫,2,31,舌中,0,0
tip_middle_root_1_3_1,Random Forest,青紫,2,31,舌右邊,0,0
tip_middle_root_1_3_1,Random Forest,青紫,2,31,舌尖,0,0
tip_middle_root_1_3_1,Random Forest,青紫,2,31,舌左邊,0,0
tip_middle_root_1_3_1,Random Forest,青紫,2,31,舌根,0,0
tip_middle_root_1_3_1,Random Forest,青紫,2,34,舌尖,0,0
tip_middle_root_1_3_1,Random Forest,青紫,2,34,舌根,0,0
tip_middle_root_1_3_1,Random Forest,青紫,2,39,舌中,0,0
tip_middle_root_1_3_1,Random Forest,青紫,2,39,舌尖,0,0
tip_middle_root_1_3_1,Random Forest,青紫,2,39,舌左邊,0,0
tip_middle_root_1_3_1,Random Forest,青紫,2,39,舌根,0,0
tip_middle_root_1_3_1,Random Forest,青紫,2,42,舌尖,0,0
tip_middle_root_1_3_1,Random Forest,青紫,2,42,舌根,0,0
tip_middle_root_1_3_1,Random Forest,青紫,2,49,舌中,1,0
tip_middle_root_1_3_1,Random Forest,青紫,2,49,舌右邊,1,0
tip_middle_root_1_3_1,Random Forest,青紫,2,49,舌尖,1,0
tip_middle_root_1_3_1,Random Forest,青紫,2,49,舌左邊,1,0
tip_middle_root_1_3_1,Random Forest,青紫,2,8,舌中,0,0
tip_middle_root_1_3_1,Random Forest,青紫,2,8,舌右邊,0,0
tip_middle_root_1_3_1,Random Forest,青紫,2,8,舌尖,0,0
tip_middle_root_1_3_1,Random Forest,青紫,2,8,舌左邊,0,0
tip_middle_root_1_3_1,Random Forest,青紫,2,8,舌根,0,0
tip_middle_root_1_3_1,Random Forest,青紫,3,13,舌中,0,0
tip_middle_root_1_3_1,Random Forest,青紫,3,13,舌根,0,0
tip_middle_root_1_3_1,Random Forest,青紫,3,32,舌中,0,0
tip_middle_root_1_3_1,Random Forest,青紫,3,32,舌尖,0,0
tip_middle_root_1_3_1,Random Forest,青紫,3,32,舌左邊,0,0
tip_middle_root_1_3_1,Random Forest,青紫,3,32,舌根,0,0
tip_middle_root_1_3_1,Random Forest,青紫,3,44,舌右邊,0,0
tip_middle_root_1_3_1,Random Forest,青紫,3,44,舌尖,0,0
tip_middle_root_1_3_1,Random Forest,青紫,3,44,舌左邊,0,0
tip_middle_root_1_3_1,Random Forest,青紫,3,44,舌根,0,0
tip_middle_root_1_3_1,Random Forest,青紫,3,48,舌根,0,0
tip_middle_root_1_3_1,Random Forest,青紫,3,52,舌中,0,0
tip_middle_root_1_3_1,Random Forest,青紫,3,52,舌右邊,0,0
tip_middle_root_1_3_1,Random Forest,青紫,3,52,舌尖,0,0
tip_middle_root_1_3_1,Random Forest,青紫,3,52,舌左邊,0,0
tip_middle_root_1_3_1,Random Forest,青紫,3,52,舌根,0,0
tip_middle_root_1_3_1,Random Forest,青紫,3,59,舌中,0,0
tip_middle_root_1_3_1,Random Forest,青紫,3,59,舌右邊,0,0
tip_middle_root_1_3_1,Random Forest,青紫,3,59,舌尖,0,0
tip_middle_root_1_3_1,Random Forest,青紫,3,59,舌左邊,0,0
tip_middle_root_1_3_1,Random Forest,青紫,3,59,舌根,0,0
tip_middle_root_1_3_1,Random Forest,青紫,3,5,舌右邊,0,0
tip_middle_root_1_3_1,Random Forest,青紫,3,5,舌尖,0,0
tip_middle_root_1_3_1,Random Forest,青紫,3,5,舌左邊,0,0
tip_middle_root_1_3_1,Random Forest,青紫,3,60,舌右邊,0,0
tip_middle_root_1_3_1,Random Forest,青紫,3,60,舌左邊,0,0
tip_middle_root_1_3_1,Random Forest,青紫,3,60,舌根,0,0
tip_middle_root_1_3_1,Random Forest,青紫,3,64,舌根,0,0
tip_middle_root_1_3_1,Random Forest,青紫,3,68,舌中,1,0
tip_middle_root_1_3_1,Random Forest,青紫,3,68,舌右邊,1,0
tip_middle_root_1_3_1,Random Forest,青紫,3,68,舌尖,1,0
tip_middle_root_1_3_1,Random Forest,青紫,3,68,舌左邊,1,0
tip_middle_root_1_3_1,Random Forest,青紫,3,68,舌根,1,0
tip_middle_root_1_3_1,Random Forest,青紫,3,96,舌中,0,0
tip_middle_root_1_3_1,Random Forest,青紫,3,96,舌右邊,0,0
tip_middle_root_1_3_1,Random Forest,青紫,3,96,舌尖,0,0
tip_middle_root_1_3_1,Random Forest,青紫,3,96,舌左邊,0,0
tip_middle_root_1_3_1,Random Forest,青紫,3,96,舌根,0,0
tip_middle_root_1_3_1,Random Forest,青紫,3,9,舌中,0,0
tip_middle_root_1_3_1,Random Forest,青紫,3,9,舌右邊,0,0
tip_middle_root_1_3_1,Random Forest,青紫,3,9,舌尖,0,0
tip_middle_root_1_3_1,Random Forest,青紫,3,9,舌左邊,0,0
tip_middle_root_1_3_1,Random Forest,青紫,3,9,舌根,0,0
tip_middle_root_1_3_1,Random Forest,青紫,4,10,舌中,0,0
tip_middle_root_1_3_1,Random Forest,青紫,4,10,舌右邊,0,0
tip_middle_root_1_3_1,Random Forest,青紫,4,10,舌尖,0,0
tip_middle_root_1_3_1,Random Forest,青紫,4,10,舌左邊,0,0
tip_middle_root_1_3_1,Random Forest,青紫,4,10,舌根,0,0
tip_middle_root_1_3_1,Random Forest,青紫,4,19,舌中,0,0
tip_middle_root_1_3_1,Random Forest,青紫,4,19,舌尖,0,0
tip_middle_root_1_3_1,Random Forest,青紫,4,19,舌左邊,0,0
tip_middle_root_1_3_1,Random Forest,青紫,4,19,舌根,0,0
tip_middle_root_1_3_1,Random Forest,青紫,4,2,舌中,0,0
tip_middle_root_1_3_1,Random Forest,青紫,4,2,舌右邊,0,0
tip_middle_root_1_3_1,Random Forest,青紫,4,2,舌尖,0,0
tip_middle_root_1_3_1,Random Forest,青紫,4,2,舌左邊,0,0
tip_middle_root_1_3_1,Random Forest,青紫,4,2,舌根,0,0
tip_middle_root_1_3_1,Random Forest,青紫,4,30,舌右邊,0,1
tip_middle_root_1_3_1,Random Forest,青紫,4,30,舌左邊,0,1
tip_middle_root_1_3_1,Random Forest,青紫,4,30,舌根,0,0
tip_middle_root_1_3_1,Random Forest,青紫,4,40,舌中,0,0
tip_middle_root_1_3_1,Random Forest,青紫,4,40,舌右邊,0,0
tip_middle_root_1_3_1,Random Forest,青紫,4,40,舌尖,1,0
tip_middle_root_1_3_1,Random Forest,青紫,4,40,舌左邊,0,0
tip_middle_root_1_3_1,Random Forest,青紫,4,40,舌根,0,0
tip_middle_root_1_3_1,Random Forest,青紫,4,50,舌中,1,1
tip_middle_root_1_3_1,Random Forest,青紫,4,50,舌右邊,1,0
tip_middle_root_1_3_1,Random Forest,青紫,4,50,舌左邊,1,0
tip_middle_root_1_3_1,Random Forest,青紫,4,50,舌根,0,0
tip_middle_root_1_3_1,Random Forest,青紫,4,53,舌中,0,0
tip_middle_root_1_3_1,Random Forest,青紫,4,53,舌右邊,0,0
tip_middle_root_1_3_1,Random Forest,青紫,4,53,舌尖,0,0
tip_middle_root_1_3_1,Random Forest,青紫,4,53,舌左邊,0,0
tip_middle_root_1_3_1,Random Forest,青紫,4,53,舌根,0,0
tip_middle_root_1_3_1,Random Forest,青紫,4,58,舌中,0,0
tip_middle_root_1_3_1,Random Forest,青紫,4,58,舌右邊,0,0
tip_middle_root_1_3_1,Random Forest,青紫,4,58,舌左邊,0,0
tip_middle_root_1_3_1,Random Forest,青紫,4,58,舌根,0,0
tip_middle_root_1_3_1,Random Forest,青紫,4,6,舌中,0,0
tip_middle_root_1_3_1,Random Forest,青紫,4,6,舌右邊,0,0
tip_middle_root_1_3_1,Random Forest,青紫,4,6,舌尖,0,0
tip_middle_root_1_3_1,Random Forest,青紫,4,6,舌左邊,0,0
tip_middle_root_1_3_1,Random Forest,青紫,4,6,舌根,0,0
tip_middle_root_1_3_1,Random Forest,青紫,4,87,舌中,0,0
tip_middle_root_1_3_1,Random Forest,青紫,4,87,舌根,0,0
tip_middle_root_1_3_1,Random Forest,青紫,5,17,舌中,0,0
tip_middle_root_1_3_1,Random Forest,青紫,5,17,舌右邊,0,0
tip_middle_root_1_3_1,Random Forest,青紫,5,17,舌根,0,0
tip_middle_root_1_3_1,Random Forest,青紫,5,27,舌中,0,0
tip_middle_root_1_3_1,Random Forest,青紫,5,27,舌右邊,0,0
tip_middle_root_1_3_1,Random Forest,青紫,5,27,舌左邊,0,0
tip_middle_root_1_3_1,Random Forest,青紫,5,27,舌根,0,0
tip_middle_root_1_3_1,Random Forest,青紫,5,36,舌中,0,0
tip_middle_root_1_3_1,Random Forest,青紫,5,36,舌右邊,0,0
tip_middle_root_1_3_1,Random Forest,青紫,5,36,舌尖,0,0
tip_middle_root_1_3_1,Random Forest,青紫,5,36,舌左邊,0,0
tip_middle_root_1_3_1,Random Forest,青紫,5,36,舌根,0,0
tip_middle_root_1_3_1,Random Forest,青紫,5,41,舌中,0,1
tip_middle_root_1_3_1,Random Forest,青紫,5,41,舌尖,0,1
tip_middle_root_1_3_1,Random Forest,青紫,5,41,舌根,0,0
tip_middle_root_1_3_1,Random Forest,青紫,5,47,舌中,0,0
tip_middle_root_1_3_1,Random Forest,青紫,5,47,舌右邊,0,0
tip_middle_root_1_3_1,Random Forest,青紫,5,47,舌尖,0,0
tip_middle_root_1_3_1,Random Forest,青紫,5,47,舌左邊,0,0
tip_middle_root_1_3_1,Random Forest,青紫,5,47,舌根,0,0
tip_middle_root_1_3_1,Random Forest,青紫,5,54,舌中,0,1
tip_middle_root_1_3_1,Random Forest,青紫,5,54,舌右邊,0,0
tip_middle_root_1_3_1,Random Forest,青紫,5,54,舌尖,0,1
tip_middle_root_1_3_1,Random Forest,青紫,5,54,舌左邊,0,0
tip_middle_root_1_3_1,Random Forest,青紫,5,54,舌根,0,0
tip_middle_root_1_3_1,Random Forest,青紫,5,56,舌中,0,0
tip_middle_root_1_3_1,Random Forest,青紫,5,56,舌尖,0,0
tip_middle_root_1_3_1,Random Forest,青紫,5,56,舌左邊,0,0
tip_middle_root_1_3_1,Random Forest,青紫,5,56,舌根,0,0
tip_middle_root_1_3_1,Random Forest,青紫,5,57,舌中,0,0
tip_middle_root_1_3_1,Random Forest,青紫,5,57,舌右邊,0,1
tip_middle_root_1_3_1,Random Forest,青紫,5,57,舌尖,1,1
tip_middle_root_1_3_1,Random Forest,青紫,5,57,舌根,0,0
tip_middle_root_1_3_1,Random Forest,青紫,5,7,舌中,0,0
tip_middle_root_1_3_1,Random Forest,青紫,5,7,舌右邊,0,0
tip_middle_root_1_3_1,Random Forest,青紫,5,7,舌尖,0,0
tip_middle_root_1_3_1,Random Forest,青紫,5,7,舌左邊,0,0
tip_middle_root_1_3_1,Random Forest,青紫,5,7,舌根,0,0
tip_middle_root_1_3_1,Random Forest,青紫,5,85,舌中,0,0
tip_middle_root_1_3_1,Random Forest,青紫,5,85,舌右邊,1,0
tip_middle_root_1_3_1,Random Forest,青紫,5,85,舌尖,0,0
tip_middle_root_1_3_1,Random Forest,青紫,5,85,舌根,0,0
