segmentation_method,image_id,region,pixel_count,R_mean,R_std,G_mean,G_std,B_mean,B_std,H_mean,H_std,S_mean,S_std,V_mean,V_std,Lab_L_mean,Lab_L_std,Lab_a_mean,Lab_a_std,Lab_b_mean,Lab_b_std,R_hist_0,R_hist_1,R_hist_2,R_hist_3,R_hist_4,R_hist_5,R_hist_6,R_hist_7,G_hist_0,G_hist_1,G_hist_2,G_hist_3,G_hist_4,G_hist_5,G_hist_6,G_hist_7,B_hist_0,B_hist_1,B_hist_2,B_hist_3,B_hist_4,B_hist_5,B_hist_6,B_hist_7,H_hist_0,H_hist_1,H_hist_2,H_hist_3,H_hist_4,H_hist_5,H_hist_6,H_hist_7,S_hist_0,S_hist_1,S_hist_2,S_hist_3,S_hist_4,S_hist_5,S_hist_6,S_hist_7,V_hist_0,V_hist_1,V_hist_2,V_hist_3,V_hist_4,V_hist_5,V_hist_6,V_hist_7,Lab_L_hist_0,Lab_L_hist_1,Lab_L_hist_2,Lab_L_hist_3,Lab_L_hist_4,Lab_L_hist_5,Lab_L_hist_6,Lab_L_hist_7,Lab_a_hist_0,Lab_a_hist_1,Lab_a_hist_2,Lab_a_hist_3,Lab_a_hist_4,Lab_a_hist_5,Lab_a_hist_6,Lab_a_hist_7,Lab_b_hist_0,Lab_b_hist_1,Lab_b_hist_2,Lab_b_hist_3,Lab_b_hist_4,Lab_b_hist_5,Lab_b_hist_6,Lab_b_hist_7
tip_middle_root_1_2_2,1,舌尖,67702,135.30990600585938,12.881778717041016,100.67700958251953,12.509035110473633,123.54997253417969,11.465831756591797,158.5269012451172,6.909551620483398,65.91128540039062,16.86741065979004,135.8318634033203,12.204968452453613,119.47998809814453,11.83082389831543,145.94297790527344,4.266149997711182,120.71969604492188,2.2789554595947266,0.0,0.0,0.0011964196035567634,0.23033292960326135,0.7672003781276772,0.001270272665504712,0.0,0.0,0.0,0.000989631030102508,0.3389412425039142,0.6491093320729078,0.010959794393075538,0.0,0.0,0.0,0.0,0.0,0.010575758470946205,0.6086821659626008,0.380742075566453,0.0,0.0,0.0,0.0,0.0,0.0,0.0,0.0,0.0010191722548816874,0.3463560899234882,0.6526247378216301,0.0058639331186671,0.47587958996780005,0.4662786919145668,0.051977784998966055,0.0,0.0,0.0,0.0,0.0,0.0,0.0010487134796608667,0.21794038580839561,0.7797406280464388,0.001270272665504712,0.0,0.0,0.0,0.0,0.02880269415969986,0.7018108770789637,0.26938642876133645,0.0,0.0,0.0,0.0,0.0,0.0,0.0,1.0,0.0,0.0,0.0,0.0,0.0,0.0,0.9967652358866799,0.003234764113320138,0.0,0.0,0.0
tip_middle_root_1_2_2,1,舌中,146137,136.8473663330078,8.851704597473145,117.0511245727539,11.061427116394043,136.16641235351562,10.353812217712402,150.5330047607422,5.798655033111572,39.363338470458984,8.288309097290039,138.18582153320312,9.162259101867676,131.74876403808594,10.392807006835938,139.3208770751953,2.1998164653778076,120.50968933105469,1.484164834022522,0.0,0.0,2.052868199018729e-05,0.14355707315737973,0.8562923831746923,0.00013001498593785284,0.0,0.0,0.0,5.474315197383277e-05,0.030923037971218786,0.7941452198963986,0.1748769989804088,0.0,0.0,0.0,0.0,0.0,0.0011632919794439464,0.19013665259311469,0.8065513867124684,0.002148668714972936,0.0,0.0,0.0,0.0,0.0,0.0,0.0,0.006049118293108522,0.900326406043644,0.0936244756632475,0.15824192367436035,0.8341556210952736,0.007513497608408548,8.895762195747826e-05,0.0,0.0,0.0,0.0,0.0,0.0,2.052868199018729e-05,0.12196774259769942,0.8758356884293506,0.0021760402909598527,0.0,0.0,0.0,0.0,0.00348303304433511,0.30346866296694197,0.6928224884868308,0.0002258155018920602,0.0,0.0,0.0,0.0,0.0,0.0,1.0,0.0,0.0,0.0,0.0,0.0,0.0,0.9998905136960523,0.00010948630394766554,0.0,0.0,0.0
tip_middle_root_1_2_2,1,舌左邊,50470,129.69415283203125,15.236109733581543,107.1100082397461,15.308416366577148,127.49280548095703,15.152527809143066,152.4300537109375,5.24928092956543,46.49342346191406,9.396692276000977,130.58639526367188,14.631235122680664,122.37846374511719,15.456798553466797,140.79541015625,2.053163528442383,120.08587646484375,1.4513975381851196,0.0,0.0,0.014464038042401426,0.3816524668119675,0.6013275212997821,0.0025559738458490193,0.0,0.0,0.0,0.0031107588666534577,0.2184664156924906,0.6809193580344759,0.09750346740638002,0.0,0.0,0.0,0.0,3.962750148603131e-05,0.03049336239350109,0.44909847434119277,0.5175549831583118,0.0028135526055082225,0.0,0.0,0.0,0.0,0.0,0.0,0.0,7.925500297206262e-05,0.8881910045571627,0.11172974043986526,0.03885476520705369,0.9167822468793343,0.043867644145036654,0.0004953437685753913,0.0,0.0,0.0,0.0,0.0,0.0,0.01321577174559144,0.3691499900931246,0.6135922330097088,0.004042005151575193,0.0,0.0,0.0,1.9813750743015655e-05,0.05260550822270656,0.5539726570239747,0.3932633247473747,0.00013869625520110957,0.0,0.0,0.0,0.0,0.0,0.0,1.0,0.0,0.0,0.0,0.0,0.0,0.0,0.9995839112343967,0.00041608876560332873,0.0,0.0,0.0
tip_middle_root_1_2_2,1,舌右邊,24129,119.40548706054688,13.453195571899414,98.63053131103516,16.2950439453125,119.61221313476562,15.573906898498535,149.26893615722656,5.217614650726318,48.652950286865234,13.03408145904541,121.18388366699219,14.029001235961914,113.30830383300781,15.976400375366211,140.4189910888672,2.525742530822754,119.4393081665039,1.3208003044128418,0.0,0.0,0.028844958348874798,0.6454473869617473,0.3257076546893779,0.0,0.0,0.0,0.0,0.0175307720999627,0.3642504869658917,0.602055617721414,0.016163123212731566,0.0,0.0,0.0,0.0,0.0,0.08649343114095072,0.5611090389158274,0.3523975299432219,0.0,0.0,0.0,0.0,0.0,0.0,0.0,0.0,0.0012018732645364498,0.9300426872228439,0.06875543951261967,0.01947863566662522,0.8481495296116706,0.1279373368146214,0.004434497907082764,0.0,0.0,0.0,0.0,0.0,0.0,0.026814206970864934,0.6004807493058146,0.3727050437233205,0.0,0.0,0.0,0.0,0.0,0.1724895354138174,0.6197936093497451,0.2077168552364375,0.0,0.0,0.0,0.0,0.0,0.0,0.0,1.0,0.0,0.0,0.0,0.0,0.0,0.0,1.0,0.0,0.0,0.0,0.0
tip_middle_root_1_2_2,1,舌根,271039,124.2420425415039,20.740341186523438,107.72248840332031,22.28516387939453,121.08968353271484,22.433551788330078,154.3256378173828,11.187560081481934,36.204402923583984,14.486348152160645,124.77610778808594,21.07367706298828,120.71296691894531,22.54336929321289,137.0972137451172,3.214324951171875,123.0310287475586,1.9718053340911865,1.475802375303923e-05,0.009271728422846896,0.08875844435671619,0.39501326377384804,0.5045141105154609,0.0024276949073749536,0.0,0.0,0.0005718734204302702,0.03629735942059999,0.24575061153560926,0.5018170816745929,0.21554462641907624,1.8447529691299037e-05,0.0,0.0,3.320555344433827e-05,0.01493143053213744,0.12393788347802345,0.41591431491408987,0.44176299351753806,0.003420172004766842,0.0,0.0,0.0029073306793487284,0.0,0.0,0.0,7.379011876519615e-06,0.010825010422854275,0.6397861562358185,0.346474123650102,0.415873730348769,0.5363028936795073,0.046734971719936985,0.0010884042517866432,0.0,0.0,0.0,0.0,1.475802375303923e-05,0.009220075339711259,0.08807219625219986,0.3886894505956707,0.5091333719501622,0.004870147838502946,0.0,0.0,0.00021768085035732865,0.017185718660414184,0.12307453908847066,0.41937876099011584,0.4377119159973288,0.002431384413313213,0.0,0.0,0.0,0.0,0.0,0.0,1.0,0.0,0.0,0.0,0.0,0.0,0.0,0.9731256387457156,0.02687436125428444,0.0,0.0,0.0
tip_middle_root_1_2_2,10,舌尖,108549,131.71617126464844,10.945695877075195,85.67415618896484,12.983203887939453,103.65390014648438,12.703193664550781,167.67251586914062,6.4662580490112305,89.3507080078125,19.34212875366211,131.71636962890625,10.94597053527832,107.19681549072266,11.727314949035645,149.87144470214844,4.540338516235352,125.74285888671875,2.2557361125946045,0.0,0.0,0.0002303107352439912,0.3206478180360943,0.6789836847875154,0.00013818644114639472,0.0,0.0,0.0,0.044053837437470635,0.7227058747662346,0.23237431943177736,0.0008659683645174069,0.0,0.0,0.0,0.0,6.448700586831753e-05,0.2508820901159845,0.7248800081069379,0.024173414771209316,0.0,0.0,0.0,0.0012344655409077929,0.0,0.0,0.0,0.0,0.0,0.002275470064210633,0.9964900643948815,5.527457645855788e-05,0.09369040709725562,0.5345235792130743,0.34937217293572487,0.022349353748076905,9.212429409759648e-06,0.0,0.0,0.0,0.0,0.0002303107352439912,0.3206478180360943,0.6789836847875154,0.00013818644114639472,0.0,0.0,0.0,0.0,0.1591723553418272,0.8068522049949792,0.03397543966319358,0.0,0.0,0.0,0.0,0.0,0.0,0.0,0.9890187841435665,0.0109812158564335,0.0,0.0,0.0,0.0,0.0,0.7920017687864467,0.20799823121355332,0.0,0.0,0.0
tip_middle_root_1_2_2,10,舌中,284262,136.63763427734375,9.007064819335938,109.20806884765625,13.449966430664062,124.72425842285156,12.610803604125977,162.61610412597656,3.5177974700927734,51.92850112915039,14.025899887084961,136.6400604248047,9.00965404510498,125.42504119873047,12.312958717346191,141.6446075439453,2.7208027839660645,123.67510223388672,1.3585879802703857,0.0,0.0,0.0004995391575377644,0.13057672147525873,0.8688920784346835,3.166093251999916e-05,0.0,0.0,0.0,0.0076302847373197966,0.12929621264889432,0.8097002061478495,0.05337329646593635,0.0,0.0,0.0,0.0,0.0001231258486888856,0.03064426479796807,0.4918948012748802,0.4773378080784628,0.0,0.0,0.0,0.0,0.0,0.0,0.0,0.0,0.0,0.09813130140504182,0.9018686985949582,0.025195066523137105,0.8031076964209075,0.1593987237126313,0.012076886815684123,0.00022162652763999408,0.0,0.0,0.0,0.0,0.0,0.0004995391575377644,0.13057320359386762,0.8688955963160746,3.166093251999916e-05,0.0,0.0,0.0,3.5178813911110174e-06,0.02686606018391484,0.47954000182929835,0.4935904201053957,0.0,0.0,0.0,0.0,0.0,0.0,0.0,1.0,0.0,0.0,0.0,0.0,0.0,0.0,0.9931330955245513,0.006866904475448706,0.0,0.0,0.0
tip_middle_root_1_2_2,10,舌左邊,92768,133.24472045898438,10.825776100158691,95.07249450683594,21.615013122558594,113.91851806640625,20.416915893554688,163.79933166503906,4.959196090698242,75.04583740234375,28.782344818115234,133.25856018066406,10.852307319641113,114.45452117919922,18.546663284301758,146.79702758789062,5.538411617279053,123.85740661621094,2.1681625843048096,0.0,0.0,0.0,0.3078432218006209,0.6897098137288721,0.0024254053121766125,2.1559158330458778e-05,0.0,0.0,0.08083606416005519,0.3985749396343567,0.4851457399103139,0.03531390134529148,0.00012935494998275268,0.0,0.0,0.0,0.000194032424974129,0.2356954984477406,0.44401086581579857,0.31867669886167643,0.0013905657123145913,3.233873749568817e-05,0.0,0.0,0.0,0.0,0.0,0.0,0.0,0.1483701276302173,0.8516298723697827,0.0184869782683684,0.3966130562262849,0.2993812521559158,0.26174974129010004,0.023219213521904106,0.0005497585374266989,0.0,0.0,0.0,0.0,0.0,0.3078432218006209,0.6893756467747499,0.002748792687133494,3.233873749568817e-05,0.0,0.0,0.0,0.2060193170058641,0.48799154880993445,0.30511598827181785,0.0008731459123835806,0.0,0.0,0.0,0.0,0.0,0.0,0.9964104001379787,0.0035895998620213867,0.0,0.0,0.0,0.0,0.0,0.9346218523628838,0.06537814763711625,0.0,0.0,0.0
tip_middle_root_1_2_2,10,舌右邊,63400,129.51087951660156,11.978559494018555,85.17640686035156,20.116016387939453,100.94711303710938,21.17704200744629,168.0402069091797,7.354659557342529,89.05126190185547,27.309511184692383,129.5111846923828,11.97909164428711,105.96829986572266,17.759992599487305,148.98313903808594,4.960654258728027,126.81178283691406,3.4896492958068848,0.0,0.0,0.0003312302839116719,0.39317034700315456,0.6053312302839117,0.001167192429022082,0.0,0.0,0.0,0.16347003154574133,0.5228706624605678,0.3016403785488959,0.012018927444794953,0.0,0.0,0.0,0.0,0.030173501577287067,0.38230283911671925,0.45430599369085173,0.13302839116719242,0.0001892744479495268,0.0,0.0,0.0011198738170347003,0.0,0.0,0.0,0.0,0.0,0.03282334384858044,0.9660567823343849,0.0012302839116719244,0.23413249211356466,0.2873028391167192,0.41865930599369083,0.05854889589905363,0.00012618296529968455,0.0,0.0,0.0,0.0,0.0003312302839116719,0.39317034700315456,0.6053312302839117,0.001167192429022082,0.0,0.0,0.0,0.00036277602523659307,0.29345425867507885,0.5686119873817035,0.1375552050473186,1.577287066246057e-05,0.0,0.0,0.0,0.0,0.0,0.0,0.9984069400630915,0.0015930599369085173,0.0,0.0,0.0,0.0,0.0,0.6203943217665615,0.3796056782334385,0.0,0.0,0.0
tip_middle_root_1_2_2,10,舌根,499829,115.29264068603516,30.651744842529297,86.9153060913086,29.43770408630371,100.49177551269531,31.51763343811035,164.50967407226562,7.053623199462891,66.84959411621094,25.55893898010254,115.29461669921875,30.65352439880371,101.94264221191406,31.953218460083008,142.14913940429688,4.673783779144287,124.97480773925781,2.5061638355255127,0.019464656912664132,0.07866290271272776,0.11426908002536867,0.304190032991283,0.48311922677555724,0.0002941005823991805,0.0,0.0,0.06403590027789505,0.14971320191505494,0.3107762854896375,0.45111428108413076,0.024360331233281782,0.0,0.0,0.0,0.04152019990836866,0.0991279017423959,0.2293224282704685,0.4075213723093298,0.22243407245277885,7.402531665829714e-05,0.0,0.0,0.0010563612755562402,0.0,0.0,0.0,0.0,0.0,0.05721356703992766,0.9417300716845161,0.021115221405720756,0.5323100500371127,0.2764565481394637,0.1549349877658159,0.01503714270280436,0.00014604994908258624,0.0,0.0,0.019464656912664132,0.07866290271272776,0.11426908002536867,0.30416002272777287,0.4831332315651953,0.00031010605627124476,0.0,0.0,0.04605975243533288,0.09399014462946327,0.19978232555533992,0.422778590277875,0.23736717957541478,2.2007526574088337e-05,0.0,0.0,0.0,0.0,0.0,0.0,0.9994057967824996,0.0005942032175003852,0.0,0.0,0.0,0.0,0.0,0.8695313797318683,0.1304686202681317,0.0,0.0,0.0
tip_middle_root_1_2_2,100,舌尖,106594,144.34878540039062,11.167400360107422,97.56664276123047,12.075237274169922,108.2793197631836,12.647014617919922,171.4193115234375,16.15159034729004,83.22048950195312,11.445723533630371,144.34878540039062,11.167400360107422,118.80845642089844,11.603487968444824,148.5982666015625,2.668874502182007,129.68380737304688,1.808424949645996,0.0,0.0,0.00014072086609002383,0.08628065369532995,0.8455072518152992,0.06788374580182749,0.0001876278214533651,0.0,0.0,0.0026736964557104526,0.4248550575079273,0.5650224215246636,0.007355010600971912,9.381391072668255e-05,0.0,0.0,0.0,0.0004690695536334128,0.14563671501210199,0.7864044880574892,0.06718952286245004,0.0003002045143253842,0.0,0.0,0.009437679419104264,0.0,0.0,0.0,0.0,0.0,0.0,0.9905623205808958,0.0,0.0244103795710828,0.8313788768598608,0.14261590708670283,0.0015948364823536033,0.0,0.0,0.0,0.0,0.0,0.00014072086609002383,0.08628065369532995,0.8455072518152992,0.06788374580182749,0.0001876278214533651,0.0,0.0,0.0,0.024025742537103403,0.7605399928701427,0.21469313469801302,0.0007411298947407922,0.0,0.0,0.0,0.0,0.0,0.0,0.9997091768767473,0.0002908231232527159,0.0,0.0,0.0,0.0,0.0,0.08234985083588195,0.917650149164118,0.0,0.0,0.0
tip_middle_root_1_2_2,100,舌中,192024,161.23544311523438,11.231338500976562,126.54039764404297,16.172256469726562,135.4796142578125,15.488792419433594,172.02305603027344,2.977963447570801,55.33512878417969,16.593782424926758,161.2354736328125,11.231470108032227,144.16871643066406,14.057084083557129,142.91073608398438,4.218008041381836,128.35557556152344,1.435120940208435,0.0,0.0,0.0,0.001619589218014415,0.4481262758821814,0.5329490063742032,0.016695829687955674,0.0006092988376452944,0.0,1.0415364746073408e-05,0.019612131816856226,0.502562179727534,0.45760946548348125,0.019044494438195225,0.0011040286630837812,5.728450610340374e-05,0.0,0.0,0.003077740282464692,0.3051181102362205,0.6436799566720827,0.044765237678623504,0.0032183477065366828,0.00014060742407199101,0.00012498437695288088,0.0,0.0,0.0,0.0,0.0,0.00024996875390576176,0.9996250468691413,0.05688872224305295,0.6203807857351165,0.3128827646544182,0.00981127359080115,3.645377661125693e-05,0.0,0.0,0.0,0.0,0.0,0.0,0.001619589218014415,0.4481262758821814,0.5329490063742032,0.016695829687955674,0.0006092988376452944,0.0,0.0,5.728450610340374e-05,0.11557409490480357,0.7627692371786859,0.11701662292213473,0.0044681914760654915,0.00011456901220680748,0.0,0.0,0.0,0.0,0.9999687539057618,3.124609423822022e-05,0.0,0.0,0.0,0.0,0.0,0.26071741032370954,0.7392825896762905,0.0,0.0,0.0
tip_middle_root_1_2_2,100,舌左邊,66852,142.2520751953125,15.10822582244873,95.19800567626953,18.846525192260742,104.22545623779297,20.742589950561523,169.6553955078125,26.82947540283203,85.9706039428711,17.73618507385254,142.2520751953125,15.10822582244873,116.2825927734375,17.86826515197754,148.58599853515625,2.98172664642334,130.85009765625,2.5682127475738525,0.0,0.0,0.0024681385747621614,0.1885508286962245,0.7174056123975349,0.0897804104589242,0.001795009872554299,0.0,0.0,0.03928079937772991,0.4310117872314964,0.49231137437922573,0.03588523903548136,0.001510799976066535,0.0,0.0,0.0,0.006880871178124813,0.3192275474181775,0.5493926883264525,0.12060970502004428,0.003784479147968647,0.0001047089092323341,0.0,0.02466642733201699,0.0,0.0,0.0,0.0,0.0,0.0,0.975333572667983,0.00016454257165081075,0.09535989947944713,0.6135942081014779,0.2812930054448633,0.00958834440256088,0.0,0.0,0.0,0.0,0.0,0.0024681385747621614,0.1885508286962245,0.7174056123975349,0.0897804104589242,0.001795009872554299,0.0,0.0,0.0008077544426494346,0.1620145994136301,0.568614252378388,0.26196673248369534,0.006417160294381619,0.0001795009872554299,0.0,0.0,0.0,0.0,0.0,0.9995213307006522,0.00047866929934781307,0.0,0.0,0.0,0.0,0.0,0.07317656913779692,0.9268234308622031,0.0,0.0,0.0
tip_middle_root_1_2_2,100,舌右邊,84637,146.8560028076172,13.502333641052246,106.804931640625,18.80329132080078,116.85340881347656,21.99735450744629,161.54550170898438,39.407684326171875,71.37342834472656,17.930973052978516,146.8560028076172,13.502333641052246,126.02586364746094,17.372970581054688,145.67404174804688,3.2610676288604736,128.90757751464844,3.6148571968078613,0.0,0.0,0.0,0.10087786665406383,0.75534340772948,0.13948982123657502,0.004229828561976441,5.907581790469889e-05,0.0,0.005706724009593913,0.26422250316055623,0.6064723466096388,0.11636754610867588,0.006876425204106951,0.00035445490742819333,0.0,0.0,0.002871084750168366,0.18060659049824546,0.4891714025780687,0.3106324657064877,0.015005257747793517,0.0016895683920743882,2.3630327161879557e-05,0.05785885605586209,0.0,0.0,0.0,0.0,0.0,0.0006143885062088684,0.9415267554379291,0.005612202700946395,0.3406547963656557,0.5500431253470704,0.10177581908621525,0.001914056500112244,0.0,0.0,0.0,0.0,0.0,0.0,0.10087786665406383,0.75534340772948,0.13948982123657502,0.004229828561976441,5.907581790469889e-05,0.0,0.0,0.04489762160757116,0.4670770466817113,0.46584826966929355,0.020310266195635477,0.0018431655186266053,2.3630327161879557e-05,0.0,0.0,0.0,0.0,1.0,0.0,0.0,0.0,0.0,0.0,0.0,0.4062762148941952,0.5937237851058048,0.0,0.0,0.0
tip_middle_root_1_2_2,100,舌根,324729,131.8214569091797,30.590702056884766,104.80720520019531,33.32554626464844,109.56553649902344,32.92630386352539,155.15138244628906,54.05683898925781,56.728824615478516,30.289155960083008,131.82595825195312,30.573007583618164,119.46929168701172,33.627140045166016,139.7394561767578,5.760015964508057,129.6634063720703,2.1716368198394775,0.01268442301118779,0.02977251800732303,0.08808575766254323,0.17433305925864337,0.5677718959501615,0.1272876768012712,6.466930886985763e-05,0.0,0.029113506955030195,0.09396450578790315,0.2344631985440167,0.3468553778689307,0.2901249965355727,0.005478414308546511,0.0,0.0,0.02234170646908653,0.08170197302981871,0.19143963120017,0.3509942136366016,0.34077954232606267,0.01273677435646339,6.1589817971292985e-06,0.0,0.10912791897243548,0.0,0.0,6.1589817971292985e-06,2.7715418087081843e-05,0.001237955341222989,0.00188772792082013,0.8877125233656372,0.2115610247313914,0.449306960573278,0.20985190728268802,0.10296893717530618,0.024337216571356422,0.0019431587569942938,3.0794908985646495e-05,0.0,0.012675184538492097,0.029775597498221593,0.08809191664434035,0.17433305925864337,0.5677718959501615,0.1272876768012712,6.466930886985763e-05,0.0,0.019376156733768773,0.06480480646939447,0.10777294297706703,0.3329145225711285,0.4096184818725768,0.0654822944670787,3.0794908985646495e-05,0.0,0.0,0.0,0.0,3.0794908985646492e-06,0.9999168537457388,8.006676336268088e-05,0.0,0.0,0.0,0.0,0.0,0.1320886031121335,0.8679113968878664,0.0,0.0,0.0
tip_middle_root_1_2_2,11,舌尖,85645,130.38726806640625,19.250722885131836,87.98481750488281,16.618240356445312,105.02533721923828,15.615602493286133,165.18577575683594,15.652506828308105,84.31765747070312,17.971580505371094,131.1428985595703,18.078893661499023,108.26026153564453,16.857826232910156,148.2915802001953,4.303820610046387,125.48870086669922,4.264529705047607,0.0,3.50283145542647e-05,0.05782007122423959,0.3273279234047522,0.5894331251094634,0.025383851946990485,0.0,0.0,0.0,0.05688598283612587,0.6152840212505108,0.32336972386012025,0.004460272053243038,0.0,0.0,0.0,0.0,0.0007355946056395587,0.3020491564014245,0.6055928542238309,0.0916107186642536,1.1676104851421566e-05,0.0,0.0,0.006083250627590636,0.0,0.0,0.0,0.0,0.021040340942261662,0.07838169186759297,0.8944947165625547,0.00024519820187985286,0.1174849670150038,0.6117111331659758,0.2593496409597758,0.011197384552513281,1.1676104851421566e-05,0.0,0.0,0.0,0.0,0.030229435460330432,0.35305038239243386,0.5913363302002452,0.025383851946990485,0.0,0.0,0.0,0.0009340883881137253,0.2472181680191488,0.6005954813474225,0.1512172339307607,3.50283145542647e-05,0.0,0.0,0.0,0.0,0.0,0.0,0.9965321968591278,0.003467803140872205,0.0,0.0,0.0,0.0,0.0,0.6721700040866367,0.3278299959133633,0.0,0.0,0.0
tip_middle_root_1_2_2,11,舌中,238289,138.48919677734375,16.00333023071289,99.34944915771484,19.31757926940918,119.07225036621094,18.112964630126953,164.3839874267578,3.454937696456909,73.45287322998047,18.487462997436523,138.50003051757812,15.979138374328613,119.0117416381836,18.292688369750977,147.13108825683594,3.612621545791626,123.35227966308594,1.8554458618164062,0.0,0.0,0.006315860153007482,0.22200353352441782,0.7046737365132255,0.06700686980934915,0.0,0.0,0.0,0.025003252353234938,0.3924394327895958,0.5089534137119213,0.073603901145248,0.0,0.0,0.0,0.0,1.67863392770963e-05,0.11623280973943405,0.5318961429188926,0.3504064392397467,0.0014478217626495559,0.0,0.0,0.0,0.0,0.0,0.0,0.0,0.0,0.04366546504454675,0.9563345349554533,0.0022074036149381635,0.3071648292619466,0.566736190088506,0.12174292560714091,0.0021486514274683265,0.0,0.0,0.0,0.0,0.0,0.006030492385296846,0.22228890129212847,0.7046737365132255,0.06700686980934915,0.0,0.0,0.0,0.00017625656240951115,0.12572548460063201,0.5177410623234812,0.35514018691588783,0.0012170095975894816,0.0,0.0,0.0,0.0,0.0,0.0,0.9999412478125301,5.875218746983705e-05,0.0,0.0,0.0,0.0,0.0,0.9872423821494068,0.012757617850593187,0.0,0.0,0.0
tip_middle_root_1_2_2,11,舌左邊,53479,127.18983459472656,12.350381851196289,71.80489349365234,15.713025093078613,91.25785827636719,16.321990966796875,169.0707550048828,2.990539789199829,112.08900451660156,21.402206420898438,127.18983459472656,12.350381851196289,96.19068908691406,14.351672172546387,154.2498016357422,3.9246726036071777,127.0877914428711,3.127389430999756,0.0,0.0,0.0027674414256063126,0.4999345537500701,0.4859103573365246,0.011294152845041979,9.349464275697003e-05,0.0,0.0,0.33106453000243086,0.5826212158043345,0.08321023205370333,0.0031040221395314048,0.0,0.0,0.0,0.0,0.018100562837749398,0.6240019446885694,0.33080274500271134,0.02647768282877391,0.0006170646421960022,0.0,0.0,0.0,0.0,0.0,0.0,0.0,0.0,0.0027674414256063126,0.9972325585743936,0.0,0.014603863198638718,0.2186465715514501,0.48463883019502985,0.2810261971989005,0.0010845378559808524,0.0,0.0,0.0,0.0,0.0027674414256063126,0.4999345537500701,0.4859103573365246,0.011294152845041979,9.349464275697003e-05,0.0,0.0,0.0014959142841115204,0.5331064530002431,0.435385852390658,0.029394715682791377,0.0006170646421960022,0.0,0.0,0.0,0.0,0.0,0.0,0.957852615045158,0.04214738495484209,0.0,0.0,0.0,0.0,0.0,0.5318162269301969,0.4681837730698031,0.0,0.0,0.0
tip_middle_root_1_2_2,11,舌右邊,76756,117.4365005493164,14.220540046691895,72.15583038330078,15.912599563598633,90.57128143310547,17.082618713378906,167.0567169189453,6.911627769470215,99.6497573852539,20.770469665527344,117.46678924560547,14.177477836608887,92.8692855834961,15.617389678955078,150.1573028564453,3.3819258213043213,125.4919204711914,3.2448220252990723,0.0,0.0,0.059695658971285634,0.6958934806399499,0.24295169107301057,0.0014591693157538174,0.0,0.0,0.0004299338162488926,0.30082338839960393,0.6167074886653812,0.08159622700505498,0.0004429621137109802,0.0,0.0,0.0,0.0,0.06344780864036688,0.5481265308249518,0.37056386471415914,0.017861795820522174,0.0,0.0,0.0,0.0009901506071186617,0.0,0.0,0.0,0.0,0.00019542446193131482,0.03765177966543332,0.9611626452655168,0.0,0.039684194069518994,0.3817682005315545,0.48761008911355463,0.08809734743863672,0.002840168846735109,0.0,0.0,0.0,0.0,0.05771535775704831,0.6978737818541872,0.24295169107301057,0.0014591693157538174,0.0,0.0,0.0,0.019320965136275993,0.5557871697326593,0.40445046641304916,0.02042837042055344,1.3028297462087654e-05,0.0,0.0,0.0,0.0,0.0,0.0,0.9988535098233363,0.0011464901766637136,0.0,0.0,0.0,0.0,0.0,0.7417270311115743,0.25827296888842566,0.0,0.0,0.0
tip_middle_root_1_2_2,11,舌根,420767,114.13646697998047,30.676313400268555,78.9813232421875,28.872684478759766,92.22970581054688,31.59579849243164,168.5254669189453,4.020620346069336,82.83038330078125,26.589242935180664,114.13646697998047,30.676313400268555,95.68289947509766,31.247150421142578,145.0087127685547,4.944146633148193,126.47074890136719,2.48331356048584,0.0003850111819605625,0.09424218153990213,0.14478084070281177,0.3731946659315013,0.3638189306670913,0.023514201446406206,6.416853032676041e-05,0.0,0.06100288283064024,0.2370623171493962,0.3962501812166829,0.2646547851899032,0.04097754814422234,5.228546915513812e-05,0.0,0.0,0.03619818094099585,0.16296192429539388,0.315949207043328,0.3410628685234346,0.1429960049148341,0.0008151779963732897,1.663628564027122e-05,0.0,8.793465267000501e-05,0.0,0.0,0.0,0.0,0.0,0.0038429819829026517,0.9960690833644273,0.0012596044841919638,0.27615283517956496,0.4094855347496358,0.25200883149106273,0.05840049243405495,0.0026594290902090707,3.327257128054244e-05,0.0,0.0003850111819605625,0.09424218153990213,0.14478084070281177,0.3731946659315013,0.3638189306670913,0.023514201446406206,6.416853032676041e-05,0.0,0.032856664139535655,0.13756069273493407,0.2849985859157206,0.38246107703313237,0.1611366860994327,0.0009839174650103264,2.3766122343244597e-06,0.0,0.0,0.0,0.0,0.0,0.9979157110704975,0.0020842889295025514,0.0,0.0,0.0,0.0,0.0,0.6879817095922446,0.31201829040775536,0.0,0.0,0.0
tip_middle_root_1_2_2,12,舌尖,115674,147.31683349609375,13.46833324432373,87.85597229003906,13.338459014892578,101.88465118408203,14.918174743652344,169.62306213378906,22.670774459838867,103.0541763305664,17.397216796875,147.31683349609375,13.46833324432373,113.50576782226562,12.542008399963379,154.37942504882812,4.673098087310791,130.64959716796875,2.8393542766571045,0.0,0.0,0.0006570188633573664,0.09441188166744471,0.7493300136590764,0.15549734598959145,0.00010373982053011048,0.0,0.0,0.02513961650846344,0.7184760620364127,0.250194512163494,0.006120649411276519,6.915988035340699e-05,0.0,0.0,0.0,0.00574027006933278,0.31615574805055585,0.6245310095613534,0.05301104829088646,0.0005532790428272559,8.644985044175873e-06,0.0,0.01761847952003043,0.0,0.0,0.0,0.0,0.0,0.00031121946159033144,0.9820703010183792,0.0,0.019935335511869566,0.2898490585611287,0.6242975949651607,0.06590936597679686,8.644985044175873e-06,0.0,0.0,0.0,0.0,0.0006570188633573664,0.09441188166744471,0.7493300136590764,0.15549734598959145,0.00010373982053011048,0.0,0.0,8.644985044175873e-06,0.0831647561249719,0.8021681622490793,0.11394090288223802,0.0007088887736224216,8.644985044175873e-06,0.0,0.0,0.0,0.0,0.0,0.882713487905666,0.11728651209433408,0.0,0.0,0.0,0.0,0.0,0.13258813562252536,0.8674118643774746,0.0,0.0,0.0
tip_middle_root_1_2_2,12,舌中,251304,150.1560516357422,7.545130252838135,114.04010772705078,14.215676307678223,127.27661895751953,13.750178337097168,168.5030059814453,3.0879440307617188,61.802513122558594,17.623884201049805,150.15606689453125,7.5451555252075195,132.54443359375,11.896590232849121,144.4718017578125,4.124897480010986,126.40023040771484,1.9038070440292358,0.0,0.0,0.0,0.0031276859898768028,0.8936308216343553,0.10321363766593449,2.785470983350842e-05,0.0,0.0,0.00014723203769140164,0.10538232578868621,0.7153447617228536,0.17906201254257792,6.366790819087638e-05,0.0,0.0,0.0,0.0,0.014150192595422278,0.46126205711011364,0.5227015885143094,0.001886161780154713,0.0,0.0,7.958488523859548e-06,0.0,0.0,0.0,0.0,0.0,0.0006406583261706936,0.9993513831853055,0.011742749816954764,0.5756653296405947,0.36967179193327604,0.042617706045267885,0.00030242256390666285,0.0,0.0,0.0,0.0,0.0,0.0,0.0031276859898768028,0.8936228631458314,0.10322159615445835,2.785470983350842e-05,0.0,0.0,0.0,0.0013728392703657721,0.3312203546302486,0.6621343074523287,0.005272498647056951,0.0,0.0,0.0,0.0,0.0,0.0,0.9995185114443065,0.0004814885556935027,0.0,0.0,0.0,0.0,0.0,0.7510306242638398,0.24896937573616018,0.0,0.0,0.0
tip_middle_root_1_2_2,12,舌左邊,82448,148.4928741455078,10.058424949645996,101.38618469238281,16.748905181884766,115.64655303955078,17.14459800720215,170.61314392089844,2.506619930267334,81.86135864257812,18.852182388305664,148.4928741455078,10.058424949645996,123.12197875976562,14.572022438049316,149.2331085205078,3.9285428524017334,127.90845489501953,2.1399834156036377,0.0,0.0,0.0,0.032165728701727146,0.8470065980981952,0.12080341548612458,2.4257713953037066e-05,0.0,0.0,0.0024864156801862993,0.38125849019988356,0.5523966621385601,0.06383417426741704,2.4257713953037066e-05,0.0,0.0,0.0,1.2128856976518533e-05,0.13456966815447313,0.594896176984281,0.26882398602755675,0.0016980399767125946,0.0,0.0,1.2128856976518533e-05,0.0,0.0,0.0,0.0,0.0,1.2128856976518533e-05,0.9999757422860469,0.00024257713953037066,0.18253929749660391,0.543554725402678,0.2732146322530565,0.0004487677081311857,0.0,0.0,0.0,0.0,0.0,0.0,0.032165728701727146,0.8470065980981952,0.12080341548612458,2.4257713953037066e-05,0.0,0.0,0.0,0.020813118571705803,0.5828158354356685,0.39335096060547253,0.0030200853871531147,0.0,0.0,0.0,0.0,0.0,0.0,0.9993329128662914,0.0006670871337085193,0.0,0.0,0.0,0.0,0.0,0.43285464777799343,0.5671453522220066,0.0,0.0,0.0
tip_middle_root_1_2_2,12,舌右邊,59588,138.90884399414062,11.199277877807617,93.78514099121094,15.718642234802246,105.4703140258789,16.1832275390625,167.764892578125,26.249174118041992,83.69334411621094,18.5538387298584,138.90884399414062,11.199277877807617,114.63712310791016,14.11508560180664,148.2552490234375,4.172224521636963,129.00726318359375,2.1141481399536133,0.0,0.0,6.712760958582265e-05,0.16283479895280928,0.8189232731422434,0.018174800295361483,0.0,0.0,0.0,0.0009062227294086057,0.6022856951063973,0.35743773914210913,0.03937034302208498,0.0,0.0,0.0,0.0,0.0007887494126334161,0.2851916493253675,0.6098039873800094,0.10409814056521448,0.00011747331677518963,0.0,0.0,0.024149157548499698,0.0,0.0,0.0,0.0,0.0,0.0,0.9758508424515003,0.001493589313284554,0.14548231187487415,0.5625293683291938,0.28896757736457007,0.0015271531180774652,0.0,0.0,0.0,0.0,0.0,6.712760958582265e-05,0.16283479895280928,0.8189232731422434,0.018174800295361483,0.0,0.0,0.0,0.0,0.05464187420285964,0.7681412364905685,0.1765791770155065,0.0006377122910653152,0.0,0.0,0.0,0.0,0.0,0.0,0.9982546821507686,0.001745317849231389,0.0,0.0,0.0,0.0,0.0,0.2511076055581661,0.748892394441834,0.0,0.0,0.0
tip_middle_root_1_2_2,12,舌根,410673,135.0318145751953,19.38195037841797,102.01409149169922,22.82391929626465,110.60289764404297,23.27170753479004,167.11253356933594,27.415409088134766,64.50779724121094,20.624998092651367,135.03317260742188,19.383075714111328,118.973388671875,22.24246597290039,142.78587341308594,3.6627440452575684,128.4241943359375,2.3299295902252197,0.0,0.0012296888278508693,0.0452501138375301,0.24276735991896228,0.6528089258363711,0.05793904152452194,4.870054763765818e-06,0.0,0.0018895812483411376,0.04834503363990328,0.3507656943602331,0.4527056806753792,0.1460261570641362,0.00026785301200712004,0.0,0.0,0.0008619996931865498,0.027467108867639218,0.23823820898866008,0.46012033905321265,0.27185132696817177,0.0014610164291297455,0.0,0.0,0.026310470861244835,0.0,0.0,0.0,0.0,8.522595836590183e-05,0.0004480450382664553,0.9731562581421228,0.01518239572603994,0.5132915969640078,0.40550997995972465,0.060585916288628666,0.004409834588589949,0.000939920569406803,8.035590360213601e-05,0.0,0.0,0.0012296888278508693,0.04524280875538445,0.24276979494634418,0.6527967506994616,0.05795608671619512,4.870054763765818e-06,0.0,0.0004456100108845724,0.013772514871929735,0.12814575099897,0.4623629992719268,0.3889055282426651,0.006367596603623808,0.0,0.0,0.0,0.0,0.0,0.0,0.9999975649726182,2.435027381882909e-06,0.0,0.0,0.0,0.0,0.0,0.37084736517862144,0.6291526348213786,0.0,0.0,0.0
tip_middle_root_1_2_2,13,舌尖,145598,159.60598754882812,12.003689765930176,98.62535095214844,16.607576370239258,109.2352294921875,17.245220184326172,172.11436462402344,19.957910537719727,97.8941879272461,19.71401023864746,159.60598754882812,12.003689765930176,124.54313659667969,13.933065414428711,154.12918090820312,5.297324180603027,132.69935607910156,3.231834888458252,0.0,0.0,0.0,0.012582590420198079,0.4574376021648649,0.5141554142227228,0.015426036071924065,0.00039835712029011387,0.0,0.0011057844201156609,0.513605956125771,0.4227461915685655,0.05708869627330046,0.005158037885135785,0.00029533372711163615,0.0,0.0,6.868226211898514e-05,0.1961634088380335,0.6650778170029809,0.12406763829173478,0.014024917924696768,0.0005837992280113738,1.373645242379703e-05,0.013770793554856523,0.0,0.0,0.0,0.0,0.0,0.0,0.9862292064451434,7.555048833088367e-05,0.0513537273863652,0.37340485446228655,0.5287091855657358,0.04614761191774612,0.00030907017953543317,0.0,0.0,0.0,0.0,0.0,0.012582590420198079,0.4574376021648649,0.5141554142227228,0.015426036071924065,0.00039835712029011387,0.0,0.0,0.006277558757675243,0.6859572246871523,0.2792071319660984,0.02746603662138216,0.001078311515268067,1.373645242379703e-05,0.0,0.0,0.0,0.0,0.8571477630187228,0.14285223698127722,0.0,0.0,0.0,0.0,0.0,0.03502795368068243,0.9649720463193175,0.0,0.0,0.0
tip_middle_root_1_2_2,13,舌中,231976,158.6147003173828,8.691536903381348,117.15341186523438,12.661571502685547,127.27984619140625,11.844255447387695,172.7473907470703,1.8790051937103271,67.0230712890625,13.091780662536621,158.6147003173828,8.691536903381348,136.84182739257812,11.014312744140625,145.88807678222656,3.3495750427246094,128.8953399658203,1.2664047479629517,0.0,0.0,0.0,0.0002543366555160879,0.5510268303617616,0.44635651963996276,0.002362313342759596,0.0,0.0,0.0,0.045202952029520294,0.7444218367417319,0.20885781287719418,0.001517398351553609,0.0,0.0,0.0,0.0,0.005746284098355002,0.49753853846949686,0.49080077249370624,0.005875607821498776,3.8797116943132046e-05,0.0,2.1553953857295584e-05,0.0,0.0,0.0,0.0,0.0,0.0,0.9999784460461427,0.00010776976928647791,0.42519915853364143,0.5466772424733594,0.027739938614339415,0.00027589060937338345,0.0,0.0,0.0,0.0,0.0,0.0,0.0002543366555160879,0.5510268303617616,0.44635651963996276,0.002362313342759596,0.0,0.0,0.0,3.8797116943132046e-05,0.19778339138531573,0.7849605131565335,0.017152636479635823,6.466186157188675e-05,0.0,0.0,0.0,0.0,0.0,0.9986895196054765,0.0013104803945235713,0.0,0.0,0.0,0.0,0.0,0.11189088526399282,0.8881091147360072,0.0,0.0,0.0
tip_middle_root_1_2_2,13,舌左邊,105795,148.5411834716797,11.839025497436523,96.06907653808594,15.052989959716797,106.23527526855469,15.662226676940918,173.8254852294922,6.64222526550293,90.75711822509766,16.439804077148438,148.5411834716797,11.839025497436523,119.04988098144531,13.640467643737793,150.82923889160156,3.6241261959075928,131.17864990234375,2.2081875801086426,0.0,0.0,0.0,0.03256297556595302,0.8031192400396994,0.1598468736707784,0.004281865872678293,0.00018904485089087385,0.0,0.01338437544307387,0.4607684673188714,0.5056099059501867,0.017552814405217637,0.0025332010019377097,0.00015123588071269908,0.0,0.0,0.0015029065645824472,0.21887612836145376,0.7059312821967012,0.06911479748570348,0.004036107566520157,0.0005198733399499031,1.8904485089087385e-05,0.0014083841391370102,0.0,0.0,0.0,0.0,0.0,0.0,0.998591615860863,7.561794035634954e-05,0.03791294484616475,0.6069284937851506,0.3455361784583392,0.009537312727444586,9.452242544543693e-06,0.0,0.0,0.0,0.0,0.0,0.03256297556595302,0.8031192400396994,0.1598468736707784,0.004281865872678293,0.00018904485089087385,0.0,0.0,0.04561652251996786,0.7189942813932606,0.22898057564157095,0.005463396190746254,0.0009357720119098256,9.452242544543693e-06,0.0,0.0,0.0,0.0,0.9911243442506734,0.008875655749326528,0.0,0.0,0.0,0.0,0.0,0.014858925280022686,0.9851410747199774,0.0,0.0,0.0
tip_middle_root_1_2_2,13,舌右邊,101428,149.26046752929688,10.479803085327148,96.9289321899414,13.399260520935059,105.98894500732422,15.06755542755127,166.20367431640625,36.623924255371094,90.25105285644531,14.664977073669434,149.26046752929688,10.479803085327148,119.77643585205078,12.164735794067383,150.59219360351562,3.4846081733703613,131.76748657226562,2.5412821769714355,0.0,0.0,3.943684189770083e-05,0.029538194581377922,0.8389990929526363,0.13015143747288718,0.0012126828883543006,5.9155262846551245e-05,0.0,0.0030267776156485387,0.4337855424537603,0.5501932405252987,0.012146547304491856,0.0008281736798517174,1.9718420948850416e-05,0.0,0.0,0.002464802618606302,0.23092242773198723,0.7050912962889931,0.059776393106440034,0.0016267697282801594,0.00011831052569310249,0.0,0.0476791418543203,0.0,0.0,0.0,0.0,0.0,0.0,0.9523208581456797,0.0,0.02190716567417281,0.6571065189099657,0.3123299286193162,0.008488780218480103,0.00016760657806522855,0.0,0.0,0.0,0.0,3.943684189770083e-05,0.029538194581377922,0.8389990929526363,0.13015143747288718,0.0012126828883543006,5.9155262846551245e-05,0.0,0.0,0.0238198525062113,0.7348562527112829,0.23824782111448514,0.0029183263004298617,0.00015774736759080333,0.0,0.0,0.0,0.0,0.0,0.9900914934732027,0.009908506526797334,0.0,0.0,0.0,0.0,0.0,0.00495918286863588,0.9950408171313642,0.0,0.0,0.0
tip_middle_root_1_2_2,13,舌根,370127,122.36612701416016,31.75562286376953,84.3703842163086,28.19400978088379,90.76485443115234,29.618797302246094,167.08123779296875,36.354610443115234,83.83349609375,21.45592498779297,122.36612701416016,31.75562286376953,101.5600814819336,31.285324096679688,144.8462677001953,3.485454559326172,130.7521514892578,1.7108687162399292,0.005438673752522783,0.07117286769136,0.11898888759804067,0.22222102143318376,0.5390474080518308,0.0431257379223888,5.403550673147325e-06,0.0,0.06127896640882724,0.15516295757942544,0.3852704612200677,0.36694702088742515,0.031327085027571616,1.3508876682868312e-05,0.0,0.0,0.05319795637713542,0.13680709594274398,0.27640512580816856,0.46750709891469683,0.06604489810254319,3.7824854712031276e-05,0.0,0.0,0.04543845761049586,0.0,0.0,0.0,0.0,0.0,0.0,0.9545615423895042,8.105326009720988e-06,0.16414906234886945,0.5824703412612428,0.20885263706781726,0.04328784444258322,0.0012103953507850008,1.8912427356015638e-05,2.7017753365736624e-06,0.005438673752522783,0.07117286769136,0.11898888759804067,0.22222102143318376,0.5390474080518308,0.0431257379223888,5.403550673147325e-06,0.0,0.03547701194454876,0.11113482669462103,0.17164648890786136,0.4897237975073421,0.19137485241552224,0.0006430225301045317,0.0,0.0,0.0,0.0,0.0,0.0,0.9999837893479806,1.6210652019441977e-05,0.0,0.0,0.0,0.0,0.0,0.034412512461938737,0.9655874875380612,0.0,0.0,0.0
tip_middle_root_1_2_2,14,舌尖,87429,143.02481079101562,11.533607482910156,96.69841766357422,10.061223983764648,113.37345886230469,10.333189010620117,168.14794921875,9.423683166503906,82.83931732177734,12.041278839111328,143.23182678222656,11.107865333557129,118.38107299804688,9.893656730651855,149.43130493164062,3.0904104709625244,126.3398666381836,2.6897835731506348,0.0,0.0,0.0,0.09815964954420157,0.8563863249036361,0.045305333470587565,0.0001486920815747635,0.0,0.0,0.00010294067185945167,0.46300426631895597,0.531414061695776,0.005421542051264454,5.7189262144139814e-05,0.0,0.0,0.0,0.0,0.03185441901428588,0.877203216324103,0.09006165002459138,0.0008807146370197531,0.0,0.0,0.002207505518763797,0.0,0.0,0.0,0.0,0.004426448889956421,0.029726978462523878,0.9636390671287559,0.0003888869825801507,0.060780747806791796,0.8174861887931922,0.12118404648343227,0.0001601299340035915,0.0,0.0,0.0,0.0,0.0,0.0,0.09149138157819488,0.8630545928696428,0.045305333470587565,0.0001486920815747635,0.0,0.0,0.0,0.012215626393988264,0.8231936771551773,0.16343547335552278,0.0011552230953116242,0.0,0.0,0.0,0.0,0.0,0.0,0.9999428107378558,5.7189262144139814e-05,0.0,0.0,0.0,0.0,0.0,0.669834951789452,0.330165048210548,0.0,0.0,0.0
tip_middle_root_1_2_2,14,舌中,235666,148.69296264648438,12.094703674316406,104.8980484008789,15.016275405883789,118.23157501220703,15.555841445922852,160.0148162841797,39.742828369140625,76.41251373291016,14.451277732849121,148.6930389404297,12.094547271728516,125.56806945800781,13.750697135925293,147.66265869140625,3.843418836593628,127.69445037841797,3.4955172538757324,0.0,0.0,8.48658694932659e-06,0.042471124387904916,0.8118014478117336,0.14105556168475725,0.004502134376617756,0.0001612451520372052,0.0,0.0016209381073213785,0.2546145816536963,0.6725153395059109,0.06712041618222399,0.003899586703215568,0.00022913784763181792,0.0,0.0,6.789269559461272e-05,0.05369887892186399,0.7035592745665475,0.2311491687388083,0.01053609769758896,0.0009632276187485679,2.5459760847979768e-05,0.060836098546247656,0.0,0.0,0.0,0.0,0.0,0.0006067909668768511,0.9385571104868755,0.0005431415647569017,0.19368937394448074,0.7248860675702052,0.08024916619283223,0.0006322507277248309,0.0,0.0,0.0,0.0,0.0,8.48658694932659e-06,0.042471124387904916,0.8118014478117336,0.14105556168475725,0.004502134376617756,0.0001612451520372052,0.0,0.0,0.012352227304744851,0.5887909159573295,0.3836276764573591,0.01425746607486867,0.0009632276187485679,8.48658694932659e-06,0.0,0.0,0.0,0.0,0.9997454023915202,0.0002545976084797977,0.0,0.0,0.0,0.0,0.0,0.5413933278453404,0.45860667215465956,0.0,0.0,0.0
tip_middle_root_1_2_2,14,舌左邊,47705,146.48538208007812,16.286375045776367,103.1147232055664,16.025758743286133,114.7408218383789,16.881118774414062,165.97032165527344,30.38187026977539,76.03849029541016,13.007275581359863,146.48699951171875,16.28998565673828,123.406982421875,15.649473190307617,147.262451171875,3.6502132415771484,128.5280303955078,2.231243133544922,0.0,0.0,0.0027879677182685255,0.11124620060790273,0.7861230478985431,0.08233937742375014,0.016161827900639344,0.0013415784508961325,0.0,0.004003773189393146,0.26104181951577404,0.6778534744785661,0.039995807567340946,0.01538622785871502,0.0016560109003249134,6.288648988575621e-05,0.0,0.0,0.06684833874855885,0.8142752332040667,0.08774761555392517,0.026475212241903363,0.004066659679278902,0.000586940572267058,0.03360234776228907,0.0,0.0,0.0,0.0,0.0,0.0030814380044020544,0.9633162142333089,0.004611675924955455,0.1257310554449219,0.8432659050414003,0.026286552772246095,0.00010481081647626035,0.0,0.0,0.0,0.0,0.0,0.0027879677182685255,0.11122523844460748,0.7861020857352479,0.08238130175034064,0.01611990357404884,0.0013835027774866367,0.0,0.0,0.02574153652656954,0.6789015826433288,0.2589456031862488,0.031443244942878104,0.004569751598364951,0.0003982811026097893,0.0,0.0,0.0,0.0,1.0,0.0,0.0,0.0,0.0,0.0,0.0,0.3069070328057856,0.6930929671942144,0.0,0.0,0.0
tip_middle_root_1_2_2,14,舌右邊,53883,145.07339477539062,15.696069717407227,102.71980285644531,16.290760040283203,118.14009857177734,17.561725616455078,168.25025939941406,10.14658260345459,75.11812591552734,13.055229187011719,145.0752716064453,15.692428588867188,123.048828125,16.00126838684082,147.5093231201172,2.964212656021118,126.29019927978516,2.2345573902130127,0.0,0.0,0.0015960507024478964,0.11645602509140174,0.755655772692686,0.12129985338604013,0.004880945752834846,0.00011135237458938811,0.0,0.0010949650167956498,0.33032681921941986,0.5960507024478964,0.06835179926878607,0.004027244214316204,0.00014846983278585084,0.0,0.0,5.567618729469406e-05,0.07800233839986638,0.6523393278028321,0.2501345507859622,0.01920828461666945,0.00020414602008054489,5.567618729469406e-05,0.0034333648831728005,0.0,0.0,0.0,0.0,0.0,0.008982424883543975,0.9875842102332832,0.00022270474917877623,0.1893547129892545,0.7702243750347976,0.04019820722676911,0.0,0.0,0.0,0.0,0.0,0.0,0.0015960507024478964,0.11645602509140174,0.755655772692686,0.12129985338604013,0.004880945752834846,0.00011135237458938811,0.0,0.0,0.04212831505298517,0.5925802201065271,0.34363342798285174,0.02137965592116252,0.0002783809364734703,0.0,0.0,0.0,0.0,0.0,1.0,0.0,0.0,0.0,0.0,0.0,0.0,0.7193920160347419,0.28060798396525805,0.0,0.0,0.0
tip_middle_root_1_2_2,14,舌根,389558,132.54640197753906,21.92662811279297,92.8861312866211,20.82421875,98.30796813964844,23.725568771362305,133.25958251953125,70.8983154296875,82.80667877197266,18.362869262695312,132.54757690429688,21.920997619628906,111.26739501953125,22.10858917236328,145.16944885253906,3.1664042472839355,131.4913787841797,5.418989181518555,0.0005339384635920711,0.015022153312215382,0.06143372745521848,0.21122143557570375,0.6827661092828282,0.02732584108143075,0.0016505886158158735,4.6206213195467686e-05,0.012650234368181374,0.08485257650978802,0.37531510070387464,0.5119828112886913,0.012904368540756448,0.0021075167240821647,0.00018482485278187074,2.567011844192649e-06,0.009148830212702602,0.07836573757951319,0.3039188002813445,0.5392932502990568,0.0646732964025896,0.004091816879643083,0.000490299262240796,1.7969082909348542e-05,0.23538471806508915,0.0,0.0,0.0,0.0,8.984541454674272e-05,0.0011577223417308848,0.7633677141786332,0.0013476812182011408,0.11447846020361538,0.6825735833945138,0.1765642086672588,0.024412282638272092,0.0006237838781388138,0.0,0.0,0.0005236704162153005,0.015032421359592154,0.06143372745521848,0.21122143557570375,0.6827661092828282,0.02732584108143075,0.0016505886158158735,4.6206213195467686e-05,0.002602950010011346,0.04807756482988412,0.1226774960339667,0.6299780777188506,0.19138870206747133,0.004736136852535437,0.0005339384635920711,5.134023688385298e-06,0.0,0.0,0.0,0.0,1.0,0.0,0.0,0.0,0.0,0.0,0.0,0.22822788904348004,0.77177211095652,0.0,0.0,0.0
tip_middle_root_1_2_2,15,舌尖,91985,145.85943603515625,9.193967819213867,99.35676574707031,12.790118217468262,115.04759216308594,13.562417984008789,169.34056091308594,4.323646545410156,81.70506286621094,16.071744918823242,145.90084838867188,9.072938919067383,121.06291961669922,11.203880310058594,149.26931762695312,3.5104658603668213,126.96173095703125,2.705118179321289,0.0,0.0,0.0,0.03542968962330815,0.9149970103821276,0.04950807196825569,6.522802630863728e-05,0.0,0.0,0.0015002446050986573,0.39483611458389956,0.5898570419090069,0.013795727564276784,1.0871337718106213e-05,0.0,0.0,0.0,0.0,0.0713920747948035,0.7401315431863891,0.18782410175572103,0.0006522802630863728,0.0,0.0,0.00015219872805348697,0.0,0.0,0.0,0.0,3.261401315431864e-05,0.00990378866119476,0.9899113985975975,0.0005000815350328858,0.1293036908191553,0.6789476545088873,0.18666086861988368,0.004587704517040822,0.0,0.0,0.0,0.0,0.0,0.0,0.03442952655324238,0.9159971734521933,0.04950807196825569,6.522802630863728e-05,0.0,0.0,0.0,0.009066695656900582,0.702549328694896,0.287720824047399,0.000663151600804479,0.0,0.0,0.0,0.0,0.0,0.0,0.9962602598249715,0.0037397401750285373,0.0,0.0,0.0,0.0,0.0,0.6015546012936892,0.3984453987063108,0.0,0.0,0.0
tip_middle_root_1_2_2,15,舌中,209408,141.9210968017578,9.021406173706055,109.78575134277344,12.898056983947754,125.47513580322266,12.426970481872559,164.62669372558594,4.0692596435546875,58.14567184448242,15.146377563476562,141.92515563964844,9.025655746459961,127.32943725585938,11.466219902038574,143.4596710205078,3.343536615371704,124.35555267333984,1.8613924980163574,0.0,0.0,0.0,0.061501948349633254,0.919692657396088,0.01880539425427873,0.0,0.0,0.0,0.00011460880195599022,0.14099747860635697,0.7808011155256723,0.07794353606356969,0.00014326100244498778,0.0,0.0,0.0,0.0,0.012840961185819072,0.5243113921149144,0.46185914578239606,0.0009885009168704155,0.0,0.0,0.0,0.0,0.0,0.0,0.0,8.11812347188264e-05,0.055580493581907094,0.9443383251833741,0.021856853606356967,0.6509015892420538,0.3126623624694376,0.014579194682151589,0.0,0.0,0.0,0.0,0.0,0.0,0.0,0.06149717298288509,0.9196783312958435,0.018824495721271393,0.0,0.0,0.0,0.0,0.0047801421149144254,0.47883557457212717,0.5153528040953546,0.001031479217603912,0.0,0.0,0.0,0.0,0.0,0.0,1.0,0.0,0.0,0.0,0.0,0.0,0.0,0.940947814792176,0.05905218520782396,0.0,0.0,0.0
tip_middle_root_1_2_2,15,舌左邊,55497,148.20785522460938,9.874456405639648,106.96113586425781,16.33968734741211,121.0485610961914,16.4920597076416,169.1559295654297,3.283809185028076,71.66155242919922,19.6640625,148.20785522460938,9.874456405639648,126.99010467529297,14.007676124572754,146.77975463867188,4.366766929626465,126.88294982910156,2.301137685775757,0.0,0.0,0.0,0.019046074562588968,0.8641728381714326,0.11651080238571454,0.000270284880263798,0.0,0.0,0.0011712344811431249,0.2712579058327477,0.6146458367118943,0.11270879507000378,0.00021622790421103844,0.0,0.0,0.0,0.0,0.05845361010505072,0.5674540966178352,0.3686145197037678,0.005477773573346307,0.0,0.0,0.0,0.0,0.0,0.0,0.0,0.0,0.001747842225705894,0.9982521577742941,0.0041083301800097305,0.36935329837648884,0.5036668648755789,0.11908751824422942,0.003783988323693173,0.0,0.0,0.0,0.0,0.0,0.0,0.019046074562588968,0.8641728381714326,0.11651080238571454,0.000270284880263798,0.0,0.0,0.0,0.005675982485539759,0.5039731877398779,0.4822062453826333,0.008144584391949114,0.0,0.0,0.0,0.0,0.0,0.0,0.9962340306683244,0.003765969331675586,0.0,0.0,0.0,0.0,0.0,0.6312593473521091,0.36874065264789085,0.0,0.0,0.0
tip_middle_root_1_2_2,15,舌右邊,79214,144.0380859375,9.9800386428833,106.54362487792969,17.71702766418457,119.4330062866211,18.29644775390625,168.97744750976562,3.7559568881988525,67.41737365722656,21.268638610839844,144.03851318359375,9.981565475463867,125.3818130493164,15.35074520111084,145.16461181640625,4.38534688949585,126.89900970458984,2.466428518295288,0.0,0.0,0.0,0.06572070593581943,0.8936551619663191,0.040409523569066075,0.00018936046658418968,2.524806221122529e-05,0.0,0.00195672482136996,0.2671876183502916,0.6194612063524124,0.1110283535738632,0.0003156007776403161,5.049612442245058e-05,0.0,0.0,0.00016411240437296437,0.13549372585654051,0.4829196859141061,0.3786073168884288,0.002663670563284268,0.0001388643421617391,1.2624031105612645e-05,0.0,0.0,0.0,0.0,0.0,0.0,0.0032065039008256115,0.9967934960991743,0.012977503976569799,0.479271340924584,0.3789986618527028,0.1271871133890474,0.001451763577145454,0.0001136162799505138,0.0,0.0,0.0,0.0,0.0,0.06572070593581943,0.8936551619663191,0.04039689953796046,0.00020198449768980232,2.524806221122529e-05,0.0,0.0,0.02960335294266165,0.47954906960890753,0.4873254727699649,0.003408488398515414,0.00010099224884490116,1.2624031105612645e-05,0.0,0.0,0.0,0.0,0.9997096472845709,0.0002903527154290908,0.0,0.0,0.0,0.0,0.0,0.639192566970485,0.360807433029515,0.0,0.0,0.0
tip_middle_root_1_2_2,15,舌根,390710,120.60265350341797,24.080087661743164,97.07125854492188,24.177671432495117,106.82560729980469,26.46550941467285,166.78646850585938,8.842262268066406,51.88087844848633,16.77390480041504,120.60857391357422,24.085105895996094,111.13917541503906,25.451932907104492,139.31883239746094,2.792263984680176,126.1947250366211,2.199955701828003,0.0,0.023265337462568144,0.14352076988047402,0.34600854853983776,0.48524481072918535,0.0019554145018044074,5.11888613037803e-06,0.0,0.001886309539044304,0.11411020961838704,0.3025389675206675,0.5055411942361342,0.07592075964270174,2.559443065189015e-06,0.0,0.0,0.0005809935757979063,0.09017173862967419,0.2084563998873845,0.44943308336106064,0.25115814798699804,0.00019963655908474315,0.0,0.0,0.0017967290317626883,0.0,0.0,0.0,0.0,5.11888613037803e-06,0.040121829489903,0.958076322592204,0.08148498886642266,0.6829617875150368,0.2239051982288654,0.011392081083156305,0.0002559443065189015,0.0,0.0,0.0,0.0,0.023265337462568144,0.14352076988047402,0.3459292058048169,0.48530623736274986,0.0019733306032607306,5.11888613037803e-06,0.0,0.0003045737247574928,0.06764096132681528,0.17192802846100688,0.4531007652734765,0.30673133526144714,0.0002943359524967367,0.0,0.0,0.0,0.0,0.0,0.0,1.0,0.0,0.0,0.0,0.0,0.0,0.0,0.7499731258478155,0.2500268741521845,0.0,0.0,0.0
tip_middle_root_1_2_2,16,舌尖,173519,150.84173583984375,12.650993347167969,116.80999755859375,13.201040267944336,132.16259765625,13.42048454284668,165.03981018066406,12.352606773376465,57.85009765625,11.346953392028809,150.88885498046875,12.556026458740234,134.7935333251953,12.656682968139648,143.93875122070312,2.6405937671661377,124.84131622314453,2.283517837524414,0.0,0.0,0.0,0.06005106069076009,0.6329393322921409,0.307009607017099,0.0,0.0,0.0,4.034140353505956e-05,0.05267434690149206,0.7067813899342436,0.24050392176072938,0.0,0.0,0.0,0.0,0.0,0.008656112587094209,0.3418242382678554,0.6464652285916817,0.003054420553368795,0.0,0.0,0.004852494539502879,0.0,0.0,0.0,0.0,1.7289172943596953e-05,0.05329675712746155,0.941833459160092,0.000778012782461863,0.7236095182660112,0.27084065721909417,0.004771811732432759,0.0,0.0,0.0,0.0,0.0,0.0,0.0,0.05687561592678612,0.6361147770561149,0.307009607017099,0.0,0.0,0.0,0.0,0.0016021300261066511,0.28728266068845487,0.7062627147459356,0.004852494539502879,0.0,0.0,0.0,0.0,0.0,0.0,1.0,0.0,0.0,0.0,0.0,0.0,0.0,0.8963398820878405,0.10366011791215947,0.0,0.0,0.0
tip_middle_root_1_2_2,16,舌中,334122,160.73204040527344,7.17512321472168,132.68727111816406,8.617712020874023,146.03396606445312,8.860331535339355,165.40951538085938,3.847424268722534,44.555572509765625,8.632580757141113,160.73452758789062,7.173922061920166,148.8259735107422,7.819501876831055,140.990234375,2.304197072982788,124.96684265136719,1.5645875930786133,0.0,0.0,0.0,6.883713134723245e-05,0.388109732373205,0.6118214304954478,0.0,0.0,0.0,0.0,0.00035615733175307224,0.25298543645734195,0.7466045336733289,5.387253757609496e-05,0.0,0.0,0.0,0.0,0.0,0.03455025409880223,0.9349938046581787,0.03045594124301902,0.0,0.0,6.883713134723245e-05,0.0,0.0,0.0,0.0,0.0,0.024682600966114174,0.9752485619025386,0.054399291276839,0.921591514476748,0.023952328790082664,5.686545633032246e-05,0.0,0.0,0.0,0.0,0.0,0.0,0.0,6.883713134723245e-05,0.3878792776291295,0.6120518852395233,0.0,0.0,0.0,0.0,0.0,0.01029863343329682,0.9310281873088273,0.058673179257875865,0.0,0.0,0.0,0.0,0.0,0.0,1.0,0.0,0.0,0.0,0.0,0.0,0.0,0.9451787071788149,0.05482129282118508,0.0,0.0,0.0
tip_middle_root_1_2_2,16,舌左邊,144134,144.81060791015625,12.17796516418457,118.216796875,15.313146591186523,132.21360778808594,15.215027809143066,163.6565704345703,4.468057632446289,47.559043884277344,12.329901695251465,144.82504272460938,12.17999267578125,134.0929718017578,14.421792984008789,140.87294006347656,2.394897937774658,124.37425231933594,1.5773898363113403,0.0,0.0,0.0,0.09361427560464568,0.8052298555510844,0.10115586884426991,0.0,0.0,0.0,6.937988260923863e-06,0.0875435358763373,0.6111951378578268,0.30125438827757506,0.0,0.0,0.0,0.0,0.0,0.024040129324101184,0.30542411922239027,0.6666712919921739,0.0038644594613345914,0.0,0.0,0.0001110078121747818,0.0,0.0,0.0,0.0,0.00020120165956679203,0.06920643290271553,0.9304813576255428,0.06677813701139218,0.8265433554886426,0.10620672429822249,0.0004717832017428227,0.0,0.0,0.0,0.0,0.0,0.0,0.0,0.09354489572203643,0.8050980337741268,0.1013570705038367,0.0,0.0,0.0,0.0,0.007368143533101142,0.2913191890879321,0.6903159559854025,0.010996711393564323,0.0,0.0,0.0,0.0,0.0,0.0,1.0,0.0,0.0,0.0,0.0,0.0,0.0,0.959267070920116,0.040732929079883996,0.0,0.0,0.0
tip_middle_root_1_2_2,16,舌右邊,127136,137.93968200683594,11.597346305847168,109.3248519897461,14.689499855041504,124.57415771484375,17.321809768676758,163.10775756835938,7.879996299743652,53.66668701171875,13.060568809509277,137.9451141357422,11.603745460510254,125.77995300292969,14.131393432617188,142.03433227539062,2.3264195919036865,124.0428237915039,2.4359381198883057,0.0,0.0,0.003979989932041279,0.19227441479989932,0.8026522778756607,0.0010933173923986911,0.0,0.0,0.0,0.0015731185502139442,0.19275421595771458,0.7244446891517745,0.081227976340297,0.0,0.0,0.0,0.0,0.0007236345330984143,0.08417757362194815,0.377367543418072,0.5376840548703751,4.719355650641833e-05,0.0,0.0,0.0012506292474200856,0.0,0.0,0.0,0.0,0.0,0.14225711049584697,0.856492260256733,0.029110558771709035,0.7685706644852756,0.2004860936320161,0.0018326831109992448,0.0,0.0,0.0,0.0,0.0,0.0,0.003979989932041279,0.19227441479989932,0.8026050843191543,0.0011405109489051094,0.0,0.0,0.0,7.865592751069721e-06,0.022676503901334005,0.4331581928014095,0.5441495721117543,7.865592751069721e-06,0.0,0.0,0.0,0.0,0.0,0.0,1.0,0.0,0.0,0.0,0.0,0.0,0.0,0.890117669267556,0.109882330732444,0.0,0.0,0.0
tip_middle_root_1_2_2,16,舌根,569772,119.4303970336914,32.70195007324219,99.97394561767578,31.848838806152344,107.18745422363281,33.760135650634766,133.85780334472656,65.2352066040039,46.65465545654297,21.640810012817383,119.43831634521484,32.708656311035156,112.41516876220703,34.29481887817383,137.15579223632812,3.906775951385498,126.9775390625,2.935304880142212,0.016546969665059006,0.07395063288473284,0.11263803767120883,0.27477131203358535,0.4938396411196057,0.02825340662580822,0.0,0.0,0.04719607141102055,0.10241816024655476,0.1979827018526709,0.45404477580505886,0.1983530254206946,5.265264000336977e-06,0.0,0.0,0.041344608018646055,0.09152257394185745,0.15937076585019974,0.38281277423250004,0.322890559732665,0.002058718224131758,0.0,0.0,0.20406232668506,7.371369600471768e-05,0.0,0.0,0.0,0.00011232563200718884,0.044802131378867335,0.7509495026080608,0.25965122891261766,0.5630199448200333,0.13851856532086518,0.03341687552213868,0.00449829054428789,0.0008161159200522314,7.897896000505466e-05,0.0,0.016546969665059006,0.07395063288473284,0.11263628258320872,0.27473796536158324,0.49371327478359767,0.028414874721818553,0.0,0.0,0.038776914274481725,0.07732566710894884,0.1255502200880352,0.3540205555906573,0.39570389559332503,0.008622747344551856,0.0,0.0,0.0,0.0,0.0,1.930596800123558e-05,0.9999806940319987,0.0,0.0,0.0,0.0,0.0,0.0,0.5964157592861706,0.40358424071382937,0.0,0.0,0.0
tip_middle_root_1_2_2,17,舌尖,123238,200.2984161376953,14.378543853759766,150.00022888183594,22.01957130432129,175.85691833496094,22.014585494995117,163.40521240234375,8.661731719970703,64.83374786376953,17.754167556762695,200.29904174804688,14.380138397216797,172.191650390625,18.39295196533203,151.02188110351562,4.827827453613281,122.03199768066406,2.97220778465271,0.0,0.0,8.114380304776124e-06,8.114380304776124e-05,0.006694363751440302,0.2309028059527094,0.7293367305538876,0.03297684155861017,0.0,8.925818335253737e-05,0.0060046414255343315,0.1543273990165371,0.4728330547396095,0.3521235333257599,0.013908047842386277,0.0007140654668202989,0.0,3.2457521219104496e-05,0.0006653791849916421,0.01932845388597673,0.2156802285009494,0.49753322838734804,0.25945731024521657,0.007302942274298512,0.002109738879241792,0.0,0.0,0.0,0.0,0.0,0.06510978756552362,0.9327804735552346,0.0041383339554358235,0.5125286031905744,0.4315227446079943,0.051493857414109286,0.00031646083188626887,0.0,0.0,0.0,0.0,0.0,8.114380304776124e-06,8.114380304776124e-05,0.006694363751440302,0.2309028059527094,0.7293367305538876,0.03297684155861017,0.0,8.114380304776124e-06,0.00012171570457164187,0.009980687774874633,0.23194956101202552,0.6061847806683004,0.1495723721579383,0.0021827683019847773,0.0,0.0,0.0,0.0,0.9499991885619695,0.05000081143803048,0.0,0.0,0.0,0.0,0.0,0.9586004316850322,0.041399568314967786,0.0,0.0,0.0
tip_middle_root_1_2_2,17,舌中,217382,207.11016845703125,12.248026847839355,172.74742126464844,17.972551345825195,194.44252014160156,15.981029510498047,160.70086669921875,3.5081305503845215,42.77720642089844,12.462018966674805,207.11248779296875,12.248534202575684,189.27528381347656,15.08681583404541,144.15467834472656,3.9887781143188477,121.72893524169922,1.884981393814087,0.0,0.0,0.0,0.0,0.001104047253222438,0.11036792374713637,0.8250729131206815,0.06345511587895962,0.0,0.0,0.00044161890128897516,0.013989198737705974,0.2105234104019652,0.6331618993292913,0.14188387262974855,0.0,0.0,0.0,4.600196888426824e-06,0.0010442446936728893,0.028553422086465302,0.34336789614595503,0.6237958984644543,0.0032339384125640576,0.0,0.0,0.0,0.0,0.0,0.0,0.16446623915503583,0.8355337608449641,0.17431066049626925,0.7642583102556789,0.06017517549751129,0.0012420531598752427,1.3800590665280474e-05,0.0,0.0,0.0,0.0,0.0,0.0,0.0,0.001104047253222438,0.11035872335335953,0.82507751331757,0.06345971607584805,0.0,0.0,0.0,0.0006670285488218896,0.03949269028714429,0.45732397346606435,0.5024657055321968,5.060216577269507e-05,0.0,0.0,0.0,0.0,0.999277769088517,0.0007222309114830115,0.0,0.0,0.0,0.0,0.0,0.9957034161062094,0.004296583893790654,0.0,0.0,0.0
tip_middle_root_1_2_2,17,舌左邊,97514,206.59962463378906,12.53034496307373,153.80853271484375,22.182720184326172,179.70457458496094,22.1866397857666,164.575927734375,3.7839255332946777,65.9685287475586,17.997526168823242,206.59986877441406,12.53069019317627,176.46762084960938,18.021543502807617,151.81837463378906,4.937485218048096,122.40595245361328,2.5486066341400146,0.0,0.0,0.0,0.0,0.0002666283815657239,0.1125992165227557,0.792101646943003,0.09503250815267551,0.0,0.0,0.0012203375925508133,0.1351395697028119,0.43713723157700435,0.3925692721045183,0.03393358902311463,0.0,0.0,0.0,0.0,0.011331706216543266,0.19111101995610888,0.4605389995282729,0.33327522201940235,0.0037430522796726624,0.0,0.0,0.0,0.0,0.0,0.0,0.02838566769899707,0.9716143323010029,0.011362471029800848,0.49010398506881064,0.42087290030149516,0.07760936891113071,5.127468876263921e-05,0.0,0.0,0.0,0.0,0.0,0.0,0.0,0.0002666283815657239,0.1125992165227557,0.792060627191993,0.09507352790368563,0.0,0.0,0.0,0.0017843591689398444,0.19021884037163894,0.5799167299054495,0.2280287958652091,5.127468876263921e-05,0.0,0.0,0.0,0.0,0.9212728428738437,0.07872715712615624,0.0,0.0,0.0,0.0,0.0,0.9473716594540271,0.05262834054597289,0.0,0.0,0.0
tip_middle_root_1_2_2,17,舌右邊,83985,201.71583557128906,16.96570587158203,153.0824432373047,29.008907318115234,178.3534698486328,27.650278091430664,163.56752014160156,3.7169058322906494,63.18397521972656,22.612802505493164,201.71588134765625,16.965742111206055,174.5863037109375,24.007307052612305,150.29678344726562,5.7854905128479,122.1583023071289,2.242919683456421,0.0,0.0,0.0,0.0,0.00893016610108948,0.2622253973923915,0.6447818062749301,0.08406263023158897,0.0,1.1906888134785974e-05,0.03319640411978329,0.16856581532416504,0.3249270703101744,0.40909686253497646,0.06420194082276597,0.0,0.0,0.0,0.00016669643388700364,0.05862951717568613,0.18517592427219146,0.37684110257784126,0.37307852592724894,0.006108233613145204,0.0,0.0,0.0,0.0,0.0,0.0,0.03894743108888492,0.9610525689111151,0.012311722331368697,0.5929749360004762,0.26608322914806215,0.1264035244388879,0.002226588081204977,0.0,0.0,0.0,0.0,0.0,0.0,0.0,0.00893016610108948,0.2622253973923915,0.6447818062749301,0.08406263023158897,0.0,0.0,3.572066440435792e-05,0.03713758409239745,0.21965827231053164,0.459081978924808,0.2837768649163541,0.0003095790915044353,0.0,0.0,0.0,0.0,0.9001607429898196,0.09983925701018039,0.0,0.0,0.0,0.0,0.0,0.9641245460498898,0.03587545395011014,0.0,0.0,0.0
tip_middle_root_1_2_2,17,舌根,344213,181.5782928466797,37.19928741455078,151.3604736328125,39.68670654296875,166.4451446533203,39.86766052246094,162.9963836669922,15.036705017089844,45.18721389770508,24.05116844177246,181.5865936279297,37.20433807373047,166.89553833007812,38.24942398071289,141.94818115234375,6.255001544952393,124.48482513427734,2.660836696624756,0.0,0.015199890765311013,0.030147031053446557,0.06504402797105281,0.08831159776068888,0.27132037430312045,0.5161949141955707,0.013782163950809528,0.007666764474322585,0.03198891384113906,0.06569478782033218,0.1295912705214504,0.26668661555490353,0.3620025972290413,0.13636905055881096,0.0,0.002844169162698678,0.0223204817947027,0.054509852910842996,0.07373632024357012,0.18847341616963914,0.3284332666110809,0.32789290352194717,0.0017895895855182691,0.0073530052612771745,0.0,0.0,0.0,0.0,0.0,0.11071632971445007,0.8819306650242728,0.34359539006371054,0.45431753013395776,0.1683434385104572,0.02730286189074788,0.006440779401126628,0.0,0.0,0.0,0.0,0.015199890765311013,0.030147031053446557,0.06504402797105281,0.08830288222699317,0.2712680811009462,0.5161542417049908,0.01388384517725943,0.0030765833945841673,0.02261099958455956,0.044516040939766945,0.06975332134463254,0.18545784151092493,0.3663429330095028,0.30787913297870795,0.00036314723732107737,0.0,0.0,0.0,0.0,0.9988030667057898,0.001196933294210271,0.0,0.0,0.0,0.0,0.0,0.8554267270556313,0.14457327294436875,0.0,0.0,0.0
tip_middle_root_1_2_2,18,舌尖,95541,200.52952575683594,21.467010498046875,125.70972442626953,22.352006912231445,139.0332794189453,23.121213912963867,173.6563720703125,12.939339637756348,96.38436126708984,15.329062461853027,200.52952575683594,21.467010498046875,155.1372833251953,20.90717124938965,158.75482177734375,3.2423477172851562,133.2216796875,1.8943039178848267,0.0,0.0,0.0,0.0005338022419694163,0.0600475188662459,0.21969625605760879,0.658408431982081,0.061313990852094914,0.0,0.020274018484210968,0.0945667305136015,0.3216315508525136,0.5361049183073235,0.026857579468500436,0.0005652023738499702,0.0,0.0,0.001674673700296208,0.0624548623104217,0.16984331334191605,0.6261918966726326,0.1349473001119938,0.0048879538627395564,0.0,0.005484556368470081,0.0,0.0,0.0,0.0,0.0,0.0,0.9945154436315299,0.0,0.007399964413183868,0.5582524779937409,0.37983692864843366,0.05205095194733151,0.0024596769973100553,0.0,0.0,0.0,0.0,0.0,0.0005338022419694163,0.0600475188662459,0.21969625605760879,0.658408431982081,0.061313990852094914,0.0,0.0,0.017992275567557385,0.10590217812248144,0.3597199108236255,0.5030091793052197,0.013376456181115961,0.0,0.0,0.0,0.0,0.0,0.6224029474257126,0.3775970525742875,0.0,0.0,0.0,0.0,0.0,0.0005024021100888624,0.9994975978899111,0.0,0.0,0.0
tip_middle_root_1_2_2,18,舌中,255663,212.75148010253906,11.218401908874512,152.8854217529297,16.051729202270508,165.4996795654297,14.848159790039062,173.65318298339844,1.2051067352294922,71.91092681884766,15.398794174194336,212.75148010253906,11.218401908874512,176.60194396972656,12.800688743591309,152.25811767578125,5.274150848388672,130.50160217285156,1.6251213550567627,0.0,0.0,0.0,0.0,0.000766634202055049,0.05889002319459601,0.8218201304060423,0.1185232121973066,0.0,8.21393787916124e-05,0.0034537653082377974,0.051427073921529516,0.59603071230487,0.344269604909588,0.004341652878985226,0.00039505129799775483,0.0,0.0,0.000535861661640519,0.019380981995830448,0.270606227729472,0.6916331264203267,0.017100636384615685,0.0007431658081145883,1.1734196970230343e-05,0.0,0.0,0.0,0.0,0.0,1.9556994950383902e-05,0.9999687088080794,0.0005515072576008261,0.31887289126701945,0.6122082585278277,0.0680896336192566,0.00027770932829545143,0.0,0.0,0.0,0.0,0.0,0.0,0.0,0.000766634202055049,0.05889002319459601,0.8218201304060423,0.1185232121973066,0.0,0.0,9.778497475191952e-05,0.004200842515342463,0.07322921189221748,0.8394722740482589,0.08206115081181085,0.0009387357576184274,0.0,0.0,0.0,0.0,0.9110391413696937,0.0889608586303063,0.0,0.0,0.0,0.0,0.0,0.006833214035664136,0.9931667859643358,0.0,0.0,0.0
tip_middle_root_1_2_2,18,舌左邊,81023,187.01646423339844,13.545694351196289,129.77557373046875,19.918048858642578,139.78341674804688,19.66410255432129,174.68936157226562,1.141444444656372,78.8285903930664,17.040775299072266,187.01646423339844,13.545694351196289,153.68173217773438,16.89525032043457,151.5889434814453,4.5941877365112305,131.71592712402344,1.9438316822052002,0.0,0.0,0.00011107956999864236,0.00046900262888315664,0.0077262012021277904,0.6252915838712464,0.36640213272774397,0.0,0.0,0.000975031781099194,0.01530429631092406,0.5031287412216284,0.37990447156980117,0.10068745911654715,0.0,0.0,0.0,0.00011107956999864236,0.008849339076558507,0.2894363328931291,0.5173716105303432,0.18414524270886046,8.639522111005517e-05,0.0,0.0,0.0,0.0,0.0,0.0,0.0,0.0,1.0,0.0,0.22052997297063798,0.6211569554324081,0.1526233291781346,0.0056897424188193475,0.0,0.0,0.0,0.0,0.0,0.00011107956999864236,0.00046900262888315664,0.0077262012021277904,0.6252915838712464,0.36640213272774397,0.0,0.0,8.639522111005517e-05,0.0011231378744307173,0.021537094405292324,0.6316724880589463,0.33676857188699505,0.008812312553225628,0.0,0.0,0.0,0.0,0.0,0.9705268874270269,0.029473112572973106,0.0,0.0,0.0,0.0,0.0,0.0006541352455475606,0.9993458647544524,0.0,0.0,0.0
tip_middle_root_1_2_2,18,舌右邊,71126,184.1132049560547,14.186989784240723,114.10977935791016,20.944032669067383,125.08930969238281,20.452125549316406,175.18954467773438,1.095260739326477,98.03479766845703,19.019262313842773,184.1132049560547,14.186989784240723,142.5434112548828,17.75655746459961,157.075927734375,4.752277851104736,133.9051513671875,2.2871382236480713,0.0,0.0,0.0,2.811911256080758e-05,0.06436464865168855,0.6397519894272137,0.295855242808537,0.0,0.0,0.009419902707870539,0.1278997834828333,0.6508168602198915,0.1773191238084526,0.034544329780952114,0.0,0.0,0.0,0.0,0.06996035205128927,0.5458341534741163,0.30542980063549197,0.07877569383910243,0.0,0.0,0.0,0.0,0.0,0.0,0.0,0.0,0.0,1.0,0.0,0.08439951635126396,0.23642549841127014,0.6384022720242949,0.04068835587548857,8.435733768242275e-05,0.0,0.0,0.0,0.0,0.0,2.811911256080758e-05,0.06436464865168855,0.6397519894272137,0.295855242808537,0.0,0.0,0.0,0.009349604926468521,0.14328093805359504,0.7023170148750105,0.1446868936816354,0.00036554846329049857,0.0,0.0,0.0,0.0,0.0,0.6620645052442145,0.3379354947557855,0.0,0.0,0.0,0.0,0.0,0.0004780249135337289,0.9995219750864662,0.0,0.0,0.0
tip_middle_root_1_2_2,18,舌根,461745,173.99298095703125,38.88379669189453,128.99449157714844,42.457000732421875,136.21836853027344,42.18297576904297,169.47804260253906,31.158479690551758,71.87026977539062,30.822586059570312,173.99298095703125,38.88379669189453,148.43801879882812,41.19330978393555,146.67758178710938,5.569088459014893,131.2786865234375,2.008431911468506,0.0019859446231144896,0.013895115269250344,0.041044299342710804,0.08137175280728541,0.1367984493605778,0.27634083747522986,0.44836652264778176,0.0001970784740495295,0.025431785942457416,0.07438954401238779,0.12783462733759976,0.17271870837800085,0.2913772753359538,0.3075008933502258,0.0007471656433745899,0.0,0.015742455251275055,0.06620537309553974,0.1002804578284551,0.1675578511949236,0.2596108241561901,0.37960562648214924,0.010997411991467152,0.0,0.03282764296310734,0.0,0.0,0.0,0.0,0.0,0.0,0.9671723570368926,0.0023043021581175757,0.53829061494981,0.23450605853880388,0.1564001775871964,0.05967579508170094,0.008357426718210268,0.0004634592686439485,2.1656975170277967e-06,0.0019859446231144896,0.013895115269250344,0.041044299342710804,0.08137175280728541,0.1367984493605778,0.27634083747522986,0.44836652264778176,0.0001970784740495295,0.011350420686742684,0.03873133439452512,0.07835710186358272,0.13850718470151274,0.21745119059221,0.4413128458348223,0.07428992192660451,0.0,0.0,0.0,0.0,0.0,0.9775482138409728,0.022451786159027168,0.0,0.0,0.0,0.0,0.0,0.008192833706916156,0.9918071662930839,0.0,0.0,0.0
tip_middle_root_1_2_2,19,舌尖,344058,195.59375,14.351275444030762,145.67471313476562,15.613776206970215,157.65525817871094,15.308101654052734,168.0970916748047,26.544912338256836,65.60391998291016,11.279402732849121,195.59588623046875,14.34666919708252,166.95578002929688,14.045380592346191,148.6668243408203,3.4944872856140137,129.2219696044922,2.6517019271850586,0.0,0.0,0.0,0.0,0.009681507187741602,0.3252126095018863,0.6634259339995001,0.0016799493108720042,0.0,0.0,0.00027030326282196607,0.12977753750821083,0.6668701207354574,0.2028262676641729,0.00025577082933691414,0.0,0.0,0.0,8.719460091031163e-06,0.027678472815629924,0.5040167646152683,0.46300042434705774,0.005295618761952926,0.0,0.025455010492416975,0.0,0.0,0.0,0.0,0.0,0.004103959216178668,0.9704410302914044,3.197135366711427e-05,0.4462503415121869,0.5473873591080574,0.006330328026088625,0.0,0.0,0.0,0.0,0.0,0.0,0.0,0.0,0.009605938533619332,0.3252881781560086,0.6634259339995001,0.0016799493108720042,0.0,0.0,0.0,0.0023426282777903725,0.30312040411791036,0.6688436252027274,0.02569334240157183,0.0,0.0,0.0,0.0,0.0,0.9989856361427434,0.0010143638572566254,0.0,0.0,0.0,0.0,0.0,0.17540647216457692,0.8245935278354231,0.0,0.0,0.0
tip_middle_root_1_2_2,19,舌中,519763,205.7726593017578,7.631000518798828,164.05064392089844,12.313858032226562,168.86456298828125,11.200272560119629,140.1103057861328,69.84161376953125,52.639068603515625,9.694234848022461,205.7726593017578,7.631000518798828,181.7821502685547,10.013203620910645,144.1223907470703,3.533604860305786,131.5103759765625,2.3681294918060303,0.0,0.0,0.0,0.0,3.847907604042612e-06,0.04455107423960536,0.9519473298407158,0.003497748012074734,0.0,0.0,3.847907604042612e-06,0.005163892004625185,0.32333775201389864,0.668225710564238,0.0032687975096341985,0.0,0.0,0.0,0.0,0.0015103037345867252,0.1892439438744197,0.7998241506224952,0.009421601768498334,0.0,0.20394872278326853,0.0,0.0,0.0,0.0,0.0,0.0,0.7960512772167315,0.001906638217803114,0.8677762749560858,0.12969757370186027,0.0006195131242508605,0.0,0.0,0.0,0.0,0.0,0.0,0.0,0.0,3.847907604042612e-06,0.04455107423960536,0.9519473298407158,0.003497748012074734,0.0,0.0,0.0,7.695815208085224e-06,0.02413022858495122,0.8151946175468434,0.1606655340991952,1.923953802021306e-06,0.0,0.0,0.0,0.0,0.9998345399730262,0.0001654600269738323,0.0,0.0,0.0,0.0,0.0,0.0347119744960684,0.9652880255039316,0.0,0.0,0.0
tip_middle_root_1_2_2,19,舌左邊,234039,197.47314453125,9.729604721069336,149.8211212158203,14.596588134765625,161.0419464111328,14.710223197937012,170.61962890625,18.929828643798828,61.99728775024414,12.119667053222656,197.47314453125,9.729604721069336,170.27999877929688,12.208549499511719,147.61524963378906,3.7521958351135254,129.26766967773438,1.964151382446289,0.0,0.0,0.0,0.0,0.0010767436196531348,0.22946602916607917,0.767619926593431,0.001837300620836698,0.0,0.0,0.00015382051709330496,0.050859044860044694,0.6714051931515688,0.2762103751938779,0.0013672934852738219,4.272792141480693e-06,0.0,0.0,1.7091168565922772e-05,0.014326672050384764,0.4535397946496097,0.5209131811364772,0.010951166258615017,0.0002520947363473609,0.012852558761573925,0.0,0.0,0.0,0.0,0.0,5.9819089980729706e-05,0.9870876221484454,0.000807557714739851,0.5618422570597208,0.4323125632907336,0.005037621934805737,0.0,0.0,0.0,0.0,0.0,0.0,0.0,0.0,0.0010767436196531348,0.22946602916607917,0.767619926593431,0.001837300620836698,0.0,0.0,0.0,0.0008716495968620615,0.19689026187943034,0.7664705455073727,0.035643632044231946,0.0001239109721029401,0.0,0.0,0.0,0.0,0.9974363247151116,0.002563675284888416,0.0,0.0,0.0,0.0,0.0,0.1271839308833143,0.8728160691166856,0.0,0.0,0.0
tip_middle_root_1_2_2,19,舌右邊,239624,205.3887481689453,9.032014846801758,163.13021850585938,14.105443954467773,170.77584838867188,13.447247505187988,165.14720153808594,38.42144775390625,52.84060287475586,12.032637596130371,205.3887481689453,9.032014846801758,181.2449951171875,11.48869800567627,144.7842559814453,3.92030668258667,130.1726531982422,1.9429677724838257,0.0,0.0,0.0,0.0,0.0001669281874937402,0.05920108169465496,0.918651721029613,0.02198026908823824,0.0,0.0,0.0,0.004761626548258939,0.39801522385069943,0.5823832337328482,0.01483574266350616,4.173204687343505e-06,0.0,0.0,0.0,0.0010599939905852503,0.20868110039061197,0.7378893599973292,0.052169231796481155,0.00020031382499248823,0.05252812739959269,0.0,0.0,0.0,0.0,0.0,0.0,0.9474718726004073,0.017840450038393484,0.7698686275164425,0.21219493873735518,9.598370780890061e-05,0.0,0.0,0.0,0.0,0.0,0.0,0.0,0.0,0.0001669281874937402,0.05920108169465496,0.918651721029613,0.02198026908823824,0.0,0.0,0.0,3.7558842186091545e-05,0.027292758655226523,0.7803934497379228,0.19194237638967715,0.0003338563749874804,0.0,0.0,0.0,0.0,0.999974960771876,2.503922812406103e-05,0.0,0.0,0.0,0.0,0.0,0.05668881247287417,0.9433111875271258,0.0,0.0,0.0
tip_middle_root_1_2_2,19,舌根,813379,178.19664001464844,37.4029541015625,141.8059539794922,34.370697021484375,145.2073516845703,34.254276275634766,125.83177947998047,77.4170913696289,56.14979553222656,14.627076148986816,178.19683837890625,37.40215301513672,158.35751342773438,35.69292068481445,142.3099365234375,4.161597728729248,131.54002380371094,2.7011685371398926,0.010940779144777526,0.018439128622696185,0.0272173242731863,0.04148496580314958,0.06604916035452107,0.387318826770792,0.44812319964002023,0.00042661539085715267,0.019261623425242107,0.034039482209400534,0.04433357635247529,0.09795187729213564,0.47657733971494226,0.32574236610485396,0.0020937349009502336,0.0,0.017916616976833676,0.03293175752017202,0.04480568099250165,0.07207587114985757,0.44469183492566194,0.38442841528979727,0.003149823145175865,0.0,0.28631671090598604,0.0,0.0,0.0,0.0,2.4588783334706208e-06,0.007639734982093219,0.7060410952335873,0.004376803433577705,0.7207746942077432,0.25415950006085725,0.020559911185314594,0.00012909111250720759,0.0,0.0,0.0,0.010940779144777526,0.018439128622696185,0.0272173242731863,0.04148496580314958,0.06604916035452107,0.387318826770792,0.44812319964002023,0.00042661539085715267,0.015817964319216504,0.025593235133928957,0.035318098942805264,0.04907060546190644,0.22513121189506982,0.5859162825693803,0.06315260167769268,0.0,0.0,0.0,0.0,0.0,0.9999815584124989,1.8441587501029656e-05,0.0,0.0,0.0,0.0,0.0,0.04429423429913976,0.9557057657008602,0.0,0.0,0.0
tip_middle_root_1_2_2,2,舌尖,85333,150.89132690429688,7.028225421905518,101.8710708618164,13.165401458740234,107.44181823730469,13.377012252807617,175.22683715820312,14.675544738769531,83.13164520263672,18.562475204467773,150.89132690429688,7.028225421905518,123.65056610107422,10.645484924316406,148.60435485839844,4.5080485343933105,133.03558349609375,2.5541560649871826,0.0,0.0,0.0,0.007500029296989442,0.9046910339493514,0.0878089367536592,0.0,0.0,0.0,0.0028007921905944945,0.2920089531599733,0.6936355220137579,0.011554732635674358,0.0,0.0,0.0,0.0,0.0004687518310618401,0.18182883526888777,0.7682022195399201,0.04950019336013031,0.0,0.0,0.0,0.006914089508162141,0.0,0.0,0.0,0.0,0.0,0.0,0.9930859104918378,0.0,0.16870378399915625,0.550631057152567,0.27532138797417177,0.005343770874104977,0.0,0.0,0.0,0.0,0.0,0.0,0.007500029296989442,0.9046910339493514,0.0878089367536592,0.0,0.0,0.0,0.0,0.012796924987988234,0.6200297657412724,0.3666576822565713,0.0005156270141680241,0.0,0.0,0.0,0.0,0.0,0.0,0.9978906167602217,0.0021093832397782804,0.0,0.0,0.0,0.0,0.0,0.0010195352325595023,0.9989804647674405,0.0,0.0,0.0
tip_middle_root_1_2_2,2,舌中,173228,152.86111450195312,8.04534912109375,120.23462677001953,14.405608177185059,121.96180725097656,12.616710662841797,110.96282196044922,83.96543884277344,56.861270904541016,14.791120529174805,152.86111450195312,8.04534912109375,136.95803833007812,12.307679176330566,141.04454040527344,3.8565566539764404,131.91827392578125,2.099828004837036,0.0,0.0,0.0,0.007493014986029972,0.8062726579998615,0.18623432701410858,0.0,0.0,0.0,0.002615050684646824,0.04696700302491514,0.6228265638349458,0.3275913824554922,0.0,0.0,0.0,0.0,0.0009871383379130394,0.03221188260558339,0.5950077354700164,0.3717932435864872,0.0,0.0,0.0,0.37632484355877804,0.0,0.0,0.0,0.0,0.0,0.0,0.623675156441222,0.0038446440529244694,0.7319775094095643,0.24488535340707046,0.017093079640704736,0.002026231325189923,0.00017318216454614727,0.0,0.0,0.0,0.0,0.0,0.007493014986029972,0.8062726579998615,0.18623432701410858,0.0,0.0,0.0,0.0,0.006292285311843351,0.19443161613595955,0.7863798000323273,0.012896298519869768,0.0,0.0,0.0,0.0,0.0,0.0,0.9994458170734524,0.0005541829265476712,0.0,0.0,0.0,0.0,0.0,0.001910776548825825,0.9980892234511741,0.0,0.0,0.0
tip_middle_root_1_2_2,2,舌左邊,73423,149.12942504882812,11.087028503417969,93.9261245727539,14.096831321716309,95.845703125,15.245023727416992,126.02522277832031,79.8948745727539,97.11002349853516,19.326913833618164,149.12942504882812,11.087028503417969,117.44642639160156,12.089164733886719,150.8399658203125,5.836657524108887,136.54908752441406,3.062845230102539,0.0,4.085913133486782e-05,0.0017433229369543603,0.05253122318619506,0.8258720019612383,0.1198125927842774,0.0,0.0,0.00014981681489451535,0.022554240496847035,0.47690778094057723,0.49691513558421746,0.003377688190349073,9.533797311469158e-05,0.0,0.0,0.00038135189245876633,0.03895237187257399,0.3743241218691691,0.5826375931247701,0.003663702109693148,4.085913133486782e-05,0.0,0.0,0.29562943491821364,0.0,0.0,0.0,0.0,0.0,0.0,0.7043705650817864,0.00021791536711929504,0.04416872097299211,0.40962641134249483,0.4932786728954142,0.05235416695041063,0.00035411247156885445,0.0,0.0,0.0,4.085913133486782e-05,0.0017433229369543603,0.05253122318619506,0.8258720019612383,0.1198125927842774,0.0,0.0,1.361971044495594e-05,0.0008852811789221361,0.06186072484098988,0.7454339920733285,0.19164294567097503,0.0001634365253394713,0.0,0.0,0.0,0.0,0.0,0.0,0.9858627405581357,0.014137259441864267,0.0,0.0,0.0,0.0,0.0,0.0,1.0,0.0,0.0,0.0
tip_middle_root_1_2_2,2,舌右邊,71179,142.61509704589844,17.58138656616211,96.82767486572266,22.9326229095459,100.50910949707031,24.505111694335938,140.31149291992188,71.02537536621094,85.613525390625,28.270652770996094,142.61509704589844,17.58138656616211,117.29171752929688,21.68964385986328,147.29896545410156,4.587385177612305,133.72930908203125,3.4839742183685303,0.005479144129588783,0.00404613720338864,0.010649208333918712,0.1054664999508282,0.8393486843029545,0.03501032607932115,0.0,0.0,0.014906081849983844,0.08204667106871409,0.29248795290745866,0.5857064583655291,0.02485283580831425,0.0,0.0,0.0,0.01404908751176611,0.08095084224279633,0.24227651414040657,0.584456089576982,0.078267466528049,0.0,0.0,0.0,0.20625465376023827,0.0,0.0,0.0,0.0,0.0,0.0,0.7937453462397617,0.0,0.21141066887705642,0.5072844518748507,0.1798845165006533,0.08578372834684388,0.010663257421430478,0.003427977352870931,0.0015453996262942721,0.005479144129588783,0.00404613720338864,0.010649208333918712,0.1054664999508282,0.8393486843029545,0.03501032607932115,0.0,0.0,0.008836876044900884,0.013234240436083676,0.12110313435142388,0.46999817361862345,0.3868275755489681,0.0,0.0,0.0,0.0,0.0,0.0,0.0,0.9997049691622529,0.00029503083774708833,0.0,0.0,0.0,0.0,0.0,7.024543755883055e-05,0.9999297545624412,0.0,0.0,0.0
tip_middle_root_1_2_2,2,舌根,262896,127.59857940673828,32.67177963256836,93.15164184570312,35.92344284057617,86.85507202148438,33.36064529418945,21.96670150756836,50.8850212097168,88.39451599121094,31.532669067382812,127.59857940673828,32.67177963256836,108.82518768310547,36.02297592163086,141.3848876953125,6.132422924041748,137.47584533691406,2.7141754627227783,0.0027805672204978395,0.03713635810358469,0.15844668614204857,0.2231566855334429,0.4228402105775668,0.15563949242285924,0.0,0.0,0.048593360111983445,0.1988542997991601,0.2361237903962023,0.2971327064694784,0.21921976751262856,7.607571054713652e-05,0.0,0.0,0.0587114296147526,0.22557589312884183,0.24720041385186536,0.3660496926541294,0.1024625707504108,0.0,0.0,0.0,0.9052134684437952,0.0,0.0,0.0,0.0,0.0,0.0,0.09478653155620473,3.423406974621143e-05,0.2530011867810845,0.39249360964031405,0.214213985758627,0.12188089586756741,0.01666818818087761,0.0014416347148682369,0.0002662649869149778,0.0027805672204978395,0.03713635810358469,0.15844668614204857,0.2231566855334429,0.4228402105775668,0.15563949242285924,0.0,0.0,0.016516036759783335,0.12139401132006573,0.21924639401132007,0.2485127198588035,0.3751331324934575,0.019197705556569897,0.0,0.0,0.0,0.0,0.0,0.0,0.9998440447933784,0.00015595520662162985,0.0,0.0,0.0,0.0,0.0,0.0,1.0,0.0,0.0,0.0
tip_middle_root_1_2_2,20,舌尖,201404,194.48448181152344,7.0360331535339355,146.35748291015625,11.397581100463867,161.18556213378906,12.900717735290527,170.3149871826172,3.28236985206604,63.23191833496094,10.969832420349121,194.48451232910156,7.036088466644287,167.4127655029297,9.319954872131348,148.47203063964844,2.9142165184020996,127.41764831542969,2.7648098468780518,0.0,0.0,0.0,0.0,0.0,0.333657722786042,0.6660542988222676,0.00028797839169033385,0.0,0.0,0.0,0.03423963774304383,0.8552610673075013,0.10994816388949574,0.0005511310599590872,0.0,0.0,0.0,0.0,6.454688089610931e-05,0.4407906496395305,0.5449891759845882,0.014155627494985204,0.0,0.0,0.0,0.0,0.0,0.0,0.0,0.00022343151079422455,0.9997765684892058,0.001524299418085043,0.5339566244960379,0.46451907608587717,0.0,0.0,0.0,0.0,0.0,0.0,0.0,0.0,0.0,0.0,0.333657722786042,0.6660542988222676,0.00028797839169033385,0.0,0.0,0.0,0.0,0.2040575162360231,0.7799298921570574,0.016012591606919424,0.0,0.0,0.0,0.0,0.0,1.0,0.0,0.0,0.0,0.0,0.0,0.0,0.4913705785386586,0.5086294214613414,0.0,0.0,0.0
tip_middle_root_1_2_2,20,舌中,400520,191.1236572265625,6.031473636627197,158.09857177734375,9.048080444335938,175.21095275878906,8.221222877502441,164.0196075439453,3.1113617420196533,44.14888000488281,8.243789672851562,191.1254425048828,6.034112453460693,174.8720245361328,7.5425920486450195,143.06607055664062,2.470696210861206,123.77809143066406,1.2560021877288818,0.0,0.0,0.0,0.0,0.0,0.5005892339958055,0.49941076600419454,0.0,0.0,0.0,0.0,0.0001523020073903925,0.5663562368920404,0.43349146110056924,0.0,0.0,0.0,0.0,0.0,0.0,0.019709377808848495,0.9490612204134625,0.031229401777689004,0.0,0.0,0.0,0.0,0.0,0.0,0.0,0.030527813842005393,0.9694721861579946,0.08051782682512733,0.915796963946869,0.0036852092280035952,0.0,0.0,0.0,0.0,0.0,0.0,0.0,0.0,0.0,0.0,0.500586737241586,0.4994132627584141,0.0,0.0,0.0,0.0,0.0,0.020560770997702985,0.9691451113552382,0.010294117647058823,0.0,0.0,0.0,0.0,0.0,1.0,0.0,0.0,0.0,0.0,0.0,0.0,0.9976730250674124,0.002326974932587636,0.0,0.0,0.0
tip_middle_root_1_2_2,20,舌左邊,176647,191.977783203125,9.791435241699219,154.2576904296875,12.26482105255127,166.78936767578125,13.142243385314941,169.79440307617188,2.6530354022979736,50.32931137084961,8.406475067138672,191.977783203125,9.791435241699219,172.0289764404297,10.963101387023926,144.0927734375,2.1406984329223633,126.99979400634766,1.6402108669281006,0.0,0.0,0.0,0.0,0.011412591212984087,0.3706318250522228,0.6179555837347931,0.0,0.0,0.0,0.0,0.03643990557439413,0.5882013280723704,0.37535876635323556,0.0,0.0,0.0,0.0,0.0,0.0013020317356083036,0.27313229208534534,0.7207141927120189,0.004851483467027461,0.0,0.0,0.0,0.0,0.0,0.0,0.0,0.0003566434754057527,0.9996433565245942,0.0025417923882092536,0.9166529858984303,0.08080522171336055,0.0,0.0,0.0,0.0,0.0,0.0,0.0,0.0,0.0,0.011412591212984087,0.3706318250522228,0.6179555837347931,0.0,0.0,0.0,0.0,2.2644030184492237e-05,0.1380889570725798,0.8553839012267404,0.006504497670495395,0.0,0.0,0.0,0.0,0.0,1.0,0.0,0.0,0.0,0.0,0.0,0.0,0.6152666051503847,0.38473339484961533,0.0,0.0,0.0
tip_middle_root_1_2_2,20,舌右邊,132820,191.3043670654297,9.662192344665527,151.28189086914062,11.851734161376953,164.2585906982422,13.620027542114258,169.6058349609375,8.684284210205078,53.58029556274414,7.647862434387207,191.3043670654297,9.662192344665527,169.81187438964844,10.761922836303711,145.0845489501953,1.8044193983078003,127.10531616210938,2.099416732788086,0.0,0.0,0.0,0.0,0.0016940219846408673,0.38586056316819756,0.6124454148471615,0.0,0.0,0.0,7.5289865984038544e-06,0.019244089745520252,0.676938714049089,0.3038096672187923,0.0,0.0,0.0,0.0,2.2586959795211563e-05,0.0040882397229332935,0.32612558349646137,0.6691687998795363,0.0005947899412739045,0.0,0.0023113988857099833,0.0,0.0,0.0,0.0,0.0,0.004344225267279025,0.993344375847011,6.0231892787230835e-05,0.8920418611654871,0.1078226170757416,7.528986598403855e-05,0.0,0.0,0.0,0.0,0.0,0.0,0.0,0.0,0.0016940219846408673,0.38586056316819756,0.6124454148471615,0.0,0.0,0.0,0.0,0.00029363047733775035,0.20866586357476283,0.7904758319530191,0.0005646739948802891,0.0,0.0,0.0,0.0,0.0,1.0,0.0,0.0,0.0,0.0,0.0,0.0,0.6101264869748532,0.38987351302514683,0.0,0.0,0.0
tip_middle_root_1_2_2,20,舌根,705266,164.0094757080078,43.48198699951172,134.47885131835938,40.703765869140625,143.54086303710938,44.502838134765625,158.21189880371094,42.921627044677734,50.145259857177734,19.041353225708008,164.01327514648438,43.48518371582031,149.38941955566406,43.12113952636719,140.82962036132812,3.3959434032440186,127.61859130859375,2.77359938621521,0.0070413149081339525,0.060874903936954286,0.04739913734675995,0.04924383140545553,0.08733725998417619,0.5337645654263782,0.21432339004006998,1.559695207198419e-05,0.0440585537938877,0.0639588467330057,0.04887092246046173,0.09789639653690947,0.4566915178103014,0.28836779314471417,0.00013328304497877398,2.2686475741067908e-05,0.03940782626696877,0.06492160404726727,0.0483859990414964,0.06860673845045699,0.2926881488686538,0.4703558657300933,0.015599787881451822,3.402971361160187e-05,0.0692674820564156,5.671618935266977e-06,1.4179047338167442e-06,1.4179047338167442e-06,3.402971361160187e-05,3.686552307923535e-05,0.012671814606120244,0.9179813006723704,0.11878780488496539,0.6967201027697351,0.14565284587659125,0.03841954666749851,0.0004196998012097563,0.0,0.0,0.0,0.0070413149081339525,0.060874903936954286,0.04739913734675995,0.04924383140545553,0.08733725998417619,0.5337106850464931,0.2143588376584154,3.402971361160187e-05,0.03214248241089178,0.057473350480527916,0.04454914883178829,0.054677242345441295,0.2016657544812879,0.6006556391489168,0.008805188397001982,3.119390414396838e-05,0.0,0.0,0.0,2.2686475741067908e-05,0.9999773135242589,0.0,0.0,0.0,0.0,0.0,0.0,0.48454909211559893,0.5154509078844011,0.0,0.0,0.0
tip_middle_root_1_2_2,21,舌尖,175727,199.8387908935547,11.68995189666748,136.86270141601562,17.717124938964844,150.50132751464844,16.974775314331055,172.2906494140625,13.643655776977539,80.93215942382812,14.560760498046875,199.8387908935547,11.68995189666748,162.36029052734375,14.679344177246094,154.0116424560547,4.176465034484863,130.6864471435547,2.1441237926483154,0.0,0.0,0.0,0.0,3.983451603908335e-05,0.21508931467560477,0.7737342582528581,0.011136592555498016,0.0,0.0,0.0007909996756332266,0.3192395021823624,0.5786930864352091,0.09793600300466064,0.003232286444314192,0.00010812225782036909,0.0,0.0,0.0,0.0799364924001434,0.6311096188974944,0.27548982228115204,0.013020196099631814,0.00044387032157835733,0.006288162889026729,0.0,0.0,0.0,0.0,0.0,5.690645148440478e-06,0.9937061464658248,0.0002446977413829406,0.1239934671393696,0.6975934261667245,0.17816840895252295,0.0,0.0,0.0,0.0,0.0,0.0,0.0,0.0,3.983451603908335e-05,0.21508931467560477,0.7737342582528581,0.011136592555498016,0.0,0.0,0.0,0.00142835193225856,0.4226100713037837,0.5539103268137509,0.021584617048034736,0.00046663290217211926,0.0,0.0,0.0,0.0,0.9197789753424346,0.08022102465756543,0.0,0.0,0.0,0.0,0.0,0.06523186533657321,0.9347681346634268,0.0,0.0,0.0
tip_middle_root_1_2_2,21,舌中,420402,200.83009338378906,9.942933082580566,156.24143981933594,15.075702667236328,169.55215454101562,14.211437225341797,170.8468017578125,4.926546096801758,56.95843505859375,12.185046195983887,200.83009338378906,9.942907333374023,175.7074432373047,12.561119079589844,146.68907165527344,3.67433762550354,127.61050415039062,1.9631880521774292,0.0,0.0,0.0,0.0,0.0004995218861946422,0.17072230864743745,0.8276697066141455,0.0011084628522223968,0.0,0.0,0.0005470953991655606,0.03035903730239152,0.5454874144271435,0.4200527114523718,0.003553741418927598,0.0,0.0,0.0,0.0,0.007923368585306444,0.2170327448489779,0.7231935147787119,0.05185037178700387,0.0,0.000620834344270484,0.0,0.0,0.0,0.0,0.0,0.00021883815966622423,0.9991603274960633,0.005887222230151141,0.7012264451643903,0.28876646638217707,0.004119866223281526,0.0,0.0,0.0,0.0,0.0,0.0,0.0,0.0,0.0004995218861946422,0.17072230864743745,0.8276697066141455,0.0011084628522223968,0.0,0.0,0.0,0.001489050955989743,0.09223314827236788,0.8082073824577428,0.09807041831389955,0.0,0.0,0.0,0.0,0.0,0.9999072316497067,9.27683502932907e-05,0.0,0.0,0.0,0.0,0.0,0.4328713945223857,0.5671286054776142,0.0,0.0,0.0
tip_middle_root_1_2_2,21,舌左邊,170071,195.37339782714844,13.91955852508545,147.9542999267578,16.321889877319336,162.85560607910156,17.86751365661621,170.1897430419922,7.132720470428467,62.34920883178711,10.888134956359863,195.37344360351562,13.919275283813477,168.63197326660156,14.821651458740234,148.17628479003906,2.9164950847625732,127.25192260742188,2.1957056522369385,0.0,1.7639691658189813e-05,2.9399486096983023e-05,7.643866385215587e-05,0.014241111065378577,0.297534559095907,0.6871306689559067,0.0009701830412004398,5.879897219396605e-06,2.9399486096983023e-05,0.004321724456256505,0.0988881114358121,0.6512985753009037,0.24516819445996085,0.00028811496375043364,0.0,0.0,2.351958887758642e-05,0.0002704752720922438,0.05314839096612591,0.32949768038054694,0.5932933892315563,0.02376066466358168,5.879897219396605e-06,0.0016287315297728595,0.0,0.0,0.0,0.0,0.0,9.995825272974228e-05,0.9982713102174974,2.351958887758642e-05,0.5740249660435935,0.41542649834480894,0.010454457256087164,7.055876663275925e-05,0.0,0.0,0.0,0.0,1.7639691658189813e-05,2.9399486096983023e-05,7.643866385215587e-05,0.014241111065378577,0.297534559095907,0.6871306689559067,0.0009701830412004398,0.0,2.9399486096983023e-05,2.351958887758642e-05,0.01551704876198764,0.2131874334836627,0.7400673836221343,0.031175215057240798,0.0,0.0,0.0,0.0,0.0,0.9998588824667345,0.0001411175332655185,0.0,0.0,0.0,0.0,0.0,0.5563323553104291,0.4436676446895708,0.0,0.0,0.0
tip_middle_root_1_2_2,21,舌右邊,107782,183.38771057128906,12.036142349243164,126.74988555908203,16.87832260131836,136.2108154296875,17.819475173950195,173.23501586914062,17.06968116760254,79.4908218383789,13.08512020111084,183.38771057128906,12.036142349243164,150.4833221435547,14.85369873046875,151.3668670654297,2.939622402191162,131.9043426513672,2.5000152587890625,0.0,0.0,0.0008721307825054276,0.0029318439071459057,0.010502681338256851,0.7635226661223581,0.2221057319403982,6.494590933551057e-05,0.0,0.003646248909836522,0.021005362676513702,0.506772930544989,0.43293870961756137,0.035599636302907724,3.711194819172032e-05,0.0,0.0,0.0031545155962962278,0.005177116772744985,0.3372362732181626,0.5621068452988439,0.09008925423540108,0.0022359948785511496,0.0,0.009500658737080402,0.0,0.0,0.0,0.0,0.0,0.0,0.9904993412629196,0.0,0.09162012209830955,0.8125753836447644,0.09329015976693697,0.002514334489989052,0.0,0.0,0.0,0.0,0.0,0.0008721307825054276,0.0029318439071459057,0.010502681338256851,0.7635226661223581,0.2221057319403982,6.494590933551057e-05,0.0,0.0002597836373420423,0.0038132526766992635,0.038874765730827036,0.715898758605333,0.2349279100406376,0.006225529309161084,0.0,0.0,0.0,0.0,0.0,0.9891818671021135,0.010818132897886475,0.0,0.0,0.0,0.0,0.0,0.017999294872984357,0.9820007051270156,0.0,0.0,0.0
tip_middle_root_1_2_2,21,舌根,725709,150.17398071289062,52.730491638183594,112.48009490966797,47.05657196044922,118.79161834716797,49.04176330566406,164.69374084472656,40.6491813659668,72.00445556640625,26.647546768188477,150.17466735839844,52.72959518432617,129.01380920410156,50.60549545288086,143.98150634765625,4.129297256469727,130.5742645263672,2.077141284942627,0.001416545750431647,0.10654821698504496,0.1072454661579228,0.08010373303900048,0.110443717798732,0.3547840801202686,0.23930390831586765,0.0001543318327318526,0.08763567766143178,0.1261924545513422,0.10312260148351474,0.15875509329497084,0.40742639267254505,0.11577918973031891,0.00108859060587646,0.0,0.0754765339826294,0.12715978443150078,0.09961155228886509,0.12261939703104137,0.3588876533155852,0.21118519957724102,0.005059879373137167,0.0,0.05839255128433022,0.0,0.0,0.0,0.0,0.0,0.00029075014916447227,0.9413166985665053,0.002822067798525304,0.4756217712609324,0.34177197747306426,0.13405097635553645,0.040432184250160874,0.005299644898988438,1.3779627922486837e-06,0.0,0.001411033899262652,0.10655235087342171,0.1072454661579228,0.08010097711341599,0.11044785168710874,0.3547840801202686,0.23930390831586765,0.0001543318327318526,0.05877149105219861,0.11129392084154943,0.09129692480043654,0.10155585778872799,0.2564567891537793,0.3631069753854506,0.017518040977857516,0.0,0.0,0.0,0.0,0.0,0.9995590519064804,0.0004409480935195788,0.0,0.0,0.0,0.0,0.0,0.05028048432636222,0.9497029801201308,1.6535553506984204e-05,0.0,0.0
tip_middle_root_1_2_2,22,舌尖,167705,184.15008544921875,12.505014419555664,134.03302001953125,18.967937469482422,156.5028076171875,16.859020233154297,165.1778106689453,12.948596954345703,70.11396026611328,17.44171905517578,184.24581909179688,12.350436210632324,156.67726135253906,15.746524810791016,150.76129150390625,5.038834095001221,123.75163269042969,2.3437952995300293,0.0,0.0,0.0,6.559136579112131e-05,0.025437524224083956,0.6869681881875913,0.2872305536507558,0.00029814257177782414,0.0,1.1925702871112966e-05,0.007876926746370114,0.3815032348469038,0.5064249724218121,0.10386094630452282,0.0003219939775200501,0.0,0.0,0.0,6.559136579112131e-05,0.034984049372409884,0.5452610238215915,0.40350019379267166,0.016189141647535852,0.0,0.005676634566649772,0.0,0.0,0.0,0.0,0.002236069288333681,0.012116514117050774,0.9799707820279657,0.009802927760054859,0.36498613637041233,0.5436152768253779,0.08151217912405713,8.347992009779077e-05,0.0,0.0,0.0,0.0,0.0,0.0,6.559136579112131e-05,0.021478190870874454,0.6909275215408008,0.2872305536507558,0.00029814257177782414,0.0,0.0,3.57771086133389e-05,0.017339971974598252,0.5713962016636356,0.3963924748814883,0.01483557437166453,0.0,0.0,0.0,0.0,0.0,0.9674905339733461,0.032509466026653944,0.0,0.0,0.0,0.0,0.0,0.9458513461137116,0.05414865388628842,0.0,0.0,0.0
tip_middle_root_1_2_2,22,舌中,332636,203.49342346191406,10.27589225769043,162.2857208251953,20.23492431640625,181.63735961914062,17.549959182739258,165.33975219726562,3.3365345001220703,52.222755432128906,17.653390884399414,203.49403381347656,10.276693344116211,181.01988220214844,15.990743637084961,146.3911590576172,5.49190092086792,123.9644775390625,1.7769373655319214,0.0,0.0,0.0,0.0,0.0,0.13048798085595065,0.8569096549982563,0.012602364145792999,0.0,0.0,0.00012025156627665076,0.05433567022210464,0.37547950312052814,0.5065867795428035,0.06347779554828702,0.0,0.0,0.0,0.0,0.0006673961928354117,0.11759701295109369,0.560534638463666,0.3209965247297346,0.00020442766267030627,3.006289156916269e-06,0.0,0.0,0.0,0.0,0.0,0.021606200170757223,0.9783907935400858,0.09932178116619969,0.6670354381365817,0.2110114359239529,0.022607294460010342,2.405031325533015e-05,0.0,0.0,0.0,0.0,0.0,0.0,0.0,0.0,0.13048798085595065,0.8568705732392164,0.012641445904832911,0.0,0.0,0.0,6.914465060907418e-05,0.09894599502158516,0.6195691386380308,0.28140670282230423,9.018867470748807e-06,0.0,0.0,0.0,0.0,0.9777264036364074,0.022273596363592635,0.0,0.0,0.0,0.0,0.0,0.9650368571050638,0.034963142894936204,0.0,0.0,0.0
tip_middle_root_1_2_2,22,舌左邊,107894,181.67523193359375,16.68695640563965,132.01820373535156,24.01230239868164,154.88235473632812,22.27996063232422,165.91683959960938,3.6974618434906006,71.07575988769531,18.063617706298828,181.67527770996094,16.68705177307129,154.52694702148438,20.78281593322754,150.74440002441406,4.4550395011901855,123.47980499267578,2.23982310295105,0.0,0.0,0.0,0.0,0.06531410458412887,0.6137598012864478,0.32078706878973806,0.00013902533968524662,0.0,0.0,0.027286040002224406,0.4334161306467459,0.38332993493614104,0.15266835968635883,0.0032995347285298534,0.0,0.0,0.0,0.0003521975272026248,0.09739188462750477,0.4989712124863292,0.3423730698648674,0.060911635494096054,0.0,0.00018536711958032885,0.0,0.0,0.0,0.0,0.0,0.007498099987024302,0.9923165328933954,0.009055183791499064,0.3447457689954956,0.5528018240124567,0.09339722320054869,0.0,0.0,0.0,0.0,0.0,0.0,0.0,0.0,0.06531410458412887,0.6137598012864478,0.32078706878973806,0.00013902533968524662,0.0,0.0,0.0,0.07443416686748104,0.5242923610210021,0.35832391050475465,0.04294956160676219,0.0,0.0,0.0,0.0,0.0,0.9946985003800026,0.005301499619997405,0.0,0.0,0.0,0.0,0.0,0.9552431089773296,0.0447568910226704,0.0,0.0,0.0
tip_middle_root_1_2_2,22,舌右邊,72636,185.74945068359375,11.923375129699707,127.78939819335938,18.90431785583496,148.9597930908203,19.27404022216797,168.82749938964844,3.2912325859069824,80.27334594726562,16.10234260559082,185.7591552734375,11.953203201293945,152.76849365234375,15.82530689239502,153.61041259765625,4.423947334289551,125.88529205322266,2.7757928371429443,0.0,0.0,0.0,0.0,0.018214108706426566,0.7362602566220607,0.23356187014703453,0.01196376452447822,0.0,0.0,0.016754777245443032,0.5631505038823724,0.3583484773390605,0.05070488463021092,0.010201552948950933,0.0008398039539622226,0.0,0.0,5.506911173522771e-05,0.10164381298529655,0.6584062999063826,0.2116443636764139,0.021945041026488244,0.006305413293683573,0.0,0.0,0.0,0.0,0.0,0.0,0.010008811057877636,0.9899911889421223,0.007998788479541824,0.1384988160140977,0.7040448262569525,0.149457569249408,0.0,0.0,0.0,0.0,0.0,0.0,0.0,0.0,0.018200341428492757,0.7362464893441268,0.23343796464563027,0.012115204581750097,0.0,0.0,0.0,0.03383996916129743,0.7082989151384989,0.23218514235365384,0.023129026928795638,0.0025469464177542817,0.0,0.0,0.0,0.0,0.9434164876920536,0.05658351230794647,0.0,0.0,0.0,0.0,0.0,0.6839583677515282,0.3160416322484718,0.0,0.0,0.0
tip_middle_root_1_2_2,22,舌根,605655,177.10079956054688,39.37158203125,145.43011474609375,40.36693572998047,155.54742431640625,41.609840393066406,164.3183135986328,30.056386947631836,49.451210021972656,22.234251022338867,177.1141357421875,39.3210563659668,160.94015502929688,40.58217239379883,141.69178771972656,4.691800117492676,127.30682373046875,2.7248241901397705,0.015951325424540374,0.025075331665717283,0.016217153329866014,0.026511793017476946,0.1039007355672784,0.38524902791193005,0.4243802164598658,0.0027144166233251605,0.03395992768160091,0.02237247277740628,0.03971898192865575,0.14516184956782327,0.3492252189778009,0.3309227200303803,0.07863882903633257,0.0,0.025476550181208774,0.02789707011417391,0.03432151967704386,0.08588387778520774,0.28342208022719206,0.35902287605980304,0.1839595149053504,1.6511050020226037e-05,0.0318333044389958,0.0,0.0,0.0,0.0,0.0015982696419578803,0.016364101675046025,0.9502043242440003,0.19811113587768614,0.5987682756684911,0.15514608151505396,0.03981969933377913,0.008126738819955254,2.8068785034384263e-05,0.0,0.0,0.015439482873913366,0.025587174216344287,0.01621385111986197,0.02651344412247897,0.10390238667228043,0.38524902791193005,0.4243802164598658,0.0027144166233251605,0.026795783077824833,0.02213141144711098,0.019149515813458157,0.06146898812029951,0.25934566708769846,0.3991876563390049,0.21191107148459107,9.906630012135622e-06,0.0,0.0,0.0,0.0,0.999778751929729,0.00022124807027102888,0.0,0.0,0.0,0.0,0.0,0.5428370937249755,0.45716290627502454,0.0,0.0,0.0
tip_middle_root_1_2_2,23,舌尖,291939,187.59690856933594,12.25480842590332,138.32025146484375,10.88582706451416,148.9980926513672,10.51515007019043,172.69790649414062,10.925338745117188,67.03968811035156,7.325456619262695,187.59690856933594,12.25480842590332,159.67034912109375,10.464747428894043,148.39341735839844,2.311349391937256,129.832275390625,2.035029649734497,0.0,0.0,0.0,0.0,0.004617402950616396,0.5916304433460414,0.4037521537033421,0.0,0.0,0.0,0.0,0.16243119281767768,0.8276729042710977,0.009895902911224604,0.0,0.0,0.0,0.0,0.0,0.027132380394534476,0.8033424790795337,0.1695251405259318,0.0,0.0,0.0038775223591229675,0.0,0.0,0.0,0.0,0.0,4.1104477305190467e-05,0.9960813731635718,0.0,0.32061834835359443,0.6785595621003018,0.0008220895461038093,0.0,0.0,0.0,0.0,0.0,0.0,0.0,0.0,0.004617402950616396,0.5916304433460414,0.4037521537033421,0.0,0.0,0.0,0.0,1.712686554382936e-05,0.5052356827967487,0.49474719033770753,0.0,0.0,0.0,0.0,0.0,0.0,1.0,0.0,0.0,0.0,0.0,0.0,0.0,0.11162605886846225,0.8883739411315378,0.0,0.0,0.0
tip_middle_root_1_2_2,23,舌中,486200,204.14996337890625,7.011221885681152,157.5050048828125,10.403837203979492,166.4026336669922,9.500273704528809,169.99789428710938,26.847536087036133,58.453582763671875,8.655451774597168,204.14996337890625,7.011221885681152,177.1361541748047,8.598140716552734,146.6791534423828,2.8849422931671143,130.19517517089844,1.6242538690567017,0.0,0.0,0.0,0.0,0.0,0.05008844097079391,0.9498971616618676,1.4397367338543809e-05,0.0,0.0,0.0,0.01740230357877417,0.46669477581242286,0.5159029206088029,0.0,0.0,0.0,0.0,0.0,0.0004380913204442616,0.2006581653640477,0.7988914027149321,1.2340600575894694e-05,0.0,0.024479638009049773,0.0,0.0,0.0,0.0,0.0,0.0,0.9755203619909503,0.0,0.7538296997120526,0.24610654051830522,6.375976964212259e-05,0.0,0.0,0.0,0.0,0.0,0.0,0.0,0.0,0.0,0.05008844097079391,0.9498971616618676,1.4397367338543809e-05,0.0,0.0,0.0,0.0,0.05204853969559852,0.9456931303990127,0.0022583299053887287,0.0,0.0,0.0,0.0,0.0,0.9999958864664747,4.113533525298231e-06,0.0,0.0,0.0,0.0,0.0,0.015376388317564788,0.9846236116824352,0.0,0.0,0.0
tip_middle_root_1_2_2,23,舌左邊,191322,199.89541625976562,8.406350135803223,147.3742218017578,9.3525390625,156.19143676757812,9.405970573425293,174.67987060546875,6.379302978515625,67.07454681396484,7.21563720703125,199.89541625976562,8.406350135803223,169.09580993652344,8.304961204528809,149.067626953125,2.302457332611084,131.3271942138672,1.4279811382293701,0.0,0.0,0.0,0.0,0.0005435862054546785,0.1279100155758355,0.8714732231525909,7.317506611889903e-05,0.0,0.0,0.0,0.008995306342187516,0.8856012377039755,0.10540345595383699,0.0,0.0,0.0,0.0,0.0,0.003355599460595227,0.643423129593042,0.3531899102037403,3.1360742622385296e-05,0.0,0.00130147081882899,0.0,0.0,0.0,0.0,0.0,0.0,0.998698529181171,0.0,0.3245261914468801,0.6754738085531199,0.0,0.0,0.0,0.0,0.0,0.0,0.0,0.0,0.0,0.0005435862054546785,0.1279100155758355,0.8714732231525909,7.317506611889903e-05,0.0,0.0,0.0,0.0,0.1248000752657823,0.8743009167790426,0.0008990079551750452,0.0,0.0,0.0,0.0,0.0,1.0,0.0,0.0,0.0,0.0,0.0,0.0,0.003815557019056878,0.9961844429809431,0.0,0.0,0.0
tip_middle_root_1_2_2,23,舌右邊,223273,193.8152618408203,10.325125694274902,143.72433471679688,11.869125366210938,154.65890502929688,11.530502319335938,172.19415283203125,14.393207550048828,66.05158996582031,9.928547859191895,193.8152618408203,10.325125694274902,165.10775756835938,10.440135955810547,148.6027069091797,3.1591837406158447,129.81668090820312,1.8370106220245361,0.0,0.0,0.0,0.0,0.001307815992081443,0.334733711644489,0.6639584723634295,0.0,0.0,0.0,0.0,0.08761471382567529,0.8189212309594084,0.09346405521491627,0.0,0.0,0.0,0.0,0.0,0.020298020808606505,0.62299516735118,0.3567068118402136,0.0,0.0,0.006910822177334474,0.0,0.0,0.0,0.0,0.0,0.0,0.9930891778226655,0.0,0.4119665163275452,0.587437800360993,0.0005956833114617532,0.0,0.0,0.0,0.0,0.0,0.0,0.0,0.0,0.001307815992081443,0.334733711644489,0.6639584723634295,0.0,0.0,0.0,0.0,0.00028216577911346197,0.278497623984987,0.7212157314140089,4.4788218906898725e-06,0.0,0.0,0.0,0.0,0.0,1.0,0.0,0.0,0.0,0.0,0.0,0.0,0.07300479681824493,0.9269952031817551,0.0,0.0,0.0
tip_middle_root_1_2_2,23,舌根,784304,155.4688720703125,53.35945129394531,113.30137634277344,47.002864837646484,118.5345458984375,48.3516845703125,156.0222930908203,55.165775299072266,77.84341430664062,26.17437171936035,155.46888732910156,53.35943603515625,130.99710083007812,50.804595947265625,145.54661560058594,3.7687582969665527,131.8987274169922,1.9639663696289062,0.0057503213039841695,0.10824374222240356,0.07160871294804055,0.07156281237887349,0.10900875170852119,0.28345386482792384,0.35037179461025314,0.0,0.10346753299740917,0.09880862522695281,0.08821706889165426,0.18316494624533344,0.40362792998633185,0.1227138966523185,0.0,0.0,0.0889451029192762,0.10543488239254167,0.0855573859115853,0.15127297578489973,0.35952895815908115,0.20926069483261592,0.0,0.0,0.11326475448295559,0.0,0.0,0.0,0.0,0.0,2.2950284583528837e-05,0.8867122952324609,2.550031620392093e-06,0.3603908688467737,0.4181784104122891,0.14916664966645587,0.07140853546583978,0.000852985577021155,0.0,0.0,0.0057503213039841695,0.10824374222240356,0.07160871294804055,0.07156281237887349,0.10900875170852119,0.28345386482792384,0.35037179461025314,0.0,0.07123895836308371,0.09303535363838511,0.0741765947897754,0.0971039290887207,0.24681118545869968,0.4157010546930782,0.0019329239682572064,0.0,0.0,0.0,0.0,0.0,0.9998992737509945,0.00010072624900548767,0.0,0.0,0.0,0.0,0.0,0.003539443889104225,0.9964605561108958,0.0,0.0,0.0
tip_middle_root_1_2_2,24,舌尖,210268,199.04248046875,10.943107604980469,155.28427124023438,14.410714149475098,160.86961364746094,16.926271438598633,156.83653259277344,53.1296272277832,57.39310836791992,11.091482162475586,199.04248046875,10.943107604980469,174.024658203125,12.782803535461426,145.1832733154297,2.3977556228637695,131.48593139648438,3.021191358566284,0.0,0.0,0.0,0.0,8.560503738086632e-05,0.23847661080145338,0.7608195255578595,0.0006182586033062567,0.0,0.0,0.0,0.05114900983506763,0.49856373770616547,0.4502872524587669,0.0,0.0,0.0,0.0,2.3779177050240646e-05,0.05103011394981642,0.3286044476572755,0.6190290486426846,0.0013126105731732837,0.0,0.10678752829722069,0.0,0.0,0.0,0.0,0.0,0.0,0.8932124717027793,0.0,0.7937061274183423,0.19119409515475488,0.01509977742690281,0.0,0.0,0.0,0.0,0.0,0.0,0.0,0.0,8.560503738086632e-05,0.23847661080145338,0.7608195255578595,0.0006182586033062567,0.0,0.0,0.0,3.32908478703369e-05,0.14500066581695742,0.8039026385374854,0.051063404797686764,0.0,0.0,0.0,0.0,0.0,0.999795499077368,0.00020450092263206955,0.0,0.0,0.0,0.0,0.0,0.0040234367569007175,0.9959765632430992,0.0,0.0,0.0
tip_middle_root_1_2_2,24,舌中,368764,215.60902404785156,7.859619617462158,178.000244140625,10.61561393737793,184.71078491210938,9.53201961517334,168.50877380371094,32.00547409057617,44.650787353515625,7.0982747077941895,215.60902404785156,7.859619617462158,193.9215545654297,8.937478065490723,142.67056274414062,2.521865129470825,129.8036651611328,1.3735034465789795,0.0,0.0,0.0,0.0,0.0,0.007731231898992309,0.8423517480014318,0.1499170200995759,0.0,0.0,0.0,4.0676421776529164e-05,0.047686325129351025,0.863468234426354,0.08880476402251847,0.0,0.0,0.0,0.0,0.0,0.014887570370209673,0.7348141358700958,0.25029829375969453,0.0,0.03507663437862698,0.0,0.0,0.0,0.0,0.0,1.8982330162380277e-05,0.9649043832912106,0.03176557364601751,0.960880129296786,0.0073542970571964725,0.0,0.0,0.0,0.0,0.0,0.0,0.0,0.0,0.0,0.0,0.007731231898992309,0.8423517480014318,0.1499170200995759,0.0,0.0,0.0,0.0,0.0016053627794470175,0.3673541885867384,0.6310404486338146,0.0,0.0,0.0,0.0,0.0,1.0,0.0,0.0,0.0,0.0,0.0,0.0,0.032782484190430734,0.9672175158095693,0.0,0.0,0.0
tip_middle_root_1_2_2,24,舌左邊,145218,201.25953674316406,14.371082305908203,154.52252197265625,21.656002044677734,164.38848876953125,20.864578247070312,169.53512573242188,25.889623641967773,60.247867584228516,15.394388198852539,201.25953674316406,14.371082305908203,174.3394012451172,18.436748504638672,147.02301025390625,4.0698161125183105,129.79776000976562,2.1289358139038086,0.0,0.0,0.0,0.0,0.0010260436034100456,0.22742359762563868,0.751401341431503,0.020149017339448277,0.0,0.0,0.00028922034458538196,0.15451941219408064,0.3508105055847071,0.48689556391080996,0.00748529796581691,0.0,0.0,0.0,7.574818548664766e-05,0.0840598272941371,0.24466663912187195,0.6381371455329229,0.0330606398655814,0.0,0.02307565177870512,0.0,0.0,0.0,0.0,0.0,0.0,0.9769243482212949,3.443099340302166e-05,0.6559448553209657,0.320407938409839,0.023612775275792256,0.0,0.0,0.0,0.0,0.0,0.0,0.0,0.0,0.0010260436034100456,0.22742359762563868,0.751401341431503,0.020149017339448277,0.0,0.0,0.0,0.0026718450880744813,0.21982812048093212,0.603258549215662,0.17424148521533142,0.0,0.0,0.0,0.0,0.0,0.9980236609786666,0.0019763390213334434,0.0,0.0,0.0,0.0,0.0,0.07709099422936551,0.9229090057706345,0.0,0.0,0.0
tip_middle_root_1_2_2,24,舌右邊,158277,211.3501739501953,12.772854804992676,163.60906982421875,16.84638214111328,170.83201599121094,18.992916107177734,161.70301818847656,45.49128341674805,58.78384780883789,11.955780982971191,211.3501739501953,12.772854804992676,182.9859619140625,14.782835960388184,146.74331665039062,2.9645893573760986,131.20559692382812,2.979888677597046,0.0,0.0,0.0,6.318037364872976e-06,0.005793640263588519,0.06659211382576116,0.8015883545935291,0.12601957327975638,0.0,0.0,0.0019333194336511306,0.034850294104639336,0.28941665561010127,0.6619913190166606,0.011808411834947592,0.0,0.0,0.0,0.003430694289126026,0.03430694289126026,0.16459750942967077,0.7331576918945899,0.06450716149535309,0.0,0.07605021576097601,0.0,0.0,0.0,0.0,0.0,0.0,0.923949784239024,0.0,0.7264163460262704,0.25896371551141356,0.014619938462316066,0.0,0.0,0.0,0.0,0.0,0.0,0.0,6.318037364872976e-06,0.005793640263588519,0.06659211382576116,0.8015883545935291,0.12601957327975638,0.0,0.0,0.0,0.004763800173114224,0.077244324822937,0.6177208312009957,0.30024577165349353,2.5272149459491903e-05,0.0,0.0,0.0,0.0,0.9999368196263513,6.318037364872976e-05,0.0,0.0,0.0,0.0,0.0,0.014000770800558515,0.9859992291994415,0.0,0.0,0.0
tip_middle_root_1_2_2,24,舌根,684236,184.8400115966797,33.245635986328125,143.5924835205078,35.49764633178711,148.81849670410156,36.070552825927734,138.4146270751953,70.83036041259766,60.326255798339844,20.47149085998535,184.8404541015625,33.24409866333008,161.67660522460938,34.02812576293945,144.5092010498047,4.799068927764893,131.4515838623047,2.1138012409210205,0.00013737950064013002,0.00198469533903507,0.015423041172928639,0.06916327115205864,0.1162581331587347,0.2281493519779725,0.5536276957073291,0.015256431991301247,0.002673054326285083,0.024028259255578485,0.09015602803711001,0.17181937226337113,0.3233460385013358,0.34790335498278374,0.0400738926335358,0.0,0.0011911095002309145,0.0205952332236246,0.08482161125693474,0.14596425794608878,0.26587025529203373,0.41673194628753824,0.06482558649354901,0.0,0.21230686488287667,0.0,0.0,0.0,1.4614840493630853e-06,3.361413313535096e-05,0.00010376536750477906,0.7875542941324338,0.03692147153905962,0.5623527554820267,0.34986320509297963,0.04180136677988296,0.009049509233656224,1.1691872394904682e-05,0.0,0.0,0.00013737950064013002,0.001971541982590802,0.015436194529372907,0.06916327115205864,0.1162581331587347,0.2281493519779725,0.5536276957073291,0.015256431991301247,0.0005568254228073355,0.009670639954635536,0.04298078440771897,0.11708094867852613,0.20705136824136702,0.4348631174039366,0.18779631589100837,0.0,0.0,0.0,0.0,0.0,0.9999810007073583,1.8999292641720107e-05,0.0,0.0,0.0,0.0,0.0,0.014167626374525748,0.9858323736254743,0.0,0.0,0.0
tip_middle_root_1_2_2,25,舌尖,257966,187.00331115722656,14.758772850036621,148.20249938964844,20.052520751953125,167.63697814941406,19.395503997802734,161.88232421875,17.889049530029297,53.760826110839844,16.07827377319336,187.1052703857422,14.623544692993164,167.0037078857422,17.368816375732422,145.80934143066406,4.348634243011475,123.52299499511719,3.110630989074707,0.0,0.0,0.0,0.0,0.06594279866338974,0.4257421520665514,0.5083150492700589,0.0,0.0,0.0,0.007900265926517448,0.14759309366350604,0.48756425265345044,0.3566865400866781,0.00025584766984796444,0.0,0.0,0.0,0.00015118271400106991,0.029938053852058024,0.31701852182070506,0.5574106665219447,0.0954815750912911,0.0,0.011474380344696588,0.0,0.0,0.0,0.0,0.00034888318615631516,0.13830892443190188,0.8498678120372453,0.051688982268981186,0.674771093865083,0.26476744997402757,0.008760844452369692,1.1629439538543838e-05,0.0,0.0,0.0,0.0,0.0,0.0,0.0,0.06337269252537156,0.4281804578897994,0.508446849584829,0.0,0.0,0.0,0.0,0.024363675833249342,0.30912988533372615,0.6320057682020112,0.03450067063101339,0.0,0.0,0.0,0.0,0.0,0.9980888954358327,0.0019111045641673709,0.0,0.0,0.0,0.0,0.0,0.8993355713543645,0.10066442864563548,0.0,0.0,0.0
tip_middle_root_1_2_2,25,舌中,434484,205.76927185058594,6.549601078033447,179.13400268554688,15.070499420166016,194.693359375,12.88211727142334,160.91952514648438,8.101153373718262,33.426700592041016,13.247099876403809,205.88995361328125,6.668211936950684,193.0633544921875,11.709433555603027,140.26756286621094,4.399120807647705,123.73855590820312,1.9479531049728394,0.0,0.0,0.0,0.0,0.0,0.021736128372966554,0.9776999843492511,0.000563887277782381,0.0,0.0,0.0,0.0006053157308439437,0.09981725449038399,0.6691224533009271,0.230454976477845,0.0,0.0,0.0,0.0,4.603161451284742e-06,0.00798878669870467,0.3698985463216137,0.6212748915955478,0.0008331722226825384,0.0010311081650877822,0.0,0.0,0.0,0.0,0.0007296010900286317,0.2527849126780273,0.7454543780668563,0.47242476132607875,0.508624022978982,0.018951215694939284,0.0,0.0,0.0,0.0,0.0,0.0,0.0,0.0,0.0,0.0,0.021726922050063983,0.9769680816784968,0.0013049962714392245,0.0,0.0,0.0,0.0,0.004308559118402519,0.43198368639581664,0.5636202944182064,8.74600675744101e-05,0.0,0.0,0.0,0.0,1.0,0.0,0.0,0.0,0.0,0.0,0.0,0.9634854217876838,0.03651457821231622,0.0,0.0,0.0
tip_middle_root_1_2_2,25,舌左邊,182914,186.76881408691406,12.353109359741211,155.95265197753906,25.01557731628418,175.89332580566406,23.862354278564453,157.2928924560547,9.597833633422852,44.094505310058594,21.36220359802246,187.41664123535156,13.095162391662598,172.49166870117188,20.505191802978516,142.97886657714844,5.755982875823975,122.09367370605469,2.7055907249450684,0.0,0.0,0.0,0.0,0.024432246848245624,0.5837060039144079,0.3918617492373465,0.0,0.0,0.0,0.009753217358977443,0.1399674163814689,0.3440195939075194,0.4609433941633773,0.04531637818865696,0.0,0.0,0.0,0.0005849743595350821,0.049044906349431976,0.17922630307138873,0.48153777184906565,0.2896005773204894,5.4670500891129165e-06,0.0008200575133669375,0.0,0.0,0.0,0.0,0.004832872278775818,0.4708824912253846,0.5234645789824727,0.3497490624009097,0.466060553046787,0.15709568431065965,0.027018161540396032,7.653870124758083e-05,0.0,0.0,0.0,0.0,0.0,0.0,0.0,0.024169828443968203,0.5724548148310135,0.4033698896749292,5.4670500891129165e-06,0.0,0.0,0.0,0.023273232229353687,0.2411406453305925,0.548897295997026,0.18668882644302787,0.0,0.0,0.0,0.0,0.0,0.9949921821183726,0.005007817881627431,0.0,0.0,0.0,0.0,0.0,0.949938222333993,0.050061777666006974,0.0,0.0,0.0
tip_middle_root_1_2_2,25,舌右邊,168530,188.33682250976562,12.760604858398438,137.02130126953125,23.678619384765625,155.0418243408203,25.00116539001465,167.4881591796875,13.549251556396484,70.6523666381836,21.14017677307129,188.3394317626953,12.765352249145508,159.5615692138672,19.47507095336914,150.4768524169922,5.408114910125732,126.44560241699219,3.6417899131774902,0.0,0.0,0.0,0.0,0.02106449890227259,0.5501572420340592,0.428766391740343,1.1867323325223996e-05,0.0,0.0,0.01775944935619771,0.37598053758974664,0.39847504895270874,0.20239719931169525,0.0053877647896516945,0.0,0.0,0.0,0.00037975434640716787,0.15398445380644396,0.4150536996380466,0.3530410016020886,0.07754109060701359,0.0,0.00617694179077909,0.0,0.0,0.0,0.0,0.0,0.024316145493383966,0.9695069127158369,0.02257164896457604,0.3720702545540853,0.47252121284044385,0.1313594018869044,0.0014774817539903874,0.0,0.0,0.0,0.0,0.0,0.0,0.0,0.02106449890227259,0.5501572420340592,0.428766391740343,1.1867323325223996e-05,0.0,0.0,0.0,0.02860024921378983,0.498225835162879,0.42050673470598704,0.05266718091734409,0.0,0.0,0.0,0.0,0.0,0.9603097371387883,0.039690262861211655,0.0,0.0,0.0,0.0,0.0,0.6036966712158073,0.3963033287841927,0.0,0.0,0.0
tip_middle_root_1_2_2,25,舌根,734470,154.32662963867188,49.31962203979492,130.71739196777344,50.65592575073242,141.72142028808594,50.91004943847656,163.54454040527344,13.213103294372559,45.68806838989258,27.114471435546875,154.41983032226562,49.38818359375,143.988525390625,50.888832092285156,139.17227172851562,4.630557060241699,125.5736312866211,2.308779239654541,0.0004969569893937125,0.05349571800073522,0.1314907348155813,0.1086783667134124,0.12515283129331353,0.27756477459937096,0.30310972538020614,1.0892207986711506e-05,0.02726047353874222,0.12004847032554086,0.11703269023922012,0.1436695848707231,0.2354173757947908,0.2596130543112721,0.0969583509197108,0.0,0.014681334840088772,0.09380914128555284,0.11159611692785273,0.12446662219015073,0.2017904066878157,0.2708864895775185,0.18265960488515529,0.000110283605865454,0.00477078709817964,1.0892207986711506e-05,0.0,1.3615259983389382e-06,1.3615259983389382e-06,0.001982381853581494,0.15212193826841122,0.8411112775198443,0.36379430065217094,0.4044372132285866,0.17971326262474982,0.03980421256143886,0.011981428785382657,0.00026141299168107616,6.8076299916946914e-06,1.3615259983389382e-06,0.0004955954633953735,0.05349299494873855,0.13123340640189524,0.10877231200729778,0.1252454150612006,0.27690579601617493,0.3037333042874454,0.0001211758138521655,0.01373371274524487,0.09263822892698136,0.10869062044739744,0.10938091412855529,0.1879818100126622,0.2968181137418819,0.19075659999727695,0.0,0.0,0.0,0.0,1.497678598172832e-05,0.9999523465900582,3.267662396013452e-05,0.0,0.0,0.0,0.0,0.0,0.8239996187727204,0.17600038122727954,0.0,0.0,0.0
tip_middle_root_1_2_2,26,舌尖,224198,200.12046813964844,7.674361705780029,151.1553955078125,20.90083885192871,166.21279907226562,19.814903259277344,169.70013427734375,4.186826229095459,62.768760681152344,22.338279724121094,200.12118530273438,7.67572021484375,172.3104705810547,15.583359718322754,148.77000427246094,6.853893280029297,127.5674057006836,2.7202706336975098,0.0,0.0,0.0,0.0,8.028617561262813e-05,0.1141669417211572,0.8826528336559648,0.0030999384472653636,0.0,0.0,0.00016949303740443716,0.12302072275399424,0.5267174551066468,0.3190349601691362,0.03105290858972872,4.460343089590452e-06,0.0,0.0,4.460343089590452e-06,0.0037689899107039315,0.42537399976806217,0.4455258298468318,0.12523751326952068,8.920686179180903e-05,1.7841372358361807e-05,0.0,0.0,0.0,0.0,0.0,0.01750238628355293,0.9824797723440887,0.09442100286354026,0.39226933335712183,0.46694885770613476,0.04635634573011356,4.460343089590452e-06,0.0,0.0,0.0,0.0,0.0,0.0,0.0,8.028617561262813e-05,0.1141669417211572,0.8826483733128753,0.003104398790354954,0.0,0.0,0.0,0.0002676205853754271,0.24216540736313438,0.619483670683949,0.13804315827973487,4.0143087806314064e-05,0.0,0.0,0.0,0.0,0.9719176799079385,0.02808232009206148,0.0,0.0,0.0,0.0,0.0,0.4743931703226612,0.5256068296773387,0.0,0.0,0.0
tip_middle_root_1_2_2,26,舌中,508992,201.97048950195312,10.554468154907227,167.32276916503906,21.10126304626465,181.84524536132812,20.153034210205078,166.19912719726562,5.602495193481445,44.468624114990234,17.34406852722168,201.97731018066406,10.564393043518066,183.77577209472656,17.022422790527344,143.16209411621094,5.025424003601074,125.48729705810547,2.3384366035461426,0.0,0.0,0.0,0.0,0.0001571733936879165,0.16926592166478058,0.8226612599019238,0.007915645039607695,0.0,0.0,0.0004243681629573746,0.03176081352948573,0.31597549666792407,0.5184030397334339,0.13332822519803847,0.0001080567081604426,0.0,0.0,2.161134163208852e-05,0.004831117188482334,0.149856972211744,0.4888976644033698,0.3543749214133032,0.002017713441468628,0.00019057273984659877,0.0,0.0,0.0,0.0,3.732868100088017e-05,0.06081628002011819,0.9389558185590343,0.25061297623538287,0.6007088520055325,0.14543843518169244,0.0031768672199170124,6.28693574751666e-05,0.0,0.0,0.0,0.0,0.0,0.0,0.0,0.0001571733936879165,0.16926592166478058,0.8224510404878662,0.008125864453665284,0.0,0.0,0.0,0.0007563969571230982,0.08816445052181567,0.5598693103231485,0.3501371337859927,0.0010727084119200301,0.0,0.0,0.0,0.0,0.9994479284546712,0.0005520715453288067,0.0,0.0,0.0,0.0,0.0,0.7952148560291714,0.20478514397082861,0.0,0.0,0.0
tip_middle_root_1_2_2,26,舌左邊,204275,200.19256591796875,8.827784538269043,152.0146942138672,19.617069244384766,171.50274658203125,19.471025466918945,166.9813995361328,4.356922626495361,61.90961837768555,18.663158416748047,200.19476318359375,8.828646659851074,173.1471405029297,15.329431533813477,149.1665496826172,5.349668979644775,125.05196380615234,2.908874750137329,0.0,0.0,0.0,0.0,0.0,0.16062171092889488,0.8374495165830376,0.001928772488067556,0.0,0.0,6.853506302778118e-05,0.11542773222371802,0.5198727205972341,0.34436911026802103,0.02026190184799902,0.0,0.0,0.0,0.0,0.013858768816546322,0.25371680332884594,0.5747056663811039,0.1576306449638967,8.811650960714723e-05,2.9372169869049077e-05,0.0,0.0,0.0,0.0,0.0,0.020834659160445478,0.9791359686696854,0.04133153836739689,0.5244890466283196,0.38956798433484274,0.044611430669440705,0.0,0.0,0.0,0.0,0.0,0.0,0.0,0.0,0.0,0.16060702484396036,0.8374642026679721,0.001928772488067556,0.0,0.0,0.0,9.790723289683026e-06,0.19605433851425774,0.6897760372047484,0.1141402521111247,1.958144657936605e-05,0.0,0.0,0.0,0.0,0.974735038550973,0.025264961449027047,0.0,0.0,0.0,0.0,0.0,0.7728943825725125,0.22710561742748744,0.0,0.0,0.0
tip_middle_root_1_2_2,26,舌右邊,212614,207.28768920898438,9.351177215576172,161.35382080078125,22.46338653564453,174.4175262451172,21.533863067626953,170.27903747558594,4.883335113525391,56.979835510253906,22.365036010742188,207.29098510742188,9.355798721313477,180.98770141601562,16.993595123291016,147.14146423339844,6.9613518714904785,128.0817413330078,2.807380199432373,0.0,0.0,0.0,0.0,0.0,0.05359477739001195,0.9147516156038643,0.031653607006123775,0.0,0.0,0.0,0.06714045171061171,0.3997055697178925,0.43324052037965516,0.09990875483270152,4.7033591390971435e-06,0.0,0.0,0.0,0.008047447486995212,0.26319997742387613,0.48324663474653595,0.24450882820510408,0.0009971121374885944,0.0001646175698684,0.0,0.0,0.0,0.0,0.0,0.016814508922272285,0.9830208735078593,0.13865973077972288,0.47552371904013846,0.3420753101865352,0.04374123999360343,0.0,0.0,0.0,0.0,0.0,0.0,0.0,0.0,0.0,0.05359477739001195,0.9145164476469094,0.03188877496307863,0.0,0.0,0.0,0.0,0.11249024052978637,0.5903891559351689,0.2968336986275598,0.00028690490748492574,0.0,0.0,0.0,0.0,0.9603789026122457,0.03962109738775434,0.0,0.0,0.0,0.0,0.0,0.44272719576321407,0.5572728042367859,0.0,0.0,0.0
tip_middle_root_1_2_2,26,舌根,861490,187.8902587890625,32.23683166503906,157.63568115234375,35.52574920654297,167.28851318359375,36.06370162963867,165.18231201171875,25.970998764038086,42.6428108215332,22.637422561645508,187.89962768554688,32.2422981262207,172.76998901367188,33.30239486694336,140.9189453125,6.366765022277832,127.35771179199219,2.3999907970428467,0.0005374409453388896,0.0017980475687471706,0.020791883829179677,0.051402802121905074,0.08446528688667308,0.22607227013662376,0.6012257832360213,0.013706485275511033,0.0013140024840683003,0.016036169891699266,0.047388826335767104,0.11638672532472809,0.2790572148254768,0.3664337368977005,0.17309429012524813,0.00028903411531184343,0.00102148603001776,0.01141162404670977,0.03768703060975751,0.08426795435814693,0.22298923957329742,0.3468061149868252,0.29129415315325774,0.004522397241987719,0.023888843747460795,2.3215591591312725e-05,0.0,0.0,0.0,0.0005060998966906175,0.030260362859696573,0.9453214779045607,0.3696282023006651,0.45024086176275985,0.15779869760531173,0.020808134743293596,0.00123158713391914,0.00017643849609397672,0.0001056309417404729,1.0447016216090726e-05,0.0005374409453388896,0.0017980475687471706,0.020791883829179677,0.051401641342325506,0.08445600065003657,0.22608271715283984,0.6005629780960894,0.014369290415443011,0.0010447016216090727,0.006455095241964503,0.029288790351600133,0.06211099374339807,0.17846173490115963,0.3884792626728111,0.33063877700263494,0.003520644464822575,0.0,0.0,0.0,0.0,0.9965281082775191,0.003471891722480818,0.0,0.0,0.0,0.0,0.0,0.5577569095404473,0.4422430904595526,0.0,0.0,0.0
tip_middle_root_1_2_2,27,舌尖,438014,201.0903778076172,13.404605865478516,154.5294647216797,15.795461654663086,179.33665466308594,17.98100471496582,160.32870483398438,22.420682907104492,59.74233627319336,9.756464004516602,201.09048461914062,13.404722213745117,175.3706512451172,14.292281150817871,149.33203125,2.803401231765747,121.84052276611328,3.455974578857422,0.0,0.0,0.0,0.00018264256393631253,0.009983699151168684,0.19790691621728987,0.7903993936266878,0.0015273484409174137,0.0,0.0,0.0006164186532850548,0.05795933463313958,0.5214901806791564,0.4192925340285927,0.0006415320058262978,0.0,0.0,5.2509737131689857e-05,0.003285283118804422,0.016054281370001873,0.09386457967096942,0.6626569013775815,0.22402708589223175,5.9358833279301574e-05,0.020136342673978458,0.0,0.0,0.0,0.0,0.0,0.0098763966448561,0.9699872606811655,0.00026254868565844927,0.684786331030515,0.3110836639924751,0.0038309277785641555,3.652851278726251e-05,0.0,0.0,0.0,0.0,0.0,0.0,0.00018264256393631253,0.009983699151168684,0.19790691621728987,0.7903925445305401,0.0015341975370650252,0.0,0.0,1.369819229522344e-05,0.0034176989776582485,0.14435611647116303,0.7498070837918422,0.10240540256704124,0.0,0.0,0.0,0.0,0.0,0.9998287725963098,0.000171227403690293,0.0,0.0,0.0,0.0,0.0,0.9519376093001594,0.04806239069984065,0.0,0.0,0.0
tip_middle_root_1_2_2,27,舌中,709804,211.43585205078125,6.901054382324219,165.71200561523438,11.829421997070312,173.41017150878906,15.43412971496582,121.26060485839844,76.28231048583984,57.85196304321289,11.234335899353027,211.4359893798828,6.9014363288879395,184.5688018798828,9.424317359924316,146.0721435546875,3.4814023971557617,130.62677001953125,6.3379974365234375,0.0,0.0,0.0,0.0,0.0,0.0023034527841488636,0.9629249764723783,0.03477157074347285,0.0,0.0,2.1132594349989574e-05,0.00203999977458566,0.28571267561185903,0.6957357242280968,0.01649046779110853,0.0,0.0,0.0,0.00011129833024327842,0.002403480397405481,0.18169663738158703,0.7035491487790996,0.11172943516801821,0.000509999943646415,0.29610991203205395,0.0,0.0,0.0,0.0,0.0,0.0016159390479625361,0.7022741489199835,0.0024950549729221023,0.7289040354802171,0.26467870003550276,0.0037925962660114625,0.00010566297174994788,2.3950273596654853e-05,0.0,0.0,0.0,0.0,0.0,0.0,0.0,0.0023034527841488636,0.9629207499535083,0.034775797262342846,0.0,0.0,0.0,0.0,0.00819099357005596,0.7752224557765243,0.21656541805906981,2.1132594349989574e-05,0.0,0.0,0.0,0.0,0.9995956630281035,0.0004043369718964672,0.0,0.0,0.0,0.0,0.0,0.3562236899200343,0.6437509509667457,2.535911321998749e-05,0.0,0.0
tip_middle_root_1_2_2,27,舌左邊,339710,213.57110595703125,9.240748405456543,172.35060119628906,17.18238067626953,183.82479858398438,15.89961051940918,141.20933532714844,62.039310455322266,51.29191207885742,13.80713176727295,213.5712432861328,9.241060256958008,189.88050842285156,13.615703582763672,144.90963745117188,4.854336261749268,127.94499969482422,5.410918235778809,0.0,0.0,0.0,0.0,3.238055988931736e-05,0.026078125459951133,0.8483736127873774,0.1255158811927821,0.0,0.0,0.0,0.004966000412116217,0.23172411762974301,0.6293426746342469,0.13396720732389392,0.0,0.0,0.0,0.0,0.001262841835683377,0.07135792293426746,0.5792087368637956,0.34596273291925467,0.002207765446998911,0.17049836625356923,0.0,0.0,0.0,0.0,0.0,0.0021106237673309586,0.8273910099790999,0.058385093167701865,0.7402637543787348,0.19737128727443998,0.00397986517912337,0.0,0.0,0.0,0.0,0.0,0.0,0.0,0.0,3.238055988931736e-05,0.026078125459951133,0.8483736127873774,0.1255158811927821,0.0,0.0,0.0,0.0,0.020867799005033705,0.4918459862824174,0.48718318565835567,0.0001030290541932825,0.0,0.0,0.0,0.0,0.9999970563127374,2.9436872626652144e-06,0.0,0.0,0.0,0.0,0.0,0.5742339053898914,0.4257660946101086,0.0,0.0,0.0
tip_middle_root_1_2_2,27,舌右邊,265815,215.51722717285156,16.925704956054688,175.69479370117188,22.68646240234375,191.10464477539062,24.94963264465332,155.53494262695312,41.86573028564453,48.667320251464844,15.503501892089844,215.5365753173828,16.952011108398438,192.78382873535156,20.183876037597656,145.01072692871094,3.6483733654022217,125.80892944335938,4.100350856781006,5.26682090927901e-05,0.0013279912721253504,0.001350563361736546,0.002328687244888362,0.01197073152380415,0.039497394804657374,0.6119030152549706,0.33156894832872486,0.0024264996332035438,0.003573914188439328,0.004615992325489532,0.015875703026541014,0.12942459981566126,0.6021669206026747,0.23911366928126704,0.002802701126723473,0.002441547692944341,0.0023174012000827643,0.010409495325696443,0.008979929650320712,0.05383443372270188,0.3490736038222072,0.536327897221752,0.03661569136429472,0.06950698794274213,0.0,0.0,0.0,0.0,3.3858134416793634e-05,0.03779696405394729,0.8926621898688938,0.06417621277956473,0.8597107010514832,0.05937588172225044,0.01015744032503809,0.004074262174820834,0.0022684950059251737,0.00023700694091755543,0.0,5.26682090927901e-05,0.0013279912721253504,0.001350563361736546,0.002328687244888362,0.01197073152380415,0.039497394804657374,0.6118954912251001,0.3315764723585953,0.0013054191825141546,0.0015725222429133043,0.003675488591689709,0.009164268382145476,0.02664258977108139,0.3795308767375806,0.5665857833455599,0.011523051746515434,0.0,0.0,0.0,0.0,0.9980888964129188,0.0019111035870812408,0.0,0.0,0.0,0.0,0.0,0.7637906062487068,0.23620939375129318,0.0,0.0,0.0
tip_middle_root_1_2_2,27,舌根,1168999,162.3299560546875,47.595314025878906,125.7140121459961,48.914188385009766,126.67688751220703,52.55643081665039,85.76158905029297,84.19428253173828,71.39349365234375,32.036014556884766,162.33029174804688,47.59556579589844,141.92202758789062,48.91313934326172,142.6621551513672,3.842663049697876,133.35723876953125,5.468148231506348,3.4217308996842596e-06,0.015917892145331177,0.11585980826330904,0.14607112580934628,0.1225390269794927,0.21308315918148776,0.37320134576676284,0.013324220123370508,0.016471357118355106,0.14483160379093565,0.1434894298455345,0.12719600273396298,0.25664008266901855,0.26581973124014646,0.04554152740934766,1.0265192699052779e-05,0.018413189403925924,0.17478885781767137,0.11690514705316257,0.1211010445689004,0.20828247072923073,0.29085824709858604,0.06949364370713747,0.00015739962138547594,0.516933718506175,0.0,0.0,0.0,0.0,0.0,0.0024568027859732987,0.48060947870785176,0.04853297564839662,0.4757540425611998,0.2358102958171906,0.1635057001759625,0.07470151813645692,0.0016954676607935507,0.0,0.0,3.4217308996842596e-06,0.015917892145331177,0.11585980826330904,0.14607112580934628,0.1225390269794927,0.21306519509426441,0.3732193098539862,0.013324220123370508,0.0027981204432168034,0.084540705338499,0.1447802778274404,0.1219051513303262,0.1654098934216368,0.32730139204567327,0.1527400793328309,0.0005243802603766128,0.0,0.0,0.0,0.0,0.9994328481033773,0.0005671518966226661,0.0,0.0,0.0,0.0,0.0,0.14669216996763898,0.853307830032361,0.0,0.0,0.0
tip_middle_root_1_2_2,28,舌尖,140486,206.0294952392578,10.334372520446777,154.4422149658203,15.413496971130371,166.85723876953125,15.153692245483398,172.03126525878906,11.109858512878418,64.27747344970703,11.13061237335205,206.0294952392578,10.334372520446777,175.73985290527344,13.039419174194336,149.11219787597656,3.0849053859710693,129.21340942382812,1.5888071060180664,0.0,0.0,0.0,0.0,0.0,0.11405406944464216,0.8848212633287302,0.0011246672266275644,0.0,0.0,0.0,0.06026223253562633,0.47164842048317984,0.46808934698119387,0.0,0.0,0.0,0.0,0.0,0.008605839727802059,0.28842731660094245,0.6964252665746054,0.0065415770966502,0.0,0.004107170821291801,0.0,0.0,0.0,0.0,0.0,2.1354441011915777e-05,0.9958714747376963,0.0,0.5427587090528594,0.45348290932904345,0.003758381618097177,0.0,0.0,0.0,0.0,0.0,0.0,0.0,0.0,0.0,0.11405406944464216,0.8848212633287302,0.0011246672266275644,0.0,0.0,0.0,0.0,0.15457768033825434,0.7776006150079011,0.06782170465384452,0.0,0.0,0.0,0.0,0.0,0.9997793374428768,0.00022066255712312972,0.0,0.0,0.0,0.0,0.0,0.08756032629585866,0.9124396737041414,0.0,0.0,0.0
tip_middle_root_1_2_2,28,舌中,361173,211.50050354003906,5.665891647338867,171.57730102539062,9.479096412658691,183.89512634277344,8.742210388183594,170.752197265625,1.9504715204238892,48.23701477050781,8.172499656677246,211.50050354003906,5.665891647338867,188.90719604492188,7.628769397735596,144.497802734375,2.702559471130371,127.3537826538086,1.3204045295715332,0.0,0.0,0.0,0.0,0.0,0.009729409451980076,0.9853726607470659,0.0048979298009541134,0.0,0.0,0.0,0.003070550677929967,0.08788862954872043,0.9059979566578897,0.003042863115459904,0.0,0.0,0.0,0.0,5.537512494012565e-06,0.016925406937949403,0.827683686211317,0.15538536933823957,0.0,0.0,0.0,0.0,0.0,0.0,0.0,5.537512494012565e-06,0.999994462487506,0.007802355104063703,0.9498688993917043,0.042328745504232046,0.0,0.0,0.0,0.0,0.0,0.0,0.0,0.0,0.0,0.0,0.009729409451980076,0.9853726607470659,0.0048979298009541134,0.0,0.0,0.0,0.0,0.007866036497744849,0.5999617911637913,0.39217217233846385,0.0,0.0,0.0,0.0,0.0,1.0,0.0,0.0,0.0,0.0,0.0,0.0,0.5047276512917632,0.4952723487082368,0.0,0.0,0.0
tip_middle_root_1_2_2,28,舌左邊,102935,187.1881866455078,15.656912803649902,140.9953155517578,19.870052337646484,151.49766540527344,20.361543655395508,172.99884033203125,4.41892147064209,63.8261833190918,12.630956649780273,187.1881866455078,15.656912803649902,161.29086303710938,17.947004318237305,147.19769287109375,2.6885952949523926,129.4671630859375,1.8324236869812012,0.0,0.0,0.0,9.714868606402098e-06,0.049944139505513185,0.5266527420216641,0.42339340360421623,0.0,0.0,0.0,0.011210958371788022,0.2361587409530286,0.5909748870646524,0.16165541361053093,0.0,0.0,0.0,0.0,6.80040802448147e-05,0.16520134065186767,0.458153203477923,0.36779521056977704,0.008782241220187496,0.0,0.0005246029047457133,0.0,0.0,0.0,0.0,0.0,0.0,0.9994753970952542,0.0,0.5777140914169135,0.4046048477194346,0.01768106086365182,0.0,0.0,0.0,0.0,0.0,0.0,0.0,9.714868606402098e-06,0.049944139505513185,0.5266527420216641,0.42339340360421623,0.0,0.0,0.0,9.714868606402098e-06,0.04091902657016564,0.33764997328411134,0.5901005488900762,0.03132073638704037,0.0,0.0,0.0,0.0,0.0,1.0,0.0,0.0,0.0,0.0,0.0,0.0,0.09425365521931316,0.9057463447806868,0.0,0.0,0.0
tip_middle_root_1_2_2,28,舌右邊,96526,202.12547302246094,10.228913307189941,158.46881103515625,16.371063232421875,169.4974365234375,17.918712615966797,171.88853454589844,7.126108646392822,55.5932502746582,11.571510314941406,202.12547302246094,10.228913307189941,177.39308166503906,13.945475578308105,145.951171875,2.8440802097320557,128.69998168945312,2.2138094902038574,0.0,0.0,0.0,0.0,0.0,0.1958539668068707,0.8041460331931293,0.0,0.0,0.0,0.0,0.03985454696144044,0.40964092576093486,0.5504216480533742,8.287922425046102e-05,0.0,0.0,0.0,0.0,0.0056979466672191946,0.2957545117377701,0.635010256304001,0.06353728529100967,0.0,0.0014814661334769906,0.0,0.0,0.0,0.0,0.0,0.0,0.998518533866523,0.0008805917576611482,0.7526262354184364,0.24643101340571452,6.215941818784576e-05,0.0,0.0,0.0,0.0,0.0,0.0,0.0,0.0,0.0,0.1958539668068707,0.8041460331931293,0.0,0.0,0.0,0.0,0.0,0.1436918550442368,0.7068872635352134,0.1494208814205499,0.0,0.0,0.0,0.0,0.0,1.0,0.0,0.0,0.0,0.0,0.0,0.0,0.32209974514638545,0.6779002548536146,0.0,0.0,0.0
tip_middle_root_1_2_2,28,舌根,570282,183.57093811035156,34.46780776977539,150.7786407470703,35.400390625,156.5394744873047,36.3930549621582,166.42355346679688,36.46632385253906,48.57146453857422,19.250314712524414,183.57093811035156,34.46780776977539,166.32296752929688,35.06828689575195,141.25177001953125,3.0807876586914062,129.71356201171875,1.7813069820404053,0.001520300482918977,0.005100985126656636,0.03212796476129354,0.062106115921596684,0.07242031135473327,0.22687547564187543,0.5998155298606654,3.331685026004678e-05,0.0071420805846931865,0.037016774157346714,0.05930399346288327,0.08069165781139857,0.22807312873280236,0.585612030539277,0.002160334711598823,0.0,0.006239018590802445,0.028498181601383177,0.05961962678113635,0.07551176435517866,0.1951280243809203,0.6003626276123041,0.03464075667827496,0.0,0.04614909816546901,0.0,0.0,0.0,0.0,0.0,2.4549258086350263e-05,0.9538263525764447,0.07148568602901723,0.7850291610115697,0.10602298511964256,0.025264693607723897,0.012062453312571676,0.00013502091947492645,0.0,0.0,0.001520300482918977,0.005100985126656636,0.03212796476129354,0.062106115921596684,0.07242031135473327,0.22687547564187543,0.5998155298606654,3.331685026004678e-05,0.005309653820390614,0.015644891474744075,0.051444723838381716,0.05787136890170126,0.13108777762580617,0.5826468308661329,0.15599475347284325,0.0,0.0,0.0,0.0,0.0,1.0,0.0,0.0,0.0,0.0,0.0,0.0,0.07689879743705745,0.9231012025629426,0.0,0.0,0.0
tip_middle_root_1_2_2,29,舌尖,178950,205.9179229736328,10.604199409484863,150.45542907714844,14.384784698486328,154.57725524902344,16.083871841430664,131.66578674316406,76.94303131103516,69.31105041503906,10.161423683166504,205.9179229736328,10.604199409484863,172.480712890625,12.451116561889648,149.4545440673828,2.7464399337768555,134.21145629882812,2.535440444946289,0.0,0.0,0.0,0.0,0.0,0.11450684548756636,0.8697289745739033,0.015764179938530316,0.0,0.0,5.5881531153953615e-06,0.07185247275775357,0.660961162335848,0.2644705224923163,0.0027102542609667504,0.0,0.0,0.0,3.352891869237217e-05,0.057859737356803574,0.5294328024587873,0.40388935456831515,0.008784576697401509,0.0,0.25594300083822297,0.0,0.0,0.0,0.0,0.0,0.0,0.744056999161777,5.5881531153953615e-06,0.3008549874266555,0.693271863649064,0.00586756077116513,0.0,0.0,0.0,0.0,0.0,0.0,0.0,0.0,0.0,0.11450684548756636,0.8697289745739033,0.015764179938530316,0.0,0.0,0.0,0.00012852752165409332,0.15233864207879297,0.8024420229114277,0.045090807488125176,0.0,0.0,0.0,0.0,0.0,1.0,0.0,0.0,0.0,0.0,0.0,0.0,0.00043587594300083823,0.9995641240569991,0.0,0.0,0.0
tip_middle_root_1_2_2,29,舌中,320000,213.071044921875,5.626889228820801,171.8529052734375,10.058354377746582,177.69105529785156,9.199652671813965,168.5188751220703,34.704586029052734,49.46075439453125,9.124220848083496,213.071044921875,5.626889228820801,189.03182983398438,7.864834785461426,143.9542694091797,3.1715524196624756,130.85336303710938,1.3913570642471313,0.0,0.0,0.0,0.0,0.0,0.001121875,0.97205625,0.026821875,0.0,0.0,0.0,3.75e-05,0.116440625,0.865065625,0.0184375,1.875e-05,0.0,0.0,0.0,4.375e-05,0.030259375,0.915621875,0.054009375,6.5625e-05,0.040990625,0.0,0.0,0.0,0.0,0.0,0.0,0.959009375,0.0133375,0.91806875,0.06859375,0.0,0.0,0.0,0.0,0.0,0.0,0.0,0.0,0.0,0.0,0.001121875,0.97205625,0.026821875,0.0,0.0,0.0,0.0,0.000353125,0.6189,0.380659375,8.75e-05,0.0,0.0,0.0,0.0,1.0,0.0,0.0,0.0,0.0,0.0,0.0,0.00163125,0.99836875,0.0,0.0,0.0
tip_middle_root_1_2_2,29,舌左邊,123394,208.0380859375,10.4265775680542,161.1552276611328,17.576698303222656,163.61758422851562,18.020999908447266,143.75283813476562,69.81776428222656,58.267250061035156,13.036605834960938,208.0380859375,10.4265775680542,180.18051147460938,14.613922119140625,145.80624389648438,3.5034358501434326,133.6227569580078,1.9202009439468384,0.0,0.0,0.0,0.0,0.0,0.07091916948960242,0.891493913804561,0.03758691670583659,0.0,0.0,0.0,0.042368348542068494,0.38231194385464445,0.5542003663063034,0.021119341296983646,0.0,0.0,0.0,0.0,0.035601406875536895,0.3509489926576657,0.5763327228228277,0.037116877643969724,0.0,0.19235943400813654,0.0,0.0,0.0,0.0,0.0,0.0,0.8076405659918635,0.0018720521257111367,0.6738577240384459,0.31924566834692125,0.005024555488921665,0.0,0.0,0.0,0.0,0.0,0.0,0.0,0.0,0.0,0.07091916948960242,0.891493913804561,0.03758691670583659,0.0,0.0,0.0,0.0,0.08971262784252071,0.685495242880529,0.2246462550853364,0.0001458741916138548,0.0,0.0,0.0,0.0,1.0,0.0,0.0,0.0,0.0,0.0,0.0,1.6208243512650533e-05,0.9999837917564873,0.0,0.0,0.0
tip_middle_root_1_2_2,29,舌右邊,140220,200.31295776367188,15.899192810058594,155.04598999023438,22.415672302246094,158.01278686523438,23.734756469726562,149.89320373535156,64.04563903808594,58.84896469116211,14.768823623657227,200.31295776367188,15.899192810058594,173.95143127441406,19.585187911987305,145.4303741455078,3.388467311859131,133.18270874023438,2.2997918128967285,0.0,0.0,0.0,5.7053202110968475e-05,0.01150335187562402,0.2681072600199686,0.6951219512195121,0.025210383682784197,0.0,0.0,0.004771074026529739,0.14860219654828127,0.34731849950078447,0.484624162031094,0.0146626729425189,2.1394950791613178e-05,0.0,0.0,0.004614177720724576,0.13363286264441593,0.31944087861931253,0.5039509342461845,0.038304093567251465,5.7053202110968475e-05,0.15548423905291683,0.0,0.0,0.0,0.0,0.0,0.0,0.8445157609470831,0.0027742119526458424,0.6430537726429896,0.34664099272571675,0.007531022678647839,0.0,0.0,0.0,0.0,0.0,0.0,0.0,5.7053202110968475e-05,0.01150335187562402,0.2681072600199686,0.6951219512195121,0.025210383682784197,0.0,0.0,4.2789901583226356e-05,0.010854371701611753,0.2404649835972044,0.5578804735415775,0.19052916844957923,0.0002282128084438739,0.0,0.0,0.0,0.0,1.0,0.0,0.0,0.0,0.0,0.0,0.0,0.00017115960633290543,0.999828840393667,0.0,0.0,0.0
tip_middle_root_1_2_2,29,舌根,523701,168.9246063232422,41.88735580444336,130.69375610351562,42.75107955932617,131.35067749023438,41.759429931640625,107.80851745605469,86.1285400390625,64.73433685302734,24.289989471435547,168.9246063232422,41.88735580444336,147.53431701660156,42.770301818847656,143.00021362304688,3.5286760330200195,133.47418212890625,1.397455096244812,0.002027874684218667,0.021836887842490275,0.06264643374750097,0.09609872809102904,0.12229879263167341,0.2964630581190412,0.3979675425481334,0.0006606823359130497,0.022245517957765977,0.08719861142140267,0.10369466546750913,0.15929127498324425,0.31161101468204183,0.31202728274339747,0.0039278137715986795,3.818973039959824e-06,0.018550661541604847,0.08320587510812467,0.10377868287438825,0.1592970034428042,0.322435893763808,0.3093406352097857,0.0033759721673244847,1.5275892159839297e-05,0.39910941548708134,0.0,0.0,0.0,0.0,0.0,0.0,0.6008905845129187,0.003962184528958318,0.6024468160267022,0.2694400048882855,0.09997689521310825,0.022146224658727023,0.001825469113100796,0.00010502175859889518,9.738381251897552e-05,0.002027874684218667,0.021836887842490275,0.06264643374750097,0.09609872809102904,0.12229879263167341,0.2964630581190412,0.3979675425481334,0.0006606823359130497,0.007152936503844751,0.05589448941285199,0.09028816061073017,0.10685868463111585,0.21876987059409855,0.44389451232669025,0.07711270362286878,2.8642297799698683e-05,0.0,0.0,0.0,0.0,0.9999923620539201,7.637946079919648e-06,0.0,0.0,0.0,0.0,0.0,0.00021768146327770998,0.9997823185367223,0.0,0.0,0.0
tip_middle_root_1_2_2,3,舌尖,134003,146.2626953125,8.838949203491211,96.23908996582031,8.421142578125,112.1326904296875,8.96419620513916,170.40408325195312,2.2749452590942383,87.373046875,7.921992778778076,146.2626953125,8.838949203491211,118.96173095703125,8.391889572143555,150.73736572265625,1.7638386487960815,127.4334716796875,1.6825469732284546,0.0,0.0,0.0,0.04359603889465161,0.9373819989104721,0.019021962194876233,0.0,0.0,0.0,6.716267546248964e-05,0.44144534077595277,0.5583904837951389,9.701275344581838e-05,0.0,0.0,0.0,0.0,0.0,0.04258113624321844,0.9295687409983359,0.027850122758445707,0.0,0.0,0.0,4.47751169749931e-05,0.0,0.0,0.0,0.0,0.0,0.0003432758968082804,0.9996119489862167,0.0,0.0029253076423662156,0.8606747610128131,0.13639993134482065,0.0,0.0,0.0,0.0,0.0,0.0,0.0,0.04359603889465161,0.9373819989104721,0.019021962194876233,0.0,0.0,0.0,0.0,0.010246039267777587,0.8396379185540622,0.1501160421781602,0.0,0.0,0.0,0.0,0.0,0.0,0.0,1.0,0.0,0.0,0.0,0.0,0.0,0.0,0.5144362439646873,0.48556375603531265,0.0,0.0,0.0
tip_middle_root_1_2_2,3,舌中,283062,149.7697296142578,7.333690166473389,104.37588500976562,8.578665733337402,120.96027374267578,8.528393745422363,168.83139038085938,2.776850938796997,77.39807891845703,9.924720764160156,149.7697296142578,7.333690166473389,125.81085205078125,7.777347564697266,148.81686401367188,2.3060812950134277,126.17049407958984,2.0959668159484863,0.0,0.0,0.0,0.003462139036677477,0.9302061032565304,0.06633175770679216,0.0,0.0,0.0,0.0,0.1418629134253273,0.8527460415032749,0.005391045071397786,0.0,0.0,0.0,0.0,0.0,0.0021797344751326563,0.7826341932156206,0.21518607230924675,0.0,0.0,0.0,0.0,0.0,0.0,0.0,0.0,0.0,0.000254361235347733,0.9997456387646523,0.0,0.09413838664320891,0.8771894496612049,0.028672163695586127,0.0,0.0,0.0,0.0,0.0,0.0,0.0,0.003462139036677477,0.9302061032565304,0.06633175770679216,0.0,0.0,0.0,0.0,0.00017310695183387386,0.5764602807865414,0.42336661226162464,0.0,0.0,0.0,0.0,0.0,0.0,0.0,1.0,0.0,0.0,0.0,0.0,0.0,0.0,0.7231701888632173,0.27682981113678273,0.0,0.0,0.0
tip_middle_root_1_2_2,3,舌左邊,116995,149.61654663085938,9.600024223327637,99.97450256347656,9.24332332611084,116.10579681396484,10.353171348571777,170.17019653320312,2.2458856105804443,84.81398010253906,7.773587226867676,149.61654663085938,9.600024223327637,122.63114929199219,9.314604759216309,150.4886474609375,1.7210971117019653,127.21707153320312,1.4870389699935913,0.0,0.0,0.0,0.05105346382324031,0.8868755075003205,0.06207102867643916,0.0,0.0,0.0,0.00044446343860848756,0.27684943801017137,0.7223898457199026,0.00031625283131757765,0.0,0.0,0.0,0.0,0.0,0.03781358177699902,0.8456087867002864,0.11657763152271465,0.0,0.0,0.0,7.692636437454592e-05,0.0,0.0,0.0,0.0,0.0,0.0,0.9999230736356255,0.0,0.0026411385101927434,0.9173383477926407,0.08002051369716655,0.0,0.0,0.0,0.0,0.0,0.0,0.0,0.05105346382324031,0.8868755075003205,0.06207102867643916,0.0,0.0,0.0,0.0,0.01729988461045344,0.6597546903713833,0.32294542501816315,0.0,0.0,0.0,0.0,0.0,0.0,0.0,1.0,0.0,0.0,0.0,0.0,0.0,0.0,0.5506389161929997,0.4493610838070003,0.0,0.0,0.0
tip_middle_root_1_2_2,3,舌右邊,91831,146.03146362304688,10.238276481628418,89.53961181640625,12.372754096984863,101.61392211914062,13.841026306152344,173.3776092529297,6.041208267211914,99.21098327636719,13.138580322265625,146.03146362304688,10.238276481628418,113.94547271728516,11.59696102142334,152.8939208984375,2.7060747146606445,131.02342224121094,2.0601179599761963,0.0,0.0,0.0,0.07874247258551034,0.8824579934880378,0.03879953392645185,0.0,0.0,0.0,0.010192636473522013,0.6926310287375723,0.2932016421469874,0.003974692641918307,0.0,0.0,0.0,0.0,0.000294018359813135,0.29441038429288585,0.674380111291394,0.030545240713920136,0.00037024534198691074,0.0,0.0,0.0011325151637246681,0.0,0.0,0.0,0.0,0.0,0.0,0.9988674848362753,0.0,0.0077860417506070935,0.3624593002363036,0.6230140148751511,0.006740643137938169,0.0,0.0,0.0,0.0,0.0,0.0,0.07874247258551034,0.8824579934880378,0.03879953392645185,0.0,0.0,0.0,0.0,0.08467728762618287,0.8079842319042589,0.10671777504328604,0.0006207054262721739,0.0,0.0,0.0,0.0,0.0,0.0,0.9954046019318096,0.004595398068190481,0.0,0.0,0.0,0.0,0.0,0.04175060709346517,0.9582493929065349,0.0,0.0,0.0
tip_middle_root_1_2_2,3,舌根,514568,124.65629577636719,28.836719512939453,81.43574523925781,21.84259796142578,91.6877212524414,25.466291427612305,168.8460693359375,26.030471801757812,89.14351654052734,21.37604331970215,124.65641784667969,28.836719512939453,100.86701202392578,25.30908966064453,147.55653381347656,5.853724956512451,129.67019653320312,2.8609273433685303,0.009629436731394101,0.04277374418930054,0.1043185740271451,0.23180415416426983,0.6093169415898385,0.0021571492980519582,0.0,0.0,0.027104289423360954,0.16428926789073553,0.5090405932743582,0.2987651777801962,0.0008006716313490151,0.0,0.0,0.0,0.02374224592279349,0.12344918455869779,0.3336041106326083,0.48673256012810745,0.032471898757792945,0.0,0.0,0.0,0.022978498468618335,0.0,0.0,0.0,0.0,5.830133237978265e-06,4.8584443649818876e-05,0.9769670869544939,0.00020599804107523204,0.090394272477107,0.5522943517669191,0.30436016231090934,0.05010416504718521,0.002271808585065531,0.00036146826075465245,7.77351098397102e-06,0.009629436731394101,0.04277374418930054,0.1043185740271451,0.23179832403103184,0.6093227717230765,0.0021571492980519582,0.0,0.0,0.018945989645683368,0.08928460378414514,0.1929968439545405,0.6259814057617263,0.07279115685390464,0.0,0.0,0.0,0.0,0.0,0.0,0.0,0.9866528816405218,0.013347118359478242,0.0,0.0,0.0,0.0,0.0,0.21644952659318106,0.7835504734068189,0.0,0.0,0.0
tip_middle_root_1_2_2,30,舌尖,132921,199.80677795410156,10.957375526428223,158.48704528808594,13.991764068603516,180.8084259033203,12.237369537353516,162.9182586669922,5.405147075653076,52.85042190551758,13.086201667785645,199.8619842529297,10.8611421585083,177.68478393554688,11.602019309997559,146.98544311523438,4.206172943115234,122.39350128173828,1.8918334245681763,0.0,0.0,0.0,0.0,7.523265699174698e-06,0.22411808517841425,0.7755433678651229,0.0003310236907636867,0.0,0.0,0.0,0.01133756140865627,0.5082567841048442,0.4774414878010247,0.002964166685474831,0.0,0.0,0.0,0.0,0.0,0.04860781968236772,0.7512883592509837,0.20010382106664862,0.0,0.0004288261448529578,0.0,0.0,0.0,0.0,0.00012037225118679516,0.08040114052708,0.9190496610768802,0.030755110178226165,0.7493924962947917,0.21964926535310447,0.00020312817387771684,0.0,0.0,0.0,0.0,0.0,0.0,0.0,0.0,7.523265699174698e-06,0.22349365412538275,0.7761677989181544,0.0003310236907636867,0.0,0.0,0.0,0.0,0.07351735241233515,0.8106544488831712,0.11582819870449365,0.0,0.0,0.0,0.0,0.0,0.999398138744066,0.0006018612559339758,0.0,0.0,0.0,0.0,0.0,0.9901445219340812,0.009855478065918855,0.0,0.0,0.0
tip_middle_root_1_2_2,30,舌中,258230,206.514404296875,5.631291389465332,179.3098907470703,9.637128829956055,198.2610626220703,8.543761253356934,158.3800811767578,4.60237455368042,33.83005142211914,7.952016353607178,206.645263671875,5.694252014160156,193.60374450683594,7.734426975250244,141.0260009765625,2.7202908992767334,122.11946105957031,1.3552385568618774,0.0,0.0,0.0,0.0,0.0,0.013867482476861712,0.9855748751113349,0.0005576424118034311,0.0,0.0,0.0,0.0,0.026189830771018083,0.8731131162142276,0.10069318049800566,3.8725167486349376e-06,0.0,0.0,0.0,0.0,0.00026333113890717575,0.19043488363087172,0.8086589474499477,0.0006428377802733997,0.0,0.0,0.0,0.0,0.0,0.00015102815319676259,0.37097548696898114,0.6288734848778221,0.40332261937032876,0.5963869418735236,0.00029043875614762033,0.0,0.0,0.0,0.0,0.0,0.0,0.0,0.0,0.0,0.0,0.013848119893118538,0.9853773767571544,0.0007745033497269876,0.0,0.0,0.0,0.0,0.0003059288231421601,0.369480695504008,0.6301359253378771,7.745033497269876e-05,0.0,0.0,0.0,0.0,1.0,0.0,0.0,0.0,0.0,0.0,0.0,0.9994036324207102,0.0005963675792897804,0.0,0.0,0.0
tip_middle_root_1_2_2,30,舌左邊,102538,193.93292236328125,18.445310592651367,164.161865234375,22.341527938842773,182.48403930664062,21.460094451904297,160.95237731933594,3.861956834793091,40.01496887207031,11.609333038330078,193.95339965820312,18.457189559936523,179.7619171142578,20.186870574951172,142.06719970703125,2.865626573562622,122.75035858154297,1.47352933883667,0.0,0.0,0.0,0.0,0.0625719245547992,0.29170648930152726,0.6456045563595935,0.00011702978408004837,0.0,0.0,0.0021748034874875654,0.0775809943630654,0.25296963077103124,0.6117927012424662,0.0554818701359496,0.0,0.0,0.0,0.0,0.019339171819227993,0.15366985897911017,0.3882950710955938,0.43859837328600126,9.752482006670698e-05,0.0,0.0,0.0,0.0,0.0,0.0,0.1741305662291053,0.8258694337708947,0.22653065205094697,0.7266086719070003,0.046860676042052705,0.0,0.0,0.0,0.0,0.0,0.0,0.0,0.0,0.0,0.06255241959078585,0.29163822192748057,0.6456045563595935,0.00020480212214008466,0.0,0.0,0.0,0.010318125963057598,0.184712009206343,0.4585909613996762,0.34637890343092315,0.0,0.0,0.0,0.0,0.0,1.0,0.0,0.0,0.0,0.0,0.0,0.0,0.9919346973804833,0.008065302619516667,0.0,0.0,0.0
tip_middle_root_1_2_2,30,舌右邊,69202,192.082275390625,14.327335357666016,159.9366455078125,18.474517822265625,180.04299926757812,18.17095947265625,160.4021453857422,6.890614032745361,43.30967330932617,11.164326667785645,192.09996032714844,14.343792915344238,176.52734375,16.40748405456543,143.2952117919922,2.852116107940674,122.21299743652344,1.7145774364471436,0.0,0.0,0.00013005404468078958,0.000303459437588509,0.003569261004017225,0.4420970492182307,0.5539001762954828,0.0,0.0,0.0002456576399526025,0.0003179098869974856,0.06066298661888385,0.3749169099158984,0.5510100864136874,0.012846449524580214,0.0,0.0,0.0003323603364064622,0.00026010808936157917,0.002846738533568394,0.14915753879945667,0.54207970867894,0.305323545562267,0.0,0.0012716395479899425,0.0,0.0,0.0,0.0,0.0,0.21672784023583133,0.7820005202161787,0.11259790179474581,0.8271292737204127,0.0595792029132106,0.0005780179763590648,0.00011560359527181296,0.0,0.0,0.0,0.0,0.0,0.00013005404468078958,0.000303459437588509,0.003569261004017225,0.44192364382532295,0.5540735816883905,0.0,0.0,4.3351348226929855e-05,0.00034681078581543884,0.0009970810092193867,0.17424351897344006,0.6295627294008843,0.1948065084824138,0.0,0.0,0.0,0.0,0.0,1.0,0.0,0.0,0.0,0.0,0.0,0.0,0.9871391000260108,0.012860899973989192,0.0,0.0,0.0
tip_middle_root_1_2_2,30,舌根,486587,177.29249572753906,40.73711395263672,154.93077087402344,43.58155059814453,166.29922485351562,45.13250732421875,162.79495239257812,14.781440734863281,36.53707504272461,21.560197830200195,177.34510803222656,40.776031494140625,167.81573486328125,42.8848991394043,138.3893280029297,3.3236324787139893,125.25274658203125,2.3698954582214355,0.0001849617848401211,0.02022248847585324,0.05265245475115447,0.06773300560845234,0.09154169757926127,0.23763890116258757,0.5299545610548576,7.192958299338043e-05,0.006335968696245481,0.05930080335068549,0.06511271365655062,0.07448411075511677,0.18156670852283352,0.455692404441549,0.15750729057701912,0.0,0.0015968367424530454,0.0514748647210057,0.06009202876361267,0.06350560125938425,0.12095884189261119,0.32706997926372877,0.37498741232297617,0.00031443503422820583,0.006572308754652302,0.0,0.0,0.0,0.0,0.0012454093512568154,0.15159878911684857,0.8405834927772423,0.510192421910162,0.3842848247076062,0.07573979576108691,0.026461866017793323,0.0028319704389965206,0.00045623906927229867,2.6716702254684156e-05,6.165392828004036e-06,0.0001849617848401211,0.02022248847585324,0.05265245475115447,0.06772478508468167,0.09150470522229324,0.2374765458181168,0.5298826314718642,0.00035142739119623005,0.0012926773629381796,0.04376812368600065,0.054551395742179716,0.0653326126674161,0.1156709899771264,0.34298491328374986,0.3763931218877611,6.165392828004036e-06,0.0,0.0,0.0,0.0,1.0,0.0,0.0,0.0,0.0,0.0,0.0,0.8349421583396186,0.1650578416603814,0.0,0.0,0.0
tip_middle_root_1_2_2,31,舌尖,178799,199.66429138183594,9.043438911437988,136.0561065673828,15.612016677856445,146.38137817382812,16.620319366455078,174.3947296142578,10.146875381469727,81.70252990722656,13.466224670410156,199.66429138183594,9.043438911437988,161.56671142578125,12.759714126586914,153.79946899414062,3.5919158458709717,132.55902099609375,2.631927967071533,0.0,0.0,0.0,0.0,0.0,0.1871431048272082,0.8128568951727918,0.0,0.0,0.0,0.00013422893864059642,0.30678583213552646,0.6241086359543397,0.06897130297149313,0.0,0.0,0.0,0.0,0.0,0.1342177528957097,0.622565003159973,0.24318927958210057,2.7964362216790923e-05,0.0,0.0032942018691379704,0.0,0.0,0.0,0.0,0.0,0.0,0.996705798130862,0.0,0.1002466456747521,0.7462569701172825,0.15349638420796538,0.0,0.0,0.0,0.0,0.0,0.0,0.0,0.0,0.0,0.1871431048272082,0.8128568951727918,0.0,0.0,0.0,0.0,0.00016778617330074554,0.4330169631821207,0.5647514807129794,0.0020637699315991702,0.0,0.0,0.0,0.0,0.0,0.9532827364806291,0.046717263519370916,0.0,0.0,0.0,0.0,0.0,0.013193586093881956,0.986806413906118,0.0,0.0,0.0
tip_middle_root_1_2_2,31,舌中,301020,214.7907257080078,5.389756202697754,174.67373657226562,13.210359573364258,182.0183868408203,11.039766311645508,163.4961700439453,41.95426559448242,47.94498825073242,11.702057838439941,214.7907257080078,5.389756202697754,191.5165252685547,10.035367965698242,143.74755859375,4.077648639678955,129.8992462158203,1.7260758876800537,0.0,0.0,0.0,0.0,0.0,3.322038402763936e-06,0.9494319314331273,0.050564746528469866,0.0,0.0,0.0,0.0,0.14233273536642083,0.7496279316988904,0.10803933293468873,0.0,0.0,0.0,0.0,0.0,0.023941930768719685,0.7665404292073617,0.20951764002391868,0.0,0.06263703408411402,0.0,0.0,0.0,0.0,0.0,0.0,0.937362965915886,0.07604478107766925,0.8169889043917348,0.10696631453059598,0.0,0.0,0.0,0.0,0.0,0.0,0.0,0.0,0.0,0.0,3.322038402763936e-06,0.9494319314331273,0.050564746528469866,0.0,0.0,0.0,0.0,0.0002391867649990034,0.4928841937412797,0.5068766194937213,0.0,0.0,0.0,0.0,0.0,1.0,0.0,0.0,0.0,0.0,0.0,0.0,0.04634907979536244,0.9536509202046376,0.0,0.0,0.0
tip_middle_root_1_2_2,31,舌左邊,142363,208.37533569335938,9.973628044128418,152.1546173095703,16.065706253051758,156.22450256347656,19.594280242919922,114.06817626953125,83.4631576538086,70.13507080078125,13.615306854248047,208.37533569335938,9.973628044128418,174.3304443359375,13.39275074005127,149.72500610351562,3.405818462371826,134.3502960205078,3.9815380573272705,0.0,0.0,0.0,0.0,0.0,0.08672197129872228,0.91004685206128,0.0032311766399977524,0.0,0.0,0.0,0.054712249671614116,0.5558115521589176,0.3894410766842508,3.5121485217366874e-05,0.0,0.0,0.0,0.0,0.042574264380492124,0.4840794307509676,0.4646923709109811,0.008653933957559198,0.0,0.35241600696810266,0.0,0.0,0.0,0.0,0.0,0.0,0.6475839930318973,0.0,0.3635705906731384,0.6202945990180033,0.01613481030885834,0.0,0.0,0.0,0.0,0.0,0.0,0.0,0.0,0.0,0.08672197129872228,0.91004685206128,0.0032311766399977524,0.0,0.0,0.0,0.0,0.1726150755463147,0.7517402695925205,0.07564465486116477,0.0,0.0,0.0,0.0,0.0,0.9998243925739132,0.00017560742608683437,0.0,0.0,0.0,0.0,0.0,0.00866095825460267,0.9913390417453973,0.0,0.0,0.0
tip_middle_root_1_2_2,31,舌右邊,108511,207.02540588378906,11.653104782104492,149.8533935546875,21.185504913330078,152.60195922851562,24.14261817932129,107.42369842529297,85.83392333984375,72.11072540283203,18.268020629882812,207.02540588378906,11.653104782104492,172.34620666503906,17.35512924194336,150.0285186767578,4.5108962059021,135.33120727539062,4.115610122680664,0.0,0.0,0.0,0.0,6.450958888960566e-05,0.10515984554561289,0.8754043368875045,0.019371307977993014,0.0,0.0,0.0,0.17190883873524343,0.43946696648266076,0.3821179419598013,0.006506252822294514,0.0,0.0,0.0,0.00016588180000184314,0.17797274009086636,0.3811042198486789,0.41097215950456634,0.0297849987558865,0.0,0.39286339633769846,0.0,0.0,0.0,0.0,0.0,0.0,0.6071366036623015,0.0014376422666826404,0.37010072711522335,0.5220300246058003,0.10643160601229368,0.0,0.0,0.0,0.0,0.0,0.0,0.0,0.0,6.450958888960566e-05,0.10515984554561289,0.8754043368875045,0.019371307977993014,0.0,0.0,0.0,0.000958428177788427,0.2567665950917419,0.6161310834846236,0.12614389324584604,0.0,0.0,0.0,0.0,0.0,0.9987190238777636,0.0012809761222364552,0.0,0.0,0.0,0.0,0.0,0.003299204688925547,0.9967007953110745,0.0,0.0,0.0
tip_middle_root_1_2_2,31,舌根,499216,182.8081512451172,38.893516540527344,142.06753540039062,41.54744338989258,142.2620391845703,41.157691955566406,78.93173217773438,86.47727966308594,63.250404357910156,28.299701690673828,182.8081512451172,38.893516540527344,159.61233520507812,40.102230072021484,143.63233947753906,7.012596607208252,134.1356658935547,3.0664255619049072,0.00867159706419666,0.009084244094740554,0.0323106631197718,0.05540086856190507,0.08094291849620204,0.24709344251786802,0.5588082112752797,0.007688054870036216,0.015878898112239994,0.05246426396589853,0.06466339219896798,0.16800943880003846,0.28395724496009744,0.35501265985064584,0.06001410211211179,0.0,0.0136554116855229,0.053067209384314605,0.06379202589660588,0.17915892118842344,0.27542787090157367,0.35350429473414313,0.06139426620941636,0.0,0.5623798115445018,0.0,0.0,0.0,0.0,0.0,8.413191884875485e-05,0.43753605653664945,0.07846703631293869,0.5071692413704689,0.2831359571808596,0.10088819268613186,0.024710746450434282,0.005432518188519599,0.00019630781064709465,0.0,0.00867159706419666,0.009084244094740554,0.0323106631197718,0.05540086856190507,0.08094291849620204,0.24709344251786802,0.5588082112752797,0.007688054870036216,0.011029293932886767,0.025712316912919458,0.055767443351174645,0.06893809493285472,0.23909490080446139,0.38919826287618986,0.21025968718951316,0.0,0.0,0.0,0.0,0.0,0.9845037018044294,0.015496298195570656,0.0,0.0,0.0,0.0,0.0,0.005923287715137335,0.9940767122848627,0.0,0.0,0.0
tip_middle_root_1_2_2,32,舌尖,123092,204.12673950195312,13.787077903747559,140.16969299316406,16.041521072387695,154.6192169189453,15.809281349182129,161.82000732421875,41.015167236328125,80.69792175292969,14.412705421447754,204.12673950195312,13.787077903747559,165.89120483398438,13.41367244720459,154.36972045898438,5.783191680908203,130.38095092773438,2.9953041076660156,0.0,0.0,0.0,0.0,0.0001218600721411627,0.19474864329119682,0.7453286972345887,0.059800799402073244,0.0,0.0,0.0016735449907386345,0.2073977187794495,0.6707097130601501,0.11902479446267832,0.0011942287069833944,0.0,0.0,0.0,0.00022747213466350373,0.04912585708250739,0.5682091443798135,0.37129139180450393,0.01112988658889286,1.6248009618821694e-05,0.06481331036947974,0.0,0.0,0.0,0.0,0.0,1.6248009618821694e-05,0.9351704416209015,6.499203847528678e-05,0.10505963019530108,0.7635752120365256,0.13047964124394762,0.0008205244857504956,0.0,0.0,0.0,0.0,0.0,0.0,0.0,0.0001218600721411627,0.19474864329119682,0.7453286972345887,0.059800799402073244,0.0,0.0,0.0,0.0010804926396516426,0.3153901147109479,0.6610990153706171,0.02243037727878335,0.0,0.0,0.0,0.0,0.0,0.8669369252266598,0.13306307477334026,0.0,0.0,0.0,0.0,0.0,0.11994280700614175,0.8800571929938582,0.0,0.0,0.0
tip_middle_root_1_2_2,32,舌中,254880,203.67617797851562,7.213903903961182,158.05812072753906,14.668628692626953,175.75457763671875,13.013350486755371,167.6951446533203,3.119966745376587,57.0894660949707,17.23675537109375,203.67617797851562,7.213903903961182,178.11170959472656,10.602387428283691,147.76779174804688,5.673135280609131,125.5068130493164,2.281092405319214,0.0,0.0,0.0,0.0,0.0,0.045009416195856876,0.9496625863151287,0.005327997489014438,0.0,0.0,2.746390458254865e-05,0.02626333961079724,0.4818188951663528,0.4895440991839297,0.0023462021343377275,0.0,0.0,0.0,0.0,0.0007532956685499058,0.11791431261770245,0.7891478342749529,0.0921217827997489,6.277463904582549e-05,0.0,0.0,0.0,0.0,0.0,0.0,0.0013064971751412429,0.9986935028248588,0.023289391086001254,0.6504668863779033,0.30174199623352166,0.024454645323289392,4.7080979284369114e-05,0.0,0.0,0.0,0.0,0.0,0.0,0.0,0.0,0.045009416195856876,0.9496625863151287,0.005327997489014438,0.0,0.0,0.0,0.0,0.04448760200878845,0.856638418079096,0.09883474576271187,3.923414940364093e-05,0.0,0.0,0.0,0.0,0.9686283741368487,0.03137162586315129,0.0,0.0,0.0,0.0,0.0,0.8153523226616447,0.1846476773383553,0.0,0.0,0.0
tip_middle_root_1_2_2,32,舌左邊,93587,199.99534606933594,9.815386772155762,151.85325622558594,17.359678268432617,165.43032836914062,17.967811584472656,171.06405639648438,5.3476481437683105,61.91459274291992,14.66999340057373,199.99534606933594,9.815386772155762,172.50706481933594,14.263688087463379,148.1654510498047,3.9819843769073486,128.10389709472656,2.4882874488830566,0.0,0.0,0.0,0.0,0.002446921046726575,0.16103732355989614,0.8349450244157842,0.0015707309775930417,0.0,0.0,0.003312425871114578,0.0884310855140137,0.5323709489565859,0.3746139955335677,0.0012715441247181766,0.0,0.0,0.0,0.00036329832134805045,0.024394413754047037,0.3157810379646746,0.6226398965668308,0.03682135339309947,0.0,0.0007052261532050391,0.0,0.0,0.0,0.0,0.0,0.0,0.999294773846795,0.00309872097620396,0.5551518907540577,0.4290553175120476,0.012576533065489864,0.00011753769220083986,0.0,0.0,0.0,0.0,0.0,0.0,0.0,0.002446921046726575,0.16103732355989614,0.8349450244157842,0.0015707309775930417,0.0,0.0,0.0,0.00464808146430594,0.17723615459412098,0.7497195123254298,0.06839625161614327,0.0,0.0,0.0,0.0,0.0,0.9968051118210862,0.003194888178913738,0.0,0.0,0.0,0.0,0.0,0.41471571906354515,0.5852842809364549,0.0,0.0,0.0
tip_middle_root_1_2_2,32,舌右邊,75116,201.50344848632812,9.857682228088379,151.52761840820312,18.90184211730957,166.11302185058594,19.330821990966797,170.87570190429688,2.7002038955688477,63.851417541503906,16.48520851135254,201.50344848632812,9.857682228088379,172.76785278320312,15.26573657989502,149.01852416992188,4.583338737487793,127.87491607666016,2.5429134368896484,0.0,0.0,0.0,0.0,0.00014644017253314873,0.15509345545556205,0.8419111773789871,0.002848926992917621,0.0,0.0,0.0012913360668832207,0.12178497257574951,0.5064034293625859,0.3690292347835348,0.0014910272112466053,0.0,0.0,0.0,0.0,0.03843388891847276,0.29024442196070077,0.6010437190478726,0.07027797007295383,0.0,0.0,0.0,0.0,0.0,0.0,0.0,0.0,1.0,0.0025294211619362053,0.5324830928164439,0.4232387241067149,0.04173544917194739,1.3312742957558975e-05,0.0,0.0,0.0,0.0,0.0,0.0,0.0,0.00014644017253314873,0.15509345545556205,0.8419111773789871,0.002848926992917621,0.0,0.0,0.0,0.0015309654401192822,0.19741466531764204,0.6998109590500027,0.10124341019223601,0.0,0.0,0.0,0.0,0.0,0.9839315192502264,0.016068480749773684,0.0,0.0,0.0,0.0,0.0,0.4786064220672027,0.5213935779327973,0.0,0.0,0.0
tip_middle_root_1_2_2,32,舌根,475910,192.1926727294922,20.447301864624023,158.628173828125,23.385562896728516,173.62342834472656,24.40048599243164,165.86578369140625,5.721056938171387,45.534488677978516,13.84993839263916,192.1932830810547,20.442325592041016,175.1318359375,21.919374465942383,142.95704650878906,3.128237009048462,125.0529556274414,2.156254529953003,0.001014897774789351,0.000909835893341178,0.0017167111428631463,0.008484797545754449,0.06767456031602614,0.2386144439074615,0.6815469311424429,3.782227732134227e-05,0.001737723519152781,0.0043243470404067995,0.012748208694921308,0.08091655985375386,0.2852955390725137,0.6109117270072072,0.004065894812044294,0.0,0.001367905696455212,0.0024815616398058456,0.007158916601878507,0.048849572398142506,0.15042129814460717,0.5850644029333277,0.20465634258578302,0.0,0.0006366750015759283,0.0,0.0,0.0,0.0,6.0935891239940327e-05,0.014265302263032926,0.9850370868441513,0.10531613120127756,0.791200016809901,0.09616734256477065,0.0069067680864028915,0.0004097413376478746,0.0,0.0,0.0,0.001014897774789351,0.000909835893341178,0.0017167111428631463,0.008484797545754449,0.06767456031602614,0.2386144439074615,0.6815469311424429,3.782227732134227e-05,0.001454056439242714,0.0015717257464646676,0.006137715114202265,0.03303986047782144,0.1392111953940871,0.6387762392048917,0.1798092076232901,0.0,0.0,0.0,0.0,0.0,1.0,0.0,0.0,0.0,0.0,0.0,0.0,0.8782690004412599,0.1217309995587401,0.0,0.0,0.0
tip_middle_root_1_2_2,33,舌尖,153914,200.4395751953125,11.868247985839844,142.6614532470703,16.138023376464844,158.3920135498047,13.791531562805176,171.3555145263672,7.8208112716674805,73.88836669921875,13.800619125366211,200.4971923828125,11.712442398071289,166.5508270263672,13.363061904907227,152.2297821044922,4.303233623504639,128.59933471679688,2.3366634845733643,0.0,0.0,0.0,0.0,0.0014163753784581,0.19996881375313486,0.7869069740244552,0.011707836843951817,0.0,0.0,0.0006497134763569266,0.17333056122250087,0.671322946580558,0.15230583312759075,0.00239094559299349,0.0,0.0,0.0,0.0,0.010863209324687814,0.5225255662252947,0.456241797367361,0.010369427082656549,0.0,0.0016697636342373015,0.0,0.0,0.0,0.0,0.0007926504411554505,0.010993152019959198,0.9865444339046481,0.0009225931364268357,0.22794547604506413,0.7245409774289538,0.046590953389555205,0.0,0.0,0.0,0.0,0.0,0.0,0.0,0.0,0.0005912392634848032,0.20079394986810817,0.7869069740244552,0.011707836843951817,0.0,0.0,0.0,0.00037683381628701745,0.2981470171654301,0.6700365138973713,0.03139415517756669,4.547994334498486e-05,0.0,0.0,0.0,0.0,0.9736995984770717,0.02630040152292839,0.0,0.0,0.0,0.0,0.0,0.18762425770235328,0.8123757422976468,0.0,0.0,0.0
tip_middle_root_1_2_2,33,舌中,308570,198.41712951660156,11.929511070251465,156.338134765625,17.85202980041504,153.1358642578125,17.921661376953125,74.9714584350586,82.2060546875,63.79514694213867,13.907393455505371,198.41712951660156,11.929511070251465,174.07147216796875,14.969412803649902,143.24038696289062,4.770139217376709,135.73171997070312,5.9538679122924805,0.0,0.0,0.0,0.0,0.0022750105324561686,0.25236089055967853,0.738649253005801,0.006714845902064361,0.0,0.0,0.0,0.06436464983634184,0.484496224519558,0.4450594678679068,0.006079657776193409,0.0,0.0,0.0,0.0035421460284538356,0.06725540396020352,0.5536863596590725,0.365881323524646,0.009634766827624201,0.0,0.592086074472567,0.0,0.0,0.0,0.0,0.0,0.0,0.407913925527433,0.0011050977087856888,0.47633600155556277,0.5087565220209352,0.013105616229704768,0.0006967624850115047,0.0,0.0,0.0,0.0,0.0,0.0,0.0,0.0022750105324561686,0.25236089055967853,0.738649253005801,0.006714845902064361,0.0,0.0,0.0,0.0002689827267718832,0.17124477428136242,0.7064199371293386,0.12201769452636355,4.861133616359335e-05,0.0,0.0,0.0,0.0,0.9989499951388664,0.0010500048611336165,0.0,0.0,0.0,0.0,0.0,0.06410214862105842,0.9358978513789415,0.0,0.0,0.0
tip_middle_root_1_2_2,33,舌左邊,130182,200.35414123535156,10.573537826538086,162.75369262695312,15.017679214477539,160.87225341796875,12.319113731384277,86.52593994140625,83.40486907958984,55.700889587402344,11.026091575622559,200.35414123535156,10.573537826538086,179.08694458007812,12.528995513916016,141.61729431152344,3.9623661041259766,134.2637176513672,5.58340311050415,0.0,0.0,0.0,0.0,0.0025810019818408073,0.17821972315681123,0.8166336359865419,0.002565638874806041,0.0,0.0,0.0,0.02803767033844925,0.3373277411623727,0.6313699282542902,0.0032646602448879263,0.0,0.0,0.0,0.0,0.004893149590573197,0.4140280530334455,0.5797191624034045,0.0013596349725768539,0.0,0.5229755265704936,0.0,0.0,0.0,0.0,0.0,0.0,0.4770244734295064,0.00013058640979551705,0.7758292237022015,0.22348711803475135,0.0005530718532516016,0.0,0.0,0.0,0.0,0.0,0.0,0.0,0.0,0.0025810019818408073,0.17821972315681123,0.8166336359865419,0.002565638874806041,0.0,0.0,0.0,4.608932110430013e-05,0.0667757447266135,0.7822279577821819,0.15095020817010033,0.0,0.0,0.0,0.0,0.0,0.9999846368929652,1.5363107034766712e-05,0.0,0.0,0.0,0.0,0.0,0.06994822632929283,0.9300517736707071,0.0,0.0,0.0
tip_middle_root_1_2_2,33,舌右邊,142121,198.05294799804688,10.437637329101562,149.74703979492188,16.22783851623535,151.16598510742188,14.208894729614258,103.63399505615234,82.85790252685547,68.79983520507812,12.180567741394043,198.05294799804688,10.437637329101562,169.75962829589844,13.252309799194336,146.4085235595703,4.792046070098877,134.40101623535156,5.630197525024414,0.0,0.0,0.0,0.0,0.0030044820962419347,0.21704040922875578,0.775733353973023,0.0042217547019793,0.0,0.0,3.518128918316083e-05,0.11004003630709043,0.5980396985667142,0.290759282583151,0.0011258012538611466,0.0,0.0,0.0,0.0,0.033872545225547245,0.685598891085765,0.2777281330697082,0.002800430618979602,0.0,0.4186714137952871,0.0,0.0,0.0,0.0,0.0,0.0,0.5813285862047128,0.0,0.34108259863074425,0.6393073507785619,0.019610050590693845,0.0,0.0,0.0,0.0,0.0,0.0,0.0,0.0,0.0030044820962419347,0.21704040922875578,0.775733353973023,0.0042217547019793,0.0,0.0,0.0,0.0003518128918316083,0.210876647363866,0.7517397147501073,0.037031824994195085,0.0,0.0,0.0,0.0,0.0,0.9958697166498969,0.004130283350103081,0.0,0.0,0.0,0.0,0.0,0.049830777999029,0.950169222000971,0.0,0.0,0.0
tip_middle_root_1_2_2,33,舌根,552606,184.05201721191406,22.67064666748047,144.9708251953125,24.117937088012695,131.66839599609375,24.45207977294922,32.07597351074219,57.72817611694336,75.31965637207031,17.305389404296875,184.05201721191406,22.67064666748047,161.631103515625,22.93832015991211,140.87559509277344,3.9092965126037598,140.73147583007812,5.625196933746338,0.0,0.0,0.005264148416774339,0.032183870605820425,0.09085496719181478,0.39360231340231555,0.4778974531583081,0.0001972472249667937,0.0,0.004981849636087918,0.0449253174956479,0.14675555459043152,0.4971064374979642,0.3057748196726058,0.000456021107262679,0.0,0.0,0.018220938607253632,0.07415228933453491,0.24967698504902228,0.5736365511775117,0.08431142622410905,1.8096075685026945e-06,0.0,0.8600521890822757,0.0,0.0,0.0,0.0,0.0,0.0,0.13994781091772437,0.0001284821373636913,0.24696800251897374,0.6318516266562433,0.11763534959808616,0.003416539089333087,0.0,0.0,0.0,0.0,0.0,0.005264148416774339,0.032183870605820425,0.09085496719181478,0.39360231340231555,0.4778974531583081,0.0001972472249667937,0.0,0.0006496491170924673,0.01801102412930732,0.07339225415576378,0.2638299258422818,0.6171196114410629,0.0269975353144917,0.0,0.0,0.0,0.0,0.0,0.9996742706376696,0.00032572936233048503,0.0,0.0,0.0,0.0,0.0,0.009996272208408884,0.9900037277915911,0.0,0.0,0.0
tip_middle_root_1_2_2,34,舌尖,193362,199.82937622070312,11.05534553527832,149.40164184570312,16.853961944580078,167.80091857910156,16.492204666137695,168.65919494628906,4.421818256378174,64.81007385253906,13.638318061828613,199.82948303222656,11.055618286132812,171.10911560058594,14.098592758178711,149.81546020507812,3.814574956893921,125.88223266601562,2.124886989593506,0.0,0.0,0.0,0.0,5.688811658960913e-05,0.22873677351289293,0.7710253307268232,0.00018100764369421085,0.0,0.0,5.171646962691738e-06,0.12359201911440718,0.5621993980202935,0.3135104105253359,0.000693000693000693,0.0,0.0,0.0,0.0,0.003009898532286592,0.3224263298890165,0.6090028030326538,0.0654161624310878,0.0001448061149553687,0.0004654482266422565,0.0,0.0,0.0,0.0,0.0,0.0008481501018814452,0.9986864016714763,0.0013187699754863935,0.4835231327768641,0.507752298797075,0.00740579845057457,0.0,0.0,0.0,0.0,0.0,0.0,0.0,0.0,5.688811658960913e-05,0.22873677351289293,0.7710098157859352,0.00019652258458228606,0.0,0.0,0.0,5.688811658960913e-05,0.23559954903238486,0.7132270042717804,0.051116558579245144,0.0,0.0,0.0,0.0,0.0,0.9981537220343191,0.0018462779656809507,0.0,0.0,0.0,0.0,0.0,0.7510369152160197,0.2489630847839803,0.0,0.0,0.0
tip_middle_root_1_2_2,34,舌中,460707,202.3607177734375,6.986954212188721,173.6371307373047,11.776070594787598,191.45895385742188,11.054865837097168,159.4635009765625,6.959245204925537,36.517860412597656,12.822569847106934,202.65948486328125,7.114431858062744,188.6004638671875,9.059840202331543,141.457275390625,4.234692573547363,122.88531494140625,1.9053517580032349,0.0,0.0,0.0,0.0,0.0,0.0624540109006375,0.9352430069436757,0.002302982155686803,0.0,0.0,0.0,0.0028738438964461144,0.09879815153665995,0.8443718024688143,0.0539214728667027,3.472923137699232e-05,0.0,0.0,0.0,4.558211618230242e-05,0.011065601347494177,0.46884462358939627,0.517973462526074,0.0020707304208531668,0.0,0.0,0.0,0.0,0.0,0.001738632145810678,0.34960397823345424,0.648657389620735,0.3990345273677196,0.5740655123538387,0.025981806223912378,0.0009181540545292344,0.0,0.0,0.0,0.0,0.0,0.0,0.0,0.0,0.0,0.060324674901835657,0.9366972935075872,0.0029780315905770915,0.0,0.0,0.0,0.0,0.006672353578304649,0.6236740487989112,0.3691739001143894,0.0004796975083947064,0.0,0.0,0.0,0.0,0.9995289847994495,0.0004710152005504583,0.0,0.0,0.0,0.0,0.0,0.9813069912113339,0.018693008788666116,0.0,0.0,0.0
tip_middle_root_1_2_2,34,舌左邊,188136,192.60198974609375,9.95315170288086,151.8137969970703,20.139751434326172,169.05101013183594,19.866065979003906,166.06007385253906,5.376043319702148,54.708518981933594,19.002939224243164,192.6190643310547,9.965703010559082,170.8618621826172,16.262680053710938,146.10986328125,5.161221027374268,125.03040313720703,2.325425624847412,0.0,0.0,0.0,0.0,0.005251520176893312,0.3546370710549815,0.6401114087681252,0.0,0.0,0.0,0.002243058213207467,0.16388144746353703,0.3799485478589956,0.4531668580176043,0.0007600884466556108,0.0,0.0,0.0,1.594591146829953e-05,0.0225209422970617,0.2829017306629247,0.6107815622740996,0.08377981885444571,0.0,0.00021261215291066036,0.0,0.0,0.0,0.0,3.720712675936557e-05,0.06393247438023557,0.9358177063400944,0.09266700684611133,0.5684292214142961,0.33024514181230596,0.00843538716673045,0.0002232427605561934,0.0,0.0,0.0,0.0,0.0,0.0,0.0,0.005251520176893312,0.35422247735680573,0.640526002466301,0.0,0.0,0.0,0.0,0.005676744482714632,0.2512863035251095,0.6963845303397542,0.04665242165242165,0.0,0.0,0.0,0.0,0.0,0.9980492834970447,0.0019507165029553088,0.0,0.0,0.0,0.0,0.0,0.8260513670961432,0.1739486329038568,0.0,0.0,0.0
tip_middle_root_1_2_2,34,舌右邊,140519,199.56826782226562,9.971477508544922,158.5207977294922,20.289356231689453,174.88192749023438,21.015844345092773,166.28677368164062,6.706855773925781,53.18553924560547,18.064374923706055,199.66734313964844,10.074556350708008,177.21099853515625,16.32587242126465,145.9396514892578,4.96885347366333,125.52645874023438,2.8057539463043213,0.0,0.0,0.0,0.0,0.0009963065492922666,0.17991872985147916,0.8152634163351575,0.003821547264071051,0.0,0.0,6.404827816878856e-05,0.08275749186942691,0.4139938371323451,0.4609554579807713,0.04222916473928792,0.0,0.0,0.0,0.0,0.010660480077427252,0.22805456913299982,0.526555127776315,0.23306456778086948,0.0016652552323885026,4.2698852112525705e-05,0.0,0.0,0.0,0.0,0.0005123862253503085,0.10896035411581352,0.8904845608067237,0.13464371366149774,0.5706772749592581,0.28812473757997137,0.006554273799272696,0.0,0.0,0.0,0.0,0.0,0.0,0.0,0.0,0.0009963065492922666,0.17991161337612707,0.8147367971591031,0.004355282915477622,0.0,0.0,0.0,0.0006191333556316228,0.16404187334097167,0.6338288772336838,0.20128238885844618,0.00022772721126680377,0.0,0.0,0.0,0.0,0.9980572022288801,0.0019427977711199197,0.0,0.0,0.0,0.0,0.0,0.733914986585444,0.26608501341455604,0.0,0.0,0.0
tip_middle_root_1_2_2,34,舌根,766521,164.8053741455078,42.87919235229492,142.23495483398438,43.68982696533203,152.968994140625,45.49120330810547,163.71640014648438,14.16628360748291,39.19369125366211,20.586135864257812,164.92611694335938,42.98842239379883,155.42454528808594,44.146968841552734,138.47840881347656,4.061277389526367,125.53766632080078,2.1646032333374023,0.00048139581303056276,0.03772499383578532,0.07432412158310078,0.07342916893340169,0.11660345900503705,0.35966920671449315,0.33771155650008283,5.6097615068602165e-05,0.018227811110197892,0.07508209168437656,0.07438152379386866,0.10758217974458625,0.25223705547532294,0.44041063454230217,0.03207870364934555,0.0,0.012876359551793101,0.06188219239916454,0.07256944036758288,0.08127892125590819,0.18087697532096317,0.42837443462083885,0.1620333950407099,0.00010828144303939487,0.005631939633747803,0.0,0.0,0.0,0.0,0.0011754407250421058,0.14291584966361,0.8502767699776,0.47792167468340724,0.36311333936056545,0.1495027533492233,0.00945701422400691,5.218382797079271e-06,0.0,0.0,0.0,0.00048139581303056276,0.03772499383578532,0.07432412158310078,0.07342395055060462,0.11660867738783412,0.3582002319571153,0.3390761636015191,0.0001604652710101876,0.01345820923366744,0.05126017421570968,0.06938492226566526,0.07664238814070326,0.16206731452889092,0.46779931665277275,0.15938637036689146,1.3045956992698178e-06,0.0,0.0,0.0,0.0,1.0,0.0,0.0,0.0,0.0,0.0,0.0,0.8288722683396802,0.1711277316603198,0.0,0.0,0.0
tip_middle_root_1_2_2,35,舌尖,164624,195.48648071289062,9.765609741210938,154.31024169921875,21.413135528564453,167.75643920898438,22.681547164916992,168.27432250976562,10.142926216125488,54.500667572021484,20.297147750854492,195.49102783203125,9.77312183380127,173.08782958984375,17.11652374267578,145.6268310546875,5.3680009841918945,127.14653778076172,3.434652090072632,0.0,0.0,0.0,0.0,0.0021928758868694723,0.28873675770240065,0.7088152395762465,0.0002551268344834289,0.0,0.0,0.0010265817863737972,0.14359996112353,0.38244727378754007,0.4629215667217417,0.010004616580814462,0.0,0.0,0.0,6.681893284089804e-05,0.06591384002332588,0.2518223345320245,0.5480974827485664,0.1338018757896783,0.00029764797356400036,0.002927884148119351,0.0,0.0,0.0,0.0,0.0,0.022603022645543785,0.9744690932063369,0.09773180095247351,0.6101783458062008,0.2554548546991933,0.036634998542132376,0.0,0.0,0.0,0.0,0.0,0.0,0.0,0.0,0.0021928758868694723,0.28873675770240065,0.7087362717465254,0.00033409466420449024,0.0,0.0,0.0,0.0034016911264457186,0.21736198853144134,0.6515271163378366,0.12766668286519584,4.2521139080571483e-05,0.0,0.0,0.0,0.0,0.9961730974827485,0.0038269025172514336,0.0,0.0,0.0,0.0,0.0,0.617406939449898,0.38259306055010206,0.0,0.0,0.0
tip_middle_root_1_2_2,35,舌中,306261,205.95335388183594,9.902199745178223,178.95394897460938,16.550193786621094,189.28448486328125,15.130667686462402,165.12974548339844,21.55303192138672,33.87854766845703,11.856876373291016,205.95518493652344,9.902436256408691,192.5629119873047,13.654256820678711,139.49916076660156,3.53594970703125,126.41118621826172,2.0702691078186035,0.0,0.0,0.0,0.0,2.9386699579770195e-05,0.08270723337284212,0.9002811327593131,0.016982247168264977,0.0,0.0,6.203858800173708e-05,0.006079781624170234,0.11720721867949233,0.6395688644652764,0.23708209664305935,0.0,0.0,0.0,0.0,0.00198196962721339,0.04026957399081176,0.45618606352098373,0.5011575094445587,0.00040488341643238936,0.016234518923401935,0.0,0.0,0.0,0.0,0.0,0.023241614178756028,0.9605238668978421,0.483166318924055,0.49572750039998564,0.020462938474046646,0.0006432422019127476,0.0,0.0,0.0,0.0,0.0,0.0,0.0,0.0,2.9386699579770195e-05,0.08270723337284212,0.9002811327593131,0.016982247168264977,0.0,0.0,0.0,0.00012734236484567086,0.019016459816953515,0.409359990335041,0.5705199160193429,0.0009762914638168098,0.0,0.0,0.0,0.0,0.9999379614119983,6.203858800173708e-05,0.0,0.0,0.0,0.0,0.0,0.7350429862111075,0.26495701378889247,0.0,0.0,0.0
tip_middle_root_1_2_2,35,舌左邊,140715,200.4728240966797,10.806918144226074,150.9943389892578,21.220245361328125,162.79959106445312,22.67774772644043,169.65921020507812,19.692873001098633,63.69737243652344,19.76458740234375,200.47286987304688,10.80695629119873,171.98455810546875,16.979902267456055,148.45455932617188,5.412961959838867,129.35789489746094,3.575382709503174,0.0,0.0,0.0,0.0,0.0006680169136197278,0.17720925274490992,0.8192303592367551,0.0028923711047152043,0.0,0.0,0.0012081156948441885,0.15141242937853108,0.47638844472870695,0.35768752442881,0.01330348576910777,0.0,0.0,0.0,0.00019187719859290055,0.09023202927903919,0.3124684646270831,0.5056532707955798,0.09145435809970508,0.0,0.013211100451266744,0.0,0.0,0.0,0.0,0.0,0.0005258856554027644,0.9862630138933305,0.02689123405464947,0.5218704473581353,0.38209856802757347,0.06913975055964183,0.0,0.0,0.0,0.0,0.0,0.0,0.0,0.0,0.0006680169136197278,0.17720925274490992,0.8192303592367551,0.0028923711047152043,0.0,0.0,0.0,0.0034040436342962724,0.21213800945172867,0.6657286003624348,0.11872934655154034,0.0,0.0,0.0,0.0,0.0,0.9778275237181537,0.022172476281846286,0.0,0.0,0.0,0.0,0.0,0.34159826599864973,0.6584017340013503,0.0,0.0,0.0
tip_middle_root_1_2_2,35,舌右邊,136657,196.25315856933594,16.759113311767578,152.62307739257812,29.48140525817871,164.44093322753906,31.1881160736084,166.66526794433594,25.27382469177246,58.53907775878906,23.98902702331543,196.25369262695312,16.75949478149414,171.89215087890625,24.651052474975586,146.37783813476562,5.9601335525512695,128.4907989501953,3.698010206222534,0.0,0.0,0.0,2.195277226925807e-05,0.039536942856933786,0.2660236943588693,0.6909708247656542,0.003446585246273517,0.0,0.0,0.020225820850743103,0.22305480143717482,0.2596427552192716,0.4395237711935722,0.05755285129923824,0.0,0.0,0.0,0.00204892541179742,0.17519775789019223,0.1940844596325106,0.4105168414351259,0.21812274526734818,2.9270363025677427e-05,0.0223040166255662,0.0,0.0,0.0,0.0,0.0,0.003446585246273517,0.9742493981281602,0.10813203860760882,0.5147266513972939,0.28185164316500433,0.09502623356286176,0.0002634332672310968,0.0,0.0,0.0,0.0,0.0,0.0,2.195277226925807e-05,0.039536942856933786,0.2660236943588693,0.6909708247656542,0.003446585246273517,0.0,0.0,2.195277226925807e-05,0.0582187520580724,0.23621182961721682,0.45756894999890235,0.24793461000900063,4.390554453851614e-05,0.0,0.0,0.0,0.0,0.9882406316544341,0.011759368345565907,0.0,0.0,0.0,0.0,0.0,0.49079812962380265,0.5092018703761974,0.0,0.0,0.0
tip_middle_root_1_2_2,35,舌根,523371,193.19558715820312,24.250659942626953,162.0330047607422,33.30262756347656,167.01156616210938,33.27458953857422,143.7163848876953,65.02043151855469,43.572166442871094,25.695037841796875,193.1962432861328,24.25115966796875,177.07583618164062,29.29254913330078,140.4803924560547,6.456228256225586,129.92893981933594,3.233126401901245,2.29282860532968e-05,0.0003305494572683622,0.0027265553498378777,0.02283084083757029,0.07585441302632358,0.23875415336348402,0.6468719130406537,0.012608646638808799,0.0009400597281851689,0.010625349895198626,0.030890133385304115,0.1173870925213663,0.22655630518313014,0.4227689344652264,0.19083212482158926,0.0,0.000506332983676971,0.008170112596991427,0.026329315151202494,0.10376195853419468,0.1955133165574707,0.4022500291380302,0.26337722189422036,9.17131442131872e-05,0.17272451091099814,0.0,0.0,0.0,0.0,0.0,0.0029539275198664046,0.8243215615691355,0.4010959720733476,0.4106131214759702,0.13478010818329636,0.045331132217872216,0.006628185359907217,0.001289716090497945,0.00023501493204629222,2.67496670621796e-05,2.29282860532968e-05,0.0003305494572683622,0.0027265553498378777,0.02283084083757029,0.07585441302632358,0.23875415336348402,0.6468700023501494,0.012610557329313241,0.0003305494572683622,0.0025641466569603587,0.01467219238360551,0.05038490860211972,0.16377674727869904,0.3904438725110868,0.37732316081708767,0.0005044222931725296,0.0,0.0,0.0,0.0,0.9954067000273229,0.004593299972677126,0.0,0.0,0.0,0.0,0.0,0.2023077319912643,0.7976922680087357,0.0,0.0,0.0
tip_middle_root_1_2_2,36,舌尖,113109,215.90187072753906,15.321524620056152,154.18670654296875,19.029172897338867,164.52999877929688,20.518850326538086,170.3306121826172,26.560161590576172,73.64788818359375,13.802740097045898,215.90187072753906,15.321524620056152,178.1095428466797,16.323116302490234,152.58717346191406,4.532512664794922,132.0004425048828,2.6579251289367676,0.0,0.0,0.0,0.0,0.008991326950110071,0.05306385875571352,0.6225676117727148,0.3153772025214616,0.0,0.0,0.0,0.08624424227957103,0.5318498085917124,0.35358813180206705,0.027522124676197298,0.0007956926504522186,0.0,0.0,3.536411779787638e-05,0.03909503222555234,0.34846033472137494,0.5242288412062701,0.08361845653307871,0.004561971195926054,0.02543564172612259,0.0,0.0,0.0,0.0,0.0,8.841029449469095e-06,0.9745555172444279,0.0011404927989815134,0.23153772025214617,0.7085201000804534,0.05879284583896949,8.841029449469095e-06,0.0,0.0,0.0,0.0,0.0,0.0,0.0,0.008991326950110071,0.05306385875571352,0.6225676117727148,0.3153772025214616,0.0,0.0,0.0,0.0007514875032048732,0.13201425173947254,0.6770460352403433,0.18470678725830836,0.00548143825867084,0.0,0.0,0.0,0.0,0.9469449822737359,0.053055017726264045,0.0,0.0,0.0,0.0,0.0,0.03219902925496645,0.9678009707450336,0.0,0.0,0.0
tip_middle_root_1_2_2,36,舌中,283008,219.8031768798828,8.000374794006348,172.35189819335938,14.389874458312988,184.18563842773438,14.277985572814941,172.3434600830078,3.239241361618042,55.272029876708984,11.756790161132812,219.8031768798828,8.000374794006348,191.4442596435547,11.396463394165039,147.1624298095703,3.7917308807373047,128.73744201660156,1.9903217554092407,0.0,0.0,0.0,0.0,0.0,0.00030387833559475353,0.6965774819086387,0.30311863975576664,0.0,0.0,0.0,0.00045581750339213024,0.19661635006784262,0.7147960481682497,0.08787030755314337,0.00026147670737222976,0.0,0.0,0.0,0.0,0.04101650836725464,0.6391056083220262,0.31693097014925375,0.0029469131614654003,0.00018374038896426957,0.0,0.0,0.0,0.0,0.0,0.0,0.9998162596110357,0.007621692672998643,0.7511837121212122,0.2403112279511533,0.0008833672546359113,0.0,0.0,0.0,0.0,0.0,0.0,0.0,0.0,0.0,0.00030387833559475353,0.6965774819086387,0.30311863975576664,0.0,0.0,0.0,0.0,0.0017278663500678425,0.4992756388511986,0.4963499265038444,0.0026465682948891905,0.0,0.0,0.0,0.0,0.9985194764812302,0.0014805235187697874,0.0,0.0,0.0,0.0,0.0,0.237046302578019,0.762953697421981,0.0,0.0,0.0
tip_middle_root_1_2_2,36,舌左邊,78109,212.7135467529297,10.242594718933105,163.32119750976562,17.0255184173584,173.61497497558594,16.83989715576172,173.56703186035156,3.4571619033813477,59.651615142822266,12.489273071289062,212.7135467529297,10.242594718933105,183.37484741210938,13.972888946533203,147.8157958984375,3.654242515563965,129.91175842285156,1.829627275466919,0.0,0.0,0.0,0.0,0.0,0.01905030150174756,0.8410042376678744,0.13994546083037807,0.0,0.0,0.0,0.0074639286125798565,0.4118475463774981,0.5259957239242596,0.054667195841708385,2.560524395396177e-05,0.0,0.0,0.0,0.00015363146372377064,0.212997221831031,0.6326159597485566,0.15314496408864536,0.0010882228680433753,0.0002944603054705604,0.0,0.0,0.0,0.0,0.0,0.0,0.9997055396945295,0.0020868273822478843,0.6231164142416367,0.3728379572136373,0.0019588011624780753,0.0,0.0,0.0,0.0,0.0,0.0,0.0,0.0,0.0,0.01905030150174756,0.8410042376678744,0.13994546083037807,0.0,0.0,0.0,0.0,0.03830544495512681,0.6812787258830608,0.2790075407443444,0.0014082884174678974,0.0,0.0,0.0,0.0,0.9990654085956804,0.0009345914043196046,0.0,0.0,0.0,0.0,0.0,0.06763625190439002,0.93236374809561,0.0,0.0,0.0
tip_middle_root_1_2_2,36,舌右邊,68103,194.8621063232422,14.436409950256348,146.14315795898438,15.372958183288574,152.19114685058594,18.28951072692871,146.8053436279297,63.53362274169922,65.32099914550781,11.015185356140137,194.8621063232422,14.436409950256348,166.67684936523438,14.098947525024414,147.27993774414062,3.841984748840332,132.14120483398438,2.934704065322876,0.0,0.0,0.0,0.0,0.0070921985815602835,0.37719336886774446,0.6109569328810772,0.004757499669618078,0.0,0.0,0.0,0.09745532502239256,0.689661248403154,0.21103328781404637,0.0018501387604070306,0.0,0.0,0.0,0.0,0.08932058793298386,0.5518993289576083,0.34707722126778556,0.01170286184162225,0.0,0.164236524088513,0.0,0.0,0.0,0.0,0.0,0.0,0.835763475911487,2.9367281911222707e-05,0.4489229549359059,0.5485514588197289,0.00249621896245393,0.0,0.0,0.0,0.0,0.0,0.0,0.0,0.0,0.0070921985815602835,0.37719336886774446,0.6109569328810772,0.004757499669618078,0.0,0.0,0.0,0.0009250693802035153,0.339353626125134,0.6139817629179332,0.04573954157672937,0.0,0.0,0.0,0.0,0.0,0.9993539197979531,0.0006460802020468996,0.0,0.0,0.0,0.0,0.0,0.005403579871664978,0.994596420128335,0.0,0.0,0.0
tip_middle_root_1_2_2,36,舌根,435930,197.14144897460938,20.201129913330078,158.0210723876953,22.850664138793945,163.8151397705078,22.645315170288086,161.2333221435547,47.19828796386719,51.62746810913086,11.881773948669434,197.14144897460938,20.201129913330078,175.30784606933594,21.023529052734375,143.45018005371094,3.0955862998962402,130.63345336914062,1.7869118452072144,0.0,0.0,7.799417337645952e-05,0.008102218246048678,0.04431674810175946,0.2742252196453559,0.6401486477186704,0.03312917211478907,0.0,8.487601220379419e-05,0.012300139930722823,0.086729520794623,0.370676484756727,0.491911545431606,0.038297433074117405,0.0,0.0,1.835157020622577e-05,0.00840960704700296,0.060805633932053314,0.3059642603170234,0.5451219232445577,0.07965269653384718,2.7527355309338655e-05,0.07999678847521391,0.0,0.0,0.0,0.0,0.0,0.0,0.920003211524786,0.021863601954442227,0.8292592847475512,0.14798018030417728,0.0008969329938292845,0.0,0.0,0.0,0.0,0.0,0.0,7.799417337645952e-05,0.008102218246048678,0.04431674810175946,0.2742252196453559,0.6401486477186704,0.03312917211478907,0.0,0.0,0.0034042162732548804,0.023955680957951964,0.18333448030647123,0.5583878145573831,0.23082375610763195,9.405179730690707e-05,0.0,0.0,0.0,0.0,1.0,0.0,0.0,0.0,0.0,0.0,0.0,0.01605303603789599,0.983946963962104,0.0,0.0,0.0
tip_middle_root_1_2_2,37,舌尖,277888,194.79849243164062,13.155815124511719,148.35748291015625,17.361820220947266,165.77772521972656,18.219545364379883,168.35194396972656,3.739398241043091,61.34468460083008,12.243731498718262,194.83203125,13.09617805480957,168.9550018310547,15.233768463134766,148.23431396484375,3.1456496715545654,125.75267791748047,2.2285473346710205,0.0,0.0,0.0,0.0,0.007578592814371257,0.3607424573929065,0.6290519921695071,0.002626957623215108,0.0,0.0,0.0003418643482266237,0.12657257600184246,0.5910726623675725,0.2775326750345463,0.0044190465223399355,6.117572547213265e-05,0.0,0.0,0.0,0.02061262091202211,0.3456752360663289,0.5720614060340857,0.06048479963150622,0.0011659373560571164,7.557001381851682e-05,0.0,0.0,0.0,0.0,0.0003166743436204514,0.010522224781206816,0.9890855308613542,0.007096384154767388,0.5740658106863197,0.4136522627821281,0.005185542376784892,0.0,0.0,0.0,0.0,0.0,0.0,0.0,0.0,0.006700541225241824,0.36160611469368953,0.6290196050207277,0.002673739060340857,0.0,0.0,0.0,0.0024830147397512667,0.2723543298019346,0.676524355135882,0.048271245969599266,0.0003670543528327959,0.0,0.0,0.0,0.0,0.9999856057116536,1.4394288346384155e-05,0.0,0.0,0.0,0.0,0.0,0.7756038403961308,0.2243961596038692,0.0,0.0,0.0
tip_middle_root_1_2_2,37,舌中,465835,206.1920623779297,7.581666469573975,173.08505249023438,14.695079803466797,191.4483184814453,12.96934700012207,162.52978515625,4.418240547180176,41.24196243286133,12.527000427246094,206.21420288085938,7.610166072845459,189.10366821289062,11.665040969848633,143.12860107421875,3.9839327335357666,123.25746154785156,1.7214272022247314,0.0,0.0,0.0,0.0,0.0,0.04229394528105445,0.9554885313469361,0.0022175233720094023,0.0,0.0,4.078697392853693e-05,0.004980304184958193,0.1583758197645089,0.7309025727993818,0.10569836959438428,2.146682838344049e-06,0.0,0.0,0.0,0.0004443633475372181,0.01691371408331276,0.46038833492545644,0.5210750587654427,0.001178528878250883,0.0,0.0,0.0,0.0,0.0,0.0,0.13422993119881504,0.865770068801185,0.23076625843914692,0.7277040153702491,0.04080200070840534,0.0007277254821986326,0.0,0.0,0.0,0.0,0.0,0.0,0.0,0.0,0.0,0.04229179859821611,0.9550012343426321,0.0027069670591518455,0.0,0.0,0.0,7.084053366535361e-05,0.013264353258127878,0.5611021069692058,0.4254746852426288,8.801399637210601e-05,0.0,0.0,0.0,0.0,0.999800358496034,0.00019964150396599653,0.0,0.0,0.0,0.0,0.0,0.9887685553897839,0.011231444610216064,0.0,0.0,0.0
tip_middle_root_1_2_2,37,舌左邊,216352,202.22589111328125,11.105145454406738,170.79832458496094,16.58733367919922,186.8663787841797,17.325319290161133,163.35629272460938,8.018659591674805,40.19525909423828,11.167924880981445,202.3341827392578,11.007055282592773,186.34925842285156,14.19041633605957,142.16787719726562,2.942887783050537,124.15850830078125,2.130289316177368,0.0,0.0,0.0,0.0,0.0033648868510575357,0.12043336784499334,0.8717136888034315,0.004488056500517675,0.0,0.0,4.622097322881231e-06,0.018603941724596954,0.18731973820440764,0.7103793817482621,0.08303135630823842,0.000660959917172016,0.0,0.0,0.0,0.003327910072474486,0.06477869398018045,0.5048716905783168,0.42187268895133856,0.005149016417689691,0.0012156115959177636,0.0,0.0,0.0,0.0,0.001483693240644875,0.13960582754030468,0.8576948676231326,0.21640197455997634,0.7515437805058424,0.031910959917172015,0.00014328501700931816,0.0,0.0,0.0,0.0,0.0,0.0,0.0,0.0,0.0024219789971897648,0.12137627569886111,0.8702299955627866,0.00597174974116255,0.0,0.0,0.0,0.00013404082236355568,0.05864054873539417,0.5600687768081645,0.3793355272888626,0.0018211063452152048,0.0,0.0,0.0,0.0,1.0,0.0,0.0,0.0,0.0,0.0,0.0,0.9435272149090371,0.056472785090962874,0.0,0.0,0.0
tip_middle_root_1_2_2,37,舌右邊,171409,197.9827423095703,15.034461975097656,160.9514617919922,24.006607055664062,175.3138427734375,24.030344009399414,166.26051330566406,11.850068092346191,48.80236053466797,17.348066329956055,198.033935546875,14.95077133178711,178.2759552001953,20.29934310913086,144.12855529785156,4.5396647453308105,125.94039154052734,2.6452252864837646,0.0,0.0,0.0,0.0,0.021019899771890622,0.2563692688248575,0.7195129777316244,0.003097853671627511,0.0,0.0,0.001061787887450484,0.08634902484700337,0.3900903686504209,0.40604052295970455,0.11643495965789427,2.333599752638426e-05,0.0,0.0,1.7501998144788198e-05,0.018336260056356433,0.2661878897840837,0.41421979009270227,0.2994941922536156,0.0017443658150972235,0.004095467565880438,0.0,0.0,0.0,0.0,6.417399319755672e-05,0.06570250103553489,0.9301378574053871,0.1955556592711001,0.5840416780915821,0.21882164880490523,0.0015810138324125337,0.0,0.0,0.0,0.0,0.0,0.0,0.0,0.0,0.018855486001318485,0.25853368259542964,0.7188187318052144,0.0037920995980374426,0.0,0.0,0.0,0.004445507528776202,0.19887520491922828,0.494396443593977,0.30220700196605776,7.584199196074885e-05,0.0,0.0,0.0,0.0,1.0,0.0,0.0,0.0,0.0,0.0,0.0,0.7178619559066327,0.28213804409336735,0.0,0.0,0.0
tip_middle_root_1_2_2,37,舌根,767374,176.56846618652344,34.289894104003906,141.39309692382812,38.181190490722656,157.65908813476562,38.887149810791016,165.20166015625,6.2049431800842285,54.72591018676758,23.640262603759766,176.5754852294922,34.2974853515625,158.6432647705078,36.79204177856445,144.17144775390625,4.100007057189941,124.68016052246094,2.365119457244873,0.00048607328369217615,0.005877186352417465,0.03651022838928606,0.06618285216856448,0.12059048130377105,0.32957462723522035,0.4393594257819525,0.0014191254850959246,0.005053598375759408,0.049394428270960446,0.07937589754148563,0.15573631632033402,0.32508789716617975,0.34685564014418,0.03849361589003537,2.6062910653735987e-06,0.00166932942737179,0.03228803686338083,0.05775410686314626,0.0991537372910732,0.2331444641074626,0.3916760275954098,0.18389989757276112,0.0004144002793944022,0.0006202972735589165,0.0,0.0,0.0,0.0,0.0,0.06568635372061081,0.9336933490058302,0.13362323977617171,0.580497905845129,0.2190079413688762,0.05785444906916314,0.007120387190600672,0.0007180331885104264,0.0009252333282076275,0.0002528102333412391,0.00048607328369217615,0.005877186352417465,0.03651022838928606,0.06618285216856448,0.12059048130377105,0.32956811150755694,0.43926299301253363,0.0015220739821781818,0.0012679606033042558,0.026421275675224856,0.05305626721781035,0.09505273829970784,0.2243873261278073,0.4442266743465377,0.15552781303510413,5.994469450359277e-05,0.0,0.0,0.0,0.0,0.9994891669511867,0.0005108330488132254,0.0,0.0,0.0,0.0,0.0,0.888234420243584,0.11176557975641603,0.0,0.0,0.0
tip_middle_root_1_2_2,38,舌尖,154370,187.74636840820312,16.961095809936523,137.5423126220703,17.730024337768555,149.8929901123047,17.605642318725586,170.1854705810547,19.168550491333008,68.59839630126953,12.773859977722168,187.74639892578125,16.961048126220703,159.26002502441406,16.32081413269043,149.0464324951172,3.7292346954345703,129.1416473388672,2.496856212615967,0.0,0.0,0.0,0.0007903089978622789,0.0653559629461683,0.4577897259830278,0.4750793547969165,0.0009846472760251343,0.0,0.00011012502429228477,0.0066787588261968,0.29530349161106434,0.580287620651681,0.11743214355120814,0.00018786033555742696,0.0,0.0,0.0,0.001619485651357129,0.11038414199650191,0.5734857809159811,0.3123793483189739,0.0021312431171859815,0.0,0.012599598367558463,0.0,0.0,0.0,0.0,0.0,0.002714257951674548,0.984686143680767,5.182354084342813e-05,0.3764138109736348,0.5951350651033231,0.02833452095614433,6.477942605428517e-05,0.0,0.0,0.0,0.0,0.0,0.0,0.0007903089978622789,0.0653559629461683,0.4577897259830278,0.4750793547969165,0.0009846472760251343,0.0,0.0,0.0004534559823799961,0.01890911446524584,0.47625186240849904,0.49205804236574463,0.012327524778130466,0.0,0.0,0.0,0.0,0.0,0.9920386085379284,0.007961391462071647,0.0,0.0,0.0,0.0,0.0,0.18463432013992356,0.8153656798600765,0.0,0.0,0.0
tip_middle_root_1_2_2,38,舌中,369000,201.99659729003906,14.360251426696777,162.89418029785156,13.763387680053711,169.23928833007812,13.48709487915039,154.85690307617188,54.78063201904297,49.761722564697266,9.069049835205078,201.99659729003906,14.360251426696777,180.0941619873047,12.761741638183594,143.38368225097656,3.46936297416687,130.27386474609375,1.9441943168640137,0.0,0.0,0.0,0.0,0.01148780487804878,0.19086449864498645,0.782189701897019,0.015457994579945799,0.0,0.0,2.7100271002710026e-06,0.02002439024390244,0.3222818428184282,0.655479674796748,0.0022113821138211383,0.0,0.0,0.0,0.0,0.008124661246612467,0.195579945799458,0.7728753387533875,0.023420054200542006,0.0,0.11401084010840108,0.0,0.0,0.0,0.0,0.0,0.0,0.8859891598915989,0.0013035230352303523,0.9281815718157181,0.06979945799457994,0.0007154471544715447,0.0,0.0,0.0,0.0,0.0,0.0,0.0,0.0,0.01148780487804878,0.19086449864498645,0.782189701897019,0.015457994579945799,0.0,0.0,0.0,0.001029810298102981,0.06869376693766938,0.7648834688346884,0.1653929539295393,0.0,0.0,0.0,0.0,0.0,0.9995257452574525,0.0004742547425474255,0.0,0.0,0.0,0.0,0.0,0.04229539295392954,0.9577046070460704,0.0,0.0,0.0
tip_middle_root_1_2_2,38,舌左邊,97360,184.5806427001953,10.250494956970215,139.56764221191406,13.755640983581543,150.6337890625,13.551397323608398,172.4700469970703,2.1692004203796387,62.37631607055664,13.209169387817383,184.5806427001953,10.250494956970215,159.79010009765625,11.752432823181152,146.8519287109375,3.852588176727295,128.95469665527344,1.5661470890045166,0.0,0.0,0.0,0.0,0.007703368940016434,0.7115139687756779,0.28078266228430565,0.0,0.0,0.0,0.0,0.22898520953163518,0.6944433032046015,0.07657148726376335,0.0,0.0,0.0,0.0,0.0,0.03396672144617913,0.6807004930156122,0.28533278553820873,0.0,0.0,3.0813475760065734e-05,0.0,0.0,0.0,0.0,0.0,0.0,0.9999691865242399,0.0007189811010682005,0.4547658175842235,0.5445152013147083,0.0,0.0,0.0,0.0,0.0,0.0,0.0,0.0,0.0,0.007703368940016434,0.7115139687756779,0.28078266228430565,0.0,0.0,0.0,0.0,0.00010271158586688578,0.4720932621199671,0.5277629416598192,4.108463434675431e-05,0.0,0.0,0.0,0.0,0.0,1.0,0.0,0.0,0.0,0.0,0.0,0.0,0.16669063270336895,0.8333093672966311,0.0,0.0,0.0
tip_middle_root_1_2_2,38,舌右邊,101213,177.93165588378906,13.684606552124023,133.27871704101562,17.80902862548828,143.58685302734375,19.97037124633789,169.9210205078125,21.626262664794922,64.62905883789062,14.787863731384277,177.93165588378906,13.684606552124023,153.51087951660156,15.938008308410645,146.7827606201172,3.6318299770355225,129.35704040527344,2.9119768142700195,0.0,0.0,0.0,0.0,0.09165818620137729,0.7279993676701609,0.18034244612846176,0.0,0.0,0.0,0.012824439548279372,0.3440368332131248,0.5725845494155889,0.07055417782300692,0.0,0.0,0.0,0.0,0.0038137393417841583,0.207354786440477,0.5493167873692114,0.23894163793188622,0.0005730489166411429,0.0,0.015689684131485086,0.0,0.0,0.0,0.0,0.0,0.0,0.9843103158685149,0.00018772292096865028,0.4556331696521198,0.5214053530672937,0.022773754359617836,0.0,0.0,0.0,0.0,0.0,0.0,0.0,0.0,0.09165818620137729,0.7279993676701609,0.18034244612846176,0.0,0.0,0.0,0.0,0.06429016035489513,0.5700947506743205,0.3649333583630561,0.0006817306077282562,0.0,0.0,0.0,0.0,0.0,0.9998122770790313,0.00018772292096865028,0.0,0.0,0.0,0.0,0.0,0.2812385760722437,0.7187614239277563,0.0,0.0,0.0
tip_middle_root_1_2_2,38,舌根,652075,182.80780029296875,20.797637939453125,146.05210876464844,24.792997360229492,150.40084838867188,23.368152618408203,129.32264709472656,74.51347351074219,54.77601623535156,15.588748931884766,182.8082275390625,20.794281005859375,163.18385314941406,22.88661003112793,142.58534240722656,4.266629219055176,131.0669403076172,3.3391785621643066,0.0005413487712303032,0.001105701031323084,0.0029689836291837595,0.016263466625771574,0.090557067821953,0.5037656711267876,0.3847946938619024,3.0671318483303303e-06,0.0013556722769620059,0.005695663842349423,0.03732699459418012,0.16415749722041176,0.439665682628532,0.351300080512211,0.0004984089253536787,0.0,0.0010443583943564774,0.004039412644251045,0.026118161254456925,0.12739792201817277,0.4085956370049458,0.43246252348272823,0.0003419852010888318,0.0,0.26310163708162404,0.0,0.0,0.0,0.0,9.354752137407506e-05,0.00027144116857723424,0.7365333742284247,0.0033278380554384083,0.7564866004677376,0.2212935628570333,0.018402791089981982,0.0004600697772495495,2.9137752559138137e-05,0.0,0.0,0.0005413487712303032,0.001105701031323084,0.0029689836291837595,0.016263466625771574,0.090557067821953,0.5037656711267876,0.3847946938619024,3.0671318483303303e-06,0.0009523444389065675,0.002249741210750297,0.009931372924893609,0.06159720891001802,0.263166046850439,0.6290012651918875,0.033102020473105086,0.0,0.0,0.0,0.0,0.0,1.0,0.0,0.0,0.0,0.0,0.0,0.0,0.10638960242303416,0.8936103975769658,0.0,0.0,0.0
tip_middle_root_1_2_2,39,舌尖,153963,204.19932556152344,13.08621597290039,149.16650390625,18.678298950195312,156.48809814453125,24.872718811035156,145.81549072265625,63.32095718383789,71.55512237548828,17.075576782226562,204.19932556152344,13.08621597290039,171.34849548339844,16.321781158447266,149.84536743164062,3.4084067344665527,132.5659942626953,5.281040668487549,0.0,0.0,0.0,5.845560296954463e-05,0.009638679422978249,0.11341685989490982,0.8456252476244293,0.03126075745471314,0.0,0.0,0.004085397140871508,0.11331293882296396,0.5741444372998707,0.30257269603735965,0.005780609626988302,0.00010392107194585712,0.0,2.598026798646428e-05,0.029260276819755397,0.08987224203217656,0.3689717659437657,0.47458805037573965,0.03693095094275897,0.00035073361781726777,0.16561771334671316,0.0,0.0,0.0,0.0,0.0,0.0,0.8343822866532868,0.0005715658957022141,0.34276417061241987,0.573884634620006,0.07316043464988341,0.0096191942219884,0.0,0.0,0.0,0.0,0.0,0.0,5.845560296954463e-05,0.009638679422978249,0.11341685989490982,0.8456252476244293,0.03126075745471314,0.0,0.0,0.0,0.012704351045381033,0.2047115215993453,0.6869637510310919,0.09515273150042543,0.00046764482375635704,0.0,0.0,0.0,0.0,0.9943622818469372,0.005637718153062749,0.0,0.0,0.0,0.0,0.0,0.04825185271786078,0.9517481472821392,0.0,0.0,0.0
tip_middle_root_1_2_2,39,舌中,370172,211.32493591308594,10.329702377319336,174.62380981445312,16.233518600463867,178.3225555419922,15.547930717468262,127.85379791259766,76.13365173339844,46.158660888671875,11.91331672668457,211.3251495361328,10.330327987670898,190.3753662109375,13.19975471496582,141.94735717773438,4.63113260269165,131.23287963867188,2.6016294956207275,0.0,0.0,0.0,0.0,0.0001593853668024594,0.026638967831170375,0.872213457527852,0.10098818927417524,0.0,5.402893789913878e-06,0.0003592924370292729,0.0016424797121338188,0.1652015819673017,0.686078363571529,0.1430227029597052,0.0036901764585111786,0.0,2.701446894956939e-06,0.0003592924370292729,0.0015614363052851108,0.09882973320510466,0.7188415115135667,0.1739407626724874,0.006464562419631955,0.2758420409971581,0.0,0.0,0.0,0.0,2.4313022054612452e-05,0.00045384307835276573,0.7236798029024345,0.11280161654582194,0.8195676604389311,0.0668256918405498,0.0007131819802686319,9.184919442853593e-05,0.0,0.0,0.0,0.0,0.0,0.0,0.0,0.0001593853668024594,0.026638967831170375,0.872213457527852,0.10098818927417524,0.0,0.0,5.402893789913878e-06,0.0004916633348821628,0.007904433614644003,0.5399543995764131,0.4410625330927245,0.01058156748754633,0.0,0.0,0.0,0.0,0.9998054958235632,0.00019450417643689962,0.0,0.0,0.0,0.0,0.0,0.05120592589390878,0.9487940741060912,0.0,0.0,0.0
tip_middle_root_1_2_2,39,舌左邊,100824,207.31936645507812,11.475968360900879,156.8865509033203,21.117717742919922,166.8274688720703,19.617136001586914,173.6859130859375,8.007076263427734,62.79623031616211,16.470169067382812,207.31936645507812,11.475968360900879,177.5966796875,17.054750442504883,148.3310546875,4.846218585968018,130.3183135986328,1.6508491039276123,0.0,0.0,0.0,0.0,0.0,0.10268388478933588,0.8243672141553599,0.0729489010553043,0.0,0.0,0.0,0.0896810283265889,0.44714552090772036,0.4171328255177339,0.04536618265492343,0.0006744425930334048,0.0,0.0,0.0,0.015492343092914385,0.32857256208839164,0.5598766166785686,0.09440212647782274,0.0016563516623026263,0.0020630008728080617,0.0,0.0,0.0,0.0,0.0,4.9591367134809174e-05,0.9978874077600571,0.010850591129096247,0.5319864318019519,0.43449972228834405,0.02266325478060779,0.0,0.0,0.0,0.0,0.0,0.0,0.0,0.0,0.0,0.10268388478933588,0.8243672141553599,0.0729489010553043,0.0,0.0,0.0,0.0,0.17656510354677457,0.6018209950011902,0.21921367928271046,0.002400222169324764,0.0,0.0,0.0,0.0,0.992472030468936,0.007527969531064032,0.0,0.0,0.0,0.0,0.0,0.02366500039673094,0.9763349996032691,0.0,0.0,0.0
tip_middle_root_1_2_2,39,舌右邊,107961,203.3538055419922,18.953285217285156,155.24887084960938,27.806241989135742,161.29127502441406,27.666919708251953,152.88279724121094,58.465938568115234,62.28554916381836,18.605594635009766,203.3538055419922,18.953285217285156,175.0543212890625,23.84772300720215,146.97206115722656,4.954604625701904,132.0601348876953,2.619699478149414,0.0,0.0,0.0,0.0,0.024110558442400495,0.22044071470253146,0.6413612322968479,0.11408749455822009,0.0,0.0,0.009003251174035068,0.16586545141301026,0.36419633015626013,0.3716156760311594,0.08697585239114125,0.0023434388343939014,0.0,0.0,0.0049277053750891526,0.13019516306814496,0.3093246635359065,0.42649660525560157,0.12399848093292948,0.0050573818323283405,0.13023221348449904,0.0,0.0,0.0,0.0,0.0,0.0,0.869767786515501,0.03151137910912274,0.4810811311492113,0.458146923426052,0.02925130371152546,9.262604088513445e-06,0.0,0.0,0.0,0.0,0.0,0.0,0.0,0.024110558442400495,0.22044071470253146,0.6413612322968479,0.11408749455822009,0.0,0.0,4.6313020442567224e-05,0.027797074869628846,0.24620927927677588,0.4396865534776447,0.27690554922610944,0.00935523012939858,0.0,0.0,0.0,0.0,0.9996017080241939,0.00039829197580607814,0.0,0.0,0.0,0.0,0.0,0.010929872824445864,0.9890701271755541,0.0,0.0,0.0
tip_middle_root_1_2_2,39,舌根,636097,200.13076782226562,21.435136795043945,166.5238800048828,27.151710510253906,164.54486083984375,27.057769775390625,92.39229583740234,83.16380310058594,50.68477249145508,17.47222900390625,200.1309356689453,21.435367584228516,181.5618896484375,23.677576065063477,140.08245849609375,7.051437854766846,133.8026885986328,3.898367404937744,0.0,0.0,1.10046109319805e-05,0.0045291834421479745,0.06073444773360038,0.19489794795447865,0.6782739110544461,0.061553505204394926,0.0,0.00010847402204380778,0.006568180639116361,0.09373727591860989,0.25159055930149016,0.4736227336396807,0.17016587092849048,0.004206905550568545,0.0,0.0002876919715074902,0.017137323395645634,0.08804946415405197,0.24981724485416532,0.5172670205959154,0.12551702020289357,0.0019242348258205902,0.49295940713444647,0.007965766227477885,6.288349103988857e-06,3.1441745519944286e-06,0.0,1.5720872759972143e-06,3.458592007193872e-05,0.4990292361070717,0.11440393524886927,0.6680474833240843,0.20843361940081465,0.009004915916912043,0.000110046109319805,0.0,0.0,0.0,0.0,0.0,1.10046109319805e-05,0.0045291834421479745,0.06073444773360038,0.19489794795447865,0.6782660506180661,0.06156136564077491,0.0,9.432523655983285e-06,0.0006445557831588579,0.02630888056381338,0.16465884920067222,0.40469771119813486,0.3939650713649019,0.009715499365662784,0.0,0.0,0.0,0.01981773220122088,0.9776056167534197,0.002576651045359434,0.0,0.0,0.0,0.0,0.0,0.00942937948143129,0.9905706205185687,0.0,0.0,0.0
tip_middle_root_1_2_2,4,舌尖,101257,144.37225341796875,9.980592727661133,92.16426849365234,13.779471397399902,103.35954284667969,14.043540954589844,172.58042907714844,12.464764595031738,93.00462341308594,15.562012672424316,144.37225341796875,9.980592727661133,115.13778686523438,12.408662796020508,151.0126953125,3.122941493988037,130.61000061035156,2.031670570373535,0.0,0.0,0.0,0.05907739711822393,0.8812822817187947,0.059590941860809626,4.937930217170171e-05,0.0,0.0,0.023899582251103627,0.5709136158487809,0.4014734783768036,0.0036836959420089477,2.9627581303021025e-05,0.0,0.0,0.0,0.0004937930217170171,0.2819459395399824,0.672220192184244,0.045221564928844424,0.0001185103252120841,0.0,0.0,0.005293461192806423,0.0,0.0,0.0,0.0,0.0,0.0,0.9947065388071936,0.0,0.017213624737055216,0.5530778119043621,0.4087223599356094,0.020966451702104545,1.9751720868680684e-05,0.0,0.0,0.0,0.0,0.0,0.05907739711822393,0.8812822817187947,0.059590941860809626,4.937930217170171e-05,0.0,0.0,0.0,0.061072320925960676,0.7799954571042002,0.1587050771798493,0.00022714478998982787,0.0,0.0,0.0,0.0,0.0,0.0,0.9983803588887682,0.001619641111231816,0.0,0.0,0.0,0.0,0.0,0.04420435130410737,0.9557956486958926,0.0,0.0,0.0
tip_middle_root_1_2_2,4,舌中,273884,156.47756958007812,11.29245376586914,115.97725677490234,14.485300064086914,128.31105041503906,14.379928588867188,170.83628845214844,2.397360324859619,66.47345733642578,14.726523399353027,156.47756958007812,11.29245376586914,135.5773468017578,13.047624588012695,145.907958984375,3.6081066131591797,127.62410736083984,1.644231915473938,0.0,0.0,0.0,0.007167267894437061,0.5892896262651341,0.40017671715032643,0.0033408304245593026,2.555826554307663e-05,0.0,0.0031436666617984258,0.07502446291130552,0.713407866103898,0.20684304304011916,0.0015517518365439384,2.920944633494472e-05,0.0,0.0,3.65118079186809e-06,0.02554000963911729,0.4166106818945247,0.5501234099107651,0.007353478114822333,0.0003687692599786771,0.0,4.016298871054899e-05,0.0,0.0,0.0,0.0,0.0,0.0,0.9999598370112894,7.66747966292299e-05,0.4820142834192578,0.46811423814461595,0.04631522834484672,0.00347957529465029,0.0,0.0,0.0,0.0,0.0,0.0,0.007167267894437061,0.5892896262651341,0.40017671715032643,0.0033408304245593026,2.555826554307663e-05,0.0,0.0,0.006382264024185421,0.23752026405339488,0.7384221057089863,0.01734310876137343,0.0003322574520599962,0.0,0.0,0.0,0.0,0.0,0.9996312307400214,0.0003687692599786771,0.0,0.0,0.0,0.0,0.0,0.48764075301952653,0.5123592469804735,0.0,0.0,0.0
tip_middle_root_1_2_2,4,舌左邊,120345,148.21534729003906,17.028905868530273,94.00096130371094,20.159475326538086,107.12593078613281,21.308792114257812,172.56112670898438,3.8707809448242188,94.95521545410156,19.2662410736084,148.21534729003906,17.028905868530273,117.72150421142578,19.23758316040039,152.0423583984375,3.6685001850128174,130.00938415527344,2.337808847427368,0.003099422493664049,0.0014375337571149612,0.001977647596493415,0.07335576883127674,0.6969878266650048,0.21954381154181726,0.003365324691511903,0.00023266442311687232,0.004187959616103702,0.043649507665461794,0.4924591798579085,0.40915700693838547,0.049590759898624784,0.0008226349245917986,0.0001246416552411816,8.30944368274544e-06,0.004005151855083302,0.008774772528979185,0.2871577547883169,0.5260708795546138,0.16971207777639288,0.00395529519298683,0.00029913997257883585,2.4928331048236322e-05,0.0003905438530890357,0.0,0.0,0.0,0.0,0.0,0.0,0.999609456146911,8.30944368274544e-06,0.04682371515227055,0.4499397565333001,0.4617142382317504,0.040633179608625204,0.0007312310440815988,0.00013295109892392704,1.661888736549088e-05,0.003099422493664049,0.0014375337571149612,0.001977647596493415,0.07335576883127674,0.6969878266650048,0.21954381154181726,0.003365324691511903,0.00023266442311687232,0.0038971290872076114,0.0019693381528106692,0.09950558810087665,0.5958618970459928,0.28964227844945784,0.008749844197930949,0.00035730607835805393,1.661888736549088e-05,0.0,0.0,0.0,0.0,0.9838381320370602,0.01616186796293988,0.0,0.0,0.0,0.0,0.0,0.13656570692592132,0.8634342930740787,0.0,0.0,0.0
tip_middle_root_1_2_2,4,舌右邊,64185,140.03359985351562,17.72400665283203,83.86994171142578,22.7802677154541,95.83781433105469,24.504783630371094,172.02684020996094,15.655333518981934,104.74571990966797,22.32585334777832,140.03359985351562,17.72400665283203,108.04646301269531,21.26475715637207,153.0445098876953,3.652733564376831,131.36376953125,2.9367806911468506,0.0,0.0,0.0033652722598738025,0.25046350393394096,0.571831424787723,0.17267274285269144,0.0015891563449404067,7.789982083041208e-05,0.0002648593908234011,0.1594297733115214,0.5582145361065669,0.2251772220923892,0.056041131105398455,0.0008413180649684506,3.1159928332164834e-05,0.0,0.0,0.023806185245773933,0.5851367141855573,0.24371737945002728,0.14361610968294772,0.003427592116538132,0.0002960193191555659,0.0,0.00817948118719327,0.0,0.0,0.0,0.0,0.0,0.0,0.9918205188128068,0.0,0.039448469268520685,0.2837890472851912,0.5206356625379761,0.15545688244917036,0.0006699384591415439,0.0,0.0,0.0,0.0,0.0033652722598738025,0.25046350393394096,0.571831424787723,0.17267274285269144,0.0015891563449404067,7.789982083041208e-05,0.0,0.004191010360676171,0.35310430786009195,0.43273350471293914,0.20213445509075328,0.007525122692217808,0.00031159928332164834,0.0,0.0,0.0,0.0,0.0,0.981459842642362,0.018540157357638077,0.0,0.0,0.0,0.0,0.0,0.11354677884240866,0.8864532211575913,0.0,0.0,0.0
tip_middle_root_1_2_2,4,舌根,503058,120.9246826171875,39.30671691894531,80.90010833740234,33.266387939453125,89.00725555419922,35.54460525512695,169.39187622070312,27.172122955322266,88.91644287109375,28.960176467895508,120.92759704589844,39.29817581176758,98.7051773071289,37.02772521972656,145.90895080566406,6.813196182250977,130.36553955078125,2.4282352924346924,0.04988887961229123,0.05658790835251601,0.09950343697943378,0.23644987257930497,0.4596646907513647,0.09773624512481661,0.00016896660027273196,0.0,0.0936512290829288,0.19039752871438284,0.33128585570649904,0.33351422698774297,0.05111537834603565,3.578116241069618e-05,0.0,0.0,0.0848709293958152,0.1389183752171718,0.2959161766635259,0.3440219616823507,0.13584715877692036,0.0004253982642160546,0.0,0.0,0.024999105470939732,0.0,0.0,0.0,0.0,4.572037419144512e-05,0.002987727061293131,0.9719674470935757,7.355016717754215e-05,0.25583928692119,0.3250639091317502,0.30891070214567706,0.10469170552898473,0.005373137888672877,4.770821654759491e-05,0.0,0.04988887961229123,0.05658790835251601,0.09950343697943378,0.23644987257930497,0.4596646907513647,0.09773624512481661,0.00016896660027273196,0.0,0.07136751627048968,0.10050133384222097,0.21865470780705207,0.36429795371507856,0.2431508891618859,0.0020275992032727837,0.0,0.0,0.0,0.0,0.0,0.0,0.9985826684000652,0.0014173315999347989,0.0,0.0,0.0,0.0,0.0,0.08243184682481941,0.9175681531751806,0.0,0.0,0.0
tip_middle_root_1_2_2,40,舌尖,159037,190.5139617919922,13.337875366210938,139.38192749023438,20.773889541625977,155.57984924316406,20.06914710998535,168.40187072753906,17.035982131958008,69.42311096191406,17.388172149658203,190.5139617919922,13.337875366210938,161.60302734375,17.451812744140625,149.99781799316406,4.655959129333496,127.29545593261719,2.7101502418518066,0.0,0.0,0.0,0.0,0.01065789721888617,0.49796588215320964,0.49096122286008914,0.00041499776781503677,0.0,0.0,0.004810201399674289,0.3107201468840584,0.4945264309563183,0.1888365600457755,0.0011066607141734313,0.0,0.0,0.0,0.0036909649955670695,0.07612693901419167,0.4788256820739828,0.4172991190729201,0.024057294843338344,0.0,0.010425246955111074,0.0,0.0,0.0,0.0,0.0,6.2878449668944965e-06,0.989568465199922,0.005005124593648019,0.3911605475455397,0.5280469324748329,0.0752969434785616,0.0004904519074177707,0.0,0.0,0.0,0.0,0.0,0.0,0.0,0.01065789721888617,0.49796588215320964,0.49096122286008914,0.00041499776781503677,0.0,0.0,0.0,0.01422310531511535,0.4445569270044078,0.5029647189018908,0.03825524877858612,0.0,0.0,0.0,0.0,0.0,0.9874809006709131,0.012519099329086942,0.0,0.0,0.0,0.0,0.0,0.529172456723907,0.470827543276093,0.0,0.0,0.0
tip_middle_root_1_2_2,40,舌中,285120,205.378173828125,10.971841812133789,169.00457763671875,20.162229537963867,181.95249938964844,18.372682571411133,169.04446411132812,3.31783127784729,45.85028076171875,15.949337005615234,205.378173828125,10.971841812133789,185.650634765625,16.390981674194336,143.46710205078125,4.679110050201416,126.5398178100586,1.9385138750076294,0.0,0.0,0.0,0.0,0.0002665544332210999,0.11676837822671156,0.8706299102132435,0.012335157126823794,0.0,0.0,0.001802749719416386,0.0420314253647587,0.22684834455667788,0.629499859708193,0.09981762065095398,0.0,0.0,0.0,1.7536475869809205e-05,0.010820005611672278,0.10992915263748597,0.5287878787878788,0.35043139730639733,1.4029180695847363e-05,3.507295173961841e-05,0.0,0.0,0.0,0.0,0.0,0.0008171997755331089,0.9991477272727273,0.1584841470258137,0.7126929012345679,0.11625631313131313,0.012496492704826037,7.014590347923682e-05,0.0,0.0,0.0,0.0,0.0,0.0,0.0,0.0002665544332210999,0.11676837822671156,0.8706299102132435,0.012335157126823794,0.0,0.0,0.0,0.0022797418630751964,0.07669753086419753,0.5000491021324355,0.42094907407407406,2.4551066217732885e-05,0.0,0.0,0.0,0.0,0.994574214365881,0.005425785634118967,0.0,0.0,0.0,0.0,0.0,0.6917438271604939,0.3082561728395062,0.0,0.0,0.0
tip_middle_root_1_2_2,40,舌左邊,121044,203.40989685058594,10.374829292297363,154.93495178222656,21.542949676513672,166.86717224121094,20.345399856567383,172.27427673339844,4.979938983917236,61.5356559753418,18.723758697509766,203.40989685058594,10.374829292297363,175.4238739013672,17.114532470703125,147.9801788330078,5.492353916168213,129.0481414794922,2.1444685459136963,0.0,0.0,0.0,0.0,0.0,0.1431876012028684,0.851268960047586,0.0055434387495456195,0.0,0.0,0.00020653646607845082,0.12657380787151779,0.41469217805095665,0.44075708007005715,0.01777039754138991,0.0,0.0,0.0,0.0,0.027279336439641783,0.3351178084002511,0.527535441657579,0.10991044578830839,0.00015696771421962262,0.0006691781500941807,0.0,0.0,0.0,0.0,0.0,8.261458643138032e-05,0.9992482072634744,0.02259508938898252,0.534888139849972,0.4106027560226034,0.03191401473844222,0.0,0.0,0.0,0.0,0.0,0.0,0.0,0.0,0.0,0.1431876012028684,0.851268960047586,0.0055434387495456195,0.0,0.0,0.0,0.00019001354879217473,0.20605730147714882,0.5902481742176399,0.20338885033541523,0.00011566042100393245,0.0,0.0,0.0,0.0,0.9916063580185718,0.008393641981428241,0.0,0.0,0.0,0.0,0.0,0.22215888437262482,0.7778411156273751,0.0,0.0,0.0
tip_middle_root_1_2_2,40,舌右邊,92264,202.6627655029297,14.70738697052002,153.87037658691406,27.840044021606445,165.84666442871094,26.9329776763916,170.8986358642578,15.059830665588379,62.869354248046875,22.931623458862305,202.6627655029297,14.70738697052002,174.4734649658203,22.604278564453125,148.20335388183594,6.3799028396606445,129.15225219726562,2.646104335784912,0.0,0.0,0.0,0.0,0.006633139686118096,0.20394736842105263,0.7481466227347611,0.04127286915806815,0.0,0.0,0.006091216509147663,0.20583326107690975,0.31868334344923266,0.3975331656984306,0.07185901326627937,0.0,0.0,0.0,0.001983438827711784,0.10976112026359143,0.27409390444810544,0.41471213040839333,0.19918928292725224,0.0002601231249458077,0.007706147576519553,0.0,0.0,0.0,0.0,0.0,0.0,0.9922938524234804,0.06132402670597416,0.48968178271048296,0.34235454781930114,0.10655293505592647,8.670770831526923e-05,0.0,0.0,0.0,0.0,0.0,0.0,0.0,0.006633139686118096,0.20394736842105263,0.7481466227347611,0.04127286915806815,0.0,0.0,0.0,0.016203502991415937,0.25656810890488163,0.44870155206797885,0.2783100667649354,0.00021676927078817306,0.0,0.0,0.0,0.0,0.9725678487817567,0.0274321512182433,0.0,0.0,0.0,0.0,0.0,0.2574893783057314,0.7425106216942686,0.0,0.0,0.0
tip_middle_root_1_2_2,40,舌根,470281,199.20628356933594,18.547666549682617,161.7830352783203,25.717021942138672,169.66513061523438,25.229318618774414,168.3845977783203,28.642162322998047,49.3217887878418,19.334415435791016,199.2067413330078,18.543102264404297,178.64755249023438,22.66498374938965,143.1431121826172,5.030670166015625,129.33883666992188,2.3598101139068604,0.002309257656592548,0.0008930830716103776,0.000737856728211431,0.0027728102985236486,0.020026324686729848,0.2131385278163481,0.7512763645565098,0.008845775185474216,0.003427737884371259,0.003327797635881526,0.009292316721279406,0.0755739653526296,0.3019471337349372,0.5291878685296663,0.07723892736470322,4.252776531477989e-06,0.0031980879516714474,0.002190179913711164,0.0062600870543355995,0.04259793612754927,0.22540778810966208,0.5411317914183222,0.17919499193035654,1.913749439165095e-05,0.028321365311377664,0.0,0.0,0.0,0.0,3.61486005175629e-05,0.0009441163899881135,0.9706983696981166,0.13551685056381185,0.6794788647638327,0.15665740270178893,0.023056427965407914,0.0043867389922195455,0.0007038345159596071,0.00017861661432207554,2.1263882657389943e-05,0.002309257656592548,0.0008930830716103776,0.000737856728211431,0.0027728102985236486,0.020026324686729848,0.2131385278163481,0.7512763645565098,0.008845775185474216,0.00300246023122346,0.0009781386022399373,0.0032980282001611803,0.015350396890369801,0.13827052336794385,0.5319394149455325,0.3071333947150746,2.7643047454606928e-05,0.0,0.0,0.0,0.0,0.9960023900604107,0.003997609939589309,0.0,0.0,0.0,0.0,0.0,0.181423446832851,0.8185765531671491,0.0,0.0,0.0
tip_middle_root_1_2_2,41,舌尖,256749,180.0128173828125,14.853008270263672,161.01979064941406,17.326047897338867,184.68057250976562,16.181026458740234,143.1905059814453,13.842110633850098,36.05382537841797,10.199650764465332,187.0203857421875,14.56124496459961,174.8554229736328,15.281571388244629,139.35557556152344,3.7155776023864746,118.3779067993164,2.8060693740844727,0.0,0.0,0.0,0.001032136444543114,0.0992603671289859,0.6467211167326844,0.2529863796937865,0.0,0.0,0.0,0.0,0.01977028148113527,0.4497583242777966,0.5017741062282618,0.02869728801280628,0.0,0.0,0.0,0.0,7.789709015419729e-06,0.059684750476145965,0.5842009121749258,0.35549505548220245,0.0006114921577104487,0.003618319837662464,0.0,0.0,0.0,0.005145102804684731,0.18737755551141388,0.6831730600703411,0.12068596177589787,0.3977230680547928,0.585244733182992,0.01659208020284402,0.0004401185593712147,0.0,0.0,0.0,0.0,0.0,0.0,0.0,0.0,0.02815979809074232,0.5781989413785448,0.3930297683730024,0.0006114921577104487,0.0,0.0,0.0,9.737136269274662e-05,0.17766768322369317,0.6651476734086598,0.15708727200495426,0.0,0.0,0.0,0.0,9.737136269274662e-05,0.9999026286373073,0.0,0.0,0.0,0.0,0.0,0.0,0.9928062037242599,0.00719379627574012,0.0,0.0,0.0
tip_middle_root_1_2_2,41,舌中,463437,204.65318298339844,6.77756929397583,192.54037475585938,10.748873710632324,214.1925811767578,11.000508308410645,136.8377685546875,9.534303665161133,26.541189193725586,4.828813552856445,214.75827026367188,9.90318489074707,202.7881622314453,8.80115032196045,136.26834106445312,2.600370407104492,118.76188659667969,1.7541755437850952,0.0,0.0,0.0,0.0,3.884023071097042e-05,0.02891655176431748,0.9690831763540675,0.0019614316509040065,0.0,0.0,0.0,0.0,0.008337702859288318,0.4324363397829694,0.5567121313145045,0.002513826043237808,0.0,0.0,0.0,0.0,0.0002869861491421703,0.028782768747424137,0.7807749489143077,0.19015529618912602,0.0,0.0,0.0,0.0,0.0020973724583924027,0.4227608067547477,0.5449866972209815,0.030155123565878426,0.9167783323299608,0.08292820814911196,0.00029345952092733207,0.0,0.0,0.0,0.0,0.0,0.0,0.0,0.0,0.0,0.0,0.009483489665261946,0.800361214145612,0.19015529618912602,0.0,0.0,0.0,0.0,0.00032366858925808687,0.09092498009438175,0.9005366425209899,0.008214708795370245,0.0,0.0,0.0,8.84694143972104e-05,0.9999115305856028,0.0,0.0,0.0,0.0,0.0,0.0,0.9999417396539335,5.826034606645564e-05,0.0,0.0,0.0
tip_middle_root_1_2_2,41,舌左邊,217898,201.73182678222656,7.507137775421143,178.82737731933594,16.5825252532959,201.25091552734375,17.23541259765625,148.46524047851562,10.94394302368164,34.03412628173828,10.85912799835205,205.99392700195312,11.195241928100586,192.4173126220703,13.31275749206543,140.27366638183594,3.8959362506866455,119.72019958496094,2.1959187984466553,0.0,0.0,0.0,0.0,0.0,0.0978347667257157,0.9016282847938026,0.0005369484804816933,0.0,0.0,0.0,0.00014226840081138883,0.1401481427089739,0.6513689891600657,0.20787249079844697,0.000468108931701989,0.0,0.0,0.0,0.0,0.022147977494056854,0.21075916254394259,0.7071382022781302,0.059954657683870434,0.0,0.0,0.0,0.0,0.0,0.09612295661272706,0.6624934602428659,0.24138358314440703,0.6050858658638445,0.36383996181699696,0.031074172319158506,0.0,0.0,0.0,0.0,0.0,0.0,0.0,0.0,0.0,0.0,0.09535654296964635,0.8446887993464832,0.059954657683870434,0.0,0.0,0.0,0.0,0.020234238037981075,0.3625870820292063,0.6150217074043819,0.0021569725284307337,0.0,0.0,0.0,0.0,1.0,0.0,0.0,0.0,0.0,0.0,0.0,0.997228060835804,0.002771939164196092,0.0,0.0,0.0
tip_middle_root_1_2_2,41,舌右邊,92506,191.9075927734375,18.4146671295166,162.62478637695312,22.074434280395508,183.6164093017578,23.031238555908203,156.1716766357422,9.565266609191895,41.011512756347656,11.736684799194336,193.3595733642578,19.986717224121094,178.42152404785156,19.805320739746094,142.43031311035156,3.804490089416504,121.3077392578125,2.044330596923828,0.0,0.0,0.0,4.3240438458045966e-05,0.08110825243767972,0.2929864008821049,0.6226298834670183,0.0032322227747389356,0.0,0.0,7.567076730158044e-05,0.05037511080362355,0.4663156984411822,0.36581410935506886,0.11654379175404839,0.0008756188787754308,0.0,0.0,0.0,0.0034051845285711195,0.14058547553672193,0.4930274792986401,0.3316865933020561,0.031295267334010765,0.00019458197306120685,0.0,0.0,0.0,0.0,0.02754415929777528,0.42725877240395216,0.5450024863252113,0.29895358138931527,0.6939549867035651,0.007091431907119538,0.0,0.0,0.0,0.0,0.0,0.0,0.0,0.0,1.0810109614511491e-05,0.08011372235314466,0.29398093096664,0.5944803580308304,0.031414178539770396,0.0,0.0,0.0,0.004551056147709338,0.1611571141331373,0.5337383521068904,0.2986400882104945,0.001913389401768534,0.0,0.0,0.0,0.0,1.0,0.0,0.0,0.0,0.0,0.0,0.0,0.9973190928156012,0.0026809071843988497,0.0,0.0,0.0
tip_middle_root_1_2_2,41,舌根,836885,166.5663299560547,45.876956939697266,149.22967529296875,47.33754348754883,163.1324920654297,50.07709503173828,151.7571258544922,19.640159606933594,33.300601959228516,19.389572143554688,168.7392120361328,47.371952056884766,161.0789794921875,47.2882080078125,137.0821533203125,3.977638006210327,123.19866943359375,2.9669854640960693,0.005893282828584572,0.02477401315592943,0.10057176314547399,0.07305065809519827,0.10243820835598678,0.26453455373199425,0.42870645309690103,3.1067589931711045e-05,0.013325606266093908,0.06662564151585941,0.09777806986623012,0.08230999480215322,0.1905841304360814,0.3859299664828501,0.1633605573047671,8.603332596473828e-05,0.009040668670127915,0.03882373324889322,0.10841274488131583,0.06848372237523674,0.12437670647699504,0.27575592823386724,0.35225269899687534,0.02285379711668867,0.009387191788597,0.0003656416353501377,0.00014458378391296294,0.00030828608470697885,0.0021221553737968777,0.1019554658047402,0.4556109859777628,0.4301056895511331,0.5777806986623013,0.35737407170638735,0.04920269810069484,0.011886937870794673,0.0023671113713353686,0.0011745938808796908,0.00020313424186118762,1.0754165745592285e-05,0.005893282828584572,0.024710683068760942,0.10031127335296965,0.07138137259002134,0.09837791333337316,0.2577295566296445,0.41874212107995723,0.02285379711668867,0.010147152834618854,0.03821313561600459,0.098229744827545,0.07046009905781558,0.1292567079108838,0.3243193509263519,0.32898307413802375,0.0003907346887565197,0.0,0.0,0.0,0.002134104446847536,0.9978658955531524,0.0,0.0,0.0,0.0,0.0,0.0,0.9401602370696093,0.05983976293039067,0.0,0.0,0.0
tip_middle_root_1_2_2,42,舌尖,131922,199.0222930908203,18.002389907836914,147.6173858642578,18.916244506835938,167.20950317382812,19.36540985107422,165.66969299316406,20.93218994140625,66.21615600585938,13.050620079040527,199.0222930908203,18.002389907836914,169.71022033691406,17.123699188232422,150.38160705566406,4.361704349517822,125.39107513427734,2.818495035171509,0.0,0.0,0.0,0.0,0.005654856657721987,0.33908673306954107,0.5703218568548082,0.08493655341792877,0.0,0.0,0.0005760979973014357,0.13273752672033473,0.6060929943451433,0.24833613802095178,0.012257242916268705,0.0,0.0,0.0,0.0,0.01945846788253665,0.3382150058367823,0.5237261412046512,0.11839571868225163,0.00020466639377814163,0.015751732084110306,0.0,0.0,0.0,0.0,0.0,0.0,0.9842482679158897,0.0001743454465517503,0.45145616349054746,0.5218159215293886,0.026129076272342747,0.0004244932611694789,0.0,0.0,0.0,0.0,0.0,0.0,0.0,0.005654856657721987,0.33908673306954107,0.5703218568548082,0.08493655341792877,0.0,0.0,0.0,0.0007049620230135989,0.3074771455860281,0.5672063795272965,0.12456603144282227,4.548142083958703e-05,0.0,0.0,0.0,0.0,0.9726959870226346,0.027304012977365413,0.0,0.0,0.0,0.0,0.0,0.818976364821637,0.18102363517836298,0.0,0.0,0.0
tip_middle_root_1_2_2,42,舌中,372455,215.635498046875,15.74820327758789,179.4654541015625,23.33827018737793,193.31082153320312,21.20445442199707,167.0091094970703,15.237895011901855,43.67202377319336,15.213839530944824,215.635498046875,15.74820327758789,195.3424530029297,19.683815002441406,143.37896728515625,4.505399227142334,126.00117492675781,2.21077561378479,0.0,0.0,0.0,0.0,0.0013021707320347423,0.0874145869970869,0.5471989904820717,0.3640842517888067,0.0,0.0,0.0011437623337047429,0.0480836611134231,0.11060396557973447,0.4935683505389913,0.3464203729309581,0.00017988750318830463,0.0,0.0,0.0,0.01850693372353707,0.052954048140043765,0.2931951510920782,0.6262206172557758,0.009123249788565062,0.008019760776469641,0.0,0.0,0.0,0.0,0.0,0.00041615765662965994,0.9915640815669007,0.20676860291847338,0.7057819065390449,0.0776415942865581,0.009807896255923534,0.0,0.0,0.0,0.0,0.0,0.0,0.0,0.0,0.0013021707320347423,0.0874145869970869,0.5471989904820717,0.3640842517888067,0.0,0.0,0.0,0.003109100428239653,0.061752426467626964,0.2587856251090736,0.6662764629284075,0.010076385066652347,0.0,0.0,0.0,0.0,0.9977393242136634,0.0022606757863366045,0.0,0.0,0.0,0.0,0.0,0.7961445006779343,0.20385549932206576,0.0,0.0,0.0
tip_middle_root_1_2_2,42,舌左邊,118153,185.86703491210938,16.075166702270508,140.39942932128906,29.01044273376465,158.05978393554688,27.01296615600586,165.8396453857422,15.72503662109375,63.94657897949219,26.293832778930664,185.8684539794922,16.0776309967041,161.2178955078125,23.596817016601562,148.22340393066406,7.211455821990967,125.69852447509766,3.1221814155578613,0.0,0.0,0.0,0.0,0.027819860689106496,0.6600170964766023,0.2940170795493978,0.018145963284893315,0.0,0.0,0.03167079972577928,0.3569947441029851,0.3251462087293594,0.24439497939112845,0.04159014159606612,0.0002031264546816416,0.0,0.0,0.0002792988751872572,0.14439751847181198,0.3735495501595389,0.36144659890142444,0.11909981126166919,0.0012272223303682512,0.008624410721691367,0.0,0.0,0.0,0.0,0.0,0.009453843744974736,0.9819217455333339,0.07295625163982294,0.49079583252223813,0.25168214095283237,0.18413413116890812,0.0004316437161984884,0.0,0.0,0.0,0.0,0.0,0.0,0.0,0.027819860689106496,0.6600170964766023,0.2939916887425626,0.01817135409172852,0.0,0.0,0.0,0.04865724949853156,0.47344544785151454,0.34881044069977063,0.1285028733929735,0.0005839885572097196,0.0,0.0,0.0,0.0,0.9184785828544345,0.08152141714556549,0.0,0.0,0.0,0.0,0.0,0.7639078144439837,0.23609218555601635,0.0,0.0,0.0
tip_middle_root_1_2_2,42,舌右邊,62908,185.96754455566406,12.53237247467041,118.95021057128906,15.806487083435059,138.90982055664062,17.714208602905273,168.52012634277344,20.222822189331055,92.29961395263672,14.9685697555542,185.96754455566406,12.53237247467041,146.90792846679688,13.701725006103516,156.9998321533203,4.305135726928711,128.30245971679688,3.2138845920562744,0.0,0.0,0.0,0.0,0.0323647230876836,0.6254689387677242,0.34192789470337637,0.00023844344121574362,0.0,0.0,0.06549246518725758,0.6417148852292236,0.2790106186812488,0.013686653525783684,9.537737648629745e-05,0.0,0.0,0.0,0.0014306606472944618,0.24899853754689388,0.6475646976537165,0.09958987728110892,0.002416226870986202,0.0,0.014068163031728875,0.0,0.0,0.0,0.0,0.0,7.948114707191454e-05,0.9858523558211992,0.00015896229414382907,0.03937496025942647,0.5295828829401666,0.42740192026451324,0.003481274241749857,0.0,0.0,0.0,0.0,0.0,0.0,0.0,0.0323647230876836,0.6254689387677242,0.34192789470337637,0.00023844344121574362,0.0,0.0,0.0,0.08493355376104789,0.732689006167737,0.18064475106504738,0.001732689006167737,0.0,0.0,0.0,0.0,0.0,0.6929484326317797,0.30705156736822026,0.0,0.0,0.0,0.0,0.0,0.38053983595091245,0.6194601640490875,0.0,0.0,0.0
tip_middle_root_1_2_2,42,舌根,644821,186.53506469726562,35.895931243896484,149.26072692871094,43.054832458496094,161.15737915039062,42.074798583984375,156.83973693847656,44.95903778076172,55.421173095703125,29.691505432128906,186.5354461669922,35.89521789550781,166.5057373046875,39.747310638427734,144.0897674560547,7.211540699005127,127.37049102783203,3.38411283493042,0.005148715690090739,0.0020393256423100366,0.017426541629382418,0.05614116165571531,0.09376090418891445,0.2979710648381489,0.4302263729003863,0.09728591345505187,0.009799618808940775,0.033356543909084845,0.07427332546551679,0.1834167931875668,0.22114199134333404,0.3014092282974655,0.17646757782392322,0.00013492116416804044,0.0071430676110114276,0.02195493012789596,0.05990344607263101,0.10319608077280361,0.22650316909653997,0.29578906394177606,0.28308786469423297,0.002422377683108956,0.07695624056908816,0.0,0.0,0.0,0.0,0.0,0.005586046360152663,0.9174577130707592,0.21503797177821443,0.47702540705094904,0.19450359091903024,0.08623943699104092,0.020625879119941813,0.006276160360782295,0.0002791472362097388,1.2406543831543948e-05,0.005148715690090739,0.0020393256423100366,0.017426541629382418,0.05614116165571531,0.09376090418891445,0.29795865829431734,0.43023567780825994,0.09728901509100975,0.006322684900150585,0.011353538423841656,0.04613683487355406,0.08599285693238899,0.2365788335057326,0.2907892267776639,0.3162009301806238,0.006625094406044468,0.0,0.0,0.0,0.0,0.9670621769452298,0.03293782305477024,0.0,0.0,0.0,0.0,0.0,0.5226644293532624,0.4773355706467376,0.0,0.0,0.0
tip_middle_root_1_2_2,43,舌尖,109830,202.57794189453125,16.765907287597656,142.2314453125,20.795433044433594,157.8596954345703,21.73269271850586,162.7452850341797,37.6470947265625,76.88221740722656,15.794154167175293,202.57794189453125,16.765907287597656,166.82298278808594,17.928457260131836,153.20327758789062,4.999297142028809,129.1275634765625,3.5085110664367676,0.0,0.0,0.0,0.0,0.0015933715742511153,0.2685969225166166,0.6279796048438496,0.10183010106528272,0.0,0.0,0.002604024401347537,0.24687243922425567,0.5362469270691068,0.1988618774469635,0.015305472093235,0.00010925976509150505,0.0,0.0,0.0009378129837020851,0.06597468815442047,0.5101520531730857,0.34663570973322405,0.0735409268870072,0.0027588090685605024,0.052244377674588,0.0,0.0,0.0,0.0,0.0,0.0002458344714558864,0.9475097878539561,0.0012929072202494765,0.1930711098971137,0.6878721660748429,0.11658016935263589,0.0011836474551579713,0.0,0.0,0.0,0.0,0.0,0.0,0.0,0.0015933715742511153,0.2685969225166166,0.6279796048438496,0.10183010106528272,0.0,0.0,0.0,0.0032595829918965675,0.396476372575799,0.4956387143767641,0.10291359373577347,0.0017117363197669125,0.0,0.0,0.0,0.0,0.888964763725758,0.11103523627424201,0.0,0.0,0.0,0.0,0.0,0.3118364745515797,0.6881635254484203,0.0,0.0,0.0
tip_middle_root_1_2_2,43,舌中,235169,207.7975311279297,17.02120018005371,165.84249877929688,18.166601181030273,185.00047302246094,19.309276580810547,165.8431396484375,3.7276675701141357,51.7568244934082,10.728021621704102,207.79808044433594,17.02173614501953,184.41250610351562,16.56584930419922,146.5067596435547,3.2985894680023193,124.1529312133789,2.1990966796875,0.0,0.0,0.0,0.0,0.011506618644464194,0.14170660248587186,0.7038470206532323,0.1429397582164316,0.0,0.0,0.0006250823875595848,0.0278353014215309,0.2941416598276133,0.6191249697026394,0.05755860678916014,0.0007143798714966684,0.0,0.0,0.00010205426735666691,0.008542792629980993,0.0960713359328823,0.4954862248000374,0.39157797158639107,0.008219620783351547,0.0,0.0,0.0,0.0,0.0,0.0,0.020912620285836993,0.979087379714163,0.02109121525371116,0.84935939685928,0.12867342209219754,0.000807929616573613,6.803617823777794e-05,0.0,0.0,0.0,0.0,0.0,0.0,0.0,0.011506618644464194,0.14170660248587186,0.703825759347533,0.1429610195221309,0.0,0.0,0.0,0.0020410853471333383,0.08915715931946813,0.556552947029583,0.34900008079296163,0.0032487275108538964,0.0,0.0,0.0,0.0,0.9994387015295383,0.000561298470461668,0.0,0.0,0.0,0.0,0.0,0.9122886094680847,0.08771139053191535,0.0,0.0,0.0
tip_middle_root_1_2_2,43,舌左邊,72441,180.73947143554688,19.723661422729492,138.18991088867188,21.245555877685547,153.53260803222656,22.82625389099121,163.88946533203125,27.086301803588867,60.67098617553711,17.397750854492188,180.75010681152344,19.711566925048828,158.01951599121094,19.676389694213867,146.68238830566406,4.953472137451172,126.3160400390625,2.374634265899658,0.0,0.0,4.141301196836046e-05,0.012658577324995514,0.11766817133943486,0.5563424027829544,0.31258541433718473,0.0007040212034621278,0.0,0.0,0.044601813889924215,0.2217252660786019,0.5952568296958904,0.13693902624204526,0.0014770640935381897,0.0,0.0,0.0,0.011429991303267486,0.12717935975483496,0.41618696594469984,0.4208528319598018,0.02435085103739595,0.0,0.02686324043014315,0.0016289118040888448,0.0,1.380433732278682e-05,0.0,0.0016151074667660578,0.008862384561229139,0.9610165514004501,0.03575323366601786,0.5858698803163954,0.34462528126337294,0.033737800416890985,1.380433732278682e-05,0.0,0.0,0.0,0.0,0.0,4.141301196836046e-05,0.012658577324995514,0.11748871495423863,0.5565218591681507,0.31258541433718473,0.0007040212034621278,0.0,0.0,0.0013114120456647479,0.08427547935561354,0.38073742769978325,0.5150260211758535,0.018649659723084994,0.0,0.0,0.0,0.0,0.00024847807181016274,0.9965489156693033,0.003202606258886542,0.0,0.0,0.0,0.0,0.0,0.6979749037147471,0.3020250962852528,0.0,0.0,0.0
tip_middle_root_1_2_2,43,舌右邊,47144,162.42697143554688,10.17076587677002,118.59636688232422,21.020906448364258,132.41693115234375,20.677446365356445,169.84117126464844,3.243159770965576,69.90518188476562,24.29583168029785,162.42697143554688,10.17076587677002,139.33895874023438,17.216140747070312,147.4446563720703,5.723290920257568,127.52112579345703,2.666987895965576,0.0,0.0,0.0,0.0015908705243509247,0.37052435092482605,0.6259120991006278,0.001972679450195147,0.0,0.0,0.00033938571186153065,0.20505260478533854,0.3654759884608858,0.42533514339046324,0.003796877651450874,0.0,0.0,0.0,0.0,0.039050568471067366,0.32470727982351943,0.5781859833701001,0.05805616833531308,0.0,0.0,0.0,0.0,0.0,0.0,0.0,0.0,0.00021211606991345666,0.9997878839300866,0.0023544883760393685,0.5237994230442898,0.2460546410996097,0.22592482606482267,0.0018666214152384185,0.0,0.0,0.0,0.0,0.0,0.0,0.0015908705243509247,0.37052435092482605,0.6259120991006278,0.001972679450195147,0.0,0.0,0.0,0.002460546410996097,0.27469031053792636,0.6271211606991346,0.09572798235194298,0.0,0.0,0.0,0.0,0.0,0.0,0.9928941116578992,0.007105888342100798,0.0,0.0,0.0,0.0,0.0,0.5472594603767181,0.45274053962328187,0.0,0.0,0.0
tip_middle_root_1_2_2,43,舌根,406194,159.07496643066406,35.299407958984375,124.4462661743164,33.795040130615234,140.345947265625,36.80450439453125,165.91136169433594,3.705569267272949,57.69427490234375,18.58374786376953,159.075927734375,35.300086975097656,141.95640563964844,34.25905990600586,144.1323699951172,4.002468109130859,124.75142669677734,2.1468489170074463,0.0,0.001351570924238172,0.06770902573647075,0.13567901052206582,0.21345957842804178,0.3920146530967961,0.18897620348897326,0.0008099578034141321,0.0018340989773359528,0.052199195458327796,0.1573435353550274,0.26696849288763497,0.3677109952387283,0.15191017100203352,0.0020064304248708746,2.7080656041201986e-05,1.9695022575419626e-05,0.02798662707967129,0.11630649394131869,0.19357499126033373,0.3020428662166354,0.316649187334131,0.04316656572967597,0.0002535734156585277,9.847511287709813e-06,0.0,0.0,0.0,0.0,0.0,0.016989418849121356,0.983000733639591,0.016730921677818974,0.7004953298177719,0.23135743019345437,0.04345952919048533,0.007956789120469529,0.0,0.0,0.0,0.0,0.001351570924238172,0.06770902573647075,0.13567901052206582,0.213452192794576,0.3920146530967961,0.1889811272446171,0.0008124196812360596,1.7233144753492175e-05,0.020807791350930836,0.09993254454767919,0.1820583268093571,0.33227472586990453,0.3387666976863272,0.026076209889855585,6.647070119204124e-05,0.0,0.0,0.0,0.0,0.9996233326932451,0.00037666730675490036,0.0,0.0,0.0,0.0,0.0,0.9097081690029887,0.09029183099701128,0.0,0.0,0.0
tip_middle_root_1_2_2,44,舌尖,105367,205.97238159179688,12.937782287597656,145.3814239501953,18.487260818481445,151.14352416992188,19.336580276489258,169.1179656982422,35.90934371948242,75.97089385986328,13.481622695922852,205.97238159179688,12.937782287597656,169.2010955810547,15.791150093078613,151.79823303222656,3.620389223098755,134.32150268554688,2.254542827606201,0.0,0.0,0.0,0.0,1.8981274972239887e-05,0.15520988544800554,0.8168591684303435,0.027911964846678752,0.0,0.0,7.592509988895955e-05,0.19893325234656012,0.5772870063682177,0.2163960253210208,0.0072033938519650365,0.00010439701234731937,0.0,0.0,0.002163865346835347,0.1465734053356364,0.4869266468628698,0.34887583398976907,0.01504266041550011,0.0004175880493892775,0.04436873024761073,0.0,0.0,0.0,0.0,0.0,0.0,0.9556312697523893,0.0020120151470574277,0.18004688374918143,0.7379540083707422,0.07998709273301888,0.0,0.0,0.0,0.0,0.0,0.0,0.0,0.0,1.8981274972239887e-05,0.15520988544800554,0.8168591684303435,0.027911964846678752,0.0,0.0,0.0,0.0010629513984454337,0.2528780358176659,0.6951891958582858,0.05030986931392182,0.0005599476116810767,0.0,0.0,0.0,0.0,0.989000351153587,0.010999648846413013,0.0,0.0,0.0,0.0,0.0,0.0012527641481678323,0.9987472358518321,0.0,0.0,0.0
tip_middle_root_1_2_2,44,舌中,289654,214.83193969726562,4.237367630004883,165.8463897705078,9.63547420501709,173.1470489501953,8.713382720947266,171.22503662109375,26.834928512573242,58.26530838012695,9.117605209350586,214.83193969726562,4.237367630004883,185.45816040039062,7.276820659637451,147.13348388671875,3.092618703842163,131.35614013671875,1.5324994325637817,0.0,0.0,0.0,0.0,0.0,0.0003452394926360416,0.9816090922272781,0.018045668280085896,0.0,0.0,0.0,0.0017848881769283351,0.2444882515000656,0.751859114667845,0.0018677456551609852,0.0,0.0,0.0,0.0,0.000904527470706429,0.05300807169933783,0.9356853349168318,0.010402065913123934,0.0,0.02419783603886016,0.0,0.0,0.0,0.0,0.0,0.0,0.9758021639611398,8.63098731590104e-05,0.7260524625933009,0.27288419976938,0.0009770277641599978,0.0,0.0,0.0,0.0,0.0,0.0,0.0,0.0,0.0,0.0003452394926360416,0.9816090922272781,0.018045668280085896,0.0,0.0,0.0,0.0,0.004097992777589814,0.8058856428704593,0.1899956499823928,2.0714369558162496e-05,0.0,0.0,0.0,0.0,0.9994890455508987,0.0005109544491013416,0.0,0.0,0.0,0.0,0.0,0.001874650445013706,0.9981253495549863,0.0,0.0,0.0
tip_middle_root_1_2_2,44,舌左邊,83169,206.435546875,14.478693008422852,155.18209838867188,19.895648956298828,158.8093719482422,20.36349868774414,154.9456329345703,58.95309829711914,64.22705841064453,13.266138076782227,206.435546875,14.478693008422852,175.71380615234375,17.326740264892578,147.72532653808594,3.193641424179077,133.74172973632812,2.0607657432556152,0.0,0.0,0.0,0.0,0.0012624896295494715,0.16491721675143384,0.827579987735815,0.006240305883201674,0.0,0.0,0.0012264184972766295,0.13330688116966657,0.3149370558741839,0.5491950125647778,0.0013346318940951557,0.0,0.0,0.0,0.0008777308853058231,0.12248554148781397,0.24565643448881194,0.6263511644963868,0.004629128641681396,0.0,0.12710264641873775,0.0,0.0,0.0,0.0,0.0,0.0,0.8728973535812623,0.00037273503348603444,0.5750339669828902,0.4034075196287078,0.021185778354915894,0.0,0.0,0.0,0.0,0.0,0.0,0.0,0.0,0.0012624896295494715,0.16491721675143384,0.827579987735815,0.006240305883201674,0.0,0.0,0.0,0.005530906948502447,0.17882865009799323,0.6862893626230927,0.12935108033041157,0.0,0.0,0.0,0.0,0.0,0.9990381031393909,0.0009618968606091211,0.0,0.0,0.0,0.0,0.0,4.809484303045606e-05,0.9999519051569695,0.0,0.0,0.0
tip_middle_root_1_2_2,44,舌右邊,86047,202.98330688476562,12.943947792053223,149.52769470214844,20.056560516357422,153.73489379882812,21.712881088256836,153.90274047851562,59.492252349853516,68.1798324584961,14.873601913452148,202.98330688476562,12.943947792053223,171.03756713867188,17.02729034423828,148.79534912109375,3.7394320964813232,133.9324951171875,2.5911147594451904,0.0,0.0,0.0,0.0,3.486466698432252e-05,0.21774146687275558,0.7813752948969749,0.0008483735632851813,0.0,0.0,0.0,0.199983729822074,0.35600311457691725,0.4437691029321185,0.00024405266889025766,0.0,0.0,0.0,0.0,0.17177821423175707,0.3248224807372715,0.5023766081327646,0.001022696898206794,0.0,0.13111439097237557,0.0,0.0,0.0,0.0,0.0,0.0,0.8688856090276245,0.0,0.47687891501156343,0.4935907120527154,0.029530372935721177,0.0,0.0,0.0,0.0,0.0,0.0,0.0,0.0,3.486466698432252e-05,0.21774146687275558,0.7813752948969749,0.0008483735632851813,0.0,0.0,0.0,5.81077783072042e-05,0.29524562157890455,0.6429974316361988,0.06169883900658942,0.0,0.0,0.0,0.0,0.0,0.9984543330970284,0.0015456669029716317,0.0,0.0,0.0,0.0,0.0,0.0,1.0,0.0,0.0,0.0
tip_middle_root_1_2_2,44,舌根,483650,187.26583862304688,34.35630798339844,144.8240509033203,34.19035720825195,144.43829345703125,35.57091522216797,83.64749908447266,87.37257385253906,63.61750030517578,20.007600784301758,187.26583862304688,34.35630798339844,162.7433319091797,33.99589538574219,144.07211303710938,3.4873881340026855,134.61221313476562,2.3476593494415283,0.0008043006306213171,0.0024335780006202834,0.0313821978703608,0.05807918949653675,0.07748164995347875,0.16687687377235605,0.6627809366277266,0.00016127364829939005,0.0036514008063682417,0.04334952961852579,0.07009200868396567,0.09782280574795824,0.32675901995244494,0.45779179158482375,0.0005334436059133671,0.0,0.0037092939108859715,0.047395844102139977,0.07509149178124677,0.10362038664323374,0.29332988731520726,0.47619766359971055,0.0006554326475757263,0.0,0.5370867362762328,0.0,0.0,0.0,0.0,0.0,0.0,0.4629132637237672,0.000291533133464282,0.658449291843275,0.25696267962369485,0.07275095627002998,0.009037527137392743,0.0011330507598469968,0.0012633102450118887,0.00011165098728419311,0.0008043006306213171,0.0024335780006202834,0.0313821978703608,0.05807918949653675,0.07748164995347875,0.16687687377235605,0.6627809366277266,0.00016127364829939005,0.0022061408043006305,0.01899307350356663,0.05238292153416727,0.07342706502636204,0.13405561873255453,0.6483407422723043,0.07059443812674454,0.0,0.0,0.0,0.0,0.0,0.9999917295564975,8.270443502532824e-06,0.0,0.0,0.0,0.0,0.0,6.409593714462938e-05,0.9999359040628554,0.0,0.0,0.0
tip_middle_root_1_2_2,45,舌尖,286420,195.14620971679688,17.7004337310791,157.3944091796875,19.42572784423828,173.63063049316406,19.308927536010742,165.67889404296875,9.640820503234863,49.869606018066406,13.28077507019043,195.3105926513672,17.38494110107422,175.2164764404297,17.53856658935547,144.6905059814453,3.872385025024414,125.01750183105469,2.5223746299743652,0.0,0.0,0.0,1.3965505202150688e-05,0.048243837720829554,0.3058969345716081,0.6427414286711822,0.0031038335311779903,0.0,0.0,0.00018155156762795894,0.07794148453320299,0.4163501152154179,0.48640807206200687,0.019118776621744292,0.0,0.0,0.0,0.00019202569652957197,0.011200335172124851,0.23083583548634873,0.563993436212555,0.19376789330354025,1.0474128901613016e-05,0.002244954961245723,0.0,0.0,0.0,0.0,0.004367711751972627,0.06301585084840444,0.9303714824383772,0.0760247189442078,0.7708644647720131,0.1520494378884156,0.0010613783953634522,0.0,0.0,0.0,0.0,0.0,0.0,0.0,1.0474128901613016e-05,0.04188953285385099,0.3120033517212485,0.6429928077648209,0.0031038335311779903,0.0,0.0,0.0,0.0034110746456253054,0.20466447873751833,0.6073318902311291,0.18458208225682565,1.0474128901613016e-05,0.0,0.0,0.0,0.0,0.999993017247399,6.982752601075344e-06,0.0,0.0,0.0,0.0,0.0,0.8471056490468543,0.15289435095314574,0.0,0.0,0.0
tip_middle_root_1_2_2,45,舌中,464041,210.79359436035156,8.057021141052246,189.4908447265625,14.653251647949219,196.32833862304688,12.223984718322754,151.95761108398438,51.88093185424805,26.098787307739258,12.605232238769531,210.79808044433594,8.069241523742676,200.88040161132812,11.491618156433105,136.74948120117188,4.597962379455566,127.31129455566406,1.972102403640747,0.0,0.0,0.0,0.0,0.0,0.014541818503106407,0.9446428225092179,0.04081535898767566,0.0,0.0,0.0,4.3099639902508614e-05,0.030436965699151584,0.48967871373434674,0.4724798024312507,0.007361418495348471,0.0,0.0,0.0,0.0,0.004807764831124836,0.311364728547693,0.6711777623097959,0.012649744311386279,0.10708752028376803,8.619927980501724e-06,0.0,0.0,0.0,0.0004547012009714659,0.010723190407744143,0.8817259681795359,0.7102540508274053,0.282759497544398,0.006977831700216145,8.619927980501724e-06,0.0,0.0,0.0,0.0,0.0,0.0,0.0,0.0,0.0,0.014541818503106407,0.9445803280313593,0.0408778534655343,0.0,0.0,0.0,0.0,0.0005387454987813577,0.20103180537926604,0.7811680433409979,0.0172614057809547,0.0,0.0,0.0,0.0,1.0,0.0,0.0,0.0,0.0,0.0,0.0,0.5148467484554167,0.48515325154458333,0.0,0.0,0.0
tip_middle_root_1_2_2,45,舌左邊,194784,206.7285614013672,11.150915145874023,173.52796936035156,23.547040939331055,185.2197265625,22.2529239654541,168.00692749023438,7.669244289398193,41.79324722290039,19.352176666259766,206.7288055419922,11.151363372802734,189.0485076904297,18.790103912353516,142.10122680664062,5.74216365814209,126.71563720703125,2.0490169525146484,0.0,0.0,0.0,0.0,5.133891900772137e-06,0.10641531131920487,0.8623295547888944,0.03125,0.0,0.0,0.0,0.020402086413668474,0.2945775833744045,0.3952172663052407,0.28964391325776245,0.00015915064892393625,0.0,0.0,0.0,0.0010575817315590602,0.17731949236076885,0.3432468785937243,0.4764149006078528,0.0019611467060949564,0.0014631591917200592,0.0,0.0,0.0,0.0,0.0,0.008789222934121899,0.989747617874158,0.38292159520289143,0.43671964843108263,0.17986590274355183,0.0004928536224741252,0.0,0.0,0.0,0.0,0.0,0.0,0.0,0.0,5.133891900772137e-06,0.10641531131920487,0.8622884836536882,0.031291071135206176,0.0,0.0,0.0,6.160670280926565e-05,0.06814728109084935,0.4248398225726959,0.5052827747658946,0.0016685148677509447,0.0,0.0,0.0,0.0,0.9998613849186792,0.0001386150813208477,0.0,0.0,0.0,0.0,0.0,0.6850562674552325,0.31494373254476754,0.0,0.0,0.0
tip_middle_root_1_2_2,45,舌右邊,206070,204.07508850097656,15.164636611938477,172.62989807128906,27.59161376953125,182.5118865966797,27.000530242919922,167.5191192626953,15.477639198303223,40.59037780761719,21.268474578857422,204.07574462890625,15.165533065795898,187.6010284423828,22.758419036865234,141.23545837402344,5.958224296569824,127.42401885986328,2.4218456745147705,0.0,0.0,0.0,0.0009559858300577474,0.01747949725821323,0.17277624108312709,0.7774348522346776,0.031353423593924394,0.0,4.852719949531713e-06,0.004406269714174795,0.04882806813218809,0.28054544572232737,0.3366186247391663,0.32894162177900715,0.0006551171931867812,0.0,0.0,0.003066919008104042,0.01740185373902072,0.22153151841607222,0.2831028291357306,0.46920949192022127,0.005687387780851167,0.007778910079099336,0.0,0.0,0.0,0.0,9.705439899063425e-06,0.018037560052409377,0.9741738244285922,0.4197748337943417,0.3817392148299122,0.19716115882952395,0.0013247925462221575,0.0,0.0,0.0,0.0,0.0,0.0,0.0,0.0009559858300577474,0.01747949725821323,0.17277624108312709,0.7773911777551318,0.03139709807347018,0.0,0.0,0.0003057213568204979,0.011054496045033241,0.12780123259086718,0.3520599796185762,0.503823943320231,0.004954627068471879,0.0,0.0,0.0,0.0,1.0,0.0,0.0,0.0,0.0,0.0,0.0,0.5856408016693356,0.4143591983306643,0.0,0.0,0.0
tip_middle_root_1_2_2,45,舌根,755935,185.5102081298828,32.310882568359375,166.0966339111328,34.50606155395508,169.6110382080078,33.51278305053711,115.64862060546875,78.15470123291016,29.053852081298828,16.536270141601562,185.5122833251953,32.30817794799805,177.78289794921875,32.872127532958984,135.75177001953125,5.088257312774658,128.81211853027344,2.31023907661438,0.0,0.0018890513073213967,0.03365765575082514,0.04827663754158757,0.06917393691256524,0.2549385859895361,0.5885386971102012,0.003525435387963251,4.497741207908087e-05,0.015022455634413012,0.043420399902107984,0.06511009544471416,0.2128741227751063,0.40904575128813986,0.2541647099287637,0.000317487614675865,2.645730122298875e-06,0.011323724923439185,0.04253540317619901,0.05415544987333567,0.1808488825097396,0.4207464927540066,0.28994688696779486,0.00044051406536276265,0.33184731491464214,3.0425896406437062e-05,0.0,0.0,0.0,0.00013493223623724262,0.012240470410815744,0.6557468565418985,0.7015695793950538,0.23836440963839484,0.05997208754720975,8.069476873011568e-05,1.3228650611494375e-05,0.0,0.0,0.0,0.0,0.0018890513073213967,0.03364839569539709,0.04826737748615952,0.06915806253183145,0.25496901188594256,0.5885426657053847,0.003525435387963251,0.0,0.006106345122265803,0.03629280295263482,0.04729771739633699,0.11033223756010768,0.3684337939108521,0.43012825176767844,0.0014088512901241509,0.0,0.0,0.0,3.439449158988537e-05,0.9999656055084101,0.0,0.0,0.0,0.0,0.0,0.0,0.3082209449225132,0.6917790550774868,0.0,0.0,0.0
tip_middle_root_1_2_2,46,舌尖,122980,189.82669067382812,14.286591529846191,143.04867553710938,18.23932456970215,154.2568817138672,18.9677734375,168.73854064941406,23.791723251342773,63.55490493774414,14.265754699707031,189.8294677734375,14.281264305114746,163.56890869140625,15.972013473510742,147.49526977539062,3.7769815921783447,129.18701171875,3.1212239265441895,0.0,0.0,0.0,0.0,0.024491787282484957,0.4539274678809562,0.5214831679947959,9.757684176288828e-05,0.0,0.0,0.006732802081639291,0.18907139372255652,0.6004960156122947,0.2036184745487071,8.13140348024069e-05,0.0,0.0,0.0,0.003114327532932184,0.07231257114978046,0.5316636851520572,0.3773377785005692,0.015571637664660921,0.0,0.02028785168320052,0.0,0.0,0.0,0.0,0.0,0.007180029273052529,0.9725321190437469,0.0004797528053342007,0.5255651325418768,0.45085379736542525,0.022784192551634413,0.0003171247357293869,0.0,0.0,0.0,0.0,0.0,0.0,0.0,0.024329159212880144,0.45409009595056105,0.5214831679947959,9.757684176288828e-05,0.0,0.0,8.13140348024069e-06,0.013416815742397137,0.3923239551146528,0.563953488372093,0.03029760936737681,0.0,0.0,0.0,0.0,0.0,0.9964791022930558,0.0035208977069442187,0.0,0.0,0.0,0.0,0.0,0.25370791998698977,0.7462920800130103,0.0,0.0,0.0
tip_middle_root_1_2_2,46,舌中,299870,203.20297241210938,7.531379222869873,165.96389770507812,11.471364974975586,179.93972778320312,12.075469970703125,168.31666564941406,4.929136276245117,46.9084358215332,8.985132217407227,203.20298767089844,7.531387805938721,183.08868408203125,9.603876113891602,143.9404296875,2.535162925720215,126.1133041381836,2.281749963760376,0.0,0.0,0.0,0.0,0.0,0.07244806082635809,0.926067962783873,0.0014839763897688998,0.0,0.0,0.0,0.002581118484676693,0.2576716577183446,0.7353553206389435,0.004391903158035148,0.0,0.0,0.0,0.0,0.00038016473805315635,0.060702971287557944,0.7802481075132558,0.15864541301230534,2.334344882782539e-05,0.0003701604028412312,0.0,0.0,0.0,0.0,0.0,0.00626604862106913,0.9933637909760896,0.02012538766798946,0.9317370860706307,0.04806749591489645,7.003034648347618e-05,0.0,0.0,0.0,0.0,0.0,0.0,0.0,0.0,0.0,0.07244806082635809,0.926067962783873,0.0014839763897688998,0.0,0.0,0.0,0.0,0.015590089038583386,0.8002934604995499,0.1841164504618668,0.0,0.0,0.0,0.0,0.0,1.0,0.0,0.0,0.0,0.0,0.0,0.0,0.7232934271517658,0.27670657284823424,0.0,0.0,0.0
tip_middle_root_1_2_2,46,舌左邊,46307,198.21456909179688,10.70328426361084,157.44129943847656,17.629850387573242,167.75582885742188,18.36468505859375,171.3854522705078,10.120101928710938,53.000064849853516,13.021469116210938,198.21856689453125,10.71711540222168,175.6433868408203,14.788662910461426,144.8139190673828,3.4255216121673584,128.62022399902344,2.321500778198242,0.0,0.0,0.0,0.0,0.0001727600578746194,0.25590083572677996,0.7245556827261537,0.019370721489191698,0.0,0.0,0.0004319001446865485,0.023193037769667652,0.5468503681948733,0.3935042218239143,0.03429287148811195,0.001727600578746194,0.0,0.0,0.00015116505064029196,0.008702787915433951,0.32535037899237695,0.5694387457619798,0.09022394022501998,0.006132982054548988,0.003066491027274494,0.0,0.0,0.0,0.0,0.0,0.0051180167145355995,0.9918154922581899,0.05644934891053188,0.7312501349687952,0.20973071025978793,0.0025698058608849632,0.0,0.0,0.0,0.0,0.0,0.0,0.0,0.0,0.0001727600578746194,0.25590083572677996,0.7245340877189194,0.019392316496426025,0.0,0.0,0.0,0.0007342302459671324,0.13129764398471072,0.737037596907595,0.12609324724123783,0.004837281620489343,0.0,0.0,0.0,0.0,1.0,0.0,0.0,0.0,0.0,0.0,0.0,0.2845790053339668,0.7154209946660333,0.0,0.0,0.0
tip_middle_root_1_2_2,46,舌右邊,75814,184.90829467773438,13.35639762878418,146.35824584960938,18.570926666259766,156.8458709716797,19.96979331970215,166.925048828125,26.018146514892578,53.953609466552734,14.360147476196289,184.91055297851562,13.361224174499512,164.510498046875,16.309240341186523,144.259765625,3.432164192199707,128.21775817871094,2.941565752029419,0.0,0.0,0.0,0.00043527580657925976,0.044688316142137335,0.6416229192497428,0.30944152794998286,0.0038119608515577597,0.0,0.0007254596776320997,0.006753370089957,0.12252354446408315,0.651304508402142,0.20761336956234996,0.010644471997256443,0.00043527580657925976,0.0,0.0007518400295459942,0.004313187537921756,0.060912232569182476,0.49641227213971034,0.4033028200596196,0.03276439707705701,0.00154325058696283,0.023755506898462026,0.0,0.0,0.0,0.0,0.0,0.0053420212625636425,0.9709024718389744,0.05446223652623526,0.7119793178040995,0.22636979977312896,0.006252143403593004,0.000844171261244625,9.233123169863086e-05,0.0,0.0,0.0,0.0,0.0,0.00043527580657925976,0.044688316142137335,0.6416097290737859,0.3094283377740259,0.0038383412034716543,0.0,0.0,0.000844171261244625,0.02527237713351096,0.31259398000369326,0.6211649563405176,0.039056111008520855,0.0010684042525127286,0.0,0.0,0.0,0.0,0.9994460126098083,0.0005539873901917852,0.0,0.0,0.0,0.0,0.0,0.43138470467196033,0.5686152953280397,0.0,0.0,0.0
tip_middle_root_1_2_2,46,舌根,491449,176.3997344970703,25.805530548095703,138.88661193847656,27.466901779174805,150.2617645263672,29.86532974243164,167.48085021972656,21.653614044189453,55.924530029296875,15.518402099609375,176.39981079101562,25.805469512939453,156.81468200683594,26.477609634399414,144.1696014404297,3.0016987323760986,127.59359741210938,3.0859827995300293,0.0,8.546156366174314e-05,0.0014386029883060093,0.06352235939029278,0.16999932851628552,0.4192133873504677,0.3435269987323201,0.002213861458666108,0.00038254223734304066,0.003959719116327432,0.0832293890108638,0.2078445576244941,0.45364829310874577,0.24768185508567522,0.0032312610260678116,2.2382790482837485e-05,0.0004415514122523395,0.002523150927156226,0.05392421187142511,0.1697470134235699,0.32466237595355774,0.4086588842382424,0.03959108676586991,0.00045172540792635653,0.016504255782390443,0.0,0.0,0.0,0.0,1.6278393078427262e-05,0.004952701094111495,0.9785267647304197,0.02397807300452336,0.7057517667143488,0.25509666313289886,0.013012540467067794,0.0018150408282446397,0.00034591585291657935,0.0,0.0,0.0,8.546156366174314e-05,0.0014386029883060093,0.06352235939029278,0.16999932851628552,0.4192133873504677,0.3435269987323201,0.002213861458666108,6.104397404410224e-06,0.0006857273084287485,0.025097212528665234,0.13174306998284666,0.2903760105321203,0.5125150320786084,0.039208544528526866,0.00036829864339941684,0.0,0.0,0.0,6.104397404410224e-06,0.9999125036372034,8.139196539213632e-05,0.0,0.0,0.0,0.0,0.0,0.5166843355058205,0.48331566449417945,0.0,0.0,0.0
tip_middle_root_1_2_2,47,舌尖,152418,205.0290985107422,15.398640632629395,133.95094299316406,21.370086669921875,147.9058074951172,20.508495330810547,171.12326049804688,21.682876586914062,89.39949035644531,16.980836868286133,205.0290985107422,15.398640632629395,162.0052490234375,17.919811248779297,157.1737823486328,4.96855354309082,132.06915283203125,2.5680761337280273,0.0,0.0,0.0,0.0,0.001049744780800168,0.2075542258788332,0.712704536209634,0.07869149313073259,0.0,6.5609048800010495e-06,0.018475508142082955,0.37521158918238,0.48964033119447836,0.11110236323793778,0.005432429240640869,0.000131218097600021,0.0,0.0,0.0038840556889606216,0.16807726121586689,0.5421800574735267,0.26832788778228295,0.016736868348882678,0.000793869490480127,0.01637601858048262,0.0,0.0,0.0,0.0,0.0,0.0,0.9836239814195173,0.00013777900248002206,0.07809445078665249,0.5402577123436865,0.3780196564710205,0.0034904013961605585,0.0,0.0,0.0,0.0,0.0,0.0,0.0,0.001049744780800168,0.2075542258788332,0.712704536209634,0.07869149313073259,0.0,0.0,0.0,0.014545526118962327,0.4141833641695863,0.5267094437664843,0.04381372278864701,0.0007479431563201197,0.0,0.0,0.0,0.0,0.6484929601490638,0.35150703985093623,0.0,0.0,0.0,0.0,0.0,0.02726712068128436,0.9727328793187157,0.0,0.0,0.0
tip_middle_root_1_2_2,47,舌中,424130,211.6649169921875,10.137505531311035,165.76089477539062,18.343399047851562,175.4415740966797,16.4669246673584,173.27017211914062,9.054408073425293,55.81884002685547,14.768821716308594,211.6649169921875,10.137505531311035,184.7569122314453,14.702751159667969,146.41419982910156,4.562828063964844,129.6697998046875,1.457694172859192,0.0,0.0,0.0,0.0,0.00012260391860986018,0.03478178860255111,0.8707188833612336,0.09437672411760545,0.0,0.0,0.002225732676302077,0.03115318416523236,0.2913328460613491,0.6305613844811733,0.044415627284087426,0.0003112253318557989,0.0,0.0,6.837526230165279e-05,0.011887864569825289,0.14430952773913658,0.694966166033999,0.14755617381463232,0.0012118925801051564,0.0026524886237710137,0.0,0.0,0.0,0.0,0.0,0.0,0.997347511376229,0.006625327140263599,0.7456628863791762,0.2270766038714545,0.020165986843656426,0.00046919576544927265,0.0,0.0,0.0,0.0,0.0,0.0,0.0,0.00012260391860986018,0.03478178860255111,0.8707188833612336,0.09437672411760545,0.0,0.0,0.0,0.0017588946785183788,0.051375757432862566,0.5928253129936576,0.35245325725603,0.0015867776389314598,0.0,0.0,0.0,0.0,0.9862141324593875,0.013785867540612548,0.0,0.0,0.0,0.0,0.0,0.041713625539339355,0.9582863744606607,0.0,0.0,0.0
tip_middle_root_1_2_2,47,舌左邊,107747,196.79568481445312,12.219622611999512,138.94338989257812,21.889070510864258,150.99365234375,19.523059844970703,172.95828247070312,12.063922882080078,75.91626739501953,18.095355987548828,196.79568481445312,12.219622611999512,162.77685546875,17.752567291259766,151.85707092285156,5.196972370147705,130.66392517089844,1.6095861196517944,0.0,0.0,0.0,0.0,0.00012993401208386313,0.3637688288305011,0.6200172626616054,0.016083974495809627,0.0,0.0,0.0010116290940815058,0.33786555542149665,0.4671313354432142,0.18840431752160153,0.005568600517879848,1.856200172626616e-05,0.0,0.0,2.784300258939924e-05,0.11077802630235645,0.5773153776903301,0.29146983210669436,0.020232581881630116,0.00017633901639952854,0.004863244452281734,0.0,0.0,0.0,0.0,0.0,0.0,0.9951367555477183,0.00029699202762025856,0.26682877481507605,0.5789673958439678,0.1538882753116096,1.856200172626616e-05,0.0,0.0,0.0,0.0,0.0,0.0,0.0,0.00012993401208386313,0.3637688288305011,0.6200172626616054,0.016083974495809627,0.0,0.0,0.0,0.0016798611562270876,0.4745932601371732,0.44458778434666396,0.07892563134008372,0.00021346301985206086,0.0,0.0,0.0,0.0,0.956834064985568,0.04316593501443196,0.0,0.0,0.0,0.0,0.0,0.013476013253269232,0.9865239867467308,0.0,0.0,0.0
tip_middle_root_1_2_2,47,舌右邊,80897,192.05752563476562,16.161020278930664,130.0963897705078,22.995784759521484,143.00674438476562,22.03253936767578,171.6975555419922,18.3700008392334,83.54206085205078,17.1397647857666,192.05752563476562,16.161020278930664,155.49432373046875,19.757186889648438,153.78341674804688,4.346105575561523,131.02838134765625,1.960362434387207,0.0,0.0,0.0,0.0,0.02171897598180402,0.4471982891825408,0.507163430040669,0.023919304794986218,0.0,0.0,0.05809856978627143,0.4216101956809276,0.41070744279763155,0.10344017701521688,0.006131253322125666,1.2361397826866262e-05,0.0,0.0,0.0027071461240837113,0.23857497805851885,0.5424428594385453,0.1964226114689049,0.01958045415775616,0.0002719507521910578,0.011520822774639356,0.0,0.0,0.0,0.0,0.0,0.0,0.9884791772253606,0.0003213963434985228,0.1279775517015464,0.6249428285350508,0.24518832589589232,0.0015698975240120152,0.0,0.0,0.0,0.0,0.0,0.0,0.0,0.02171897598180402,0.4471982891825408,0.507163430040669,0.023919304794986218,0.0,0.0,0.0,0.08293261802044576,0.5120338207844543,0.35940764181613655,0.04526743884198425,0.0003584805369791216,0.0,0.0,0.0,0.0,0.9303435232456087,0.06965647675439139,0.0,0.0,0.0,0.0,0.0,0.018047640827224744,0.9819523591727752,0.0,0.0,0.0
tip_middle_root_1_2_2,47,舌根,668016,201.4554443359375,17.64103126525879,154.48056030273438,25.574174880981445,160.01719665527344,24.523908615112305,149.3859100341797,61.54105758666992,61.85694885253906,18.202831268310547,201.4554443359375,17.640819549560547,174.052734375,21.850669860839844,146.46290588378906,5.528428077697754,132.1113739013672,2.9034018516540527,0.00023652128092740293,0.00027244856410624897,0.00017813944576177817,0.0010119518095374961,0.017001089794256425,0.23174744317501378,0.6848877871188714,0.06466461881152548,0.0004685516514574501,0.00029041220569567196,0.011853009508754281,0.14476449665876268,0.3839788268544466,0.4122670714473905,0.044461509903954394,0.0019161217695384542,0.00038621829417259467,0.0002065818782783646,0.006980371727623291,0.09696324638930805,0.3541277454432229,0.4579111877559819,0.08327644846830017,0.0001482000431127398,0.15189456539963114,0.00034130919019903716,0.0,0.0,0.0,0.0,0.00015568489377499941,0.8476084405163948,0.00895487533232737,0.5678935833872243,0.3823561112308687,0.03920564776891571,0.0012529640008622548,0.0001032909391391823,7.933941701995162e-05,0.00015418792364254748,0.00023652128092740293,0.00027244856410624897,0.00017813944576177817,0.0010119518095374961,0.017001089794256425,0.23174744317501378,0.6848877871188714,0.06466461881152548,0.00042513951761634453,0.00015119398337764365,0.0005928001724509592,0.020369272592273238,0.23361266796004887,0.5057693228904697,0.23599135350051495,0.0030882493832483054,0.0,0.0,0.0,0.0013817034322531198,0.9910361428468779,0.007582153720868961,0.0,0.0,0.0,0.0,0.0,0.008935414720605495,0.9908101003568777,0.0002544849225168259,0.0,0.0
tip_middle_root_1_2_2,48,舌尖,118348,188.8090057373047,13.045138359069824,125.2502212524414,18.187490463256836,138.9148406982422,17.80937385559082,173.06045532226562,8.010826110839844,86.45132446289062,16.36870002746582,188.8090057373047,13.045138359069824,151.4554901123047,15.43890380859375,154.60797119140625,4.5216827392578125,130.9759063720703,2.0647990703582764,0.0,0.0,0.0,0.0,0.016797918004529015,0.43254638861662215,0.5506472437219049,8.449656943928076e-06,0.0,0.0,0.03935005238787305,0.4973890560043262,0.44587994727414065,0.017380944333660053,0.0,0.0,0.0,0.0,0.0,0.3020921350593166,0.5577027072700849,0.14020515767059857,0.0,0.0,0.0021208638929259473,0.0,0.0,0.0,0.0,0.0,0.0,0.997879136107074,0.0,0.10642342920877412,0.5776945955994187,0.3158819751918072,0.0,0.0,0.0,0.0,0.0,0.0,0.0,0.0,0.016797918004529015,0.43254638861662215,0.5506472437219049,8.449656943928076e-06,0.0,0.0,0.0,0.0736725588941089,0.568847804779126,0.3574458376989894,3.3798627775712305e-05,0.0,0.0,0.0,0.0,0.0,0.8516324737215669,0.1483675262784331,0.0,0.0,0.0,0.0,0.0,0.022822523405549733,0.9771774765944503,0.0,0.0,0.0
tip_middle_root_1_2_2,48,舌中,328655,193.4604949951172,8.3563871383667,151.25856018066406,15.756539344787598,162.57791137695312,15.140843391418457,171.74530029296875,2.0759127140045166,56.09212112426758,14.55606746673584,193.4604949951172,8.3563871383667,170.2659454345703,12.88283634185791,145.62632751464844,3.8869705200195312,128.36465454101562,1.6405621767044067,0.0,0.0,0.0,0.0,0.0016674019868859443,0.27136054525262054,0.7269720527604935,0.0,0.0,0.0,0.0067426328520789275,0.08369566871034975,0.6065448570689629,0.3030168413686084,0.0,0.0,0.0,0.0,3.651245226757542e-05,0.052313215986368684,0.22509622552524683,0.7207071244922487,0.0018469215438681901,0.0,0.0,0.0,0.0,0.0,0.0,0.0,0.0,1.0,0.008796458292130046,0.7894631148164488,0.17328505575755732,0.028452328429508147,3.042704355631285e-06,0.0,0.0,0.0,0.0,0.0,0.0,0.0,0.0016674019868859443,0.27136054525262054,0.7269720527604935,0.0,0.0,0.0,0.0,0.014921422160015822,0.11847073679085972,0.8628105460132967,0.0037972950358278437,0.0,0.0,0.0,0.0,0.0,0.9967625625656084,0.0032374374343916872,0.0,0.0,0.0,0.0,0.0,0.28139234151313686,0.7186076584868631,0.0,0.0,0.0
tip_middle_root_1_2_2,48,舌左邊,105796,182.7886505126953,8.483551979064941,133.69058227539062,17.22874641418457,146.2534637451172,17.001632690429688,172.06866455078125,2.444878101348877,69.11258697509766,16.727489471435547,182.7886505126953,8.483551979064941,155.34698486328125,13.97101879119873,148.8373260498047,4.30462121963501,128.95553588867188,2.0329642295837402,0.0,0.0,0.0,0.0,0.00022685167681197777,0.8105221369427956,0.18925101138039246,0.0,0.0,0.0,0.004300729706227078,0.347215395667133,0.5748326968883511,0.07365117773828878,0.0,0.0,0.0,0.0,3.7808612801996296e-05,0.1602707096676623,0.6085201708949298,0.23099171991379636,0.0001795909108094824,0.0,6.616507240349352e-05,0.0,0.0,0.0,0.0,0.0,0.0,0.9999338349275965,0.002334681840523271,0.3837857763998639,0.540738780294151,0.07313130931226133,9.452153200499074e-06,0.0,0.0,0.0,0.0,0.0,0.0,0.0,0.00022685167681197777,0.8105221369427956,0.18925101138039246,0.0,0.0,0.0,0.0,0.015652765700026466,0.5846534840636697,0.39935347272108584,0.00034027751521796665,0.0,0.0,0.0,0.0,0.0,0.9967106506862263,0.0032893493137736776,0.0,0.0,0.0,0.0,0.0,0.21017807856629742,0.7898219214337026,0.0,0.0,0.0
tip_middle_root_1_2_2,48,舌右邊,30579,176.96353149414062,6.13652229309082,115.96794891357422,11.135547637939453,125.23660278320312,11.690878868103027,173.22813415527344,19.11798095703125,88.12374877929688,12.196457862854004,176.96353149414062,6.13652229309082,141.4199676513672,8.963072776794434,153.28866577148438,3.374995470046997,132.91229248046875,1.946291208267212,0.0,0.0,0.0,0.0,0.008044736583930148,0.9864285947872723,0.005526668628797541,0.0,0.0,0.0,0.019228882566467185,0.836096667647732,0.14464174760456522,3.270218123548841e-05,0.0,0.0,0.0,0.0,0.005297753360149122,0.6385100886229111,0.3487033585140129,0.007488799502926845,0.0,0.0,0.012001700513424245,0.0,0.0,0.0,0.0,0.0,0.0,0.9879982994865758,0.0,0.0338467575787305,0.6823964158409366,0.28186010006867457,0.0018967265116583275,0.0,0.0,0.0,0.0,0.0,0.0,0.0,0.008044736583930148,0.9864285947872723,0.005526668628797541,0.0,0.0,0.0,0.0,0.035776186271624315,0.9275973707446287,0.036626442983747017,0.0,0.0,0.0,0.0,0.0,0.0,0.9735439353804899,0.02645606461951012,0.0,0.0,0.0,0.0,0.0,0.0025834723176035843,0.9974165276823964,0.0,0.0,0.0
tip_middle_root_1_2_2,48,舌根,630457,159.72999572753906,32.58401870727539,123.61460876464844,36.09503936767578,131.7130584716797,37.018348693847656,171.73770141601562,13.980452537536621,61.84675598144531,26.107330322265625,159.72999572753906,32.58401870727539,140.9983673095703,35.17820739746094,143.50086975097656,4.4718499183654785,129.23532104492188,2.4145405292510986,0.0027424550762383476,0.005565803853395236,0.034823945169932286,0.13432795575273174,0.22884510759655297,0.45243688308639607,0.14125784946475334,0.0,0.009550215161382934,0.0630225376195363,0.15888950396299828,0.24669247863058066,0.346321795142254,0.17552188333224947,1.586150998402746e-06,0.0,0.007588146376358736,0.04255484513614727,0.13555405047449706,0.21882539173964283,0.31286669828394326,0.2801586785458802,0.0024521894435306454,0.0,0.006325570181630151,0.0,0.0,0.0,0.0,0.0,0.0001824073648163158,0.9934920224535535,0.04984003667181108,0.5546976241044195,0.2838099981442033,0.08857384405280613,0.019525518790337804,0.0025806676744012675,0.0009167952770767872,5.551528494409611e-05,0.0027424550762383476,0.005565803853395236,0.034823945169932286,0.13432795575273174,0.22884510759655297,0.45243688308639607,0.14125784946475334,0.0,0.006298605614657304,0.019409729767454403,0.09858880145672108,0.18827453735940755,0.30923599864859935,0.3728723767045175,0.00531995044864281,0.0,0.0,0.0,0.0,0.0,0.9988992112071085,0.0011007887928915056,0.0,0.0,0.0,0.0,0.0,0.2274699146809378,0.7725300853190622,0.0,0.0,0.0
tip_middle_root_1_2_2,49,舌尖,195532,183.52645874023438,12.690400123596191,155.1959686279297,14.797938346862793,171.87400817871094,14.105278015136719,157.62786865234375,22.391939163208008,40.7231559753418,12.50428295135498,183.98233032226562,11.987438201904297,170.92991638183594,13.010968208312988,141.38580322265625,3.751951217651367,123.29647064208984,3.7491276264190674,0.0,0.0,0.0,7.671378597876563e-05,0.046974408280997484,0.6714604259149397,0.281488452018084,0.0,0.0,0.0,0.0,0.01794591166663257,0.6029959290550907,0.3725477159748788,0.0065104433033979095,0.0,0.0,2.5571261992921874e-05,0.0026184972280752,0.005917190025162122,0.1374046191927664,0.7963351267311745,0.05769899556082892,0.0,0.020707607961868133,3.068551439150625e-05,0.0,0.0,0.0,0.008653315058404762,0.21170959229179878,0.7588987991735369,0.2377206799909989,0.7364472311437514,0.022226540924247692,0.003523719902624634,7.671378597876563e-05,5.114252398584375e-06,0.0,0.0,0.0,0.0,0.0,5.6256776384428127e-05,0.02946832232064317,0.6884346296258413,0.2820407912771311,0.0,0.0,0.0,0.0,0.0004858539778655156,0.19662766196837347,0.7401294928707322,0.06275699118302887,0.0,0.0,0.0,0.0,3.068551439150625e-05,0.9999693144856084,0.0,0.0,0.0,0.0,0.0,0.0,0.9605230857353272,0.03946668575987562,1.022850479716875e-05,0.0,0.0
tip_middle_root_1_2_2,49,舌中,350720,198.22303771972656,10.697037696838379,183.77301025390625,16.017744064331055,191.35890197753906,12.682632446289062,139.49435424804688,55.040531158447266,19.464187622070312,10.308867454528809,198.41482543945312,10.659302711486816,194.0968475341797,13.325434684753418,134.50640869140625,3.7794291973114014,126.03154754638672,2.790487051010132,0.0,0.0,0.0,0.0,5.987682481751825e-05,0.27815921532846716,0.7204835766423358,0.001297331204379562,0.0,0.0,0.0,0.0001739279197080292,0.06505474452554745,0.5905366104014599,0.34422901459854016,5.702554744525547e-06,0.0,0.0,0.0,0.0,0.007065465328467154,0.48598882299270074,0.5067774863138687,0.00016822536496350366,0.14018305200729927,0.0011519160583941606,2.281021897810219e-05,2.8512773722627736e-05,7.983576642335766e-05,0.006449589416058394,0.27276744981751827,0.5793168339416058,0.8676094890510949,0.13194571167883212,0.0004447992700729927,0.0,0.0,0.0,0.0,0.0,0.0,0.0,0.0,0.0,5.132299270072993e-05,0.27160127737226275,0.726995894160584,0.0013515054744525547,0.0,0.0,0.0,0.0,0.0032675638686131387,0.4343293795620438,0.5608690693430657,0.0015339872262773722,0.0,0.0,0.0,0.0002509124087591241,0.9997490875912409,0.0,0.0,0.0,0.0,0.0,0.0,0.6790659215328467,0.32093407846715327,0.0,0.0,0.0
tip_middle_root_1_2_2,49,舌左邊,168433,201.39620971679688,10.471691131591797,177.80905151367188,12.63432502746582,190.63885498046875,12.349276542663574,157.48565673828125,29.70472526550293,30.0772705078125,8.620476722717285,201.42169189453125,10.473531723022461,190.91087341308594,10.987983703613281,138.68228149414062,3.119706630706787,124.61737060546875,2.151413917541504,0.0,0.0,0.0,3.5622473030819374e-05,0.0014130247635558352,0.16505672878830158,0.8243812079580605,0.00911341601705129,0.0,0.0,0.0,0.0008668135104166048,0.07349509894141884,0.7855408381967904,0.14005568979950483,4.1559551869289274e-05,0.0,0.0,0.0,0.0005046517012699412,0.010164278971460461,0.5015228607220675,0.48605677034785344,0.0017514382573486193,0.03485658986065676,0.0,0.0,0.0,0.0,0.0,0.14710300238076862,0.8180404077585747,0.5913449264692786,0.4086550735307214,0.0,0.0,0.0,0.0,0.0,0.0,0.0,0.0,0.0,3.5622473030819374e-05,0.0014070876847173653,0.1647361265310242,0.8246839989788224,0.00913716433240517,0.0,0.0,0.0,0.0001484269709617474,0.004725914755422037,0.5044676518259485,0.49007617272149756,0.0005818337261700498,0.0,0.0,0.0,0.0,1.0,0.0,0.0,0.0,0.0,0.0,0.0,0.8977694394803869,0.10223056051961314,0.0,0.0,0.0
tip_middle_root_1_2_2,49,舌右邊,95030,195.94540405273438,12.920612335205078,161.5384521484375,17.055700302124023,173.503173828125,17.69211196899414,169.02740478515625,4.764639854431152,45.21399688720703,10.738110542297363,195.94540405273438,12.920612335205078,178.03013610839844,14.975359916687012,142.6806640625,2.8317248821258545,126.73921966552734,2.2082455158233643,0.0,0.0,0.0,0.0,0.004956329580132589,0.3180574555403557,0.6741555298326845,0.0028306850468273175,0.0,0.0,0.0,0.0108807744922656,0.45865516152793856,0.4921603704093444,0.038303693570451436,0.0,0.0,0.0,0.0,0.0024413343154793222,0.23546248553088497,0.5850889192886457,0.17683889298116384,0.00016836788382616015,0.00026307481847837527,0.0,0.0,0.0,0.0,0.0,0.004061875197306114,0.9956750499842155,0.11248026938861412,0.8501315374092392,0.03738819320214669,0.0,0.0,0.0,0.0,0.0,0.0,0.0,0.0,0.0,0.004956329580132589,0.3180574555403557,0.6741555298326845,0.0028306850468273175,0.0,0.0,0.0,8.418394191308007e-05,0.1233505208881406,0.6703462064611175,0.20611385878143745,0.0001052299273913501,0.0,0.0,0.0,0.0,1.0,0.0,0.0,0.0,0.0,0.0,0.0,0.6528885615068926,0.34711143849310744,0.0,0.0,0.0
tip_middle_root_1_2_2,49,舌根,523480,182.0802459716797,23.319522857666016,158.46780395507812,28.63089942932129,166.47955322265625,27.837038040161133,157.43373107910156,39.80732727050781,34.33850860595703,19.055265426635742,182.10304260253906,23.334749221801758,172.08750915527344,25.81402015686035,138.18392944335938,5.222140789031982,127.16190338134766,2.4466941356658936,0.0,0.0,0.0002044013142813479,0.024572094444868953,0.15389508672728663,0.4014671047604493,0.4196015129517842,0.0002597998013295637,0.0,0.0002674409719569038,0.018852678230304884,0.12687781768166884,0.3418812562084511,0.3810269733323145,0.1310919232826469,1.9102926568350273e-06,0.0,4.2026438450370595e-05,0.008810269733323144,0.08535378620004584,0.2936520975013372,0.39768472529991594,0.21444563307098646,1.1461755941010163e-05,0.06105677389776114,0.00010697638878276152,0.0,1.1461755941010163e-05,0.0,0.00043172614044471614,0.07944907159776878,0.8589439902193016,0.49766180178803393,0.42726560709100636,0.07483571483151219,0.00023687628944754337,0.0,0.0,0.0,0.0,0.0,0.0,0.0002044013142813479,0.024572094444868953,0.1538607014594636,0.4008959272560556,0.42020516543134406,0.0002617100939863987,0.0,0.0,0.003323909222892947,0.05686941239397876,0.24459578207381372,0.4386413998624589,0.2564949950332391,7.450141361656606e-05,0.0,0.0,0.0,3.629556047986551e-05,0.9999637044395201,0.0,0.0,0.0,0.0,0.0,0.0,0.5885668984488424,0.41143310155115764,0.0,0.0,0.0
tip_middle_root_1_2_2,5,舌尖,70292,140.48150634765625,12.66367244720459,110.69625091552734,14.687655448913574,121.2229995727539,16.650524139404297,160.87937927246094,33.511993408203125,55.58089065551758,14.322336196899414,140.48202514648438,12.662566184997559,127.15980529785156,14.199118614196777,141.62635803222656,2.3133280277252197,126.76654815673828,3.3447277545928955,0.0,0.0,0.00019916917999203323,0.1681130142832755,0.7948130654982075,0.03687475103852501,0.0,0.0,0.0,0.00024184828999032607,0.17081602458316736,0.7020002276219199,0.12694189950492232,0.0,0.0,0.0,0.0,0.002546520229898139,0.07854378876685825,0.5230609457690776,0.39570648153417176,0.00014226369999430945,0.0,0.0,0.04444317987822227,0.0,0.0,0.0,0.0,0.0,0.008094804529676208,0.9474620155921015,0.004082968189836681,0.794400500768224,0.1779149832128834,0.022847550219086098,0.0007539976099698401,0.0,0.0,0.0,0.0,0.0,0.00019916917999203323,0.1681130142832755,0.7948130654982075,0.03687475103852501,0.0,0.0,0.0,0.0,0.014439765549422409,0.4496955556820122,0.5348403801286064,0.0010242986399590281,0.0,0.0,0.0,0.0,0.0,0.0,1.0,0.0,0.0,0.0,0.0,0.0,0.0,0.7621066408695157,0.23789335913048426,0.0,0.0,0.0
tip_middle_root_1_2_2,5,舌中,167400,153.7872314453125,10.756964683532715,128.96954345703125,12.954667091369629,140.1956329345703,12.500797271728516,165.42201232910156,13.779914855957031,41.56703567504883,9.383004188537598,153.7872314453125,10.756964683532715,144.17161560058594,12.193699836730957,139.4592742919922,2.3436872959136963,125.54972839355469,1.5440950393676758,0.0,0.0,0.00043010752688172043,0.023649940262843488,0.6609796893667862,0.31494026284348864,0.0,0.0,0.0,0.0008363201911589009,0.01747311827956989,0.3836140979689367,0.5973118279569892,0.0007646356033452808,0.0,0.0,0.0,0.00010752688172043011,0.008691756272401433,0.12193548387096774,0.8463918757467145,0.022873357228195938,0.0,0.0,0.006726403823178017,0.0,0.0,0.0,0.0,0.0,0.0011887694145758662,0.9920848267622461,0.10805256869772999,0.8735065710872163,0.017765830346475508,0.0006750298685782557,0.0,0.0,0.0,0.0,0.0,0.0,0.00043010752688172043,0.023649940262843488,0.6609796893667862,0.31494026284348864,0.0,0.0,0.0,0.0,0.004898446833930705,0.07912186379928315,0.8506093189964158,0.06537037037037037,0.0,0.0,0.0,0.0,0.0,0.0,1.0,0.0,0.0,0.0,0.0,0.0,0.0,0.9057168458781362,0.0942831541218638,0.0,0.0,0.0
tip_middle_root_1_2_2,5,舌左邊,47483,141.11656188964844,13.044317245483398,109.15308380126953,18.3718204498291,124.5920639038086,18.623355865478516,164.8953094482422,3.6978373527526855,59.03641128540039,16.745866775512695,141.11656188964844,13.044317245483398,126.5140380859375,16.92765235900879,143.4059295654297,3.0785975456237793,124.50281524658203,1.6487354040145874,0.0,0.0,0.0,0.16218436071857295,0.7571973127224481,0.080618326558979,0.0,0.0,0.0,0.0001684813512204368,0.2679695891161047,0.5399616704925974,0.19190025904007751,0.0,0.0,0.0,0.0,0.0,0.06429669565949919,0.47362213844955037,0.4514879009329655,0.010593264957984964,0.0,0.0,0.0,0.0,0.0,0.0,0.0,0.0,0.025230082345260408,0.9747699176547396,0.010319482762251753,0.5889055030221343,0.3915927805741002,0.009182233641513805,0.0,0.0,0.0,0.0,0.0,0.0,0.0,0.16218436071857295,0.7571973127224481,0.080618326558979,0.0,0.0,0.0,0.0,0.021776214645241456,0.4924288692795316,0.47486468841480106,0.010930227660425836,0.0,0.0,0.0,0.0,0.0,0.0,1.0,0.0,0.0,0.0,0.0,0.0,0.0,0.9581955647284291,0.04180443527157088,0.0,0.0,0.0
tip_middle_root_1_2_2,5,舌右邊,68520,148.38455200195312,13.315876007080078,118.17304229736328,18.25473976135254,130.0741729736328,19.153823852539062,166.9597625732422,10.888460159301758,53.05659484863281,15.616623878479004,148.38455200195312,13.315876007080078,134.83578491210938,16.903196334838867,141.87803649902344,2.9048585891723633,126.10912322998047,2.002964496612549,0.0,0.0,0.0,0.07460595446584939,0.7095300642148278,0.21500291885580852,0.0008610624635143024,0.0,0.0,0.0007443082311733801,0.12656158785755983,0.5167396380618797,0.35437828371278457,0.0015761821366024518,0.0,0.0,0.0,2.918855808523059e-05,0.061018680677174544,0.3336252189141856,0.5839608873321658,0.021263864565090485,0.00010215995329830707,0.0,0.003867483946293053,0.0,0.0,0.0,0.0,0.0,0.00026269702276707533,0.9958698190309399,0.028385872737886748,0.7350992410974898,0.22675131348511385,0.009763572679509632,0.0,0.0,0.0,0.0,0.0,0.0,0.0,0.07460595446584939,0.7095300642148278,0.21500291885580852,0.0008610624635143024,0.0,0.0,0.0,0.014068884997081144,0.30226211325160535,0.6429655575014595,0.04061587857559837,8.756567425569177e-05,0.0,0.0,0.0,0.0,0.0,1.0,0.0,0.0,0.0,0.0,0.0,0.0,0.7842235843549329,0.21577641564506714,0.0,0.0,0.0
tip_middle_root_1_2_2,5,舌根,320670,129.4278106689453,23.858800888061523,107.23778533935547,25.640962600708008,116.0234603881836,26.19890022277832,163.36497497558594,26.410280227661133,45.89493942260742,21.52797508239746,129.42843627929688,23.856321334838867,121.19625854492188,25.964704513549805,138.4454345703125,4.167925834655762,126.50987243652344,1.9875797033309937,0.0025509090342096235,0.01087722580846353,0.09098450120061122,0.2691396139333271,0.5930676396295257,0.033252253095082174,0.00012785729878067795,0.0,0.007440671094895063,0.055069074126048584,0.2328624442573362,0.45779149904886646,0.2465868338166963,0.0002494776561574204,0.0,0.0,0.0056662612654754104,0.0356191723578757,0.17526740886269374,0.3743536969470172,0.40704774378644715,0.0020457167804908472,0.0,0.0,0.02520036174260143,0.0,0.0,0.0,0.0,7.796176754919388e-05,0.010683880624941529,0.9640377958649079,0.3066454610658933,0.4861415162004553,0.18169769545015124,0.02400598746374778,0.0014875105248386192,2.1829294913774286e-05,0.0,0.0,0.0025509090342096235,0.01087722580846353,0.09098450120061122,0.2691396139333271,0.5930676396295257,0.033252253095082174,0.00012785729878067795,0.0,0.005550877849502604,0.026285589546886208,0.12707144416378208,0.3585960644899741,0.47222066298687126,0.010275360962983753,0.0,0.0,0.0,0.0,0.0,0.0,1.0,0.0,0.0,0.0,0.0,0.0,0.0,0.7373156204197462,0.26268437958025387,0.0,0.0,0.0
tip_middle_root_1_2_2,50,舌尖,134641,197.88768005371094,7.112804889678955,147.55531311035156,11.479742050170898,167.79953002929688,12.68488597869873,167.4425506591797,3.535001516342163,64.96707916259766,11.395675659179688,197.88768005371094,7.112804889678955,169.5177764892578,9.275619506835938,150.11044311523438,3.099679946899414,124.91220092773438,2.6112067699432373,0.0,0.0,0.0,0.0,0.0,0.15137291018337654,0.8486270898166235,0.0,0.0,0.0,0.0,0.032389836676792357,0.8257143069347376,0.14188100207217713,1.4854316292956826e-05,0.0,0.0,0.0,0.0,0.00020053326995491714,0.26872200889773545,0.7040426021791282,0.027034855653181422,0.0,0.0,0.0,0.0,0.0,0.0,0.0,0.004285470250518044,0.9957145297494819,0.0002970863258591365,0.46084773583083904,0.5388403235270088,1.4854316292956826e-05,0.0,0.0,0.0,0.0,0.0,0.0,0.0,0.0,0.0,0.15137291018337654,0.8486270898166235,0.0,0.0,0.0,0.0,0.0,0.12557096278251054,0.8597009826130227,0.014728054604466693,0.0,0.0,0.0,0.0,0.0,1.0,0.0,0.0,0.0,0.0,0.0,0.0,0.7769921494938392,0.22300785050616082,0.0,0.0,0.0
tip_middle_root_1_2_2,50,舌中,309666,198.96615600585938,6.621578693389893,165.46363830566406,10.100783348083496,187.44070434570312,8.82936954498291,159.7290802001953,4.0877790451049805,43.083980560302734,8.469351768493652,198.9960174560547,6.632226943969727,182.29713439941406,8.278271675109863,144.00770568847656,2.637120485305786,121.45054626464844,1.6662611961364746,0.0,0.0,0.0,0.0,0.0,0.15661712942331416,0.8433828705766858,0.0,0.0,0.0,0.0,0.0,0.31188764669030505,0.6880187040230442,9.364928665077858e-05,0.0,0.0,0.0,0.0,0.0,3.2292857465785714e-05,0.6462704978912764,0.3536972092512578,0.0,0.0,0.0,0.0,0.0,0.0,0.0,0.262195397621954,0.737804602378046,0.11095502896669315,0.8864227910070851,0.0026221800262218003,0.0,0.0,0.0,0.0,0.0,0.0,0.0,0.0,0.0,0.0,0.15655577299412915,0.8434442270058709,0.0,0.0,0.0,0.0,0.0,0.0009913907241996215,0.8612828014699708,0.13772580780582952,0.0,0.0,0.0,0.0,0.0,1.0,0.0,0.0,0.0,0.0,0.0,0.0,0.9998094721409518,0.00019052785904813573,0.0,0.0,0.0
tip_middle_root_1_2_2,50,舌左邊,66323,191.62574768066406,12.299306869506836,152.30335998535156,12.344315528869629,170.19715881347656,12.840591430664062,166.1874237060547,3.3625574111938477,52.48366165161133,7.109283447265625,191.62574768066406,12.299306869506836,170.88380432128906,11.604382514953613,145.56289672851562,2.140125274658203,124.33220672607422,1.488824486732483,0.0,0.0,0.0,0.0,0.012981921806914645,0.4166578713266891,0.5703602068663963,0.0,0.0,0.0,0.0,0.057099347134478236,0.6237956666616408,0.319104986203881,0.0,0.0,0.0,0.0,0.0,0.0006935753810895165,0.1879890837266107,0.8071558886057627,0.004161452286537099,0.0,0.00016585498243444958,0.0,0.0,0.0,0.0,0.0,0.008021350059557016,0.9918127949580086,0.0,0.9341555719735235,0.06584442802647648,0.0,0.0,0.0,0.0,0.0,0.0,0.0,0.0,0.0,0.012981921806914645,0.4166578713266891,0.5703602068663963,0.0,0.0,0.0,0.0,0.0,0.1550593308505345,0.8446541923616242,0.000286476787841322,0.0,0.0,0.0,0.0,0.0,1.0,0.0,0.0,0.0,0.0,0.0,0.0,0.9652759977684966,0.0347240022315034,0.0,0.0,0.0
tip_middle_root_1_2_2,50,舌右邊,112089,193.34963989257812,14.362650871276855,153.27569580078125,16.741228103637695,173.6024169921875,18.180692672729492,164.2054443359375,6.6878790855407715,53.336029052734375,9.368778228759766,193.34963989257812,14.362650871276855,172.15968322753906,15.346954345703125,146.26866149902344,2.24405837059021,123.30364990234375,1.9699926376342773,0.0,0.0,0.0,0.0,0.03006539446332825,0.31123482232868527,0.6586997832079865,0.0,0.0,0.0,0.0011865571108672572,0.07765257964653088,0.4252067553461981,0.49595410789640376,0.0,0.0,0.0,0.0,0.0008029333832936328,0.00767247455147249,0.24949816663544147,0.6161710783395338,0.12585534709025864,0.0,0.0013025363773430043,0.0,0.0,0.0,0.0,0.0,0.006985520434654605,0.9917119431880024,0.004826521781798392,0.8389137203472241,0.15596534896376987,0.00029440890720766535,0.0,0.0,0.0,0.0,0.0,0.0,0.0,0.0,0.03006539446332825,0.31123482232868527,0.6586997832079865,0.0,0.0,0.0,0.0,0.003764865419443478,0.24546565675490012,0.7313830973601335,0.019386380465522934,0.0,0.0,0.0,0.0,0.0,1.0,0.0,0.0,0.0,0.0,0.0,0.0,0.9491564738734398,0.050843526126560144,0.0,0.0,0.0
tip_middle_root_1_2_2,50,舌根,540654,188.72113037109375,19.770933151245117,153.76881408691406,24.55550765991211,167.97238159179688,27.564306259155273,163.22071838378906,23.256994247436523,48.760902404785156,17.715232849121094,188.7584686279297,19.80118751525879,170.8250274658203,22.651432037353516,143.43936157226562,3.8623428344726562,125.7262191772461,3.220730781555176,0.0,0.0006029734358758096,0.004616630969159574,0.014118086613619801,0.060824482941030676,0.31405667950297234,0.6057608008079104,2.0345729431392352e-05,0.0020456706137381765,0.006876856547810614,0.01748992886393146,0.09551025239802166,0.3844048134296611,0.48736900124663834,0.006301627288432158,1.8496117664902137e-06,0.001618410295678937,0.00692864567727234,0.014843134426083964,0.050771842990156364,0.24635718962589753,0.49733655905625407,0.18202954199913438,0.00011467592952239326,0.019430171606979695,0.0,0.0,1.8496117664902137e-06,0.0006695594594694574,0.0010376322010010098,0.07339629411786466,0.9054644930029186,0.14313220654984518,0.6592330769771425,0.18288776185878583,0.009159277467659538,0.004196769098166295,0.0013613142601367973,2.959378826384342e-05,0.0,0.0,0.0006029734358758096,0.004616630969159574,0.014118086613619801,0.06081893410573121,0.31365161452611096,0.6060770844199802,0.00011467592952239326,0.0001609162236846486,0.004315144251221668,0.009068646491101518,0.032251680372289857,0.18761351992216835,0.6407758011593366,0.12579949468606538,1.479689413192171e-05,0.0,0.0,0.0,0.0004235610945262589,0.9995764389054738,0.0,0.0,0.0,0.0,0.0,0.0,0.7608747923810792,0.23912520761892078,0.0,0.0,0.0
tip_middle_root_1_2_2,51,舌尖,132867,188.77835083007812,12.742347717285156,139.20298767089844,20.54286766052246,148.36129760742188,24.02529525756836,158.62814331054688,47.173133850097656,69.10855102539062,18.096477508544922,188.77835083007812,12.742347717285156,160.50672912597656,17.56754493713379,148.37403869628906,4.103987216949463,130.8026580810547,4.492870807647705,0.0,0.0,0.0,0.0,0.004786741628846892,0.5226655226655227,0.47254773570563047,0.0,0.0,0.0,0.005050162944899787,0.3334612808297019,0.4754528965055281,0.18602813339655444,7.526323315797e-06,0.0,0.0,0.0,0.011199169093905935,0.21188858030963295,0.40009934746776854,0.3640557851084167,0.012757118020275914,0.0,0.08539366434103277,0.0,0.0,0.0,0.0,0.0,3.0105293263188e-05,0.914576230365704,0.006209216735532525,0.39827045090202984,0.5195646774594143,0.07515786463154885,0.000797790271474482,0.0,0.0,0.0,0.0,0.0,0.0,0.0,0.004786741628846892,0.5226655226655227,0.47254773570563047,0.0,0.0,0.0,0.0,0.015594541910331383,0.45245245245245247,0.505746347851611,0.026206657785605155,0.0,0.0,0.0,0.0,0.0,0.9967185230343125,0.003281476965687492,0.0,0.0,0.0,0.0,0.0,0.18600555442660704,0.813994445573393,0.0,0.0,0.0
tip_middle_root_1_2_2,51,舌中,254584,215.9009552001953,8.242542266845703,177.4032440185547,15.583516120910645,184.18289184570312,16.328235626220703,164.932373046875,38.754188537597656,45.939632415771484,12.242103576660156,215.9009552001953,8.242542266845703,193.59791564941406,12.56947135925293,143.0697021484375,3.4514927864074707,129.96763610839844,2.666712522506714,0.0,0.0,0.0,0.0,0.0,0.009592118907708261,0.8117792162901046,0.1786286648021871,0.0,0.0,0.00034173396599943435,0.009336800427363857,0.11019152814002452,0.7115529648367533,0.16828237438330768,0.00029459824655123654,0.0,0.0,0.00048706910096471106,0.007824529428400843,0.060565471514313546,0.5725065204411903,0.3574655123652704,0.0011508971498601641,0.052689878389843826,0.0,0.0,0.0,0.0,0.0,0.0,0.9473101216101562,0.0662413977312007,0.858376802941269,0.07130848757188198,0.0035783867014423532,0.0004949250542060774,0.0,0.0,0.0,0.0,0.0,0.0,0.0,0.0,0.009592118907708261,0.8117792162901046,0.1786286648021871,0.0,0.0,0.0,0.00020818276089620713,0.016823523866385946,0.3690766112560098,0.6124658266034001,0.0014258555133079848,0.0,0.0,0.0,0.0,0.9992301165823461,0.0007698834176538981,0.0,0.0,0.0,0.0,0.0,0.12539279766206832,0.8746072023379317,0.0,0.0,0.0
tip_middle_root_1_2_2,51,舌左邊,103736,199.4610595703125,13.65225887298584,146.490478515625,23.11606216430664,152.5328826904297,26.700454711914062,141.6826629638672,68.64196014404297,69.04920959472656,18.176050186157227,199.4610595703125,13.65225887298584,168.17575073242188,19.443927764892578,149.0102996826172,4.28550386428833,132.97279357910156,4.188418388366699,0.0,0.0,0.0,0.0,0.0,0.3141725148453767,0.6745874142052903,0.011240070949332923,0.0,0.0,0.00042415362072954424,0.28354669545770034,0.36263206601372716,0.34343911467571525,0.00995797023212771,0.0,0.0,0.0,1.92797100331611e-05,0.25250636230431095,0.29424693452610473,0.39634263900670935,0.05688478445284183,0.0,0.19089804889334464,0.0,0.0,0.0,0.0,0.0,0.0,0.8091019511066554,0.0029015963599907458,0.4233149533431017,0.5038270224415825,0.06995642785532506,0.0,0.0,0.0,0.0,0.0,0.0,0.0,0.0,0.0,0.3141725148453767,0.6745874142052903,0.011240070949332923,0.0,0.0,0.0,0.0016580550628518547,0.40601141358833964,0.46187437340942394,0.1304561579393846,0.0,0.0,0.0,0.0,0.0,0.998438343487314,0.0015616565126860492,0.0,0.0,0.0,0.0,0.0,0.0798469191023367,0.9201530808976633,0.0,0.0,0.0
tip_middle_root_1_2_2,51,舌右邊,61292,190.81463623046875,16.254833221435547,131.02056884765625,21.512577056884766,131.56716918945312,23.084030151367188,75.37837219238281,87.18877410888672,82.56976318359375,16.4105224609375,190.81463623046875,16.254833221435547,154.9542236328125,18.86512565612793,151.23777770996094,3.832751750946045,137.24691772460938,3.3738081455230713,0.0,0.0,0.0,0.0,0.02643085557658422,0.47851269333681395,0.4864745806956862,0.008581870390915618,0.0,0.0,0.015972720746590095,0.5025615088429158,0.3659531423350519,0.11104222410755074,0.004454088624942896,1.6315342948508776e-05,0.0,0.0,0.017685831756183514,0.519627357567056,0.3218690856881812,0.12590550153364224,0.01470012399660641,0.00021209945833061412,0.5786399530118123,0.0,0.0,0.0,0.0,0.0,0.0,0.4213600469881877,0.001027866605756053,0.14357501794687724,0.6326111074854793,0.2227044312471448,8.157671474254388e-05,0.0,0.0,0.0,0.0,0.0,0.0,0.0,0.02643085557658422,0.47851269333681395,0.4864745806956862,0.008581870390915618,0.0,0.0,0.0,0.043431442928930364,0.5950531880180121,0.3211675259413953,0.04010311296743457,0.00024473014422763165,0.0,0.0,0.0,0.0,0.9946485675128891,0.005351432487110879,0.0,0.0,0.0,0.0,0.0,0.003524114076877896,0.9964758859231221,0.0,0.0,0.0
tip_middle_root_1_2_2,51,舌根,436594,184.3300323486328,30.954540252685547,138.80307006835938,36.42073059082031,140.05648803710938,37.393898010253906,110.96619415283203,84.17892456054688,68.89610290527344,25.158082962036133,184.33004760742188,30.954557418823242,158.0919952392578,33.65548324584961,145.73617553710938,5.584260940551758,134.4294891357422,3.5573160648345947,0.0,0.00017407476969449878,0.0037678025808875063,0.06286618689216984,0.13648149081297498,0.28579412451843134,0.470082044187506,0.04083427623833585,0.0006413280988744692,0.035266174065607864,0.09635954685588899,0.2151793199173603,0.3195829534991319,0.28881523795562924,0.04383935647306193,0.0003160831344452741,0.0004099918917804642,0.030449341951561404,0.10441050495425956,0.21684219205944194,0.29828627970150756,0.2836594181321777,0.06509251157826264,0.0008497597310086716,0.37863552866049466,0.0,0.0,0.0,0.0,0.0,8.016601235930865e-05,0.6212843053271461,0.017760207423830835,0.4683939770129686,0.3702524542252069,0.1153062112626376,0.026731929435585465,0.0014979592023710816,5.7261437399506174e-05,0.0,0.0,0.00017407476969449878,0.0037678025808875063,0.06286618689216984,0.13648149081297498,0.28579412451843134,0.470082044187506,0.04083427623833585,0.0001511701947346963,0.0031539599719648003,0.05712400994974736,0.12511395026042502,0.278407399093895,0.37364462177675367,0.16118407490712194,0.0012208138453574718,0.0,0.0,0.0,1.8323659967841977e-05,0.9923475815059299,0.007634094834102163,0.0,0.0,0.0,0.0,0.0,0.005249728580786726,0.9947502714192132,0.0,0.0,0.0
tip_middle_root_1_2_2,52,舌尖,272677,189.11322021484375,10.410807609558105,140.7595672607422,13.093250274658203,153.74234008789062,13.194196701049805,171.2184295654297,10.302449226379395,65.44670104980469,10.59898853302002,189.11322021484375,10.410807609558105,161.9413604736328,11.440174102783203,148.3774871826172,2.961682081222534,128.50018310546875,1.8431981801986694,0.0,0.0,0.0,0.0,0.00044741580698042004,0.5358574430553366,0.46369514113768306,0.0,0.0,0.0,0.0,0.1713015765906182,0.7533455333599827,0.0753528900493991,0.0,0.0,0.0,0.0,0.0,0.020823171737990368,0.6386603930657885,0.34051643519622116,0.0,0.0,0.0035646570851226907,0.0,0.0,0.0,0.0,0.0,0.00031905881317456186,0.9961162841017027,0.0,0.461043652379922,0.530913865122471,0.008042482497607058,0.0,0.0,0.0,0.0,0.0,0.0,0.0,0.0,0.00044741580698042004,0.5358574430553366,0.46369514113768306,0.0,0.0,0.0,0.0,5.501014020251066e-05,0.4071630537229029,0.5927195913113317,6.234482556284542e-05,0.0,0.0,0.0,0.0,0.0,0.9998533062927933,0.0001466937072066951,0.0,0.0,0.0,0.0,0.0,0.25102593911477683,0.7489740608852232,0.0,0.0,0.0
tip_middle_root_1_2_2,52,舌中,474136,201.53440856933594,5.708078384399414,163.25927734375,9.357362747192383,175.03512573242188,8.457144737243652,170.768798828125,2.560107707977295,48.56527328491211,7.500739097595215,201.53440856933594,5.708078384399414,180.64337158203125,7.6464152336120605,143.96710205078125,2.363266706466675,127.40697479248047,1.5113590955734253,0.0,0.0,0.0,0.0,4.218198997755918e-06,0.04965874770108154,0.9503370340999207,0.0,0.0,0.0,0.0,0.0011241500329019522,0.3297809067440566,0.6690949432230415,0.0,0.0,0.0,0.0,0.0,0.0,0.0490028177569305,0.9477470599152986,0.0032501223277709348,0.0,4.64001889753151e-05,0.0,0.0,0.0,0.0,0.0,0.0,0.9999535998110247,0.0008436397995511836,0.9656512055612736,0.03350515463917526,0.0,0.0,0.0,0.0,0.0,0.0,0.0,0.0,0.0,4.218198997755918e-06,0.04965874770108154,0.9503370340999207,0.0,0.0,0.0,0.0,2.109099498877959e-06,0.0111191725580846,0.93868425936862,0.05019445897379655,0.0,0.0,0.0,0.0,0.0,1.0,0.0,0.0,0.0,0.0,0.0,0.0,0.4723539237687077,0.5276460762312923,0.0,0.0,0.0
tip_middle_root_1_2_2,52,舌左邊,185173,194.3893280029297,15.6591796875,150.55987548828125,18.459035873413086,161.9525146484375,19.50225257873535,164.2550506591797,34.235923767089844,58.62651824951172,11.330543518066406,194.3893280029297,15.6591796875,169.8847198486328,16.761621475219727,146.1941375732422,3.4455182552337646,128.55259704589844,2.182461977005005,0.0,0.0,0.0,0.0,0.029604747992417902,0.2819687535439832,0.6884264984635989,0.0,0.0,0.0,0.0018739233041534134,0.15753376572178449,0.38772391223342495,0.4528683987406371,0.0,0.0,0.0,0.0,4.320284274705276e-05,0.06757464641173389,0.28228197415389933,0.6493657282649198,0.0007344483266998968,0.0,0.0453035809756282,0.0,0.0,0.0,0.0,0.0,0.0,0.9546964190243719,0.0,0.7210392443822804,0.276460391093734,0.0025003645239856783,0.0,0.0,0.0,0.0,0.0,0.0,0.0,0.0,0.029604747992417902,0.2819687535439832,0.6884264984635989,0.0,0.0,0.0,0.0,0.013576493333261328,0.23806926495763422,0.7419440199165105,0.006410221792593953,0.0,0.0,0.0,0.0,0.0,1.0,0.0,0.0,0.0,0.0,0.0,0.0,0.29165699103000975,0.7083430089699903,0.0,0.0,0.0
tip_middle_root_1_2_2,52,舌右邊,210789,198.00437927246094,14.18369197845459,154.8944854736328,18.61483383178711,166.60272216796875,19.846237182617188,168.35008239746094,22.99354362487793,56.31386947631836,12.27225399017334,198.00437927246094,14.18369197845459,173.85110473632812,16.486602783203125,145.92271423339844,3.1573853492736816,128.2814178466797,2.062912940979004,0.0,0.0,0.0,0.0,0.021727889026467224,0.21309935527945006,0.7651727556940827,0.0,0.0,0.0,0.0006736594414319532,0.12789566818002837,0.314617935471016,0.5567842724240829,2.846448344078676e-05,0.0,0.0,0.0,0.00021822770637936514,0.056340700890463925,0.22005417740014896,0.7056630089805446,0.01772388502246322,0.0,0.019023763099592483,0.0,0.0,0.0,0.0,0.0,0.0,0.9809762369004075,1.897632229385784e-05,0.7505230348832245,0.24325747548496363,0.006200513309518049,0.0,0.0,0.0,0.0,0.0,0.0,0.0,0.0,0.021727889026467224,0.21309935527945006,0.7651727556940827,0.0,0.0,0.0,0.0,0.003747823653036923,0.20999198250383083,0.7471215291120504,0.039138664731081796,0.0,0.0,0.0,0.0,0.0,0.9992314589470987,0.0007685410529012425,0.0,0.0,0.0,0.0,0.0,0.35050690500927467,0.6494930949907253,0.0,0.0,0.0
tip_middle_root_1_2_2,52,舌根,814964,181.30178833007812,27.55449104309082,143.4789276123047,28.581384658813477,151.09474182128906,29.697391510009766,168.48873901367188,29.76842498779297,55.18623733520508,14.567086219787598,181.30218505859375,27.55400848388672,160.97914123535156,27.93584442138672,143.5623779296875,2.363795757293701,129.59674072265625,1.8688730001449585,9.448270107636656e-05,0.0013497528725195224,0.003776853946922809,0.06656735757653098,0.1150627512380915,0.29966231637225693,0.5134864852926019,0.0,0.0013632504012447175,0.013741711290314665,0.07576040168645486,0.1342292420278687,0.4075591069053357,0.36734628768878136,0.0,0.0,0.0011828743355534724,0.008407733347730697,0.0662115136374122,0.10912751974320338,0.2886826902783436,0.5259226174407704,0.0004650512169862718,0.0,0.030728964715005816,0.0,0.0,0.0,0.0,0.0,0.00039142833303066146,0.9688796069519635,0.0019816826264718443,0.8090725479898498,0.1638501823393426,0.02325624199351137,0.0013853372664314008,0.00045155368826107654,2.454096131853677e-06,0.0,9.448270107636656e-05,0.0013497528725195224,0.003776853946922809,0.06656735757653098,0.11505293485356409,0.29967213275678434,0.5134864852926019,0.0,0.0006871469169190296,0.0021522423076356747,0.03972077294211769,0.09077824296533343,0.20965834073652334,0.6408111278535003,0.01619212627797056,0.0,0.0,0.0,0.0,0.0,1.0,0.0,0.0,0.0,0.0,0.0,0.0,0.07216269675715738,0.9278373032428426,0.0,0.0,0.0
tip_middle_root_1_2_2,53,舌尖,223083,209.20333862304688,14.091012954711914,149.0335235595703,19.04947853088379,164.3760986328125,18.829553604125977,171.90562438964844,8.048646926879883,73.91580963134766,13.983821868896484,209.20333862304688,14.091012954711914,173.16758728027344,16.2587890625,152.89817810058594,4.14376974105835,129.17376708984375,1.8902262449264526,0.0,0.0,0.0,0.0,0.004357122685278573,0.1280823729284616,0.7897867609813388,0.07777374340492103,0.0,0.0,0.00014344436823962383,0.18248813221984642,0.48901081660189255,0.32698592003873,0.0013716867712914027,0.0,0.0,0.0,0.0,0.028702321557447227,0.32020817363940773,0.6135653545989609,0.03752415020418409,0.0,0.002115804431534451,0.0,0.0,0.0,0.0,0.0,0.0,0.9978841955684655,0.0,0.24699327156260226,0.6985157990523706,0.0544909293850271,0.0,0.0,0.0,0.0,0.0,0.0,0.0,0.0,0.004357122685278573,0.1280823729284616,0.7897867609813388,0.07777374340492103,0.0,0.0,0.0,0.0037519667567676605,0.230694405221375,0.6594496218896106,0.10610400613224674,0.0,0.0,0.0,0.0,0.0,0.9573163351756969,0.04268366482430306,0.0,0.0,0.0,0.0,0.0,0.15849706163176935,0.8415029383682306,0.0,0.0,0.0
tip_middle_root_1_2_2,53,舌中,476346,214.62493896484375,6.146281719207764,174.5091552734375,11.182906150817871,182.20164489746094,9.691351890563965,164.89503479003906,38.82715606689453,47.89984893798828,10.031816482543945,214.62493896484375,6.146281719207764,191.37474060058594,8.71321964263916,143.8021697998047,3.6036300659179688,129.70831298828125,1.6133745908737183,0.0,0.0,0.0,0.0,0.0,0.006665323105473752,0.9430917862226197,0.05024289067190656,0.0,0.0,1.2595886183572446e-05,0.005901172677003691,0.08020640458826148,0.9025813169418868,0.011298509906664483,0.0,0.0,0.0,0.0,0.002302947857229829,0.020063147376066976,0.8307952622673435,0.1468386424993597,0.0,0.053427550561986455,0.0,0.0,0.0,0.0,0.0,0.0,0.9465724494380136,0.002682923757100931,0.9227179403206912,0.07106808916207967,0.003531046760128142,0.0,0.0,0.0,0.0,0.0,0.0,0.0,0.0,0.0,0.006665323105473752,0.9430917862226197,0.05024289067190656,0.0,0.0,0.0,2.0993143639287408e-06,0.009234883886922531,0.4337120496445861,0.5570509671541275,0.0,0.0,0.0,0.0,0.0,0.998083325985733,0.0019166740142669404,0.0,0.0,0.0,0.0,0.0,0.05758629231692929,0.9424137076830708,0.0,0.0,0.0
tip_middle_root_1_2_2,53,舌左邊,174196,212.62806701660156,11.825352668762207,166.04135131835938,22.260513305664062,176.07586669921875,19.084489822387695,163.47679138183594,40.27919006347656,56.80810546875,17.41082191467285,212.62806701660156,11.825352668762207,185.2068634033203,17.843908309936523,146.75392150878906,5.551143169403076,129.61769104003906,1.8455860614776611,0.0,0.0,0.0,0.0,0.0037945762244827666,0.05420331121265701,0.8395829984615031,0.1024191141013571,0.0,0.0,0.001997749661301063,0.061763760361891205,0.2620266825874302,0.5854784265999219,0.08873338078945556,0.0,0.0,0.0,0.0003157362970447083,0.01978231417483754,0.1795333991595674,0.614480240648465,0.1858883097200854,0.0,0.05815288525568899,0.0,0.0,0.0,0.0,0.0,0.0,0.941847114744311,0.01419091138717307,0.6664045098624538,0.3001504052905922,0.019254173459780935,0.0,0.0,0.0,0.0,0.0,0.0,0.0,0.0,0.0037945762244827666,0.05420331121265701,0.8395829984615031,0.1024191141013571,0.0,0.0,0.0,0.005482330248685389,0.1010413557142529,0.4548956348021769,0.43858067923488486,0.0,0.0,0.0,0.0,0.0,0.997617626122299,0.0023823738777009806,0.0,0.0,0.0,0.0,0.0,0.10933660933660934,0.8906633906633906,0.0,0.0,0.0
tip_middle_root_1_2_2,53,舌右邊,188758,210.9340362548828,21.631595611572266,159.8173370361328,29.29625129699707,169.0408935546875,29.66414451599121,164.13189697265625,40.820430755615234,64.02014923095703,22.36251449584961,210.9340362548828,21.631595611572266,180.3106231689453,25.831274032592773,148.46775817871094,5.059147834777832,130.90737915039062,2.9093120098114014,0.0,0.0,0.005075281577469564,0.009435361680034754,0.027055806906197355,0.0654382860593988,0.6444918890854957,0.2485033746914038,0.005440828997976245,0.013000773477150637,0.020751438349632865,0.0634939976053995,0.2763008720160205,0.5410790536030261,0.07993303595079414,0.0,0.005806376418482926,0.010532003941554796,0.019294546456309136,0.033587980376990643,0.2092626537683171,0.5610993971116456,0.16041704192669978,0.0,0.059012068362665426,0.0,0.0,0.0,0.0,0.0,0.0,0.9409879316373346,0.005350766590025324,0.5751968128503163,0.36789963869081044,0.02812596022420242,0.014653683552485192,0.006881827525190985,0.001891310566969347,0.0,0.0,0.0,0.005075281577469564,0.009435361680034754,0.027055806906197355,0.0654382860593988,0.6444918890854957,0.2485033746914038,0.0,0.006436813274139374,0.013885504190550865,0.025577723858061646,0.09982623253054175,0.46081225696394323,0.3934614691827631,0.0,0.0,0.0,0.0,0.0,0.9889541105542546,0.011045889445745347,0.0,0.0,0.0,0.0,0.0,0.04688543002150902,0.953114569978491,0.0,0.0,0.0
tip_middle_root_1_2_2,53,舌根,770339,189.7491455078125,28.15708351135254,154.22988891601562,28.856281280517578,155.3200225830078,27.82525062561035,107.89004516601562,84.61035919189453,51.323219299316406,12.445974349975586,189.7491455078125,28.15708351135254,170.29505920410156,27.685800552368164,141.43629455566406,3.6007885932922363,132.51914978027344,2.3768861293792725,0.0,0.0,0.005784466319373678,0.046657380711608784,0.0923294809168431,0.215649214177135,0.6120045849943986,0.02757487288064086,0.0,0.005309350818276109,0.04898362928528868,0.11476116359161356,0.28408142389259794,0.5154185365144437,0.03144589589778007,0.0,0.0,0.004085214431568439,0.04959634654353473,0.09849429926305173,0.2727383658363396,0.5437670947465986,0.03131867917890695,0.0,0.3963644577257545,0.0,0.0,0.0,0.0,0.0,7.78877870651752e-06,0.603627753495539,0.010847172478610067,0.8209489588350064,0.16548688304759332,0.002622222164527565,9.476347426262983e-05,0.0,0.0,0.0,0.0,0.0,0.005784466319373678,0.046657380711608784,0.0923294809168431,0.215649214177135,0.6120045849943986,0.02757487288064086,0.0,0.0008333993215973747,0.023648030282771612,0.06655641217697662,0.1749359697483835,0.5391911872565195,0.19483500121375136,0.0,0.0,0.0,0.0,0.0,0.999863696372636,0.0001363036273640566,0.0,0.0,0.0,0.0,0.0,0.0038152034364091654,0.9961847965635908,0.0,0.0,0.0
tip_middle_root_1_2_2,54,舌尖,292282,184.34487915039062,16.533151626586914,147.6141815185547,15.989094734191895,161.67178344726562,16.913427352905273,165.3887176513672,19.326648712158203,52.092716217041016,10.649373054504395,185.11546325683594,15.274988174438477,165.5286407470703,14.879216194152832,144.1224822998047,3.636256217956543,125.9798583984375,3.862480401992798,0.0,0.0,0.0,0.0008416529242307087,0.0882298602035021,0.5265394379400715,0.3840811271306478,0.00030792180154782026,0.0,0.0,0.0001300114273201908,0.09540443817956631,0.668248472365729,0.23221751596061338,0.00399271936007007,6.842706701062672e-06,0.0,0.0,0.0003695061618573843,0.01423625129156089,0.46101709992404594,0.48439520736822655,0.03987929465379325,0.00010264060051594008,0.011355471770413504,0.00033529262835207095,0.0,3.421353350531336e-06,0.0005268884159818258,0.026796039441361424,0.039260029697347085,0.9217228566931935,0.033987724184178295,0.8482458721371826,0.11748927405724609,0.00027712962139303824,0.0,0.0,0.0,0.0,0.0,0.0,0.0,0.0006226863097967032,0.05919967702424371,0.5555627784126289,0.38428640833167965,0.00032844992165100825,0.0,0.0,0.0,0.0038524438726982844,0.3527244236730281,0.6084226876783381,0.03493886041562601,6.158436030956406e-05,0.0,0.0,0.0,0.0005474165360850138,0.999452583463915,0.0,0.0,0.0,0.0,0.0,0.0,0.6269390520114136,0.37306094798858636,0.0,0.0,0.0
tip_middle_root_1_2_2,54,舌中,461724,204.61656188964844,8.729140281677246,173.1043701171875,16.080900192260742,187.79026794433594,16.926727294921875,163.18710327148438,17.28342056274414,39.71622085571289,12.923949241638184,204.65452575683594,8.78903579711914,188.46847534179688,13.119773864746094,141.9442901611328,3.826101779937744,124.89704895019531,2.9443235397338867,0.0,0.0,0.0,0.0,8.663184066671864e-06,0.0733901638208107,0.919945681835902,0.00665549115922066,0.0,0.0,0.0,0.006495222253987231,0.18118832895842538,0.6892104374041635,0.12303887170690715,6.713967651670695e-05,0.0,0.0,0.0,0.002492831215184829,0.057192175412150985,0.4977020904263153,0.43827481352496295,0.004338089421385936,0.009949666900572637,0.0,0.0,0.0,0.0,8.87976366833866e-05,0.1144774800530187,0.8754840554097253,0.28275983054811965,0.6720833225043532,0.04408477791927645,0.0010720690282506433,0.0,0.0,0.0,0.0,0.0,0.0,0.0,0.0,8.663184066671864e-06,0.07338583222877737,0.9182325371867176,0.008372967400438356,0.0,0.0,0.0,1.082898008333983e-05,0.02298342732888046,0.5531074841247152,0.423350313174104,0.0005479463922169954,0.0,0.0,0.0,0.0,0.9998852128111166,0.0001147871888834022,0.0,0.0,0.0,0.0,0.0,0.8370173523576856,0.16298264764231446,0.0,0.0,0.0
tip_middle_root_1_2_2,54,舌左邊,189270,196.2501220703125,11.370443344116211,161.08338928222656,16.821714401245117,170.4490509033203,19.35300636291504,163.62399291992188,34.129791259765625,46.244728088378906,12.25080680847168,196.29147338867188,11.439570426940918,177.62696838378906,14.503149032592773,142.53407287597656,3.2550010681152344,128.21218872070312,2.833543300628662,0.0,0.0,0.0,4.75511174512601e-05,0.005558197284302848,0.30243039044750886,0.6840492418238495,0.007914619326887515,0.0,0.0,0.0010725418714006446,0.010767686373963121,0.4883129920219792,0.4512178369525017,0.04814814814814815,0.0004807946320071855,0.0,0.0,0.0,0.007904052411898347,0.29062186294711256,0.556834152269245,0.14043430020605485,0.004205632165689227,0.04107359856289956,0.0,0.0,0.0,0.0,0.0007502509642309927,0.03422095419242352,0.923955196280446,0.13472816611190364,0.8228773709515507,0.04232049453162149,7.396840492418238e-05,0.0,0.0,0.0,0.0,0.0,0.0,0.0,4.75511174512601e-05,0.005558197284302848,0.30243039044750886,0.6831721878797485,0.008791673270988535,0.0,0.0,0.0,0.002256036350187563,0.07829555661224706,0.7547894542188408,0.16283087652559836,0.0018280762931262217,0.0,0.0,0.0,0.0,1.0,0.0,0.0,0.0,0.0,0.0,0.0,0.3914355154012786,0.6085644845987214,0.0,0.0,0.0
tip_middle_root_1_2_2,54,舌右邊,209814,185.8253936767578,12.154125213623047,153.54354858398438,18.18673324584961,162.04725646972656,19.99846649169922,166.74459838867188,27.312021255493164,44.95866012573242,13.711047172546387,185.82826232910156,12.159701347351074,169.6761932373047,15.815443992614746,141.46702575683594,3.3948144912719727,128.1791534423828,2.9118001461029053,0.0,0.0,0.0,0.00010485477613505295,0.024140429142001964,0.6443040025927727,0.33052131888243874,0.0009293946066516057,0.0,0.0,0.0005862335211187052,0.09032762351416015,0.5294689582201378,0.36883144118123673,0.010771445184782713,1.4298378563870856e-05,0.0,0.0,5.2427388067526476e-05,0.048257027653064145,0.3704948192208337,0.5174011267122308,0.06324649451418876,0.0005481045116150495,0.02555120249363722,0.0,0.0,0.0,0.0,0.0,0.01637164345563213,0.9580771540507307,0.17569370966665712,0.7253615106713566,0.09894477966198634,0.0,0.0,0.0,0.0,0.0,0.0,0.0,0.0,0.00010485477613505295,0.024140429142001964,0.6442992364665847,0.33049748825149894,0.0009579913637793474,0.0,0.0,4.766126187956953e-06,0.003526933379088145,0.24835330340206088,0.6680059481254825,0.07984214590065486,0.0002669030665255893,0.0,0.0,0.0,0.0,1.0,0.0,0.0,0.0,0.0,0.0,0.0,0.43030970287969345,0.5696902971203066,0.0,0.0,0.0
tip_middle_root_1_2_2,54,舌根,809942,165.1859588623047,34.10466766357422,138.9044647216797,34.91094207763672,147.49644470214844,37.2447509765625,157.7067413330078,42.46126937866211,42.892696380615234,20.977067947387695,165.203125,34.12014389038086,153.50904846191406,34.38385009765625,139.49134826660156,4.54646110534668,127.29903411865234,2.8242979049682617,0.000782772099730598,0.003527413074022584,0.027787174884127505,0.14687224517311115,0.17529403339992247,0.39480110921522776,0.2502747110286909,0.0006605411251669873,0.004064488568317238,0.029144062167414456,0.097997140535989,0.1896777793965494,0.3520054522422593,0.3070553200105687,0.02004341051581471,1.2346563087233408e-05,0.0018964320901990513,0.02285101896185159,0.07781050988836237,0.17841277523575763,0.27796805203335545,0.34607663264776983,0.09455615340357705,0.0004284257391269992,0.06742211170676418,0.0,0.0,0.0,0.0,0.00024446194912722144,0.051724691397655634,0.880608734946453,0.3354845161752323,0.5259611182035256,0.10863123532302313,0.024698064799701706,0.0052201268732822844,4.9386252348933626e-06,0.0,0.0,0.000782772099730598,0.003527413074022584,0.027785940227818783,0.14683520548384946,0.1752952680562312,0.3947060406794561,0.2502747110286909,0.0007926493502003847,0.0017371614263737404,0.013431825982601224,0.04920228855893385,0.16699343903637545,0.24139506285635268,0.4335582054023621,0.0935906521701554,9.136456684552721e-05,0.0,0.0,0.0,0.0,0.9999975306873825,2.4693126174466813e-06,0.0,0.0,0.0,0.0,0.0,0.5188853028982322,0.4811146971017678,0.0,0.0,0.0
tip_middle_root_1_2_2,55,舌尖,261943,215.02330017089844,13.57926082611084,153.3841094970703,18.565086364746094,164.66932678222656,18.381046295166016,169.63372802734375,27.78819465637207,73.84539031982422,12.732574462890625,215.02330017089844,13.57926082611084,177.3784942626953,15.696260452270508,152.72036743164062,3.9333958625793457,131.45590209960938,2.1771738529205322,0.0,0.0,0.0,0.0,0.0,0.06396429757619024,0.665396670267959,0.2706390321558507,0.0,0.0,1.5270497780051385e-05,0.06782773351454324,0.5619428654325559,0.34675101071607184,0.022825576556731807,0.0006375432823171453,0.0,0.0,1.5270497780051385e-05,0.016209633393524544,0.3902986527603334,0.5218692616332561,0.06942350053255861,0.002183681182547348,0.027101315935146197,0.0,0.0,0.0,0.0,0.0,0.0,0.9728986840648538,0.0008475126267928519,0.21409237887632043,0.7485330778070038,0.036523213065437904,3.817624445012846e-06,0.0,0.0,0.0,0.0,0.0,0.0,0.0,0.0,0.06396429757619024,0.665396670267959,0.2706390321558507,0.0,0.0,0.0,3.817624445012846e-06,0.13372756668435498,0.68349221013732,0.17972230599786976,0.003054099556010277,0.0,0.0,0.0,0.0,0.9663896343861069,0.0336103656138931,0.0,0.0,0.0,0.0,0.0,0.013751083250936273,0.9862489167490637,0.0,0.0,0.0
tip_middle_root_1_2_2,55,舌中,529848,223.45956420898438,10.239333152770996,175.9102783203125,17.33949851989746,186.45094299316406,16.050243377685547,173.1263885498047,4.536396503448486,54.53921127319336,14.015301704406738,223.45956420898438,10.239333152770996,194.69149780273438,13.680920600891113,146.94886779785156,4.723264217376709,129.39137268066406,1.7933111190795898,0.0,0.0,0.0,0.0,0.0,0.0029046066041581737,0.4693855596321964,0.5277098337636454,0.0,0.0,0.0,0.003308496021500506,0.17223241382434207,0.6325512222373209,0.18743299965273058,0.004474868264105932,0.0,0.0,0.0,0.0001679727016049886,0.04669452371246093,0.5615270794642993,0.38020526641602875,0.011405157705606137,0.0005643127840437258,0.0,0.0,0.0,0.0,0.0,5.47326780510637e-05,0.9993809545379052,0.031852531291993176,0.7110963899080491,0.25223649046519003,0.004791940330056922,2.264800471078498e-05,0.0,0.0,0.0,0.0,0.0,0.0,0.0,0.0,0.0029046066041581737,0.4693855596321964,0.5277098337636454,0.0,0.0,0.0,0.0,0.006569808699853543,0.40759991544744906,0.5698124745209947,0.016017801331702677,0.0,0.0,0.0,0.0,0.9920052543370929,0.007994745662907098,0.0,0.0,0.0,0.0,0.0,0.10603418338844348,0.8939658166115565,0.0,0.0,0.0
tip_middle_root_1_2_2,55,舌左邊,189932,198.9627227783203,11.12240219116211,137.43588256835938,12.568276405334473,148.5087127685547,14.460403442382812,168.2587127685547,31.667282104492188,79.32341766357422,10.445727348327637,198.9627227783203,11.12240219116211,162.30226135253906,11.111854553222656,153.0537109375,3.6852118968963623,131.75791931152344,2.298445701599121,0.0,0.0,0.0,0.0,0.008013394267422026,0.17321462418128594,0.8159077985805446,0.0028641829707474254,0.0,0.0,0.0,0.1969020491544342,0.7544858159762441,0.048406798222521745,0.00020533664679990734,0.0,0.0,0.0,0.0004685887580818398,0.06963018343407114,0.7138449550365394,0.21408188193669314,0.0019743908346144937,0.0,0.03558115536086599,0.0,0.0,0.0,0.0,0.0,0.0,0.964418844639134,2.10601689025546e-05,0.06456521281300676,0.8821420297790789,0.05327169723901186,0.0,0.0,0.0,0.0,0.0,0.0,0.0,0.0,0.008013394267422026,0.17321462418128594,0.8159077985805446,0.0028641829707474254,0.0,0.0,0.0,0.0018690899901017207,0.3915243350251669,0.5989722637575553,0.007634311227176042,0.0,0.0,0.0,0.0,0.0,0.9683465661394605,0.031653433860539565,0.0,0.0,0.0,0.0,0.0,0.013009919339553103,0.9869900806604469,0.0,0.0,0.0
tip_middle_root_1_2_2,55,舌右邊,153389,204.59539794921875,9.182830810546875,138.62037658691406,15.298336029052734,152.09286499023438,16.031789779663086,172.8306427001953,12.390937805175781,82.66515350341797,12.945942878723145,204.59539794921875,9.182830810546875,164.89712524414062,12.469908714294434,155.04359436035156,3.664364814758301,131.27154541015625,2.3780951499938965,0.0,0.0,0.0,0.0,0.0006193403699091851,0.08708577538154627,0.9020268728526818,0.010268011395862807,0.0,0.0,0.0005737047637053504,0.2468886295627457,0.6693243974470138,0.08122485967051092,0.001988408556024226,0.0,0.0,0.0,0.00016950368018567172,0.06345957011258956,0.5926044240460528,0.3385705624262496,0.005182900990292655,1.3038744629667056e-05,0.005176381617977821,0.0,0.0,0.0,0.0,0.0,0.0,0.9948236183820222,0.0,0.08134220837217793,0.7545065161126286,0.1641512755151934,0.0,0.0,0.0,0.0,0.0,0.0,0.0,0.0,0.0006193403699091851,0.08708577538154627,0.9020268728526818,0.010268011395862807,0.0,0.0,0.0,0.0012386807398183702,0.3276766912881628,0.657022341888923,0.01384062742439158,0.00022165865870433995,0.0,0.0,0.0,0.0,0.9087027101030712,0.09129728989692873,0.0,0.0,0.0,0.0,0.0,0.04136541733761873,0.9586345826623812,0.0,0.0,0.0
tip_middle_root_1_2_2,55,舌根,911654,186.16905212402344,30.559814453125,140.2499542236328,34.934635162353516,150.1354217529297,34.284423828125,173.1140594482422,7.441292762756348,65.49142456054688,23.927087783813477,186.1712646484375,30.547935485839844,160.17715454101562,32.43881607055664,147.10780334472656,5.8076324462890625,129.8207550048828,2.009153366088867,0.0008435217747083871,0.0013766187610650532,0.007838500132725792,0.045195874750727796,0.1276602746217315,0.2934095610834812,0.46704670851002683,0.05662894036553341,0.0019404291540430908,0.0270025689570824,0.08590101069045931,0.20586977076829588,0.3644211510068513,0.26524427030430403,0.04919848977792013,0.00042230934104386096,0.0009762475676078863,0.016056530218701393,0.05760628484052063,0.1561996108172618,0.3367933448435481,0.3399480504665147,0.09141735790113355,0.0010025733447119193,0.0017122724191414725,0.0,0.0,0.0,0.0,0.00025228869724698187,0.0006526598907041488,0.9973827789929074,0.017728217064807483,0.5011572372851981,0.36069166591711327,0.10911486155931965,0.011308018173561462,0.0,0.0,0.0,0.0007974516647763296,0.0014226888709971107,0.007838500132725792,0.045195874750727796,0.1276602746217315,0.2934095610834812,0.46704670851002683,0.05662894036553341,0.001155043470439443,0.007712355784102302,0.03437268963883228,0.10804647377184766,0.282551274935447,0.4063241098048163,0.15809177604661417,0.0017462765479008483,0.0,0.0,0.0,0.0,0.993884741360209,0.006115258639790973,0.0,0.0,0.0,0.0,0.0,0.08069070063861948,0.9193092993613805,0.0,0.0,0.0
tip_middle_root_1_2_2,56,舌尖,209730,200.5164337158203,11.6898193359375,139.64495849609375,16.762399673461914,146.04263305664062,17.282073974609375,171.1343231201172,30.74650764465332,77.94725036621094,13.184059143066406,200.5164337158203,11.6898193359375,163.9103240966797,14.214226722717285,152.12196350097656,3.5239176750183105,134.12437438964844,2.2504031658172607,0.0,0.0,0.0,0.0,0.003356696705287751,0.22473179802603346,0.7697468173365756,0.0021646879321031804,0.0,0.0,0.008010298955800315,0.23851618747913986,0.6202736852143231,0.13319982835073665,0.0,0.0,0.0,0.0,0.00635579077862013,0.13064416154102895,0.6274400419587088,0.23526438754589235,0.0002956181757497735,0.0,0.03131645448910504,0.0,0.0,0.0,0.0,0.0,0.0,0.968683545510895,0.0,0.14570638439898917,0.767262671053259,0.0867353263720021,0.0002956181757497735,0.0,0.0,0.0,0.0,0.0,0.0,0.0,0.003356696705287751,0.22473179802603346,0.7697468173365756,0.0021646879321031804,0.0,0.0,0.0,0.00902112239546083,0.3833881657368998,0.5935154722738759,0.01407523959376341,0.0,0.0,0.0,0.0,0.0,0.9781719353454441,0.02182806465455586,0.0,0.0,0.0,0.0,0.0,0.0004005149477900157,0.99959948505221,0.0,0.0,0.0
tip_middle_root_1_2_2,56,舌中,425376,210.2886505126953,10.344667434692383,162.14476013183594,14.068228721618652,166.69691467285156,14.874868392944336,152.48085021972656,60.397071838378906,58.94334411621094,10.311464309692383,210.2886505126953,10.344667434692383,181.5819549560547,12.006282806396484,146.50750732421875,3.248317241668701,132.6961212158203,1.939434289932251,0.0,0.0,0.0,0.0,0.00014575340404724291,0.06583822312495298,0.8962705935454751,0.03774542992552471,0.0,0.0,0.0003596817874069059,0.014925618746708794,0.36764885654103663,0.6117364402317009,0.005329402693146769,0.0,0.0,0.0,0.00039024298502971487,0.012652335815842925,0.2670719551643722,0.7016051681336042,0.01828029790115098,0.0,0.13741960054163846,0.0,0.0,0.0,0.0,0.0,0.0,0.8625803994583615,0.0001786654630256526,0.7062457684495599,0.28960731211916046,0.003902429850297149,6.582411795681937e-05,0.0,0.0,0.0,0.0,0.0,0.0,0.0,0.00014575340404724291,0.06583822312495298,0.8962705935454751,0.03774542992552471,0.0,0.0,0.0,0.0004231550440081246,0.05003338223124953,0.7536038704581358,0.19593959226660648,0.0,0.0,0.0,0.0,0.0,0.998598886632062,0.0014011133679380126,0.0,0.0,0.0,0.0,0.0,0.0004913300233205446,0.9995086699766794,0.0,0.0,0.0
tip_middle_root_1_2_2,56,舌左邊,156954,195.9767608642578,15.110010147094727,151.01083374023438,21.58965301513672,155.1466064453125,21.787151336669922,159.61959838867188,51.98563003540039,59.8714714050293,15.241183280944824,195.9767608642578,15.110010147094727,170.14646911621094,18.71925163269043,145.5663604736328,3.6388180255889893,132.52784729003906,2.3401381969451904,0.0,0.0,0.0,0.0,0.0052308319635052305,0.3653044841163653,0.624934694241625,0.00452998967850453,0.0,0.0,0.004651044255004651,0.16631624552416632,0.4266345553474266,0.39261821935089264,0.00977993552250978,0.0,0.0,0.0,0.005434713355505435,0.11091784854161092,0.4117958127859118,0.45233635332645233,0.01943881646851944,7.645552200007645e-05,0.09755087477859756,0.0,0.0,0.0,0.0,0.0,0.0,0.9024491252214024,0.01065917402551066,0.6425640633561426,0.32416504198682417,0.02261172063152261,0.0,0.0,0.0,0.0,0.0,0.0,0.0,0.0,0.0052308319635052305,0.3653044841163653,0.624934694241625,0.00452998967850453,0.0,0.0,0.0,0.009805420696509805,0.29383768492679385,0.5751302929520752,0.1210991755546211,0.00012742587000012743,0.0,0.0,0.0,0.0,0.9996941779119997,0.0003058220880003058,0.0,0.0,0.0,0.0,0.0,0.003446869783503447,0.9965531302164966,0.0,0.0,0.0
tip_middle_root_1_2_2,56,舌右邊,169548,203.83998107910156,14.121994018554688,149.5997772216797,23.353166580200195,153.17529296875,23.422712326049805,147.4182586669922,66.31385803222656,69.35440063476562,17.43593978881836,203.83998107910156,14.121994018554688,171.2930450439453,19.497772216796875,149.01296997070312,4.530926704406738,134.41085815429688,2.449920415878296,0.0,0.0,0.0,0.0,0.0026246254747917994,0.22549956354542666,0.7155495788803171,0.05632623209946446,0.0,8.257248684738246e-05,0.004169910585792814,0.21789699672069265,0.4049590676386628,0.3543598273055418,0.018531625262462548,0.0,0.0,0.0,0.00451199660273197,0.16856583386415647,0.3941125816877816,0.40235803430297024,0.030445655507584872,5.8980347748130325e-06,0.1700875268360582,0.0,0.0,0.0,0.0,0.0,0.0,0.8299124731639418,0.00014745086937032582,0.40566683181164037,0.5276381909547738,0.0649019746620426,0.001645551702172836,0.0,0.0,0.0,0.0,0.0,0.0,0.0,0.0026246254747917994,0.22549956354542666,0.7155495788803171,0.05632623209946446,0.0,0.0,1.1796069549626065e-05,0.005514662514450186,0.30506405265765446,0.513848585651261,0.1755491070375351,1.1796069549626065e-05,0.0,0.0,0.0,0.0,0.9946740745983438,0.005325925401656168,0.0,0.0,0.0,0.0,0.0,9.436855639700852e-05,0.999905631443603,0.0,0.0,0.0
tip_middle_root_1_2_2,56,舌根,764288,166.13636779785156,31.949785232543945,123.40596008300781,30.744897842407227,124.03317260742188,29.81399154663086,95.2290267944336,88.08470153808594,69.15274047851562,15.57601261138916,166.13636779785156,31.949785232543945,142.1903533935547,30.678369522094727,144.79293823242188,3.0949931144714355,134.2488555908203,1.821068525314331,0.0,0.0,0.016008363339474124,0.1488444146709094,0.19999790654831687,0.3883771562552336,0.2450987062468598,0.0016734529392061631,0.0,0.03608849020264612,0.1845652424217049,0.25722371671411826,0.4193353814268967,0.10241296474627365,0.00037420448836040864,0.0,0.0,0.029117296097806063,0.17980525665717637,0.26721078964997486,0.42231331644615644,0.10118306188243176,0.0003702792664545302,0.0,0.46851579509294927,0.0,0.0,0.0,0.0,0.0,0.0,0.5314842049070507,6.0186735890135655e-05,0.40471523823480154,0.5265187991961146,0.06646578253223916,0.0022269092279350194,1.3084073019594708e-05,0.0,0.0,0.0,0.0,0.016008363339474124,0.1488444146709094,0.19999790654831687,0.3883771562552336,0.2450987062468598,0.0016734529392061631,0.0,0.0019102746608608274,0.09071972868866186,0.2066498492714788,0.35237502093451684,0.332194146709094,0.01615097973538771,0.0,0.0,0.0,0.0,0.0,0.9999293460056942,7.065399430581142e-05,0.0,0.0,0.0,0.0,0.0,5.102788477641936e-05,0.9999489721152236,0.0,0.0,0.0
tip_middle_root_1_2_2,57,舌尖,138156,191.43260192871094,13.996498107910156,145.1870880126953,19.16583824157715,163.10911560058594,21.157955169677734,159.76272583007812,34.46858596801758,62.78998565673828,13.410490989685059,191.43649291992188,14.004044532775879,165.90245056152344,16.823772430419922,148.32333374023438,3.65474796295166,125.48114013671875,3.500164270401001,0.0,0.0,0.0,0.0,0.001375256955904919,0.4432163641101364,0.5554083789339587,0.0,0.0,0.0,0.0,0.2489866527693332,0.4651263788760532,0.28239092040881325,0.0034960479458003998,0.0,0.0,0.0,0.0,0.046642925388691046,0.36877153362865167,0.5185080633486783,0.06596890471640754,0.00010857291757144098,0.04651987608211008,0.0,0.0,0.0,0.0,0.0,0.005891890326876864,0.9475882335910131,0.005660268102724456,0.49960189930223803,0.48430035611916966,0.01043747647586786,0.0,0.0,0.0,0.0,0.0,0.0,0.0,0.0,0.001375256955904919,0.4432163641101364,0.5552998060163873,0.00010857291757144098,0.0,0.0,0.0,0.00015200208460001738,0.3877790323981586,0.5709632589246938,0.04110570659254755,0.0,0.0,0.0,0.0,0.0,0.9971409131706187,0.002859086829381279,0.0,0.0,0.0,0.0,0.0,0.8404629549205246,0.1595370450794754,0.0,0.0,0.0
tip_middle_root_1_2_2,57,舌中,402892,196.6657257080078,9.737812995910645,163.09400939941406,13.950804710388184,173.8557891845703,13.24435043334961,159.75567626953125,40.13776397705078,43.826255798339844,12.145062446594238,196.66583251953125,9.738112449645996,179.28028869628906,11.610424041748047,142.11256408691406,4.10681676864624,127.16527557373047,2.522306442260742,0.0,0.0,0.0,0.0,4.9641094883988764e-06,0.2645597331294739,0.7353608411187117,7.446164232598314e-05,0.0,0.0,0.0,0.0176623015597232,0.34909355360741834,0.6258476216951441,0.0073965231377143255,0.0,0.0,0.0,0.0,0.009153817896607528,0.11122831925180941,0.8106490076745133,0.06891424997269739,5.4605204372387635e-05,0.05996396056511422,0.0,0.0,0.0,0.0,0.0,0.0015885150362876404,0.9384475243985981,0.15940500183672052,0.7612859029218748,0.07922966948959026,7.942575181438202e-05,0.0,0.0,0.0,0.0,0.0,0.0,0.0,0.0,4.9641094883988764e-06,0.2645597331294739,0.7353533949544792,8.190780655858145e-05,0.0,0.0,0.0,0.0,0.05332446412438073,0.8022968934602822,0.1443711962511045,7.446164232598314e-06,0.0,0.0,0.0,0.0,1.0,0.0,0.0,0.0,0.0,0.0,0.0,0.5758093980520834,0.4241906019479166,0.0,0.0,0.0
tip_middle_root_1_2_2,57,舌左邊,65135,184.38848876953125,12.4370756149292,135.393310546875,12.660979270935059,145.97265625,16.01049041748047,160.24591064453125,45.44063949584961,68.06527709960938,8.901469230651855,184.38848876953125,12.4370756149292,156.74862670898438,12.041654586791992,148.3465118408203,3.1546249389648438,129.84439086914062,2.80041766166687,0.0,0.0,0.0,0.0,0.017210409150226452,0.6246104245029555,0.3581791663468181,0.0,0.0,0.0,0.0,0.2552084132954633,0.69864128348814,0.04615030321639672,0.0,0.0,0.0,0.0,0.0,0.13562600752283718,0.6536577876717586,0.21071620480540415,0.0,0.0,0.07495202272203884,0.0,0.0,0.0,0.0,0.0,0.0,0.9250479772779612,0.0,0.30954172104091504,0.6904429262301374,1.535272894757043e-05,0.0,0.0,0.0,0.0,0.0,0.0,0.0,0.0,0.017210409150226452,0.6246104245029555,0.3581791663468181,0.0,0.0,0.0,0.0,0.004805404160589544,0.6010439855684347,0.39415061027097564,0.0,0.0,0.0,0.0,0.0,0.0,1.0,0.0,0.0,0.0,0.0,0.0,0.0,0.2236739080371536,0.7763260919628464,0.0,0.0,0.0
tip_middle_root_1_2_2,57,舌右邊,169333,185.03897094726562,12.22897720336914,144.61996459960938,21.24648666381836,161.63536071777344,20.95762062072754,164.99276733398438,17.455211639404297,56.6287727355957,19.274457931518555,185.03897094726562,12.22897720336914,163.85874938964844,17.737049102783203,146.06442260742188,5.422135353088379,125.08344268798828,2.638774871826172,0.0,0.0,0.0,0.0,0.04795875582432249,0.6144224693355695,0.33761877484010794,0.0,0.0,0.0,3.543314061641854e-05,0.258213106718714,0.4722588036590623,0.2683351738881376,0.001157482593469672,0.0,0.0,0.0,0.0,0.10344705402963392,0.22928785292884435,0.6425918161256223,0.02467327691589944,0.0,0.011037423302014375,0.0,0.0,0.0,0.0,0.0,0.0012874041090632068,0.9876751725889225,0.10376004677174562,0.5248061511932111,0.36843379612951993,0.003000005905523436,0.0,0.0,0.0,0.0,0.0,0.0,0.0,0.0,0.04795875582432249,0.6144224693355695,0.33761877484010794,0.0,0.0,0.0,0.0,0.02075200935434912,0.31221321301813587,0.6285543869180845,0.03848039070943053,0.0,0.0,0.0,0.0,0.0,1.0,0.0,0.0,0.0,0.0,0.0,0.0,0.8649052458764682,0.13509475412353175,0.0,0.0,0.0
tip_middle_root_1_2_2,57,舌根,631232,186.8188934326172,19.528432846069336,156.25997924804688,23.548891067504883,161.48573303222656,22.730140686035156,126.71246337890625,73.93254852294922,44.60521697998047,15.121182441711426,186.8190155029297,19.528491973876953,171.52630615234375,21.474016189575195,140.2234344482422,4.6744608879089355,129.56924438476562,3.6784827709198,0.0,0.0007509125012673629,0.0024887838385886647,0.019675808577511913,0.06525017743080198,0.4013500582986921,0.510484259353138,0.0,0.0011041899016526412,0.0023984842340058804,0.016347396836662274,0.08465983980533306,0.3949007654871743,0.48195908952651323,0.018630234208658624,0.0,0.0009996324647673122,0.0015620247389232485,0.012474019061137586,0.06463075382743587,0.3032831035181993,0.5749455033965325,0.042104962993004154,0.0,0.26936688887762344,0.0,0.0,0.0,0.0,0.0,0.00683900689445402,0.7237941042279226,0.20396462790226097,0.6935722523572949,0.09832201155834938,0.0025537361857447026,0.0005433818310858766,0.0007841807766399676,0.0002582251850349792,1.5842035891716517e-06,0.0,0.0007509125012673629,0.0024887838385886647,0.019675808577511913,0.06525017743080198,0.4013500582986921,0.510484259353138,0.0,0.0007445756869106763,0.001113695123187671,0.005962942309642096,0.03629727263510088,0.16721110463347866,0.643476566460509,0.14519384315117104,0.0,0.0,0.0,0.0,0.0,1.0,0.0,0.0,0.0,0.0,0.0,0.0,0.27705978150664096,0.722940218493359,0.0,0.0,0.0
tip_middle_root_1_2_2,58,舌尖,236475,191.66961669921875,12.600930213928223,138.2641143798828,13.83775806427002,148.97756958007812,13.335119247436523,173.72201538085938,5.158727645874023,71.3232192993164,9.223370552062988,191.66961669921875,12.600930213928223,160.7495880126953,12.542963027954102,149.9550323486328,2.5377037525177,130.54197692871094,1.8452696800231934,0.0,0.0,0.0,0.0,0.001581562533037319,0.4407062057299926,0.55771223173697,0.0,0.0,0.0,4.228776826302992e-05,0.23543714980441907,0.6848969235648589,0.07962363886245903,0.0,0.0,0.0,0.0,0.0,0.03690030658631991,0.7464002537266096,0.21659794904323923,0.0001014906438312718,0.0,0.0007823237128660535,0.0,0.0,0.0,0.0,0.0,0.0,0.999217676287134,0.0,0.19130986362194735,0.7996363251929379,0.009053811185114705,0.0,0.0,0.0,0.0,0.0,0.0,0.0,0.0,0.001581562533037319,0.4407062057299926,0.55771223173697,0.0,0.0,0.0,0.0,9.726186700496881e-05,0.47991119568664764,0.5143292102759277,0.005662332170419706,0.0,0.0,0.0,0.0,0.0,0.9983719209218733,0.0016280790781266518,0.0,0.0,0.0,0.0,0.0,0.05009409028438524,0.9499059097156147,0.0,0.0,0.0
tip_middle_root_1_2_2,58,舌中,385450,210.50869750976562,6.389045715332031,171.47195434570312,12.20624828338623,177.07827758789062,10.096675872802734,156.09762573242188,54.60337448120117,47.66099548339844,9.82939624786377,210.50869750976562,6.389045715332031,188.11727905273438,9.66605281829834,143.13827514648438,3.353747606277466,130.630126953125,1.4262534379959106,0.0,0.0,0.0,0.0,0.0,0.008141133739784668,0.9875158905175768,0.004342975742638475,0.0,0.0,0.0,0.000329485017511999,0.16252951096121415,0.8245790634323518,0.012561940588922038,0.0,0.0,0.0,0.0,0.0,0.062181865352185756,0.8995174471397068,0.03830068750810741,0.0,0.11035932027500324,0.0,0.0,0.0,0.0,0.0,0.0,0.8896406797249967,0.018414839797639124,0.907788299390323,0.07379686081203787,0.0,0.0,0.0,0.0,0.0,0.0,0.0,0.0,0.0,0.0,0.008141133739784668,0.9875158905175768,0.004342975742638475,0.0,0.0,0.0,0.0,0.007482163704760669,0.5683486833571151,0.4241691529381243,0.0,0.0,0.0,0.0,0.0,1.0,0.0,0.0,0.0,0.0,0.0,0.0,0.003318199507069659,0.9966818004929303,0.0,0.0,0.0
tip_middle_root_1_2_2,58,舌左邊,163375,195.0607147216797,8.878318786621094,147.4405517578125,13.835796356201172,156.65130615234375,14.45751953125,173.76141357421875,7.470702648162842,62.60126876831055,10.582931518554688,195.0607147216797,8.878318786621094,167.85299682617188,11.745992660522461,147.3458251953125,2.825716495513916,130.30929565429688,1.666792631149292,0.0,0.0,0.0,0.0,6.120887528691661e-06,0.31984697781178273,0.679185921958684,0.0009609793420045907,0.0,0.0,0.0,0.07160214231063504,0.7446671767406274,0.18220045906656465,0.001530221882172915,0.0,0.0,0.0,0.0,0.023749043611323642,0.543681713848508,0.4208783473603673,0.011482785003825555,0.00020811017597551645,0.0017566947207345064,0.0,0.0,0.0,0.0,0.0,3.672532517214996e-05,0.9982065799540933,0.004602907421576129,0.525080336648814,0.47019433817903594,0.00012241775057383322,0.0,0.0,0.0,0.0,0.0,0.0,0.0,0.0,6.120887528691661e-06,0.31984697781178273,0.679185921958684,0.0009609793420045907,0.0,0.0,0.0,0.0,0.23226931905126244,0.7417107880642693,0.025903596021423107,0.00011629686304514155,0.0,0.0,0.0,0.0,1.0,0.0,0.0,0.0,0.0,0.0,0.0,0.026368783473603673,0.9736312165263963,0.0,0.0,0.0
tip_middle_root_1_2_2,58,舌右邊,176063,199.0323028564453,10.69877815246582,148.17127990722656,16.19870376586914,156.95668029785156,17.873973846435547,168.15249633789062,32.40880584716797,65.7261734008789,12.9010009765625,199.0323028564453,10.69877815246582,169.404296875,13.75888442993164,148.48696899414062,3.5764949321746826,131.07925415039062,2.392441511154175,0.0,0.0,0.0,0.0,0.0017664131589260662,0.19471439200740645,0.800349874760739,0.0031693200729284404,0.0,0.0,0.0002442307583081056,0.11596417191573472,0.644087627724167,0.23655736866916957,0.0031466009326207097,0.0,0.0,0.0,0.0004487030210776824,0.07309315415504677,0.43983119678751353,0.46747471075694497,0.019123836354032364,2.8398925384663444e-05,0.036276787286369086,0.0,0.0,0.0,0.0,0.0,0.0,0.9637232127136309,0.0009655634630785571,0.46449850337663223,0.5079091007196288,0.026626832440660445,0.0,0.0,0.0,0.0,0.0,0.0,0.0,0.0,0.0017664131589260662,0.19471439200740645,0.800349874760739,0.0031693200729284404,0.0,0.0,0.0,0.001987924776926441,0.21957481128914083,0.7372247434157092,0.04121252051822359,0.0,0.0,0.0,0.0,0.0,0.9970351521898412,0.0029648478101588637,0.0,0.0,0.0,0.0,0.0,0.03511243134559788,0.9648875686544022,0.0,0.0,0.0
tip_middle_root_1_2_2,58,舌根,659297,172.51712036132812,45.232505798339844,134.65298461914062,45.99903869628906,138.60134887695312,46.237579345703125,150.00921630859375,62.49032974243164,62.963748931884766,27.723533630371094,172.51712036132812,45.232505798339844,151.32040405273438,46.31664276123047,143.3045654296875,3.745875597000122,131.70547485351562,1.8869582414627075,0.0003564402689531425,0.03879890246732504,0.06688336212662882,0.0713153555984632,0.08624034388143735,0.23018609215573557,0.5062119196659473,7.58383550964133e-06,0.03499636734279088,0.09409113040101805,0.07360870745657876,0.1020465738506318,0.3022901666472015,0.38668612173269407,0.00628093256908495,0.0,0.0236964524334253,0.09703517534586081,0.07209800742305819,0.09570042029616395,0.2688515191180909,0.4205843496936889,0.02203407568971192,0.0,0.14988085794414355,0.0,0.0,0.0,0.0,0.0,0.0,0.8501191420558565,0.0331944480257001,0.616081978228325,0.20280844596593037,0.11253198482626191,0.03256802321260373,0.002707429276941955,0.00010617369713497862,1.516767101928266e-06,0.0003564402689531425,0.03879890246732504,0.06688336212662882,0.0713153555984632,0.08624034388143735,0.23018609215573557,0.5062119196659473,7.58383550964133e-06,0.009939374818935927,0.07779346789079884,0.07185077438544389,0.07339636006230879,0.16383814881608744,0.4775010351935471,0.12568083883287806,0.0,0.0,0.0,0.0,0.0,0.9999969664657962,3.033534203856532e-06,0.0,0.0,0.0,0.0,0.0,0.006279415801983022,0.993720584198017,0.0,0.0,0.0
tip_middle_root_1_2_2,59,舌尖,161058,207.00999450683594,11.411294937133789,142.86871337890625,11.658312797546387,155.14230346679688,12.21094799041748,173.50836181640625,10.615849494934082,79.07561492919922,10.208395957946777,207.00999450683594,11.411294937133789,168.28382873535156,10.322488784790039,154.0435028076172,3.4290404319763184,131.49693298339844,2.06541109085083,0.0,0.0,0.0,0.0,0.0,0.10398738342708838,0.8672465819766793,0.028766034596232413,0.0,0.0,0.0,0.10356517527847112,0.8399086043537111,0.056526220367817806,0.0,0.0,0.0,0.0,0.0,0.013020154230153113,0.5960523538104285,0.39092128301605633,6.208943362018652e-06,0.0,0.0037936643941933962,0.0,0.0,0.0,0.0,0.0,0.0,0.9962063356058066,0.0006395211662879211,0.05080778353139863,0.8985210296911672,0.050031665611146296,0.0,0.0,0.0,0.0,0.0,0.0,0.0,0.0,0.0,0.10398738342708838,0.8672465819766793,0.028766034596232413,0.0,0.0,0.0,0.0,0.2065591277676365,0.7931490518943486,0.00029182033801487665,0.0,0.0,0.0,0.0,0.0,0.9582448558904245,0.04175514410957543,0.0,0.0,0.0,0.0,0.0,0.03044865824733947,0.9695513417526606,0.0,0.0,0.0
tip_middle_root_1_2_2,59,舌中,398412,207.29544067382812,4.379748821258545,167.085693359375,13.169358253479004,176.6239013671875,10.810118675231934,165.83346557617188,33.51798629760742,49.544490814208984,15.71554183959961,207.29544067382812,4.379748821258545,184.6481170654297,9.124265670776367,144.2603302001953,5.51810359954834,128.8424072265625,1.9910597801208496,0.0,0.0,0.0,0.0,0.0,0.0020380912221519432,0.9979568888487295,5.019929118600845e-06,0.0,0.0,0.0,0.0013578908265815288,0.2700019075730651,0.7235324237221771,0.00510777787817636,0.0,0.0,0.0,0.0,0.0001330281216429224,0.08231177775769806,0.8728050359928918,0.04475015812776723,0.0,0.0397754083712338,0.0,0.0,0.0,0.0,0.0,0.00020581709386263466,0.9600187745349036,0.0801783078822927,0.7239540977681395,0.18981606979709448,0.006051524552473319,0.0,0.0,0.0,0.0,0.0,0.0,0.0,0.0,0.0,0.0020380912221519432,0.9979568888487295,5.019929118600845e-06,0.0,0.0,0.0,0.0,0.003052116904109314,0.7502108370229812,0.24673704607290944,0.0,0.0,0.0,0.0,0.0,0.990416955312591,0.009583044687409014,0.0,0.0,0.0,0.0,0.0,0.22311576960533316,0.7768842303946668,0.0,0.0,0.0
tip_middle_root_1_2_2,59,舌左邊,138425,199.1905059814453,13.100366592407227,155.48243713378906,20.671051025390625,165.91650390625,20.46888542175293,172.48443603515625,5.055604934692383,56.755584716796875,15.517200469970703,199.1905059814453,13.100366592407227,174.5131378173828,17.464479446411133,145.9592742919922,4.1732096672058105,129.0312042236328,1.8943549394607544,0.0,0.0,0.0,0.0,0.009210763951598339,0.22644031063752934,0.7643489254108723,0.0,0.0,0.0,0.0006284991872855337,0.12710854253205708,0.3873144301968575,0.4808018782734333,0.004146649810366624,0.0,0.0,0.0,0.0002167238576846668,0.04352537475167058,0.3119234242369514,0.589597254831136,0.054737222322557344,0.0,0.0007007404731804226,0.0,0.0,0.0,0.0,0.0,0.0,0.9992992595268195,0.022040816326530613,0.6344518692432726,0.34013364637890553,0.003373668051291313,0.0,0.0,0.0,0.0,0.0,0.0,0.0,0.0,0.009210763951598339,0.22644031063752934,0.7643489254108723,0.0,0.0,0.0,0.0,0.003359219794112335,0.21426042983565108,0.6101715730540004,0.17220877731623624,0.0,0.0,0.0,0.0,0.0,1.0,0.0,0.0,0.0,0.0,0.0,0.0,0.18399133104569262,0.8160086689543073,0.0,0.0,0.0
tip_middle_root_1_2_2,59,舌右邊,127554,198.2586212158203,15.807572364807129,154.11276245117188,22.435489654541016,162.17250061035156,22.42156219482422,162.83563232421875,42.69109344482422,57.85068893432617,15.84748363494873,198.2586212158203,15.807572364807129,173.1296844482422,19.400592803955078,145.777099609375,4.45598840713501,130.31932067871094,2.2820475101470947,0.0,0.0,0.0,0.0,0.03325650312808693,0.22511250137196795,0.7415761167819119,5.487871803314675e-05,0.0,0.0,0.003935588064662809,0.1461733853897173,0.3830456120545024,0.45117362058422317,0.015671793906894334,0.0,0.0,0.0,0.0045078946955799115,0.08498361478275868,0.29353058312557817,0.5767204478103392,0.040257459585744074,0.0,0.06525863555827335,0.0,0.0,0.0,0.0,0.0,0.0,0.9347413644417266,0.03205701114821958,0.5901892531790457,0.36591561221129876,0.01183812346143594,0.0,0.0,0.0,0.0,0.0,0.0,0.0,0.0,0.03325650312808693,0.22511250137196795,0.7415761167819119,5.487871803314675e-05,0.0,0.0,0.0,0.017490631418850055,0.22823274848299543,0.5823337566834439,0.17194286341471063,0.0,0.0,0.0,0.0,0.0,0.9998275240290386,0.00017247597096131835,0.0,0.0,0.0,0.0,0.0,0.08678677266099064,0.9132132273390093,0.0,0.0,0.0
tip_middle_root_1_2_2,59,舌根,695195,186.93995666503906,27.17469024658203,153.5982208251953,32.066200256347656,150.058837890625,37.60273742675781,81.97362518310547,83.04096221923828,58.11624526977539,29.67828941345215,186.94412231445312,27.170873641967773,168.8686981201172,30.316225051879883,140.08819580078125,3.716179132461548,134.7690887451172,7.141659259796143,0.0009421816900294163,0.0018023719963463488,0.006698839893842735,0.04139989499349103,0.08821553664799085,0.27080459439437854,0.5901351419385927,1.438445328289185e-06,0.0038449643625169914,0.014764202849560195,0.05279813577485454,0.10209653406598149,0.27443379195765216,0.5329065945526076,0.019155776436827077,0.0,0.00564733635886334,0.031214263623875315,0.06530685634965729,0.13747653536058227,0.23552096893677313,0.4727263573529729,0.05210768201727573,0.0,0.5491423269730076,0.0,0.0,0.0,0.0,0.00034522687878940444,0.0012226785290458072,0.44928976761915723,0.13242759225828724,0.5498414114025562,0.20113349491869187,0.08001639827674249,0.02742971396514647,0.008433604959759491,0.0007033997655334115,1.4384453282891851e-05,0.0009421816900294163,0.0018023719963463488,0.006698839893842735,0.04139989499349103,0.08797387783283826,0.27104625320953113,0.5901351419385927,1.438445328289185e-06,0.0023791885729903123,0.004414588712519509,0.030102345385107775,0.0686569955192428,0.18425765432720315,0.48568818820618676,0.2245010392767497,0.0,0.0,0.0,0.0,0.0,0.999979861765404,2.013823459604859e-05,0.0,0.0,0.0,0.0,0.0,0.10811498931954344,0.8918850106804566,0.0,0.0,0.0
tip_middle_root_1_2_2,6,舌尖,66238,143.93104553222656,13.163381576538086,92.05818176269531,10.350604057312012,111.01155090332031,12.16653823852539,168.920166015625,5.608989238739014,92.04537963867188,8.465947151184082,143.93104553222656,13.163381576538086,115.54805755615234,11.314192771911621,152.0421600341797,2.6211841106414795,126.19759368896484,1.8490220308303833,0.0,0.0,0.00045291222561067666,0.14402608774419517,0.8143059874996226,0.041215012530571575,0.0,0.0,0.0,0.01216824179474018,0.5915486578701048,0.3957245085902352,0.0005585917449198346,0.0,0.0,0.0,0.0,0.004514025181919744,0.09022011534164678,0.8578912406775567,0.04737461879887678,0.0,0.0,0.0,0.0009662127479694435,0.0,0.0,0.0,0.0,0.0,0.0,0.9990337872520305,0.0,0.0011624747124007366,0.6638183520033818,0.33393218394275187,0.001086989341465624,0.0,0.0,0.0,0.0,0.0,0.00045291222561067666,0.14402608774419517,0.8143059874996226,0.041215012530571575,0.0,0.0,0.0,4.529122256106766e-05,0.06216975150215888,0.8386273740149159,0.09915758326036414,0.0,0.0,0.0,0.0,0.0,0.0,0.0,1.0,0.0,0.0,0.0,0.0,0.0,0.0,0.818608653642924,0.181391346357076,0.0,0.0,0.0
tip_middle_root_1_2_2,6,舌中,151914,141.8926544189453,11.577518463134766,104.68185424804688,11.376348495483398,120.82928466796875,11.047396659851074,166.72804260253906,3.0816149711608887,66.9256362915039,13.799982070922852,141.8926544189453,11.577518463134766,123.64977264404297,10.958674430847168,145.56211853027344,3.616711378097534,124.98097229003906,1.846112847328186,0.0,0.0,0.00023039351211869873,0.11703332148452414,0.8390010137314533,0.04373527127190384,0.0,0.0,0.0,0.0016654159590294509,0.17295970088339455,0.8220769645983912,0.003297918559184802,0.0,0.0,0.0,0.0,0.00046078702423739745,0.03153758047316245,0.6822873467883145,0.2857142857142857,0.0,0.0,0.0,0.0,0.0,0.0,0.0,0.0,0.0,0.0007833379412035757,0.9992166620587964,9.874007662229945e-05,0.46671801150651027,0.5019945495477705,0.03113603749489843,5.2661374198559714e-05,0.0,0.0,0.0,0.0,0.0,0.00023039351211869873,0.11703332148452414,0.8390010137314533,0.04373527127190384,0.0,0.0,0.0,6.582671774819964e-06,0.02923364535197546,0.5518977842726805,0.41886198770356914,0.0,0.0,0.0,0.0,0.0,0.0,0.0,1.0,0.0,0.0,0.0,0.0,0.0,0.0,0.9050976210224205,0.09490237897757942,0.0,0.0,0.0
tip_middle_root_1_2_2,6,舌左邊,53889,135.6682586669922,13.808302879333496,102.12761688232422,13.267391204833984,116.90940856933594,14.175625801086426,166.1707763671875,3.1570487022399902,62.99289321899414,16.258699417114258,135.6682586669922,13.808302879333496,119.89374542236328,13.017250061035156,143.97364807128906,4.188165664672852,125.11516571044922,1.4329277276992798,0.0,0.0,0.0,0.27705097515262855,0.7103861641522389,0.012562860695132587,0.0,0.0,0.0,5.566998830930246e-05,0.3134777041696821,0.6819202434634155,0.0045463823785930335,0.0,0.0,0.0,0.0,0.0,0.10599565774091188,0.6179368702332573,0.2760674720258309,0.0,0.0,0.0,0.0,0.0,0.0,0.0,0.0,0.0,0.0029319527176232627,0.9970680472823767,0.0005938132086325595,0.6066544192692386,0.3607229675815101,0.03202879994061868,0.0,0.0,0.0,0.0,0.0,0.0,0.0,0.27705097515262855,0.7103861641522389,0.012562860695132587,0.0,0.0,0.0,0.0,0.04474011393790941,0.6063760693276921,0.3488838167343985,0.0,0.0,0.0,0.0,0.0,0.0,0.0,1.0,0.0,0.0,0.0,0.0,0.0,0.0,0.9586743120117278,0.041325687988272186,0.0,0.0,0.0
tip_middle_root_1_2_2,6,舌右邊,13547,116.0406723022461,7.852193355560303,73.63829803466797,15.829691886901855,94.53244018554688,14.331748962402344,164.72967529296875,2.7805237770080566,94.56005096435547,24.96180534362793,116.0406723022461,7.852193355560303,93.7992935180664,13.589462280273438,149.38540649414062,4.424117088317871,123.43832397460938,1.4812431335449219,0.0,0.0,0.00014763416254521297,0.8955488299992618,0.10430353583819296,0.0,0.0,0.0,0.0,0.3179301690411161,0.5607145493467188,0.12135528161216505,0.0,0.0,0.0,0.0,0.0,7.381708127260648e-05,0.5865505277921311,0.40606776408060824,0.007307891045988042,0.0,0.0,0.0,0.0,0.0,0.0,0.0,0.0,0.0,0.010629659703255334,0.9893703402967446,0.0,0.14172879604340444,0.33763932974090205,0.43234664501365616,0.08828522920203735,0.0,0.0,0.0,0.0,0.0,0.00014763416254521297,0.8955488299992618,0.10430353583819296,0.0,0.0,0.0,0.0,0.0004429024876356389,0.6067025909795527,0.39137816490735955,0.0014763416254521297,0.0,0.0,0.0,0.0,0.0,0.0,0.0,1.0,0.0,0.0,0.0,0.0,0.0,0.0,0.9925444747914668,0.007455525208533254,0.0,0.0,0.0
tip_middle_root_1_2_2,6,舌根,252862,110.94371032714844,27.83380699157715,83.6825942993164,25.925121307373047,96.70999908447266,28.300081253051758,165.51690673828125,10.068668365478516,66.41472625732422,20.802452087402344,110.94374084472656,27.83371353149414,98.27485656738281,28.79205322265625,141.60110473632812,3.7982141971588135,124.99699401855469,2.364680290222168,0.026820953721792915,0.053562812917717965,0.13487198550988286,0.4789727202980282,0.3057715275525781,0.0,0.0,0.0,0.056141294461010356,0.14521359476710616,0.3929930159533659,0.40498374607493415,0.0006683487435834566,0.0,0.0,0.0,0.04503246830286876,0.08819435106896252,0.2333446702153744,0.5525899502495433,0.0808385601632511,0.0,0.0,0.0,0.0030095467092722513,0.0,0.0,0.0,0.0,0.0,0.01028228836282241,0.9867081649279054,0.001316923855699947,0.5433793927122303,0.3460227317667344,0.0994890493628936,0.009783992849854862,7.909452586786468e-06,0.0,0.0,0.026820953721792915,0.053562812917717965,0.13487198550988286,0.4789727202980282,0.3057715275525781,0.0,0.0,0.0,0.04353758176396612,0.08168882631633065,0.22490528430527323,0.5533136651612341,0.09655464245319581,0.0,0.0,0.0,0.0,0.0,0.0,0.0,1.0,0.0,0.0,0.0,0.0,0.0,0.0,0.8589270036620765,0.14107299633792345,0.0,0.0,0.0
tip_middle_root_1_2_2,60,舌尖,204487,208.85748291015625,10.447487831115723,161.79339599609375,14.363631248474121,182.9440460205078,15.658173561096191,162.6438446044922,22.71440315246582,57.937957763671875,11.331244468688965,208.85748291015625,10.447487831115723,182.11976623535156,12.122103691101074,148.7509765625,3.723238706588745,123.9091567993164,2.5504937171936035,0.0,0.0,0.0,0.0,0.0009144835613021855,0.0676766738227858,0.913099610244172,0.018309232371740012,0.0,0.0,0.0,0.009805024280272096,0.4257287749343479,0.5538493889587113,0.010616811826668689,0.0,0.0,0.0,4.401257781668272e-05,0.009218189909382992,0.04269709076860632,0.6349352281563131,0.3129147574173419,0.00019072117053895848,0.020363152669851874,0.0,0.0,0.0,0.0,0.0,0.0008851418427577303,0.9787517054873904,0.0014670859272227575,0.6790505019879014,0.31793708157486783,0.0015453305100079711,0.0,0.0,0.0,0.0,0.0,0.0,0.0,0.0,0.0009144835613021855,0.0676766738227858,0.913099610244172,0.018309232371740012,0.0,0.0,0.0,0.0,0.033170812814506546,0.7420569522756948,0.22477223490979867,0.0,0.0,0.0,0.0,0.0,0.9976966750942603,0.002303324905739729,0.0,0.0,0.0,0.0,0.0,0.9567258554333528,0.04327414456664727,0.0,0.0,0.0
tip_middle_root_1_2_2,60,舌中,372240,214.72744750976562,5.37507963180542,179.00833129882812,9.46507453918457,197.9767303466797,8.867326736450195,163.90211486816406,2.9097235202789307,42.513675689697266,7.837520122528076,214.7283477783203,5.373927593231201,195.2601776123047,7.522119045257568,144.0061492919922,2.7493722438812256,123.38714599609375,1.648295521736145,0.0,0.0,0.0,0.0,0.0,0.0018858800773694391,0.9656323877068558,0.03248173221577477,0.0,0.0,0.0,0.0,0.025666236836449603,0.8877122286696755,0.08662153449387491,0.0,0.0,0.0,0.0,0.0,0.0017569310122501612,0.17430689877498387,0.8232242639157533,0.00071190629701268,0.0,0.0,0.0,0.0,0.0,0.0,0.012983558994197291,0.9870164410058027,0.07472061035890823,0.9187191059531485,0.006560283687943262,0.0,0.0,0.0,0.0,0.0,0.0,0.0,0.0,0.0,0.0,0.0018751343219428325,0.9656431334622824,0.03248173221577477,0.0,0.0,0.0,0.0,0.00013163550397592952,0.29477756286266926,0.7050908016333548,0.0,0.0,0.0,0.0,0.0,1.0,0.0,0.0,0.0,0.0,0.0,0.0,0.9745083816892327,0.025491618310767246,0.0,0.0,0.0
tip_middle_root_1_2_2,60,舌左邊,144438,211.79296875,13.554342269897461,176.0189208984375,17.00775146484375,192.75596618652344,16.54610824584961,165.65579223632812,2.4320414066314697,43.43399429321289,10.161477088928223,211.79296875,13.55435562133789,192.27734375,14.925973892211914,143.7344512939453,3.062748670578003,124.45020294189453,1.174294352531433,0.0,0.0,0.0,0.0,0.010426619033772276,0.08447223029950567,0.8460308229136377,0.05907032775308437,0.0,0.0,0.0,0.015986097841288304,0.13603068444592142,0.7154349963306055,0.13254822138218475,0.0,0.0,0.0,0.0,0.00247857212091001,0.05887647295033163,0.27058668771375954,0.6671443802877359,0.0009138869272629086,0.0,0.0,0.0,0.0,0.0,0.0,0.004915603926944433,0.9950843960730555,0.09527963555297082,0.8718204350655645,0.03289992938146471,0.0,0.0,0.0,0.0,0.0,0.0,0.0,0.0,0.0,0.010426619033772276,0.08447223029950567,0.8460308229136377,0.05907032775308437,0.0,0.0,0.0,5.5387086500782343e-05,0.054307038314017085,0.27742006951079357,0.6682175050886886,0.0,0.0,0.0,0.0,0.0,1.0,0.0,0.0,0.0,0.0,0.0,0.0,0.9803445076780348,0.019655492321965135,0.0,0.0,0.0
tip_middle_root_1_2_2,60,舌右邊,149384,214.33987426757812,15.631285667419434,174.426513671875,16.262508392333984,190.63919067382812,19.88743019104004,161.02215576171875,30.807796478271484,48.074527740478516,8.139541625976562,214.33987426757812,15.631285667419434,191.72654724121094,15.165335655212402,145.11572265625,2.778399705886841,125.30988311767578,2.7079365253448486,0.0,0.0,0.0,0.0,0.005877470144058266,0.09762089648155091,0.6148583516306967,0.28164328174369413,0.0,0.0,0.0,0.005455738231671397,0.16825764472768168,0.7382584480265624,0.0880281690140845,0.0,0.0,0.0,0.0,0.01119932522894018,0.0841254752851711,0.2513990788839501,0.6528476945322123,0.00042842606972634284,0.03741364537032078,0.0,0.0,0.0,0.0,0.0,0.0004752851711026616,0.9621110694585766,0.008207036898195255,0.9406897659722594,0.051103197129545336,0.0,0.0,0.0,0.0,0.0,0.0,0.0,0.0,0.0,0.005877470144058266,0.09762089648155091,0.6148583516306967,0.28164328174369413,0.0,0.0,0.0,0.00012718898945000804,0.06780511969153323,0.27808868419643334,0.6539790071225834,0.0,0.0,0.0,0.0,0.0,1.0,0.0,0.0,0.0,0.0,0.0,0.0,0.8710973062710866,0.12890269372891341,0.0,0.0,0.0
tip_middle_root_1_2_2,60,舌根,601517,190.11911010742188,33.80329132080078,155.24795532226562,37.303504943847656,169.81570434570312,38.24299240112305,166.58641052246094,8.904767990112305,49.726497650146484,20.890037536621094,190.1217041015625,33.80451202392578,171.794921875,35.498897552490234,143.4947052001953,4.124005317687988,125.49661254882812,2.347135543823242,0.0,0.00029425602268930053,0.017063524389169384,0.07206778860780327,0.07880076539815167,0.17186546681141182,0.6456575624629063,0.014250636307868273,0.0015593906739127905,0.029169582904556315,0.0715158507573352,0.08769660707843668,0.23935150627496812,0.45888644876204665,0.11182061354874426,0.0,0.0005569252406831394,0.013454316336861635,0.06298242609934548,0.07139947831898351,0.12720338743543408,0.3640329367249803,0.3603023688441058,6.816099960599617e-05,0.002302511815958651,0.0,0.0,0.0,0.0,3.1586804695461644e-05,0.014265598478513492,0.9834003029008324,0.17362601555733254,0.6200822254400125,0.16944325763029142,0.0306807621397234,0.0046831594119534446,0.0013948067968153851,8.977302387131203e-05,0.0,0.0,0.00029425602268930053,0.017063524389169384,0.07206612614439825,0.07879411554453157,0.17184884217736157,0.645637612902046,0.01429552281980393,0.00014795924304716242,0.0061827014032853605,0.053290264448053834,0.07581165619591798,0.11725853134657874,0.384740580897963,0.3625533442945087,1.4962170645218672e-05,0.0,0.0,0.0,0.0,0.9996242832704645,0.0003757167295354911,0.0,0.0,0.0,0.0,0.0,0.8297903467399924,0.17020965326000762,0.0,0.0,0.0
tip_middle_root_1_2_2,61,舌尖,238158,151.54710388183594,16.78281021118164,89.08038330078125,17.604412078857422,93.65462493896484,17.843944549560547,160.3917999267578,52.24187469482422,106.57601928710938,15.768539428710938,151.54710388183594,16.78281021118164,114.967041015625,17.021310806274414,154.27984619140625,3.1526923179626465,136.6005096435547,2.567042589187622,0.0,0.0,4.1988931717599244e-05,0.10220945758698007,0.5230645201924773,0.37462524878442044,5.878450440463894e-05,0.0,0.0,0.06550273347945482,0.5584485929508981,0.3671008322206266,0.008947841349020397,0.0,0.0,0.0,0.0,0.02705766759882095,0.5195332510350271,0.42758588835982836,0.025823193006323533,0.0,0.0,0.0,0.0967173053183181,0.0,0.0,0.0,0.0,0.0,0.0,0.9032826946816819,0.0,0.0003149169878819943,0.2651097170785781,0.641754633478615,0.09258979333047809,0.00023093912444679582,0.0,0.0,0.0,0.0,4.1988931717599244e-05,0.10220945758698007,0.5230645201924773,0.37462524878442044,5.878450440463894e-05,0.0,0.0,4.198893171759924e-06,0.1475742994146743,0.5861318956323113,0.26599568353781944,0.0002939225220231947,0.0,0.0,0.0,0.0,0.0,0.0,0.9610888569773007,0.03891114302269922,0.0,0.0,0.0,0.0,0.0,0.0021876233424869204,0.9978123766575131,0.0,0.0,0.0
tip_middle_root_1_2_2,61,舌中,411908,173.6186065673828,9.171025276184082,124.19371032714844,13.54319953918457,125.44855499267578,12.964963912963867,109.93544006347656,85.20527648925781,75.09620666503906,13.130660057067871,173.6186065673828,9.171025276184082,145.45291137695312,11.441170692443848,147.4440460205078,4.016911029815674,135.0055694580078,2.5139360427856445,0.0,0.0,0.0,6.797634423220719e-05,0.0781193858822844,0.9180181011293784,0.0037945366441049944,0.0,0.0,1.9421812637773482e-05,0.034061003913495244,0.5090651310486808,0.4568034609670121,5.0982258174155395e-05,0.0,0.0,0.0,5.826543791332045e-05,0.027389611272420056,0.47466424541402447,0.4977616360934966,0.00012624178214552765,0.0,0.0,0.38552540858638334,0.0,0.0,0.0,0.0,0.0,0.0,0.6144745914136166,0.0,0.18363809394330774,0.74118978024219,0.07396311797780086,0.0012090078367013994,0.0,0.0,0.0,0.0,0.0,0.0,6.797634423220719e-05,0.0781193858822844,0.9180181011293784,0.0037945366441049944,0.0,0.0,0.0,0.00018450722005884808,0.0754998689027647,0.8460797071190654,0.07823591675811103,0.0,0.0,0.0,0.0,0.0,0.0,0.9980481078299037,0.001951892170096235,0.0,0.0,0.0,0.0,0.0,2.184953921749517e-05,0.9999781504607825,0.0,0.0,0.0
tip_middle_root_1_2_2,61,舌左邊,183057,166.43348693847656,12.191205978393555,111.99486541748047,19.017152786254883,110.84320068359375,18.506938934326172,42.25518798828125,74.61875915527344,87.39152526855469,17.91783332824707,166.43348693847656,12.191205978393555,134.8321075439453,16.404296875,149.51455688476562,4.249167442321777,137.59640502929688,2.1991641521453857,0.0,0.0,0.0,0.0033268326259034073,0.26260672905160687,0.7304227644941194,0.0036436738283703984,0.0,0.0,0.0035398810206656943,0.21295006473393532,0.5365104858049679,0.24668272723796414,0.00031684120246699114,0.0,0.0,0.0,0.004561420759654097,0.21530452263502625,0.577776321036617,0.2021829266294105,0.00017480893929213304,0.0,0.0,0.7691975723408556,0.0,0.0,0.0,0.0,0.0,0.0,0.2308024276591444,0.0,0.04711100913922986,0.6472901883020042,0.2851079172061161,0.020490885352649722,0.0,0.0,0.0,0.0,0.0,0.0,0.0033268326259034073,0.26260672905160687,0.7304227644941194,0.0036436738283703984,0.0,0.0,5.462779352879158e-06,0.009172006533484106,0.3127932829665077,0.6468258520570096,0.03120339566364575,0.0,0.0,0.0,0.0,0.0,0.0,0.9918112937500342,0.008188706249965857,0.0,0.0,0.0,0.0,0.0,0.0,1.0,0.0,0.0,0.0
tip_middle_root_1_2_2,61,舌右邊,178799,159.34144592285156,16.039323806762695,110.37690734863281,22.168716430664062,106.40933990478516,19.9573917388916,28.503995895385742,61.74569320678711,86.98936462402344,17.49100112915039,159.34144592285156,16.039323806762695,131.3421173095703,19.89157485961914,147.02333068847656,4.5621795654296875,138.20074462890625,2.0915331840515137,0.0,0.0,0.00014541468352731278,0.04965911442457732,0.37897862963439394,0.5711497267881811,6.711446932029821e-05,0.0,0.0,0.012707006191309794,0.25122623728320626,0.46630573996498864,0.26970508783606173,5.5928724433581845e-05,0.0,0.0,0.0,0.01774618426277552,0.2686424420718237,0.5677157031079593,0.1458956705574416,0.0,0.0,0.0,0.8549320745641754,0.0,0.0,0.0,0.0,0.0,0.0,0.14506792543582459,0.0,0.033982292965844325,0.6748303961431552,0.2748169732492911,0.016370337641709407,0.0,0.0,0.0,0.0,0.0,0.00014541468352731278,0.04965911442457732,0.37897862963439394,0.5711497267881811,6.711446932029821e-05,0.0,0.0,9.507883153708913e-05,0.05945782694534086,0.31715501764551257,0.5906688516155012,0.03262322496210829,0.0,0.0,0.0,0.0,0.0,0.0,0.9997315421227188,0.00026845787728119283,0.0,0.0,0.0,0.0,0.0,9.507883153708913e-05,0.9999049211684629,0.0,0.0,0.0
tip_middle_root_1_2_2,61,舌根,685593,124.30146789550781,45.78041458129883,88.98622131347656,38.879119873046875,83.12462615966797,36.459468841552734,19.298952102661133,48.59429168701172,93.05427551269531,25.14518165588379,124.30146789550781,45.78041458129883,103.9139633178711,43.75343322753906,141.64254760742188,4.044142246246338,137.11215209960938,3.073101282119751,0.049822562365718435,0.11259887425921793,0.08687953348415167,0.1280322290338437,0.38107594447434556,0.2412349601002344,0.00035589628248829846,0.0,0.14081240619434562,0.11628765171172985,0.18875046857246208,0.4180891578531286,0.1359582142758167,0.0001021013925171348,0.0,0.0,0.14957708144628082,0.1261608563681368,0.240928655922683,0.4309480989450009,0.0523590526741084,2.625464379012038e-05,0.0,0.0,0.9146753248647521,0.0,0.0,0.0,0.0,0.0,8.751547930040126e-06,0.08531592358731784,0.0,0.05903502515340734,0.5861174195185773,0.24684470232339012,0.09532331864531872,0.007612388107813236,0.004340767773299902,0.0007263784781933305,0.049822562365718435,0.11259887425921793,0.08687953348415167,0.1280322290338437,0.38107594447434556,0.2412349601002344,0.00035589628248829846,0.0,0.11656770124549112,0.0948478178744532,0.10721229650827824,0.27312560075730064,0.3976615863930933,0.010584997221383532,0.0,0.0,0.0,0.0,0.0,0.0,0.9999095673380562,9.043266194374796e-05,0.0,0.0,0.0,0.0,0.0,0.0003821509262784188,0.9996178490737215,0.0,0.0,0.0
tip_middle_root_1_2_2,62,舌尖,303261,133.50811767578125,14.40557861328125,87.65432739257812,16.727243423461914,100.6593017578125,18.178203582763672,168.53546142578125,20.64212989807129,89.00285339355469,17.27846908569336,133.50811767578125,14.40557861328125,108.64228820800781,16.206628799438477,148.96644592285156,3.0734848976135254,128.48570251464844,2.6713740825653076,0.0,0.0,0.0031787799947899666,0.3128295428690138,0.6741354806585746,0.009856196477621587,0.0,0.0,0.0,0.07486290686900063,0.5738753087274657,0.34589676878992026,0.005365015613613356,0.0,0.0,0.0,0.0,0.009199996043012455,0.40375122419302184,0.5167957633853347,0.07022333897204058,2.9677406590362758e-05,0.0,0.0,0.015326731759111789,0.0,0.0,0.0,0.0,0.0,2.9677406590362758e-05,0.9846435908342979,0.0,0.06482864595183686,0.583962329478568,0.3363505363366869,0.014743076096167988,0.00011541213674029961,0.0,0.0,0.0,0.0,0.0031787799947899666,0.3128295428690138,0.6741354806585746,0.009856196477621587,0.0,0.0,0.0,0.0004781359950669555,0.2423424047272811,0.6315352122429194,0.12560467715927864,3.956987545381701e-05,0.0,0.0,0.0,0.0,0.0,0.0,0.9985556995459357,0.0014443004540643208,0.0,0.0,0.0,0.0,0.0,0.371937044328153,0.628062955671847,0.0,0.0,0.0
tip_middle_root_1_2_2,62,舌中,455936,146.16835021972656,9.339447975158691,111.37619018554688,15.48018741607666,122.89155578613281,13.526535034179688,167.04739379882812,22.73854637145996,61.32107162475586,18.2713623046875,146.16835021972656,9.339447975158691,129.39073181152344,13.25275993347168,143.71127319335938,4.615727424621582,127.0827407836914,1.842728614807129,0.0,0.0,0.0,0.031515388124649074,0.9064452028354857,0.062004316395283546,3.509264458169568e-05,0.0,0.0,0.00022152231892195396,0.148308095873105,0.6879825238629983,0.16285838363279057,0.0006294743121841662,0.0,0.0,0.0,1.9739612577203818e-05,0.023494525547445255,0.5980971013475576,0.3768621034531162,0.001526530039303762,0.0,0.0,0.01809245157215048,0.0,0.0,0.0,0.0,0.0,2.1932902863559797e-05,0.981885615524986,0.05744446588994947,0.4783697711959573,0.43805490244244805,0.02610454098820887,2.6319483436271758e-05,0.0,0.0,0.0,0.0,0.0,0.0,0.031515388124649074,0.9064452028354857,0.062004316395283546,3.509264458169568e-05,0.0,0.0,0.0,0.003575063166760247,0.4506597417181359,0.5350707116788321,0.010685710275126334,8.77316114542392e-06,0.0,0.0,0.0,0.0,0.0,1.0,0.0,0.0,0.0,0.0,0.0,0.0,0.5929297094329029,0.40707029056709715,0.0,0.0,0.0
tip_middle_root_1_2_2,62,舌左邊,186712,143.8794708251953,9.123109817504883,103.75037384033203,15.914902687072754,116.2080307006836,16.14324951171875,170.31515502929688,2.79491925239563,71.9615707397461,19.08998680114746,143.8794708251953,9.123109817504883,123.29195404052734,13.758234024047852,146.1610107421875,4.0164875984191895,127.59400939941406,2.1360092163085938,0.0,0.0,0.0,0.043757230386906036,0.9248253995458245,0.03137987917220104,3.7490895068340546e-05,0.0,0.0,0.0010658125883713956,0.31334354513903767,0.6300344916234629,0.055550794806975445,5.355842152620078e-06,0.0,0.0,0.0,0.000412399845751746,0.13144843395175457,0.5886391876258623,0.27895368267706416,0.000546295899567248,0.0,0.0,1.0711684305240156e-05,0.0,0.0,0.0,0.0,0.0,0.00019816615964694288,0.9997911221560478,0.00042311153005698615,0.3957753117100133,0.4555304426067955,0.14729101503920478,0.0009694074296242341,1.0711684305240156e-05,0.0,0.0,0.0,0.0,0.0,0.043757230386906036,0.9248253995458245,0.03137987917220104,3.7490895068340546e-05,0.0,0.0,0.0,0.016737006726937745,0.5624812545524658,0.4198123312909722,0.0009694074296242341,0.0,0.0,0.0,0.0,0.0,0.0,0.9995929559964009,0.00040704400359912595,0.0,0.0,0.0,0.0,0.0,0.527630789665367,0.472369210334633,0.0,0.0,0.0
tip_middle_root_1_2_2,62,舌右邊,208558,144.45932006835938,12.912586212158203,108.53665924072266,20.234142303466797,116.962158203125,21.77955436706543,162.59495544433594,38.040679931640625,65.56649780273438,23.83992576599121,144.45932006835938,12.912586212158203,126.53147888183594,18.141429901123047,143.78396606445312,4.894624710083008,129.064208984375,3.3645427227020264,0.0,0.0,0.0019035472146836851,0.10556296090296224,0.8389129163110501,0.05359660142502325,2.3974146280650947e-05,0.0,0.0,0.014154335964096319,0.24682822044706987,0.5380901236106982,0.20073073197863425,0.00019658799950133775,0.0,0.0,0.0,0.011195926313063992,0.1508405335685996,0.4677691577402929,0.368813471552278,0.0013809108257654946,0.0,0.0,0.05425349303311309,0.0,0.0,0.0,0.0,0.0,0.00012466556065938493,0.9456218414062275,0.10084964374418627,0.34703056224167855,0.4477123869619003,0.1043642535889297,4.3153463305171705e-05,0.0,0.0,0.0,0.0,0.0,0.0019035472146836851,0.10556296090296224,0.8389129163110501,0.05359660142502325,2.3974146280650947e-05,0.0,0.0,4.7948292561301894e-05,0.06489321915246599,0.42667747101525716,0.49954449122066763,0.00883687031904794,0.0,0.0,0.0,0.0,0.0,0.0,1.0,0.0,0.0,0.0,0.0,0.0,0.0,0.36907239233210903,0.6309276076678909,0.0,0.0,0.0
tip_middle_root_1_2_2,62,舌根,777396,132.17123413085938,24.20956802368164,103.5800552368164,23.991987228393555,110.66909790039062,24.89896011352539,154.46954345703125,51.33595657348633,56.92325210571289,20.754318237304688,132.1712646484375,24.209543228149414,119.09284973144531,24.869136810302734,140.6772918701172,4.94093132019043,128.5253448486328,2.0934395790100098,0.0025122331475850145,0.03148459729661588,0.0473272309093435,0.18830428764747953,0.6931049297912518,0.037247426022258924,1.9295185465322693e-05,0.0,0.015351249556210735,0.04377563043802644,0.2723952785967512,0.5221907496308188,0.14601310014458527,0.0002739916336075822,0.0,0.0,0.015039953897370196,0.040341087425199,0.16576751102398263,0.5173720986472788,0.26051844876999625,0.0009609002361730701,0.0,0.0,0.10355082866389845,0.0,0.0,0.0,0.0,0.0,0.00021481973151392598,0.8962343516045876,0.08962613648642391,0.5649951890670907,0.29917956871401447,0.0450529717158308,0.0011448476709424798,1.2863456976881795e-06,0.0,0.0,0.0025122331475850145,0.03148459729661588,0.0473272309093435,0.18830428764747953,0.6931049297912518,0.037247426022258924,1.9295185465322693e-05,0.0,0.0119269973089648,0.03227184086360105,0.07193759679751376,0.46540630515207176,0.4110813536473046,0.007375906230544021,0.0,0.0,0.0,0.0,0.0,0.0,0.9999987136543023,1.2863456976881795e-06,0.0,0.0,0.0,0.0,0.0,0.3306461571708627,0.6693538428291372,0.0,0.0,0.0
tip_middle_root_1_2_2,63,舌尖,191173,138.41259765625,12.89610767364502,93.4218521118164,17.631221771240234,106.3093032836914,16.773221969604492,168.00570678710938,22.288339614868164,84.29873657226562,20.768104553222656,138.42193603515625,12.872064590454102,114.3162612915039,15.893797874450684,148.4212188720703,4.4975905418396,128.31488037109375,2.4954309463500977,0.0,0.0,0.0008578617273359732,0.195529703462309,0.7836566879214115,0.019955746888943523,0.0,0.0,0.0,0.05085446166561178,0.4486564525325229,0.4921144722319574,0.008374613569907884,0.0,0.0,0.0,0.0,0.002040037034518473,0.278784137927427,0.6164468831895717,0.10271848012010064,1.0461728382146014e-05,0.0,0.0,0.018559106149927028,0.0,0.0,0.0,0.0,1.0461728382146014e-05,0.009038933322174156,0.9723914987995167,2.6154320955365035e-05,0.1622561763428936,0.5506426116658734,0.25703420462094545,0.029674692555957168,0.0003661604933751105,0.0,0.0,0.0,0.0,0.0007637061718966591,0.1956238590177483,0.7836566879214115,0.019955746888943523,0.0,0.0,0.0,3.661604933751105e-05,0.15405941215548222,0.6155210202277518,0.23038295156742847,0.0,0.0,0.0,0.0,0.0,0.0,0.0,0.9943506666736411,0.005649333326358847,0.0,0.0,0.0,0.0,0.0,0.34452563908083256,0.6554743609191674,0.0,0.0,0.0
tip_middle_root_1_2_2,63,舌中,353970,155.4884033203125,8.522336959838867,113.98738098144531,11.58543872833252,126.91659545898438,11.676872253417969,170.2224884033203,9.970222473144531,68.38835144042969,12.212911605834961,155.4884033203125,8.522336959838867,133.95980834960938,10.316115379333496,146.44036865234375,3.26267671585083,127.42045593261719,2.369523763656616,0.0,0.0,0.0,0.0036133005621945364,0.6646636720626041,0.33172302737520126,0.0,0.0,0.0,0.0004830917874396135,0.06101364522417154,0.826731078904992,0.1117721840833969,0.0,0.0,0.0,0.0,4.237647258242224e-05,0.014091589682741476,0.4642709834166737,0.5215809249371416,1.4125490860807414e-05,0.0,0.0,0.0030991326948611466,0.0,0.0,0.0,0.0,0.0,8.475294516484449e-06,0.9968923920106224,0.00013277961409158967,0.33905980732830465,0.6377065853038393,0.02288894539085233,0.00021188236291211119,0.0,0.0,0.0,0.0,0.0,0.0,0.0036133005621945364,0.6646636720626041,0.33172302737520126,0.0,0.0,0.0,0.0,0.0022798542249343164,0.2370398621352092,0.7597706020284205,0.0009096816114359974,0.0,0.0,0.0,0.0,0.0,0.0,1.0,0.0,0.0,0.0,0.0,0.0,0.0,0.4855948244201486,0.5144051755798514,0.0,0.0,0.0
tip_middle_root_1_2_2,63,舌左邊,142526,136.90013122558594,12.613266944885254,93.27888488769531,18.226207733154297,104.45635986328125,18.623159408569336,171.0975341796875,13.122766494750977,82.55432891845703,22.207433700561523,136.90013122558594,12.613266944885254,113.61723327636719,16.4715633392334,147.6359100341797,4.510619163513184,129.052734375,2.705460786819458,0.0,0.0,0.010278826319408388,0.15422449237332136,0.829792458919776,0.005704222387494211,0.0,0.0,0.0,0.0732918906024164,0.4421789708544406,0.46230161514390355,0.022227523399239436,0.0,0.0,0.0,0.0,0.02205913307045732,0.26424652344133703,0.6190870437674529,0.09455116961115867,5.613010959403898e-05,0.0,0.0,0.005591962168306134,0.0,0.0,0.0,0.0,0.0,0.00014032527398509745,0.9942677125577087,0.002574968777626538,0.19156504778075578,0.545037396685517,0.22672354517772195,0.03405694399618315,4.2097582195529234e-05,0.0,0.0,0.0,0.0,0.010278826319408388,0.15422449237332136,0.829792458919776,0.005704222387494211,0.0,0.0,0.0,0.0010875208733845054,0.14043753420428554,0.6658293925318889,0.1926034548082455,4.2097582195529234e-05,0.0,0.0,0.0,0.0,0.0,0.0,0.9936222162973773,0.006377783702622679,0.0,0.0,0.0,0.0,0.0,0.28743527496737437,0.7125647250326256,0.0,0.0,0.0
tip_middle_root_1_2_2,63,舌右邊,130109,143.16937255859375,16.984010696411133,95.92881774902344,23.492067337036133,107.09298706054688,24.139307022094727,170.72848510742188,18.042512893676758,86.41266632080078,25.102251052856445,143.16937255859375,16.984010696411133,117.35247802734375,21.44799041748047,149.00967407226562,4.766818523406982,129.81976318359375,3.083098888397217,0.0,0.0002613193553097787,0.007032565003189634,0.1726552352258491,0.6427226402477922,0.17732824016785925,0.0,0.0,0.0,0.10551153263801889,0.368460290986788,0.44281333343581153,0.0832148429393816,0.0,0.0,0.0,0.0,0.026078134487237625,0.29796555196027946,0.4326295644421216,0.24328831979340398,3.84293169573204e-05,0.0,0.0,0.010929297742661923,0.0,0.0,0.0,0.0,0.0,0.00010760208748049712,0.9889631001698576,0.00037660730618173995,0.1921235271964276,0.4707130175468261,0.26062762760454694,0.07611310516566878,4.611518034878448e-05,0.0,0.0,0.0,0.0002613193553097787,0.007032565003189634,0.1726552352258491,0.6427226402477922,0.17732824016785925,0.0,0.0,0.0,0.003719957881468615,0.198456678630994,0.42183861224050606,0.37184975674242365,0.004134994504607675,0.0,0.0,0.0,0.0,0.0,0.0,0.9891245033010784,0.010875496698921674,0.0,0.0,0.0,0.0,0.0,0.22543405913503292,0.7745659408649671,0.0,0.0,0.0
tip_middle_root_1_2_2,63,舌根,573740,117.2171401977539,43.03855514526367,93.88426208496094,37.98806381225586,94.1526870727539,38.27290725708008,83.904052734375,83.9224624633789,62.49131774902344,26.588022232055664,117.21769714355469,43.037841796875,106.40824127197266,42.26488494873047,137.34426879882812,6.05319356918335,131.5189971923828,3.043402671813965,0.10818314916164117,0.030337783665074773,0.06190260396695367,0.2380451075400007,0.5248666643427337,0.03666469132359605,0.0,0.0,0.11796981211001499,0.06358629344302297,0.1970718443894447,0.4744500993481368,0.14692195070938055,0.0,0.0,0.0,0.11837591940600271,0.06554536898246592,0.19573674486701292,0.4639523128943424,0.15569595984243734,0.000693694007738697,0.0,0.0,0.537722661832886,0.00011329173493219926,0.0,0.0,0.0,7.494684003207028e-05,0.00359221947223481,0.45849688011991496,0.06235751385645066,0.5623522850071461,0.23478230557395335,0.11541813364938823,0.023243978108550913,0.0016784606267647366,0.0001289782828458884,3.834489490012898e-05,0.10817966326210479,0.030341269564611147,0.06187471677066267,0.2380729947362917,0.5248666643427337,0.03666469132359605,0.0,0.0,0.11426430090284798,0.039355805765677834,0.10603932094677031,0.3310245058737407,0.4082737825495869,0.0010422839613762331,0.0,0.0,0.0,0.0,0.0,0.0004008784466831666,0.9995991215533169,0.0,0.0,0.0,0.0,0.0,0.0,0.06939554502039251,0.9306044549796075,0.0,0.0,0.0
tip_middle_root_1_2_2,64,舌尖,188809,135.5807342529297,14.589395523071289,77.4002914428711,16.776626586914062,88.42167663574219,16.509693145751953,169.04823303222656,27.854463577270508,111.28128051757812,18.503726959228516,135.5807342529297,14.589395523071289,102.20816040039062,15.6146879196167,153.89166259765625,4.174798965454102,132.39910888671875,3.1767544746398926,0.0,0.0,0.0055241010756902475,0.23163620378265867,0.7232917922344804,0.034002616400701235,0.005455248425657675,9.00380808118257e-05,0.00024363245396141073,0.16153890969180495,0.7241339131079556,0.09820506437722779,0.013797011794988587,0.002033801354808298,4.766721925331949e-05,0.0,0.0,0.04198952380447966,0.7119311049791058,0.22053503805433003,0.020115566524900826,0.005211615971696264,0.00021715066548734434,0.0,0.028843964005953106,0.0,0.0,0.0,0.0,0.0,0.00013770530006514519,0.9710183306939818,1.588907308443983e-05,0.013235597879338378,0.1694993353071093,0.6346996170733387,0.17926052253865016,0.003289038128479045,0.0,0.0,0.0,0.0,0.0055241010756902475,0.23163620378265867,0.7232917922344804,0.034002616400701235,0.005455248425657675,9.00380808118257e-05,0.0,0.0057306590257879654,0.293375845431097,0.6510759550657013,0.04029468934213941,0.009136217023552903,0.0003866341117213692,0.0,0.0,0.0,0.0,0.0,0.9434084180309201,0.05659158196907987,0.0,0.0,0.0,0.0,0.0,0.03803314460645414,0.9619668553935459,0.0,0.0,0.0
tip_middle_root_1_2_2,64,舌中,393024,135.79917907714844,8.286355018615723,96.30351257324219,10.207181930541992,108.31890106201172,9.906830787658691,170.72837829589844,3.0557010173797607,74.41612243652344,12.42592716217041,135.79917907714844,8.286355018615723,115.4921646118164,9.334444046020508,145.97691345214844,2.8168656826019287,127.64584350585938,1.7298610210418701,0.0,0.0,0.0,0.15766467187754438,0.8406942069695489,0.0016385767790262173,2.544373880475493e-06,0.0,0.0,0.0009414183357759323,0.47861962628236443,0.5200598436736688,0.0003791117081908484,0.0,0.0,0.0,0.0,0.0,0.08926172447484124,0.888243466047875,0.02249480947728383,0.0,0.0,0.0,0.00012721869402377464,0.0,0.0,0.0,0.0,0.0,0.0,0.9998727813059762,0.0,0.19394235466536394,0.7439291239211855,0.06143899609184172,0.0006895253216088585,0.0,0.0,0.0,0.0,0.0,0.0,0.15766467187754438,0.8406942069695489,0.0016385767790262173,2.544373880475493e-06,0.0,0.0,0.0,0.015266243282852955,0.8731146189545677,0.1116165933886989,2.544373880475493e-06,0.0,0.0,0.0,0.0,0.0,0.0,0.9995801783097216,0.00041982169027845627,0.0,0.0,0.0,0.0,0.0,0.4734316479400749,0.5265683520599251,0.0,0.0,0.0
tip_middle_root_1_2_2,64,舌左邊,147880,140.60025024414062,10.84814453125,92.3913345336914,12.538832664489746,101.40851593017578,13.19359016418457,173.50473022460938,12.344788551330566,88.15045166015625,12.32876205444336,140.60025024414062,10.84814453125,113.829345703125,12.060401916503906,149.07752990722656,2.2221531867980957,130.9970245361328,1.7625983953475952,0.0,0.0,2.028671896131999e-05,0.12737354611847443,0.8553218826075196,0.017128753043007844,0.00015553151203678657,0.0,0.0,0.03192453340546389,0.5200635650527454,0.44603732756288883,0.0019610494995942656,1.352447930754666e-05,0.0,0.0,0.0,0.0032323505545036515,0.2682039491479578,0.7164931025155532,0.012009737625101434,6.086015688395997e-05,0.0,0.0,0.004990532864484717,0.0,0.0,0.0,0.0,0.0,0.0,0.9950094671355153,0.0,0.006383554233162023,0.7818569110089262,0.2000743846361915,0.011685150121720314,0.0,0.0,0.0,0.0,0.0,2.028671896131999e-05,0.12737354611847443,0.8553218826075196,0.017128753043007844,0.00015553151203678657,0.0,0.0,0.0,0.09512442520962942,0.820347579118204,0.08413578577224777,0.0003922098999188531,0.0,0.0,0.0,0.0,0.0,0.0,0.9999864755206924,1.352447930754666e-05,0.0,0.0,0.0,0.0,0.0,0.007519610494995943,0.9924803895050041,0.0,0.0,0.0
tip_middle_root_1_2_2,64,舌右邊,134973,138.1605224609375,11.630791664123535,90.7718734741211,13.270280838012695,103.5841293334961,14.102134704589844,170.7014923095703,14.051383018493652,88.2544174194336,13.072514533996582,138.1605224609375,11.630791664123535,112.330078125,12.867093086242676,149.41329956054688,2.4376721382141113,128.76394653320312,1.9237396717071533,0.0,0.0001704044512606225,0.003148777903728894,0.15765375297281678,0.8210605083979758,0.017929511828291583,3.7044445926222285e-05,0.0,0.0002889466782245338,0.023834396508931415,0.5994013617538323,0.37363028161187795,0.002807969001207649,3.7044445926222285e-05,0.0,0.0,0.00014817778370488914,0.00633460025338401,0.2548657879724093,0.71101627732954,0.02756106776910938,7.408889185244457e-05,0.0,0.0,0.006719862491016722,0.0,0.0,0.0,0.0,0.0,0.0,0.9932801375089833,0.0,0.013773124995369444,0.7298200380816904,0.2517985078497181,0.004608329073222052,0.0,0.0,0.0,0.0,0.0001704044512606225,0.003148777903728894,0.15765375297281678,0.8210605083979758,0.017929511828291583,3.7044445926222285e-05,0.0,5.927111348195565e-05,0.0021337600853504036,0.10021263511961652,0.797818823023864,0.09959028842805598,0.0001852222296311114,0.0,0.0,0.0,0.0,0.0,0.0,0.9999777733324443,2.2226667555733368e-05,0.0,0.0,0.0,0.0,0.0,0.2282382402406407,0.7717617597593592,0.0,0.0,0.0
tip_middle_root_1_2_2,64,舌根,699651,116.9524917602539,31.114633560180664,81.79533386230469,24.773292541503906,87.29735565185547,27.174724578857422,141.60572814941406,67.89852905273438,79.18383026123047,21.1138916015625,116.9524917602539,31.114633560180664,98.07232666015625,28.7935791015625,143.49049377441406,5.532960414886475,130.7928924560547,1.8133409023284912,0.014918866692107922,0.08649455228392441,0.10147487818926865,0.2612230955147638,0.5354283778626773,0.0004602294572579758,0.0,0.0,0.06274699814621862,0.14429479840663417,0.46070683812357877,0.3321413104533546,0.00011005487021386376,0.0,0.0,0.0,0.06451073463769794,0.12626866823602054,0.30807931382932346,0.49826270526305255,0.0028785780339054758,0.0,0.0,0.0,0.19123534447889018,0.0,0.0,0.0,0.0,0.0,0.0,0.8087646555211098,0.0,0.3208185223775854,0.4548181879251227,0.20591695002222538,0.01663829537869595,0.0017923221720543528,1.572212431626625e-05,0.0,0.014918866692107922,0.08649455228392441,0.10147487818926865,0.2612230955147638,0.5354283778626773,0.0004602294572579758,0.0,0.0,0.04804538262648092,0.09967540959707054,0.15708260261187362,0.6349422783644989,0.06025432680007604,0.0,0.0,0.0,0.0,0.0,0.0,0.0,1.0,0.0,0.0,0.0,0.0,0.0,0.0,0.026604692911180002,0.97339530708882,0.0,0.0,0.0
tip_middle_root_1_2_2,65,舌尖,98693,138.49114990234375,13.253125190734863,70.63102722167969,17.77324867248535,78.04296112060547,18.071260452270508,169.44679260253906,34.49641036987305,126.61007690429688,21.7861270904541,138.49114990234375,13.253125190734863,98.76666259765625,15.710477828979492,157.5327606201172,4.30613374710083,137.07366943359375,2.9823503494262695,0.0,0.0,0.0,0.23047227260292016,0.7147315412440599,0.054674596982562086,0.00012158917045788455,0.0,3.0397292614471137e-05,0.42539997770865207,0.46820949814069895,0.10349264892140274,0.002867477936631777,0.0,0.0,0.0,0.0,0.22667261102611128,0.5836584154904603,0.1828194502143009,0.006849523269127496,0.0,0.0,0.0,0.04046892890073257,0.0,0.0,0.0,0.0,0.0,0.0,0.9595310710992674,0.0,0.00293840495273221,0.09216459120707649,0.3779194066448482,0.4874307195039162,0.03954687769142695,0.0,0.0,0.0,0.0,0.0,0.23047227260292016,0.7147315412440599,0.054674596982562086,0.00012158917045788455,0.0,0.0,9.119187784341341e-05,0.48849462474542266,0.45986037510259087,0.051259967778869826,0.000293840495273221,0.0,0.0,0.0,0.0,0.0,0.0,0.637684536897247,0.362315463102753,0.0,0.0,0.0,0.0,0.0,0.0,1.0,0.0,0.0,0.0
tip_middle_root_1_2_2,65,舌中,219112,164.53488159179688,9.594563484191895,118.19630432128906,17.636911392211914,124.50270080566406,15.768950462341309,157.37937927246094,53.18502426147461,72.94635772705078,18.8437442779541,164.53488159179688,9.594563484191895,139.0200958251953,14.565275192260742,147.17897033691406,4.804871082305908,131.87254333496094,2.238398551940918,0.0,0.0,0.0,0.00012322465223264814,0.2948994121727701,0.7040508963452481,0.0009264668297491694,0.0,0.0,0.008539012012121655,0.08736171455693892,0.5786538391324985,0.3252035488699843,0.0002418854284566797,0.0,0.0,0.0,0.000794114425499288,0.04855507685567199,0.47907006462448426,0.4710969732374311,0.0004837708569133594,0.0,0.0,0.10417046989667385,0.0,0.0,0.0,0.0,0.0,0.0,0.8958295301033261,0.0,0.3521578005768739,0.5450819672131147,0.08481050786812223,0.01739749534484647,0.0005522289970426084,0.0,0.0,0.0,0.0,0.0,0.00012322465223264814,0.2948994121727701,0.7040508963452481,0.0009264668297491694,0.0,0.0,0.0,0.0072474351016831575,0.1972050823323232,0.7322556500784987,0.06329183248749498,0.0,0.0,0.0,0.0,0.0,0.0,0.9796542407535872,0.020345759246412794,0.0,0.0,0.0,0.0,0.0,0.008420351235897624,0.9915796487641024,0.0,0.0,0.0
tip_middle_root_1_2_2,65,舌左邊,81357,148.39820861816406,13.260021209716797,83.11133575439453,21.482187271118164,87.9987564086914,23.305017471313477,129.0010986328125,78.206298828125,114.18758392333984,25.499332427978516,148.39820861816406,13.260021209716797,110.24421691894531,18.19590950012207,155.75836181640625,5.4733781814575195,137.53184509277344,4.473700523376465,0.0,0.0,0.0,0.06493602271470186,0.743955652248731,0.18962105289034747,0.0014872721462197475,0.0,0.0,0.13391595068648057,0.6270388534483818,0.18818294676549038,0.050444337918064824,0.0004179111815824084,0.0,0.0,0.0,0.04644959868235063,0.6816254286662488,0.1700652678933589,0.10038472411716264,0.0014749806408790884,0.0,0.0,0.26972479319542264,0.0,0.0,0.0,0.0,0.0,0.0,0.7302752068045774,0.0,0.043720884496724316,0.1847536167754465,0.40675049473308994,0.3609154713177723,0.003859532676966948,0.0,0.0,0.0,0.0,0.0,0.06493602271470186,0.743955652248731,0.18962105289034747,0.0014872721462197475,0.0,0.0,0.0,0.19227601804392985,0.6131125778974151,0.1870890027901717,0.007522401268483351,0.0,0.0,0.0,0.0,0.0,0.0,0.708617574394336,0.2913824256056639,0.0,0.0,0.0,0.0,0.0,0.0009587374165714074,0.9990412625834286,0.0,0.0,0.0
tip_middle_root_1_2_2,65,舌右邊,71407,138.3437042236328,18.13437843322754,74.65715026855469,22.445804595947266,78.77993774414062,23.568340301513672,126.3719253540039,79.97775268554688,120.18159484863281,25.009130477905273,138.3437042236328,18.13437843322754,100.9554214477539,20.880233764648438,155.40350341796875,4.728642463684082,137.9518585205078,3.7371718883514404,1.4004229277241727e-05,0.006371924321144986,0.007268194994888457,0.23287632865125268,0.6493060904393126,0.10375733471508396,0.0004061226490400101,0.0,0.011259400338902348,0.3395045303681712,0.4870810984917445,0.12938507429243631,0.032615849986695984,0.000154046522049659,0.0,0.0,0.010489167728654054,0.24518604618594816,0.5496379906731833,0.1356869774671951,0.05853767837887042,0.000462139566148977,0.0,0.0,0.2867926113686333,0.0,0.0,0.0,0.0,0.0,0.0,0.7132073886313667,0.0,0.037923452882770596,0.12449759827467895,0.38288963266906606,0.4414693237357682,0.013037937457112047,0.00018205498060414244,0.0,1.4004229277241727e-05,0.006371924321144986,0.007268194994888457,0.23287632865125268,0.6493060904393126,0.10375733471508396,0.0004061226490400101,0.0,0.0056717128572829,0.010251095830940945,0.43245060008122455,0.4284313862786562,0.11933003767137676,0.003837158821964233,2.8008458554483454e-05,0.0,0.0,0.0,0.0,0.0,0.8209419244611873,0.17905807553881273,0.0,0.0,0.0,0.0,0.0,0.0,1.0,0.0,0.0,0.0
tip_middle_root_1_2_2,65,舌根,388917,137.09683227539062,32.859073638916016,94.78964233398438,33.46719741821289,93.59200286865234,32.73563766479492,76.2851333618164,85.91073608398438,88.92725372314453,29.13310432434082,137.09683227539062,32.859073638916016,113.33494567871094,34.059898376464844,145.197998046875,6.5524797439575195,135.93948364257812,2.9231326580047607,0.013514451669636452,0.033174173409750665,0.06240920299189801,0.17860623217807398,0.44092955566354775,0.27128924680587374,7.713728121938615e-05,0.0,0.0465446354877776,0.15144362421802082,0.2560932024056547,0.35661079356263675,0.1892563194717639,5.142485414625743e-05,0.0,0.0,0.04716687622294731,0.14777960336009996,0.2643648901950802,0.38387882247368976,0.1567532404086219,5.656733956088317e-05,0.0,0.0,0.5827953007968281,0.0,0.0,0.0,0.0,0.0,1.2856213536564357e-05,0.4171918429896353,0.0,0.20928372891902386,0.4356662218416783,0.21350313820172429,0.13426515169046352,0.007279188104402739,2.5712427073128716e-06,0.0,0.013514451669636452,0.033174173409750665,0.06240920299189801,0.17860623217807398,0.44092955566354775,0.27128924680587374,7.713728121938615e-05,0.0,0.028365949547075598,0.05997423614807273,0.19474078016646226,0.2957083387972241,0.3974138440849847,0.023796851256180626,0.0,0.0,0.0,0.0,0.0,0.0,0.9930987845735723,0.006901215426427747,0.0,0.0,0.0,0.0,0.0,0.00019284320304846535,0.9998071567969515,0.0,0.0,0.0
tip_middle_root_1_2_2,66,舌尖,134427,138.23336791992188,17.695859909057617,84.56594848632812,18.233482360839844,97.88099670410156,18.214738845825195,168.39251708984375,25.274097442626953,100.34239196777344,20.436918258666992,138.23336791992188,17.695859909057617,108.0859375,17.598560333251953,152.15255737304688,4.895790100097656,129.93296813964844,2.7262179851531982,0.0,0.0,0.006657888668199097,0.2731966048487283,0.6375207361616342,0.08261733133968623,7.438981752177762e-06,0.0,0.0,0.13499520185676986,0.558169117811154,0.30144985754349946,0.0053858227885767,0.0,0.0,0.0,7.438981752177762e-06,0.023849375497481905,0.4345778749804727,0.4945881407752907,0.04691765791098514,5.9511854017422095e-05,0.0,0.0,0.023417914555855596,0.0,0.0,0.0,0.0,0.0,0.0010117015182961756,0.9755703839258483,2.9755927008711047e-05,0.02259962656311604,0.41839065068773384,0.45121887716009434,0.10573768662545471,0.002023403036592351,0.0,0.0,0.0,0.0,0.006657888668199097,0.2731966048487283,0.6375207361616342,0.08261733133968623,7.438981752177762e-06,0.0,0.0,0.0003347541788479993,0.2737991623706547,0.5756507249287718,0.15002194499616892,0.00019341352555662182,0.0,0.0,0.0,0.0,0.0,0.0,0.9294486970623461,0.0705513029376539,0.0,0.0,0.0,0.0,0.0,0.16024310592366117,0.8397568940763388,0.0,0.0,0.0
tip_middle_root_1_2_2,66,舌中,323247,146.2159423828125,12.097478866577148,105.96565246582031,16.03860855102539,116.97437286376953,16.011985778808594,170.6387176513672,13.487128257751465,71.21576690673828,16.132429122924805,146.21595764160156,12.097546577453613,125.35206604003906,14.827547073364258,145.88636779785156,3.2480390071868896,128.3050994873047,2.089322805404663,0.0,0.0,0.003013175682991644,0.06431304853563993,0.8483357927529103,0.08400077958960175,0.0003279226102639777,9.280828592376728e-06,0.0,0.024730314589153188,0.18169078135295919,0.7354345129266474,0.05734933348182659,0.0007795896017596451,1.5468047653961213e-05,0.0,0.0,0.007919640398828141,0.07881279640646317,0.6704192150275177,0.23961552620751314,0.0031585753309388794,7.424662873901382e-05,0.0,0.006106785213783886,0.0,0.0,0.0,0.0,0.0,0.000612534687096864,0.9932806800991193,0.0006032538585044873,0.3457510819899334,0.5766704718063895,0.07247708408740065,0.004420768019502115,7.734023826980607e-05,0.0,0.0,0.0,0.0,0.003013175682991644,0.06431304853563993,0.8483357927529103,0.08400077958960175,0.0003279226102639777,9.280828592376728e-06,0.0,0.00027533124824050955,0.04682487385807138,0.46464158986781007,0.48411276825461647,0.004077377361584176,6.805940967742933e-05,0.0,0.0,0.0,0.0,0.0,0.9997896345519062,0.00021036544809387248,0.0,0.0,0.0,0.0,0.0,0.32038967105649857,0.6796103289435014,0.0,0.0,0.0
tip_middle_root_1_2_2,66,舌左邊,121271,130.23483276367188,13.774528503417969,86.6124038696289,21.31319236755371,97.3509292602539,19.397777557373047,172.3848876953125,6.870488166809082,87.85053253173828,26.242494583129883,130.23484802246094,13.774566650390625,106.75663757324219,19.14920997619629,147.7688751220703,4.61622428894043,129.38470458984375,1.9123014211654663,0.0,0.0,0.002284140478762441,0.39619529813393145,0.5930189410493852,0.007982122683906292,0.0005194976540145624,0.0,0.000601957599096239,0.1811232693719026,0.43072127713962943,0.3752257340996611,0.011503162338893883,0.0007338935112269215,9.070593958984424e-05,0.0,0.0,0.05171063156071938,0.3682166387677186,0.5406156459499798,0.03817070857830809,0.0009317973794229453,0.0003545777638512093,0.0,0.0014348030444211724,0.0,0.0,0.0,0.0,0.0,0.0006349415771289096,0.9979302553784499,0.0012204071872088133,0.17507070940290753,0.4861755902070569,0.2445844431067609,0.0862036265883847,0.006720485524156641,2.4737983524502973e-05,0.0,0.0,0.0,0.002284140478762441,0.39619529813393145,0.5930189410493852,0.007982122683906292,0.0005194976540145624,0.0,0.0,0.004444591039902367,0.28414047876244114,0.5837916731947457,0.12588335216168747,0.0013111131267986575,0.0004287917144247182,0.0,0.0,0.0,0.0,0.0,0.991490133667571,0.008509866332429023,0.0,0.0,0.0,0.0,0.0,0.1362733052419787,0.8637266947580213,0.0,0.0,0.0
tip_middle_root_1_2_2,66,舌右邊,81954,131.161865234375,14.413590431213379,79.87247467041016,20.945690155029297,93.23168182373047,20.66986656188965,171.92344665527344,4.73262882232666,101.9967269897461,24.696212768554688,131.161865234375,14.413590431213379,102.54814910888672,18.978647232055664,151.47341918945312,4.2437310218811035,129.61550903320312,2.293221950531006,0.0,0.0,0.0032823291114527663,0.38485003782609756,0.588513068306611,0.022427215267101057,0.0009273494887375845,0.0,0.0020133245479171244,0.21867144983771383,0.559118529907021,0.2003807013690607,0.018241940600824853,0.001574053737462479,0.0,0.0,0.0001220196695707348,0.05311516216414086,0.5310906118066232,0.3539546574907875,0.0578373233765283,0.003636186153207897,0.0002440393391414696,0.0,0.0006223003148107475,0.0,0.0,0.0,0.0,0.0,0.00023183737218439613,0.9991458623130048,0.0008785416209092906,0.08016692290797277,0.27619152207335823,0.5084925690021231,0.12455767869780608,0.009578544061302681,0.0001342216365278083,0.0,0.0,0.0,0.0032823291114527663,0.38485003782609756,0.588513068306611,0.022427215267101057,0.0009273494887375845,0.0,0.0,0.007089342802059692,0.37877345828147496,0.5040632549967055,0.10529077287258706,0.004587939575859628,0.0001952314713131757,0.0,0.0,0.0,0.0,0.0,0.9825877931522562,0.017412206847743857,0.0,0.0,0.0,0.0,0.0,0.14855894770236963,0.8514410522976303,0.0,0.0,0.0
tip_middle_root_1_2_2,66,舌根,555400,112.70095825195312,38.92034912109375,79.13204193115234,32.51081466674805,87.618896484375,35.02228927612305,171.2129364013672,15.86929702758789,81.8482437133789,23.175722122192383,112.70162963867188,38.91978073120117,94.51011657714844,37.46329116821289,143.3442840576172,5.011571407318115,128.78941345214844,1.7892329692840576,0.06684011523226503,0.09140079222182211,0.09159344616492618,0.2525585163845877,0.4841771696074901,0.013410154843356139,1.980554555275477e-05,0.0,0.1297767374864962,0.14672488296723082,0.3406985956067699,0.36499279798343537,0.017747569319409434,5.941663665826431e-05,0.0,0.0,0.1159074540871444,0.11498739647101189,0.2489629096146921,0.44445264674108753,0.07544292401872524,0.0002466690673388549,0.0,0.0,0.008311127115592365,0.0,0.0,0.0,0.0,3.060857039971192e-05,0.00010622974432841195,0.9915520345696796,0.0002322650342095787,0.23295282679150162,0.49982715160244867,0.22383147281238747,0.04214079942383867,0.0009866762693554196,9.002520705797624e-06,1.980554555275477e-05,0.06683831472812388,0.09139539070939863,0.09159884767734966,0.2525603168887288,0.4841771696074901,0.013410154843356139,1.980554555275477e-05,0.0,0.10717140799423838,0.09756211739287,0.17978754051134319,0.44621353979114153,0.16876665466330573,0.0004987396471011884,0.0,0.0,0.0,0.0,0.0,0.0,0.9983561397191214,0.001643860280878646,0.0,0.0,0.0,0.0,0.0,0.23138278718041053,0.7686172128195895,0.0,0.0,0.0
tip_middle_root_1_2_2,67,舌尖,93150,156.29183959960938,19.522281646728516,78.55044555664062,17.481225967407227,81.39923858642578,17.520097732543945,118.75299835205078,83.93258666992188,128.3013153076172,16.83669090270996,156.29183959960938,19.522281646728516,109.99921417236328,17.23299789428711,160.4945831298828,4.382193088531494,141.48501586914062,2.8985025882720947,0.0,0.0,1.0735373054213634e-05,0.11064949006977992,0.40426194310252284,0.4588083735909823,0.025979602791196994,0.0002898550724637681,2.1470746108427268e-05,0.1978851315083199,0.644369296833065,0.14731078904991948,0.010305958132045089,0.00010735373054213633,0.0,0.0,0.0,0.14641975308641975,0.6607085346215781,0.1785077831454643,0.014095544820182502,0.00026838432635534085,0.0,0.0,0.334320987654321,0.0,0.0,0.0,0.0,0.0,0.0,0.665679012345679,0.0,0.0,0.02626945786366076,0.45646806226516373,0.4842512077294686,0.033011272141706925,0.0,0.0,0.0,0.0,1.0735373054213634e-05,0.11064949006977992,0.40426194310252284,0.4588083735909823,0.025979602791196994,0.0002898550724637681,0.0,0.00011808910359634998,0.21995705850778313,0.6345571658615137,0.1392914653784219,0.0060762211486849165,0.0,0.0,0.0,0.0,0.0,0.0,0.4272785829307568,0.5727214170692432,0.0,0.0,0.0,0.0,0.0,0.0,1.0,0.0,0.0,0.0
tip_middle_root_1_2_2,67,舌中,162078,167.56089782714844,11.803336143493652,104.99754333496094,13.555164337158203,103.84358215332031,12.76030445098877,49.49837112426758,78.43766784667969,99.0987548828125,14.850369453430176,167.56089782714844,11.803336143493652,130.6146240234375,11.456794738769531,152.8987274169922,5.370159149169922,139.3549041748047,1.7900675535202026,0.0,0.0,0.0,0.0006354964893446366,0.2515270425350757,0.7281925986253532,0.019459766285368774,0.00018509606485766112,0.0,0.004004244869754069,0.21365021779636964,0.7445550907587705,0.03760535051024815,0.00018509606485766112,0.0,0.0,0.0,0.0017275632720048372,0.24287688643739433,0.7291242488184702,0.02604301632547292,0.00022828514665778206,0.0,0.0,0.7293895531780994,0.0,0.0,0.0,0.0,0.0,0.0,0.27061044682190055,0.0,0.00033317291674379005,0.47550562075050284,0.4710818248004047,0.05148755537457274,0.0015918261577758856,0.0,0.0,0.0,0.0,0.0,0.0006354964893446366,0.2515270425350757,0.7281925986253532,0.019459766285368774,0.00018509606485766112,0.0,0.0,0.0023445501548637077,0.38520959044410713,0.6054060390676094,0.0070028011204481795,3.701921297153223e-05,0.0,0.0,0.0,0.0,0.0,0.8789286639766039,0.12107133602339615,0.0,0.0,0.0,0.0,0.0,0.0,1.0,0.0,0.0,0.0
tip_middle_root_1_2_2,67,舌左邊,70073,144.06985473632812,11.48880386352539,84.99950408935547,17.45518684387207,81.71009063720703,15.554551124572754,9.64828109741211,36.34707260131836,111.9017562866211,19.075288772583008,144.06985473632812,11.48880386352539,109.39315795898438,15.01718521118164,152.12461853027344,4.6716084480285645,140.67059326171875,1.7338136434555054,0.0,0.0,0.0023118747591797124,0.0819431164642587,0.853880952720734,0.06182124356028713,4.2812495540365045e-05,0.0,0.0009846873974283961,0.1462617555977338,0.529562028170622,0.32303454968390105,0.00015697915031467183,0.0,0.0,0.0,0.0002283333095486136,0.1580066502076406,0.6536754527421403,0.1880182095814365,7.135415923394174e-05,0.0,0.0,0.0,0.955903129593424,0.0,0.0,0.0,0.0,0.0,0.0,0.044096870406576,0.0,0.0,0.2000199791645855,0.5800094187490189,0.20642758266379346,0.013543019422602144,0.0,0.0,0.0,0.0,0.0023118747591797124,0.0819431164642587,0.853880952720734,0.06182124356028713,4.2812495540365045e-05,0.0,0.0,0.005280207783311689,0.18701925135216133,0.7252008619582435,0.08249967890628344,0.0,0.0,0.0,0.0,0.0,0.0,0.0,0.9303012572602857,0.0696987427397143,0.0,0.0,0.0,0.0,0.0,0.0,1.0,0.0,0.0,0.0
tip_middle_root_1_2_2,67,舌右邊,48399,144.88558959960938,11.947580337524414,81.99812316894531,17.41703987121582,79.13800048828125,16.808124542236328,8.862001419067383,35.45712661743164,117.4010238647461,19.524545669555664,144.88558959960938,11.947580337524414,107.69557189941406,15.266669273376465,153.8882598876953,3.9082210063934326,141.36907958984375,2.1890361309051514,0.0,0.0,0.0,0.09572511828756793,0.8131366350544432,0.09084898448315047,0.0002892621748383231,0.0,2.066158391702308e-05,0.1768011735779665,0.6023264943490568,0.21766978656583813,0.0031818839232215543,0.0,0.0,0.0,0.0,0.20682245500940102,0.640942994689973,0.15016839190892373,0.002066158391702308,0.0,0.0,0.0,0.9583049236554474,0.0,0.0,0.0,0.0,0.0,0.0,0.04169507634455257,0.0,0.0,0.11861815326762949,0.5894336659848344,0.2729601851277919,0.018987995619744208,0.0,0.0,0.0,0.0,0.0,0.09572511828756793,0.8131366350544432,0.09084898448315047,0.0002892621748383231,0.0,0.0,0.0,0.2338478067728672,0.6811297754085828,0.08485712514721379,0.00016529267133618463,0.0,0.0,0.0,0.0,0.0,0.0,0.9317754499059898,0.06822455009401021,0.0,0.0,0.0,0.0,0.0,0.0,1.0,0.0,0.0,0.0
tip_middle_root_1_2_2,67,舌根,274480,138.13223266601562,26.88304901123047,91.16368103027344,25.920917510986328,88.45909118652344,24.999452590942383,17.493410110473633,50.09199523925781,95.66763305664062,21.940654754638672,138.13223266601562,26.88304901123047,111.15904235839844,27.146480560302734,147.02796936035156,3.043531656265259,137.6347198486328,1.6811933517456055,3.643252696006995e-05,0.02097420577091227,0.07371757505100554,0.16424147478869133,0.5407352083940542,0.20029510346837656,0.0,0.0,0.03047945205479452,0.12545904983969688,0.30470343923054505,0.5244061498105509,0.014951909064412707,0.0,0.0,0.0,0.03012969979597785,0.13528490236082774,0.346349460798601,0.4831244535120956,0.005111483532497814,0.0,0.0,0.0,0.912015447391431,0.0,0.0,0.0,0.0,0.0,0.0,0.08798455260856893,0.0,0.001490090352666861,0.6422580880209852,0.25063756922180125,0.0907279218886622,0.014554794520547944,0.00033153599533663656,0.0,3.643252696006995e-05,0.02097420577091227,0.07371757505100554,0.16424147478869133,0.5407352083940542,0.20029510346837656,0.0,0.0,0.011920722821334887,0.07116729816380064,0.14350408044301952,0.4442145147187409,0.32917881084232004,1.457301078402798e-05,0.0,0.0,0.0,0.0,0.0,0.0,0.9998360536286797,0.00016394637132031477,0.0,0.0,0.0,0.0,0.0,0.0,1.0,0.0,0.0,0.0
tip_middle_root_1_2_2,68,舌尖,125699,132.12472534179688,13.552629470825195,100.71932220458984,19.36577606201172,120.2072982788086,21.56442642211914,157.31239318847656,20.051776885986328,62.77157974243164,20.119924545288086,132.3897705078125,13.895548820495605,118.193359375,18.1043701171875,144.1656036376953,3.4515044689178467,122.15569305419922,3.406968832015991,0.0,0.0,0.003166294083485151,0.352954279668096,0.6328053524689934,0.01104225172833515,3.1822051090303024e-05,0.0,0.0,0.02315054216819545,0.36440226254783253,0.5320646942298666,0.08002450297933954,0.000357998074765909,0.0,0.0,0.0,0.009339771995003939,0.12984192396120892,0.4548405317464737,0.39273979904374734,0.01319819568970318,3.977756386287878e-05,0.0,0.014582454912131362,0.0,0.0,0.0,0.0,7.955512772575756e-05,0.3805837755272516,0.6047542144328912,0.015592805034248482,0.5540855535843563,0.3541635176095275,0.07335778327592105,0.0028003404959466662,0.0,0.0,0.0,0.0,0.0,0.003166294083485151,0.352484904414514,0.627936578652177,0.016364489773188332,4.773307663545454e-05,0.0,0.0,0.0006364410218060605,0.12553799155124543,0.5406566480242484,0.32894454212046237,0.004224377282237727,0.0,0.0,0.0,0.0,0.0,0.0,0.9997056460274147,0.000294353972585303,0.0,0.0,0.0,0.0,0.0,0.9442477664897891,0.0557522335102109,0.0,0.0,0.0
tip_middle_root_1_2_2,68,舌中,246942,142.76516723632812,12.495933532714844,119.38243103027344,15.408329963684082,140.98037719726562,15.532815933227539,151.7409210205078,5.450455188751221,44.1030158996582,10.639845848083496,143.87728881835938,13.243978500366211,135.09439086914062,14.606964111328125,141.11239624023438,2.3691487312316895,119.73303985595703,1.6030713319778442,0.0,0.0,0.0023122838561281597,0.10973831911946935,0.8243474176122328,0.06354933547148724,5.264394068242745e-05,0.0,1.2148601695944797e-05,0.00310599250026322,0.06025706441188619,0.6089000656024491,0.32674069214633394,0.0009840367373715286,0.0,0.0,0.0,0.0002956159746013234,0.008900875509228887,0.17385458933676734,0.722120983874756,0.09466190441480185,0.0001660308898445789,0.0,0.0,0.0,0.0,0.0,0.0,0.0007208170339593913,0.8681633743956071,0.13111580857043353,0.06182828356456172,0.8894882199058888,0.0458771695377862,0.002640296101918669,0.00016198135594593061,4.0495338986482655e-06,0.0,0.0,0.0,0.0,0.0023082343222295115,0.10536077297503058,0.78888564926177,0.10327931255112537,0.0001660308898445789,0.0,0.0,0.00034421038138510255,0.010609778814458456,0.27332734002316333,0.6938835839994817,0.021814839112018206,2.0247669493241327e-05,0.0,0.0,0.0,0.0,0.0,1.0,0.0,0.0,0.0,0.0,0.0,0.0,0.9998015728389662,0.000198427161033765,0.0,0.0,0.0
tip_middle_root_1_2_2,68,舌左邊,71210,121.6246566772461,12.814516067504883,89.1407241821289,20.076446533203125,113.30032348632812,21.458633422851562,155.99917602539062,7.5906548500061035,71.81324005126953,22.552474975585938,122.62728881835938,14.034452438354492,107.02587890625,18.62261962890625,145.77239990234375,3.670198917388916,119.66816711425781,2.6275382041931152,0.0,0.0,0.005996348827411881,0.6690914197444179,0.3228479146187333,0.002050273837944109,1.404297149276787e-05,0.0,0.0,0.11613537424519028,0.48686982165426207,0.3722089594158124,0.02465945794130038,0.00012638674343491083,0.0,0.0,0.0,0.0010110939474792867,0.24312596545429013,0.46955483780367924,0.2796938632214577,0.006572110658615363,4.212891447830361e-05,0.0,0.0,0.0,0.0,0.0,0.0,1.404297149276787e-05,0.49050695127088895,0.5094790057576183,5.617188597107148e-05,0.4431821373402612,0.3720825726723775,0.18099985957028508,0.003679258531105182,0.0,0.0,0.0,0.0,0.0,0.005982305855919113,0.6461873332397136,0.34115994944530265,0.006628282544586434,4.212891447830361e-05,0.0,0.0,0.000547675888217947,0.30297710995646676,0.5450919814632776,0.15033000983008005,0.0010532228619575903,0.0,0.0,0.0,0.0,0.0,0.0,1.0,0.0,0.0,0.0,0.0,0.0,0.0,0.9965313860412863,0.0034686139587136637,0.0,0.0,0.0
tip_middle_root_1_2_2,68,舌右邊,116488,136.67945861816406,16.528635025024414,107.28413391113281,23.866968154907227,128.78196716308594,25.483797073364258,156.14390563964844,8.029239654541016,58.21622848510742,22.51089859008789,137.2918701171875,17.27172088623047,124.39302062988281,22.23412322998047,143.6668701171875,3.620051145553589,120.77898406982422,2.7065577507019043,0.0,0.0,0.0054340361238925895,0.26006112217567473,0.6678713687246755,0.06600679898358629,0.0006266739921708674,0.0,8.584575235217362e-06,0.049636014010026784,0.23391250600920266,0.5031076162351487,0.20789265847125885,0.005416866973422155,2.5753725705652085e-05,0.0,0.0,0.004352379644255202,0.13537875145937778,0.27261177116956253,0.5026011262962709,0.08347640958725362,0.0015795618432799946,0.0,0.0002918755579973903,0.0,0.0,0.0,0.0,0.00025753725705652083,0.5889619531625575,0.41048863402238855,0.026371815122587735,0.6475602637181512,0.2371918137490557,0.08328754893207885,0.005571389327656068,1.7169150470434724e-05,0.0,0.0,0.0,0.0,0.0054340361238925895,0.25926275667879956,0.6459377789986951,0.0877686972048623,0.0015967309937504291,0.0,0.0,0.0015795618432799946,0.13299223954398737,0.38100920266465216,0.4526818213034819,0.0314968065380125,0.00024036810658608612,0.0,0.0,0.0,0.0,0.0,1.0,0.0,0.0,0.0,0.0,0.0,0.0,0.9747527642332258,0.02524723576677426,0.0,0.0,0.0
tip_middle_root_1_2_2,68,舌根,431271,97.05418395996094,31.29227638244629,75.87800598144531,29.335769653320312,93.23643493652344,33.11517333984375,154.22134399414062,9.49016284942627,62.413089752197266,23.86973762512207,97.8419418334961,31.846040725708008,88.34986114501953,32.9080696105957,140.27334594726562,3.6204323768615723,121.36543273925781,2.484394073486328,0.024501995265158102,0.1645670587635153,0.2084930357014499,0.44874104681279287,0.1532678988385493,0.00042896461853451776,0.0,0.0,0.0909335429463145,0.2376974106768134,0.3682603281927141,0.2945502943624774,0.008558423821680568,0.0,0.0,0.0,0.04620296750766919,0.17581984413512616,0.22336303623475726,0.4160307556037851,0.137859953486323,0.0007234430323392948,0.0,0.0,0.001532678988385493,0.0,0.0,2.31872766775415e-06,0.00014144238773300315,0.002833485209995571,0.6694236338636264,0.32606644082259184,0.020564795685311554,0.5751650354417523,0.3022136893044049,0.08784963514820147,0.012370412107468389,0.0010086465354730552,0.00032694060115333513,0.0005008451762348963,0.02449967653749035,0.16376014153513685,0.2045836608536164,0.4322803990994062,0.17401587400961344,0.0008602479647367897,0.0,0.0,0.0660118579732929,0.18220098267678558,0.24803661734732918,0.41886424081378065,0.08482601426945006,6.02869193616079e-05,0.0,0.0,0.0,0.0,0.0,1.39123660065249e-05,0.9999860876339934,0.0,0.0,0.0,0.0,0.0,0.0,0.9844181500726921,0.015581849927307887,0.0,0.0,0.0
tip_middle_root_1_2_2,69,舌尖,156417,124.73831176757812,18.216703414916992,80.67559051513672,18.418859481811523,92.4269790649414,18.905101776123047,171.51937866210938,6.662424087524414,91.7812271118164,18.073942184448242,124.73831176757812,18.216703414916992,100.66109466552734,18.80171012878418,148.29234313964844,2.9569365978240967,128.89332580566406,2.789879560470581,0.0,0.0,0.06386134499446991,0.4137657671480721,0.5203526470907893,0.0020202407666685845,0.0,0.0,0.0,0.21006668073163404,0.5666455692156224,0.22151684279841705,0.0017709072543265758,0.0,0.0,0.0,0.0,0.05390079083475581,0.49871177685289964,0.41712217981421457,0.03026525249813,0.0,0.0,0.0,0.0011891290588618884,0.0,0.0,0.0,0.0,0.0,0.00020458134346010984,0.998606289597678,0.0,0.05579316826176183,0.5323078693492396,0.39688780631261306,0.015011156076385559,0.0,0.0,0.0,0.0,0.0,0.06386134499446991,0.4137657671480721,0.5203526470907893,0.0020202407666685845,0.0,0.0,0.0,0.02145546839537902,0.34266735712870083,0.5691772633409412,0.06669991113497893,0.0,0.0,0.0,0.0,0.0,0.0,0.0,0.9998849229943036,0.00011507700569631179,0.0,0.0,0.0,0.0,0.0,0.3660599551199678,0.6339400448800322,0.0,0.0,0.0
tip_middle_root_1_2_2,69,舌中,282426,141.69776916503906,7.8426513671875,106.64035034179688,11.975128173828125,120.35069274902344,12.579694747924805,167.78903198242188,3.6206345558166504,63.37477493286133,15.667374610900879,141.69776916503906,7.8426513671875,124.85635375976562,10.423325538635254,144.3059844970703,3.5538132190704346,125.9524154663086,2.0276031494140625,0.0,0.0,7.08150099495089e-06,0.049188105910928884,0.9462832742028,0.004521538385276143,0.0,0.0,0.0,0.0004850828181541359,0.1667197779241288,0.7973132785225157,0.0354287494777393,5.311125746213167e-05,0.0,0.0,0.0,6.019275845708256e-05,0.03358755921905207,0.6708199670002054,0.295022412950649,0.000509868071636464,0.0,0.0,9.5600263431837e-05,0.0,0.0,0.0,0.0,0.0,0.0028042743940005525,0.9971001253425676,0.004528619886271094,0.5484551705579515,0.4105146126773031,0.03590675079489849,0.0005913053330783993,3.540750497475445e-06,0.0,0.0,0.0,0.0,7.08150099495089e-06,0.049188105910928884,0.9462832742028,0.004521538385276143,0.0,0.0,0.0,0.0,0.004206411591000828,0.5824499160842133,0.4128656710076268,0.00047800131715918507,0.0,0.0,0.0,0.0,0.0,0.0,0.9996990362077146,0.0003009637922854128,0.0,0.0,0.0,0.0,0.0,0.8182993067210526,0.18170069327894742,0.0,0.0,0.0
tip_middle_root_1_2_2,69,舌左邊,117519,127.24485778808594,12.209892272949219,89.62150573730469,15.436418533325195,102.96812438964844,18.035249710083008,168.8042755126953,4.268533706665039,76.43391418457031,17.75661849975586,127.24485778808594,12.209892272949219,108.1556167602539,14.835224151611328,145.71311950683594,3.035050630569458,126.72626495361328,2.8135159015655518,0.0,0.0,0.0013614819731277495,0.4196257626426365,0.5783064866106757,0.0007062687735600201,0.0,0.0,0.0,0.058807511976786735,0.5867051285324075,0.349092487172287,0.005394872318518707,0.0,0.0,0.0,0.0,0.008653919791693257,0.29120397552736155,0.6265199669840622,0.07360511917221896,1.701852466409687e-05,0.0,0.0,3.403704932819374e-05,0.0,0.0,0.0,0.0,0.0,0.003676001327444924,0.9962899616232269,0.0005445927892510998,0.24700686697470195,0.6076719509185748,0.14229188471651394,0.002484704600958143,0.0,0.0,0.0,0.0,0.0,0.0013614819731277495,0.4196257626426365,0.5783064866106757,0.0007062687735600201,0.0,0.0,0.0,0.0002212408206332593,0.207311158195696,0.7057922548694253,0.08667534611424535,0.0,0.0,0.0,0.0,0.0,0.0,0.0,1.0,0.0,0.0,0.0,0.0,0.0,0.0,0.6405772683566061,0.35942273164339383,0.0,0.0,0.0
tip_middle_root_1_2_2,69,舌右邊,125950,129.51759338378906,15.35237979888916,92.19234466552734,18.61162567138672,103.03694915771484,21.479942321777344,168.78538513183594,18.559843063354492,75.15299987792969,20.401716232299805,129.5176239013672,15.35247802734375,110.44889831542969,18.21700096130371,145.12814331054688,3.453852415084839,128.10678100585938,2.9837584495544434,0.0,7.939658594680429e-06,0.05274315204446209,0.30926558157999207,0.635577610162763,0.0024057165541881698,0.0,0.0,9.527590313616515e-05,0.08319174275506153,0.4489400555776102,0.45587931718936087,0.01185391028185788,3.969829297340214e-05,0.0,0.0,0.0,0.06622469233822946,0.2440651052004764,0.5858912266772529,0.10337435490273918,0.000444620881302104,0.0,0.0,0.011488685986502581,0.0,0.0,0.0,0.0,0.0,0.0005795950774116713,0.9879317189360858,0.0004922588328701865,0.3330607383882493,0.4945136959110758,0.16343787217149663,0.00849543469630806,0.0,0.0,0.0,0.0,7.939658594680429e-06,0.05274315204446209,0.30926558157999207,0.635577610162763,0.0024057165541881698,0.0,0.0,0.0,0.02503374354902739,0.14481937276697102,0.6717824533545057,0.15794362842397777,0.0004208019055180627,0.0,0.0,0.0,0.0,0.0,0.0,1.0,0.0,0.0,0.0,0.0,0.0,0.0,0.5292497022628027,0.4707502977371973,0.0,0.0,0.0
tip_middle_root_1_2_2,69,舌根,460567,94.00534057617188,33.694454193115234,73.84625244140625,28.88344955444336,79.70552825927734,31.97498321533203,138.56626892089844,65.55868530273438,59.0672721862793,15.312533378601074,94.00534057617188,33.694454193115234,84.67176055908203,33.76679992675781,137.57041931152344,3.390528917312622,127.88462829589844,2.372511625289917,0.05716649260585322,0.17775046844433057,0.17194892382650082,0.4641344256101718,0.12899534703962723,4.342473516339642e-06,0.0,0.0,0.13084306952082975,0.20283476671146652,0.3816057164321369,0.2840498776508087,0.0006665696847581351,0.0,0.0,0.0,0.12215378001463413,0.1788056895088011,0.2867552386514883,0.4011316485983581,0.011153643226718371,0.0,0.0,0.0,0.18987248326519268,0.0,0.0,0.0,0.0,0.0,0.0010508785909541934,0.8090766381438531,0.005790688434038913,0.6541219844235475,0.3187570972301533,0.021288976413855097,4.12534984052266e-05,0.0,0.0,0.0,0.05716649260585322,0.17775046844433057,0.17194892382650082,0.4641344256101718,0.12899534703962723,4.342473516339642e-06,0.0,0.0,0.11488013687476524,0.16418892365280188,0.2196292830359101,0.4679840283824069,0.03331762805411591,0.0,0.0,0.0,0.0,0.0,0.0,0.0,1.0,0.0,0.0,0.0,0.0,0.0,0.0,0.4534845093113488,0.5465154906886511,0.0,0.0,0.0
tip_middle_root_1_2_2,7,舌尖,129100,154.03591918945312,10.982946395874023,107.63980102539062,14.564489364624023,120.18927764892578,14.915020942687988,171.79244995117188,2.198014974594116,77.57575225830078,13.591609954833984,154.03591918945312,10.982946395874023,128.95889282226562,13.42651653289795,148.45242309570312,2.646662950515747,128.5870361328125,1.6015362739562988,0.0,0.0,0.0,0.044810224632068164,0.6049573973663827,0.35023237800154916,0.0,0.0,0.0,0.002013942680092951,0.18426800929512005,0.7710224632068164,0.04269558481797057,0.0,0.0,0.0,0.0,0.0,0.07656080557707204,0.5634004647560031,0.3599612703330751,7.745933384972889e-05,0.0,0.0,5.422153369481022e-05,0.0,0.0,0.0,0.0,0.0,0.0,0.9999457784663052,0.0,0.1418280402788536,0.7478698683191325,0.110286599535244,1.549186676994578e-05,0.0,0.0,0.0,0.0,0.0,0.0,0.044810224632068164,0.6049573973663827,0.35023237800154916,0.0,0.0,0.0,0.0,0.027358636715724246,0.34019364833462434,0.6315801704105345,0.0008675445391169636,0.0,0.0,0.0,0.0,0.0,0.0,1.0,0.0,0.0,0.0,0.0,0.0,0.0,0.24853601859024013,0.7514639814097599,0.0,0.0,0.0
tip_middle_root_1_2_2,7,舌中,275456,155.0071563720703,8.01819133758545,119.4666748046875,7.581215858459473,129.82797241210938,8.181873321533203,170.32400512695312,13.39138412475586,58.444679260253906,8.230055809020996,155.0071563720703,8.01819133758545,137.56504821777344,7.298329830169678,143.54498291015625,2.620859146118164,127.75547790527344,1.467942476272583,0.0,0.0,0.0,0.00026864544609665427,0.6581994946561338,0.3415318598977695,0.0,0.0,0.0,3.630343866171004e-05,0.003096683317843866,0.8607690520446096,0.13609796119888476,0.0,0.0,0.0,0.0,1.089103159851301e-05,0.0007260687732342007,0.36555021491635686,0.6337128252788105,0.0,0.0,0.0,0.006033631505576208,0.0,0.0,0.0,0.0,0.0,0.0,0.9939663684944238,0.0004755750464684015,0.7387749767657993,0.2603936744888476,0.00035214335501858736,3.6303438661710035e-06,0.0,0.0,0.0,0.0,0.0,0.0,0.00026864544609665427,0.6581994946561338,0.3415318598977695,0.0,0.0,0.0,0.0,0.00010891031598513011,0.08749854786245354,0.9123598687267658,3.267309479553903e-05,0.0,0.0,0.0,0.0,0.0,0.0,1.0,0.0,0.0,0.0,0.0,0.0,0.0,0.41341629879182157,0.5865837012081785,0.0,0.0,0.0
tip_middle_root_1_2_2,7,舌左邊,76451,158.19216918945312,6.115738868713379,122.57626342773438,8.228689193725586,131.01524353027344,8.629169464111328,172.92208862304688,2.6528289318084717,57.57133483886719,7.510611057281494,158.19216918945312,6.115738868713379,140.463134765625,7.436955451965332,143.22093200683594,1.866923451423645,128.7151641845703,1.0346661806106567,0.0,0.0,0.0,0.0001569632836718944,0.5485605158859923,0.45128252083033576,0.0,0.0,0.0,0.0,0.00196204104589868,0.7303763194726034,0.26766163948149796,0.0,0.0,0.0,0.0,0.0,0.00017004355731121894,0.30147414683915186,0.6983558096035369,0.0,0.0,0.0,0.00014388301003256989,0.0,0.0,0.0,0.0,0.0,0.0,0.9998561169899675,0.0,0.805692535087834,0.19430746491216597,0.0,0.0,0.0,0.0,0.0,0.0,0.0,0.0,0.0001569632836718944,0.5485605158859923,0.45128252083033576,0.0,0.0,0.0,0.0,0.0,0.04861937711736929,0.9501118363396163,0.0012687865430144798,0.0,0.0,0.0,0.0,0.0,0.0,1.0,0.0,0.0,0.0,0.0,0.0,0.0,0.06001229545722096,0.939987704542779,0.0,0.0,0.0
tip_middle_root_1_2_2,7,舌右邊,115027,149.82298278808594,13.106998443603516,108.56453704833984,17.92816925048828,119.95881652832031,19.25391960144043,171.53509521484375,2.7139480113983154,71.48502349853516,17.334169387817383,149.82298278808594,13.106998443603516,128.22227478027344,16.576370239257812,146.28318786621094,3.152400255203247,128.3876495361328,2.1003594398498535,0.0,0.0,5.2161666391368984e-05,0.09066566979926452,0.7092943395898355,0.19998782894450867,0.0,0.0,0.0,0.008406721900075634,0.22521668825580082,0.6943587157797735,0.0720178740643501,0.0,0.0,0.0,0.0,0.0014083649925669625,0.16395281107913795,0.33379119684943537,0.5008476270788598,0.0,0.0,0.0,6.954888852182531e-05,0.0,0.0,0.0,0.0,0.0,0.0,0.9999304511114782,0.0,0.409677727837812,0.45751866952976256,0.13274274735496883,6.0855277456597146e-05,0.0,0.0,0.0,0.0,0.0,5.2161666391368984e-05,0.09066566979926452,0.7092943395898355,0.19998782894450867,0.0,0.0,0.0,0.0,0.060959600789379884,0.26514644387839376,0.6738939553322264,0.0,0.0,0.0,0.0,0.0,0.0,0.0,1.0,0.0,0.0,0.0,0.0,0.0,0.0,0.466716510036774,0.533283489963226,0.0,0.0,0.0
tip_middle_root_1_2_2,7,舌根,430751,111.8089828491211,34.01475524902344,85.0562515258789,30.003732681274414,88.0923843383789,30.60540199279785,141.13372802734375,69.29671478271484,65.91899108886719,20.17083168029785,111.8089828491211,34.01475524902344,98.50106811523438,33.41536331176758,139.61672973632812,3.035220146179199,130.57765197753906,1.660467505455017,0.0022031289538503684,0.10889121557465914,0.22241387715872976,0.2285078850658501,0.43007445136517386,0.00790944188173678,0.0,0.0,0.05880195286836246,0.19741335481519487,0.2904531852508758,0.4257726621644523,0.027556523374292805,2.3215268217601353e-06,0.0,0.0,0.04652571903489487,0.19021197861409492,0.2921595074648695,0.4003380143052483,0.07076013752724893,4.643053643520271e-06,0.0,0.0,0.1982491044710285,0.0,0.0,0.0,0.0,0.0,0.0,0.8017508955289715,0.0028438703566561656,0.5593509939617087,0.3540560555866382,0.06439915403562615,0.018393457008805552,0.0009564690505651757,0.0,0.0,0.0022031289538503684,0.10889121557465914,0.22241387715872976,0.2285078850658501,0.43007445136517386,0.00790944188173678,0.0,0.0,0.03807536140368798,0.14279479327964414,0.2387342107157035,0.3384530738175884,0.2419309531492672,1.1607634108800676e-05,0.0,0.0,0.0,0.0,0.0,0.0,1.0,0.0,0.0,0.0,0.0,0.0,0.0,0.02284150239929797,0.9771584976007021,0.0,0.0,0.0
tip_middle_root_1_2_2,70,舌尖,64140,139.93646240234375,11.129146575927734,80.231201171875,14.015365600585938,86.8586654663086,15.202840805053711,168.73487854003906,36.060546875,109.67266845703125,15.752340316772461,139.93646240234375,11.129146575927734,105.30453491210938,12.90201473236084,153.82066345214844,3.0454463958740234,135.1512451171875,2.76479434967041,0.0,0.0,0.0,0.15542563143124416,0.8190053009042719,0.025085749922045524,0.00048331774243841596,0.0,0.0,0.09554100405363268,0.7792485188649828,0.11889616463985032,0.005581540380417836,0.0007327720611163081,0.0,0.0,0.0,0.035843467415029626,0.7100093545369505,0.24134705332086062,0.011053944496414093,0.0016838166510757717,6.236357966947302e-05,0.0,0.04370127845338322,0.0,0.0,0.0,0.0,0.0,0.00017149984409105083,0.9561272217025257,0.00037418147801683815,0.007062675397567821,0.16039912690988462,0.7353757405675085,0.09582164016214531,0.0009666354848768319,0.0,0.0,0.0,0.0,0.0,0.15542563143124416,0.8190053009042719,0.025085749922045524,0.00048331774243841596,0.0,0.0,0.0,0.22452447770502026,0.7316027439975055,0.041300280636108515,0.0025257249766136576,4.677268475210477e-05,0.0,0.0,0.0,0.0,0.0,0.9638758964764578,0.03612410352354225,0.0,0.0,0.0,0.0,0.0,0.007499220455254131,0.9925007795447459,0.0,0.0,0.0
tip_middle_root_1_2_2,70,舌中,151864,148.7584991455078,6.6174211502075195,104.7353744506836,16.111955642700195,114.61032104492188,16.58867645263672,172.2605743408203,9.71249008178711,75.9854507446289,22.619569778442383,148.75860595703125,6.618157386779785,125.31741333007812,12.830410957336426,147.24668884277344,5.297497749328613,129.7290496826172,3.0043728351593018,0.0,0.0,0.0,0.0011852710319759784,0.9541695200969288,0.04433572143496813,0.00030948743612706106,0.0,0.0,0.0012445345835747775,0.28717141653058,0.6296620660591055,0.0814610440920824,0.00045435389559079175,6.584839066533214e-06,0.0,0.0,0.00012511194226413108,0.13871621977558868,0.6224780066375177,0.2371924880155929,0.001356476847705842,0.00013169678133066428,0.0,0.002903914028341147,0.0,0.0,0.0,0.0,0.0,0.0003358267923931939,0.9967602591792657,0.0034965495443291367,0.3230653742822525,0.46188036664383925,0.19983669599114998,0.011721013538429121,0.0,0.0,0.0,0.0,0.0,0.0,0.0011852710319759784,0.9541695200969288,0.0443291365959016,0.0003160722751935943,0.0,0.0,0.0,0.0035294737396618027,0.5656903545277353,0.4286071748406469,0.002067639466891429,0.00010535742506453143,0.0,0.0,0.0,0.0,0.0,0.9937378180477269,0.006262181952273086,0.0,0.0,0.0,0.0,0.0,0.2395564452404783,0.7604435547595216,0.0,0.0,0.0
tip_middle_root_1_2_2,70,舌左邊,55981,134.8835906982422,15.313796997070312,78.36309051513672,16.507080078125,84.5807876586914,19.393585205078125,145.34906005859375,66.34352111816406,108.27165985107422,20.604496002197266,134.8835906982422,15.313796997070312,102.2708969116211,16.073711395263672,152.5791015625,4.429934501647949,134.85435485839844,3.7490394115448,0.003876315178364088,0.002036405208910166,0.006252121255425948,0.2558368017720298,0.7256747825154963,0.006323574069773673,0.0,0.0,0.008752969757596327,0.10187385005626909,0.7189224915596363,0.1688072738965006,0.0016434147299976777,0.0,0.0,0.0,0.00835997927868384,0.057787463603722694,0.6967363927046677,0.21191118415176577,0.025169253853986173,3.572640717386256e-05,0.0,0.0,0.17332666440399422,0.0,0.0,0.0,0.0,0.0,8.93160179346564e-05,0.8265840195780711,3.572640717386256e-05,0.023293617477358388,0.21832407423947411,0.6289455350922635,0.12316678873189117,0.003376145477930012,0.002036405208910166,0.0008217073649988389,0.003876315178364088,0.002036405208910166,0.006252121255425948,0.2558368017720298,0.7256747825154963,0.006323574069773673,0.0,0.0,0.0056804987406441475,0.005287508261731659,0.33388113824333254,0.5795716403779854,0.0754898983583716,8.93160179346564e-05,0.0,0.0,0.0,0.0,0.0,0.0,0.9633268430360301,0.036673156963969916,0.0,0.0,0.0,0.0,0.0,0.040996052232007286,0.9590039477679927,0.0,0.0,0.0
tip_middle_root_1_2_2,70,舌右邊,46275,136.2660675048828,12.611647605895996,79.68732452392578,17.759490966796875,85.86033630371094,20.25653648376465,161.72946166992188,48.352325439453125,107.50208282470703,21.67202377319336,136.2660675048828,12.611647605895996,103.64080047607422,16.166553497314453,152.58697509765625,3.8851053714752197,134.8759307861328,3.5917088985443115,0.00010804970286331713,0.0018584548892490547,0.0012965964343598054,0.29000540248514317,0.6936790923824959,0.012576985413290113,0.00047541869259859536,0.0,0.0020529443544030253,0.16736898973527822,0.6326094003241491,0.18757428417071853,0.010070232306861156,0.00032414910858995135,0.0,0.0,0.002225823878984333,0.11077255537547272,0.5941653160453809,0.25759049162614805,0.03459751485683414,0.000561858454889249,8.64397622906537e-05,0.0,0.08226904376012965,0.0,0.0,0.0,0.0,0.0,0.0,0.9177309562398703,2.1609940572663425e-05,0.037493246893571044,0.22696920583468397,0.5917017828200972,0.14122096164235548,0.0011453268503511616,0.0006266882766072393,0.0008211777417612102,0.00010804970286331713,0.0018584548892490547,0.0012965964343598054,0.29000540248514317,0.6936790923824959,0.012576985413290113,0.00047541869259859536,0.0,0.0017720151269584009,0.0009724473257698541,0.37231766612641815,0.5411345218800648,0.08291734197730956,0.0007779578606158833,0.00010804970286331713,0.0,0.0,0.0,0.0,0.0,0.9934521880064829,0.0065478119935170175,0.0,0.0,0.0,0.0,0.0,0.03183144246353323,0.9681685575364668,0.0,0.0,0.0
tip_middle_root_1_2_2,70,舌根,253731,109.54102325439453,35.32697677612305,75.5749740600586,33.363277435302734,80.80133819580078,35.50293731689453,158.83555603027344,50.01492691040039,86.90267944335938,34.41884994506836,109.54261016845703,35.32686233520508,90.8333969116211,36.40595245361328,143.35279846191406,5.0698041915893555,130.9999542236328,3.314330577850342,0.011906310226184423,0.134402181838246,0.17767241685091692,0.271050837304074,0.39699524299356403,0.007973010787014595,0.0,0.0,0.12541234614611538,0.2485585127556349,0.28039143817665163,0.31281948204988747,0.03281822087171059,0.0,0.0,0.0,0.10596261394941887,0.23795279252436635,0.2508483393830474,0.3191569023887503,0.08595323393672827,0.00012611781768881217,0.0,0.0,0.09056441664597546,0.0,0.0,0.0,0.0,0.0002955886352081535,0.00134788417654918,0.9077921105422672,0.005805360795488135,0.30641900280218026,0.3282807382621753,0.19336620278956848,0.1484288478743236,0.01692737584292026,0.0005123536343607995,0.0002601179989831751,0.011906310226184423,0.134402181838246,0.17767241685091692,0.27104689612227123,0.39699524299356403,0.00797695196881737,0.0,0.0,0.0795291075982044,0.1739755883199136,0.24166144460077799,0.3319302726115453,0.17250946868928116,0.000394118180277538,0.0,0.0,0.0,0.0,0.0,0.0,0.9997044113647918,0.0002955886352081535,0.0,0.0,0.0,0.0,0.0,0.10691243876388774,0.8930875612361122,0.0,0.0,0.0
tip_middle_root_1_2_2,71,舌尖,101765,131.3559112548828,11.592782974243164,83.22456359863281,14.072653770446777,101.36307525634766,14.91971492767334,168.33816528320312,3.12139630317688,94.29594421386719,16.35043716430664,131.36903381347656,11.560809135437012,105.30553436279297,13.380295753479004,150.8335418701172,2.884394645690918,126.0378189086914,2.3654754161834717,0.0,0.0,0.0032820714390998868,0.34985505822237506,0.6455264580160173,0.0013364123225077383,0.0,0.0,0.0,0.07003390163612244,0.7232938633125338,0.20492310715864984,0.0017491278926939518,0.0,0.0,0.0,0.0,0.00036358276421166415,0.3920503119933179,0.5682995135852209,0.039247285412469905,3.930624477963937e-05,0.0,0.0,0.0,0.0,0.0,0.0,0.0,4.913280597454921e-05,0.011290718812951408,0.9886601483810741,0.0,0.03443227042696408,0.4683633862329878,0.4834569842283693,0.013747359111678868,0.0,0.0,0.0,0.0,0.0,0.00308554021520169,0.3500515894462733,0.6455264580160173,0.0013364123225077383,0.0,0.0,0.0,0.0,0.26312582911610083,0.6936373016262959,0.04322704269640839,9.826561194909842e-06,0.0,0.0,0.0,0.0,0.0,0.0,0.997061858202722,0.0029381417972780426,0.0,0.0,0.0,0.0,0.0,0.7865474377241685,0.21345256227583156,0.0,0.0,0.0
tip_middle_root_1_2_2,71,舌中,344640,133.02906799316406,9.598536491394043,96.4334487915039,12.662421226501465,110.8094253540039,12.482725143432617,167.98658752441406,3.329061269760132,70.72273254394531,14.277174949645996,133.02938842773438,9.599103927612305,114.9455795288086,11.701107025146484,145.2656707763672,2.928133487701416,125.83697509765625,2.0595338344573975,0.0,0.0,2.9015784586815226e-06,0.2922092618384401,0.7068680362116991,0.0009198003714020427,0.0,0.0,0.0,0.005170612813370473,0.46357358402971216,0.5251015552460538,0.0061455431754874655,8.704735376044569e-06,0.0,0.0,0.0,0.00045264623955431753,0.11500406220984215,0.8030930826369546,0.08129352367688022,0.00015668523676880223,0.0,0.0,3.191736304549675e-05,0.0,0.0,0.0,0.0,0.0,0.0038097725162488396,0.9961583101207057,0.00036559888579387186,0.33133994893221913,0.610605269266481,0.05697829619312906,0.0005977251624883937,0.00011316155988857938,0.0,0.0,0.0,0.0,2.9015784586815226e-06,0.2922092618384401,0.7068622330547818,0.0009256035283194058,0.0,0.0,0.0,1.160631383472609e-05,0.047762883008356544,0.8090529247910864,0.1430449164345404,0.000127669452181987,0.0,0.0,0.0,0.0,0.0,0.0,0.9998288068709378,0.00017119312906220985,0.0,0.0,0.0,0.0,0.0,0.805994661095636,0.19400533890436397,0.0,0.0,0.0
tip_middle_root_1_2_2,71,舌左邊,61081,123.98729705810547,12.584274291992188,82.5762710571289,15.279202461242676,94.95406341552734,16.42460823059082,169.94837951660156,12.75158405303955,86.33489990234375,16.75933265686035,123.9873275756836,12.584407806396484,101.92603302001953,14.827728271484375,147.2578582763672,2.9248621463775635,128.04884338378906,2.310953140258789,0.0,0.0,0.017796041322178748,0.5675578330413713,0.41259966274291515,0.0020464628935348145,0.0,0.0,0.0,0.09459570079075326,0.7114487320115912,0.19005910184836527,0.0037654917241040585,0.0001309736251862281,0.0,0.0,0.0,0.015913295460126715,0.5046250061393887,0.4500253761398798,0.028961542869304694,0.00047477939130007696,0.0,0.0,0.0052880601168939605,0.0,0.0,0.0,0.0,0.0,0.003896465349290287,0.9908154745338158,0.0004256642818552414,0.09318773432000131,0.6233362256675562,0.2760105433768275,0.007039832353759761,0.0,0.0,0.0,0.0,0.0,0.017796041322178748,0.5675578330413713,0.41259966274291515,0.0020464628935348145,0.0,0.0,0.0,0.004060182380773072,0.32746680637186687,0.617737103190845,0.050310243774659875,0.0004256642818552414,0.0,0.0,0.0,0.0,0.0,0.0,1.0,0.0,0.0,0.0,0.0,0.0,0.0,0.4396620880470195,0.5603379119529804,0.0,0.0,0.0
tip_middle_root_1_2_2,71,舌右邊,89658,126.81614685058594,11.758434295654297,89.35092163085938,17.288616180419922,106.18609619140625,17.062808990478516,165.88623046875,3.840174913406372,76.84854888916016,20.720760345458984,126.843994140625,11.710782051086426,108.10501861572266,15.907066345214844,146.2694854736328,3.5816221237182617,124.70901489257812,1.7651537656784058,0.0,0.0,0.002186084900399295,0.4653126324477459,0.5312520912801981,0.00124919137165674,0.0,0.0,0.0,0.08088514131477392,0.5176559816190412,0.39345066809431395,0.00797474848870151,3.3460483169376966e-05,0.0,0.0,0.0,1.1153494389792322e-05,0.28481563273773675,0.6175578308684111,0.09684579178656673,0.0007695911128956702,0.0,0.0,4.461397755916929e-05,0.0,0.0,0.0,0.0,0.00017845591023667715,0.0357357960248946,0.9640411340873095,0.003156438912311227,0.28858551384148656,0.5035133507327846,0.20261437908496732,0.0021303174284503334,0.0,0.0,0.0,0.0,0.0,0.000970354011911932,0.4664502888755047,0.5312967052577573,0.0012826518548261171,0.0,0.0,0.0,0.0,0.2601664101362957,0.6362399339713132,0.10286867875705459,0.0007249771353365009,0.0,0.0,0.0,0.0,0.0,0.0,1.0,0.0,0.0,0.0,0.0,0.0,0.0,0.9457382497936604,0.054261750206339644,0.0,0.0,0.0
tip_middle_root_1_2_2,71,舌根,600700,134.63136291503906,12.239256858825684,101.58917236328125,15.246432304382324,109.6634292602539,15.438396453857422,160.04656982421875,43.41897201538086,63.92428207397461,14.00413990020752,134.63136291503906,12.239287376403809,118.66150665283203,14.573781967163086,142.66006469726562,2.7759759426116943,128.66407775878906,2.6923229694366455,0.0,0.0,0.005280506076244381,0.25141002164141835,0.736712169136008,0.006595638421841185,1.66472448809722e-06,0.0,0.0,0.015222240719160979,0.30482936573997005,0.6504777759280839,0.029460629265856502,9.988346928583319e-06,0.0,0.0,0.0,0.005378724821042118,0.16229066089562177,0.7183152988180456,0.11386881971033794,0.00014649575495255534,0.0,0.0,0.07026469119360745,0.0,0.0,0.0,0.0,0.0,0.0002830031629765274,0.929452305643416,0.0005010820709172632,0.5617512901614783,0.4082670218078908,0.02848010654236724,0.0009788579990011653,2.164141834526386e-05,0.0,0.0,0.0,0.0,0.005280506076244381,0.25141002164141835,0.736712169136008,0.006595638421841185,1.66472448809722e-06,0.0,0.0,0.0003895455302147495,0.06671050441151989,0.6407557849175961,0.2917379723655735,0.00040619277509572164,0.0,0.0,0.0,0.0,0.0,0.0,0.9999267521225237,7.324787747627767e-05,0.0,0.0,0.0,0.0,0.0,0.34890461128683203,0.651095388713168,0.0,0.0,0.0
tip_middle_root_1_2_2,72,舌尖,251532,132.88572692871094,12.69878101348877,75.40109252929688,16.733530044555664,93.43073272705078,17.99569320678711,169.92547607421875,7.370512962341309,111.10255432128906,25.068180084228516,132.8857421875,12.698803901672363,100.62943267822266,14.76916790008545,154.68344116210938,5.377458095550537,128.39370727539062,3.398681402206421,0.0,0.0,0.012710112431022692,0.24458915764197,0.7343638185201088,0.008269325572889334,6.758583400919168e-05,0.0,0.0015147178092648251,0.26039231588823686,0.6182036480447816,0.11736478857560867,0.0024847733091614586,3.9756372946583335e-05,0.0,0.0,7.951274589316667e-05,0.04792630758710621,0.4818790452109473,0.44869837634972887,0.020438751331838492,0.0009700554998966335,7.951274589316668e-06,0.0,0.0016141087416312835,0.0,0.0,0.0,0.0,0.0,0.0009183722150660751,0.9974675190433027,3.975637294658334e-06,0.03326813288170093,0.23596600034985607,0.4501812890606364,0.26623650271138466,0.014280489162412735,6.361019671453334e-05,0.0,0.0,0.0,0.012710112431022692,0.24458915764197,0.7343638185201088,0.008269325572889334,6.758583400919168e-05,0.0,0.0,0.009704530636260993,0.31796749518947887,0.6468838954884468,0.024819903630551976,0.0006201994179667001,3.975637294658334e-06,0.0,0.0,0.0,0.0,0.0,0.820106388054005,0.17989361194599493,0.0,0.0,0.0,0.0,0.0,0.4437089515449327,0.5562910484550674,0.0,0.0,0.0
tip_middle_root_1_2_2,72,舌中,474780,135.60269165039062,9.711639404296875,99.84038543701172,15.519233703613281,112.91179656982422,14.424147605895996,168.956298828125,3.2752492427825928,68.1013412475586,20.873842239379883,135.60269165039062,9.711639404296875,118.14160919189453,13.583894729614258,144.63619995117188,4.495629787445068,126.4708023071289,1.9321216344833374,0.0,0.0,0.0024642992543915075,0.17021567884072622,0.8254033447070221,0.0019166771978600615,0.0,0.0,0.0003538480980664729,0.025769830237162474,0.2996229832764649,0.6646973335018325,0.009556004886473735,0.0,0.0,0.0,0.0,0.008273305530982772,0.1005960655461477,0.759598129660053,0.13150301192131092,2.9487341505539407e-05,0.0,0.0,7.582459244281562e-05,0.0,0.0,0.0,0.0,0.0,0.0007161211508488141,0.9992080542567083,0.0019166771978600615,0.5049117485993513,0.3886115674628249,0.08795231475630819,0.014537259362230928,0.0020641139053877585,6.318716036901302e-06,0.0,0.0,0.0,0.0024642992543915075,0.17021567884072622,0.8254033447070221,0.0019166771978600615,0.0,0.0,0.0,0.003306794725978348,0.05592906188129239,0.6909073676228991,0.24981254475757192,4.423101225830911e-05,0.0,0.0,0.0,0.0,0.0,0.0,0.9980917477568558,0.0019082522431441932,0.0,0.0,0.0,0.0,0.0,0.7334344327899237,0.26656556721007624,0.0,0.0,0.0
tip_middle_root_1_2_2,72,舌左邊,203761,135.48834228515625,15.123842239379883,91.64400482177734,22.879453659057617,106.54219055175781,23.237545013427734,169.40298461914062,3.698728322982788,85.04023742675781,27.7863712310791,135.48834228515625,15.123842239379883,112.30840301513672,20.74312973022461,148.42437744140625,5.0504655838012695,127.16059875488281,2.821568250656128,0.0,4.907710503972792e-06,0.023954534969891195,0.20279150573465973,0.7623637496871335,0.010870578766299734,1.4723131511918374e-05,0.0,0.00286610293432011,0.11829545398776017,0.40293284779717414,0.44169394535755124,0.034192019081178436,1.9630842015891168e-05,0.0,0.0,6.870794705561909e-05,0.056036238534361335,0.2439573814419835,0.507221696006596,0.1924804059658129,0.000235570104190694,0.0,0.0,0.00015213902562315654,0.0,0.0,0.0,0.0,0.0,0.000117785052095347,0.9997300759222815,0.00013250818360726536,0.2687462271975501,0.38693861926472684,0.26413297932381563,0.0760302511275465,0.004019414902753716,0.0,0.0,0.0,4.907710503972792e-06,0.023954534969891195,0.20279150573465973,0.7623637496871335,0.010870578766299734,1.4723131511918374e-05,0.0,0.0,0.02121603250867438,0.19207797370448712,0.5253164246347436,0.26110001423236046,0.0002895549197343947,0.0,0.0,0.0,0.0,0.0,0.0,0.9906066420953961,0.009393357904603923,0.0,0.0,0.0,0.0,0.0,0.6293647950294708,0.3706352049705292,0.0,0.0,0.0
tip_middle_root_1_2_2,72,舌右邊,194567,137.85755920410156,16.274030685424805,88.21012115478516,21.814298629760742,102.29664611816406,23.174589157104492,171.1193389892578,4.758218765258789,94.06098937988281,26.27983283996582,137.85755920410156,16.274030685424805,110.57258605957031,20.24109649658203,150.6409454345703,4.937228202819824,128.78472900390625,2.9949069023132324,0.0,0.00030837706291406044,0.03642961036558101,0.13252504278731747,0.8012150056278814,0.02946028874372324,5.653579486757775e-05,5.139617715234341e-06,0.011857098069045625,0.1131332651477383,0.4984606844942873,0.3489543447758356,0.02749181515878849,9.251311887421814e-05,1.0279235430468682e-05,0.0,0.00331505342632615,0.052706779669728164,0.29260357614600624,0.5196050717747613,0.13064908232125694,0.0010741801024839771,4.625655943710907e-05,0.0,0.0005088221538081997,0.0,0.0,0.0,0.0,0.0,0.0002004450908941393,0.9992907327552977,0.00018502623774843628,0.13995693000354634,0.38003875271757287,0.37431835820051707,0.09679956004872357,0.008701372791891739,0.0,0.0,0.0,0.00030837706291406044,0.03642961036558101,0.13252504278731747,0.8012150056278814,0.02946028874372324,5.653579486757775e-05,5.139617715234341e-06,1.5418853145703023e-05,0.03343321323759939,0.15680973649179974,0.6153612894272924,0.19309029794363894,0.0012540667225171792,3.5977324006640383e-05,0.0,0.0,0.0,0.0,0.0,0.96479875826836,0.03520124173164,0.0,0.0,0.0,0.0,0.0,0.3826034219574748,0.6173965780425252,0.0,0.0,0.0
tip_middle_root_1_2_2,72,舌根,687661,108.55799865722656,31.708702087402344,79.57645416259766,27.54734230041504,87.90628051757812,29.1036434173584,170.5620880126953,13.376920700073242,71.15902709960938,21.103897094726562,108.55799865722656,31.708702087402344,93.91886138916016,31.147764205932617,141.55679321289062,4.6096649169921875,128.00991821289062,1.7998440265655518,0.013656438274091449,0.11744158822443035,0.14108695999918563,0.3919983829241443,0.33309726740356077,0.0027193631745874784,0.0,0.0,0.08072000593315602,0.17802376461657707,0.4055501184449896,0.3275262084079219,0.00817699418754299,2.908409812393025e-06,0.0,0.0,0.061799345898633194,0.14525034864562625,0.3095246058741153,0.4432402012037908,0.04014332643555473,4.217194227969886e-05,0.0,0.0,0.005956423295780915,0.0,0.0,0.0,0.0,0.0,0.00013669526118247218,0.9939068814430366,0.0028197033131150376,0.4148541214348349,0.44240112497291545,0.13149938705263203,0.008274425916258156,0.00014687469552584776,4.362614718589537e-06,0.0,0.013656438274091449,0.11744158822443035,0.14108695999918563,0.3919983829241443,0.33309726740356077,0.0027193631745874784,0.0,0.0,0.057599602129537665,0.12693900046679976,0.23182207512131706,0.486857623160249,0.0966537290903512,0.0001279700317452931,0.0,0.0,0.0,0.0,0.0,0.0,0.9995157497662366,0.00048425023376343865,0.0,0.0,0.0,0.0,0.0,0.4157382780178024,0.5842617219821976,0.0,0.0,0.0
tip_middle_root_1_2_2,73,舌尖,127081,127.43276977539062,10.40722942352295,65.518310546875,13.293586730957031,78.99322509765625,13.467592239379883,173.2215576171875,4.000829696655273,124.56521606445312,17.444242477416992,127.43278503417969,10.407295227050781,91.66468048095703,11.920961380004883,156.2042236328125,3.498474359512329,132.18453979492188,2.8706862926483154,0.0,0.0,8.65589663285621e-05,0.5302051447501986,0.4545526081790354,0.014746500263611398,0.00040131884388696975,7.86899693896019e-06,4.7213981633761144e-05,0.48727976644817084,0.4816927786215091,0.020884317876000345,0.00944279632675223,0.0006373887520557754,1.573799387792038e-05,0.0,0.0,0.05339114423084489,0.8840109851197268,0.045545754282701585,0.014148456496250423,0.002832838898025669,6.295197551168153e-05,7.86899693896019e-06,0.0004091878408259299,0.0,0.0,0.0,0.0,0.0,0.0004406638285817707,0.9991501483305923,0.0007082097245064172,0.012614002093153186,0.03831414609579717,0.4546785121300588,0.48546989715221,0.00821523280427444,0.0,0.0,0.0,0.0,8.65589663285621e-05,0.5302051447501986,0.4545526081790354,0.014746500263611398,0.00040131884388696975,7.86899693896019e-06,0.0,0.00047213981633761144,0.7472714253114155,0.23090784617684784,0.017453435210613703,0.0038164635153956927,7.082097245064172e-05,7.86899693896019e-06,0.0,0.0,0.0,0.0,0.8552261943170104,0.1447738056829896,0.0,0.0,0.0,0.0,0.0,0.05734138069420291,0.9426586193057971,0.0,0.0,0.0
tip_middle_root_1_2_2,73,舌中,274560,111.0210189819336,7.9621663093566895,72.29470825195312,9.552249908447266,88.8767318725586,9.772248268127441,166.6055145263672,3.063671588897705,88.99708557128906,17.79395294189453,111.02117919921875,7.96189022064209,90.77886199951172,8.673007011413574,147.21646118164062,3.5685694217681885,125.15434265136719,2.262449264526367,0.0,0.0,0.021518065268065267,0.9604640151515151,0.0180106351981352,7.284382284382284e-06,0.0,0.0,0.0,0.1798878205128205,0.8113454254079254,0.008766754079254079,0.0,0.0,0.0,0.0,0.0,0.002556818181818182,0.7349832459207459,0.2624562937062937,3.642191142191142e-06,0.0,0.0,0.0,0.0,0.0,0.0,0.0,0.0,0.0,0.0017846736596736597,0.9982153263403264,0.0,0.042584498834498836,0.6017810314685315,0.333384324009324,0.022049825174825174,0.00020032051282051281,0.0,0.0,0.0,0.0,0.02149985431235431,0.9604822261072261,0.0180106351981352,7.284382284382284e-06,0.0,0.0,0.0,0.0005390442890442891,0.7148892773892774,0.2845170454545455,5.463286713286713e-05,0.0,0.0,0.0,0.0,0.0,0.0,0.0,0.9988672785547785,0.0011327214452214452,0.0,0.0,0.0,0.0,0.0,0.8684185606060606,0.1315814393939394,0.0,0.0,0.0
tip_middle_root_1_2_2,73,舌左邊,99511,116.57714080810547,9.162830352783203,72.678466796875,9.459542274475098,85.1767349243164,10.272582054138184,171.34072875976562,3.1997854709625244,96.21635437011719,14.661907196044922,116.57715606689453,9.162914276123047,92.52432250976562,9.239300727844238,148.59573364257812,3.1111621856689453,128.53448486328125,1.973000168800354,0.0,0.0,0.0166313271899589,0.8795610535518686,0.10246103445850208,0.0013063882384861975,3.014742088814302e-05,1.0049140296047672e-05,0.0,0.14644612153430275,0.8435650330114258,0.009014078845554763,0.0008943734863482429,7.034398207233371e-05,1.0049140296047672e-05,0.0,0.0,0.027404005587322006,0.8463888414346152,0.12471988021424767,0.0012460933967099114,0.00022108108651304882,2.0098280592095345e-05,0.0,0.0001909336656249058,0.0,0.0,0.0,0.0,0.0,0.00017083538503281044,0.9996382309493422,0.0,0.006702776577463798,0.49658831686949184,0.4728321492096351,0.023736069379264604,0.00014068796414466741,0.0,0.0,0.0,0.0,0.0166313271899589,0.8795610535518686,0.10246103445850208,0.0013063882384861975,3.014742088814302e-05,1.0049140296047672e-05,0.0,0.006974103365457085,0.640180482559717,0.3505039643858468,0.002009828059209535,0.0003215724894735255,1.0049140296047672e-05,0.0,0.0,0.0,0.0,0.0,0.9984222849735205,0.0015777150264794848,0.0,0.0,0.0,0.0,0.0,0.31226698555938537,0.6877330144406146,0.0,0.0,0.0
tip_middle_root_1_2_2,73,舌右邊,107270,116.81607818603516,11.821867942810059,71.84404754638672,13.0022611618042,86.0301742553711,14.231910705566406,169.144775390625,14.409454345703125,98.94901275634766,19.681884765625,116.81610870361328,11.822004318237305,92.14389038085938,12.72943115234375,149.3277130126953,3.9045660495758057,127.85558319091797,2.666592836380005,0.0,0.0006898480469842453,0.041446816444485876,0.8363568565302507,0.1192784562319381,0.0020229327864267734,0.0002050899599142351,0.0,0.011270625524377739,0.18803020415773283,0.7762468537335695,0.022681085112333365,0.0015754637829775333,0.0001957676890090426,0.0,0.0,0.0011373170504334856,0.053500512724899786,0.7403281439358628,0.20183648736832294,0.002377179080824089,0.000792393026941363,2.7966812715577514e-05,0.0,0.0070196699916099566,0.0,0.0,0.0,0.0,0.0,0.00026102358534539014,0.9927193064230446,0.00030763493987135266,0.010366365246574066,0.47937913675771415,0.41664957583667384,0.08982940244243498,0.003467884776731612,0.0,0.0,0.0,0.0006898480469842453,0.041446816444485876,0.8363568565302507,0.1192784562319381,0.0020229327864267734,0.0002050899599142351,0.0,9.322270905192505e-05,0.0375594294770206,0.5758926074391721,0.38211988440384076,0.0033094061713433392,0.0010254497995711754,0.0,0.0,0.0,0.0,0.0,0.0,0.9937447562226158,0.006255243777384171,0.0,0.0,0.0,0.0,0.0,0.6072620490351449,0.39273795096485503,0.0,0.0,0.0
tip_middle_root_1_2_2,73,舌根,495231,103.77593231201172,20.698453903198242,73.69344329833984,16.78523063659668,84.82440948486328,19.91930389404297,167.33706665039062,15.444650650024414,74.700927734375,17.136281967163086,103.77593231201172,20.698453903198242,88.73672485351562,19.86280059814453,142.65501403808594,3.978672742843628,126.64955139160156,2.351386785507202,0.021276939448459407,0.04605931373439869,0.1235282120868847,0.804028826951463,0.005106707778794139,0.0,0.0,0.0,0.04355139318822933,0.13648984009482443,0.7989039458353778,0.0210548208815684,0.0,0.0,0.0,0.0,0.04061337032617102,0.07431481470263372,0.5695725832995108,0.31549923167168453,0.0,0.0,0.0,0.0,0.00783270837245649,0.0,0.0,0.0,0.0,0.0,0.0005128919635483239,0.9916543996639952,0.0,0.3302075193192672,0.5244300134684622,0.14492832637698366,0.0004341408352869671,0.0,0.0,0.0,0.021276939448459407,0.04605931373439869,0.1235282120868847,0.804028826951463,0.005106707778794139,0.0,0.0,0.0,0.03719274439604952,0.055572046176430794,0.4621096013779428,0.44512560804957685,0.0,0.0,0.0,0.0,0.0,0.0,0.0,0.0,1.0,0.0,0.0,0.0,0.0,0.0,0.0,0.6399902267830568,0.3600097732169432,0.0,0.0,0.0
tip_middle_root_1_2_2,74,舌尖,394385,132.61358642578125,15.656487464904785,88.18531799316406,12.21475601196289,103.65270233154297,13.03779125213623,166.1090087890625,21.276870727539062,85.7343978881836,12.640851020812988,132.65980529785156,15.564651489257812,108.95899200439453,13.183975219726562,148.7440948486328,3.413158893585205,126.7198486328125,2.72345232963562,0.0,0.0,0.00832181751334356,0.3383191551402817,0.6510389593924718,0.0023200679539029123,0.0,0.0,0.0,0.01929079452818946,0.669452438606945,0.31125676686486553,0.0,0.0,0.0,0.0,0.0,0.00024848815243987474,0.3001204406861316,0.6820949072606717,0.017536163900756876,0.0,0.0,0.0,0.01669181130113975,0.0,0.0,0.0,0.0,3.5498307491410675e-05,0.03183944622640313,0.9514332441649657,0.0,0.04764126424686537,0.7376066533970612,0.21425764164458588,0.0004944407114875059,0.0,0.0,0.0,0.0,0.0,0.006483512303966936,0.3401574603496583,0.6510389593924718,0.0023200679539029123,0.0,0.0,0.0,5.07118678448724e-06,0.194827389479823,0.7459386132839738,0.05922892604941871,0.0,0.0,0.0,0.0,0.0,0.0,0.0,1.0,0.0,0.0,0.0,0.0,0.0,0.0,0.6855838837683988,0.3144161162316011,0.0,0.0,0.0
tip_middle_root_1_2_2,74,舌中,565348,148.35113525390625,6.178318023681641,112.25006103515625,12.743795394897461,126.57137298583984,10.98939037322998,167.92881774902344,3.291494369506836,62.47311019897461,15.832812309265137,148.35218811035156,6.180278301239014,130.8417510986328,10.48868179321289,144.67686462402344,3.926347255706787,125.76769256591797,1.6775559186935425,0.0,0.0,0.0,0.0010542179330253225,0.9703191662480455,0.028626615818929228,0.0,0.0,0.0,0.0,0.08786092813629835,0.7815363280669605,0.13057621146621196,2.65323305291608e-05,0.0,0.0,0.0,0.0,0.0020182259422514984,0.5237906563744809,0.47360386876755556,0.0005872489157120924,0.0,0.0,6.544641530526331e-05,0.0,0.0,0.0,0.0,0.0,0.004606012579862315,0.9953285410048324,0.0113576062885161,0.5304520401593354,0.44918351174851595,0.009006841803632454,0.0,0.0,0.0,0.0,0.0,0.0,0.0,0.0010542179330253225,0.9702501821886697,0.028695599878305045,0.0,0.0,0.0,0.0,0.00020341453405689947,0.3983068835478325,0.6000693378237829,0.0014203640943277415,0.0,0.0,0.0,0.0,0.0,0.0,1.0,0.0,0.0,0.0,0.0,0.0,0.0,0.8542384513609317,0.14576154863906832,0.0,0.0,0.0
tip_middle_root_1_2_2,74,舌左邊,224786,138.4794464111328,9.042715072631836,95.51339721679688,13.41217041015625,110.52935791015625,14.8753023147583,169.075439453125,4.533613204956055,79.78733825683594,16.025577545166016,138.47947692871094,9.042668342590332,116.02059173583984,12.106712341308594,147.90859985351562,3.1082639694213867,126.72151947021484,2.2966489791870117,0.0,0.0,0.0,0.12785493758508093,0.8711218670201881,0.0010231953947309885,0.0,0.0,0.0,0.003412134207646384,0.45150943564100965,0.5413237479202442,0.0037546822310998017,0.0,0.0,0.0,0.0,4.448675629265168e-06,0.20278842988442342,0.6878898152020143,0.10921943537408914,9.787086384383369e-05,0.0,0.0,0.0004404188872972516,0.0,0.0,0.0,0.0,0.0,0.0018462003861450446,0.9977133807265577,2.6692053775591007e-05,0.14066267472173533,0.6688094454280961,0.1898160917494862,0.0006850960469068358,0.0,0.0,0.0,0.0,0.0,0.0,0.12785493758508093,0.8711218670201881,0.0010231953947309885,0.0,0.0,0.0,0.0,0.0506392746879254,0.7821172137054799,0.16721237087718985,3.114072940485617e-05,0.0,0.0,0.0,0.0,0.0,0.0,1.0,0.0,0.0,0.0,0.0,0.0,0.0,0.6667719519898926,0.3332280480101074,0.0,0.0,0.0
tip_middle_root_1_2_2,74,舌右邊,252236,148.15867614746094,8.839366912841797,109.66243743896484,15.995484352111816,120.98863220214844,16.456714630126953,170.51754760742188,5.1916279792785645,67.00138854980469,19.50733757019043,148.15890502929688,8.839885711669922,128.67083740234375,13.765851020812988,145.19161987304688,4.258713245391846,127.87648010253906,2.2955105304718018,0.0,0.0,0.0,0.032239648583072995,0.9261842084397152,0.041576142977211815,0.0,0.0,0.0,0.0017800789736595885,0.19898032001776114,0.6674780760874737,0.13172980859195357,3.171632915206394e-05,0.0,0.0,0.0,1.1893623432023978e-05,0.08863524635658669,0.5051182226169143,0.40548137458570543,0.0007532628173615186,0.0,0.0,0.0005748584658811589,0.0,0.0,0.0,0.0,0.0,0.0011497169317623178,0.9982754246023565,0.012504162768201208,0.4209113687181846,0.48171157170269113,0.08487289681092311,0.0,0.0,0.0,0.0,0.0,0.0,0.0,0.032239648583072995,0.9261762793574272,0.041584072059499835,0.0,0.0,0.0,0.0,0.014490397881349213,0.39951077562282944,0.5845359108136824,0.0014629156821389492,0.0,0.0,0.0,0.0,0.0,0.0,1.0,0.0,0.0,0.0,0.0,0.0,0.0,0.4881579156028481,0.5118420843971518,0.0,0.0,0.0
tip_middle_root_1_2_2,74,舌根,934817,122.76632690429688,30.27937126159668,92.72276306152344,27.04334259033203,102.57328796386719,29.854970932006836,164.71258544921875,29.277456283569336,64.28833770751953,20.249597549438477,122.76752471923828,30.279857635498047,108.25824737548828,29.952301025390625,141.9397735595703,4.777345657348633,127.32511138916016,2.509209394454956,0.02134856340866715,0.054791472555591095,0.07392035018618617,0.24049626825357262,0.6079318198107223,0.0015115257852606446,0.0,0.0,0.04725202900674678,0.08176787542374604,0.3407800671147401,0.48619462418847753,0.04400540426628955,0.0,0.0,0.0,0.043419193275261364,0.06878244619000297,0.22277087387157057,0.4569140270234709,0.20803323003325785,8.022960643633994e-05,0.0,0.0,0.030066847308082758,0.0,0.0,0.0,0.0,1.8185377458903722e-05,0.007180014912009517,0.9627349524024488,0.012287966521789826,0.5355775515421735,0.35786041546099395,0.093931753487581,0.0003423129874617171,0.0,0.0,0.0,0.02134856340866715,0.054791472555591095,0.07391286208958545,0.2404877104288861,0.607910425249006,0.0015489662682642699,0.0,0.0,0.040564089014213475,0.05871844435862848,0.12290105977961462,0.49111216419898224,0.2866486167880986,5.562586046252903e-05,0.0,0.0,0.0,0.0,0.0,0.0,1.0,0.0,0.0,0.0,0.0,0.0,0.0,0.554686104339138,0.445313895660862,0.0,0.0,0.0
tip_middle_root_1_2_2,75,舌尖,139136,163.926513671875,8.747968673706055,98.12554931640625,12.940315246582031,104.87850189208984,13.613748550415039,173.61553955078125,23.188579559326172,102.83618927001953,14.506351470947266,163.926513671875,8.747968673706055,125.33731079101562,10.82550048828125,155.51080322265625,3.6951329708099365,135.7528533935547,2.8079402446746826,0.0,0.0,0.0,0.00011499540018399264,0.24460240340386386,0.7520411683532658,0.0032414328426862925,0.0,0.0,0.00017249310027598897,0.4577823137074517,0.5142378679852806,0.02767795538178473,0.00012936982520699172,0.0,0.0,0.0,0.0,0.26948453311867526,0.6708616030358786,0.05898545308187673,0.0006684107635694573,0.0,0.0,0.017860223091076356,0.0,0.0,0.0,0.0,0.0,0.0,0.9821397769089236,0.0,0.005641961821527139,0.3000301862925483,0.6576586936522539,0.03666915823367065,0.0,0.0,0.0,0.0,0.0,0.0,0.00011499540018399264,0.24460240340386386,0.7520411683532658,0.0032414328426862925,0.0,0.0,0.0,0.0010062097516099356,0.6261427667893285,0.36614535418583255,0.0067056692732290705,0.0,0.0,0.0,0.0,0.0,0.0,0.8653403863845446,0.1346596136154554,0.0,0.0,0.0,0.0,0.0,0.0,1.0,0.0,0.0,0.0
tip_middle_root_1_2_2,75,舌中,260934,159.65660095214844,6.2695112228393555,110.41468048095703,10.140522003173828,118.1174545288086,9.245455741882324,175.15945434570312,5.2554707527160645,78.8344955444336,12.259689331054688,159.65660095214844,6.2695112228393555,132.23785400390625,8.39175033569336,148.71131896972656,3.28684139251709,131.64013671875,1.4970248937606812,0.0,0.0,0.0,0.0,0.517697961936735,0.4822943732897974,7.664773467620164e-06,0.0,0.0,0.0,0.051514942475875125,0.8827251335586777,0.0657599239654472,0.0,0.0,0.0,0.0,0.0,0.003119562801321407,0.8382349559658764,0.15863398407260074,1.1497160201430247e-05,0.0,0.0,0.0008316279212367878,0.0,0.0,0.0,0.0,0.0,0.0,0.9991683720787632,0.0,0.11784205967792621,0.809024504280776,0.07312960365456399,3.832386733810082e-06,0.0,0.0,0.0,0.0,0.0,0.0,0.0,0.517697961936735,0.4822943732897974,7.664773467620164e-06,0.0,0.0,0.0,0.0,0.29266787770087455,0.7058298266994719,0.0015022955996535521,0.0,0.0,0.0,0.0,0.0,0.0,0.9999041903316548,9.580966834525206e-05,0.0,0.0,0.0,0.0,0.0,0.0007013267722872451,0.9992986732277127,0.0,0.0,0.0
tip_middle_root_1_2_2,75,舌左邊,111054,160.4213409423828,8.396135330200195,107.48432159423828,11.113975524902344,111.60124206542969,11.22886848449707,171.99974060058594,31.02051544189453,84.56233978271484,10.937888145446777,160.4213409423828,8.396135330200195,130.18890380859375,9.922170639038086,149.7205810546875,2.634045124053955,134.3393096923828,1.371730089187622,0.0,0.0,0.0,0.0032596754731932212,0.40926035982495,0.587281862877519,0.0001981018243377096,0.0,0.0,0.0,0.13985988798242296,0.8372863651917085,0.022835737569110524,1.80092567579736e-05,0.0,0.0,0.0,0.0,0.07911466493777802,0.8599960379635132,0.06079024618653988,9.90509121688548e-05,0.0,0.0,0.031714301150791505,0.0,0.0,0.0,0.0,0.0,0.0,0.9682856988492085,0.0,0.015478956183478308,0.8204927332648981,0.16402831055162354,0.0,0.0,0.0,0.0,0.0,0.0,0.0,0.0032596754731932212,0.40926035982495,0.587281862877519,0.0001981018243377096,0.0,0.0,0.0,0.0024942820609793435,0.34615592414501056,0.6495938912601077,0.001755902533902426,0.0,0.0,0.0,0.0,0.0,0.0,0.9997928935472833,0.00020710645271669638,0.0,0.0,0.0,0.0,0.0,0.0,1.0,0.0,0.0,0.0
tip_middle_root_1_2_2,75,舌右邊,98390,155.8623809814453,15.3745756149292,101.70199584960938,14.651179313659668,105.63288116455078,17.19874382019043,155.27882385253906,57.746551513671875,90.53202819824219,11.357151985168457,155.8623809814453,15.3745756149292,124.70568084716797,14.906009674072266,150.41458129882812,2.1820571422576904,134.85694885253906,2.2993202209472656,0.0,0.0,0.0,0.06092082528712268,0.4109157434698648,0.527462140461429,0.0007012907815834942,0.0,0.0,0.005854253481044821,0.31871125114340887,0.6513771724768778,0.023955686553511536,0.00010163634515702815,0.0,0.0,0.0,0.020205305417217198,0.2517633905884744,0.6605549344445574,0.06706982416912288,0.0004065453806281126,0.0,0.0,0.12547006809635125,0.0,0.0,0.0,0.0,0.0,0.0,0.8745299319036487,0.0,0.005925398922654741,0.721821323305214,0.26580953348917574,0.006433580648439882,1.0163634515702815e-05,0.0,0.0,0.0,0.0,0.0,0.06092082528712268,0.4109157434698648,0.527462140461429,0.0007012907815834942,0.0,0.0,2.032726903140563e-05,0.03985161093607074,0.44532980994003457,0.5106108344343937,0.00418741742046956,0.0,0.0,0.0,0.0,0.0,0.0,1.0,0.0,0.0,0.0,0.0,0.0,0.0,0.0,1.0,0.0,0.0,0.0
tip_middle_root_1_2_2,75,舌根,448525,133.13360595703125,36.05824661254883,95.23330688476562,31.34160041809082,95.06973266601562,32.79203796386719,91.32695007324219,87.27320861816406,81.49494171142578,24.516324996948242,133.13360595703125,36.05824661254883,112.14673614501953,34.90116882324219,143.4391632080078,4.578000545501709,134.36216735839844,2.1633360385894775,0.007337383646396522,0.08454155286773313,0.06949891310406332,0.10087063151440834,0.5770425282871635,0.1606978429296026,1.1147650632629174e-05,0.0,0.07300819352321498,0.0978117161808149,0.19289671701688868,0.5481924084499192,0.08807535811827658,1.5606710885680843e-05,0.0,0.0,0.08612228972743995,0.0962332088512346,0.17776489604815784,0.5393456329078646,0.10052059528454378,1.3377180759155008e-05,0.0,0.0,0.4950939189565799,0.0,0.0,0.0,0.0,0.0,0.0,0.50490608104342,8.91812050610334e-06,0.2613588986121175,0.4977113873251212,0.19011426341898444,0.046655147427679615,0.002822585140181707,0.0006175798450476562,0.0007112201103617413,0.007337383646396522,0.08454155286773313,0.06949891310406332,0.10087063151440834,0.5770425282871635,0.1606978429296026,1.1147650632629174e-05,0.0,0.05444735521988741,0.07715289002842651,0.08786801181650968,0.33748843431246867,0.44175909926982887,0.0012842093528788808,0.0,0.0,0.0,0.0,0.0,0.0,1.0,0.0,0.0,0.0,0.0,0.0,0.0,0.00019619865113427345,0.9998038013488657,0.0,0.0,0.0
tip_middle_root_1_2_2,76,舌尖,111432,150.17037963867188,10.86355209350586,105.2412109375,14.296378135681152,112.0959701538086,13.328547477722168,166.85592651367188,37.06916427612305,77.18110656738281,12.921345710754395,150.17037963867188,10.86355209350586,125.6695556640625,13.069375991821289,147.05859375,2.8332464694976807,131.39271545410156,1.6840274333953857,0.0,0.0,0.0,0.028223490559264843,0.7754235767104601,0.19635293273027496,0.0,0.0,0.0,0.0010320195276042787,0.24928207337210137,0.6711088376767894,0.07857706942350491,0.0,0.0,0.0,0.0,0.00027819656831071867,0.10388398305693158,0.7590638236772201,0.13676502261468879,8.97408284873286e-06,0.0,0.0,0.047840835666594875,0.0,0.0,0.0,0.0,0.0,0.0,0.9521591643334051,0.0,0.1521196783688707,0.778654246536004,0.06854404479862158,0.0006820302965036973,0.0,0.0,0.0,0.0,0.0,0.0,0.028223490559264843,0.7754235767104601,0.19635293273027496,0.0,0.0,0.0,0.0,0.005922894680163687,0.5684453298872855,0.42364850312298086,0.001983272309569962,0.0,0.0,0.0,0.0,0.0,0.0,1.0,0.0,0.0,0.0,0.0,0.0,0.0,0.006380572905449063,0.993619427094551,0.0,0.0,0.0
tip_middle_root_1_2_2,76,舌中,206148,162.89500427246094,11.055305480957031,133.20278930664062,15.291290283203125,122.95218658447266,13.965873718261719,34.492977142333984,60.38453674316406,64.05442810058594,12.492777824401855,162.89500427246094,11.055305480957031,148.16017150878906,13.675089836120605,137.76861572265625,3.926077127456665,137.83135986328125,4.199938774108887,0.0,0.0,3.39561868172381e-05,0.017788191008401733,0.2731629702931874,0.708937268370297,7.761414129654423e-05,0.0,0.0,0.0038661544133341097,0.02404583115043561,0.24097735607427673,0.7278169082406815,0.003293750121272096,0.0,0.0,0.0,0.002357529541882531,0.04392960397384404,0.5336408793682209,0.4200040747424181,6.79123736344762e-05,0.0,0.0,0.8484244329316801,0.0,0.0,0.0,0.0,0.0,0.0,0.15157556706831984,0.0,0.5595445990259426,0.41135979975551545,0.028329161573238643,0.0007664396453033743,0.0,0.0,0.0,0.0,0.0,3.39561868172381e-05,0.017788191008401733,0.2731629702931874,0.708937268370297,7.761414129654423e-05,0.0,0.0,1.4552651493102043e-05,0.010759260337233444,0.05443661835186371,0.7702330364592429,0.16455653220016686,0.0,0.0,0.0,0.0,0.0,0.0,1.0,0.0,0.0,0.0,0.0,0.0,0.0,0.0,1.0,0.0,0.0,0.0
tip_middle_root_1_2_2,76,舌左邊,71164,154.70872497558594,10.99552059173584,109.87274169921875,18.18352508544922,114.12576293945312,17.82868766784668,160.8033905029297,50.11556625366211,75.4384765625,18.50632095336914,154.70872497558594,10.99552059173584,130.1752471923828,15.759217262268066,146.5381622314453,4.276223659515381,132.8740234375,2.2266266345977783,0.0,0.0,0.0,0.0066185149794840085,0.6594345455567422,0.3334129616098027,0.00046371761002754204,7.026024394356697e-05,0.0,0.0010960598055196448,0.21040132651340565,0.6083131920634028,0.1799083806418976,0.0002248327806194143,5.6208195154853575e-05,0.0,0.0,0.00019672868304198752,0.1543336518464392,0.5972401776178967,0.2475830476083413,0.0005620819515485358,8.431229273228037e-05,0.0,0.09139452532179192,0.0,0.0,0.0,0.0,0.0,0.0,0.9086054746782081,0.00014052048788713395,0.28647911865549996,0.5672952616491485,0.14465179023101568,0.0014333089764487661,0.0,0.0,0.0,0.0,0.0,0.0,0.0066185149794840085,0.6594345455567422,0.3334129616098027,0.00046371761002754204,7.026024394356697e-05,0.0,0.0,0.014642234837839357,0.4111488955089652,0.5498426170535664,0.024225732111741893,0.00014052048788713395,0.0,0.0,0.0,0.0,0.0,1.0,0.0,0.0,0.0,0.0,0.0,0.0,4.215614636614018e-05,0.9999578438536338,0.0,0.0,0.0
tip_middle_root_1_2_2,76,舌右邊,92907,153.20706176757812,13.127425193786621,109.7020263671875,20.53443145751953,114.4200668334961,19.635112762451172,144.25758361816406,66.21235656738281,75.25554656982422,19.697067260742188,153.20706176757812,13.127425193786621,129.61073303222656,18.05866050720215,146.09832763671875,4.873384475708008,132.40048217773438,2.856860637664795,0.0,0.0,0.0006458070974200006,0.04482977601257171,0.6404253716081673,0.3140882818302173,1.0763451623666677e-05,0.0,0.0,0.00622127503847934,0.23629005349435456,0.5489145059037532,0.20688430365849722,0.0016898619049156684,0.0,0.0,0.0,0.00793266384664234,0.16041848299912817,0.5550173829743722,0.2761794052116633,0.00045206496819400046,0.0,0.0,0.1820422573110745,0.0,0.0,0.0,0.0,0.0,0.0,0.8179577426889255,1.0763451623666677e-05,0.3058542413381123,0.5308534340792406,0.16009557945041816,0.0031859816806053365,0.0,0.0,0.0,0.0,0.0,0.0006458070974200006,0.04482977601257171,0.6404253716081673,0.3140882818302173,1.0763451623666677e-05,0.0,0.0,0.00021526903247333354,0.032171956903139697,0.42347724068154174,0.4953986244308825,0.04873690895196271,0.0,0.0,0.0,0.0,0.0,0.0,0.9995371715801823,0.00046282841981766716,0.0,0.0,0.0,0.0,0.0,0.01976169718105202,0.980238302818948,0.0,0.0,0.0
tip_middle_root_1_2_2,76,舌根,331534,127.19184112548828,39.77920150756836,97.5995101928711,40.052757263183594,89.1502914428711,33.76149368286133,53.36049270629883,73.80364990234375,84.70050811767578,30.431493759155273,127.1923828125,39.777549743652344,111.56249237060547,41.621761322021484,138.74838256835938,6.956030368804932,137.4866180419922,4.44205904006958,0.04492751874619194,0.0509600825254725,0.08872393178376878,0.1531185338456991,0.5024401720487189,0.1598297610501487,0.0,0.0,0.09799296603063336,0.0945363069851056,0.20736636363087949,0.3176989388720312,0.2814764096593411,0.0009290148220092057,0.0,0.0,0.09203580929859381,0.10677939517515549,0.2768765797776397,0.45321746789167927,0.07109074785693172,0.0,0.0,0.0,0.737824778152467,0.0,0.0,0.0,3.0162818896402782e-06,1.809769133784167e-05,0.0019786809196040227,0.26017542695470147,0.0002503513968401431,0.27663527722646847,0.4426152370495937,0.1630873454909602,0.08832276629244663,0.02785837953271761,0.0010074381511398528,0.0002232048598333806,0.04492751874619194,0.0509600825254725,0.08872393178376878,0.1531185338456991,0.5024401720487189,0.1598297610501487,0.0,0.0,0.07994956776680522,0.06731737921299173,0.1118346836221926,0.288579753509444,0.4186237308993949,0.033694884989171545,0.0,0.0,0.0,0.0,0.0,0.0,0.9997044043748152,0.0002955956251847473,0.0,0.0,0.0,0.0,0.0,0.007012855393413647,0.9929871446065863,0.0,0.0,0.0
tip_middle_root_1_2_2,77,舌尖,146522,147.1259307861328,11.8873872756958,91.03907012939453,15.283806800842285,99.59706115722656,14.37222957611084,173.9141387939453,15.527453422546387,98.03797912597656,17.324176788330078,147.1259307861328,11.8873872756958,115.08596801757812,13.691258430480957,152.19180297851562,3.89894700050354,132.92933654785156,1.9636621475219727,0.0,0.0,0.0,0.0813529708849183,0.7862437040171442,0.13236237561594846,4.094948198905284e-05,0.0,0.0,0.020775037195779472,0.587201921895688,0.3866723085952963,0.005350732313236238,0.0,0.0,0.0,0.0,0.0017267031572050613,0.40858028145943953,0.5651642756719127,0.024494615143118438,3.41245683242107e-05,0.0,0.0,0.00810117252016762,0.0,0.0,0.0,0.0,0.0,0.00034807059690694913,0.9915507568829254,0.0,0.010319269461241315,0.442800398574958,0.5069068126288202,0.03989162037100231,8.189896397810568e-05,0.0,0.0,0.0,0.0,0.0,0.0813529708849183,0.7862437040171442,0.13236237561594846,4.094948198905284e-05,0.0,0.0,0.0,0.06983251661866477,0.7237479695881847,0.20608509302357325,0.00033442076957726486,0.0,0.0,0.0,0.0,0.0,0.0,0.9807673932924749,0.01923260670752515,0.0,0.0,0.0,0.0,0.0,0.014953385839669129,0.9850466141603309,0.0,0.0,0.0
tip_middle_root_1_2_2,77,舌中,357122,150.46400451660156,11.292250633239746,107.91133880615234,15.668437004089355,109.57855224609375,13.811326026916504,115.07332611083984,83.16043853759766,75.29951477050781,14.738730430603027,150.46400451660156,11.292250633239746,127.38443756103516,13.912946701049805,145.2565155029297,4.077648639678955,133.8560333251953,2.545635938644409,0.0,0.0,0.0,0.028796881737893493,0.7582590823304081,0.2126752202328616,0.0002688156988368121,0.0,0.0,0.0020749211753966434,0.21174556594105096,0.6667581386752987,0.1191889606353011,0.00023241357295266044,0.0,0.0,0.0,0.0009016526565151405,0.1489350978097121,0.7476856648428268,0.10212756424975218,0.0003500204411937657,0.0,0.0,0.35501313276695357,0.0,0.0,0.0,0.0,0.0,0.0,0.6449868672330464,0.0,0.2248587317499342,0.683231500719642,0.09044528200446907,0.0014644855259547157,0.0,0.0,0.0,0.0,0.0,0.0,0.028796881737893493,0.7582590823304081,0.2126752202328616,0.0002688156988368121,0.0,0.0,0.0,0.009604560906356932,0.4963513869209962,0.4875392722935019,0.006504779879144942,0.0,0.0,0.0,0.0,0.0,0.0,0.9998375905152861,0.0001624094847139073,0.0,0.0,0.0,0.0,0.0,0.0035842093178241607,0.9964157906821758,0.0,0.0,0.0
tip_middle_root_1_2_2,77,舌左邊,81775,140.54527282714844,17.66837501525879,86.3301773071289,17.363683700561523,91.3322525024414,19.184417724609375,150.47369384765625,62.05997085571289,100.94245147705078,16.22620391845703,140.54527282714844,17.66837501525879,109.33356475830078,17.61220932006836,151.13465881347656,3.200502634048462,134.73973083496094,2.568458318710327,0.0,0.0,0.001993274228064812,0.2596759400794864,0.6326016508712932,0.10537450321002752,0.0003546316111280954,0.0,0.0,0.10828492815652706,0.5598899419137878,0.3272393763375115,0.004549067563436258,3.668602873738918e-05,0.0,0.0,0.0,0.10121675328645674,0.42215836135738305,0.4650565576276368,0.011274839498624274,0.0002934882298991134,0.0,0.0,0.14923876490369917,0.0,0.0,0.0,0.0,0.0,0.0,0.8507612350963009,0.0,0.005172730051971874,0.3769489452766738,0.5531274839498624,0.0647508407214919,0.0,0.0,0.0,0.0,0.0,0.001993274228064812,0.2596759400794864,0.6326016508712932,0.10537450321002752,0.0003546316111280954,0.0,0.0,0.0005747477835524304,0.23437480892693366,0.6100030571690614,0.15380006114338124,0.001247324977071232,0.0,0.0,0.0,0.0,0.0,0.0,0.9977499235707734,0.0022500764292265364,0.0,0.0,0.0,0.0,0.0,0.002176704371751758,0.9978232956282482,0.0,0.0,0.0
tip_middle_root_1_2_2,77,舌右邊,163802,148.33270263671875,10.387782096862793,100.5070571899414,17.583314895629883,107.37007141113281,15.84237289428711,165.38804626464844,40.61199951171875,83.5586166381836,21.1612548828125,148.33270263671875,10.387782096862793,121.93824005126953,14.851468086242676,148.36148071289062,5.1956963539123535,132.10751342773438,2.005450963973999,0.0,0.0,0.0,0.025518613936337774,0.8426575988083174,0.13117666450959084,0.0006471227457540201,0.0,0.0,0.009078033235247434,0.36323732310960793,0.5602251498760699,0.06685510555426674,0.0005982832932442827,6.104931563717171e-06,0.0,0.0,0.0003540860306955959,0.23041232707781345,0.6683190681432462,0.09988889024554035,0.0010073137080133332,1.8314794691151512e-05,0.0,0.05870502191670431,0.0,0.0,0.0,0.0,0.0,0.0,0.9412949780832957,1.2209863127434342e-05,0.19350191084357946,0.5205186749856534,0.268110279483767,0.017856924823872723,0.0,0.0,0.0,0.0,0.0,0.0,0.025518613936337774,0.8426575988083174,0.13117666450959084,0.0006471227457540201,0.0,0.0,0.0,0.039816363658563385,0.6174955128753007,0.3354171499737488,0.00722823897144113,4.2734520946020196e-05,0.0,0.0,0.0,0.0,0.0,0.9923444158190987,0.007655584180901332,0.0,0.0,0.0,0.0,0.0,0.0019230534425709088,0.9980769465574291,0.0,0.0,0.0
tip_middle_root_1_2_2,77,舌根,558301,139.2727508544922,22.730266571044922,98.94873046875,22.516647338867188,98.51177978515625,22.03413200378418,87.85208129882812,87.01025390625,79.92414855957031,16.187366485595703,139.2727508544922,22.730266571044922,117.25264739990234,23.106626510620117,144.31607055664062,3.995272159576416,134.84097290039062,2.6049818992614746,0.001006625458310123,0.011973827738083937,0.04909000700339065,0.14573142444666945,0.6709928873492973,0.12098312558995954,0.0002221024142890663,0.0,0.005771080474511061,0.06816573855321771,0.32053856253168095,0.525678800503671,0.07958968370108598,0.0002561342358333587,0.0,0.0,0.005493452456649729,0.06987449422444166,0.31473703253263025,0.5518653916077528,0.057755583457668895,0.0002740457208566705,0.0,0.0,0.5140829050995789,0.0,0.0,0.0,0.0,0.0,0.0,0.4859170949004211,1.612033652098062e-05,0.13890893980129,0.6760134766013315,0.17974354335743623,0.004794904540740569,0.00048361009562941854,3.940526705128596e-05,0.0,0.001006625458310123,0.011973827738083937,0.04909000700339065,0.14573142444666945,0.6709928873492973,0.12098312558995954,0.0002221024142890663,0.0,0.0028210588911716083,0.03616687055907118,0.101472144954066,0.4894438663015112,0.36711021474079397,0.0029661419198604337,1.970263352564298e-05,0.0,0.0,0.0,0.0,0.0,0.9990936788578204,0.000906321142179577,0.0,0.0,0.0,0.0,0.0,1.7911485023311798e-06,0.9999982088514977,0.0,0.0,0.0
tip_middle_root_1_2_2,78,舌尖,48112,169.70602416992188,13.27216911315918,103.23970794677734,12.107656478881836,105.11604309082031,11.450723648071289,113.84770965576172,85.02745056152344,101.51276397705078,10.283469200134277,169.70602416992188,13.27216911315918,130.2276153564453,11.510557174682617,154.90975952148438,3.8727099895477295,138.39463806152344,2.671635389328003,0.0,0.0,0.0,0.00012470901230462255,0.2399609245094779,0.7373004655803126,0.022551546391752577,6.235450615231127e-05,0.0,2.0784835384103757e-05,0.247194047223146,0.7257856667775191,0.026957931493182576,4.156967076820751e-05,0.0,0.0,0.0,0.00010392417692051879,0.1840497173262388,0.7854797140006651,0.03024193548387097,0.00012470901230462255,0.0,0.0,0.36309028932490856,0.0,0.0,0.0,0.0,0.0,0.0,0.6369097106750915,0.0,0.0,0.278641503159295,0.7103009644163618,0.0110575324243432,0.0,0.0,0.0,0.0,0.0,0.0,0.00012470901230462255,0.2399609245094779,0.7373004655803126,0.022551546391752577,6.235450615231127e-05,0.0,0.0,0.00016627868307283005,0.36595859660791485,0.6284710675091453,0.0054040571998669774,0.0,0.0,0.0,0.0,0.0,0.0,0.9126413368806119,0.0873586631193881,0.0,0.0,0.0,0.0,0.0,0.0,1.0,0.0,0.0,0.0
tip_middle_root_1_2_2,78,舌中,120320,172.02755737304688,9.693939208984375,111.44335174560547,14.200005531311035,116.35103607177734,13.530991554260254,154.02337646484375,59.621864318847656,90.52857208251953,13.857170104980469,172.02755737304688,9.693939208984375,136.56455993652344,12.067070960998535,152.7069091796875,3.635324478149414,135.34642028808594,2.006253242492676,0.0,0.0,0.0,0.00013297872340425532,0.09368351063829787,0.8895113031914894,0.01667220744680851,0.0,0.0,0.001363031914893617,0.11822639627659574,0.7477809175531915,0.1325714760638298,5.8178191489361705e-05,0.0,0.0,0.0,0.0004072473404255319,0.06509308510638298,0.731000664893617,0.20343251329787235,6.648936170212766e-05,0.0,0.0,0.13130817819148935,0.0,0.0,0.0,0.0,0.0,0.0,0.8686918218085107,0.0,0.01599900265957447,0.655610039893617,0.3156748670212766,0.012707779255319148,8.311170212765958e-06,0.0,0.0,0.0,0.0,0.0,0.00013297872340425532,0.09368351063829787,0.8895113031914894,0.01667220744680851,0.0,0.0,0.0,0.0016456117021276596,0.2096160239361702,0.761469414893617,0.027268949468085106,0.0,0.0,0.0,0.0,0.0,0.0,0.9656333111702128,0.03436668882978723,0.0,0.0,0.0,0.0,0.0,0.0,1.0,0.0,0.0,0.0
tip_middle_root_1_2_2,78,舌左邊,37104,172.11891174316406,11.306854248046875,108.03199005126953,12.342958450317383,113.10392761230469,13.344268798828125,137.695556640625,73.34603881835938,95.63532257080078,10.81801986694336,172.11891174316406,11.306854248046875,134.3299102783203,11.429757118225098,154.22048950195312,2.777015447616577,136.00372314453125,2.521883010864258,0.0,0.0,0.0,0.0012397585166019835,0.11718413109098749,0.8492884864165589,0.03182945235015093,0.0004581716257007331,0.0,0.002479517033203967,0.12578158689090124,0.8139553686934023,0.05632815868909013,0.0014553686934023287,0.0,0.0,0.0,0.0015901250539025443,0.07966796032772747,0.8006953428201811,0.11578266494178525,0.002263906856403622,0.0,0.0,0.2219976282880552,0.0,0.0,0.0,0.0,0.0,0.0,0.7780023717119448,0.0,0.005309400603708495,0.5259001724881415,0.4629959034066408,0.005794523501509271,0.0,0.0,0.0,0.0,0.0,0.0,0.0012397585166019835,0.11718413109098749,0.8492884864165589,0.03182945235015093,0.0004581716257007331,0.0,0.0,0.006603061664510565,0.23258947822337214,0.740620957309185,0.01994394135403191,0.0002425614489003881,0.0,0.0,0.0,0.0,0.0,0.9678740836567487,0.032125916343251404,0.0,0.0,0.0,0.0,0.0,0.0,1.0,0.0,0.0,0.0
tip_middle_root_1_2_2,78,舌右邊,35237,163.10256958007812,16.93289566040039,93.64148712158203,17.946393966674805,96.3454360961914,18.7887020111084,117.38796997070312,83.84892272949219,111.23265075683594,16.624834060668945,163.10256958007812,16.93289566040039,121.81533813476562,17.16214370727539,156.6283416748047,3.563478469848633,139.001220703125,2.836217164993286,0.0,0.0,0.0037744416380509124,0.03252263246019809,0.2565768936061526,0.6904957856798252,0.016459971053154356,0.00017027556261883816,0.0036893038567414934,0.04903936203422539,0.5025967023299373,0.4203536055850385,0.024122371371002073,0.00019865482305531117,0.0,0.0,0.00459744019070863,0.0419729261855436,0.4281011436841956,0.48085818883559894,0.04427164628089792,0.00019865482305531117,0.0,0.0,0.34177143343644467,0.0,0.0,0.0,0.0,0.0,0.0,0.6582285665635553,0.0,0.0,0.15358855748219202,0.7552288787354201,0.06686153758833045,0.023043959474416096,0.0011919289383318672,8.513778130941908e-05,0.0,0.0,0.0037744416380509124,0.03252263246019809,0.2565768936061526,0.6904957856798252,0.016459971053154356,0.00017027556261883816,0.0,0.01416125095780004,0.05411924965235406,0.5827397338025371,0.3430201208956495,0.005931265431222862,2.8379260436473027e-05,0.0,0.0,0.0,0.0,0.0,0.8087237846581719,0.1912762153418282,0.0,0.0,0.0,0.0,0.0,0.0,1.0,0.0,0.0,0.0
tip_middle_root_1_2_2,78,舌根,228268,166.9542999267578,18.49041175842285,109.29959869384766,21.243759155273438,110.20641326904297,21.766820907592773,94.61243438720703,87.83809661865234,91.97601318359375,21.404146194458008,166.9542999267578,18.49041175842285,133.25360107421875,19.670026779174805,151.1449737548828,5.176429271697998,137.16326904296875,3.226797103881836,6.571223298929329e-05,0.0026153468729738726,0.0035177948726935007,0.030324005116792542,0.21791928785462703,0.7129821087493647,0.03251879369863494,5.695060192405418e-05,0.004179298018119053,0.020927155799323603,0.2003697408309531,0.5630005081746018,0.211286733138241,0.00023656403876145583,0.0,0.0,0.006076191143743319,0.020778208071214537,0.1918315313578776,0.5528063504301961,0.22814849212329366,0.0003592268736748033,0.0,0.0,0.4724490511153556,0.0,0.0,0.0,0.0,0.0,0.0,0.5275509488846444,0.0,0.05221932114882506,0.5534459494979586,0.3465619359700002,0.039707711987663624,0.004153013124923336,0.0031454255524208385,0.0007666427182084217,6.571223298929329e-05,0.0026153468729738726,0.0035177948726935007,0.030324005116792542,0.21791928785462703,0.7129821087493647,0.03251879369863494,5.695060192405418e-05,0.0021115530867226243,0.0036798850474004242,0.03418788441656299,0.28601906530919796,0.6062041109572958,0.06777121628962447,2.6284893195717314e-05,0.0,0.0,0.0,0.0,0.0,0.9593460318572905,0.04065396814270945,0.0,0.0,0.0,0.0,0.0,0.0,1.0,0.0,0.0,0.0
tip_middle_root_1_2_2,79,舌尖,32643,161.8832550048828,12.345194816589355,88.90310668945312,12.696394920349121,95.45320892333984,13.054769515991211,171.51239013671875,31.29648208618164,115.44171905517578,13.210979461669922,161.8832550048828,12.345194816589355,118.69466400146484,11.824417114257812,158.62557983398438,3.378528118133545,137.69139099121094,2.0042614936828613,0.0,0.0,0.0,0.007015286585179058,0.3893943571362926,0.6019054621205159,0.0016848941580124375,0.0,0.0,0.028244952976135773,0.6591918634929388,0.311552247036118,0.0010109364948074626,0.0,0.0,0.0,0.0,0.011059032564408908,0.47048371779554576,0.51392335263303,0.004533897007015286,0.0,0.0,0.0,0.03238060227307539,0.0,0.0,0.0,0.0,0.0,0.0,0.9676193977269246,0.0,0.0,0.04521643231320651,0.7808412217014368,0.17179793523879544,0.0021444107465612844,0.0,0.0,0.0,0.0,0.0,0.007015286585179058,0.3893943571362926,0.6019054621205159,0.0016848941580124375,0.0,0.0,0.0,0.028306221854608953,0.7308458168673222,0.24066415464264926,0.00018380663541953864,0.0,0.0,0.0,0.0,0.0,0.0,0.6049382716049383,0.3950617283950617,0.0,0.0,0.0,0.0,0.0,0.0,1.0,0.0,0.0,0.0
tip_middle_root_1_2_2,79,舌中,78769,167.45455932617188,12.681734085083008,101.03755187988281,13.084078788757324,105.34986877441406,13.798540115356445,138.11492919921875,73.71863555908203,101.81500244140625,11.401637077331543,167.45455932617188,12.681734085083008,128.1903533935547,12.368050575256348,155.29766845703125,2.98045015335083,137.11973571777344,1.8421772718429565,0.0,0.0,0.0,0.0013837931165813961,0.26389823407685764,0.721286292830936,0.013431679975624928,0.0,0.0,0.004862318932574998,0.32561032893651054,0.6531249603270322,0.01638969645418883,1.2695349693407304e-05,0.0,0.0,0.0,0.002627937386535312,0.24187180235879596,0.7095684850639211,0.04583021239320037,0.00010156279754725843,0.0,0.0,0.22249869872665642,0.0,0.0,0.0,0.0,0.0,0.0,0.7775013012733436,0.0,1.2695349693407304e-05,0.3068466020896546,0.6613515469283602,0.0316241160862776,0.00016503954601429497,0.0,0.0,0.0,0.0,0.0,0.0013837931165813961,0.26389823407685764,0.721286292830936,0.013431679975624928,0.0,0.0,0.0,0.006436542294557503,0.4536429305945232,0.5362388756998312,0.0036816514110881186,0.0,0.0,0.0,0.0,0.0,0.0,0.9120847033731544,0.0879152966268456,0.0,0.0,0.0,0.0,0.0,0.0,1.0,0.0,0.0,0.0
tip_middle_root_1_2_2,79,舌左邊,21579,158.2843475341797,9.869333267211914,91.32643127441406,11.456841468811035,96.98892211914062,11.350505828857422,166.92520141601562,41.62455749511719,108.18221282958984,13.150540351867676,158.2843475341797,9.869333267211914,118.94290924072266,10.117964744567871,156.07711791992188,3.4106178283691406,136.80685424804688,2.2732081413269043,0.0,0.0,0.0,0.0015756059131563094,0.5469206172667872,0.4468696417813615,0.004634135038695027,0.0,0.0,0.012512164604476574,0.6615227767737152,0.3214236062838871,0.004541452337921127,0.0,0.0,0.0,0.0,0.004031697483664674,0.4535891375874693,0.5328328467491543,0.009499976829324807,4.634135038695028e-05,0.0,0.0,0.05857546688910515,0.0,0.0,0.0,0.0,0.0,0.0,0.9414245331108948,0.0,0.0,0.1709069002270726,0.7648639881366143,0.06260716437276982,0.0015756059131563094,4.634135038695028e-05,0.0,0.0,0.0,0.0,0.0015756059131563094,0.5469206172667872,0.4468696417813615,0.004634135038695027,0.0,0.0,0.0,0.01195606839983317,0.8099541220631169,0.17591176606886325,0.0021780434681866628,0.0,0.0,0.0,0.0,0.0,0.0,0.8404467306177302,0.1595532693822698,0.0,0.0,0.0,0.0,0.0,0.0,1.0,0.0,0.0,0.0
tip_middle_root_1_2_2,79,舌右邊,27735,148.60855102539062,11.869373321533203,81.4864273071289,12.925196647644043,83.99617767333984,13.768832206726074,121.0397720336914,83.05178833007812,116.46698760986328,13.997227668762207,148.60855102539062,11.869373321533203,108.95658874511719,12.307395935058594,156.23475646972656,2.5402793884277344,139.08346557617188,2.454693078994751,0.0,0.0,0.0017306652244456463,0.03486569316747792,0.76372814133766,0.19855777897962862,0.0011177212907878132,0.0,0.0016585541734270776,0.08047593293672255,0.7981972237245358,0.11837029024698036,0.0012619433928249505,3.6055525509284295e-05,0.0,0.0,0.0017667207499549307,0.05927528393726338,0.740400216333153,0.19693528033171084,0.0016224986479177934,0.0,0.0,0.0,0.3214710654407788,0.0,0.0,0.0,0.0,0.0,0.0,0.6785289345592213,0.0,0.0,0.05094645754461871,0.7362538308995854,0.20616549486208763,0.006598161168199027,3.6055525509284295e-05,0.0,0.0,0.0,0.0017306652244456463,0.03486569316747792,0.76372814133766,0.19855777897962862,0.0011177212907878132,0.0,0.0,0.0033171083468541552,0.12817739318550567,0.8283396430502975,0.03955291148368487,0.000612943933657833,0.0,0.0,0.0,0.0,0.0,0.0,0.9135749053542456,0.08642509464575446,0.0,0.0,0.0,0.0,0.0,0.0,1.0,0.0,0.0,0.0
tip_middle_root_1_2_2,79,舌根,144180,151.4676971435547,17.068862915039062,91.51358795166016,18.35980796813965,90.1324691772461,16.249984741210938,67.36326599121094,85.05767822265625,106.8246841430664,15.637995719909668,151.4676971435547,17.068862915039062,116.19092559814453,17.507619857788086,152.42398071289062,4.028916358947754,139.4058380126953,2.4859888553619385,0.0,0.0003953391593841032,0.00728949923706478,0.08532390067970592,0.5829726730475794,0.32328339575530585,0.0007351921209599112,0.0,0.0019350811485642947,0.07820086003606602,0.47613399916770704,0.43383964488833404,0.00988347898460258,6.935774726036898e-06,0.0,0.0,0.0013386045221251213,0.06871272021084755,0.5338119017894298,0.39176029962546816,0.004348730753225135,2.7743098904147593e-05,0.0,0.0,0.629705923151616,0.0,0.0,0.0,0.0,0.0,0.0,0.37029407684838395,0.0,4.855042308225829e-05,0.23143986683312526,0.6579969482591206,0.10551394090719933,0.00496601470384242,3.4678873630184493e-05,0.0,0.0,0.0003953391593841032,0.00728949923706478,0.08532390067970592,0.5829726730475794,0.32328339575530585,0.0007351921209599112,0.0,0.00023581634068525455,0.008302122347066168,0.10513940907199334,0.6306838673879872,0.2547510056873353,0.000887779164932723,0.0,0.0,0.0,0.0,0.0,0.0,0.9542446941323346,0.045755305867665415,0.0,0.0,0.0,0.0,0.0,0.0,1.0,0.0,0.0,0.0
tip_middle_root_1_2_2,8,舌尖,151026,144.19371032714844,10.696026802062988,102.20819854736328,9.74481201171875,113.85010528564453,9.606687545776367,168.71646118164062,21.285411834716797,74.49590301513672,9.623748779296875,144.19503784179688,10.691402435302734,122.14665222167969,9.71603775024414,146.74942016601562,2.667161226272583,128.22071838378906,1.981972575187683,0.0,0.0,0.0,0.08989180670877862,0.8982029584309986,0.011905234860222743,0.0,0.0,0.0,3.9728258710420725e-05,0.22327281395256446,0.7742110629957756,0.0024763947929495583,0.0,0.0,0.0,0.0,0.0014434600664786196,0.04061552315495345,0.9065988637718009,0.05134215300676705,0.0,0.0,0.0,0.016295207447724232,0.0,0.0,0.0,0.0,0.0,0.003615271542648286,0.9800895210096274,0.0,0.11687391574960602,0.8694330777482023,0.013587064478963887,0.0001059420232277886,0.0,0.0,0.0,0.0,0.0,0.0,0.08989180670877862,0.8982029584309986,0.011905234860222743,0.0,0.0,0.0,0.0,0.009746666136956551,0.6962377339001231,0.2940155999629203,0.0,0.0,0.0,0.0,0.0,0.0,0.0,1.0,0.0,0.0,0.0,0.0,0.0,0.0,0.2729331373405904,0.7270668626594097,0.0,0.0,0.0
tip_middle_root_1_2_2,8,舌中,304200,154.7176971435547,5.7952656745910645,122.89273834228516,9.64669418334961,129.98565673828125,8.604737281799316,168.38726806640625,28.47614860534668,52.64757537841797,11.59581184387207,154.7176971435547,5.7952656745910645,139.7506561279297,8.127636909484863,141.54214477539062,3.1022226810455322,128.81369018554688,1.5231401920318604,0.0,0.0,0.0,0.00031886916502301115,0.7977646285338593,0.20191650230111768,0.0,0.0,0.0,0.0,0.007186061801446417,0.6398487836949376,0.35296515450361604,0.0,0.0,0.0,0.0,0.0,0.0009368836291913214,0.35543063773833006,0.6436324786324786,0.0,0.0,0.0,0.02787639710716634,0.0,0.0,0.0,0.0,0.0,0.0,0.9721236028928336,0.020210387902695595,0.7944674556213017,0.18471400394477316,0.0006081525312294543,0.0,0.0,0.0,0.0,0.0,0.0,0.0,0.00031886916502301115,0.7977646285338593,0.20191650230111768,0.0,0.0,0.0,0.0,0.0,0.07606508875739645,0.9232117028270874,0.0007232084155161078,0.0,0.0,0.0,0.0,0.0,0.0,1.0,0.0,0.0,0.0,0.0,0.0,0.0,0.20617028270874424,0.7938297172912557,0.0,0.0,0.0
tip_middle_root_1_2_2,8,舌左邊,87112,151.86827087402344,6.840160846710205,114.64893341064453,15.264577865600586,120.76000213623047,12.32299518585205,136.51844787597656,70.84911346435547,63.85045623779297,17.87779998779297,151.86827087402344,6.840160846710205,132.90924072265625,12.518733978271484,143.6968536376953,4.764516830444336,130.3493194580078,1.9234364032745361,0.0,0.0,0.0,0.0010446321976306364,0.8828060427954817,0.11614932500688768,0.0,0.0,0.0,0.0,0.1389820001836716,0.6204656074938011,0.24055239232252731,0.0,0.0,0.0,0.0,0.0,0.025725502800991826,0.6437574616585545,0.3305170355404537,0.0,0.0,0.0,0.21709982551198456,0.0,0.0,0.0,0.0,0.0,0.0,0.7829001744880154,0.0009298374506382588,0.5568922766094223,0.4105978510423363,0.03158003489760309,0.0,0.0,0.0,0.0,0.0,0.0,0.0,0.0010446321976306364,0.8828060427954817,0.11614932500688768,0.0,0.0,0.0,0.0,0.0,0.33549912755992284,0.6627904307098907,0.0017104417301864268,0.0,0.0,0.0,0.0,0.0,0.0,1.0,0.0,0.0,0.0,0.0,0.0,0.0,0.07102350996418404,0.928976490035816,0.0,0.0,0.0
tip_middle_root_1_2_2,8,舌右邊,136506,141.70059204101562,12.871801376342773,107.20985412597656,17.95062828063965,118.15422821044922,18.648073196411133,167.1077880859375,21.605140686035156,63.51301956176758,19.06450843811035,141.70059204101562,12.871801376342773,124.96414947509766,16.608190536499023,143.61856079101562,3.591759204864502,127.43692016601562,2.482572555541992,0.0,0.0,0.00021244487421798308,0.14464565660117504,0.8478162132067455,0.007325685317861486,0.0,0.0,0.0,0.02741271445943768,0.19499509179083704,0.7164007442896283,0.06119144946009699,0.0,0.0,0.0,0.0,0.002988879609687486,0.14974433358240663,0.4524489766017611,0.39481781020614476,0.0,0.0,0.0,0.016973612881485065,0.0,0.0,0.0,0.0,0.0,0.00021977055953584457,0.982806616558979,0.00458587900898129,0.6110500637334623,0.29072714752465095,0.09056744758472154,0.0030694621481839627,0.0,0.0,0.0,0.0,0.0,0.00021244487421798308,0.14464565660117504,0.8478162132067455,0.007325685317861486,0.0,0.0,0.0,0.0,0.07695632426413491,0.35594772390957174,0.5670959518262934,0.0,0.0,0.0,0.0,0.0,0.0,0.0,1.0,0.0,0.0,0.0,0.0,0.0,0.0,0.6618610170981495,0.33813898290185046,0.0,0.0,0.0
tip_middle_root_1_2_2,8,舌根,524837,124.00962829589844,28.098899841308594,96.11384582519531,26.973100662231445,100.021240234375,28.299856185913086,134.05917358398438,72.02262115478516,61.97726821899414,18.589174270629883,124.00962829589844,28.098899841308594,110.74818420410156,28.83866310119629,140.04254150390625,2.8618271350860596,130.20840454101562,2.7375905513763428,0.0003029512019922376,0.04155194850972778,0.14265190906891093,0.23109270116245614,0.5798143042506531,0.004586185806259848,0.0,0.0,0.012821123510728092,0.14427717558022776,0.23731558560086274,0.546038103258726,0.059548012049455354,0.0,0.0,0.0,0.010279381979547936,0.13257830526430112,0.2180448405886018,0.48017003374381,0.1589274384237392,0.0,0.0,0.0,0.23173861598934525,0.0,0.0,0.0,0.0,0.0,0.0001352800964870998,0.7681261039141677,0.008661736882117686,0.5861667527251319,0.351453879966542,0.05058713467228873,0.002541741531180157,0.0005449310928916978,4.382312984793374e-05,0.0,0.0003029512019922376,0.04155194850972778,0.14265190906891093,0.23109270116245614,0.5798143042506531,0.004586185806259848,0.0,0.0,0.0043327737945304924,0.09296410123524065,0.1651712817503339,0.36099589015256167,0.3765340477138616,1.905353471649293e-06,0.0,0.0,0.0,0.0,0.0,0.0,1.0,0.0,0.0,0.0,0.0,0.0,0.0,0.15339429194206963,0.8466057080579303,0.0,0.0,0.0
tip_middle_root_1_2_2,80,舌尖,115245,159.63870239257812,10.359326362609863,98.22726440429688,12.974056243896484,101.96598815917969,11.481514930725098,143.93922424316406,69.37532043457031,98.88187408447266,14.256852149963379,159.63955688476562,10.35849380493164,123.8232192993164,11.366129875183105,153.3679656982422,4.012889385223389,136.5466766357422,1.411517858505249,0.0,0.0,0.0,0.0003904724716907458,0.44260488524447916,0.5569786107857174,2.6031498112716386e-05,0.0,0.0,0.0023862206603323353,0.41082910321489,0.5712091630873357,0.015575513037441972,0.0,0.0,0.0,0.0,0.0,0.2696255802854788,0.7191114581977526,0.011262961516768623,0.0,0.0,0.0,0.18766106989457243,0.004364614516898781,0.0,0.0,0.0,0.0,0.0,0.8079743155885288,0.007835480931927633,0.007019827324395852,0.3456375547746106,0.6234804112976702,0.016026725671395722,0.0,0.0,0.0,0.0,0.0,0.0,0.0003904724716907458,0.44260488524447916,0.5569786107857174,2.6031498112716386e-05,0.0,0.0,0.0,0.006473165864028808,0.6214933402750662,0.3706972102911189,0.0013362835697861078,0.0,0.0,0.0,0.0,0.0,0.004373291682936353,0.9731007852835264,0.022525923033537246,0.0,0.0,0.0,0.0,0.0,0.0,1.0,0.0,0.0,0.0
tip_middle_root_1_2_2,80,舌中,324100,172.9601287841797,7.92436408996582,114.60023498535156,12.48737907409668,115.7220230102539,9.836579322814941,92.30015563964844,88.06429290771484,88.39665222167969,10.767403602600098,172.9601287841797,7.92436408996582,138.74960327148438,10.344430923461914,151.20982360839844,3.515981674194336,136.8922119140625,1.5536515712738037,0.0,0.0,0.0,0.0,0.049913606911447084,0.9471521135452021,0.002921937673557544,1.2341869793273682e-05,0.0,0.0009318111693921629,0.05494291885220611,0.7870688059240974,0.15696081456340635,9.564949089787102e-05,0.0,0.0,0.0,1.54273372415921e-05,0.02620796050601666,0.8662480715828448,0.10738043813637767,0.00014810243751928417,0.0,0.0,0.48513113236655353,0.0,0.0,0.0,0.0,0.0,0.0,0.5148688676334464,0.0,0.00034248688676334464,0.7612619561863623,0.2349398333847578,0.0034557235421166306,0.0,0.0,0.0,0.0,0.0,0.0,0.0,0.049913606911447084,0.9471521135452021,0.002921937673557544,1.2341869793273682e-05,0.0,0.0,0.0006263498920086393,0.12479173094723851,0.8650755939524838,0.009503239740820735,3.0854674483184205e-06,0.0,0.0,0.0,0.0,0.0,0.9939771675408824,0.006022832459117556,0.0,0.0,0.0,0.0,0.0,0.0,1.0,0.0,0.0,0.0
tip_middle_root_1_2_2,80,舌左邊,89700,160.06814575195312,10.404250144958496,88.7377700805664,15.190975189208984,94.318603515625,15.201902389526367,168.89328002929688,38.172882080078125,114.56745910644531,16.652694702148438,160.06814575195312,10.404250144958496,117.93346405029297,13.018165588378906,157.8954620361328,3.544227123260498,137.96279907226562,2.3346617221832275,0.0,0.0,0.0,0.003177257525083612,0.41528428093645486,0.5805128205128205,0.0010256410256410256,0.0,0.0,0.04979933110367893,0.6087736900780379,0.33666666666666667,0.0047603121516165,0.0,0.0,0.0,0.0,0.025418060200668897,0.5136677814938685,0.452329988851728,0.008461538461538461,0.0001226309921962096,0.0,0.0,0.048851727982162765,0.0,0.0,0.0,0.0,0.0,0.0,0.9511482720178372,0.0,2.229654403567447e-05,0.1535674470457079,0.6052285395763657,0.24079152731326645,0.00039018952062430326,0.0,0.0,0.0,0.0,0.0,0.003177257525083612,0.41528428093645486,0.5805128205128205,0.0010256410256410256,0.0,0.0,0.0,0.0547603121516165,0.6960869565217391,0.24824972129319955,0.000903010033444816,0.0,0.0,0.0,0.0,0.0,0.0,0.6450836120401338,0.35491638795986624,0.0,0.0,0.0,0.0,0.0,0.0,1.0,0.0,0.0,0.0
tip_middle_root_1_2_2,80,舌右邊,69081,158.26480102539062,9.270997047424316,83.5931167602539,12.971026420593262,88.10614776611328,13.395821571350098,161.67538452148438,51.41891098022461,121.01392364501953,13.936861038208008,158.26480102539062,9.270997047424316,113.96501159667969,11.286166191101074,159.31077575683594,2.716991424560547,139.4803009033203,2.164837121963501,0.0,0.0,0.0,4.342728101793547e-05,0.5353425688684298,0.46448372200749843,0.0001302818430538064,0.0,0.0,0.056918689654174084,0.7355423343611123,0.2075389759847136,0.0,0.0,0.0,0.0,0.0,0.02517334723006326,0.6456912899350038,0.3290340325125577,0.00010133032237518276,0.0,0.0,0.0,0.09186317511327283,0.0,0.0,0.0,0.0,0.0,0.0,0.9081368248867272,0.0,0.0,0.02200315571575397,0.6075621372012565,0.37043470708298953,0.0,0.0,0.0,0.0,0.0,0.0,4.342728101793547e-05,0.5353425688684298,0.46448372200749843,0.0001302818430538064,0.0,0.0,0.0,0.05736743822469275,0.8177791288487428,0.12485343292656446,0.0,0.0,0.0,0.0,0.0,0.0,0.0,0.5151923104761078,0.48480768952389225,0.0,0.0,0.0,0.0,0.0,0.0,1.0,0.0,0.0,0.0
tip_middle_root_1_2_2,80,舌根,583317,154.3717803955078,22.0272159576416,100.59547424316406,23.775394439697266,95.64568328857422,20.779708862304688,36.93926239013672,68.48150634765625,100.04656982421875,17.70455551147461,154.3717803955078,22.0272159576416,122.976318359375,22.75527000427246,149.1080780029297,5.914241313934326,139.95309448242188,2.068450927734375,0.002461783215644324,0.0025252135631226246,0.0180125043501218,0.08558468208538411,0.4009552267463489,0.49009886562538035,0.00036172441399787765,0.0,0.006211031051726591,0.06489438847144863,0.3212215656324091,0.47601561415148197,0.13164882902435554,8.571668578148759e-06,0.0,0.0,0.005959023995529018,0.07496781338448905,0.35543795226266334,0.543075206105771,0.020560004251547616,0.0,0.0,0.0,0.8100552529756547,0.0,0.0,0.0,0.0,0.0,3.085800688133554e-05,0.18991388901746392,0.0,0.00036515308142913715,0.480131729402709,0.43259839846944287,0.08572011444891886,0.0011846045975001586,0.0,0.0,0.002461783215644324,0.0025252135631226246,0.0180125043501218,0.08558468208538411,0.4009552267463489,0.49009886562538035,0.00036172441399787765,0.0,0.0033326647431842376,0.016680467053077488,0.08322918756010883,0.4448575988699112,0.4450238892403273,0.006876192533390935,0.0,0.0,0.0,0.0,0.0,0.0,0.9590908545439273,0.04090914545607277,0.0,0.0,0.0,0.0,0.0,5.485867890015206e-05,0.9999451413210998,0.0,0.0,0.0
tip_middle_root_1_2_2,81,舌尖,33028,123.91785430908203,14.95206356048584,70.12816619873047,15.729744911193848,73.64968872070312,15.57487964630127,142.89251708984375,69.94622802734375,113.1139907836914,17.607666015625,123.91785430908203,14.95206356048584,92.55918884277344,15.737741470336914,151.45742797851562,2.925175905227661,136.07200622558594,1.842361330986023,0.0,0.0,0.040541358847038876,0.5520467482136369,0.40601913527915706,0.001392757660167131,0.0,0.0,0.001120261596221388,0.33053772556618627,0.6163860966452707,0.05192563885188325,3.027734043841589e-05,0.0,0.0,0.0,0.0,0.2769165556497517,0.6325239190989463,0.09046869322998667,9.083202131524766e-05,0.0,0.0,0.0,0.19580356061523554,0.0,0.0,0.0,0.0,0.0,0.0,0.8041964393847645,0.0,0.0,0.16722175124137095,0.6108150660046021,0.22057042509385977,0.001392757660167131,0.0,0.0,0.0,0.0,0.040541358847038876,0.5520467482136369,0.40601913527915706,0.001392757660167131,0.0,0.0,0.0,0.044326026401840864,0.5217996851156594,0.428727140607969,0.005147147874530701,0.0,0.0,0.0,0.0,0.0,0.0,0.0,0.9930967663800412,0.006903233619958823,0.0,0.0,0.0,0.0,0.0,0.0,1.0,0.0,0.0,0.0
tip_middle_root_1_2_2,81,舌中,93161,155.83216857910156,16.71601104736328,100.40860748291016,18.867259979248047,103.99980926513672,16.63076400756836,136.5498809814453,74.28412628173828,92.74617767333984,15.5039644241333,155.83216857910156,16.71601104736328,123.81201171875,17.927616119384766,150.8997802734375,3.0149085521698,135.3474578857422,1.758226752281189,0.0,0.0,0.0018784684578310666,0.07966853082298386,0.40530908856710424,0.5131117098356608,3.220231641996114e-05,0.0,0.00042936421893281524,0.03604512617940984,0.3206277304880798,0.607496699262567,0.03540107985101062,0.0,0.0,0.0,3.220231641996114e-05,0.023174933716898702,0.2549028026749391,0.6905357392041734,0.03135432208756883,0.0,0.0,0.0,0.23114822726248108,0.0,0.0,0.0,0.0,0.0,0.0,0.7688517727375189,0.0,0.00032202316419961143,0.6398385590536813,0.32878565064780324,0.03072100986464293,0.0003327572696729318,0.0,0.0,0.0,0.0,0.0018784684578310666,0.07966853082298386,0.40530908856710424,0.5131117098356608,3.220231641996114e-05,0.0,0.0,0.0019965436180375907,0.08340399952769936,0.40793894440806777,0.5065746396024088,8.587284378656305e-05,0.0,0.0,0.0,0.0,0.0,0.0,0.9981322656476422,0.0018677343523577463,0.0,0.0,0.0,0.0,0.0,0.0,1.0,0.0,0.0,0.0
tip_middle_root_1_2_2,81,舌左邊,16944,117.56291198730469,15.627644538879395,58.14902114868164,11.411394119262695,62.68195343017578,12.927042007446289,130.65823364257812,77.62521362304688,129.93614196777344,11.877644538879395,117.56291198730469,15.627644538879395,82.3346939086914,13.325080871582031,154.43649291992188,2.867259979248047,137.2713623046875,2.557140588760376,0.0,0.0002950897072710104,0.10646836638338054,0.6297214353163362,0.26351510859301225,0.0,0.0,0.0,0.011862606232294617,0.6849622285174694,0.30276203966005666,0.00041312559017941453,0.0,0.0,0.0,0.0,0.0011803588290840415,0.5821529745042493,0.41330264400377714,0.0033640226628895184,0.0,0.0,0.0,0.0,0.2617445703493862,0.0,0.0,0.0,0.0,0.0,0.0,0.7382554296506137,0.0,0.0,0.003718130311614731,0.4181421152030217,0.5733002832861189,0.00483947119924457,0.0,0.0,0.0,0.0002950897072710104,0.10646836638338054,0.6297214353163362,0.26351510859301225,0.0,0.0,0.0,0.0,0.10339943342776203,0.7317044381491974,0.1648961284230406,0.0,0.0,0.0,0.0,0.0,0.0,0.0,0.0,0.9779863078375827,0.022013692162417376,0.0,0.0,0.0,0.0,0.0,0.0,1.0,0.0,0.0,0.0
tip_middle_root_1_2_2,81,舌右邊,20108,125.74388122558594,11.380708694458008,70.65033721923828,12.513813018798828,71.37666320800781,14.080455780029297,100.39287567138672,87.9358901977539,114.62830352783203,17.427967071533203,125.74388122558594,11.380708694458008,93.47016143798828,12.200762748718262,151.65635681152344,2.642247200012207,137.98080444335938,3.011768102645874,0.0,0.0,0.012432862542271732,0.551521782375174,0.43584642928187783,0.00019892580067634773,0.0,0.0,0.00014919435050726078,0.2732743186791327,0.7106624229162523,0.015914064054107818,0.0,0.0,0.0,0.0,0.0,0.29421125920031826,0.679033220608713,0.02675552019096877,0.0,0.0,0.0,0.0,0.439377362243883,0.0,0.0,0.0,0.0,0.0,0.0,0.560622637756117,0.0,0.0,0.11711756514819972,0.6364133678138054,0.24472846628207678,0.0017406007559180425,0.0,0.0,0.0,0.0,0.012432862542271732,0.551521782375174,0.43584642928187783,0.00019892580067634773,0.0,0.0,0.0,0.012432862542271732,0.5280982693455342,0.45922021086134873,0.00024865725084543465,0.0,0.0,0.0,0.0,0.0,0.0,0.0,0.9977620847423911,0.0022379152576089117,0.0,0.0,0.0,0.0,0.0,0.0,1.0,0.0,0.0,0.0
tip_middle_root_1_2_2,81,舌根,159290,146.60879516601562,22.69272232055664,94.35929107666016,24.47205352783203,93.53506469726562,24.034936904907227,68.32975006103516,85.54583740234375,96.96996307373047,21.384584426879883,146.60879516601562,22.69272232055664,116.37953186035156,24.000078201293945,149.3292694091797,3.474912405014038,137.525146484375,2.615906000137329,0.00018205788185071252,0.0008223993973256325,0.023071128131081677,0.1788750078473225,0.44176031138175653,0.3549438131709461,0.0003452821897168686,0.0,0.003816937660870111,0.11136920082867725,0.378429279929688,0.43321614665076275,0.07316215707200703,6.277857994852156e-06,0.0,0.0,0.003879716240818633,0.13196057505179232,0.3465314834578442,0.47797099629606377,0.03963839537949652,1.883357398455647e-05,0.0,0.0,0.6229079038232155,0.0,0.0,0.0,0.0,0.0,0.0,0.37709209617678446,0.0,0.003848326950844372,0.5694644987130391,0.30656663946261536,0.1171762194739155,0.002919203967606253,2.5111431979408625e-05,0.0,0.00018205788185071252,0.0008223993973256325,0.023071128131081677,0.1788750078473225,0.44176031138175653,0.3549438131709461,0.0003452821897168686,0.0,0.0006152300834955113,0.020748320672986376,0.1800552451503547,0.404501224182309,0.3903760436938916,0.003703936216962772,0.0,0.0,0.0,0.0,0.0,0.0,0.9973067989202085,0.002693201079791575,0.0,0.0,0.0,0.0,0.0,3.766714796911294e-05,0.9999623328520308,0.0,0.0,0.0
tip_middle_root_1_2_2,82,舌尖,91191,167.2340545654297,9.893013954162598,88.8348617553711,13.53382396697998,97.50025939941406,13.323991775512695,174.1797637939453,20.183422088623047,120.02608489990234,15.101540565490723,167.2340545654297,9.893013954162598,120.79303741455078,11.106985092163086,160.95436096191406,4.081964492797852,137.7234344482422,3.028080701828003,0.0,0.0,0.0,0.00025221787237775657,0.18611485782588194,0.7956706253906636,0.017392067199613996,0.000570231711462754,0.0,0.0063712427761511555,0.7505016942461427,0.2261626695616892,0.015659440076323323,0.0010417694728646466,0.00021931988902413615,4.386397780482723e-05,0.0,0.0008772795560965446,0.48104527859108903,0.48934653639065256,0.026493842594115646,0.0019190490289611914,0.00023028588347534295,8.772795560965446e-05,0.013608799113947648,0.0,0.0,0.0,0.0,0.0,2.1931988902413615e-05,0.9863692688971499,4.386397780482723e-05,0.0015462052176201599,0.056562599379324716,0.6077354124858813,0.33369521115022316,0.0004167077891458587,0.0,0.0,0.0,0.0,0.0,0.00025221787237775657,0.18611485782588194,0.7956706253906636,0.017392067199613996,0.000570231711462754,0.0,0.0,0.003783268085666349,0.7979296202476122,0.18851641061069624,0.009211435339013719,0.0004386397780482723,0.00012062593896327488,0.0,0.0,0.0,0.0,0.36719632419865994,0.63280367580134,0.0,0.0,0.0,0.0,0.0,0.0005921637003651676,0.9994078362996348,0.0,0.0,0.0
tip_middle_root_1_2_2,82,舌中,190080,164.92056274414062,7.935993671417236,100.3165283203125,10.79931354522705,111.53341674804688,10.130660057067871,174.78787231445312,0.8476125597953796,100.17750549316406,11.662017822265625,164.92056274414062,7.935993671417236,127.30970001220703,9.191431999206543,155.51889038085938,2.9794154167175293,132.9097442626953,1.5942895412445068,0.0,0.0,0.0,0.0,0.24109848484848484,0.7573758417508417,0.0015256734006734007,0.0,0.0,0.00015782828282828284,0.33179713804713806,0.6606428872053872,0.007402146464646465,0.0,0.0,0.0,0.0,0.0,0.0485111531986532,0.8891098484848485,0.062315867003367005,6.313131313131313e-05,0.0,0.0,0.0,0.0,0.0,0.0,0.0,0.0,0.0,1.0,0.0,6.313131313131313e-05,0.36176346801346804,0.6190709175084175,0.019102483164983166,0.0,0.0,0.0,0.0,0.0,0.0,0.0,0.24109848484848484,0.7573758417508417,0.0015256734006734007,0.0,0.0,0.0,0.0001210016835016835,0.5201336279461279,0.47882996632996633,0.0009154040404040404,0.0,0.0,0.0,0.0,0.0,0.0,0.9140782828282829,0.08592171717171718,0.0,0.0,0.0,0.0,0.0,0.00020517676767676767,0.9997948232323233,0.0,0.0,0.0
tip_middle_root_1_2_2,82,舌左邊,76393,162.60569763183594,12.324736595153809,93.56293487548828,13.216163635253906,101.32626342773438,14.16515064239502,172.117431640625,27.349199295043945,108.78130340576172,12.785981178283691,162.60569763183594,12.324736595153809,121.93785858154297,12.275555610656738,157.0629119873047,3.2426908016204834,135.99851989746094,2.321610689163208,0.0,0.0,0.0,0.0035998062649719217,0.3072401921642035,0.6822614637466784,0.006518921890749153,0.000379615933397039,0.0,0.005563336954956606,0.597057322005943,0.3850745487151964,0.01094341104551464,0.0012828400507899939,6.545102299948949e-05,1.3090204599897896e-05,0.0,0.00015708245519877476,0.38243032738601707,0.5860615501420288,0.029099524825573025,0.0021075229405835613,0.00013090204599897897,1.3090204599897896e-05,0.024792847512206617,0.0,0.0,0.0,0.0,0.0,0.0,0.9752071524877934,1.3090204599897896e-05,0.0019897110991844804,0.15470003796159335,0.7849541188328774,0.05834304190174493,0.0,0.0,0.0,0.0,0.0,0.0,0.0035998062649719217,0.3072401921642035,0.6822614637466784,0.006518921890749153,0.000379615933397039,0.0,0.0,0.01674237168326941,0.6683858468707866,0.3091775424449884,0.005262262249158954,0.0004188865471967327,1.3090204599897896e-05,0.0,0.0,0.0,0.0,0.7822313562760986,0.2177686437239014,0.0,0.0,0.0,0.0,0.0,1.3090204599897896e-05,0.9999869097954001,0.0,0.0,0.0
tip_middle_root_1_2_2,82,舌右邊,60975,160.62193298339844,12.55291748046875,87.55291748046875,12.925179481506348,95.90968322753906,13.852642059326172,163.51182556152344,45.0252685546875,117.17120361328125,12.870972633361816,160.62193298339844,12.55291748046875,117.51268768310547,12.02386474609375,158.92176818847656,4.001715183258057,136.7378387451172,2.3218889236450195,0.0,0.0,0.0,0.012234522345223452,0.3938991389913899,0.5887822878228782,0.005084050840508405,0.0,0.0,0.008265682656826569,0.757949979499795,0.22615826158261582,0.0076260762607626075,0.0,0.0,0.0,0.0,0.01784337843378434,0.5196391963919639,0.4441820418204182,0.01784337843378434,0.0004920049200492004,0.0,0.0,0.07296432964329644,0.0,0.0,0.0,0.0,0.0,0.0,0.9270356703567035,0.0,0.0002132021320213202,0.06499384993849938,0.7292332923329233,0.20555965559655598,0.0,0.0,0.0,0.0,0.0,0.0,0.012234522345223452,0.3938991389913899,0.5887822878228782,0.005084050840508405,0.0,0.0,0.0,0.02891348913489135,0.7792045920459204,0.18845428454284543,0.0034276342763427635,0.0,0.0,0.0,0.0,0.0,0.0,0.5444854448544485,0.45551455514555145,0.0,0.0,0.0,0.0,0.0,0.0,1.0,0.0,0.0,0.0
tip_middle_root_1_2_2,82,舌根,334268,131.43955993652344,44.61229705810547,74.75409698486328,30.098085403442383,79.19452667236328,32.58650588989258,146.4681854248047,67.09537506103516,114.6557846069336,18.842500686645508,131.43955993652344,44.61229705810547,97.30601501464844,37.49455261230469,152.3020782470703,6.752076148986816,135.9031524658203,2.8284213542938232,0.03536084818169852,0.10536156616846362,0.06712877092632259,0.09258140174949442,0.37368817834791246,0.32547536707073366,0.00040386755537472925,0.0,0.1466099058240693,0.1340331709885481,0.44757799131236015,0.26943051683080643,0.0023484150442160184,0.0,0.0,0.0,0.14565857336029772,0.12276077877631122,0.3544162169277346,0.36432144267474004,0.012828030203309918,1.4958057606471454e-05,0.0,0.0,0.17421051371953045,0.0,0.0,0.0,0.0,0.0,5.983223042588581e-06,0.825783503057427,4.1882561298120074e-05,0.0007149951535893355,0.16436811181447222,0.5902359783167997,0.23312132779685762,0.011487788241770077,2.9916115212942908e-05,0.0,0.03536084818169852,0.10536156616846362,0.06712877092632259,0.09258140174949442,0.37368817834791246,0.32547536707073366,0.00040386755537472925,0.0,0.11351370756399057,0.08916198978065504,0.11782761137769694,0.5077303241710245,0.1713983988895138,0.00036796821711919777,0.0,0.0,0.0,0.0,0.0,0.0,0.9098418035827539,0.09015819641724604,0.0,0.0,0.0,0.0,0.0,0.001232543946773248,0.9987674560532267,0.0,0.0,0.0
tip_middle_root_1_2_2,83,舌尖,164210,136.79208374023438,14.8287992477417,79.73632049560547,17.025516510009766,90.30015563964844,16.988014221191406,171.43325805664062,22.2769718170166,107.61982727050781,20.745655059814453,136.79208374023438,14.8287992477417,104.16967010498047,15.825417518615723,153.26596069335938,4.430878162384033,132.36898803710938,2.399691343307495,0.0,0.0,0.0010657085439376409,0.277321722185007,0.6673406004506425,0.05427196882041289,0.0,0.0,0.00033493697095183,0.182077827172523,0.6327994641008465,0.1830887278484867,0.0016990439071920102,0.0,0.0,0.0,6.089763108215091e-06,0.06221910967663358,0.5485536812617989,0.3810364776810182,0.008184641617441082,0.0,0.0,0.0,0.0169904390719201,0.0,0.0,0.0,0.0,0.0,0.0,0.9830095609280799,0.0,0.004756104987515985,0.2995676268193167,0.5245965531940807,0.15616588514706778,0.014913829852018756,0.0,0.0,0.0,0.0,0.0010657085439376409,0.277321722185007,0.6673406004506425,0.05427196882041289,0.0,0.0,0.0,0.0014554533828634066,0.30635162292186835,0.6148224834053956,0.0773643505267645,6.089763108215091e-06,0.0,0.0,0.0,0.0,0.0,0.0,0.8982705072772669,0.10172949272273309,0.0,0.0,0.0,0.0,0.0,0.0033980878143840204,0.996601912185616,0.0,0.0,0.0
tip_middle_root_1_2_2,83,舌中,251600,157.24282836914062,12.080168724060059,106.3613510131836,21.702899932861328,111.75049591064453,18.76015853881836,148.6499786376953,63.77415466308594,84.69097137451172,24.153392791748047,157.24282836914062,12.080168724060059,128.6282196044922,18.096235275268555,149.17672729492188,5.512185096740723,133.44638061523438,2.2764837741851807,0.0,0.0,0.0,0.01667329093799682,0.5053736089030206,0.47793322734499205,1.987281399046105e-05,0.0,0.000397456279809221,0.048465818759936406,0.22281399046104927,0.5608028616852146,0.16751589825119237,3.97456279809221e-06,0.0,0.0,0.0,0.018891096979332275,0.16131955484896662,0.6085492845786964,0.21124006359300476,0.0,0.0,0.0,0.15812798092209857,0.0,0.0,0.0,0.0,0.0,0.0,0.8418720190779014,0.0,0.18920508744038156,0.5538076311605723,0.18711446740858506,0.05818362480127186,0.011454689984101749,0.00023449920508744038,0.0,0.0,0.0,0.0,0.01667329093799682,0.5053736089030206,0.47793322734499205,1.987281399046105e-05,0.0,0.0,4.3720190779014306e-05,0.059427662957074724,0.35961844197138315,0.5718282988871224,0.009081875993640699,0.0,0.0,0.0,0.0,0.0,0.0,0.9441255961844197,0.05587440381558029,0.0,0.0,0.0,0.0,0.0,0.0001987281399046105,0.9998012718600954,0.0,0.0,0.0
tip_middle_root_1_2_2,83,舌左邊,106735,154.11314392089844,11.453503608703613,96.47288513183594,17.901132583618164,106.48002624511719,15.851920127868652,172.04620361328125,21.862064361572266,96.6968765258789,19.525516510009766,154.11314392089844,11.453503608703613,121.14619445800781,15.431578636169434,152.79515075683594,4.136934757232666,132.32843017578125,1.4664846658706665,0.0,0.0,0.0,0.03429990162552115,0.6169485173560688,0.3487515810184101,0.0,0.0,0.0,0.05573616901672366,0.390059493137209,0.5251042301025906,0.029100107743476836,0.0,0.0,0.0,0.0,0.007542043378460673,0.2085913711528552,0.7122593338642432,0.07160725160444091,0.0,0.0,0.0,0.016049093549444886,0.0,0.0,0.0,0.0,0.0,0.0,0.9839509064505552,0.0,0.03225746006464609,0.4767133555066286,0.4093502599896941,0.08106993956996299,0.0006089848690682531,0.0,0.0,0.0,0.0,0.0,0.03429990162552115,0.6169485173560688,0.3487515810184101,0.0,0.0,0.0,0.0,0.07380896613107228,0.5613528833091301,0.36437906965850003,0.0004590809012976062,0.0,0.0,0.0,0.0,0.0,0.0,0.9484236660889118,0.05157633391108821,0.0,0.0,0.0,0.0,0.0,0.0,1.0,0.0,0.0,0.0
tip_middle_root_1_2_2,83,舌右邊,93436,158.59043884277344,12.661277770996094,95.8495101928711,20.414731979370117,105.34717559814453,19.011018753051758,174.88754272460938,10.073677062988281,102.39897918701172,22.89658546447754,158.59043884277344,12.661277770996094,122.24383544921875,17.232519149780273,154.74659729003906,4.892100811004639,133.7821044921875,2.1350364685058594,0.0,0.0,9.632261655036602e-05,0.020452502247527718,0.4601759493128987,0.5190397705381223,0.00023545528490089473,0.0,0.0,0.08017252450875466,0.3772528789759836,0.4965216832912368,0.046052913224025,0.0,0.0,0.0,0.0,0.02380238880089045,0.25395992979151505,0.6067147566248555,0.11552292478273898,0.0,0.0,0.0,0.003274968962712445,0.0,0.0,0.0,0.0,0.0,0.0,0.9967250310372876,0.0,0.01897555546042211,0.40927479772250525,0.41471167430112593,0.14759835609401087,0.009439616421935871,0.0,0.0,0.0,0.0,9.632261655036602e-05,0.020452502247527718,0.4601759493128987,0.5190397705381223,0.00023545528490089473,0.0,0.0,0.0001070251295004067,0.08670105740827946,0.5027505458281605,0.40867545699730295,0.0017659146367567104,0.0,0.0,0.0,0.0,0.0,0.0,0.8223168800034248,0.17768311999657518,0.0,0.0,0.0,0.0,0.0,0.0,1.0,0.0,0.0,0.0
tip_middle_root_1_2_2,83,舌根,459253,140.7495880126953,24.41976547241211,94.18846893310547,24.26492691040039,96.78461456298828,23.765188217163086,120.06389617919922,82.07630157470703,88.15255737304688,21.330646514892578,140.7495880126953,24.41976547241211,114.56945037841797,24.402177810668945,147.4240264892578,5.142013072967529,134.4365997314453,1.7334257364273071,0.0,0.004176347242151929,0.06384498304855929,0.17811750821442648,0.5206716123792332,0.2331655971762841,2.3951939344979782e-05,0.0,0.0011605803337158386,0.12880917489923854,0.3558147687658001,0.44130577263512705,0.07290970336611846,0.0,0.0,0.0,0.0016701034070544993,0.10801235920070201,0.32160922193213765,0.4887153703949675,0.07998859016707567,4.354898062723597e-06,0.0,0.0,0.32592274846326535,0.0,0.0,0.0,0.0,0.0,0.0,0.6740772515367347,0.0,0.10098137627843476,0.5774921448526193,0.258785462479287,0.06253415873167949,0.00020685765797937085,0.0,0.0,0.0,0.004176347242151929,0.06384498304855929,0.17811750821442648,0.5206716123792332,0.2331655971762841,2.3951939344979782e-05,0.0,0.0001350018399444315,0.034340548673606926,0.18216756341275941,0.43566182474583726,0.34561559750290144,0.0020794638249505173,0.0,0.0,0.0,0.0,0.0,0.0,0.9825716979529802,0.017428302047019836,0.0,0.0,0.0,0.0,0.0,0.0,1.0,0.0,0.0,0.0
tip_middle_root_1_2_2,84,舌尖,81108,141.8032989501953,14.042463302612305,92.99005126953125,16.439268112182617,94.95376586914062,16.144916534423828,131.13963317871094,78.26307678222656,89.57987213134766,15.80335521697998,141.8032989501953,14.042463302612305,114.16963958740234,15.827383995056152,148.32733154296875,2.425109386444092,135.19093322753906,1.9310284852981567,0.0,0.0,0.009394880899541352,0.11023573506929032,0.8054076046752479,0.07496177935592051,0.0,0.0,3.698772007693446e-05,0.050216994624451346,0.5116388025842087,0.4296863441337476,0.008420870937515411,0.0,0.0,0.0,0.0,0.027506534497213592,0.49938353799871776,0.4585490950337821,0.014560832470286531,0.0,0.0,0.0,0.2645731617103122,0.0,0.0,0.0,0.0,0.0,0.0,0.7354268382896878,0.0,0.02192138876559649,0.6570868471667406,0.294779799773142,0.026150318094392663,6.164620012822409e-05,0.0,0.0,0.0,0.0,0.009394880899541352,0.11023573506929032,0.8054076046752479,0.07496177935592051,0.0,0.0,0.0,0.009752428860285052,0.0811510578487942,0.7071805493909356,0.20184198845983134,7.397544015386891e-05,0.0,0.0,0.0,0.0,0.0,0.0,1.0,0.0,0.0,0.0,0.0,0.0,0.0,0.0,1.0,0.0,0.0,0.0
tip_middle_root_1_2_2,84,舌中,142926,166.45114135742188,10.438545227050781,124.26712799072266,11.884781837463379,126.11640930175781,11.909528732299805,131.983154296875,77.70379638671875,65.30512237548828,9.525738716125488,166.45114135742188,10.438545227050781,143.44448852539062,11.015640258789062,144.6730194091797,2.3567276000976562,133.33566284179688,1.5043139457702637,0.0,0.0,0.0,0.0002518785945174426,0.24370653345087667,0.7474707191133874,0.008570868841218533,0.0,0.0,3.498313812742258e-05,0.012034199515833368,0.5715405174705792,0.415711626995788,0.0006786728796719981,0.0,0.0,0.0,2.7986510501938065e-05,0.008528889075465626,0.5166939535144061,0.4734757846717882,0.001273386227838182,0.0,0.0,0.25944894560821685,0.0,0.0,0.0,0.0,0.0,0.0,0.7405510543917831,0.0,0.4660033863677707,0.5309670738703944,0.0030155465065838266,1.3993255250969032e-05,0.0,0.0,0.0,0.0,0.0,0.0,0.0002518785945174426,0.24370653345087667,0.7474707191133874,0.008570868841218533,0.0,0.0,0.0,0.0002938583602703497,0.07859311811706757,0.8621454458950786,0.058967577627583506,0.0,0.0,0.0,0.0,0.0,0.0,1.0,0.0,0.0,0.0,0.0,0.0,0.0,0.0,1.0,0.0,0.0,0.0
tip_middle_root_1_2_2,84,舌左邊,52457,146.5978546142578,16.775482177734375,98.8436050415039,17.762205123901367,99.16712951660156,17.668479919433594,83.40164184570312,88.64338684082031,85.57266235351562,14.001523971557617,146.5978546142578,16.775482177734375,119.61091613769531,17.732027053833008,147.39199829101562,2.437828540802002,135.74899291992188,1.5698224306106567,0.0020207026707589073,0.0030119907733953525,0.005490211029986465,0.0931048287168538,0.6936919762853385,0.202680290523667,0.0,0.0,0.0038698362468307375,0.01309644089444688,0.41637912957279294,0.5314066759441066,0.035247917341822824,0.0,0.0,0.0,0.003240749566311455,0.012677049774100693,0.4126999256533923,0.5346283622776751,0.0367539127285205,0.0,0.0,0.0,0.5354290180528815,0.0,0.0,0.0,0.0,0.0,0.0,0.4645709819471186,0.0,0.04619021293630974,0.6866004537049393,0.265074251291534,0.0014488056884686504,0.000648149913262291,3.8126465486017116e-05,0.0,0.0020207026707589073,0.0030119907733953525,0.005490211029986465,0.0931048287168538,0.6936919762853385,0.202680290523667,0.0,0.0,0.0031454334025964124,0.004403606763634977,0.06757916007396535,0.5352955754236803,0.38900432735383267,0.0005718969822902567,0.0,0.0,0.0,0.0,0.0,0.0,1.0,0.0,0.0,0.0,0.0,0.0,0.0,0.0010103513353794536,0.9989896486646206,0.0,0.0,0.0
tip_middle_root_1_2_2,84,舌右邊,67579,150.93679809570312,16.71263313293457,99.23578643798828,17.818878173828125,99.74910736083984,18.683019638061523,101.84319305419922,87.67280578613281,90.48912811279297,14.900810241699219,150.93679809570312,16.71263313293457,121.27888488769531,17.502349853515625,149.05645751953125,2.2003204822540283,136.43569946289062,2.045203447341919,0.0,0.0005623048580180234,0.0018644845292176565,0.10555054084848843,0.6048920522647568,0.2834164459373474,0.0037141715621716804,0.0,0.0007546723094452419,0.018452477840749344,0.370455318960032,0.5428165554388198,0.06722502552568105,0.00029594992527264387,0.0,0.0,0.0008582547832906673,0.02718300063629234,0.3216679737788366,0.5822370854851359,0.06760976042853549,0.0004439248879089658,0.0,0.0,0.4323236508382782,0.0,0.0,0.0,0.0,0.0,0.0,0.5676763491617218,0.0,0.02657630328948342,0.6533094600393613,0.30999274922683084,0.009352017638615547,0.0005918998505452877,0.00011837997010905755,5.9189985054528776e-05,0.0,0.0005623048580180234,0.0018644845292176565,0.10555054084848843,0.6048920522647568,0.2834164459373474,0.0037141715621716804,0.0,0.00036993740659080484,0.0017461045591085989,0.08412376625874902,0.5779458115686826,0.3212980363722458,0.014516343834623182,0.0,0.0,0.0,0.0,0.0,0.0,1.0,0.0,0.0,0.0,0.0,0.0,0.0,0.0,1.0,0.0,0.0,0.0
tip_middle_root_1_2_2,84,舌根,248823,114.48725891113281,34.03982162475586,75.84719848632812,29.300731658935547,76.1402587890625,29.693185806274414,81.77446746826172,88.19204711914062,92.38964080810547,24.236433029174805,114.48725891113281,34.03982162475586,92.3948974609375,32.562591552734375,144.45982360839844,4.580577850341797,134.6935272216797,1.8415075540542603,0.0020737632775105195,0.11531892148233885,0.1687062691149934,0.285516210318178,0.37509796120133587,0.05328687460564337,0.0,0.0,0.07105854362337886,0.2822046193478899,0.357997452004035,0.26650671360766487,0.022232671417031384,0.0,0.0,0.0,0.07825241235737854,0.2680298846971542,0.35855608203421707,0.27029655618652615,0.02485300796148266,1.205676324134023e-05,0.0,0.0,0.54552030961768,0.0,0.0,0.0,0.0,0.0,8.037842160893486e-06,0.4544716525401591,0.0,0.10171889254610707,0.4778858867548418,0.3178202979628089,0.10162645736125679,0.0009082761641809639,3.2151368643573944e-05,8.037842160893486e-06,0.0020737632775105195,0.11531892148233885,0.1687062691149934,0.285516210318178,0.37509796120133587,0.05328687460564337,0.0,0.0,0.025391543386262524,0.20018245901705228,0.25747619793990106,0.3669797406188335,0.14937525871804455,0.000594800319906118,0.0,0.0,0.0,0.0,0.0,0.0,1.0,0.0,0.0,0.0,0.0,0.0,0.0,0.0005546111091016506,0.9994453888908984,0.0,0.0,0.0
tip_middle_root_1_2_2,85,舌尖,157723,150.93199157714844,14.575369834899902,83.8314437866211,14.168451309204102,97.39738464355469,14.475349426269531,171.96237182617188,17.379390716552734,113.81964874267578,16.298139572143555,150.93199157714844,14.575369834899902,112.060791015625,13.373541831970215,157.41944885253906,4.370438575744629,132.63677978515625,2.674360752105713,0.0,0.0,0.0,0.0820742694470686,0.6147423013764638,0.3002479029691294,0.0029355262073381813,0.0,0.0,0.051007145438521966,0.7441337027573658,0.19864572700240293,0.006156362737203832,5.706206450549381e-05,0.0,0.0,0.0,0.0028594434546641897,0.47785040862778416,0.49561573137716125,0.02275508327891303,0.0009193332614774002,0.0,0.0,0.01051210032778986,0.0,0.0,0.0,0.0,0.0,0.0001648459641269821,0.9893230537080832,0.0,0.0026945974905372076,0.1272357233884722,0.6624905689087831,0.20681194245607806,0.0007671677561294168,0.0,0.0,0.0,0.0,0.0,0.0820742694470686,0.6147423013764638,0.3002479029691294,0.0029355262073381813,0.0,0.0,0.0,0.10889977999404019,0.7688986387527501,0.11950698376267253,0.0026945974905372076,0.0,0.0,0.0,0.0,0.0,0.0,0.6850998269117377,0.31490017308826235,0.0,0.0,0.0,0.0,0.0,0.02664164389467611,0.9733583561053238,0.0,0.0,0.0
tip_middle_root_1_2_2,85,舌中,322000,153.9716033935547,8.681220054626465,98.18270111083984,12.6116304397583,111.46531677246094,11.608743667602539,172.9099884033203,1.607977271080017,92.88683319091797,13.948002815246582,153.9716033935547,8.681220054626465,122.4857406616211,10.925111770629883,152.4893035888672,3.2994508743286133,130.013671875,1.4090752601623535,0.0,0.0,0.0,0.002127329192546584,0.7570993788819875,0.239972049689441,0.0008012422360248447,0.0,0.0,0.0026055900621118015,0.4095341614906832,0.5746739130434783,0.01311801242236025,6.832298136645963e-05,0.0,0.0,0.0,1.5527950310559007e-05,0.0773385093167702,0.8445745341614906,0.0772919254658385,0.0007795031055900622,0.0,0.0,3.1055900621118014e-05,0.0,0.0,0.0,0.0,0.0,0.0,0.9999689440993789,0.0,0.009782608695652175,0.5858198757763975,0.393527950310559,0.01086335403726708,6.2111801242236025e-06,0.0,0.0,0.0,0.0,0.0,0.002127329192546584,0.7570993788819875,0.239972049689441,0.0008012422360248447,0.0,0.0,0.0,0.0066055900621118015,0.6856024844720497,0.30516149068322984,0.002630434782608696,0.0,0.0,0.0,0.0,0.0,0.0,0.9794378881987578,0.020562111801242237,0.0,0.0,0.0,0.0,0.0,0.03125776397515528,0.9687422360248448,0.0,0.0,0.0
tip_middle_root_1_2_2,85,舌左邊,89707,146.20208740234375,9.806770324707031,93.12335968017578,12.64969253540039,104.0989990234375,12.2239990234375,173.80813598632812,1.0773404836654663,93.20382690429688,13.037840843200684,146.20208740234375,9.806770324707031,116.3233871459961,11.528388977050781,151.27145385742188,2.632856607437134,130.8481903076172,1.3948508501052856,0.0,0.0,0.0,0.036084140591035256,0.8791287190520249,0.08478714035693982,0.0,0.0,0.0,0.007981539902125809,0.5602684294425184,0.4299775937217831,0.001772436933572631,0.0,0.0,0.0,0.0,2.229480419588215e-05,0.2491667316931789,0.7243358935200152,0.026475079982610054,0.0,0.0,0.0,0.0,0.0,0.0,0.0,0.0,0.0,0.0,1.0,0.0,0.0027645557202893864,0.6024613463832253,0.3853991327321168,0.009374965164368443,0.0,0.0,0.0,0.0,0.0,0.0,0.036084140591035256,0.8791287190520249,0.08478714035693982,0.0,0.0,0.0,0.0,0.03689790094418496,0.7923461937195536,0.1707336105320655,2.229480419588215e-05,0.0,0.0,0.0,0.0,0.0,0.0,0.9935902437936839,0.006409756206316118,0.0,0.0,0.0,0.0,0.0,0.004314044611903196,0.9956859553880968,0.0,0.0,0.0
tip_middle_root_1_2_2,85,舌右邊,56154,139.59263610839844,11.257308959960938,83.95310974121094,16.030927658081055,92.72660827636719,15.588948249816895,175.1049041748047,5.008986949920654,102.86708068847656,17.208087921142578,139.59263610839844,11.257308959960938,107.736083984375,14.434450149536133,152.33724975585938,3.1240317821502686,132.93304443359375,1.8533427715301514,0.0,0.0,0.0,0.12713252840403177,0.814064892972896,0.05855326423763223,0.0002493143854400399,0.0,0.0,0.06829433344018236,0.7171706378886633,0.1973857605869573,0.01686433735797984,0.00028493072621718846,0.0,0.0,0.0,0.00333012786266339,0.6227695266588311,0.3410620792819746,0.03230402108487374,0.0005342451116572283,0.0,0.0,0.0007657513267086939,0.0,0.0,0.0,0.0,0.0,0.0,0.9992342486732914,0.0,0.02361363393524949,0.2977348007265734,0.6152366705844642,0.06341489475371301,0.0,0.0,0.0,0.0,0.0,0.0,0.12713252840403177,0.814064892972896,0.05855326423763223,0.0002493143854400399,0.0,0.0,0.0,0.2026391708515867,0.7042775225273356,0.0913202977526089,0.0017630088684688534,0.0,0.0,0.0,0.0,0.0,0.0,0.9926630337999074,0.0073369662000926025,0.0,0.0,0.0,0.0,0.0,0.00033835523738291127,0.9996616447626171,0.0,0.0,0.0
tip_middle_root_1_2_2,85,舌根,540771,127.49195861816406,29.341402053833008,81.79026794433594,23.767059326171875,87.8239517211914,25.069059371948242,173.8443603515625,20.058486938476562,94.1742935180664,17.354990005493164,127.4919662475586,29.341337203979492,101.48804473876953,27.10356330871582,147.96908569335938,3.8067214488983154,132.48704528808594,1.6839293241500854,0.004134837112197215,0.052889300646669295,0.08219745511501171,0.2223048203398481,0.5920010503521823,0.04646329037614813,9.246057943195919e-06,0.0,0.054653448502231076,0.13870381362905926,0.47983527223168404,0.32558143835375786,0.0012260272832677788,0.0,0.0,0.0,0.04489885737215938,0.11250048541804201,0.38749858997616365,0.44666041633149706,0.008441650902137873,0.0,0.0,0.0,0.013062830662147194,0.0,0.0,0.0,0.0,0.0,0.00034580256707552736,0.9865913667707773,0.0,0.014599525492306356,0.5882490000388334,0.34716728522794305,0.04883952726754948,0.0011446619733676546,0.0,0.0,0.004134837112197215,0.052889300646669295,0.08219745511501171,0.2223048203398481,0.5920010503521823,0.04646329037614813,9.246057943195919e-06,0.0,0.028426080540561532,0.0827207819945966,0.18979013297680533,0.5780358044347792,0.1209902158214845,3.6984231772783674e-05,0.0,0.0,0.0,0.0,0.0,0.0,0.9990901878983895,0.0009098121016104784,0.0,0.0,0.0,0.0,0.0,0.0016735364877184613,0.9983264635122815,0.0,0.0,0.0
tip_middle_root_1_2_2,86,舌尖,100427,160.63150024414062,10.665142059326172,99.57231903076172,13.38698959350586,113.01722717285156,13.37697982788086,173.3296356201172,1.1959824562072754,97.33418273925781,15.06651782989502,160.63150024414062,10.665142059326172,125.62699890136719,11.833292007446289,154.46876525878906,3.762967586517334,131.004150390625,1.9254872798919678,0.0,0.0,0.0,0.020114112738606152,0.32635645792466167,0.6533601521503182,0.00016927718641401217,0.0,0.0,0.008364284505162954,0.3591265297181037,0.6245830304599361,0.007926155316797275,0.0,0.0,0.0,0.0,0.0,0.09903711153375089,0.7637786651000229,0.1371842233662262,0.0,0.0,0.0,0.0,0.0,0.0,0.0,0.0,0.0,0.0,1.0,0.0,0.003933205213737342,0.44069821860655,0.5404124388859569,0.014956137293755663,0.0,0.0,0.0,0.0,0.0,0.0,0.020114112738606152,0.32635645792466167,0.6533601521503182,0.00016927718641401217,0.0,0.0,0.0,0.0224043334959722,0.49903910303006166,0.47850677606619735,4.978740776882711e-05,0.0,0.0,0.0,0.0,0.0,0.0,0.9128720364045526,0.08712796359544744,0.0,0.0,0.0,0.0,0.0,0.028348949983570154,0.9716510500164298,0.0,0.0,0.0
tip_middle_root_1_2_2,86,舌中,219082,162.46311950683594,7.784191131591797,118.35257720947266,12.047554969787598,127.86795806884766,11.046707153320312,173.5643768310547,2.4882912635803223,69.67997741699219,11.964652061462402,162.46311950683594,7.784191131591797,138.7114715576172,10.473370552062988,146.78140258789062,2.8524417877197266,129.71437072753906,1.136529564857483,0.0,0.0,0.0,0.004911403036306041,0.2952866963054929,0.699801900658201,0.0,0.0,0.0,4.564500963109703e-06,0.045740864151322336,0.7448763476689093,0.2093782236788052,0.0,0.0,0.0,0.0,0.0,0.023575647474461617,0.385453848330762,0.5909705041947764,0.0,0.0,0.0,0.0001460640308195105,0.0,0.0,0.0,0.0,0.0,0.0,0.9998539359691805,0.0,0.32958435654229923,0.6272628513524616,0.04310258259464493,5.020951059420673e-05,0.0,0.0,0.0,0.0,0.0,0.0,0.004911403036306041,0.2952866963054929,0.699801900658201,0.0,0.0,0.0,0.0,0.0037611487936023954,0.10853926840178563,0.8846002866506605,0.0030992961539514884,0.0,0.0,0.0,0.0,0.0,0.0,0.9998539359691805,0.0001460640308195105,0.0,0.0,0.0,0.0,0.0,0.008549310303904474,0.9914506896960955,0.0,0.0,0.0
tip_middle_root_1_2_2,86,舌左邊,84894,158.62901306152344,12.492804527282715,110.2251968383789,16.143335342407227,120.84154510498047,15.441620826721191,173.50070190429688,1.1172012090682983,78.68573760986328,14.214160919189453,158.62901306152344,12.492804527282715,131.95230102539062,14.807512283325195,148.8617401123047,3.090998411178589,129.96484375,1.0756653547286987,0.0,0.0,0.0,0.03466676090183052,0.36544396541569485,0.5998892736824746,0.0,0.0,0.0,0.0006949843334040097,0.19556152378259947,0.6596697057507008,0.14407378613329563,0.0,0.0,0.0,0.0,0.0,0.0710415341484675,0.5221217047141141,0.4068367611374184,0.0,0.0,0.0,0.0,0.0,0.0,0.0,0.0,0.0,0.0,1.0,0.0,0.17592527151506585,0.6929700567766862,0.13110467170824794,0.0,0.0,0.0,0.0,0.0,0.0,0.0,0.03466676090183052,0.36544396541569485,0.5998892736824746,0.0,0.0,0.0,0.0,0.01908262067990671,0.32235493674464627,0.6583386340613,0.00022380851414705396,0.0,0.0,0.0,0.0,0.0,0.0,1.0,0.0,0.0,0.0,0.0,0.0,0.0,0.004370155723608264,0.9956298442763918,0.0,0.0,0.0
tip_middle_root_1_2_2,86,舌右邊,30486,148.2406005859375,10.0435152053833,97.79380798339844,14.717824935913086,106.46283721923828,15.036696434020996,174.75526428222656,1.131239652633667,87.61969757080078,15.161788940429688,148.2406005859375,10.0435152053833,120.0075454711914,13.173954010009766,149.72193908691406,2.9370367527008057,131.65151977539062,1.7208949327468872,0.0,0.0,0.0,0.005346716525618317,0.8692186577445384,0.1254346257298432,0.0,0.0,0.0,0.0,0.46158892606442303,0.5301777865249623,0.008233287410614708,0.0,0.0,0.0,0.0,0.0,0.3158498983139802,0.611165781014236,0.07298432067178377,0.0,0.0,0.0,0.0,0.0,0.0,0.0,0.0,0.0,0.0,1.0,0.0,0.03355638653808306,0.6013908023354982,0.3650528111264187,0.0,0.0,0.0,0.0,0.0,0.0,0.0,0.005346716525618317,0.8692186577445384,0.1254346257298432,0.0,0.0,0.0,0.0,0.006593190316866758,0.6391458374335761,0.35426097224955716,0.0,0.0,0.0,0.0,0.0,0.0,0.0,1.0,0.0,0.0,0.0,0.0,0.0,0.0,0.000360821360624549,0.9996391786393755,0.0,0.0,0.0
tip_middle_root_1_2_2,86,舌根,385556,140.8124237060547,25.90778923034668,102.86520385742188,23.259550094604492,106.9368896484375,24.85689926147461,144.25526428222656,67.16519165039062,71.40294647216797,15.677203178405762,140.8124237060547,25.90778923034668,120.7096176147461,25.020689010620117,143.88067626953125,3.5793709754943848,131.78988647460938,1.5936639308929443,6.484142381392067e-05,0.0253400284264802,0.052900227204349046,0.12580273682681634,0.5787460187365778,0.21714614738196267,0.0,0.0,0.01078183195177873,0.06331894718276981,0.23964612144539316,0.5982606936476154,0.08799240577244291,0.0,0.0,0.0,0.013938312463040389,0.06195468362572493,0.17426002967143553,0.5489449003516998,0.20090207388809928,0.0,0.0,0.0,0.1829435931485958,0.0,0.0,0.0,0.0,0.0,0.0,0.8170564068514042,3.8904854288352406e-05,0.36888286007739474,0.5474431729761695,0.08212814740271193,0.0015069146894355165,0.0,0.0,0.0,6.484142381392067e-05,0.0253400284264802,0.052900227204349046,0.12580273682681634,0.5787460187365778,0.21714614738196267,0.0,0.0,0.005576362447997178,0.042136550851238214,0.08361431283652698,0.36123157206735207,0.5073478301465935,9.337165029204577e-05,0.0,0.0,0.0,0.0,0.0,0.0,1.0,0.0,0.0,0.0,0.0,0.0,0.0,0.0001452447893431823,0.9998547552106568,0.0,0.0,0.0
tip_middle_root_1_2_2,87,舌尖,71647,146.5422821044922,10.346858024597168,81.16126251220703,13.0755033493042,89.1859130859375,12.045673370361328,172.7732391357422,24.035446166992188,114.7319107055664,14.739171981811523,146.5422821044922,10.346858024597168,108.3928451538086,11.626832962036133,156.1715087890625,3.5808615684509277,135.52334594726562,1.9686387777328491,0.0,0.0,0.0,0.0579926584504585,0.8675310899270032,0.07447625162253828,0.0,0.0,0.0,0.08469300877915335,0.7775761720658227,0.13692129468086592,0.0008095244741580247,0.0,0.0,0.0,0.0,0.005373567630186889,0.7014389995394085,0.29024243862269183,0.0029449942077128142,0.0,0.0,0.0,0.02009853866875096,0.0,0.0,0.0,0.0,0.0,0.0,0.979901461331249,0.0,4.187195555989783e-05,0.08766591762390609,0.710650829762586,0.19943612433179336,0.002205256326154619,0.0,0.0,0.0,0.0,0.0,0.0579926584504585,0.8675310899270032,0.07447625162253828,0.0,0.0,0.0,0.0,0.15015283263779364,0.8009686379052856,0.04886457213840077,1.3957318519965944e-05,0.0,0.0,0.0,0.0,0.0,0.0,0.8321492874788896,0.16785071252111045,0.0,0.0,0.0,0.0,0.0,0.0,1.0,0.0,0.0,0.0
tip_middle_root_1_2_2,87,舌中,163800,157.1184539794922,8.283392906188965,106.43189239501953,13.202370643615723,108.23623657226562,12.149351119995117,115.6005859375,82.57551574707031,86.52865600585938,14.245562553405762,157.1184539794922,8.283392906188965,128.39572143554688,11.011509895324707,148.54660034179688,4.553534507751465,135.3051300048828,3.241530179977417,0.0,0.0,0.0,0.0010561660561660563,0.5881135531135531,0.4108058608058608,2.442002442002442e-05,0.0,0.0,0.0002503052503052503,0.21467643467643469,0.7456532356532356,0.03942002442002442,0.0,0.0,0.0,0.0,0.0009768009768009768,0.14887667887667888,0.805018315018315,0.045115995115995115,1.221001221001221e-05,0.0,0.0,0.35285714285714287,0.0,0.0,0.0,0.0,0.0,0.0,0.6471428571428571,0.0,0.0292002442002442,0.7199450549450549,0.24487179487179486,0.005982905982905983,0.0,0.0,0.0,0.0,0.0,0.0,0.0010561660561660563,0.5881135531135531,0.4108058608058608,2.442002442002442e-05,0.0,0.0,0.0,0.0008608058608058608,0.43715506715506713,0.5616178266178267,0.0003663003663003663,0.0,0.0,0.0,0.0,0.0,0.0,0.9951098901098901,0.00489010989010989,0.0,0.0,0.0,0.0,0.0,3.0525030525030525e-05,0.999969474969475,0.0,0.0,0.0
tip_middle_root_1_2_2,87,舌左邊,52738,135.63453674316406,9.265687942504883,74.49967956542969,14.646157264709473,79.74225616455078,15.552397727966309,149.1219940185547,63.98974609375,116.31536865234375,19.979061126708984,135.63453674316406,9.265687942504883,100.00367736816406,12.453229904174805,154.46246337890625,4.249545097351074,136.59922790527344,3.263519525527954,0.0,0.0,0.00018961659524441578,0.17545223557965794,0.8186127649891919,0.005745382835905799,0.0,0.0,0.0,0.24898555121544239,0.652053547726497,0.09890401607948728,5.6884978573324735e-05,0.0,0.0,0.0,0.0,0.1388183093784368,0.6737456862224582,0.18658272972050513,0.0008532746785998711,0.0,0.0,0.0,0.15713527247904738,0.0,0.0,0.0,0.0,0.0,0.0,0.8428647275209527,0.0,0.00047404148811103946,0.1683226515984679,0.497895255792787,0.3287572528347681,0.004550798285865979,0.0,0.0,0.0,0.0,0.00018961659524441578,0.17545223557965794,0.8186127649891919,0.005745382835905799,0.0,0.0,0.0,0.00034130987143994845,0.3955402176798513,0.5756570215025218,0.02846145094618681,0.0,0.0,0.0,0.0,0.0,0.0,0.0,0.88217224771512,0.11782775228487997,0.0,0.0,0.0,0.0,0.0,0.0,1.0,0.0,0.0,0.0
tip_middle_root_1_2_2,87,舌右邊,67624,137.4442596435547,11.014660835266113,79.71776580810547,16.386608123779297,86.45565032958984,17.213125228881836,165.27137756347656,42.45102310180664,108.48027038574219,20.37090301513672,137.4442596435547,11.014660835266113,104.10246276855469,14.506268501281738,153.07412719726562,3.8991284370422363,134.75245666503906,2.8782424926757812,0.0,0.0,0.0,0.19428013722938603,0.7922335265586182,0.013486336211995742,0.0,0.0,2.9575298710516975e-05,0.17385839346977405,0.6548414763989117,0.1696291257541701,0.0016414290784336923,0.0,0.0,0.0,0.0,0.10077783035608659,0.594448716432036,0.2990506329113924,0.005722820300485035,0.0,0.0,0.0,0.06231515438305927,0.0,0.0,0.0,0.0,0.0,0.0,0.9376848456169408,0.0,0.011785756536141015,0.24313853069916005,0.5819975156749083,0.15580267360700342,0.0072755234827871764,0.0,0.0,0.0,0.0,0.0,0.19428013722938603,0.7922335265586182,0.013486336211995742,0.0,0.0,0.0,0.0001478764935525849,0.2929581213770259,0.645480894357033,0.0614131077723885,0.0,0.0,0.0,0.0,0.0,0.0,0.0,0.9592600260262628,0.04073997397373713,0.0,0.0,0.0,0.0,0.0,0.0013456760913285225,0.9986543239086715,0.0,0.0,0.0
tip_middle_root_1_2_2,87,舌根,272212,134.0863800048828,16.54107093811035,95.2408447265625,18.578529357910156,81.8973159790039,20.01907730102539,32.3232307434082,58.680580139160156,102.40569305419922,23.06712532043457,134.0863800048828,16.54107093811035,112.51110076904297,18.019433975219727,142.0581817626953,5.364115238189697,142.02767944335938,5.478564262390137,0.000951464299883914,0.004360571907189984,0.009187691945983277,0.278540255389182,0.6839999706111413,0.022960045846619547,0.0,0.0,0.005154071091649156,0.038209189896110385,0.422883634814042,0.5178316900063186,0.015921414191879858,0.0,0.0,0.0,0.008941560254507517,0.17044435954329715,0.546511542474248,0.27193143579269097,0.0021711019352563445,0.0,0.0,0.0,0.8608290597034665,0.0,0.0,0.0,0.0,0.0,0.0,0.1391709402965336,0.0,0.021538359807796864,0.39589731532775924,0.45135041805651477,0.1131397587174702,0.01741657237741172,0.00045185370226147266,0.00020572201078571114,0.000951464299883914,0.004360571907189984,0.009187691945983277,0.278540255389182,0.6839999706111413,0.022960045846619547,0.0,0.0,0.004709564604058601,0.005635313652594302,0.15387639046037646,0.6216441596990581,0.21413457158391253,0.0,0.0,0.0,0.0,0.0,0.0,0.0,0.9995848823710931,0.0004151176289068814,0.0,0.0,0.0,0.0,0.0,0.0002718469428239754,0.999728153057176,0.0,0.0,0.0
tip_middle_root_1_2_2,88,舌尖,123370,144.9848175048828,14.202588081359863,100.69459533691406,16.741104125976562,110.41752624511719,17.444671630859375,172.6718292236328,9.56562614440918,78.8412094116211,16.119775772094727,144.9848175048828,14.202588081359863,121.09280395507812,15.879939079284668,147.41561889648438,3.2067902088165283,129.81385803222656,2.4214255809783936,0.0,0.0,0.002561400664667261,0.125314095809354,0.7506038745237902,0.12152062900218853,0.0,0.0,0.0,0.02289859771419308,0.34069060549566343,0.5820134554591878,0.05439734133095566,0.0,0.0,0.0,0.0,0.006006322444678609,0.1805625354624301,0.638064359244549,0.17527762016697737,8.916268136499959e-05,0.0,0.0,0.0028694172002918053,0.0,0.0,0.0,0.0,0.0,0.0005430817864959067,0.9965875010132123,2.4317094917727162e-05,0.1741428224041501,0.6777741752451973,0.14403825889600388,0.004020426359730891,0.0,0.0,0.0,0.0,0.0,0.002561400664667261,0.125314095809354,0.7506038745237902,0.12152062900218853,0.0,0.0,0.0,0.00017832536272999918,0.06326497527762016,0.5869660371240982,0.3490475804490557,0.0005430817864959067,0.0,0.0,0.0,0.0,0.0,0.0,0.9989138364270082,0.0010861635729918133,0.0,0.0,0.0,0.0,0.0,0.14720758693361433,0.8527924130663856,0.0,0.0,0.0
tip_middle_root_1_2_2,88,舌中,228462,160.7313232421875,5.9053215980529785,126.52204132080078,10.96865463256836,135.62933349609375,11.022177696228027,171.20571899414062,11.0798921585083,54.492279052734375,12.980842590332031,160.73135375976562,5.905390739440918,144.0541534423828,9.09514045715332,142.7142791748047,3.3284823894500732,128.1851348876953,1.6947295665740967,0.0,0.0,0.0,0.0,0.40704362213409667,0.5929563778659033,0.0,0.0,0.0,0.0,0.012212096541219108,0.4723280020309723,0.5151841444091358,0.00027575701867268954,0.0,0.0,0.0,0.0,0.0027356847090544596,0.19926727420752685,0.7918997470038781,0.00609729407954058,0.0,0.0,0.0039525172676418835,0.0,0.0,0.0,0.0,0.0,0.000161952534776024,0.9958855301975821,0.006014129264385324,0.7864590172545106,0.1969736761474556,0.010535668951510535,1.7508382137948542e-05,0.0,0.0,0.0,0.0,0.0,0.0,0.0,0.40704362213409667,0.5929563778659033,0.0,0.0,0.0,0.0,0.0,0.04954872145039438,0.9262678257215642,0.024183452828041425,0.0,0.0,0.0,0.0,0.0,0.0,0.9999255893759137,7.441062408628131e-05,0.0,0.0,0.0,0.0,0.0,0.33983769729758123,0.6601623027024188,0.0,0.0,0.0
tip_middle_root_1_2_2,88,舌左邊,91916,146.4973602294922,11.927123069763184,107.73883819580078,15.848715782165527,117.64128112792969,16.89777946472168,172.0191650390625,5.187636375427246,68.36094665527344,14.362704277038574,146.4973602294922,11.927123069763184,126.56458282470703,14.727556228637695,145.07763671875,2.7424397468566895,128.63682556152344,1.8303285837173462,0.0,0.0,0.0,0.08346751381696331,0.7970538317594326,0.11947865442360416,0.0,0.0,0.0,0.001207624352669829,0.20821184559815484,0.674202532747291,0.11637799730188433,0.0,0.0,0.0,0.0,0.00020671047478132206,0.11007876757039035,0.6049436441968754,0.2835088559119196,0.0012620218460333349,0.0,0.0,0.0007289264110709779,0.0,0.0,0.0,0.0,0.0,0.0,0.999271073588929,0.0005657339309804604,0.362602811262457,0.5986770529613995,0.03798032986639976,0.0001740719787632186,0.0,0.0,0.0,0.0,0.0,0.0,0.08346751381696331,0.7970538317594326,0.11947865442360416,0.0,0.0,0.0,0.0,0.029342007920275033,0.48601984420557903,0.4804169023891379,0.00422124548500805,0.0,0.0,0.0,0.0,0.0,0.0,1.0,0.0,0.0,0.0,0.0,0.0,0.0,0.2555485443230776,0.7444514556769224,0.0,0.0,0.0
tip_middle_root_1_2_2,88,舌右邊,97180,138.13499450683594,14.489026069641113,101.54181671142578,17.00950813293457,109.44364929199219,19.48002815246582,162.52621459960938,40.990047454833984,68.7500991821289,14.981228828430176,138.13499450683594,14.489026069641113,119.53156280517578,16.535655975341797,144.06341552734375,2.8643388748168945,129.4454803466797,2.4908108711242676,0.0,0.0,0.0020065857172257666,0.2523358715785141,0.7043939082115661,0.04126363449269397,0.0,0.0,0.0,0.01026960279892982,0.3707038485285038,0.5506585717225767,0.06836797694998971,0.0,0.0,0.0,0.0,0.003766207038485285,0.2804177814365096,0.5295431158674624,0.184821979831241,0.0014509158263017082,0.0,0.0,0.060331343897921386,0.0,0.0,0.0,0.0,0.0,2.0580366330520683e-05,0.939648075735748,0.0017390409549289977,0.36073266104136653,0.6007203128215682,0.03650956987034369,0.0002984153117925499,0.0,0.0,0.0,0.0,0.0,0.0020065857172257666,0.2523358715785141,0.7043939082115661,0.04126363449269397,0.0,0.0,0.0,0.0,0.0687075529944433,0.5888351512656925,0.340039102696028,0.0024181930438361803,0.0,0.0,0.0,0.0,0.0,0.0,1.0,0.0,0.0,0.0,0.0,0.0,0.0,0.22282362626054744,0.7771763737394526,0.0,0.0,0.0
tip_middle_root_1_2_2,88,舌根,389418,129.5790252685547,27.93747329711914,104.2689208984375,26.533462524414062,108.08125305175781,26.67040252685547,130.4057159423828,74.6170425415039,52.7844123840332,15.132360458374023,129.57916259765625,27.937471389770508,118.43019104003906,28.334850311279297,138.78553771972656,3.4143011569976807,129.72238159179688,2.0107696056365967,0.002051779835549461,0.0505549306914421,0.07190730782860577,0.1761449136917143,0.6844265031405842,0.014914564812104217,0.0,0.0,0.016234483254497736,0.08332691349655126,0.1790492478519226,0.5422759091772851,0.179103174480892,1.0271738851311444e-05,0.0,0.0,0.013304469747161148,0.07822185928744947,0.14080499617377729,0.5260157465756591,0.24164522441181455,7.703804138483583e-06,0.0,0.0,0.25346799582967405,0.0,0.0,0.0,0.0,0.0,0.0003826222722113513,0.7461493818981146,0.03727870822612206,0.7286257954177773,0.22732385251837356,0.006769075903014242,2.567934712827861e-06,0.0,0.0,0.0,0.002051779835549461,0.0505549306914421,0.07190730782860577,0.17614234575700147,0.6844290710752969,0.014914564812104217,0.0,0.0,0.010448926346496567,0.06372329989882337,0.09149551381805669,0.36227652548161615,0.47124940295517925,0.0008063314998279484,0.0,0.0,0.0,0.0,0.0,0.0,1.0,0.0,0.0,0.0,0.0,0.0,0.0,0.13360193930429512,0.8663980606957049,0.0,0.0,0.0
tip_middle_root_1_2_2,89,舌尖,58702,164.3782501220703,13.826537132263184,98.16549682617188,17.926469802856445,103.47250366210938,16.380889892578125,168.7527618408203,38.37627029418945,103.62139129638672,19.5352783203125,164.3782501220703,13.826537132263184,125.4482650756836,15.502881050109863,155.45912170410156,5.051935195922852,136.7023162841797,2.2281265258789062,0.0,0.0,0.0,0.0211917822220708,0.2610473237709107,0.7177608940070185,0.0,0.0,0.0,0.02429218765970495,0.37951006780007496,0.5545126230792818,0.0416851214609383,0.0,0.0,0.0,0.0,0.00441211543047937,0.29884842083745017,0.6330448707028722,0.06369459302919832,0.0,0.0,0.0,0.049504275833872784,0.0,0.0,0.0,0.0,0.0,0.0,0.9504957241661273,0.0,0.00974413137542162,0.35491124663554907,0.5068651834690471,0.12771285475792987,0.0007665837620524003,0.0,0.0,0.0,0.0,0.0,0.0211917822220708,0.2610473237709107,0.7177608940070185,0.0,0.0,0.0,0.0,0.040271200299819426,0.437497870600661,0.5200844945657729,0.002146434533746721,0.0,0.0,0.0,0.0,0.0,0.0,0.7734319103267351,0.22656808967326497,0.0,0.0,0.0,0.0,0.0,0.0,1.0,0.0,0.0,0.0
tip_middle_root_1_2_2,89,舌中,150727,167.28944396972656,8.581032752990723,119.20816040039062,14.728719711303711,124.56109619140625,13.271222114562988,171.150390625,30.637359619140625,73.98825073242188,15.352879524230957,167.28944396972656,8.581032752990723,140.39627075195312,12.389212608337402,147.63812255859375,3.7663345336914062,132.5730438232422,1.2340995073318481,0.0,0.0,0.0,4.6441579809854905e-05,0.15514804912192243,0.8448055092982677,0.0,0.0,0.0,0.0009686386646055451,0.08743622575915397,0.6025463254758603,0.30904881010038016,0.0,0.0,0.0,0.0,0.0005971060261267059,0.04697897523336894,0.45183676448147975,0.5005871542590246,0.0,0.0,0.0,0.03127508674623657,0.0,0.0,0.0,0.0,0.0,0.0,0.9687249132537634,0.0,0.25467898916584286,0.6429903069788425,0.09671790720972354,0.005599527622788219,1.3269022802815686e-05,0.0,0.0,0.0,0.0,0.0,4.6441579809854905e-05,0.15514804912192243,0.8448055092982677,0.0,0.0,0.0,0.0,0.0015790137135350667,0.134660677914375,0.8510817570839996,0.012678551288090388,0.0,0.0,0.0,0.0,0.0,0.0,0.9939891326703245,0.006010867329675506,0.0,0.0,0.0,0.0,0.0,0.0,1.0,0.0,0.0,0.0
tip_middle_root_1_2_2,89,舌左邊,50171,142.6770477294922,16.13726043701172,96.53833770751953,18.934589385986328,99.7922134399414,18.60951042175293,155.9207763671875,58.07191848754883,84.17131042480469,17.572921752929688,142.6770477294922,16.13726043701172,116.95716857910156,18.07023048400879,147.30636596679688,3.2432425022125244,133.8917694091797,1.5758785009384155,0.0,0.0,0.0,0.2224990532379263,0.6075023419903929,0.16999860477168086,0.0,0.0,0.0,0.0494708098303801,0.3814554224552032,0.5486835024217177,0.02039026529269897,0.0,0.0,0.0,0.0,0.02925993103585737,0.36425425046341514,0.5716051105220147,0.0348807079787128,0.0,0.0,0.0,0.12274022841880768,0.0,0.0,0.0,0.0,0.0,0.0,0.8772597715811923,0.0,0.0737876462498256,0.6835024217177254,0.22778098901755994,0.01492894301488908,0.0,0.0,0.0,0.0,0.0,0.0,0.2224990532379263,0.6075023419903929,0.16999860477168086,0.0,0.0,0.0,0.0,0.16694903430268482,0.48657591038647824,0.34643519164457554,3.986366626138606e-05,0.0,0.0,0.0,0.0,0.0,0.0,0.9999601363337386,3.986366626138606e-05,0.0,0.0,0.0,0.0,0.0,0.0,1.0,0.0,0.0,0.0
tip_middle_root_1_2_2,89,舌右邊,26804,149.152099609375,11.3453369140625,87.6837387084961,18.930583953857422,90.96500396728516,19.528522491455078,137.20974731445312,74.24314880371094,107.42986297607422,22.13310432434082,149.152099609375,11.3453369140625,113.30879974365234,16.157363891601562,153.83432006835938,4.47214937210083,137.31927490234375,3.2083983421325684,0.0,0.0,0.0,0.021937024324727654,0.7764512759289658,0.20161169974630652,0.0,0.0,0.0,0.11308013729294135,0.5150723772571258,0.36244590359647816,0.009401581853454709,0.0,0.0,0.0,0.0,0.0880465602148933,0.4454559021041636,0.45280555141023726,0.013691986270705865,0.0,0.0,0.0,0.22910759588121177,0.0,0.0,0.0,0.0,0.0,0.0,0.7708924041187882,0.0,0.013953141322190717,0.2959259811968363,0.49425458886733326,0.19034472466796,0.005521563945679749,0.0,0.0,0.0,0.0,0.0,0.021937024324727654,0.7764512759289658,0.20161169974630652,0.0,0.0,0.0,0.0,0.17098194299358305,0.6121474406804954,0.21679600059692583,7.461572899567229e-05,0.0,0.0,0.0,0.0,0.0,0.0,0.9213550216385614,0.07864497836143859,0.0,0.0,0.0,0.0,0.0,0.0,1.0,0.0,0.0,0.0
tip_middle_root_1_2_2,89,舌根,253551,139.05007934570312,30.11147117614746,101.24542999267578,28.850160598754883,100.22215270996094,28.682758331298828,65.02383422851562,84.0930404663086,76.36066436767578,21.136783599853516,139.05007934570312,30.11147117614746,118.54735565185547,30.11378288269043,143.153076171875,4.355872631072998,134.6920928955078,1.4716851711273193,1.1831939136505081e-05,0.028534693217538088,0.08020477142665579,0.17592515904098188,0.4234887655737899,0.29183477880189784,0.0,0.0,0.02049686256413897,0.10492958024223924,0.24394303315703744,0.42850550776766805,0.20212501626891632,0.0,0.0,0.0,0.02160117688354611,0.11426892420065392,0.24136367042527934,0.4492902808507953,0.17347594763972535,0.0,0.0,0.0,0.6449156185540582,0.0,0.0,0.0,0.0,0.0,0.0,0.35508438144594184,0.0,0.3425583018800951,0.46566568461571833,0.16486229594834964,0.02648776774692271,0.00041411786977767787,1.1831939136505081e-05,0.0,1.1831939136505081e-05,0.028534693217538088,0.08020477142665579,0.17592515904098188,0.4234887655737899,0.29183477880189784,0.0,0.0,0.010573809608323374,0.05668287642328368,0.13479339462277806,0.31637027659129724,0.47431877610421574,0.007260866650101952,0.0,0.0,0.0,0.0,0.0,0.0,0.9992782517126731,0.0007217482873268099,0.0,0.0,0.0,0.0,0.0,0.0,1.0,0.0,0.0,0.0
tip_middle_root_1_2_2,9,舌尖,129485,158.3123779296875,6.847023010253906,105.7084732055664,12.783662796020508,119.6669692993164,13.376166343688965,171.85366821289062,2.181168794631958,85.16313171386719,14.890437126159668,158.3123779296875,6.847023010253906,129.1192626953125,10.665470123291016,151.1381072998047,3.3610241413116455,128.99049377441406,2.2661099433898926,0.0,0.0,0.0,7.722902266671815e-06,0.5684210526315789,0.4314476580298876,0.00012356643626674905,0.0,0.0,0.0,0.22103718577441403,0.733876510792756,0.045032243116963355,5.406031586670271e-05,0.0,0.0,0.0,0.0,0.03188014055682125,0.6833610070664555,0.2831679345097888,0.001590917866934394,0.0,0.0,0.0,0.0,0.0,0.0,0.0,0.0,0.0,1.0,0.0,0.06980731358844654,0.6738309456693825,0.2545545816117697,0.0018071591304012048,0.0,0.0,0.0,0.0,0.0,0.0,7.722902266671815e-06,0.5684210526315789,0.4314476580298876,0.00012356643626674905,0.0,0.0,0.0,7.722902266671815e-05,0.45080897401243386,0.5462486002239642,0.0028651967409352433,0.0,0.0,0.0,0.0,0.0,0.0,0.9932579063211955,0.006742093678804495,0.0,0.0,0.0,0.0,0.0,0.2522840483453682,0.7477159516546318,0.0,0.0,0.0
tip_middle_root_1_2_2,9,舌中,243904,159.78643798828125,7.31696891784668,120.91059112548828,11.216779708862305,137.66111755371094,11.036361694335938,166.89556884765625,2.7590231895446777,62.350399017333984,11.200651168823242,159.7866668701172,7.317584037780762,140.41444396972656,9.713037490844727,145.90586853027344,2.8400633335113525,124.90548706054688,1.8335700035095215,0.0,0.0,0.0,0.0002910981369719234,0.4783275387037523,0.5203522697454737,0.0010290934138021516,0.0,0.0,0.0,0.010545132511151929,0.7331614077669902,0.2526731828916295,0.0035710771451062714,4.919968512201522e-05,0.0,0.0,0.0,0.001127492784046182,0.1566968971398583,0.8176741668853319,0.024144745473628968,0.0003566977171346103,0.0,0.0,0.0,0.0,0.0,0.0,0.0,0.0032348792967725006,0.9967651207032275,0.004054874048806088,0.529491111256888,0.46306743636840725,0.003386578325898714,0.0,0.0,0.0,0.0,0.0,0.0,0.0,0.0002910981369719234,0.4783275387037523,0.5203481697717135,0.0010331933875623197,0.0,0.0,0.0,0.00010249934400419837,0.07931809236420886,0.8926872868013644,0.027625623196011546,0.0002664982944109158,0.0,0.0,0.0,0.0,0.0,1.0,0.0,0.0,0.0,0.0,0.0,0.0,0.9209115061663605,0.07908849383363946,0.0,0.0,0.0
tip_middle_root_1_2_2,9,舌左邊,99185,152.9988250732422,10.028417587280273,107.2374267578125,14.597200393676758,122.15557098388672,15.957632064819336,169.97377014160156,2.5446293354034424,76.975341796875,14.21982192993164,152.9988250732422,10.028417587280273,128.61502075195312,13.147732734680176,148.62440490722656,2.8025243282318115,127.1804428100586,2.1443958282470703,0.0,0.0,0.0,0.004436154660482936,0.7274487069617381,0.2676311942329989,0.0004839441447799567,0.0,0.0,5.041084841457882e-05,0.23114382215052678,0.6826334627211776,0.0856379492866865,0.0005343549931945354,0.0,0.0,0.0,0.0,0.03968341987195644,0.5690275747340827,0.3851993749054797,0.0060493018097494584,4.0328678731663054e-05,0.0,0.0,0.0,0.0,0.0,0.0,0.0,0.00024197207238997834,0.99975802792761,5.041084841457882e-05,0.18565307254121086,0.7113978928265363,0.10287845944447245,2.0164339365831527e-05,0.0,0.0,0.0,0.0,0.0,0.0,0.004436154660482936,0.7274487069617381,0.2676311942329989,0.0004839441447799567,0.0,0.0,0.0,0.001663557997681101,0.4749508494227958,0.5157029792811413,0.007652366789333064,3.0246509048747292e-05,0.0,0.0,0.0,0.0,0.0,1.0,0.0,0.0,0.0,0.0,0.0,0.0,0.5710137621616171,0.4289862378383828,0.0,0.0,0.0
tip_middle_root_1_2_2,9,舌右邊,96878,145.27015686035156,9.264866828918457,98.78742218017578,12.164656639099121,109.39690399169922,13.62062931060791,170.48419189453125,20.282546997070312,82.06790161132812,13.732497215270996,145.27015686035156,9.264866828918457,119.9570083618164,11.047423362731934,148.44606018066406,3.155169725418091,129.71417236328125,2.162302017211914,0.0,0.0,0.0,0.028768141373686492,0.9084828340799769,0.06263547967546812,0.00011354487086851503,0.0,0.0,0.0007328805301513243,0.43242015731125744,0.5510022915419394,0.015741448006771405,0.00010322260988046821,0.0,0.0,0.0,0.00012386713185656185,0.136904147484465,0.7577468568715291,0.1047399822457111,0.0004438572224860133,4.1289043952187285e-05,0.0,0.014368587295361175,0.0,0.0,0.0,0.0,0.0,0.0,0.9856314127046388,0.0,0.09890790478746464,0.7440801833233551,0.15615516422717232,0.0008567476620078862,0.0,0.0,0.0,0.0,0.0,0.0,0.028768141373686492,0.9084828340799769,0.06263547967546812,0.00011354487086851503,0.0,0.0,0.0,0.009878403765560808,0.7569417205144615,0.23228183901401764,0.000867069922995933,3.0966782964140464e-05,0.0,0.0,0.0,0.0,0.0,0.9990090629451475,0.0009909370548524948,0.0,0.0,0.0,0.0,0.0,0.1315881830756209,0.8684118169243791,0.0,0.0,0.0
tip_middle_root_1_2_2,9,舌根,410109,128.5022430419922,28.071821212768555,94.3404769897461,27.05316162109375,103.59825134277344,28.96965789794922,171.59034729003906,6.387549877166748,71.12808227539062,19.609682083129883,128.5022430419922,28.071821212768555,111.0993423461914,28.736570358276367,143.5089874267578,2.75154972076416,128.32638549804688,1.91309654712677,0.0,0.035853882748244977,0.10620103435915818,0.22577412346473744,0.5471545369645631,0.08487011989495476,0.00014630256834158724,0.0,0.022413553469931166,0.12186028592398607,0.32495507291963843,0.44365034661516817,0.08620878839528028,0.0009119526759958938,0.0,0.0,0.013876798607199549,0.09817146173334407,0.20958086752546273,0.4658005554620845,0.20800323816351263,0.004550009875423363,1.7068632973185178e-05,0.0,0.0011192146478131424,0.0,0.0,0.0,0.0,0.0,0.00026822137529290994,0.9986125639768939,0.0012752707207108354,0.4083524136266212,0.4850466583274203,0.09594034756613486,0.007568719535538113,0.0007388279701250155,0.0008607467770763382,0.0002170154763733544,0.0,0.035853882748244977,0.10620103435915818,0.22577412346473744,0.5471545369645631,0.08487011989495476,0.00014630256834158724,0.0,0.008475795459255954,0.07790124088961715,0.15573420724734155,0.44212879990441567,0.30768649310305307,0.008053956387204377,1.950700911221163e-05,0.0,0.0,0.0,0.0,0.0,1.0,0.0,0.0,0.0,0.0,0.0,0.0,0.35038977442582336,0.6496102255741766,0.0,0.0,0.0
tip_middle_root_1_2_2,90,舌尖,85099,149.3613739013672,9.82613754272461,87.77527618408203,12.557208061218262,97.47823333740234,13.306644439697266,170.3689422607422,27.518918991088867,105.89793395996094,16.643892288208008,149.3613739013672,9.82613754272461,113.80574035644531,10.770065307617188,154.61709594726562,4.163276195526123,133.53062438964844,2.915168285369873,0.0,0.0,0.0,0.023396279627257665,0.8461791560417866,0.13022479700113984,0.00019976732981586153,0.0,0.0,0.025346948847812547,0.7039330661934923,0.2695331319992009,0.0011868529594942362,0.0,0.0,0.0,0.0,0.008072950328440992,0.42736107357313247,0.5551416585388782,0.009424317559548291,0.0,0.0,0.0,0.02674532015652358,0.0,0.0,0.0,0.0,0.0,0.0,0.9732546798434765,0.0,0.00018801631041492849,0.3047744391825991,0.5840374152457726,0.1102128109613509,0.000787318299862513,0.0,0.0,0.0,0.0,0.0,0.023396279627257665,0.8461791560417866,0.13022479700113984,0.00019976732981586153,0.0,0.0,0.0,0.04231542086275984,0.8530300003525306,0.10440780737728998,0.0002467714074195936,0.0,0.0,0.0,0.0,0.0,0.0,0.8772606023572544,0.12273939764274551,0.0,0.0,0.0,0.0,0.0,2.350203880186606e-05,0.9999764979611981,0.0,0.0,0.0
tip_middle_root_1_2_2,90,舌中,182784,159.2113800048828,9.696605682373047,112.00630187988281,13.83326244354248,120.1751937866211,13.134754180908203,170.71104431152344,25.75123405456543,76.17914581298828,15.143994331359863,159.2113800048828,9.696605682373047,133.23062133789062,12.001173973083496,147.9600372314453,3.905294418334961,131.06698608398438,1.8385964632034302,0.0,0.0,0.0,0.008862920168067227,0.48761379551820727,0.5034302783613446,9.300595238095238e-05,0.0,0.0,0.0025658700980392157,0.10831910889355742,0.7589066876750701,0.13018644957983194,2.188375350140056e-05,0.0,0.0,0.0,0.0011215423669467786,0.03797378326330532,0.6605228028711485,0.300343574929972,3.829656862745098e-05,0.0,0.0,0.022868522408963584,0.0,0.0,0.0,0.0,0.0,0.0,0.9771314775910365,0.0,0.23159576330532214,0.6702610731792717,0.09403995973389356,0.004086790966386555,1.641281512605042e-05,0.0,0.0,0.0,0.0,0.0,0.008862920168067227,0.48761379551820727,0.5034302783613446,9.300595238095238e-05,0.0,0.0,2.188375350140056e-05,0.006275166316526611,0.28855917366946776,0.6983926383053222,0.006751137955182073,0.0,0.0,0.0,0.0,0.0,0.0,0.9945947128851541,0.005405287114845938,0.0,0.0,0.0,0.0,0.0,0.0009464723389355742,0.9990535276610645,0.0,0.0,0.0
tip_middle_root_1_2_2,90,舌左邊,52566,160.02877807617188,10.5506010055542,110.01502990722656,15.765995025634766,117.30127716064453,15.231366157531738,173.68930053710938,17.990861892700195,80.42948150634766,15.864263534545898,160.02877807617188,10.5506010055542,132.0093536376953,13.72615909576416,149.0001678466797,3.729090929031372,132.09713745117188,1.763647437095642,0.0,0.0,0.0,0.0005897348095727276,0.4621047825590686,0.5371342692995472,0.00017121333181143705,0.0,0.0,0.00047559258836510294,0.19160674200053265,0.656032416390823,0.15188524902027928,0.0,0.0,0.0,0.0,3.804740706920823e-05,0.08427500665829624,0.6324810714149831,0.28312977970551306,7.609481413841647e-05,0.0,0.0,0.010634250275843702,0.0,0.0,0.0,0.0,0.0,0.0,0.9893657497241563,0.0,0.15312178975002855,0.6735151999391241,0.1700528858958262,0.0033101244150211162,0.0,0.0,0.0,0.0,0.0,0.0,0.0005897348095727276,0.4621047825590686,0.5371342692995472,0.00017121333181143705,0.0,0.0,0.0,0.0008941140661263935,0.3834417684434806,0.6028040939010006,0.012860023589392382,0.0,0.0,0.0,0.0,0.0,0.0,0.9948065289350531,0.0051934710649469236,0.0,0.0,0.0,0.0,0.0,0.0,1.0,0.0,0.0,0.0
tip_middle_root_1_2_2,90,舌右邊,63266,161.61468505859375,10.27692699432373,111.45178985595703,15.432377815246582,119.32837677001953,15.300540924072266,174.14979553222656,13.405501365661621,79.85195922851562,15.343154907226562,161.61468505859375,10.27692699432373,133.5267791748047,13.431349754333496,149.10604858398438,3.46083664894104,131.811767578125,1.9318407773971558,0.0,0.0,0.0,0.00023709417380583567,0.4352574842727531,0.5606012708247716,0.0039041507286694276,0.0,0.0,0.0010906331995068441,0.15339993045237568,0.6941959346252331,0.15104479499257104,0.00026870673031328046,0.0,0.0,0.0,7.90313912686119e-05,0.06433155249265007,0.6195270761546486,0.3142288116840009,0.001833528277431796,0.0,0.0,0.005864129232131003,0.0,0.0,0.0,0.0,0.0,0.0,0.994135870767869,0.0,0.1307495337147915,0.7225682040906648,0.13854202889387665,0.008124427022413302,1.5806278253722378e-05,0.0,0.0,0.0,0.0,0.0,0.00023709417380583567,0.4352574842727531,0.5606012708247716,0.0039041507286694276,0.0,0.0,0.0,0.0013593399298201245,0.3319950684411848,0.6434261688742768,0.023219422754718173,0.0,0.0,0.0,0.0,0.0,0.0,0.9895362437960358,0.010463756203964215,0.0,0.0,0.0,0.0,0.0,0.00023709417380583567,0.9997629058261942,0.0,0.0,0.0
tip_middle_root_1_2_2,90,舌根,339575,160.1290283203125,12.711026191711426,126.40875244140625,16.245098114013672,127.15376281738281,15.686786651611328,98.75725555419922,86.80915832519531,56.37541580200195,12.981488227844238,160.1290283203125,12.711026191711426,143.19775390625,14.921181678771973,141.17950439453125,3.2497172355651855,132.58375549316406,1.8379716873168945,0.0,0.0,2.0614002797614665e-05,0.02233674445998675,0.39039092983876905,0.5871074136788633,0.00014429801958330265,0.0,0.0,0.0026857100787749393,0.0526923360082456,0.3932916145181477,0.5508797761908267,0.00045056320400500626,0.0,0.0,0.0,0.0022469263049399984,0.047848045350806154,0.37038356769491276,0.57932121033645,0.00020025031289111389,0.0,0.0,0.44869027460796584,0.0,0.0,0.0,0.0,0.0,0.0,0.5513097253920342,0.0,0.7922491349480969,0.18817639696679672,0.01928292718839726,0.0002915408967091217,0.0,0.0,0.0,0.0,0.0,2.0614002797614665e-05,0.02233674445998675,0.39039092983876905,0.5871074136788633,0.00014429801958330265,0.0,0.0,1.1779430170065523e-05,0.008752116616358684,0.1265464183170139,0.7698181550467497,0.09487153058970772,0.0,0.0,0.0,0.0,0.0,0.0,0.9999764411396599,2.3558860340131047e-05,0.0,0.0,0.0,0.0,0.0,2.944857542516381e-06,0.9999970551424575,0.0,0.0,0.0
tip_middle_root_1_2_2,91,舌尖,93686,143.62294006347656,11.354806900024414,111.46908569335938,13.397867202758789,124.4731674194336,13.43358039855957,166.8002471923828,12.181743621826172,57.670013427734375,10.255013465881348,143.6230010986328,11.35483455657959,128.72242736816406,12.787942886352539,142.93258666992188,1.9757031202316284,125.7882308959961,1.8355134725570679,0.0,0.0,0.0,0.09845654633563179,0.8378092778003117,0.06371282795721879,2.134790683773456e-05,0.0,0.0,6.404372051320368e-05,0.11826740388104946,0.7610315308583994,0.12058365177294367,5.33697670943364e-05,0.0,0.0,0.0,0.0,0.026482078432209722,0.5355976346519223,0.4371517622697095,0.0007685246461584442,0.0,0.0,0.005048779967124223,0.0,0.0,0.0,0.0,0.0,0.0035971223021582736,0.9913540977307175,0.0008966120871848515,0.736684243109963,0.2612129880665201,0.0012061567363320026,0.0,0.0,0.0,0.0,0.0,0.0,0.0,0.09845654633563179,0.8377986038468929,0.06372350191063766,2.134790683773456e-05,0.0,0.0,0.0,0.0051555195013128965,0.4446021817560788,0.5480754861985783,0.0021668125440300577,0.0,0.0,0.0,0.0,0.0,0.0,1.0,0.0,0.0,0.0,0.0,0.0,0.0,0.8637149627479026,0.13628503725209742,0.0,0.0,0.0
tip_middle_root_1_2_2,91,舌中,164656,149.73475646972656,12.288311004638672,123.72077178955078,14.596223831176758,125.9648208618164,17.784385681152344,110.61890411376953,80.4267578125,49.01727294921875,13.883121490478516,149.73475646972656,12.288311004638672,138.64443969726562,14.04280948638916,138.49085998535156,2.756632089614868,130.60166931152344,4.219078540802002,0.0,0.0,0.0012510931882227189,0.057799290642308813,0.7427849577300554,0.1981282188319891,3.6439607423962686e-05,0.0,0.0,0.002295695267709649,0.04388543387425906,0.4920926051890001,0.46158658050723933,0.00013968516179185697,0.0,0.0,0.0,0.0029516082013409774,0.06882834515596152,0.3704511223399087,0.5551270527645515,0.0026418715382372946,0.0,0.0,0.3685866290933826,0.0,0.0,0.0,0.0,0.0,0.00024293071615975125,0.6311704401904576,0.03534034593333981,0.8323413662423477,0.12180546108249928,0.010433874259061315,7.895248275191915e-05,0.0,0.0,0.0,0.0,0.0,0.0012510931882227189,0.057799290642308813,0.7427849577300554,0.1981282188319891,3.6439607423962686e-05,0.0,0.0,0.00012146535807987562,0.01330045670974638,0.16569089495675834,0.8051149062287436,0.015772276746671848,0.0,0.0,0.0,0.0,0.0,0.0,1.0,0.0,0.0,0.0,0.0,0.0,0.0,0.2534374696336605,0.7465625303663396,0.0,0.0,0.0
tip_middle_root_1_2_2,91,舌左邊,68244,139.0154266357422,10.532774925231934,110.11489868164062,12.571438789367676,120.01812744140625,13.56773853302002,161.4036102294922,34.898677825927734,53.8287467956543,10.462282180786133,139.0154266357422,10.532774925231934,126.30774688720703,12.061962127685547,141.14981079101562,2.491896152496338,126.93350219726562,2.3031625747680664,0.0,0.0,0.0,0.14728034699021159,0.8391213879608463,0.013598265048942031,0.0,0.0,0.0,0.0,0.12324893030889163,0.7785592872633491,0.09803059609636013,0.00016118633139909736,0.0,0.0,0.0,0.0,0.05623937635543051,0.6452435378934411,0.29784303381982297,0.0006740519313053162,0.0,0.0,0.04652423656292128,0.0,0.0,0.0,0.0,0.0,0.0,0.9534757634370787,0.015092901940097297,0.8237500732665143,0.16105445167340718,0.00010257311998124377,0.0,0.0,0.0,0.0,0.0,0.0,0.0,0.14728034699021159,0.8391213879608463,0.013598265048942031,0.0,0.0,0.0,0.0,0.00237383506242307,0.5384063067815485,0.4566848367622062,0.0025350213938221673,0.0,0.0,0.0,0.0,0.0,0.0,1.0,0.0,0.0,0.0,0.0,0.0,0.0,0.7111247875271086,0.2888752124728914,0.0,0.0,0.0
tip_middle_root_1_2_2,91,舌右邊,64928,147.5786895751953,9.595053672790527,116.88142395019531,14.239230155944824,127.09170532226562,14.455733299255371,167.71055603027344,18.83548355102539,53.737586975097656,13.447931289672852,147.5786895751953,9.595053672790527,133.5981903076172,12.935072898864746,141.79693603515625,2.8387856483459473,127.07926940917969,1.851942539215088,0.0,0.0,0.0,0.032682355840315425,0.8743685312962051,0.09294911286347955,0.0,0.0,0.0,0.0018173977328733366,0.058926811237062594,0.7112339822572696,0.22789859536717594,0.0001232134056185313,0.0,0.0,0.0,0.0003080335140463282,0.029201577131591917,0.45454965500246425,0.5112586249383932,0.0046821094135041895,0.0,0.0,0.012228930507639232,0.0,0.0,0.0,0.0,0.0,9.241005421389847e-05,0.9876786594381469,0.027846229669788072,0.7551441596845737,0.20969381468703796,0.007315795958600295,0.0,0.0,0.0,0.0,0.0,0.0,0.0,0.032682355840315425,0.8743685312962051,0.09294911286347955,0.0,0.0,0.0,0.0,0.013168432725480532,0.26036532774765897,0.7128049531789059,0.013661286347954658,0.0,0.0,0.0,0.0,0.0,0.0,1.0,0.0,0.0,0.0,0.0,0.0,0.0,0.6397856086742237,0.36021439132577626,0.0,0.0,0.0
tip_middle_root_1_2_2,91,舌根,277852,118.26949310302734,28.56838035583496,96.07976531982422,26.169313430786133,92.81098937988281,29.61051368713379,74.79116821289062,79.62793731689453,64.57192993164062,21.59170913696289,118.27239227294922,28.55900001525879,108.65031433105469,28.584177017211914,136.49008178710938,3.036756992340088,133.35855102539062,5.647475719451904,0.004232469084260685,0.057177922059225776,0.14407310366670026,0.3220203561608338,0.46656133481133844,0.005934814217641047,0.0,0.0,0.009954940040021306,0.13266055310021163,0.25896880353569524,0.5164260109698688,0.08198969235420296,0.0,0.0,0.0,0.0163972186631732,0.1946395923009372,0.23670515238328318,0.46889351165368615,0.08335012884557247,1.4396153347825461e-05,0.0,0.0,0.5957200236096915,0.0,0.0,0.0,0.0,0.0004030922937391129,0.005823244029195399,0.398053640067374,0.006370297856412767,0.5930891265853764,0.28614154297971583,0.10744209147315838,0.0068885593769344835,6.838172840217094e-05,0.0,0.0,0.0041820825475432965,0.05722470955760621,0.14407670270503722,0.3220203561608338,0.46656133481133844,0.005934814217641047,0.0,0.0,0.0063379065113801595,0.09367217079596332,0.17536674200653585,0.4211954565740034,0.30299943855001943,0.00042828556209780746,0.0,0.0,0.0,0.0,0.0,0.0,1.0,0.0,0.0,0.0,0.0,0.0,0.0,0.19608640571239364,0.8039135942876063,0.0,0.0,0.0
tip_middle_root_1_2_2,92,舌尖,71149,138.6542510986328,10.89905071258545,84.10729217529297,9.70821475982666,98.92855834960938,9.918505668640137,171.25701904296875,7.340179443359375,100.16281127929688,14.349010467529297,138.65428161621094,10.898941040039062,108.12330627441406,9.21121883392334,152.731201171875,3.7361881732940674,129.2050323486328,2.718677282333374,0.0,0.0,0.0,0.1447806715484406,0.8379597745576185,0.016121097977483873,0.0011384559164570127,0.0,0.0,0.009163867376913238,0.9010386653361256,0.08425979282913323,0.004694373778970892,0.0008433006788570465,0.0,0.0,0.0,0.00011244009051427286,0.3615511110486444,0.627485980126214,0.008559501890399022,0.0022769118329140255,1.4055011314284108e-05,0.0,0.0016303813124569565,0.0,0.0,0.0,0.0,0.0,0.001953646572685491,0.9964159721148576,0.0,0.017048728724226622,0.30118483745379415,0.6740783426330659,0.007688091188913407,0.0,0.0,0.0,0.0,0.0,0.0,0.1447806715484406,0.8379597745576185,0.016121097977483873,0.0011384559164570127,0.0,0.0,0.0,0.06122362928502158,0.9177079087548665,0.017976359470969375,0.003021827432571083,7.027505657142054e-05,0.0,0.0,0.0,0.0,0.0,0.990302042193144,0.009697957806856035,0.0,0.0,0.0,0.0,0.0,0.2847826392500246,0.7152173607499754,0.0,0.0,0.0
tip_middle_root_1_2_2,92,舌中,148780,128.3143768310547,11.463106155395508,98.86323547363281,13.392969131469727,115.26113891601562,13.182524681091309,162.70977783203125,4.00072717666626,59.11482620239258,13.352004051208496,128.3204803466797,11.468179702758789,115.51321411132812,12.886093139648438,142.79315185546875,2.6407408714294434,123.45845031738281,1.6021225452423096,0.0,0.0,0.0019088587175695659,0.4678451404758704,0.5268046780481247,0.003394273423847291,4.032800107541336e-05,6.7213335125688935e-06,0.0,0.0039050947708025273,0.40546444414571853,0.5705740018819734,0.019962360532329613,8.065600215082673e-05,1.3442667025137787e-05,0.0,0.0,8.737733566339561e-05,0.056176905498050815,0.7679526818120715,0.17465385132410272,0.0011022986960612985,2.6885334050275574e-05,0.0,0.0,0.0,0.0,0.0,0.0,0.0,0.12682484204866246,0.8731751579513376,0.009309046914907918,0.6308105928216158,0.35137787337007664,0.008495765559887082,6.7213335125688935e-06,0.0,0.0,0.0,0.0,0.0,0.0019088587175695659,0.467710713805619,0.5269122193843259,0.003421158757897567,4.032800107541336e-05,6.7213335125688935e-06,0.0,7.393466863825783e-05,0.055934937491598336,0.7705202312138728,0.1724963032665681,0.000947708025272214,2.6885334050275574e-05,0.0,0.0,0.0,0.0,0.0,1.0,0.0,0.0,0.0,0.0,0.0,0.0,0.9974190079311736,0.0025809920688264552,0.0,0.0,0.0
tip_middle_root_1_2_2,92,舌左邊,58183,134.01382446289062,13.596734046936035,100.04676818847656,14.350067138671875,112.11235046386719,15.088064193725586,169.097900390625,3.818575143814087,65.48037719726562,13.283463478088379,134.01947021484375,13.584207534790039,117.57808685302734,14.485011100769043,143.72952270507812,2.227842092514038,126.64183807373047,1.7228288650512695,0.00015468435797397865,0.003953044703779454,0.006427994431363113,0.22240173246480932,0.7594314490486912,0.007270164824776997,0.00032655586683395495,3.437430177199526e-05,0.003953044703779454,0.008731072650086795,0.3268136740972449,0.644672842582885,0.014935634119931939,0.0008249832425278862,6.874860354399051e-05,0.0,0.003660863138717495,0.0018390251448017463,0.10396507570939965,0.75312376467353,0.1355550590378633,0.0016499664850557723,0.00017187150885997627,3.437430177199526e-05,0.00010312290531598577,0.0,0.0,0.0,0.0,0.0,0.014471581046010002,0.985425296048674,0.002268703916951687,0.4561641716652631,0.5276455322001272,0.010088857570080607,0.001615592183283777,0.0016499664850557723,0.000464053073921936,0.00010312290531598577,0.00015468435797397865,0.003953044703779454,0.006324871526047127,0.2225048553701253,0.7594314490486912,0.007270164824776997,0.00032655586683395495,3.437430177199526e-05,0.0036780502896034926,0.0009624804496158671,0.04893181857243525,0.7236306137531582,0.22073457882886754,0.001856212295687744,0.00018905865974597392,1.718715088599763e-05,0.0,0.0,0.0,0.0,1.0,0.0,0.0,0.0,0.0,0.0,0.0,0.7087809153876562,0.2912190846123438,0.0,0.0,0.0
tip_middle_root_1_2_2,92,舌右邊,62387,134.84336853027344,11.484845161437988,95.65241241455078,12.594268798828125,111.31172943115234,14.380721092224121,164.95635986328125,21.416013717651367,74.8311996459961,14.152687072753906,134.84336853027344,11.484845161437988,115.0354232788086,12.489553451538086,146.52052307128906,2.6752829551696777,125.6065673828125,2.4342615604400635,0.0,0.0018593617260006092,0.005674259060381169,0.20047445781973808,0.7842819818231362,0.00762979466876112,8.014490198278487e-05,0.0,0.004920896981742992,0.005097215766105118,0.4784009489156395,0.5041915783736997,0.007357302002019651,3.205796079311395e-05,0.0,0.0,0.0034782887460528635,0.004904868001346434,0.07714748264862872,0.8119960889287833,0.10171990959655057,0.0007533620786381778,0.0,0.0,0.016445733886867455,0.0,0.0,0.0,0.0,0.0,0.003750781412794332,0.9798034847003382,1.6028980396556974e-05,0.15977687659287992,0.8018176863769696,0.031240482792889546,0.0028371295301905844,0.0028371295301905844,0.0010098257649830895,0.0004648404315001523,0.0,0.0018593617260006092,0.005674259060381169,0.20047445781973808,0.7842819818231362,0.00762979466876112,8.014490198278487e-05,0.0,0.0015708400788625836,0.005417795374036257,0.03173738118518281,0.8357670668568772,0.12467340952442015,0.0008335069806209627,0.0,0.0,0.0,0.0,0.0,0.0,1.0,0.0,0.0,0.0,0.0,0.0,0.0,0.8609325660794717,0.1390674339205283,0.0,0.0,0.0
tip_middle_root_1_2_2,92,舌根,251551,110.06623840332031,29.670516967773438,82.86564636230469,25.337587356567383,92.69857788085938,28.251943588256836,166.47579956054688,20.10201644897461,65.30425262451172,18.404863357543945,110.06661987304688,29.670921325683594,97.08271789550781,28.980379104614258,141.01055908203125,3.6600799560546875,126.80642700195312,2.0588955879211426,0.004889664521309794,0.1100691311105899,0.1308720696797071,0.41332373952001783,0.3400861057996192,0.0007592893687562363,0.0,0.0,0.0602700843964047,0.1541953719126539,0.4050828658999567,0.37608278241787946,0.004368895373105255,0.0,0.0,0.0,0.04785113157967967,0.1273856991226431,0.22663793823121356,0.555167739345103,0.04289388632921356,6.360539214711927e-05,0.0,0.0,0.013758641388823737,0.0,0.0,0.0,0.0,0.0,0.007358348804019861,0.9788830098071564,0.003347233761742152,0.4892009970145219,0.45599500697671647,0.047914736971826785,0.0017570989580641698,0.0003657310048459358,0.0006479799324987775,0.0007712153797838212,0.004889664521309794,0.1100691311105899,0.1308720696797071,0.41332373952001783,0.34008213046261,0.0007632647057654313,0.0,0.0,0.045072371010252396,0.11091985323055763,0.18257927815830588,0.5934661360916872,0.06788285476901304,7.950674018389908e-05,0.0,0.0,0.0,0.0,0.0,0.0,1.0,0.0,0.0,0.0,0.0,0.0,0.0,0.6317009274461243,0.36829907255387573,0.0,0.0,0.0
tip_middle_root_1_2_2,93,舌尖,55269,142.1668243408203,19.03449821472168,87.14241027832031,19.305553436279297,99.65555572509766,21.03843879699707,166.6055908203125,32.19070816040039,100.62451171875,19.29431915283203,142.1668243408203,19.03449821472168,111.00188446044922,19.279035568237305,152.49429321289062,4.0524420738220215,130.62725830078125,2.62088942527771,0.0,7.237330148908068e-05,0.021639617145235122,0.17718793537064176,0.6646221208996002,0.13595324684723806,0.0004885197850512946,3.618665074454034e-05,9.046662686135084e-05,0.14706254862581195,0.4941649025674429,0.3524760715771952,0.006133637301199588,7.237330148908068e-05,0.0,0.0,0.00010855995223362102,0.09008666702853317,0.2449836255405381,0.6059816533680725,0.05869474750764443,0.0001266532776058912,1.809332537227017e-05,0.0,0.03705513036240931,0.0,0.0,0.0,0.0,0.0,0.0,0.9629448696375907,0.0,0.010204635509960376,0.4228772006006984,0.46711538113589895,0.0995313828728582,0.0002533065552117824,1.809332537227017e-05,0.0,0.0,7.237330148908068e-05,0.021639617145235122,0.17718793537064176,0.6646221208996002,0.13595324684723806,0.0004885197850512946,3.618665074454034e-05,5.427997611681051e-05,0.003944344931154897,0.1838462791076372,0.6285078434565489,0.1830501727912573,0.0005608930865403753,3.618665074454034e-05,0.0,0.0,0.0,0.0,0.0,0.9566122057572961,0.043387794242703864,0.0,0.0,0.0,0.0,0.0,0.07070871555483182,0.9292912844451682,0.0,0.0,0.0
tip_middle_root_1_2_2,93,舌中,170496,155.38186645507812,12.012469291687012,108.1213607788086,18.869901657104492,120.78230285644531,17.501100540161133,171.53457641601562,8.841115951538086,78.76158905029297,20.17118263244629,155.38186645507812,12.012469291687012,129.77317810058594,16.36641502380371,148.8197784423828,4.478944778442383,128.7305908203125,1.82297682762146,0.0,0.0,5.86524024024024e-06,0.020757085210210212,0.6014979823573574,0.37640765765765766,0.0013314095345345345,0.0,0.0,0.019302505630630632,0.2172484984984985,0.6079028246996997,0.15507108671171171,0.0004750844594594595,0.0,0.0,0.0,0.003759618993993994,0.07634783220720721,0.5446168825075075,0.3713576858108108,0.003917980480480481,0.0,0.0,0.002557244744744745,0.0,0.0,0.0,0.0,0.0,0.0,0.9974427552552553,0.0,0.24834600225225226,0.5690280123873874,0.15854917417417416,0.023736627252252254,0.0003401839339339339,0.0,0.0,0.0,0.0,5.86524024024024e-06,0.020757085210210212,0.6014979823573574,0.37640765765765766,0.0013314095345345345,0.0,0.0,1.173048048048048e-05,0.03239372184684685,0.3941793355855856,0.5557491084834835,0.017660238363363362,5.86524024024024e-06,0.0,0.0,0.0,0.0,0.0,0.9871257976726727,0.012874202327327328,0.0,0.0,0.0,0.0,0.0,0.22832207207207209,0.7716779279279279,0.0,0.0,0.0
tip_middle_root_1_2_2,93,舌左邊,40367,134.04481506347656,14.173523902893066,78.4014663696289,16.576839447021484,93.56595611572266,16.91949462890625,171.77622985839844,1.46527898311615,107.19795989990234,18.177852630615234,134.04481506347656,14.173523902893066,102.63147735595703,15.812004089355469,153.4523468017578,3.2982635498046875,129.4017333984375,1.9330073595046997,0.0,0.0,0.01221294621844576,0.27747912899150295,0.6873436222657121,0.0217008942948448,0.001263408229494389,0.0,0.0,0.1915673693858845,0.6514231922114598,0.15111353333168182,0.0053756781529467135,0.0005202269180271013,0.0,0.0,0.0,0.030891569846656922,0.5231996432729705,0.42492630118661284,0.019025441573562563,0.001957044120197191,0.0,0.0,0.0,0.0,0.0,0.0,0.0,0.0,0.0,1.0,0.0,0.004731587683008398,0.28654594099140385,0.5700448386057919,0.13847945103673792,0.00019818168305794337,0.0,0.0,0.0,0.0,0.01221294621844576,0.27747912899150295,0.6873436222657121,0.0217008942948448,0.001263408229494389,0.0,0.0,0.00787772190155325,0.3311120469690589,0.6151063987910917,0.043154061485867166,0.0027002254316644786,4.954542076448584e-05,0.0,0.0,0.0,0.0,0.0,0.9517427601753908,0.04825723982460921,0.0,0.0,0.0,0.0,0.0,0.16439170609656403,0.8356082939034359,0.0,0.0,0.0
tip_middle_root_1_2_2,93,舌右邊,45943,127.51714324951172,17.289592742919922,68.14073944091797,16.73250961303711,79.41090393066406,19.61642074584961,170.18765258789062,26.20964241027832,120.5281982421875,17.46863555908203,127.51714324951172,17.289592742919922,93.09361267089844,17.26791000366211,154.79579162597656,3.173354148864746,132.8690185546875,2.8122034072875977,0.0,0.0,0.030429009860043967,0.4723897002807827,0.48209738153799275,0.015083908321180593,0.0,0.0,0.0027207626841956336,0.4356485209934049,0.4929151339703546,0.06851968743878284,0.00019589491326208562,0.0,0.0,0.0,0.0,0.2398406721372135,0.531680560694774,0.22040354352131988,0.008075223646692642,0.0,0.0,0.0,0.02339855908408245,0.0,0.0,0.0,0.0,0.0,0.0,0.9766014409159175,0.0,2.176610147356507e-05,0.09291948719064928,0.5381015606294757,0.3615349454759158,0.007422240602485689,0.0,0.0,0.0,0.0,0.030429009860043967,0.4723897002807827,0.48209738153799275,0.015083908321180593,0.0,0.0,0.0,0.026336982783013736,0.5333347844067649,0.413120605968265,0.027207626841956337,0.0,0.0,0.0,0.0,0.0,0.0,0.0,0.9151992686589905,0.08480073134100952,0.0,0.0,0.0,0.0,0.0,0.03989726400104477,0.9601027359989552,0.0,0.0,0.0
tip_middle_root_1_2_2,93,舌根,302099,138.75416564941406,20.883567810058594,99.4048843383789,24.82676124572754,107.50650787353516,23.659881591796875,160.94752502441406,44.559417724609375,75.07023620605469,24.806720733642578,138.75416564941406,20.883567810058594,118.15587615966797,23.775606155395508,145.28514099121094,5.349630832672119,129.8963165283203,2.4771130084991455,0.0,0.0019000393910605464,0.056302735196078105,0.16437988871197853,0.6575725176183966,0.11982495804355525,1.9861038930946478e-05,0.0,0.0009963621197024816,0.08546205051986269,0.3293191966871787,0.4474162443437416,0.13656781386234315,0.00023833246717135773,0.0,0.0,0.00024826298663683095,0.05647486420014631,0.2137842230527079,0.5238613831889546,0.20475407068543755,0.0008771958861168028,0.0,0.0,0.0733269557330544,0.0,0.0,0.0,0.0,0.0,6.951363625831268e-05,0.9266035306306873,0.0015590915560792986,0.3933975286247224,0.37977285591809307,0.20739558886325343,0.017759078977421308,0.00011585606043052113,0.0,0.0,0.0,0.0019000393910605464,0.056302735196078105,0.16437988871197853,0.6575725176183966,0.11982495804355525,1.9861038930946478e-05,0.0,6.289328994799718e-05,0.03356184562014439,0.12139066994594487,0.46147785990685175,0.3742680379610657,0.00923869327604527,0.0,0.0,0.0,0.0,0.0,0.0,0.9990036378802976,0.0009963621197024816,0.0,0.0,0.0,0.0,0.0,0.1420163588757328,0.8579836411242672,0.0,0.0,0.0
tip_middle_root_1_2_2,94,舌尖,33159,137.0677032470703,10.405817031860352,94.79203033447266,12.925374031066895,106.37537384033203,12.651626586914062,169.6907958984375,17.70777702331543,79.32582092285156,15.327984809875488,137.0677032470703,10.405817031860352,114.74205780029297,11.93376350402832,147.05911254882812,3.2924089431762695,128.42637634277344,1.9413734674453735,0.0,0.0,0.0,0.1785035736904008,0.8208329563617721,0.0006634699478271359,0.0,0.0,0.0,0.017461322717814167,0.465182906601526,0.516209777134413,0.0011459935462468712,0.0,0.0,0.0,0.0,0.0005729967731234356,0.19367290931572123,0.7800295545704032,0.025724539340752132,0.0,0.0,0.0,0.011158358213456376,0.0,0.0,0.0,0.0,0.0,0.0,0.9888416417865437,0.0,0.13187973099309389,0.7141349256612081,0.14855695286347598,0.005428390482222021,0.0,0.0,0.0,0.0,0.0,0.0,0.1785035736904008,0.8208329563617721,0.0006634699478271359,0.0,0.0,0.0,0.0,0.0688802436744172,0.7948973129467113,0.1362224433788715,0.0,0.0,0.0,0.0,0.0,0.0,0.0,0.9998793691003951,0.0001206308996049338,0.0,0.0,0.0,0.0,0.0,0.31008172743448237,0.6899182725655176,0.0,0.0,0.0
tip_middle_root_1_2_2,94,舌中,103243,148.58941650390625,10.269926071166992,114.32594299316406,11.732090950012207,127.41381072998047,11.946538925170898,168.54832458496094,2.610560417175293,59.22950744628906,8.339340209960938,148.58941650390625,10.269926071166992,132.1805419921875,11.288686752319336,143.67904663085938,1.7563238143920898,126.08702087402344,1.554140329360962,0.0,0.0,0.0,0.0364189339713104,0.8389721337039799,0.12460893232470967,0.0,0.0,0.0,0.0005230378815028622,0.061321348662863345,0.8182830797245334,0.11987253373110042,0.0,0.0,0.0,0.0,0.00010654475363947193,0.018567844793351607,0.43195180302780817,0.5492478908981723,0.00012591652702846683,0.0,0.0,1.9371773388994896e-05,0.0,0.0,0.0,0.0,0.0,0.0,0.999980628226611,0.0,0.7208914890113616,0.27847892835349614,0.0006295826351423341,0.0,0.0,0.0,0.0,0.0,0.0,0.0,0.0364189339713104,0.8389721337039799,0.12460893232470967,0.0,0.0,0.0,0.0,0.009269393566634058,0.27773311507801984,0.7127069147545112,0.00029057660083492344,0.0,0.0,0.0,0.0,0.0,0.0,1.0,0.0,0.0,0.0,0.0,0.0,0.0,0.8397179469794562,0.16028205302054377,0.0,0.0,0.0
tip_middle_root_1_2_2,94,舌左邊,13051,110.25170135498047,16.0676212310791,76.34978485107422,16.544681549072266,91.61259460449219,17.812158584594727,166.48709106445312,4.239448070526123,80.2120132446289,14.437536239624023,110.25170135498047,16.0676212310791,93.17002868652344,17.385648727416992,144.93218994140625,1.7594821453094482,124.90660095214844,2.228381633758545,0.0,0.0,0.2127806298367941,0.6492222818174852,0.13799708834572064,0.0,0.0,0.0,0.0,0.25630219906520574,0.6225576584169795,0.12114014251781473,0.0,0.0,0.0,0.0,0.0,0.06689142594437208,0.4736035552831201,0.450923300896483,0.008581717876024826,0.0,0.0,0.0,0.00022986744310780782,0.0,0.0,0.0,0.0,0.0,0.005899931039767068,0.9938702015171251,0.0,0.09876637805532143,0.7384108497433147,0.16282277220136387,0.0,0.0,0.0,0.0,0.0,0.0,0.2127806298367941,0.6492222818174852,0.13799708834572064,0.0,0.0,0.0,0.0,0.042372232012872574,0.47605547467627,0.4638725001915562,0.017699793119301203,0.0,0.0,0.0,0.0,0.0,0.0,0.0,1.0,0.0,0.0,0.0,0.0,0.0,0.0,0.9024595816412535,0.09754041835874645,0.0,0.0,0.0
tip_middle_root_1_2_2,94,舌右邊,37144,136.96192932128906,14.975115776062012,96.61011505126953,23.107473373413086,111.46898651123047,24.150924682617188,168.36813354492188,4.178799629211426,77.70035552978516,25.382272720336914,136.96192932128906,14.975115776062012,116.18818664550781,21.005945205688477,146.9235382080078,4.068591594696045,126.45075988769531,2.6874477863311768,0.0,0.0,0.0,0.30325220762438077,0.6410187378849882,0.05572905449063106,0.0,0.0,0.0,0.11641180271376265,0.3254361404264484,0.48037368080982124,0.07777837604996769,0.0,0.0,0.0,0.0,0.0032845143226362264,0.2823336205039845,0.3982877449924618,0.315205685978893,0.0008884342020245531,0.0,0.0,0.00021537798836958864,0.0,0.0,0.0,0.0,0.0,0.0,0.9997846220116304,0.0002423002369157872,0.3638541891018738,0.39718393280206765,0.19211716562567305,0.04660241223346974,0.0,0.0,0.0,0.0,0.0,0.0,0.30325220762438077,0.6410187378849882,0.05572905449063106,0.0,0.0,0.0,0.0,0.22210855050613829,0.4279022183932802,0.3484008184363558,0.001588412664225716,0.0,0.0,0.0,0.0,0.0,0.0,1.0,0.0,0.0,0.0,0.0,0.0,0.0,0.6818867111781176,0.3181132888218824,0.0,0.0,0.0
tip_middle_root_1_2_2,94,舌根,180885,134.5911102294922,15.907967567443848,99.25154876708984,17.945484161376953,111.81959533691406,17.870101928710938,169.2318115234375,5.532965660095215,68.28608703613281,16.504236221313477,134.5911102294922,15.907967567443848,117.19479370117188,17.605501174926758,144.39671325683594,3.1250321865081787,126.60187530517578,2.1013827323913574,0.0,0.0,0.023036736047765155,0.26860712607457776,0.6828703319788816,0.025485805898775464,0.0,0.0,0.0,0.04212068441274843,0.32832462614368246,0.60317881526937,0.026375874174199076,0.0,0.0,0.0,0.0,0.01978052353705393,0.1511844542112392,0.642557425988888,0.18646101113967437,1.658512314453935e-05,0.0,0.0,0.0007352737927412444,0.0,0.0,0.0,0.0,0.0,1.1056748763026232e-05,0.9992536694584957,1.1056748763026232e-05,0.47281974735329074,0.4497056140641844,0.07431793681068082,0.0031456450230809632,0.0,0.0,0.0,0.0,0.0,0.023036736047765155,0.26860712607457776,0.6828703319788816,0.025485805898775464,0.0,0.0,0.0,0.007490947286950272,0.10751029659728557,0.5738452608010615,0.3110539845758355,9.951073886723609e-05,0.0,0.0,0.0,0.0,0.0,0.0,1.0,0.0,0.0,0.0,0.0,0.0,0.0,0.677552035823866,0.322447964176134,0.0,0.0,0.0
tip_middle_root_1_2_2,95,舌尖,39814,145.96127319335938,15.84774112701416,90.96845245361328,14.395017623901367,104.33279418945312,15.815910339355469,164.63755798339844,35.08451461791992,96.77787017822266,15.251248359680176,145.96127319335938,15.84774112701416,114.98957824707031,14.398987770080566,152.43638610839844,4.178293704986572,129.99693298339844,2.816822052001953,0.0,0.0,0.00015070075852715125,0.14680765559853318,0.6572813583161702,0.19560958456824232,0.00015070075852715125,0.0,0.0,0.011779775958205656,0.6381423619832219,0.34053348068518613,0.009544381373386247,0.0,0.0,0.0,0.0,0.006304315065052494,0.26282212287135176,0.6561008690410408,0.07469734264329131,7.535037926357563e-05,0.0,0.0,0.04473300848947606,0.0,0.0,0.0,0.0,0.0,0.0,0.955266991510524,0.0,0.013337017129652885,0.42464962073642437,0.5509368563821772,0.011076505751745618,0.0,0.0,0.0,0.0,0.0,0.00015070075852715125,0.14680765559853318,0.6572813583161702,0.19560958456824232,0.00015070075852715125,0.0,0.0,0.0,0.09112372532275079,0.7180891143818757,0.19058622595067062,0.00020093434470286832,0.0,0.0,0.0,0.0,0.0,0.0,0.9780479228412117,0.021952077158788365,0.0,0.0,0.0,0.0,0.0,0.10981061938011755,0.8901893806198825,0.0,0.0,0.0
tip_middle_root_1_2_2,95,舌中,136188,152.67845153808594,14.002257347106934,105.24130249023438,15.299688339233398,118.16700744628906,15.293100357055664,171.48846435546875,5.061643600463867,79.68675994873047,15.629265785217285,152.67845153808594,14.002257347106934,126.93526458740234,14.352215766906738,148.9823760986328,3.807589292526245,128.60903930664062,2.1202738285064697,0.0,0.0,0.0,0.05623843510441449,0.6077334273210562,0.3360207947836814,7.342790847945487e-06,0.0,0.0,0.005720034070549535,0.24961083208505888,0.6781507915528534,0.06651834229153816,0.0,0.0,0.0,0.0,0.0006021088495315299,0.07647516668135225,0.6339031339031339,0.28883602079478365,0.00018356977119863717,0.0,0.0,0.0007636502481863307,0.0,0.0,0.0,0.0,0.0,0.0,0.9992363497518136,0.0,0.13177372455722972,0.70636179399066,0.15647487296971832,0.005389608482391987,0.0,0.0,0.0,0.0,0.0,0.0,0.05623843510441449,0.6077334273210562,0.3360207947836814,7.342790847945487e-06,0.0,0.0,0.0,0.028981995476840838,0.46584133697535757,0.5036053103063413,0.0015713572414603342,0.0,0.0,0.0,0.0,0.0,0.0,0.9877008253296913,0.012299174670308692,0.0,0.0,0.0,0.0,0.0,0.31214203894616266,0.6878579610538373,0.0,0.0,0.0
tip_middle_root_1_2_2,95,舌左邊,32690,126.59654235839844,17.17359733581543,79.76335144042969,18.866886138916016,92.94031524658203,21.352853775024414,164.5546417236328,32.82474136352539,96.58241271972656,18.444297790527344,126.59654235839844,17.17359733581543,100.7715835571289,18.976577758789062,149.68017578125,2.8376121520996094,128.74627685546875,3.12518310546875,0.0,0.0,0.0563169164882227,0.43095747935148365,0.48837565004588557,0.024349954114408077,0.0,0.0,0.0,0.19290302844906698,0.5955949831752829,0.2039155705108596,0.007586417864790456,0.0,0.0,0.0,0.0,0.10529213826858366,0.437840318140104,0.40988069746099726,0.046986846130315084,0.0,0.0,0.0,0.03878862037320281,0.0,0.0,0.0,0.0,0.0,0.0,0.9612113796267971,0.0,0.03640256959314775,0.4113184460079535,0.520281431630468,0.03199755276843071,0.0,0.0,0.0,0.0,0.0,0.0563169164882227,0.43095747935148365,0.48837565004588557,0.024349954114408077,0.0,0.0,0.0,0.03557662893851331,0.35903946160905476,0.5220250841235852,0.08332823493423065,3.059039461609055e-05,0.0,0.0,0.0,0.0,0.0,0.0,0.9998470480269196,0.00015295197308045274,0.0,0.0,0.0,0.0,0.0,0.4792597124502906,0.5207402875497094,0.0,0.0,0.0
tip_middle_root_1_2_2,95,舌右邊,41044,133.7100372314453,16.401334762573242,84.38395690917969,21.501747131347656,98.55830383300781,24.17572593688965,161.29107666015625,38.20718765258789,97.15259552001953,22.52338981628418,133.7100372314453,16.401334762573242,106.50204467773438,20.322078704833984,150.71859741210938,3.2764477729797363,128.7255859375,4.139636516571045,0.0,0.0,4.8728194133125426e-05,0.3991570022414969,0.5239499074164311,0.0768443621479388,0.0,0.0,0.0,0.20285547217620115,0.47938797388168797,0.2888120066270344,0.028944547315076504,0.0,0.0,0.0,0.0,0.08588344215963356,0.3622453951856544,0.4270295292856447,0.12464672059253484,0.0001949127765325017,0.0,0.0,0.05479485430269954,0.0,0.0,0.0,0.0,0.0,0.0,0.9452051456973004,0.0,0.06977877399863561,0.4058571289348017,0.4272244420621772,0.09594581424812397,0.001193840756261573,0.0,0.0,0.0,0.0,4.8728194133125426e-05,0.3991570022414969,0.5239499074164311,0.0768443621479388,0.0,0.0,0.0,0.0,0.3446788812006627,0.4797534353376864,0.1745931195789884,0.0009745638826625085,0.0,0.0,0.0,0.0,0.0,0.0,0.9952490010720203,0.004750998927979729,0.0,0.0,0.0,0.0,0.0,0.5737501218204853,0.42624987817951465,0.0,0.0,0.0
tip_middle_root_1_2_2,95,舌根,246480,140.83895874023438,16.79939079284668,102.3816146850586,18.52681541442871,114.67911529541016,18.492904663085938,170.38133239746094,1.8924715518951416,70.83434295654297,16.273006439208984,140.83895874023438,16.79939079284668,121.23151397705078,18.084590911865234,145.4779815673828,3.2298526763916016,127.34503173828125,1.376977562904358,0.0,0.00024342745861733204,0.014780103862382344,0.17260223953261927,0.6994360597208699,0.1129381694255112,0.0,0.0,0.0003610840636157092,0.02800632911392405,0.2920236936059721,0.6108690360272638,0.06873985718922428,0.0,0.0,0.0,6.491398896462187e-05,0.008678188899707886,0.15301038623823435,0.5732676079195067,0.264930217461863,4.868549172346641e-05,0.0,0.0,0.0,0.0,0.0,0.0,0.0,0.0,0.0,1.0,8.114248620577734e-06,0.3842948717948718,0.5289922103213243,0.08347938980850374,0.0030753002271989615,0.00015011359948068808,0.0,0.0,0.0,0.00024342745861733204,0.014780103862382344,0.17260223953261927,0.6994360597208699,0.1129381694255112,0.0,0.0,2.0285621551444336e-05,0.0038096397273612464,0.08606377799415774,0.5022882181110029,0.40712431028886725,0.0006937682570593963,0.0,0.0,0.0,0.0,0.0,0.0,0.999817429406037,0.00018257059396299902,0.0,0.0,0.0,0.0,0.0,0.5738356053229471,0.4261643946770529,0.0,0.0,0.0
tip_middle_root_1_2_2,96,舌尖,72528,152.11148071289062,12.966621398925781,88.76419067382812,14.97300910949707,96.92786407470703,15.152058601379395,172.38388061523438,24.758041381835938,107.1621322631836,15.15071964263916,152.11148071289062,12.966621398925781,115.21809387207031,13.86131763458252,155.10328674316406,3.1557247638702393,134.73605346679688,2.2935280799865723,0.0,0.0,0.0,0.04825722479594088,0.6994953673064196,0.24673229649238915,0.00550132362673726,1.3787778513125965e-05,0.0,0.03582064857710126,0.6798202073681888,0.2676759320538275,0.015980035296712995,0.0007031767041694242,0.0,0.0,0.0,0.01544231193470108,0.4584160600044121,0.49636002647253474,0.028168431502316345,0.0015993823075226119,1.3787778513125965e-05,0.0,0.020598941098610192,0.0,0.0,0.0,0.0,0.0,0.0,0.9794010589013898,0.0,0.004384513567174057,0.19374586366644606,0.7193773439223472,0.08125137877785131,0.001240900066181337,0.0,0.0,0.0,0.0,0.0,0.04825722479594088,0.6994953673064196,0.24673229649238915,0.00550132362673726,1.3787778513125965e-05,0.0,0.0,0.07186190161041253,0.7662971542025149,0.1553744760644165,0.006411317008603574,5.515111405250386e-05,0.0,0.0,0.0,0.0,0.0,0.9274349216854181,0.07256507831458195,0.0,0.0,0.0,0.0,0.0,0.0,1.0,0.0,0.0,0.0
tip_middle_root_1_2_2,96,舌中,184962,162.9198455810547,10.105158805847168,108.27301025390625,15.195186614990234,112.87569427490234,14.371268272399902,150.90492248535156,62.59705352783203,86.57804107666016,14.893738746643066,162.9198455810547,10.105158805847168,131.55813598632812,13.129681587219238,150.4676055908203,3.6016058921813965,134.44859313964844,1.8009772300720215,0.0,0.0,0.0,0.0010326445432034688,0.3801267287334696,0.6121689860620019,0.00654188427893297,0.0001297563823920589,0.0,0.0028762664763573057,0.19930039683826947,0.6857408548782993,0.11103361771607141,0.0010434575750694738,5.406515933002455e-06,0.0,0.0,0.003530454904250603,0.0878775099750219,0.7552578367448449,0.15119862458234665,0.00204906953860793,8.650425492803927e-05,0.0,0.1482682929466593,0.0,0.0,0.0,0.0,0.0,0.0,0.8517317070533407,0.0,0.04800445496912879,0.6831511337463911,0.2597452449692369,0.008926157805387053,0.00017300850985607855,0.0,0.0,0.0,0.0,0.0,0.0010326445432034688,0.3801267287334696,0.6121689860620019,0.00654188427893297,0.0001297563823920589,0.0,0.0,0.0038332197964987403,0.3868578410700576,0.5901590596987489,0.018868740606178568,0.0002811388285161276,0.0,0.0,0.0,0.0,0.0,0.9930418139942259,0.006958186005774159,0.0,0.0,0.0,0.0,0.0,0.0,1.0,0.0,0.0,0.0
tip_middle_root_1_2_2,96,舌左邊,70200,144.29678344726562,17.123170852661133,90.56001281738281,19.21658706665039,94.78256225585938,20.098112106323242,143.6214599609375,69.0593490600586,97.04931640625,18.732805252075195,144.29678344726562,17.123170852661133,113.44570922851562,18.427637100219727,150.7000274658203,3.5722920894622803,135.00958251953125,2.334329843521118,0.0,0.0,0.0001282051282051282,0.1941025641025641,0.6143019943019943,0.1877065527065527,0.0037321937321937323,2.849002849002849e-05,0.0,0.07877492877492877,0.5098433048433049,0.38276353276353275,0.027991452991452993,0.0006267806267806268,0.0,0.0,0.0,0.0735042735042735,0.4105270655270655,0.47170940170940173,0.042792022792022794,0.0014672364672364672,0.0,0.0,0.1895868945868946,0.0,0.0,0.0,0.0,0.0,0.0,0.8104131054131054,0.0,0.015712250712250714,0.5060683760683761,0.40665242165242166,0.06917378917378918,0.002393162393162393,0.0,0.0,0.0,0.0,0.0001282051282051282,0.1941025641025641,0.6143019943019943,0.1877065527065527,0.0037321937321937323,2.849002849002849e-05,0.0,0.00048433048433048435,0.1892022792022792,0.5851282051282052,0.21853276353276355,0.006581196581196581,7.122507122507122e-05,0.0,0.0,0.0,0.0,0.0,0.9853418803418803,0.014658119658119658,0.0,0.0,0.0,0.0,0.0,0.0,1.0,0.0,0.0,0.0
tip_middle_root_1_2_2,96,舌右邊,45618,141.6630096435547,10.061996459960938,77.36625671386719,19.44898796081543,78.3628158569336,19.802316665649414,79.39466857910156,88.2199478149414,118.5302734375,26.380128860473633,141.6630096435547,10.061996459960938,103.99947357177734,15.804110527038574,155.10589599609375,5.507561683654785,139.8155975341797,3.812321662902832,0.0,0.0,4.384234293480644e-05,0.058617212503836204,0.8985707396203253,0.042658599675566664,0.0001096058573370161,0.0,0.0,0.3098557586917445,0.4680827743434609,0.2173264939278355,0.0047349730369590955,0.0,0.0,0.0,0.0,0.30428778113902405,0.45964312332851065,0.22920776886316804,0.006861326669297207,0.0,0.0,0.0,0.5563593318426937,0.0,0.0,0.0,0.0,0.0,0.0,0.44364066815730635,0.0,0.00504186943750274,0.2557323863387259,0.2949712832653777,0.40652812486299267,0.037726336095400936,0.0,0.0,0.0,0.0,4.384234293480644e-05,0.058617212503836204,0.8985707396203253,0.042658599675566664,0.0001096058573370161,0.0,0.0,0.0006357139725546933,0.362510412556447,0.5621026787671534,0.07411548073129028,0.0006357139725546933,0.0,0.0,0.0,0.0,0.0,0.0,0.7429523433732299,0.25704765662677015,0.0,0.0,0.0,0.0,0.0,0.0,1.0,0.0,0.0,0.0
tip_middle_root_1_2_2,96,舌根,319190,122.0946273803711,39.53031921386719,80.49817657470703,33.47480010986328,76.58303833007812,32.734352111816406,28.25731086730957,61.599937438964844,103.4288558959961,26.14969825744629,122.0946273803711,39.53031921386719,97.58612823486328,37.83949279785156,144.95098876953125,3.5019805431365967,137.48695373535156,2.757467031478882,0.022619756258028135,0.09627807888718318,0.11971552993514835,0.19492465302797707,0.43286130517873367,0.133500422945581,0.00010025376734860114,0.0,0.12126633039882202,0.17218584542122248,0.2825119834581284,0.3920423572167048,0.0319621542028259,3.132930229643786e-05,0.0,0.0,0.13094708480842132,0.19521601553933393,0.32012281086500205,0.3321313324352267,0.02154829411948996,3.4462232526081644e-05,0.0,0.0,0.8564397380870328,0.0,0.0,0.0,0.0,0.0,0.0,0.1435602619129672,0.0,0.01695541840283217,0.46211974059337696,0.3186002067733952,0.17400921081487516,0.028280961182994453,3.4462232526081644e-05,0.0,0.022619756258028135,0.09627807888718318,0.11971552993514835,0.19492465302797707,0.43286130517873367,0.133500422945581,0.00010025376734860114,0.0,0.09131551740342743,0.1156834487295968,0.17417212318681663,0.3787462013220966,0.23850684545255177,0.0015758639055108244,0.0,0.0,0.0,0.0,0.0,0.0,0.9979604624205018,0.0020395375794981046,0.0,0.0,0.0,0.0,0.0,0.0,1.0,0.0,0.0,0.0
tip_middle_root_1_2_2,97,舌尖,73799,143.16067504882812,10.824796676635742,90.47290802001953,11.230463027954102,101.8583755493164,11.028013229370117,170.2664337158203,22.537029266357422,94.20365905761719,13.576986312866211,143.16067504882812,10.824796676635742,113.60981750488281,10.549583435058594,151.2633514404297,3.3402366638183594,130.6043243408203,2.211970329284668,0.0,0.0,0.0,0.08634263336901583,0.8818547676797789,0.0318025989512053,0.0,0.0,0.0,0.014539492405046138,0.6371766555102373,0.34779604059675606,0.0004878114879605415,0.0,0.0,0.0,0.0,0.0004878114879605415,0.2772124283526877,0.7183159663410074,0.003983793818344422,0.0,0.0,0.0,0.017642515481239584,0.0,0.0,0.0,0.0,0.0,0.0009620726568110679,0.9813954118619493,0.0,0.007371373595848182,0.5638287781677258,0.41491077114866054,0.013889077087765416,0.0,0.0,0.0,0.0,0.0,0.0,0.08634263336901583,0.8818547676797789,0.0318025989512053,0.0,0.0,0.0,0.0,0.05620672366834239,0.8611905310370059,0.08260274529465168,0.0,0.0,0.0,0.0,0.0,0.0,0.0,0.9889293892871177,0.011070610712882288,0.0,0.0,0.0,0.0,0.0,0.045556172847870564,0.9544438271521294,0.0,0.0,0.0
tip_middle_root_1_2_2,97,舌中,234450,146.98854064941406,10.232327461242676,106.91724395751953,12.829408645629883,113.09513854980469,12.350682258605957,142.3040008544922,66.39204406738281,71.28315734863281,13.069069862365723,146.98854064941406,10.232327461242676,125.97212219238281,11.65121841430664,144.97288513183594,3.6944761276245117,130.877685546875,2.8915042877197266,0.0,0.0,6.824482832160375e-05,0.02455534229046705,0.8713883557261676,0.1037534655576882,0.0002345915973555129,0.0,0.0,0.0005672851354233312,0.18052463211772232,0.7605843463425037,0.05825975687779911,6.397952655150352e-05,0.0,0.0,0.0,0.00035402004691831946,0.06632970782682875,0.8190531030070377,0.11358925143953935,0.0006739176796758371,0.0,0.0,0.1852207293666027,0.0,0.0,0.0,0.0,0.0,0.0,0.8147792706333973,0.0,0.29384943484751547,0.6578801450202602,0.04803582853486884,0.0002345915973555129,0.0,0.0,0.0,0.0,0.0,6.824482832160375e-05,0.02455534229046705,0.8713883557261676,0.1037534655576882,0.0002345915973555129,0.0,0.0,8.530603540200469e-06,0.0046150565152484535,0.5602815099168266,0.4309959479633184,0.0040989550010663255,0.0,0.0,0.0,0.0,0.0,0.0,0.9997696737044146,0.00023032629558541266,0.0,0.0,0.0,0.0,0.0,0.052748986990829604,0.9472510130091704,0.0,0.0,0.0
tip_middle_root_1_2_2,97,舌左邊,66549,139.32569885253906,12.50704574584961,100.88539123535156,16.929590225219727,110.76223754882812,14.914628982543945,163.96498107910156,35.86101150512695,71.94485473632812,15.659188270568848,139.32569885253906,12.50704574584961,119.61653900146484,15.64650821685791,145.11293029785156,3.0999915599823,128.6102294921875,2.0522289276123047,0.0,0.0,0.0,0.18390960044478505,0.778268644156937,0.03782175539827796,0.0,0.0,0.0,0.00895580699935386,0.3744458970082195,0.5725555605643962,0.04404273542803047,0.0,0.0,0.0,0.0,0.0,0.16897323776465462,0.6926174698342574,0.13837923935746593,3.0053043621992816e-05,0.0,0.0,0.04719830500833972,0.0,0.0,0.0,0.0,0.0,0.0,0.9528016949916602,0.0,0.3447384633878796,0.5725555605643962,0.08267592300410224,3.0053043621992816e-05,0.0,0.0,0.0,0.0,0.0,0.0,0.18390960044478505,0.778268644156937,0.03782175539827796,0.0,0.0,0.0,0.0,0.07402064644096831,0.5793475484229665,0.3462861951344122,0.0003456100016529174,0.0,0.0,0.0,0.0,0.0,0.0,1.0,0.0,0.0,0.0,0.0,0.0,0.0,0.28403131527145414,0.7159686847285459,0.0,0.0,0.0
tip_middle_root_1_2_2,97,舌右邊,31005,150.17564392089844,11.839516639709473,104.28069305419922,15.887660026550293,117.06605529785156,15.656906127929688,171.64263916015625,1.5613294839859009,78.81244659423828,13.810181617736816,150.17564392089844,11.839516639709473,125.48243713378906,14.47225570678711,148.3984832763672,2.700700521469116,128.365966796875,1.3392503261566162,0.0,0.0,0.0,0.002354458958232543,0.8047734236413482,0.18806644089662958,0.004805676503789711,0.0,0.0,0.0,0.3402676987582648,0.5599741977100468,0.0979519432349621,0.0018061602967263345,0.0,0.0,0.0,0.0,0.050024189646831155,0.7045960328979197,0.23570391872278665,0.009675858732462506,0.0,0.0,0.0,0.0,0.0,0.0,0.0,0.0,0.0,1.0,0.0,0.15816803741332044,0.7317851959361393,0.11004676665054024,0.0,0.0,0.0,0.0,0.0,0.0,0.0,0.002354458958232543,0.8047734236413482,0.18806644089662958,0.004805676503789711,0.0,0.0,0.0,0.0005482986615062087,0.6266408643767134,0.3507176261893243,0.022093210772456056,0.0,0.0,0.0,0.0,0.0,0.0,1.0,0.0,0.0,0.0,0.0,0.0,0.0,0.22341557813255927,0.7765844218674407,0.0,0.0,0.0
tip_middle_root_1_2_2,97,舌根,338931,140.73646545410156,14.983245849609375,104.64775085449219,17.00975227355957,105.0557632446289,17.20553207397461,93.033447265625,85.5112075805664,71.45368194580078,14.374911308288574,140.73646545410156,14.983245849609375,122.04164123535156,16.462785720825195,142.5670928955078,3.225379228591919,133.4593505859375,3.6935296058654785,0.0,7.081087300955062e-05,0.004685319430798599,0.17755236316536405,0.7365924037635979,0.08091322422557984,0.00018587854165007036,0.0,2.0653171294452262e-05,0.011784109450006049,0.26525457984073453,0.6479342403025985,0.07484119186501087,0.0001652253703556181,0.0,0.0,3.835588954683992e-05,0.010055143967356187,0.2780123387946219,0.6253367204534256,0.08589063850754283,0.0006668023875066017,0.0,0.0,0.4805815933036518,0.0,0.0,0.0,0.0,0.0,0.0,0.5194184066963482,0.0,0.3163564265292936,0.6253780267960145,0.05689063555708979,0.0013749111176021079,0.0,0.0,0.0,0.0,7.081087300955062e-05,0.004685319430798599,0.17755236316536405,0.7365924037635979,0.08091322422557984,0.00018587854165007036,0.0,0.0,0.0012922984324242987,0.06531417899218425,0.531692291351337,0.39702181269934,0.0046764680716724055,2.9504530420646092e-06,0.0,0.0,0.0,0.0,0.0,1.0,0.0,0.0,0.0,0.0,0.0,0.0,0.02516441399576905,0.9748355860042309,0.0,0.0,0.0
tip_middle_root_1_2_2,98,舌尖,95773,135.34654235839844,10.651975631713867,92.41539764404297,12.396585464477539,107.17045593261719,14.183916091918945,160.8604278564453,35.757606506347656,81.93730163574219,12.918724060058594,135.34654235839844,10.651975631713867,112.8136215209961,11.889395713806152,147.9241485595703,3.2974772453308105,126.84529113769531,2.7789642810821533,0.0,0.0,0.0,0.21543650089273594,0.7818800705835673,0.0026834285236966575,0.0,0.0,0.0,0.004625520762636651,0.594718762072818,0.397951405928602,0.0027043112359433244,0.0,0.0,0.0,0.0,0.0008353084898666639,0.18609629018616938,0.7367003226379042,0.07635763732993642,1.0441356123333299e-05,0.0,0.0,0.04981571006442317,0.0,0.0,0.0,0.0,0.0,0.00021926847858999926,0.9499650214569868,0.0,0.0879579839829597,0.7690372025518675,0.1411044866507262,0.0018690027460766603,3.1324068369999895e-05,0.0,0.0,0.0,0.0,0.0,0.21543650089273594,0.7818800705835673,0.0026834285236966575,0.0,0.0,0.0,0.0,0.0807430069017364,0.812097355204494,0.1071491965376463,1.0441356123333299e-05,0.0,0.0,0.0,0.0,0.0,0.0,0.9996658766040534,0.00033412339594666556,0.0,0.0,0.0,0.0,0.0,0.7192319338435677,0.2807680661564324,0.0,0.0,0.0
tip_middle_root_1_2_2,98,舌中,161582,148.41281127929688,8.885224342346191,123.02501678466797,14.392664909362793,134.4718017578125,12.568914413452148,165.5764617919922,9.890406608581543,44.01567077636719,17.19713020324707,148.42453002929688,8.902261734008789,138.51605224609375,12.31261920928955,139.8704833984375,4.445449352264404,125.53672790527344,1.5150009393692017,0.0,0.0,0.0,0.01419712591749081,0.8820351276751123,0.10376774640739686,0.0,0.0,0.0,0.0,0.029013132650914087,0.561244445544677,0.40856654825413724,0.0011758735502716887,0.0,0.0,0.0,0.0,0.0010211533462885717,0.2869193350744514,0.7011672092188487,0.010818036662499536,7.426569791189613e-05,0.0,0.002921117451201248,0.0,0.0,0.0,0.0,0.0005631815424985456,0.02620960255474001,0.9703060984515602,0.27246846802242825,0.5778304514116671,0.14923073114579594,0.00047034942010867545,0.0,0.0,0.0,0.0,0.0,0.0,0.0,0.014178559493012836,0.8819608619772005,0.10378631283187484,7.426569791189613e-05,0.0,0.0,0.0,1.8566424477974032e-05,0.2000779789828075,0.7671956034706836,0.032683095889393624,2.475523263729871e-05,0.0,0.0,0.0,0.0,0.0,1.0,0.0,0.0,0.0,0.0,0.0,0.0,0.9151947617927739,0.08480523820722605,0.0,0.0,0.0
tip_middle_root_1_2_2,98,舌左邊,57934,127.15217590332031,10.955135345458984,94.24410247802734,17.131832122802734,106.54228973388672,17.79532814025879,168.05691528320312,3.906980514526367,67.46271514892578,20.746252059936523,127.1522445678711,10.955293655395508,111.4359130859375,15.755610466003418,143.56402587890625,3.498328924179077,126.4222412109375,2.189235210418701,0.0,0.0,0.0057997031104360134,0.45006386577829943,0.5436703835398902,0.0004660475713743225,0.0,0.0,0.0,0.05459660993544378,0.43672109642006424,0.49038561121275936,0.01829668243173266,0.0,0.0,0.0,0.0,0.013687989781475472,0.2349742810784686,0.6456139745227327,0.10560292746918908,0.00012082714813408361,0.0,0.0,0.0,0.0,0.0,0.0,0.0,0.0,0.011323229882279835,0.9886767701177201,0.025063002727241344,0.42467290364897986,0.4423999723823661,0.10465357130527841,0.003210549936134222,0.0,0.0,0.0,0.0,0.0,0.0057997031104360134,0.45006386577829943,0.5436703835398902,0.0004660475713743225,0.0,0.0,0.0,0.0005523526771843822,0.16225359892291227,0.6961369834639417,0.1408844547243415,0.00017261021162011945,0.0,0.0,0.0,0.0,0.0,0.0,1.0,0.0,0.0,0.0,0.0,0.0,0.0,0.7251700210584459,0.2748299789415542,0.0,0.0,0.0
tip_middle_root_1_2_2,98,舌右邊,74475,131.8826446533203,11.936593055725098,94.98482513427734,17.53084373474121,107.05799102783203,20.20290184020996,163.5445556640625,30.061622619628906,72.86408996582031,20.158710479736328,131.88446044921875,11.939523696899414,113.35469818115234,16.249025344848633,145.1076202392578,3.670457601547241,127.32616424560547,3.3108408451080322,0.0,0.0,0.006176569318563276,0.3236253776435045,0.6684525008392078,0.0017455521987244042,0.0,0.0,0.0,0.021430010070493454,0.4813695871097684,0.46059751594494797,0.036589459550184625,1.342732460557234e-05,0.0,0.0,0.0,0.01377643504531722,0.28998992950654584,0.5376972138301443,0.15787848271231958,0.0006579389056730446,0.0,0.0,0.032776099362202084,0.0,0.0,0.0,0.0,0.0,0.029003021148036254,0.9382208794897616,0.0214568647197046,0.296703591809332,0.5421282309499832,0.13745552198724403,0.002255790533736153,0.0,0.0,0.0,0.0,0.0,0.006176569318563276,0.3236253776435045,0.668412218865391,0.0017858341725411212,0.0,0.0,0.0,0.00032225579053373615,0.15775763679086943,0.644081906680094,0.1973279624034911,0.0005102383350117489,0.0,0.0,0.0,0.0,0.0,0.0,0.9999462907015777,5.370929842228936e-05,0.0,0.0,0.0,0.0,0.0,0.6232426988922457,0.3767573011077543,0.0,0.0,0.0
tip_middle_root_1_2_2,98,舌根,265131,115.4101791381836,32.08020782470703,99.08455657958984,35.158241271972656,104.15709686279297,34.44899368286133,144.74124145507812,56.0026741027832,44.51072692871094,33.97633361816406,115.48580932617188,32.095176696777344,110.5017318725586,36.78384780883789,135.63365173339844,4.846747875213623,127.71573638916016,2.4087717533111572,0.02852174962565675,0.07038030256741007,0.08699850262700326,0.36761072828149105,0.4450705500299852,0.0014181668684537078,0.0,0.0,0.07893079270247538,0.06916203687988202,0.23341668835405893,0.3792728877422859,0.23910444270945305,0.00011315161184471073,0.0,0.0,0.06866039806737047,0.058480524721741325,0.17945091294492158,0.40678758802252474,0.2859454382927685,0.0006751379506734407,0.0,0.0,0.1368983634505207,0.0005054105329063746,0.0,0.0,1.5086881579294763e-05,0.007532125628462911,0.10692450147285681,0.7481245120336739,0.5042752450675326,0.248903372295205,0.1385730073058224,0.07596999219253878,0.030750836378997552,0.0014747426743760633,3.771720394823691e-05,1.5086881579294763e-05,0.02843122833618098,0.0703840742878049,0.08680614488686725,0.36681866699857807,0.4460511973326393,0.0015086881579294764,0.0,0.0,0.06966367569239357,0.04916060362613199,0.13342838068728288,0.34162734648155063,0.40169576548951275,0.004424228023128189,0.0,0.0,0.0,0.0,0.0,0.00010560817105506335,0.9998943918289449,0.0,0.0,0.0,0.0,0.0,0.0,0.5220815370514953,0.4779184629485047,0.0,0.0,0.0
tip_middle_root_1_2_2,99,舌尖,90339,161.8285675048828,10.684142112731934,89.65327453613281,12.131103515625,96.82490539550781,12.135652542114258,173.70733642578125,23.686887741088867,114.08151245117188,12.552241325378418,161.8285675048828,10.684142112731934,119.19963836669922,10.874887466430664,158.38201904296875,3.39078426361084,137.10263061523438,2.144608736038208,0.0,0.0,0.0,0.006564163871639049,0.37893932852920664,0.6064601113583281,0.008036396240826221,0.0,0.0,0.005479361073290606,0.784323492622234,0.19379227133353258,0.01548611341723951,0.0009187615537032733,0.0,0.0,0.0,0.003719323880051805,0.4891575067246704,0.48500647560854115,0.018408439322994498,0.003708254463742127,0.0,0.0,0.018264536910968684,0.0,0.0,0.0,0.0,0.0,0.0,0.9817354630890314,0.0,0.009254032034890801,0.051030009187615535,0.8268743289166363,0.11283056044454776,1.1069416309677991e-05,0.0,0.0,0.0,0.0,0.0,0.006564163871639049,0.37893932852920664,0.6064601113583281,0.008036396240826221,0.0,0.0,1.1069416309677991e-05,0.013393993734710369,0.832862883140172,0.14235269374245896,0.011379359966348975,0.0,0.0,0.0,0.0,0.0,0.0,0.6719799864953121,0.3280200135046879,0.0,0.0,0.0,0.0,0.0,0.0,1.0,0.0,0.0,0.0
tip_middle_root_1_2_2,99,舌中,193050,151.18527221679688,7.848382949829102,98.15697479248047,7.3214311599731445,107.70848083496094,7.199836730957031,174.55702209472656,1.22211492061615,89.38977813720703,9.774689674377441,151.18527221679688,7.848382949829102,121.24850463867188,6.791682720184326,150.85870361328125,2.9072177410125732,131.47132873535156,1.5050804615020752,0.0,0.0,0.0,0.0006319606319606319,0.8379124579124579,0.16145558145558145,0.0,0.0,0.0,2.072002072002072e-05,0.34279720279720277,0.6568091168091168,0.00037296037296037296,0.0,0.0,0.0,0.0,0.0,0.042512302512302515,0.9507122507122507,0.0067754467754467754,0.0,0.0,0.0,1.036001036001036e-05,0.0,0.0,0.0,0.0,0.0,0.0,0.99998963998964,0.0,0.00200984200984201,0.7703289303289304,0.22652680652680654,0.0011344211344211344,0.0,0.0,0.0,0.0,0.0,0.0,0.0006319606319606319,0.8379124579124579,0.16145558145558145,0.0,0.0,0.0,0.0,0.0004403004403004403,0.8271276871276871,0.17243201243201242,0.0,0.0,0.0,0.0,0.0,0.0,0.0,0.9898575498575498,0.010142450142450143,0.0,0.0,0.0,0.0,0.0,0.002320642320642321,0.9976793576793577,0.0,0.0,0.0
tip_middle_root_1_2_2,99,舌左邊,75771,149.94651794433594,11.645455360412598,95.8786849975586,11.84695053100586,101.41581726074219,12.62771224975586,175.3386688232422,16.727142333984375,92.3785629272461,10.764711380004883,149.94651794433594,11.645455360412598,119.03379821777344,11.65986156463623,150.74485778808594,2.5325210094451904,134.10691833496094,1.3775523900985718,0.0,0.0,0.0,0.06619946945401275,0.7403624077813411,0.19343812276464611,0.0,0.0,0.0,0.007944992147391482,0.45009304351268953,0.54160562748281,0.0003563368571089203,0.0,0.0,0.0,0.0,0.0012141848464452098,0.2995473202148579,0.6933523379657125,0.0058861569729843875,0.0,0.0,0.0,0.009014002718718243,0.0,0.0,0.0,0.0,0.0,0.0,0.9909859972812818,0.0,0.000752266698341054,0.6293040873157276,0.3684127172665004,0.001530928719430917,0.0,0.0,0.0,0.0,0.0,0.0,0.06619946945401275,0.7403624077813411,0.19343812276464611,0.0,0.0,0.0,0.0,0.04186298187961093,0.7153528394768447,0.24278417864354437,0.0,0.0,0.0,0.0,0.0,0.0,0.0,0.9989441870900476,0.0010558129099523565,0.0,0.0,0.0,0.0,0.0,0.0,1.0,0.0,0.0,0.0
tip_middle_root_1_2_2,99,舌右邊,62948,152.4481201171875,10.107621192932129,92.54119110107422,10.902145385742188,100.50627136230469,12.270232200622559,170.80091857910156,29.46714210510254,100.65693664550781,10.520587921142578,152.4481201171875,10.107621192932129,117.74919128417969,10.414070129394531,153.58177185058594,2.3938283920288086,133.99264526367188,1.8690344095230103,0.0,0.0,0.0,0.012422952278070788,0.7033106691237212,0.284266378598208,0.0,0.0,0.0,0.004956472008642054,0.5814481794497045,0.4135794624134206,1.5886128232827094e-05,0.0,0.0,0.0,0.0,0.0023034885937599286,0.3315276100908687,0.6609105928703056,0.005258308445065769,0.0,0.0,0.0,0.029023956281375104,0.0,0.0,0.0,0.0,0.0,0.0,0.9709760437186249,0.0,0.0,0.31975598907034375,0.667582766728093,0.012661244201563195,0.0,0.0,0.0,0.0,0.0,0.0,0.012422952278070788,0.7033106691237212,0.284266378598208,0.0,0.0,0.0,0.0,0.024258117811526973,0.7971500285950308,0.1785918535934422,0.0,0.0,0.0,0.0,0.0,0.0,0.0,0.9903253479062083,0.0096746520937917,0.0,0.0,0.0,0.0,0.0,0.0,1.0,0.0,0.0,0.0
tip_middle_root_1_2_2,99,舌根,345003,136.46205139160156,27.113245010375977,89.71385192871094,20.8391056060791,94.46519470214844,22.44942283630371,163.67787170410156,46.26737594604492,89.0977783203125,13.65320110321045,136.46205139160156,27.113245010375977,109.9711685180664,24.265361785888672,147.90467834472656,3.688192844390869,133.25955200195312,1.57801353931427,0.005805746616696087,0.0373590954281557,0.0432720874890943,0.12734092167314487,0.7066721158946444,0.07944278745402214,0.00010144839320237795,5.797051040135883e-06,0.035208389492265284,0.07125155433431013,0.40001391292249633,0.4922623861241786,0.0011449175804268369,8.695576560203824e-05,3.1883780720747355e-05,0.0,0.03465766964345238,0.06353857792540935,0.28266420871702563,0.6115541024280948,0.00744921058657461,9.854986768231e-05,3.768083176088324e-05,0.0,0.07456456900374779,0.0,0.0,0.0,0.0,0.0,0.0,0.9254354309962523,9.854986768231e-05,0.009779625104709234,0.7266719419831132,0.24909638466911882,0.014225963252493456,0.00011594102080271766,8.695576560203825e-06,2.8985255200679415e-06,0.005805746616696087,0.0373590954281557,0.0432720874890943,0.12734092167314487,0.7066721158946444,0.07944278745402214,0.00010144839320237795,5.797051040135883e-06,0.02339979652350849,0.04634452454036631,0.09408903690692545,0.677431790448199,0.15850876659043545,0.0001536218525636009,7.246313800169853e-05,0.0,0.0,0.0,0.0,0.0,1.0,0.0,0.0,0.0,0.0,0.0,0.0,0.0002376790926455712,0.9997623209073544,0.0,0.0,0.0
