image_id,region,pixel_count,R_mean,R_std,G_mean,G_std,B_mean,B_std,H_mean,H_std,S_mean,S_std,V_mean,V_std,Lab_L_mean,Lab_L_std,Lab_a_mean,Lab_a_std,Lab_b_mean,Lab_b_std,R_hist_0,R_hist_1,R_hist_2,R_hist_3,R_hist_4,R_hist_5,R_hist_6,R_hist_7,G_hist_0,G_hist_1,G_hist_2,G_hist_3,G_hist_4,G_hist_5,G_hist_6,G_hist_7,B_hist_0,B_hist_1,B_hist_2,B_hist_3,B_hist_4,B_hist_5,B_hist_6,B_hist_7,H_hist_0,H_hist_1,H_hist_2,H_hist_3,H_hist_4,H_hist_5,H_hist_6,H_hist_7,S_hist_0,S_hist_1,S_hist_2,S_hist_3,S_hist_4,S_hist_5,S_hist_6,S_hist_7,V_hist_0,V_hist_1,V_hist_2,V_hist_3,V_hist_4,V_hist_5,V_hist_6,V_hist_7,Lab_L_hist_0,Lab_L_hist_1,Lab_L_hist_2,Lab_L_hist_3,Lab_L_hist_4,Lab_L_hist_5,Lab_L_hist_6,Lab_L_hist_7,Lab_a_hist_0,Lab_a_hist_1,Lab_a_hist_2,Lab_a_hist_3,Lab_a_hist_4,Lab_a_hist_5,Lab_a_hist_6,Lab_a_hist_7,Lab_b_hist_0,Lab_b_hist_1,Lab_b_hist_2,Lab_b_hist_3,Lab_b_hist_4,Lab_b_hist_5,Lab_b_hist_6,Lab_b_hist_7
10,舌尖,145976,131.34605407714844,10.972623825073242,88.12358093261719,14.135095596313477,105.76028442382812,13.606228828430176,167.1334228515625,5.793051242828369,84.29100036621094,20.560195922851562,131.34622192382812,10.972832679748535,108.7816390991211,12.621214866638184,148.64651489257812,4.710592269897461,125.38031005859375,2.1795668601989746,0.0,0.0,0.0008015016167041158,0.3213884474160136,0.6777072943497561,0.00010275661752616869,0.0,0.0,0.0,0.04243848303830767,0.643139968213953,0.3132432728667726,0.0011782758809667344,0.0,0.0,0.0,0.0,0.0001370088233682249,0.2180769441552036,0.7328944484024771,0.04889159861895106,0.0,0.0,0.0,0.000917959116567107,0.0,0.0,0.0,0.0,0.0,0.0025483641146489835,0.9965336767687839,0.00026716720556803857,0.1797076231709322,0.5239148901189237,0.27855948923110646,0.0175439798323012,6.8504411684112454e-06,0.0,0.0,0.0,0.0,0.0008015016167041158,0.3213884474160136,0.6777072943497561,0.00010275661752616869,0.0,0.0,0.0,0.0,0.14744889570888364,0.789595549953417,0.06295555433769935,0.0,0.0,0.0,0.0,0.0,0.0,0.0,0.9918342741272538,0.008165725872746206,0.0,0.0,0.0,0.0,0.0,0.836904696662465,0.16309530333753494,0.0,0.0,0.0
10,舌中,288876,137.8868865966797,7.3407301902771,112.2843246459961,10.899942398071289,127.18431091308594,10.122119903564453,162.27659606933594,3.8925838470458984,47.784976959228516,10.846744537353516,137.88943481445312,7.343380451202393,128.0196990966797,9.932579040527344,140.7620391845703,2.291903257369995,123.70532989501953,1.4127124547958374,0.0,0.0,0.0,0.08804123568589983,0.9119345324637561,2.4231850344092275e-05,0.0,0.0,0.0,5.8848779407081236e-05,0.07306249048034451,0.8644504908680541,0.062428169872194295,0.0,0.0,0.0,0.0,3.4616929062988965e-06,0.007099932150819037,0.4462226007006466,0.546674005455628,0.0,0.0,0.0,9.69274013763691e-05,0.0,0.0,0.0,0.0,0.0,0.10535316191030061,0.894549910688323,0.04122876251401986,0.871965826167629,0.08641424001993935,0.00039117129841177527,0.0,0.0,0.0,0.0,0.0,0.0,0.0,0.08803777399299353,0.9119379941566623,2.4231850344092275e-05,0.0,0.0,0.0,0.0,0.004257882274747642,0.4237631371245794,0.571978980600673,0.0,0.0,0.0,0.0,0.0,0.0,0.0,1.0,0.0,0.0,0.0,0.0,0.0,0.0,0.9908576690344646,0.009142330965535385,0.0,0.0,0.0
10,舌左邊,177101,136.3254852294922,9.67745590209961,102.4623031616211,20.63642120361328,119.56059265136719,19.295690536499023,163.5040740966797,4.674962997436523,65.03850555419922,27.743431091308594,136.33517456054688,9.694649696350098,120.59313201904297,17.51443099975586,144.63832092285156,5.493953704833984,124.03731536865234,2.068769693374634,0.0,0.0,0.0,0.1892140642909978,0.8092275029502939,0.001547139767703175,1.1292991005132664e-05,0.0,0.0,0.05062083218050717,0.26452137480872495,0.6254679533147752,0.05932208174996188,6.775794603079599e-05,0.0,0.0,0.0,0.0006888724513130926,0.1580002371528111,0.4014601837369636,0.43897549985601436,0.0008582673163900824,1.6939486507698997e-05,0.0,0.0,0.0,0.0,0.0,0.0,0.0,0.12018001027662181,0.8798199897233782,0.029231907216785903,0.5727861502758314,0.2100609256864727,0.17177203968357038,0.01582712689369343,0.00032185024364628093,0.0,0.0,0.0,0.0,0.0,0.1892140642909978,0.8090185826166989,0.001750413605795563,1.6939486507698997e-05,0.0,0.0,0.0,0.13077848233493883,0.4260337321641323,0.44268524740120047,0.0005025380997284036,0.0,0.0,0.0,0.0,0.0,0.0,0.9978373922225171,0.0021626077774829053,0.0,0.0,0.0,0.0,0.0,0.9367705433622622,0.06322945663773778,0.0,0.0,0.0
10,舌右邊,148637,131.69068908691406,11.252002716064453,92.14752960205078,20.53717613220215,107.81976318359375,21.72296905517578,166.01048278808594,10.087061882019043,78.18628692626953,28.80179214477539,131.6924285888672,11.254410743713379,111.6512680053711,17.809186935424805,146.88316345214844,5.435328960418701,125.94490051269531,3.6108779907226562,0.0,0.0,0.0013657433882546068,0.29440179766814456,0.7030685495536104,0.0011639093899903793,0.0,0.0,0.0,0.09735126516277912,0.42346791175817594,0.46261697962149395,0.016563843457550947,0.0,0.0,0.0,0.0,0.016550387857666663,0.2923632742856758,0.46666038738672067,0.22425102767144117,0.00017492279849566392,0.0,0.0,0.002549836178071409,0.0,0.0,0.0,0.0,0.0,0.08859839743805378,0.9088517663838748,0.008638495125708943,0.39418179861003655,0.2618459737481246,0.298149182235917,0.03713072788067574,5.382239953712736e-05,0.0,0.0,0.0,0.0,0.0013657433882546068,0.29440179766814456,0.7030550939537262,0.0011773649898746612,0.0,0.0,0.0,0.0006391409945033875,0.2154779765468894,0.5587841519944563,0.22507181926438236,2.691119976856368e-05,0.0,0.0,0.0,0.0,0.0,0.0,0.9987620848106461,0.0012379151893539295,0.0,0.0,0.0,0.0,0.0,0.7139339464601681,0.28606605353983194,0.0,0.0,0.0
10,舌根,288218,99.27870178222656,31.239910125732422,72.38731384277344,27.891948699951172,85.08619689941406,30.477855682373047,165.13450622558594,5.959352970123291,73.67041778564453,23.9346923828125,99.2796401977539,31.24071502685547,85.92687225341797,31.69447135925293,141.68780517578125,4.35862398147583,125.16941833496094,2.308964252471924,0.03375569881131643,0.13641757280947062,0.1977079849280753,0.44353579582121866,0.18857947803398817,3.4695959308578924e-06,0.0,0.0,0.11105135695896856,0.24286477596819075,0.402070654851536,0.2429515158664622,0.001061696354842515,0.0,0.0,0.0,0.07200452435309383,0.16972222414977553,0.316933709900145,0.4019388102061634,0.03940073139082222,0.0,0.0,0.0,0.0006661624187247154,0.0,0.0,0.0,0.0,0.0,0.02541479019353406,0.9739190473877413,0.003833903503597971,0.4094470158005399,0.38144043744665496,0.18773983581872056,0.017306344503119166,0.00023246292736747877,0.0,0.0,0.03375569881131643,0.13641757280947062,0.1977079849280753,0.4434837518822558,0.18863152197295102,3.4695959308578924e-06,0.0,0.0,0.0798770375202104,0.16275180592468202,0.29334045757031135,0.4175693398746782,0.04646135911011803,0.0,0.0,0.0,0.0,0.0,0.0,0.0,0.9994309862673393,0.0005690137326606943,0.0,0.0,0.0,0.0,0.0,0.8622327543734257,0.13776724562657433,0.0,0.0,0.0
11,舌尖,116964,129.55984497070312,20.040430068969727,87.89057922363281,17.066415786743164,105.73377990722656,16.096105575561523,164.77783203125,14.05429458618164,83.25395202636719,17.148563385009766,130.1509246826172,19.191511154174805,107.95687866210938,17.62040138244629,148.1342315673828,4.017584800720215,124.87326049804688,4.067213535308838,0.0,2.564891761567662e-05,0.06103587428610513,0.3419855682090216,0.5679525324031326,0.02900037618412503,0.0,0.0,0.0,0.06419924079203858,0.6020057453575459,0.3283061454806607,0.005488868369754796,0.0,0.0,0.0,0.0,0.0007181696932389454,0.29332957149208305,0.5982011559112206,0.10774255326425225,8.54963920522554e-06,0.0,0.0,0.0047706986765158515,0.0,0.0,0.0,0.0,0.015534694435894805,0.09388358811258164,0.8858110187750077,0.00017954242330973634,0.11478745596935809,0.6482763927362265,0.22771964023118224,0.00902841900071817,8.54963920522554e-06,0.0,0.0,0.0,0.0,0.03905475188947027,0.36259874833282035,0.5693461235935844,0.02900037618412503,0.0,0.0,0.0,0.0016842789234294312,0.2672617215553504,0.5728685749461373,0.15815977565746725,2.564891761567662e-05,0.0,0.0,0.0,0.0,0.0,0.0,0.997460757156048,0.0025392428439519853,0.0,0.0,0.0,0.0,0.0,0.7497178619062276,0.2502821380937724,0.0,0.0,0.0
11,舌中,239850,143.27947998046875,12.928682327270508,106.72218322753906,17.718706130981445,125.22744750976562,16.490625381469727,164.40936279296875,2.9487369060516357,66.13939666748047,18.02871322631836,143.2799530029297,12.92736530303955,125.66481018066406,16.13266944885254,145.729248046875,3.8057780265808105,123.5790786743164,1.5803576707839966,0.0,0.0,0.0002543256201792787,0.11867834062956015,0.7888346883468834,0.09223264540337711,0.0,0.0,0.0,0.005962059620596206,0.26264748801334165,0.6023598082134668,0.12903064415259538,0.0,0.0,0.0,0.0,0.0,0.046124661246612464,0.47686470710860956,0.47494267250364813,0.002067959141129873,0.0,0.0,0.0,0.0,0.0,0.0,0.0,0.0,0.029189076506149676,0.9708109234938503,0.0039191161142380655,0.47849906191369607,0.45197415051073586,0.06467375442985199,0.0009339170314780071,0.0,0.0,0.0,0.0,0.0,0.0002501563477173233,0.1186825099020221,0.7888346883468834,0.09223264540337711,0.0,0.0,0.0,0.0,0.0416635397123202,0.4731832395247029,0.4830644152595372,0.0020888055034396498,0.0,0.0,0.0,0.0,0.0,0.0,0.9999416301855326,5.836981446737544e-05,0.0,0.0,0.0,0.0,0.0,0.9901730248071712,0.009826975192828852,0.0,0.0,0.0
11,舌左邊,126246,128.81884765625,12.9407958984375,79.34305572509766,18.689208984375,97.86575317382812,18.55341148376465,168.11538696289062,3.635251760482788,99.24929809570312,25.48448944091797,128.8193817138672,12.939839363098145,101.87422943115234,16.553646087646484,151.56390380859375,4.9463982582092285,126.29417419433594,3.28783917427063,0.0,0.0,0.0018614451150927554,0.4664306195839868,0.5201907387164741,0.011461749283145604,5.5447301300635266e-05,0.0,0.0,0.20875908939689178,0.5907751532721829,0.18993077008380463,0.010534987247120702,0.0,0.0,0.0,0.0,0.008927015509402277,0.4895996704846094,0.42164504221915944,0.07949558797902508,0.0003326838078038116,0.0,0.0,0.0,0.0,0.0,0.0,0.0,0.0,0.006558623639560858,0.9934413763604392,2.3763129128843685e-05,0.10170619267145098,0.33414127972371405,0.40803669027137496,0.15563265370784024,0.00045942049649097793,0.0,0.0,0.0,0.0,0.0018456030290068595,0.4664464616700727,0.5201907387164741,0.011461749283145604,5.5447301300635266e-05,0.0,0.0,0.0006336834434358316,0.40795747984094544,0.5024872075154856,0.08855726122015747,0.0003643679799756032,0.0,0.0,0.0,0.0,0.0,0.0,0.9760626079242115,0.02393739207578854,0.0,0.0,0.0,0.0,0.0,0.6527969202984649,0.3472030797015351,0.0,0.0,0.0
11,舌右邊,147818,123.33504486083984,14.801116943359375,78.73906707763672,17.615171432495117,97.05058288574219,18.1882266998291,167.15122985839844,4.554175853729248,93.71125030517578,20.895753860473633,123.33712768554688,14.798346519470215,99.4730224609375,16.944683074951172,149.640869140625,3.4955384731292725,125.34695434570312,2.777984142303467,0.0,0.0,0.025754644224654642,0.5982762586423845,0.36671447320353406,0.009085497030131649,0.00016912689929507907,0.0,0.0002367776590131107,0.18129727096835296,0.6498058423196093,0.16201680444871397,0.0064944729329310365,0.0001488316713796696,0.0,0.0,0.0,0.034630423899660395,0.44770596273796154,0.46048519124869774,0.056096009958191834,0.001035056623685884,4.7355531802622145e-05,0.0,0.00027736811484392967,0.0,0.0,0.0,0.0,0.0,0.018942212721048856,0.9807804191641072,6.7650759718031634e-06,0.07302899511561514,0.46191938735472,0.4114045650732658,0.05210461513482796,0.001535672245599318,0.0,0.0,0.0,0.0,0.025693758540908416,0.5983371443261308,0.36671447320353406,0.009085497030131649,0.00016912689929507907,0.0,0.0,0.009633468183847705,0.4138399924231149,0.5116900512792759,0.06379466641410383,0.001035056623685884,6.7650759718031634e-06,0.0,0.0,0.0,0.0,0.0,0.9993505527067069,0.0006494472932931037,0.0,0.0,0.0,0.0,0.0,0.7985225074077582,0.20147749259224182,0.0,0.0,0.0
11,舌根,244058,98.3161392211914,29.567100524902344,66.73568725585938,27.02826690673828,77.4576416015625,29.3791561126709,169.8531036376953,3.8610751628875732,87.01426696777344,26.492698669433594,98.3161392211914,29.567100524902344,81.25491333007812,30.141508102416992,143.4747314453125,4.3350934982299805,127.28811645507812,2.123669147491455,0.0006637766432569307,0.16247777167722427,0.24938334330364093,0.41927328749723425,0.1663702890296569,0.0018315318489867162,0.0,0.0,0.10516352670266904,0.36581468339493073,0.3580624277835596,0.16488293766235895,0.006076424456481656,0.0,0.0,0.0,0.0624072966262118,0.2792123183833351,0.36298338919437184,0.2565373804587434,0.03873669373673471,0.00012292160060313532,0.0,0.0,0.0001434085340369912,0.0,0.0,0.0,0.0,0.0,0.0006678740299437019,0.9991887174360193,0.0004589073089183719,0.21081054503437707,0.43447049471846855,0.27096427898286474,0.07869031131944046,0.004548099222316007,5.7363413614796485e-05,0.0,0.0006637766432569307,0.16247777167722427,0.24938334330364093,0.41927328749723425,0.1663702890296569,0.0018315318489867162,0.0,0.0,0.05664637094461153,0.23709528063001417,0.361762367961714,0.2888370797105606,0.05550320005900237,0.00015570069409730474,0.0,0.0,0.0,0.0,0.0,0.0,0.9995861639446361,0.00041383605536388893,0.0,0.0,0.0,0.0,0.0,0.5819846102156044,0.4180153897843955,0.0,0.0,0.0
13,舌尖,196004,159.40501403808594,11.548940658569336,100.3563003540039,16.961284637451172,111.2454833984375,17.689489364624023,172.3283233642578,17.505718231201172,94.980712890625,20.093605041503906,159.40501403808594,11.548940658569336,125.65348815917969,14.138745307922363,153.3667755126953,5.225121021270752,132.1286163330078,3.2812488079071045,0.0,0.0,0.0,0.009387563519111854,0.49383175853554007,0.48151568335340095,0.014877247403114222,0.00038774718883288094,0.0,0.0012499744903165242,0.45089896124568885,0.47926062733413605,0.06240688965531316,0.005897838819615926,0.00028570845492949124,0.0,0.0,0.0001479561641599151,0.1741086916593539,0.6581549356135589,0.1512520152649946,0.015688455337646172,0.0006275382135058469,2.0407746780677945e-05,0.010550805085610498,0.0,0.0,0.0,0.0,0.0,0.0,0.9894491949143895,0.00021428134119711841,0.06073345441929757,0.4380165710903859,0.46272014856839655,0.037999224505622334,0.00031632007510050815,0.0,0.0,0.0,0.0,0.0,0.009387563519111854,0.49383175853554007,0.48151568335340095,0.014877247403114222,0.00038774718883288094,0.0,0.0,0.004785616620068978,0.6411654864186446,0.3241362421175078,0.028774922960755903,0.001122426072937287,1.530581008550846e-05,0.0,0.0,0.0,0.0,0.8861247729638171,0.11387522703618294,0.0,0.0,0.0,0.0,0.0,0.05750392849125528,0.9424960715087447,0.0,0.0,0.0
13,舌中,232190,155.8868865966797,9.59377384185791,116.67141723632812,12.851415634155273,125.88884735107422,12.053906440734863,172.76620483398438,7.826687335968018,64.60063934326172,11.875510215759277,155.8868865966797,9.59377384185791,135.66336059570312,11.571660995483398,144.88674926757812,2.9627087116241455,128.978759765625,1.3515336513519287,0.0,0.0,0.0,0.004052715448555063,0.6360179163616004,0.3594082432490633,0.0005211249407812567,0.0,0.0,8.61363538481416e-06,0.05455015289202808,0.7357810413885181,0.20922520349713597,0.0004349885869331151,0.0,0.0,0.0,0.0,0.010823032861018994,0.5288255308152806,0.4579611525044145,0.0023902838192859295,0.0,0.0,0.0019165338731211507,0.0,0.0,0.0,0.0,0.0,0.0,0.9980834661268788,0.0,0.5008441362677117,0.48731211507816874,0.011839441836427064,4.30681769240708e-06,0.0,0.0,0.0,0.0,0.0,0.0,0.004052715448555063,0.6360179163616004,0.3594082432490633,0.0005211249407812567,0.0,0.0,0.0,0.0009948748869460355,0.23171109866919334,0.7560360049959085,0.011253714630259702,4.30681769240708e-06,0.0,0.0,0.0,0.0,0.0,0.9999827727292304,1.722727076962832e-05,0.0,0.0,0.0,0.0,0.0,0.12283044058744993,0.87716955941255,0.0,0.0,0.0
13,舌左邊,163669,146.21136474609375,12.061383247375488,97.70455932617188,15.792990684509277,107.57801055908203,15.649519920349121,173.59378051757812,6.832737445831299,85.40708923339844,16.95002555847168,146.21136474609375,12.061383247375488,119.43732452392578,14.318916320800781,149.16830444335938,3.709012508392334,130.53744506835938,1.8783124685287476,0.0,0.0,0.0,0.04693619439234064,0.809353023480317,0.1418533747991373,0.0018085281879891733,4.88791402159236e-05,0.0,0.010802289987719116,0.4489549028832583,0.5061740463985238,0.03296287018311348,0.0010753410847503192,3.0549462634952254e-05,0.0,0.0,0.0010692311922233287,0.20764469752977044,0.6866052826130788,0.10259120542069665,0.001857407328205097,0.00023217591602563712,0.0,0.0014908137765856698,0.0,0.0,0.0,0.0,0.0,0.0,0.9985091862234143,1.22197850539809e-05,0.10014724840990047,0.6337608221471385,0.2606663448789936,0.005407254886386549,6.10989252699045e-06,0.0,0.0,0.0,0.0,0.0,0.04693619439234064,0.809353023480317,0.1418533747991373,0.0018085281879891733,4.88791402159236e-05,0.0,0.0,0.04031918078560998,0.6806236978291552,0.27573333985055204,0.002920528627901435,0.0004032529067813697,0.0,0.0,0.0,0.0,0.0,0.9975804825593118,0.0024195174406882185,0.0,0.0,0.0,0.0,0.0,0.012671917100978194,0.9873280828990219,0.0,0.0,0.0
13,舌右邊,160752,148.0126495361328,11.272052764892578,99.22512817382812,14.528407096862793,108.01371002197266,15.533324241638184,168.83181762695312,30.24445915222168,84.93153381347656,15.283231735229492,148.0126495361328,11.272052764892578,120.94013214111328,13.28930377960205,149.0826416015625,3.4463393688201904,131.18641662597656,2.235586404800415,0.0,0.0,4.3545336916492485e-05,0.03828879267443018,0.8192184234099731,0.14221907036926446,0.000230168209415746,0.0,0.0,0.002923758335821638,0.39033417935702197,0.57667089678511,0.029934308748880263,0.00013685677316611924,0.0,0.0,0.0,0.001897332537075744,0.19698666268537873,0.7017517666965263,0.09894122623668757,0.00042301184433164127,0.0,0.0,0.031943615009455556,0.0,0.0,0.0,0.0,0.0,0.0,0.9680563849905445,0.0,0.07588708072061312,0.69581715935105,0.2249863143226834,0.0033094456056534287,0.0,0.0,0.0,0.0,0.0,4.3545336916492485e-05,0.03828879267443018,0.8192184234099731,0.14221907036926446,0.000230168209415746,0.0,0.0,0.0,0.026730616104309744,0.672999402806808,0.29816114262964066,0.0021088384592415645,0.0,0.0,0.0,0.0,0.0,0.0,0.9979284861152583,0.002071513884741714,0.0,0.0,0.0,0.0,0.0,0.003987508709067384,0.9960124912909326,0.0,0.0,0.0
13,舌根,202309,103.87693786621094,31.50383758544922,69.48333740234375,27.398969650268555,74.18817901611328,28.561626434326172,162.01954650878906,47.175418853759766,90.64344024658203,22.678688049316406,103.87693786621094,31.50383758544922,84.49018096923828,31.235599517822266,143.56687927246094,2.8870508670806885,131.28688049316406,1.587976098060608,0.009950125797665946,0.1302117058558937,0.2176769199590725,0.36559915772407553,0.2737396754469648,0.0028125293486696095,9.885867657889665e-06,0.0,0.11211068217429773,0.28090198656510584,0.4119391623704333,0.1929128214760589,0.0021106327449594434,2.471466914472416e-05,0.0,0.0,0.09732636709192374,0.24984553331784548,0.37807017977450336,0.2694640376849275,0.005249395726339412,4.448640446050349e-05,0.0,0.0,0.07869644949063066,0.0,0.0,0.0,0.0,0.0,0.0,0.9213035505093693,1.4828801486834496e-05,0.08065385128689283,0.5587838405607264,0.28015066062310623,0.07814284090178884,0.0022144343553672846,3.460053680261382e-05,4.942933828944832e-06,0.009950125797665946,0.1302117058558937,0.2176769199590725,0.36559915772407553,0.2737396754469648,0.0028125293486696095,9.885867657889665e-06,0.0,0.06490566410787459,0.2033226401198167,0.2947520871538093,0.38832182453573494,0.048598925406185586,9.885867657889663e-05,0.0,0.0,0.0,0.0,0.0,0.0,1.0,0.0,0.0,0.0,0.0,0.0,0.0,0.016618143532912525,0.9833818564670874,0.0,0.0,0.0
17,舌尖,169773,200.69784545898438,14.665221214294434,151.21498107910156,22.88762092590332,177.19590759277344,22.611698150634766,163.1031494140625,7.722298622131348,63.74517822265625,18.69097328186035,200.69839477539062,14.666370391845703,173.13824462890625,19.047901153564453,150.72821044921875,5.072759628295898,121.85452270507812,2.851158380508423,0.0,0.0,5.8902181147767904e-06,5.89021811477679e-05,0.00831109775995005,0.22306256000659705,0.733078875910775,0.035482673923415385,0.0,7.068261737732148e-05,0.012021935172259428,0.14557085048859358,0.4408828258910427,0.3859447615345196,0.014990605102106931,0.0005183391941003576,0.0,2.3560872459107162e-05,0.0005536805027890183,0.02477425739075118,0.1964564447821503,0.47692507053536193,0.29569483957990966,0.005572146336578844,0.0015314567098419654,0.0,0.0,0.0,0.0,0.0,0.0759308017175876,0.9225377415725704,0.005843096369858576,0.5493453022565425,0.38100875875433665,0.06307245557302987,0.000730387046232322,0.0,0.0,0.0,0.0,0.0,5.8902181147767904e-06,5.89021811477679e-05,0.00831109775995005,0.22306256000659705,0.733078875910775,0.035482673923415385,0.0,5.8902181147767904e-06,0.00010602392606598222,0.016851914026376397,0.21369122298598717,0.5932509880840887,0.1744741507778033,0.0016198099815636173,0.0,0.0,0.0,0.0,0.9374753347116443,0.06252466528835562,0.0,0.0,0.0,0.0,0.0,0.961130450660588,0.038869549339412036,0.0,0.0,0.0
17,舌中,217704,206.69342041015625,11.952531814575195,177.48175048828125,18.165794372558594,195.33094787597656,15.582768440246582,161.49002075195312,5.5145463943481445,36.47751998901367,13.354634284973145,206.69598388671875,11.953384399414062,192.22474670410156,15.066866874694824,141.59616088867188,4.579890727996826,122.9188461303711,2.2460854053497314,0.0,0.0,0.0,0.0,0.0020256862528938374,0.10696174622423106,0.8499200749641715,0.041092492558703564,0.0,0.0,0.0004409657149156653,0.012048469481497813,0.15139363539484804,0.5989738360342484,0.23714309337449013,0.0,0.0,0.0,4.593392863704847e-06,0.0013366773233381105,0.02850659611215228,0.30339359864770515,0.6647098813067284,0.002048653217212362,0.000509866607871238,0.0,0.0,0.0,0.0,0.0,0.14757652592510934,0.8519136074670194,0.38279958108257084,0.5841555506559365,0.032094035938705766,0.0009370521441957887,1.3780178591114541e-05,0.0,0.0,0.0,0.0,0.0,0.0,0.0,0.0020256862528938374,0.10695255943850365,0.8499200749641715,0.04110167934443097,0.0,0.0,0.0,0.00074872303678389,0.03252581486789402,0.3754455591077794,0.5911191342373131,0.00016076875022966964,0.0,0.0,0.0,0.0,0.9993982655348547,0.0006017344651453349,0.0,0.0,0.0,0.0,0.0,0.9774785947892551,0.022521405210744864,0.0,0.0,0.0
17,舌左邊,154381,205.59854125976562,13.217684745788574,157.583251953125,23.088998794555664,181.70677185058594,23.134767532348633,163.9263916015625,5.042180061340332,60.407623291015625,18.61130714416504,205.6018829345703,13.222661018371582,178.63687133789062,18.844074249267578,149.75152587890625,5.1743268966674805,122.5858383178711,2.762004852294922,0.0,0.0,0.0,6.4774810371742634e-06,0.0005959282554200323,0.153775399822517,0.7576968668424223,0.08792532759860346,0.0,0.0,0.0010817393332081021,0.11104345742027841,0.40074231932686016,0.4226556376756207,0.06447684624403262,0.0,0.0,0.0,2.5909924148697054e-05,0.011594691056541932,0.17335034751685766,0.4326503909159806,0.37628335093049015,0.006095309655980982,0.00020080191215240218,0.0,0.0,0.0,0.0,0.0,0.06734637034350081,0.9324528277443468,0.03754995757249921,0.5674985911478744,0.35026330960416113,0.044655754270279374,3.238740518587132e-05,0.0,0.0,0.0,0.0,0.0,0.0,6.4774810371742634e-06,0.0005959282554200323,0.153775399822517,0.7575154973733814,0.08810669706764433,0.0,0.0,6.4774810371742634e-06,0.0016906225507024829,0.17339568988411785,0.5413101353145788,0.282942849184809,0.0006542255847546007,0.0,0.0,0.0,0.0,0.9658831073772032,0.034116892622796845,0.0,0.0,0.0,0.0,0.0,0.9244272287392878,0.07557277126071213,0.0,0.0,0.0
17,舌右邊,142108,203.36126708984375,14.4453706741333,160.3443603515625,24.853240966796875,183.56068420410156,23.713659286499023,162.89610290527344,3.883166551589966,55.00948715209961,20.100160598754883,203.36129760742188,14.44540786743164,179.88121032714844,20.383380889892578,147.7588348388672,5.551431179046631,122.31818389892578,2.1951231956481934,0.0,0.0,0.0,0.0,0.0011751625524249164,0.22000872575787428,0.7060264024544712,0.07278970923522954,0.0,0.0,0.010527204661243562,0.1020491457201565,0.315858361246376,0.4993737157654741,0.0721915726067498,0.0,0.0,0.0,1.407380302305289e-05,0.02430545782081234,0.13430630224899373,0.4126861260449799,0.4233962901455231,0.005291749936667887,0.0,0.0,0.0,0.0,0.0,0.0,0.06866608494947504,0.931333915050525,0.05209418188983027,0.690517071523067,0.1950769837025361,0.06159399893039097,0.0007177639541756974,0.0,0.0,0.0,0.0,0.0,0.0,0.0,0.0011751625524249164,0.22000872575787428,0.7060264024544712,0.07278970923522954,0.0,0.0,0.0,0.010590536774847299,0.15203929405804037,0.5069313479888535,0.33026289864047065,0.0001759225377881611,0.0,0.0,0.0,0.0,0.9525149886002195,0.047485011399780445,0.0,0.0,0.0,0.0,0.0,0.9598615137782531,0.04013848622174684,0.0,0.0,0.0
17,舌根,182366,162.22674560546875,40.92751693725586,134.7207489013672,43.427059173583984,148.00425720214844,43.29524230957031,162.6337127685547,19.63033103942871,47.57341766357422,26.68609046936035,162.23931884765625,40.938907623291016,149.7039337158203,42.58742141723633,140.9453125,6.016089916229248,124.97322082519531,2.6759042739868164,0.0,0.028689558360659333,0.05690205411096367,0.12276411173135343,0.16520623361810863,0.34371538554335784,0.2824978340260794,0.00022482260947764385,0.014470899180768345,0.060378579340447235,0.12368533608238377,0.1920314093635875,0.2806773192371385,0.2530131713148284,0.0757432854808462,0.0,0.00536832523606374,0.042129563624798486,0.10286456905344198,0.1331278856804448,0.25466918175537107,0.29121656449118805,0.17055810841933255,6.58017393593104e-05,0.013100029610782712,0.0,0.0,0.0,0.0,0.0,0.12475461434697258,0.8621453560422447,0.33605496638627813,0.42276520842700943,0.18713466325959882,0.04188829058048101,0.012156871346632596,0.0,0.0,0.0,0.0,0.028689558360659333,0.05690205411096367,0.12276411173135343,0.16518978318326882,0.3436166829343189,0.2825581522871588,0.00027965739227706917,0.005807003498459143,0.04267791145279273,0.08401785420527949,0.13098932915126724,0.2537150565346611,0.3140059002226292,0.16878694493491112,0.0,0.0,0.0,0.0,0.0,0.9998245286950418,0.00017547130495816106,0.0,0.0,0.0,0.0,0.0,0.8076834497658555,0.1923165502341445,0.0,0.0,0.0
19,舌尖,451222,198.76138305664062,13.362929344177246,149.13467407226562,16.00918960571289,161.1595916748047,15.404595375061035,171.8556671142578,11.507472038269043,64.04034423828125,11.455174446105957,198.76422119140625,13.357089042663574,170.16822814941406,14.09105110168457,148.48446655273438,3.4042599201202393,129.13555908203125,2.1244261264801025,0.0,0.0,0.0,0.0,0.0065311531795878746,0.24717766420963516,0.743580765122268,0.002710417488508982,0.0,0.0,0.00021497178772311634,0.09809583752565255,0.6180793489679138,0.28284081893170104,0.0007690227870094987,0.0,0.0,0.0,6.648611991436588e-06,0.0178692528289844,0.42334593614673044,0.548045086454118,0.010728643550181508,4.432407994291058e-06,0.004405813546325312,0.0,0.0,0.0,0.0,0.0,0.0027192823044975643,0.9928749041491771,0.0002592958676660269,0.5000864319558886,0.4947320830987851,0.004922189077660221,0.0,0.0,0.0,0.0,0.0,0.0,0.0,0.0,0.006517855955605002,0.24719096143361804,0.743580765122268,0.002710417488508982,0.0,0.0,0.0,0.0019458271094937747,0.22759750189485442,0.7247253015145538,0.04572472086910656,6.648611991436588e-06,0.0,0.0,0.0,0.0,0.9991445452571018,0.0008554547428981743,0.0,0.0,0.0,0.0,0.0,0.16091635602873974,0.8390836439712602,0.0,0.0,0.0
19,舌中,524124,205.34689331054688,7.940306186676025,165.4298858642578,12.638096809387207,168.88917541503906,11.29294204711914,131.5621795654297,75.94171142578125,50.664329528808594,9.334722518920898,205.34689331054688,7.940306186676025,182.5323486328125,10.385128021240234,143.2239227294922,3.3016445636749268,131.9171905517578,2.103780746459961,0.0,0.0,0.0,0.0,0.0,0.05597148766322473,0.940626645602949,0.0034018667338263464,0.0,0.0,3.8158908960475e-06,0.005700940998694965,0.2878479138524471,0.701078370767223,0.0053689584907388324,0.0,0.0,0.0,0.0,0.0017324144668055652,0.18868817302775678,0.7998813257931329,0.009698086712304722,0.0,0.2560558188520274,0.0,0.0,0.0,0.0,0.0,0.0,0.7439441811479727,0.0034323938609947266,0.9044481840175226,0.09155657821431569,0.0005628439071670063,0.0,0.0,0.0,0.0,0.0,0.0,0.0,0.0,0.0,0.05597148766322473,0.940626645602949,0.0034018667338263464,0.0,0.0,0.0,7.631781792095e-06,0.025663774221367463,0.7792468957727561,0.19507979027863637,1.90794544802375e-06,0.0,0.0,0.0,0.0,0.9998950630003587,0.00010493699964130625,0.0,0.0,0.0,0.0,0.0,0.01482092024024849,0.9851790797597515,0.0,0.0,0.0
19,舌左邊,385587,195.2029571533203,10.270185470581055,149.40289306640625,15.1585111618042,159.13336181640625,14.085424423217773,169.05238342285156,27.41068458557129,60.22331237792969,12.455248832702637,195.2029571533203,10.270185470581055,169.29055786132812,12.684185028076172,146.71604919433594,3.9162380695343018,129.7386016845703,1.8532577753067017,0.0,0.0,0.0,0.0,0.0037034443588606462,0.33152829322565336,0.6635700892405605,0.0011981731749255032,0.0,0.0,0.00019969552915425053,0.05763420447266116,0.6656837497114788,0.275242681936891,0.0012370749013841235,2.5934484305746824e-06,0.0,0.0,1.037379372229873e-05,0.009157466408359204,0.5122319995228055,0.47178457779956273,0.006662569018146359,0.00015301345740390625,0.02594485809946912,0.0,0.0,0.0,0.0,0.0,3.630827802804555e-05,0.9740188336225029,0.0018102270045411283,0.6035940008350904,0.3913876764517476,0.003208095708620882,0.0,0.0,0.0,0.0,0.0,0.0,0.0,0.0,0.0037034443588606462,0.33152829322565336,0.6635700892405605,0.0011981731749255032,0.0,0.0,0.0,0.0019554601166533103,0.23408465534367082,0.7284374213860945,0.035447253149094755,7.521000448666578e-05,0.0,0.0,0.0,0.0,0.99842058990578,0.0015794100942199815,0.0,0.0,0.0,0.0,0.0,0.09020532331224859,0.9097946766877514,0.0,0.0,0.0
19,舌右邊,365282,201.571044921875,10.651851654052734,160.08377075195312,14.904239654541016,166.97216796875,14.062826156616211,162.88531494140625,43.287803649902344,52.97223663330078,12.119174003601074,201.571044921875,10.651851654052734,178.11578369140625,12.494670867919922,144.44412231445312,3.90899658203125,130.45474243164062,2.0226337909698486,0.0,0.0,0.0,0.0,0.003931209312257379,0.14726704299691745,0.8352149845872504,0.013586763103574772,0.0,0.0,0.0003422013677104265,0.016302473157724717,0.4721393334464879,0.5014755722975673,0.009737682119567895,2.7376109416834116e-06,0.0,0.0,8.212832825050234e-06,0.007410712819136996,0.2897952814537809,0.6708488236485783,0.03181103914236125,0.00012593010331743694,0.06764362875805542,0.0,0.0,0.0,0.0,0.0,0.0,0.9323563712419446,0.015900044349297256,0.7667774486561068,0.21633149183370656,0.000991015160889395,0.0,0.0,0.0,0.0,0.0,0.0,0.0,0.0,0.003931209312257379,0.14726704299691745,0.8352149845872504,0.013586763103574772,0.0,0.0,0.0,0.002220202473705247,0.05744602800028471,0.7985090970811592,0.14161387640234122,0.0002107960425096227,0.0,0.0,0.0,0.0,0.9997590902371318,0.00024090976286814022,0.0,0.0,0.0,0.0,0.0,0.05261688229915518,0.9473831177008448,0.0,0.0,0.0
19,舌根,433492,165.61175537109375,39.660194396972656,132.06509399414062,37.18927764892578,133.3678741455078,36.392147064208984,103.447021484375,84.43158721923828,58.05502700805664,15.536230087280273,165.61175537109375,39.660194396972656,147.83319091796875,38.432151794433594,141.11245727539062,3.525836944580078,132.2387237548828,3.0099027156829834,0.00020300259289675473,0.03366152085851642,0.05359268452474325,0.08040978841593385,0.12218218559973425,0.44155601487455365,0.2683740415048029,2.0761628818986278e-05,0.015824974855360652,0.06538759654157401,0.08568554898360292,0.14709152648722468,0.448852573980604,0.23676561505171953,0.0003921640999141853,0.0,0.01293910844952156,0.06253402600278667,0.08695892888450076,0.13186402517232151,0.47401336126156884,0.23115536157530012,0.0005351886540005352,0.0,0.4194518007252729,0.0,0.0,0.0,0.0,0.0,0.0,0.5805481992747271,0.0014348592361566072,0.6971731888939127,0.2694882489180885,0.03153922102368671,0.0003644819281555369,0.0,0.0,0.0,0.00020300259289675473,0.03366152085851642,0.05359268452474325,0.08040978841593385,0.12218218559973425,0.44155601487455365,0.2683740415048029,2.0761628818986278e-05,0.00928736862502653,0.04763640390134074,0.0690162678896035,0.09392560877709392,0.26715141225212924,0.4904311959620939,0.022551742592712205,0.0,0.0,0.0,0.0,0.0,1.0,0.0,0.0,0.0,0.0,0.0,0.0,0.02828195214675242,0.9717180478532476,0.0,0.0,0.0
2,舌尖,118940,150.5785369873047,7.020977973937988,102.54791259765625,13.628752708435059,108.09832000732422,14.04248332977295,172.45765686035156,25.701433181762695,81.6706771850586,19.309804916381836,150.5785369873047,7.020977973937988,124.03445434570312,10.991450309753418,148.19912719726562,4.629101753234863,132.85623168945312,2.7662925720214844,0.0,0.0,0.0,0.007608878426097192,0.9119219774676307,0.08046914410627207,0.0,0.0,0.0,0.006003026736169498,0.2757020346393139,0.7039936102236422,0.014301328400874391,0.0,0.0,0.0,0.0,0.002337312930889524,0.1766016478896923,0.7540440558264672,0.06701698335295107,0.0,0.0,0.0,0.02170001681520094,0.0,0.0,0.0,0.0,0.0,0.0,0.978299983184799,0.0,0.20561627711451153,0.5305027745081554,0.25382545821422564,0.01005549016310745,0.0,0.0,0.0,0.0,0.0,0.0,0.007608878426097192,0.9119219774676307,0.08046914410627207,0.0,0.0,0.0,0.0,0.016050109298806122,0.595661678157054,0.38791827812342355,0.00036993442071632754,0.0,0.0,0.0,0.0,0.0,0.0,0.9968555574239112,0.003144442576088784,0.0,0.0,0.0,0.0,0.0,0.0011854716663864133,0.9988145283336136,0.0,0.0,0.0
2,舌中,173362,155.5227508544922,8.735845565795898,125.86522674560547,14.599682807922363,123.91649627685547,12.418037414550781,73.21070098876953,83.83153533935547,55.04683303833008,14.048949241638184,155.5227508544922,8.735845565795898,141.4911651611328,12.573274612426758,139.17982482910156,3.7333011627197266,133.40078735351562,3.1258742809295654,0.0,0.0,0.0,0.00748722326692124,0.6544225378110543,0.33809023892202444,0.0,0.0,0.0,0.002613029383601943,0.03372134608507055,0.45385955399683897,0.5096907049987887,0.00011536553569986502,0.0,0.0,0.0,0.000986375330233846,0.029868137192695054,0.5296604792284353,0.4394850082486358,0.0,0.0,0.0,0.6024099860407702,0.0,0.0,0.0,0.0,0.0,0.0,0.3975900139592298,0.003864745445945478,0.7816072726433705,0.1965021169575801,0.01582815149802148,0.002024665151532631,0.00017304830354979752,0.0,0.0,0.0,0.0,0.0,0.00748722326692124,0.6544225378110543,0.33809023892202444,0.0,0.0,0.0,0.0,0.006287421695642644,0.10951073476309688,0.8472733355637337,0.036928507977526795,0.0,0.0,0.0,0.0,0.0,0.0,0.9994462454286407,0.0005537545713593521,0.0,0.0,0.0,0.0,0.0,0.0015747395623031575,0.9984252604376969,0.0,0.0,0.0
2,舌左邊,119281,148.7251739501953,10.8912935256958,98.38577270507812,18.074678421020508,98.75984954833984,17.624935150146484,90.35600280761719,87.78419494628906,90.07638549804688,23.318939208984375,148.7251739501953,10.8912935256958,120.3011474609375,14.9942045211792,148.55235290527344,6.465887069702148,136.4182586669922,2.9483234882354736,0.0,2.5150694578348604e-05,0.0017521650556249528,0.049253443549266016,0.8458933107535986,0.10307592994693203,0.0,0.0,9.221921345394489e-05,0.02940954552694897,0.37638852792984634,0.5439508387756642,0.05010018360007042,5.8684954016146744e-05,0.0,0.0,0.00024312338092403652,0.04081119373580034,0.32033601327956673,0.6116816592751569,0.02690285963397356,2.5150694578348604e-05,0.0,0.0,0.4988137255723879,0.0,0.0,0.0,0.0,0.0,0.0,0.5011862744276121,0.00013413703775119257,0.1503424686245085,0.4341093719871564,0.36229575540111164,0.0523805132418407,0.0007377537076315591,0.0,0.0,0.0,2.5150694578348604e-05,0.0017521650556249528,0.049253443549266016,0.8458933107535986,0.10307592994693203,0.0,0.0,8.383564859449536e-06,0.001567726628717063,0.06427679177739959,0.6185310317653272,0.3133357366219264,0.0022803296417702734,0.0,0.0,0.0,0.0,0.0,0.0,0.992521860145371,0.007478139854628986,0.0,0.0,0.0,0.0,0.0,0.0,1.0,0.0,0.0,0.0
2,舌右邊,114553,136.78457641601562,23.379613876342773,94.22869873046875,26.773216247558594,96.41526794433594,28.426355361938477,110.64887237548828,84.99676513671875,85.01579284667969,30.76459312438965,136.78457641601562,23.379613876342773,113.3943862915039,26.452524185180664,145.86569213867188,4.690526962280273,134.05227661132812,3.4659042358398438,0.009026389531483244,0.005770254816547799,0.024730910582874303,0.23026022888968425,0.6864158948259758,0.043796321353434656,0.0,0.0,0.022234249648634255,0.12445767461349769,0.27621275741359896,0.5356647141497822,0.04143060417448692,0.0,0.0,0.0,0.02365717178947736,0.12924148647351008,0.24231578396026293,0.515132733319948,0.08965282445680166,0.0,0.0,0.0,0.37637600062853005,0.0,0.0,0.0,0.0,0.0,0.0,0.62362399937147,3.491833474461603e-05,0.2630310860475064,0.4598744685865931,0.15838083681789217,0.09591193595977408,0.016193377737815682,0.005002051452166246,0.0015713250635077214,0.009026389531483244,0.005770254816547799,0.024730910582874303,0.23026022888968425,0.6864158948259758,0.043796321353434656,0.0,0.0,0.013286426370326399,0.0271228165128805,0.21006870182361004,0.36128255043516977,0.38762843399998254,0.0006110708580307806,0.0,0.0,0.0,0.0,0.0,0.0,1.0,0.0,0.0,0.0,0.0,0.0,0.0,7.856625317538607e-05,0.9999214337468246,0.0,0.0,0.0
2,舌根,139923,112.35469055175781,32.16389846801758,80.41255187988281,35.296329498291016,72.58523559570312,31.24945831298828,18.101806640625,43.349388122558594,97.66971588134766,30.4875431060791,112.35469055175781,32.16389846801758,94.60179138183594,35.869998931884766,140.49749755859375,5.570438385009766,138.175537109375,2.5727667808532715,0.000621770545228447,0.06710833815741515,0.28229097432159117,0.2681046003873559,0.33567033296884713,0.04620398361956219,0.0,0.0,0.08068008833429816,0.2968346876496359,0.255783538088806,0.248072153970398,0.11862953195686199,0.0,0.0,0.0,0.09808251681281847,0.3431458730873409,0.27630911286922094,0.2555476940888918,0.02691480314172795,0.0,0.0,0.0,0.9327558728729373,0.0,0.0,0.0,0.0,0.0,0.0,0.06724412712706274,7.146787876189047e-06,0.1284849524381267,0.40845322069995643,0.26801169214496545,0.17164440442243234,0.023041244112833488,0.00035733939380945236,0.0,0.000621770545228447,0.06710833815741515,0.28229097432159117,0.2681046003873559,0.33567033296884713,0.04620398361956219,0.0,0.0,0.024649271384976024,0.21173788440785288,0.27338607662785963,0.25093086912087365,0.23537231191441008,0.003923586544027787,0.0,0.0,0.0,0.0,0.0,0.0,0.9998999449697333,0.00010005503026664665,0.0,0.0,0.0,0.0,0.0,0.0,1.0,0.0,0.0,0.0
20,舌尖,273468,193.74363708496094,7.566091060638428,147.49171447753906,11.093814849853516,162.78712463378906,12.498824119567871,169.58255004882812,3.4585134983062744,60.96723556518555,10.783561706542969,193.74365234375,7.566130638122559,168.02442932128906,9.177748680114746,147.8312530517578,2.8959262371063232,126.84481048583984,2.7734835147857666,0.0,0.0,0.0,0.0,0.0,0.3715279301417351,0.6282599792297453,0.0002120906285196074,0.0,0.0,0.0,0.02831409890736759,0.8469802682580777,0.12429973525238784,0.0004058975821668349,0.0,0.0,0.0,0.0,4.753755466818787e-05,0.368185674375064,0.6199482206327614,0.0118185674375064,0.0,0.0,0.0,0.0,0.0,0.0,0.0,0.00016455307385141954,0.9998354469261486,0.001122617637164129,0.6254113826846286,0.3734659996782073,0.0,0.0,0.0,0.0,0.0,0.0,0.0,0.0,0.0,0.0,0.3715279301417351,0.6282599792297453,0.0002120906285196074,0.0,0.0,0.0,0.0,0.17375341904720112,0.812588675823131,0.013657905129667823,0.0,0.0,0.0,0.0,0.0,1.0,0.0,0.0,0.0,0.0,0.0,0.0,0.5790842072929923,0.42091579270700774,0.0,0.0,0.0
20,舌中,399900,191.10414123535156,5.664763450622559,161.56887817382812,9.908659934997559,177.88719177246094,8.9475736618042,163.07652282714844,3.1420629024505615,39.57254409790039,8.314818382263184,191.1087188720703,5.671021461486816,177.2717742919922,8.207475662231445,141.61170959472656,2.5019137859344482,123.70249938964844,1.2369550466537476,0.0,0.0,0.0,0.0,2.7506876719179795e-05,0.4826006501625406,0.5173718429607402,0.0,0.0,0.0,0.0,0.0008927231807951988,0.38803450862715677,0.6110377594398599,3.500875218804701e-05,0.0,0.0,0.0,0.0,0.0001350337584396099,0.020907726931732932,0.9240260065016254,0.05493123280820205,0.0,0.0,0.0,0.0,0.0,0.0,0.0,0.04721180295073769,0.9527881970492623,0.18058514628657163,0.8181045261315328,0.0013103275818954739,0.0,0.0,0.0,0.0,0.0,0.0,0.0,0.0,0.0,2.7506876719179795e-05,0.48254563640910225,0.5174268567141785,0.0,0.0,0.0,0.0,2.5006251562890725e-06,0.01958989747436859,0.9574618654663666,0.022945736434108528,0.0,0.0,0.0,0.0,0.0,1.0,0.0,0.0,0.0,0.0,0.0,0.0,0.995328832208052,0.004671167791947987,0.0,0.0,0.0
20,舌左邊,286064,190.38925170898438,8.125348091125488,153.5473175048828,10.678316116333008,166.51876831054688,12.114055633544922,169.06826782226562,3.3517980575561523,49.503841400146484,8.133879661560059,190.38925170898438,8.125348091125488,171.14659118652344,9.447293281555176,143.84710693359375,1.9873186349868774,126.61852264404297,2.035642385482788,0.0,0.0,0.0,0.0,0.007047374014206611,0.5386277196711226,0.4543249063146708,0.0,0.0,0.0,0.0,0.021666480228200682,0.6843188936741429,0.2940146260976565,0.0,0.0,0.0,0.0,0.0,0.0008040158845573019,0.26733178589406564,0.7297283125454443,0.0021358856759326585,0.0,0.0,0.0,0.0,0.0,0.0,0.0,0.0009788019464175848,0.9990211980535824,0.0032055763745175905,0.944809553106997,0.051984870518485375,0.0,0.0,0.0,0.0,0.0,0.0,0.0,0.0,0.0,0.007047374014206611,0.5386277196711226,0.4543249063146708,0.0,0.0,0.0,0.0,1.398288494882264e-05,0.11934392303820124,0.8781985849320432,0.0024435091448067564,0.0,0.0,0.0,0.0,0.0,1.0,0.0,0.0,0.0,0.0,0.0,0.0,0.663414480675653,0.336585519324347,0.0,0.0,0.0
20,舌右邊,249068,190.84922790527344,9.535307884216309,152.1624298095703,12.537528038024902,165.14686584472656,14.348647117614746,169.38304138183594,6.797189235687256,51.97846221923828,8.985374450683594,190.84938049316406,9.535414695739746,170.3095245361328,11.227936744689941,144.5906219482422,2.1235573291778564,126.89112091064453,2.0728201866149902,0.0,0.0,0.0,0.0008029935599916489,0.004621227937751939,0.3974697672924663,0.5971060112097901,0.0,0.0,4.817961359949893e-05,0.0017987055743812934,0.029232980551495976,0.6251063966466989,0.34381373761382433,0.0,0.0,0.0,0.0,0.0014895530537845085,0.011326224163682208,0.285769348129828,0.700194324441518,0.0012205502111873063,0.0,0.0012888046637865964,0.0,0.0,0.0,0.0,0.0,0.0029389564295694347,0.995772238906644,0.0028867618481699777,0.8978391443300625,0.09798930412578091,0.0012847896959866383,0.0,0.0,0.0,0.0,0.0,0.0,0.0,0.0008029935599916489,0.004621227937751939,0.3974697672924663,0.5971060112097901,0.0,0.0,0.0,0.000690574461592818,0.0024772351325742367,0.19091573385581448,0.8050773282798271,0.0008391282701912731,0.0,0.0,0.0,0.0,0.0,1.0,0.0,0.0,0.0,0.0,0.0,0.0,0.6545441405559927,0.34545585944400725,0.0,0.0,0.0
20,舌根,408157,145.30506896972656,48.98247528076172,118.12999725341797,45.78668212890625,124.29307556152344,48.746376037597656,151.79331970214844,55.38837814331055,54.35503387451172,21.828800201416016,145.30880737304688,48.98684310913086,131.91400146484375,48.947940826416016,139.72491455078125,3.229403257369995,128.81613159179688,2.4273993968963623,0.012166886761711793,0.10518746462758204,0.08190230720041553,0.08459979860690861,0.14861683126835998,0.5223259677036043,0.04517379341772896,2.6950413688850125e-05,0.07613001859578544,0.1104868959738532,0.0833502794267892,0.15536668487861288,0.43302944700201146,0.14140147051257237,0.00019600300864618271,3.9200601729236544e-05,0.06809389524129196,0.1121798719610346,0.08270591953586487,0.11283403200239124,0.3380071884103421,0.28322189745612597,0.002898394490355427,5.880090259385481e-05,0.1196549367032784,9.800150432309136e-06,2.450037608077284e-06,2.450037608077284e-06,5.880090259385481e-05,6.370097781000938e-05,0.004684471906643767,0.8755233892840255,0.10444755326994269,0.622370803391832,0.20682972483627624,0.06562670736995813,0.000725211131990876,0.0,0.0,0.0,0.012166886761711793,0.10518746462758204,0.08190230720041553,0.08459979860690861,0.14861683126835998,0.5222843170642669,0.04518359356816127,5.880090259385481e-05,0.05553990253750395,0.09930982440580463,0.07655632513959089,0.09305977846759948,0.26124261007406463,0.4118782723314803,0.0023593862165784247,5.390082737770025e-05,0.0,0.0,0.0,3.9200601729236544e-05,0.9999607993982708,0.0,0.0,0.0,0.0,0.0,0.0,0.29599394350703284,0.7040060564929672,0.0,0.0,0.0
23,舌尖,392597,189.2743682861328,13.074682235717773,139.6455841064453,11.972492218017578,150.15216064453125,11.402026176452637,172.08558654785156,15.702226638793945,66.97248077392578,7.623939037322998,189.2743682861328,13.074682235717773,161.0157928466797,11.403617858886719,148.46658325195312,2.3766682147979736,129.97084045410156,2.1002914905548096,0.0,0.0,0.0,0.0,0.003479394901132714,0.5458319854711065,0.4506809782041126,7.641423648168479e-06,0.0,0.0,0.0,0.15418864637274354,0.8001996958713388,0.04561165775591765,0.0,0.0,0.0,0.0,0.0,0.024697081230880522,0.7651204670438134,0.2101824517253061,0.0,0.0,0.008194153292052664,0.0,0.0,0.0,0.0,0.0,3.0565694592673915e-05,0.9917752810133547,0.0,0.3370275371436868,0.6622669047394657,0.0007055581168475562,0.0,0.0,0.0,0.0,0.0,0.0,0.0,0.0,0.003479394901132714,0.5458319854711065,0.4506809782041126,7.641423648168479e-06,0.0,0.0,0.0,1.2735706080280797e-05,0.4703729269454428,0.5292017004714759,0.0004126368770010978,0.0,0.0,0.0,0.0,0.0,1.0,0.0,0.0,0.0,0.0,0.0,0.0,0.10269054526652012,0.8973094547334799,0.0,0.0,0.0
23,舌中,486880,204.97052001953125,5.34246826171875,159.74441528320312,8.432994842529297,167.89373779296875,7.917917251586914,170.5507049560547,26.209470748901367,56.37967300415039,7.7210588455200195,204.97052001953125,5.34246826171875,178.8411865234375,6.7749481201171875,145.99293518066406,2.6965677738189697,130.3375244140625,1.591565728187561,0.0,0.0,0.0,0.0,0.0,0.017369783108774236,0.9826220013144923,8.21557673348669e-06,0.0,0.0,0.0,0.0015424745317121262,0.415876602037463,0.5825809234308248,0.0,0.0,0.0,0.0,0.0,0.00017663489976996386,0.14250944791324352,0.8573015938218863,1.2323365100230036e-05,0.0,0.02318435754189944,0.0,0.0,0.0,0.0,0.0,0.0,0.9768156424581006,4.107788366743345e-06,0.8399030561945449,0.15997165626026946,0.0001211797568189287,0.0,0.0,0.0,0.0,0.0,0.0,0.0,0.0,0.0,0.017369783108774236,0.9826220013144923,8.21557673348669e-06,0.0,0.0,0.0,0.0,0.013904863621426225,0.9815354912914886,0.004559645087085114,0.0,0.0,0.0,0.0,0.0,0.9999958922116332,4.107788366743345e-06,0.0,0.0,0.0,0.0,0.0,0.012362389089714099,0.9876376109102859,0.0,0.0,0.0
23,舌左邊,321614,196.10617065429688,10.28125,144.45655822753906,12.571856498718262,153.14077758789062,12.415181159973145,174.72134399414062,6.529223442077637,67.40605926513672,9.248775482177734,196.10617065429688,10.28125,166.05438232421875,11.125693321228027,148.81654357910156,2.710385322570801,131.27056884765625,1.4231075048446655,0.0,0.0,0.0,0.0,0.003466888879215457,0.257445260467517,0.7390443202099412,4.353044332647211e-05,0.0,0.0,0.0007711107103546488,0.09084181658758636,0.803086930295323,0.10530014240673602,0.0,0.0,0.0,0.0,4.042112594600981e-05,0.038990839950997155,0.6664293221066248,0.29452076091214935,1.865590428277376e-05,0.0,0.001346334425740173,0.0,0.0,0.0,0.0,0.0,0.0,0.9986536655742598,0.0,0.330259254883183,0.6647534000385555,0.004987345078261519,0.0,0.0,0.0,0.0,0.0,0.0,0.0,0.0,0.003466888879215457,0.257445260467517,0.7390443202099412,4.353044332647211e-05,0.0,0.0,0.0,0.003243018027822172,0.22080817377352976,0.7748294539416817,0.0011193542569664255,0.0,0.0,0.0,0.0,0.0,0.9997761291486067,0.00022387085139328512,0.0,0.0,0.0,0.0,0.0,0.0009825442922260846,0.9990174557077739,0.0,0.0,0.0
23,舌右邊,338830,195.94358825683594,8.007132530212402,147.33811950683594,11.352558135986328,156.3818359375,11.232199668884277,167.38296508789062,33.68449401855469,63.547725677490234,10.011298179626465,195.94358825683594,8.007132530212402,168.0389862060547,9.518192291259766,147.67247009277344,3.277742624282837,130.53085327148438,2.0265285968780518,0.0,0.0,0.0,0.0,0.0008116164448248385,0.2388483900481067,0.7603399935070685,0.0,0.0,0.0,0.0,0.041560664640084996,0.8051854912492991,0.15325384411061593,0.0,0.0,0.0,0.0,0.0,0.01587521766077384,0.5595962577103563,0.4245285246288699,0.0,0.0,0.03952719652923295,0.0,0.0,0.0,0.0,0.0,0.0,0.960472803470767,0.0,0.5143375734143966,0.48537024466546647,0.0002921819201369418,0.0,0.0,0.0,0.0,0.0,0.0,0.0,0.0,0.0008116164448248385,0.2388483900481067,0.7603399935070685,0.0,0.0,0.0,0.0,0.0001859339491780539,0.18452616356284862,0.8151550925242748,0.00013280996369860993,0.0,0.0,0.0,0.0,0.0,1.0,0.0,0.0,0.0,0.0,0.0,0.0,0.03365994746628102,0.966340052533719,0.0,0.0,0.0
23,舌根,437117,123.33287048339844,51.991920471191406,84.93330383300781,44.48831558227539,88.8823471069336,45.290771484375,145.95712280273438,65.81393432617188,90.75595092773438,27.489288330078125,123.3328857421875,51.99190139770508,100.80695343017578,49.51262283325195,144.6363067626953,3.9724996089935303,132.3030548095703,2.0640885829925537,0.010317603753686084,0.1942180240073024,0.12848505091314225,0.12840269310047425,0.19327548459565747,0.30225317249157546,0.0430479711381621,0.0,0.18564823605579284,0.17728891806999042,0.15771749897624662,0.2659196508028743,0.20506866582631195,0.008357030268783873,0.0,0.0,0.15959113921444373,0.18917818341542425,0.15348293477490008,0.23849678690144743,0.23461910655499557,0.02463184913878893,0.0,0.0,0.17233143529078027,0.0,0.0,0.0,0.0,0.0,4.117890633400211e-05,0.8276273858028858,0.0,0.17181212352756814,0.4346273423362624,0.2639041721095267,0.12812587934122902,0.001530482685413745,0.0,0.0,0.010317603753686084,0.1942180240073024,0.12848505091314225,0.12840269310047425,0.19327548459565747,0.30225317249157546,0.0430479711381621,0.0,0.1278216129777611,0.16693013540997031,0.13309251298851338,0.1718441515658279,0.2915969866191432,0.10871460043878413,0.0,0.0,0.0,0.0,0.0,0.0,0.9999839859808701,1.601401912988971e-05,0.0,0.0,0.0,0.0,0.0,0.0041499186716599905,0.99585008132834,0.0,0.0,0.0
24,舌尖,284282,201.05435180664062,11.510981559753418,157.4993438720703,15.425395011901855,163.66078186035156,17.448307037353516,160.534423828125,47.68912124633789,56.411598205566406,11.371870994567871,201.05435180664062,11.510981559753418,176.10142517089844,13.574596405029297,145.15989685058594,2.605787992477417,131.1415252685547,2.8424272537231445,0.0,0.0,0.0,0.0,8.090557967089017e-05,0.2042971415706939,0.7907218888286983,0.004900064020936957,0.0,0.0,7.035267797468711e-06,0.05068910448076206,0.4293166644388319,0.5191007520701275,0.0008864437424810575,0.0,0.0,0.0,2.4623437291140487e-05,0.04380157730704019,0.2861243413230525,0.6588176528939574,0.011231805038658796,0.0,0.08405034437635868,0.0,0.0,0.0,0.0,0.0,0.0,0.9159496556236413,0.0,0.803993921528623,0.18363456004952827,0.012371518421848728,0.0,0.0,0.0,0.0,0.0,0.0,0.0,0.0,8.090557967089017e-05,0.2042971415706939,0.7907218888286983,0.004900064020936957,0.0,0.0,0.0,0.00010904665086076501,0.13105296853124715,0.7653597484188236,0.10347823639906853,0.0,0.0,0.0,0.0,0.0,0.9998135654033671,0.00018643459663292083,0.0,0.0,0.0,0.0,0.0,0.006391540794000323,0.9936084592059997,0.0,0.0,0.0
24,舌中,369453,216.06185913085938,7.384893417358398,181.14598083496094,10.110294342041016,186.57057189941406,8.807427406311035,159.6530303955078,49.3359489440918,41.44084548950195,7.3889641761779785,216.06185913085938,7.384893417358398,196.12716674804688,8.373504638671875,141.4365234375,2.77013897895813,130.04698181152344,1.3477767705917358,0.0,0.0,0.0,0.0,0.0,0.004338846889861498,0.8443130790655374,0.15134807404460107,0.0,0.0,0.0,4.060056353582188e-05,0.02484754488392299,0.8268656635620769,0.1482461909904643,0.0,0.0,0.0,0.0,0.0,0.008347475862964977,0.6800756794504308,0.31157684468660424,0.0,0.08851193521232742,0.0,0.0,0.0,0.0,0.0,0.0,0.9114880647876726,0.09317829331471121,0.9022825636819839,0.004539143003304886,0.0,0.0,0.0,0.0,0.0,0.0,0.0,0.0,0.0,0.0,0.004338846889861498,0.8443130790655374,0.15134807404460107,0.0,0.0,0.0,0.0,0.00103937442651704,0.27206166954930666,0.7268989560241763,0.0,0.0,0.0,0.0,0.0,1.0,0.0,0.0,0.0,0.0,0.0,0.0,0.01908226486183628,0.9809177351381637,0.0,0.0,0.0
24,舌左邊,246163,203.56666564941406,13.488873481750488,158.33392333984375,21.17729377746582,167.88365173339844,19.957242965698242,170.7404327392578,22.130542755126953,57.583282470703125,15.175541877746582,203.56666564941406,13.488873481750488,177.5406951904297,17.838510513305664,146.3338623046875,4.150619983673096,129.69129943847656,1.9488555192947388,0.0,0.0,0.0,0.0,0.0007474722033774369,0.1700214898258471,0.7986415505173401,0.030589487453435326,0.0,0.0,0.00016249395725596454,0.11417231671697209,0.344682182131352,0.5232792905513827,0.017703716643037336,0.0,0.0,0.0,3.656114038259202e-05,0.06260892173072313,0.20516487043138085,0.664539349942924,0.06765029675458945,0.0,0.01662719417621657,0.0,0.0,0.0,0.0,0.0,2.8436442519793795e-05,0.9833443693812637,0.002831457205185182,0.7068446517145144,0.274135430588675,0.016188460491625468,0.0,0.0,0.0,0.0,0.0,0.0,0.0,0.0,0.0007474722033774369,0.1700214898258471,0.7986415505173401,0.030589487453435326,0.0,0.0,0.0,0.0016005654789712507,0.16348110804629454,0.5987536713478467,0.23616465512688747,0.0,0.0,0.0,0.0,0.0,0.9988259811588257,0.001174018841174344,0.0,0.0,0.0,0.0,0.0,0.07462128752087031,0.9253787124791297,0.0,0.0,0.0
24,舌右邊,254471,210.6454315185547,11.429903984069824,163.519287109375,15.302855491638184,171.39276123046875,17.090925216674805,164.80667114257812,39.523887634277344,57.892799377441406,10.750582695007324,210.6454315185547,11.429903984069824,182.8046875,13.338119506835938,146.60574340820312,2.7514779567718506,130.7701416015625,2.7524144649505615,0.0,0.0,0.0,3.929720871926467e-06,0.0036035540395565704,0.05606139795890298,0.8482341799261999,0.09209693835446868,0.0,0.0,0.001202494586809499,0.016536265429066572,0.3269999331947452,0.646800617752121,0.008460689037257683,0.0,0.0,0.0,0.0021338384334560717,0.018505055585901733,0.17376046779397258,0.7459710536760574,0.05962958451061221,0.0,0.056151781538957286,0.0,0.0,0.0,0.0,0.0,0.0,0.9438482184610427,0.0,0.7357419902464328,0.25629246554617224,0.007965544207394948,0.0,0.0,0.0,0.0,0.0,0.0,0.0,3.929720871926467e-06,0.0036035540395565704,0.05606139795890298,0.8482341799261999,0.09209693835446868,0.0,0.0,0.0,0.002955150095688703,0.055597690896015656,0.6741396858581135,0.26729175426669444,1.5718883487705867e-05,0.0,0.0,0.0,0.0,1.0,0.0,0.0,0.0,0.0,0.0,0.0,0.029527922631655473,0.9704720773683445,0.0,0.0,0.0
24,舌根,412394,169.30194091796875,33.96968460083008,127.5273666381836,34.61565017700195,131.6271209716797,34.95975112915039,124.75818634033203,79.09190368652344,66.95049285888672,20.916454315185547,169.30267333984375,33.967529296875,146.12982177734375,33.971736907958984,144.8727569580078,4.831133842468262,132.2620391845703,1.8461521863937378,0.00022793736087333956,0.0032929674049573953,0.025589606056344177,0.11475433687202044,0.192796209450186,0.33188892175928847,0.3303588316027876,0.0010911894935425831,0.004435079074865299,0.039867214362963574,0.1495851055058997,0.26564886977017127,0.3422139992337425,0.19439177097629937,0.0038579610760583324,0.0,0.0019762654160826783,0.03417120520667129,0.14073434628049875,0.23198203659607075,0.33691081829512554,0.2498338967104274,0.004391431495123595,0.0,0.29357362134269654,0.0,0.0,0.0,2.42486554120574e-06,5.577190744773202e-05,0.00017216545342560756,0.7061960164308889,0.004510249906642677,0.46825366033453447,0.4443275120394574,0.06787441136388987,0.015014767431145944,1.939892432964592e-05,0.0,0.0,0.00022793736087333956,0.0032711436150865436,0.025611429846215027,0.11475433687202044,0.192796209450186,0.33188892175928847,0.3303588316027876,0.0010911894935425831,0.000923873771199387,0.016045335286158383,0.07131287070131961,0.19419050713637928,0.302795384995902,0.3646852282040961,0.05004679990494527,0.0,0.0,0.0,0.0,0.0,0.9999733264790467,2.6673520953263143e-05,0.0,0.0,0.0,0.0,0.0,0.0031280765481554048,0.9968719234518446,0.0,0.0,0.0
26,舌尖,318411,199.37892150878906,8.286527633666992,151.68675231933594,21.30097770690918,166.92518615722656,20.141735076904297,169.2120361328125,4.494693756103516,61.36663055419922,22.93503189086914,199.379638671875,8.287761688232422,172.50070190429688,15.927791595458984,148.32762145996094,7.031142234802246,127.2672119140625,2.876152753829956,0.0,0.0,0.0,0.0,0.00014760796580520145,0.1578745709162058,0.8397322956807397,0.0022455254372493413,0.0,0.0,0.0005590259130494864,0.12893712842835203,0.5045271677171957,0.33455502479499766,0.031418512551387986,3.140595017131946e-06,0.0,0.0,3.768714020558335e-05,0.00824720251498849,0.39505544720502744,0.4616580457333446,0.13493566491107406,6.595249535977086e-05,2.5124760137055566e-05,0.0,0.0,0.0,0.0,0.0,0.02194961857473517,0.9780252566651277,0.11105772099581987,0.406992848865146,0.428794859474076,0.05305093102939283,0.00010363963556535421,0.0,0.0,0.0,0.0,0.0,0.0,0.0,0.00014760796580520145,0.1578745709162058,0.8397260144907054,0.002251806627283605,0.0,0.0,0.0,0.0008228358944885698,0.23813561717402978,0.6183297687579888,0.14268351281833858,2.8265355154187514e-05,0.0,0.0,0.0,0.0,0.9681166793860765,0.031883320613923516,0.0,0.0,0.0,0.0,0.0,0.5252268294751123,0.47477317052488766,0.0,0.0,0.0
26,舌中,510099,204.04513549804688,11.206493377685547,170.84133911132812,22.838228225708008,184.18614196777344,21.37256622314453,166.4440460205078,8.406694412231445,42.34860610961914,18.45041275024414,204.05224609375,11.216379165649414,186.64263916015625,18.3647518157959,142.409912109375,5.432266712188721,125.86764526367188,2.3596084117889404,0.0,0.0,0.0,0.0,0.00010782220706176644,0.14648332970658637,0.8361749385903521,0.017233909495999795,0.0,0.0,0.00016467391623978874,0.0343129470945836,0.2727725402323863,0.48548615072760387,0.20688336969882318,0.00038031833036332165,0.0,0.0,0.0,0.0054734473112082165,0.14495029396254452,0.42813257818580314,0.4171856835633867,0.004257996977057395,0.0015663626080427524,0.0,0.0,0.0,0.0,0.00010978261082652583,0.053932667972295574,0.9443911868088352,0.31700120956912287,0.5396873940156715,0.13990029386452435,0.0034111025506813383,0.0,0.0,0.0,0.0,0.0,0.0,0.0,0.0,0.00010782220706176644,0.14648332970658637,0.8358769572181086,0.017531890868243222,0.0,0.0,0.0,0.0003999223680109155,0.0868498075863705,0.4807576568470042,0.428720699315231,0.0032719138833834215,0.0,0.0,0.0,0.0,0.9995491071341054,0.0004508928658946597,0.0,0.0,0.0,0.0,0.0,0.7589938423717749,0.2410061576282251,0.0,0.0,0.0
26,舌左邊,346406,202.0292510986328,9.896058082580566,159.54705810546875,21.689624786376953,176.65872192382812,20.57181167602539,166.8164825439453,5.864125728607178,54.27485656738281,20.108339309692383,202.03277587890625,9.899450302124023,178.62554931640625,17.00978660583496,146.57113647460938,6.039807319641113,125.37967681884766,2.797938823699951,0.0,0.0,0.0002944521746159131,0.0005051875544880862,0.0011229597639763745,0.1252749663689428,0.8704901185314342,0.002312315606542612,0.0,0.00048209326628291657,0.00058601756320618,0.07262864961923292,0.41623124310779835,0.43768583685040097,0.07238615959307865,0.0,0.0,0.0003666218252570683,0.0004416782619238697,0.01105061690617368,0.19390830412868137,0.5328429646137769,0.26106072065726343,0.0003290936069236676,0.0004532254060264545,0.0,0.0,0.0,0.0,2.886786025646207e-06,0.033224020369162194,0.9663198674387857,0.13589256537126956,0.5483623262876509,0.2928846498039872,0.022846024606964083,1.4433930128231035e-05,0.0,0.0,0.0,0.0,0.0,0.0002944521746159131,0.0005051875544880862,0.0011229597639763745,0.12526630601086586,0.8704439299550238,0.00236716454102989,0.0,2.886786025646207e-05,0.0006466400697447504,0.0008371679474374,0.1379566173796066,0.621862785286629,0.2385409028711974,0.0001270185851284331,0.0,0.0,0.0,0.0,0.987523310797157,0.012476689202842907,0.0,0.0,0.0,0.0,0.0,0.7627263961940614,0.2372736038059387,0.0,0.0,0.0
26,舌右邊,353375,207.00144958496094,9.794831275939941,166.9613494873047,22.877119064331055,179.72161865234375,21.97309112548828,168.7925567626953,5.82954740524292,49.89553451538086,21.747709274291992,207.0144805908203,9.816682815551758,184.71923828125,17.575281143188477,144.8562469482422,6.682581901550293,127.28988647460938,2.6894121170043945,0.0,0.0,0.0,0.0,0.0,0.06414149274849663,0.9029388043862752,0.032919702865228155,0.0,0.0,2.829854969932791e-06,0.03919915104350902,0.3394863813229572,0.4603494870887867,0.16072161301733287,0.00024053767244428724,0.0,0.0,0.0,0.004284400424478246,0.2033477184294305,0.4581733286169084,0.3281103643438274,0.006084188185355501,0.00021223912274495932,0.0,0.0,0.0,0.0,0.000447117085249381,0.0370484612663601,0.9622921825256455,0.22443579766536964,0.504503714184648,0.2496922532720198,0.021368234877962505,0.0,0.0,0.0,0.0,0.0,0.0,0.0,0.0,0.0,0.06414149274849663,0.9018323310930315,0.03402617615847188,0.0,0.0,0.0,0.0,0.08101874778917581,0.5402900601344182,0.3753180049522462,0.003373187124159887,0.0,0.0,0.0,0.0,0.9812465511142554,0.018753448885744605,0.0,0.0,0.0,0.0,0.0,0.5732805093738946,0.4267194906261054,0.0,0.0,0.0
26,舌根,483278,173.39752197265625,35.711158752441406,145.88369750976562,38.24566650390625,153.6348114013672,38.42522430419922,163.55386352539062,33.4892463684082,42.687015533447266,23.65980339050293,173.40403747558594,35.71232223510742,160.52330017089844,36.60761260986328,139.76199340820312,6.094632625579834,127.92879486083984,2.2308216094970703,0.0009580407136265256,0.003205194525718117,0.036852494837339995,0.09126837969036455,0.14975438567449792,0.3303771328303792,0.38403362040068034,0.003550751327393343,0.0023423371227326716,0.028240474426727474,0.08406548611772106,0.17442962435699536,0.30327058132172374,0.30016470851145716,0.10743298888010627,5.3799262536262774e-05,0.0018208981166119708,0.020079540140457458,0.06686420652295366,0.14418616200199472,0.2747424877606678,0.32231965866437123,0.16850549787079072,0.001481548922152467,0.040728110942356156,4.1384048104817515e-05,0.0,0.0,0.0,0.0004966085772578102,0.020025740877921198,0.93870815555436,0.3758416480783317,0.4484023688229135,0.14355919367320671,0.029490272679492963,0.0021850777399343648,0.00031451876559661314,0.0001882974188769197,1.862282164716788e-05,0.0009580407136265256,0.003205194525718117,0.036852494837339995,0.09126631048795932,0.14973783205525598,0.3303957556520264,0.3836922020038156,0.0038921697242580875,0.0018622821647167882,0.011486142551492102,0.05174661375026382,0.11007949875640935,0.24898919462503982,0.36520801691779886,0.20909911065680623,0.0015291405774730074,0.0,0.0,0.0,0.0,0.9962299132176511,0.003770086782348876,0.0,0.0,0.0,0.0,0.0,0.46026303700975424,0.5397369629902458,0.0,0.0,0.0
27,舌尖,587704,203.60824584960938,13.298412322998047,157.19781494140625,15.934442520141602,180.76097106933594,17.88754653930664,161.2141876220703,22.028461456298828,58.845985412597656,10.203737258911133,203.60855102539062,13.298922538757324,177.76234436035156,14.296821594238281,149.0157928466797,2.9065845012664795,122.48634338378906,3.683156967163086,0.0,0.0,0.0,0.00013612294624504854,0.009596667710275921,0.15532649088656875,0.8273484611300927,0.0075922573268175815,0.0,0.0,0.0005138641220750582,0.047428637545431036,0.4507251949961205,0.49665307705919987,0.0046792262771735435,0.0,0.0,3.913534704545145e-05,0.004662210908892912,0.01288743993574997,0.0807243101969699,0.6480303009678341,0.2530117201856717,0.0006448824578359174,0.019191633883723778,0.0,0.0,0.0,0.0,0.0,0.009230837292242354,0.9715775288240339,0.0010974912541007037,0.7143391911574534,0.27916774430665775,0.005358139471570723,3.7433810217388344e-05,0.0,0.0,0.0,0.0,0.0,0.0,0.00013612294624504854,0.009596667710275921,0.15532649088656875,0.8273382519091244,0.00760246654778596,0.0,0.0,1.020922096837864e-05,0.004167063691926548,0.1156466520561371,0.7419772538556825,0.13817329812286458,2.5523052420946598e-05,0.0,0.0,0.0,0.0,0.9998298463171937,0.00017015368280631066,0.0,0.0,0.0,0.0,0.0,0.9273103467051441,0.07268965329485591,0.0,0.0,0.0
27,舌中,710476,206.44593811035156,9.988112449645996,162.24166870117188,12.892425537109375,170.1717071533203,15.040773391723633,128.8318634033203,73.1029052734375,56.472023010253906,12.173476219177246,206.4464569091797,9.987674713134766,180.9342803955078,10.779260635375977,145.6114044189453,3.662306547164917,130.293701171875,5.628676414489746,0.0,0.0,0.0,0.0,0.0006235256363339508,0.08486141685292677,0.9117408610565311,0.0027741964542081646,0.0,0.0,0.00045603229384243805,0.011596450830147676,0.3693946030548534,0.6157013044775616,0.002851609343594998,0.0,0.0,0.0,0.00011400807346060951,0.004758781436670627,0.2287846457867683,0.7050850415777591,0.06125752312534132,0.0,0.25202399518069574,0.0,0.0,0.0,0.0,0.0,0.004056435403870081,0.7439195694154341,0.008823661883019272,0.7430581750826206,0.24349731729150598,0.0044913550915161105,0.00010556303098204585,2.392762035593039e-05,0.0,0.0,0.0,0.0,0.0,0.0,0.0006235256363339508,0.08484171175381013,0.9117605661556477,0.0027741964542081646,0.0,0.0,0.0,0.0008529492903349303,0.03973814738288134,0.8166299776487875,0.14277892567799616,0.0,0.0,0.0,0.0,0.0,0.9987445036848536,0.0012554963151464652,0.0,0.0,0.0,0.0,0.0,0.33723869631064246,0.6627359685619219,2.5335127435691e-05,0.0,0.0
27,舌左邊,504134,212.08853149414062,10.898935317993164,172.682373046875,18.15953254699707,179.73573303222656,17.845579147338867,123.00538635253906,74.90377807617188,50.840301513671875,14.70921516418457,212.088623046875,10.899102210998535,189.4418487548828,14.733360290527344,143.54733276367188,5.0020012855529785,129.93275451660156,5.905487537384033,0.0,0.0,3.173759357631106e-05,0.00041655591568908265,0.002759187041540543,0.04072131615800561,0.8530509745424828,0.1030202287487057,0.0,9.124558153189429e-05,0.0008430298293707625,0.011306517711560816,0.21327067803401475,0.6325500759718646,0.1419146496764749,2.3803195182233296e-05,0.0,9.917997992597207e-06,0.0002221631550341774,0.0030963989732888477,0.12485172593001068,0.5905810756663903,0.2794514950390174,0.0017872232382660166,0.2874434178214522,0.0,0.0,0.0,0.0,0.0,0.0015888632784140724,0.7109677189001337,0.08730416912963616,0.7036422855828014,0.20470152776841077,0.004350033919553135,1.9835995985194412e-06,0.0,0.0,0.0,0.0,0.0,3.173759357631106e-05,0.00041655591568908265,0.002759187041540543,0.04072131615800561,0.8530509745424828,0.1030202287487057,0.0,3.9671991970388825e-06,0.00021026155744306079,0.0015591092844362809,0.03134682445540273,0.4810427386369497,0.48458148032070836,0.0012556185458628064,0.0,0.0,0.0,0.0,0.9999980164004015,1.9835995985194412e-06,0.0,0.0,0.0,0.0,0.0,0.3995425819325814,0.6004574180674186,0.0,0.0,0.0
27,舌右邊,460807,213.85658264160156,14.756360054016113,175.9882354736328,20.22516632080078,185.62374877929688,21.94280242919922,131.0576629638672,69.20990753173828,47.61489486694336,14.016188621520996,213.86767578125,14.774959564208984,192.25265502929688,17.604154586791992,143.33853149414062,4.32478666305542,128.4097137451172,5.051494121551514,3.0381482920181335e-05,0.0007660473907731436,0.0007790680263103642,0.001343295566256589,0.005021625105521401,0.045619966710575145,0.7004971712669296,0.24594244445071364,0.0013997183202512115,0.0020637707326494606,0.0028601996063427858,0.00864787210263733,0.15203979106220175,0.6187774925294104,0.2125944267339689,0.001616728912538221,0.001408398743942692,0.0013367852484879787,0.0033593239686029075,0.005629254763925028,0.09352071474608675,0.4707220159415981,0.40281072119130135,0.021212785396055183,0.22959937674557895,0.0,0.0,0.0,0.0,1.953095330583086e-05,0.021306099950738594,0.7490749923503767,0.09262229089401854,0.8208208642663849,0.07971233075886434,0.003051168927555354,0.0023480546085454432,0.0013085738714906675,0.000136716673140816,0.0,3.0381482920181335e-05,0.0007660473907731436,0.0007790680263103642,0.001343295566256589,0.005021625105521401,0.045619966710575145,0.7004928310550838,0.24594678466255937,0.000753026755235923,0.0009071042757596998,0.0021245336984898233,0.0037022007044163825,0.021453667153493762,0.3885683160195049,0.5758115653625053,0.0066795860305941535,0.0,0.0,0.0,0.0,0.9988910758734134,0.0011089241265866186,0.0,0.0,0.0,0.0,0.0,0.5037531981936039,0.4962468018063962,0.0,0.0,0.0
27,舌根,659221,130.39332580566406,39.262901306152344,93.61649322509766,39.64765930175781,90.53939819335938,40.71921920776367,56.40718460083008,78.71619415283203,89.15628814697266,30.804643630981445,130.3933563232422,39.26296615600586,109.76860046386719,40.70402145385742,142.87811279296875,2.8895537853240967,136.0029296875,4.583364963531494,6.067767865404773e-06,0.028227256109863003,0.205430348851144,0.25870990153529694,0.2139282577466434,0.24823845114157467,0.04545971684761256,0.0,0.029208717562092226,0.2567591141665693,0.25315030922861986,0.20575194054801046,0.21151783696211135,0.04359842905489965,1.3652477697160739e-05,0.0,0.03265217582570944,0.30994613339077487,0.20701100238008194,0.20935467771809455,0.20644214914270026,0.03452559915415316,6.82623884858037e-05,0.0,0.6957363312151768,0.0,0.0,0.0,0.0,0.0,0.0002776003798422684,0.30398606840498105,0.0028912913878653746,0.2620744788166639,0.3119242257148968,0.2876440526014796,0.1324593725017862,0.003006578977308065,0.0,0.0,6.067767865404773e-06,0.028227256109863003,0.205430348851144,0.25870990153529694,0.2139282577466434,0.24822783254781022,0.04547033544137702,0.0,0.0049619171719347535,0.14991330676662304,0.25657556418864086,0.21372650446511868,0.23465726971683246,0.13871372422905218,0.001451713461798092,0.0,0.0,0.0,0.0,0.0,0.9999544917410095,4.5508258990535796e-05,0.0,0.0,0.0,0.0,0.0,0.032241084552828266,0.9677589154471717,0.0,0.0,0.0
29,舌尖,242407,207.072998046875,10.750223159790039,152.9912567138672,15.083523750305176,157.6046142578125,16.889860153198242,137.24488830566406,73.26251983642578,67.22553253173828,10.671438217163086,207.072998046875,10.750223159790039,174.52857971191406,12.974523544311523,148.9454345703125,2.873838186264038,133.70065307617188,2.6672356128692627,0.0,0.0,0.0,0.0,1.650117364597557e-05,0.10131308089287851,0.8744178179673029,0.024252599966172593,0.0,0.0,4.537822752643282e-05,0.06174739178324058,0.6003044466537683,0.33120330683519866,0.0066747247397971185,2.4751760468963355e-05,0.0,0.0,7.425528140689006e-05,0.0505265937039772,0.45468983981485683,0.47870317276316277,0.01591950727495493,8.663116164137175e-05,0.22298035947806788,0.0,0.0,0.0,0.0,0.0,0.0,0.7770196405219322,0.0001732623232827435,0.3780418882293003,0.6171150173056058,0.004669832141811086,0.0,0.0,0.0,0.0,0.0,0.0,0.0,0.0,1.650117364597557e-05,0.10131308089287851,0.8744178179673029,0.024252599966172593,0.0,0.0,0.0,0.00023514172445515186,0.1295507142945542,0.7980380104534935,0.07207712648562128,9.900704187585342e-05,0.0,0.0,0.0,0.0,1.0,0.0,0.0,0.0,0.0,0.0,0.0,0.0013283444785010335,0.998671655521499,0.0,0.0,0.0
29,舌中,320000,209.39630126953125,8.319250106811523,172.03860473632812,10.329532623291016,175.4485321044922,10.793254852294922,130.5176544189453,76.10391235351562,46.54692077636719,8.03631591796875,209.39630126953125,8.319250106811523,188.0985565185547,8.757290840148926,142.14930725097656,3.325087547302246,131.48126220703125,1.8242186307907104,0.0,0.0,0.0,0.0,9.6875e-05,0.0358875,0.94923125,0.014784375,0.0,0.0,0.0,0.0015125,0.10443125,0.874946875,0.019109375,0.0,0.0,0.0,0.0,0.0012875,0.07385625,0.881596875,0.043259375,0.0,0.261790625,0.0,0.0,0.0,0.0,0.0,0.0,0.738209375,0.0183125,0.957525,0.0241625,0.0,0.0,0.0,0.0,0.0,0.0,0.0,0.0,0.0,9.6875e-05,0.0358875,0.94923125,0.014784375,0.0,0.0,0.0,1.5625e-05,0.006309375,0.6370625,0.356596875,1.5625e-05,0.0,0.0,0.0,0.0,1.0,0.0,0.0,0.0,0.0,0.0,0.0,0.0008625,0.9991375,0.0,0.0,0.0
29,舌左邊,211547,205.6888885498047,12.011322021484375,160.32113647460938,18.855960845947266,162.9905242919922,19.269926071166992,148.3289794921875,65.82437133789062,57.13100051879883,13.819454193115234,205.6888885498047,12.011322021484375,179.00650024414062,15.912264823913574,145.29794311523438,3.6655092239379883,133.28875732421875,1.9177509546279907,0.0,0.0,0.0,0.0,8.036039272596634e-05,0.13747772362642818,0.8398228289694488,0.022619087011396994,0.0,0.0,0.00011817704812642108,0.07755250606248257,0.3288630895262046,0.5815823434035935,0.011883883959592903,0.0,0.0,0.0,0.0001654478673769895,0.06527627430310995,0.30048641673008836,0.6079689147092608,0.02610294639016389,0.0,0.1660198442899214,0.0,0.0,0.0,0.0,0.0,0.0,0.8339801557100787,0.0019853744085238743,0.7195611377140777,0.27167012531494183,0.006773908398606456,9.454163850113686e-06,0.0,0.0,0.0,0.0,0.0,0.0,0.0,8.036039272596634e-05,0.13747772362642818,0.8398228289694488,0.022619087011396994,0.0,0.0,0.0,0.0003403498986040927,0.13272700629174605,0.6456059409965634,0.22124161533843542,8.508747465102318e-05,0.0,0.0,0.0,0.0,0.9999858187542249,1.418124577517053e-05,0.0,0.0,0.0,0.0,0.0,9.454163850113686e-06,0.9999905458361499,0.0,0.0,0.0
29,舌右邊,224161,200.86477661132812,14.806982040405273,158.32550048828125,20.429359436035156,161.03768920898438,21.394458770751953,147.2833251953125,66.4563217163086,55.07676696777344,13.257781982421875,200.86477661132812,14.806982040405273,176.35227966308594,17.884180068969727,144.27914428710938,3.210200071334839,132.81297302246094,1.9873558282852173,0.0,0.0,0.0,3.568863450823292e-05,0.008413595585315911,0.2470813388591236,0.7243052984239007,0.0201640784971516,0.0,0.0,0.00297553990212392,0.0950879055678731,0.34700951548217573,0.5421861965283881,0.012718537122871508,2.2305396567645574e-05,0.0,0.0,0.002850629681345105,0.08517984841252492,0.31673663126056717,0.5624394966118103,0.03272201676473606,7.137726901646585e-05,0.17085041554953806,0.0,0.0,0.0,0.0,0.0,0.0,0.8291495844504619,0.0028327853640909883,0.764035670790191,0.2287106142460107,0.004420929599707353,0.0,0.0,0.0,0.0,0.0,0.0,0.0,3.568863450823292e-05,0.008413595585315911,0.2470813388591236,0.7243052984239007,0.0201640784971516,0.0,0.0,2.676647588117469e-05,0.007093116108511293,0.183403892737809,0.6049937321835644,0.2042772828458117,0.0002052096484223393,0.0,0.0,0.0,0.0,1.0,0.0,0.0,0.0,0.0,0.0,0.0,0.00013829345871940258,0.9998617065412806,0.0,0.0,0.0
29,舌根,288150,144.0728302001953,41.410030364990234,105.65035247802734,40.88269805908203,106.64823150634766,39.7567138671875,115.47746276855469,84.25807189941406,76.17842102050781,25.527433395385742,144.0728302001953,41.410030364990234,122.66551208496094,42.06059646606445,143.71397399902344,3.025280237197876,133.61647033691406,1.2522003650665283,0.00368558042686101,0.039687662675689746,0.11385736595523165,0.17465556133958007,0.22114523685580426,0.3537775464167968,0.09316328301231998,2.7763317716467117e-05,0.04043033142460524,0.15847995835502343,0.1883463473885129,0.24009370119729306,0.3064896755162242,0.06613916363005379,2.0822488287350337e-05,0.0,0.033715078951934756,0.15122332118688184,0.18847822314766616,0.2476487940308867,0.32261322228006245,0.05626930418184973,5.2056220718375845e-05,0.0,0.35476661461044595,0.0,0.0,0.0,0.0,0.0,0.0,0.6452333853895541,2.429290300190873e-05,0.3987680027763318,0.37845566545202153,0.17882352941176471,0.04024292903001909,0.0033177164671178206,0.00019087280930071143,0.00017699115044247788,0.00368558042686101,0.039687662675689746,0.11385736595523165,0.17465556133958007,0.22114523685580426,0.3537775464167968,0.09316328301231998,2.7763317716467117e-05,0.013000173520735727,0.10158597952455319,0.1640950893631789,0.19359014402221064,0.2919278153739372,0.2339857712996703,0.0018150268957140378,0.0,0.0,0.0,0.0,0.0,0.9999965295852854,3.4704147145583896e-06,0.0,0.0,0.0,0.0,0.0,0.0003782752038868645,0.9996217247961131,0.0,0.0,0.0
30,舌尖,176758,200.07327270507812,10.955622673034668,161.7248992919922,15.130417823791504,183.2440948486328,13.107074737548828,162.23081970214844,5.098344802856445,49.05955505371094,13.715656280517578,200.11817932128906,10.886064529418945,179.93984985351562,12.443899154663086,145.73001098632812,4.4118499755859375,122.37481689453125,1.7730318307876587,0.0,0.0,0.0,0.0,5.657452562260265e-06,0.21553197026442933,0.7838626823114088,0.0005996899715995881,0.0,0.0,0.0,0.009232962581608753,0.42927052806662214,0.5535760757646048,0.00791477613460211,5.657452562260265e-06,0.0,0.0,0.0,0.0,0.04234603242851809,0.6647846207809548,0.2924450378483576,0.0004243089421695199,0.00032247479604883514,0.0,0.0,0.0,0.0,9.051924099616425e-05,0.10799511196098621,0.8915918940019688,0.08106563776462734,0.7519885945756345,0.16679301644055713,0.00015275121918102716,0.0,0.0,0.0,0.0,0.0,0.0,0.0,0.0,5.657452562260265e-06,0.2149945122710146,0.7842700188958915,0.0007298113805315743,0.0,0.0,0.0,0.0,0.06650901232193168,0.7349709772683556,0.19844646352640333,7.354688330938345e-05,0.0,0.0,0.0,0.0,0.9995474037950192,0.00045259620498082126,0.0,0.0,0.0,0.0,0.0,0.9920569366025865,0.007943063397413413,0.0,0.0,0.0
30,舌中,258328,206.52235412597656,5.9363908767700195,182.26876831054688,11.125509262084961,199.5596923828125,9.273432731628418,157.72242736816406,5.3576741218566895,30.2873477935791,9.236656188964844,206.70623779296875,6.055269718170166,195.5693817138672,8.79603099822998,139.66656494140625,3.2892906665802,122.52902221679688,1.6438422203063965,0.0,0.0,0.0,0.0,0.0,0.016746152178625625,0.9829557771515283,0.0002980706698460871,0.0,0.0,0.0,0.0,0.024426310736737792,0.7646635285373633,0.21091016072589885,0.0,0.0,0.0,0.0,0.0,0.0006348518162955623,0.1712125669691245,0.827297079681645,0.0008555015329348735,2.3226285962032764e-05,0.0,0.0,0.0,0.0,0.0009755040104053761,0.4420426744294076,0.556958595274225,0.5591147688210337,0.44079232603511814,9.290514384813106e-05,0.0,0.0,0.0,0.0,0.0,0.0,0.0,0.0,0.0,0.0,0.01673453903564461,0.9823828620977981,0.0008825988665572451,0.0,0.0,0.0,0.0,0.0002980706698460871,0.30864637205413276,0.6910168467994178,3.871047660338794e-05,0.0,0.0,0.0,0.0,1.0,0.0,0.0,0.0,0.0,0.0,0.0,0.998389644173299,0.0016103558267009383,0.0,0.0,0.0
30,舌左邊,174487,197.68051147460938,17.724767684936523,170.1943359375,21.981220245361328,186.8218994140625,20.58878517150879,161.30801391601562,3.9578816890716553,36.27241516113281,11.65719223022461,197.7093048095703,17.732419967651367,184.8057403564453,19.68037223815918,140.86605834960938,3.1469032764434814,123.29126739501953,1.4818170070648193,0.0,0.0,0.0,0.0017078636230779371,0.04298887596210606,0.2259022162109498,0.7291030277327251,0.00029801647114111653,0.0,0.0,0.00331256769845318,0.05115567348856935,0.18921180374469157,0.6297145346071628,0.1266054204611232,0.0,0.0,0.0,0.0002865542991741505,0.014172975637153484,0.11671929713961499,0.33113641703966484,0.537524285476855,0.00016047040753752428,0.0,0.0,0.0,0.0,0.0,5.73108598348301e-06,0.15642999191916876,0.8435642769948477,0.364634614613123,0.6053287637474425,0.030030890553450974,5.73108598348301e-06,0.0,0.0,0.0,0.0,0.0,0.0,0.0,0.0017078636230779371,0.04297741379013909,0.22555835105194083,0.7293322711720643,0.00042410036277774275,0.0,0.0,0.00036105841695942964,0.008957687392183946,0.13025612223260186,0.39146755918779047,0.4689575727704643,0.0,0.0,0.0,0.0,0.0,1.0,0.0,0.0,0.0,0.0,0.0,0.0,0.9945955859175756,0.0054044140824244784,0.0,0.0,0.0
30,舌右邊,144101,195.48574829101562,18.139617919921875,164.5624237060547,21.14961814880371,183.3865966796875,22.097835540771484,160.1024627685547,12.953720092773438,41.315673828125,12.946656227111816,195.49740600585938,18.148109436035156,180.4439697265625,19.724008560180664,142.5514373779297,2.759894609451294,122.71884155273438,1.9865403175354004,0.00046495166584548336,0.001131151067653937,0.0032407825067140407,0.003067293079159756,0.015648746365396492,0.2969028667393009,0.6795442085759293,0.0,0.0018112296236667338,0.0033518157403487833,0.00482994566311129,0.04436471641418172,0.24627171220185842,0.6736802659245945,0.0256903144322385,0.0,0.0021790272100818174,0.0031089305417727844,0.0021998459413883316,0.010076265952352864,0.10299026377332565,0.4476998771694853,0.43174578941159325,0.0,0.006099888272808655,0.0,0.0,0.0,0.0,0.0,0.1823790258221664,0.8115210859050249,0.17077605290733583,0.7846718620967238,0.038924087966079345,0.0022276042497970175,0.002116571016162275,0.0011727885302669654,9.021450232822811e-05,2.0818731306514182e-05,0.00046495166584548336,0.001131151067653937,0.0032407825067140407,0.003067293079159756,0.015648746365396492,0.2969028667393009,0.6795442085759293,0.0,0.0009923595256105093,0.0033032387006335833,0.0020055377825275327,0.00831361336840133,0.11276118833318298,0.561099506596068,0.311524555693576,0.0,0.0,0.0,0.0,0.0,1.0,0.0,0.0,0.0,0.0,0.0,0.0,0.978015419740321,0.021984580259678976,0.0,0.0,0.0
30,舌根,295804,162.11917114257812,44.235652923583984,140.55218505859375,47.84117126464844,149.94461059570312,48.76953887939453,164.75347900390625,16.245914459228516,40.09772872924805,24.76285171508789,162.14588928222656,44.25775146484375,153.28579711914062,47.2872428894043,137.98599243164062,3.232231855392456,126.14386749267578,2.3220131397247314,7.775418858433287e-05,0.03271422969263431,0.08506308231126015,0.10898770807696989,0.1401265702965477,0.2869602845127179,0.34607037092128573,0.0,0.009540100877608145,0.09597233303133156,0.10362943029844086,0.1113980879230842,0.21589633676353262,0.36911265567740803,0.09445105542859461,0.0,0.0015652256223715705,0.08323754918797582,0.09766940271260699,0.0985652661897743,0.16432840664764506,0.3430852862030263,0.21153196035212504,1.690308447485497e-05,0.008116861164825358,0.0,0.0,0.0,0.0,0.0013252018228286297,0.08872767102540871,0.9018302659869373,0.4750240023799543,0.3612662438641803,0.11730064502170356,0.0425754891752647,0.0036544468634636448,0.0001791726954334627,0.0,0.0,7.775418858433287e-05,0.03271422969263431,0.08506308231126015,0.10897418560939,0.14006571919243824,0.2868656272396587,0.3462224986815594,1.690308447485497e-05,0.0016429798109559033,0.07039796622087599,0.08862625251855959,0.10194588308474531,0.15660031642574138,0.344285405200741,0.23650119673838083,0.0,0.0,0.0,0.0,0.0,1.0,0.0,0.0,0.0,0.0,0.0,0.0,0.7377824505415749,0.2622175494584252,0.0,0.0,0.0
31,舌尖,241333,201.92604064941406,9.539693832397461,140.94308471679688,17.485843658447266,151.33424377441406,18.610679626464844,173.36373901367188,15.100400924682617,77.57927703857422,14.989842414855957,201.92604064941406,9.539693832397461,165.46493530273438,14.187084197998047,152.7024688720703,4.0246968269348145,132.02232360839844,2.8632242679595947,0.0,0.0,0.0,0.0,0.0,0.1543759038341213,0.8455370794711042,8.70166947744403e-05,0.0,0.0,9.94476511707889e-05,0.243331827806392,0.5986955783088098,0.1577736985824566,9.94476511707889e-05,0.0,0.0,0.0,0.0,0.10643799231766894,0.5222949202968512,0.36860271906452907,0.0026643683209507194,0.0,0.007425424620752239,0.0,0.0,0.0,0.0,0.0,0.0,0.9925745753792478,8.28730426423241e-06,0.1956715409827914,0.687489899847928,0.11683027186501639,0.0,0.0,0.0,0.0,0.0,0.0,0.0,0.0,0.0,0.1543759038341213,0.8455370794711042,8.70166947744403e-05,0.0,0.0,0.0,0.00012430956396348615,0.3507518656793725,0.6282025251416093,0.020921299615054716,0.0,0.0,0.0,0.0,0.0,0.9653424935669801,0.03465750643301994,0.0,0.0,0.0,0.0,0.0,0.03115612038138174,0.9688438796186183,0.0,0.0,0.0
31,舌中,301136,214.59884643554688,6.070798873901367,179.58407592773438,12.507508277893066,183.6448211669922,10.987141609191895,128.86050415039062,76.46622467041016,42.55141067504883,11.065340042114258,214.59884643554688,6.070798873901367,194.6456756591797,9.596607208251953,141.28369140625,4.151044845581055,130.76605224609375,1.9396435022354126,0.0,0.0,0.0,0.0,0.0,0.0008467934753732533,0.9427268742362255,0.05642633228840126,0.0,0.0,0.0,0.0,0.07204718133999256,0.740921045640508,0.1870317730194995,0.0,0.0,0.0,0.0,0.0,0.02199670580734286,0.7173237341267733,0.26067956006588383,0.0,0.2675369268370437,0.0,0.0,0.0,0.0,0.0,0.0,0.7324630731629562,0.16738948514956697,0.7858575527336485,0.046752962116784445,0.0,0.0,0.0,0.0,0.0,0.0,0.0,0.0,0.0,0.0,0.0008467934753732533,0.9427268742362255,0.05642633228840126,0.0,0.0,0.0,0.0,0.00022249083470591362,0.35872496147919875,0.6410525476860953,0.0,0.0,0.0,0.0,0.0,1.0,0.0,0.0,0.0,0.0,0.0,0.0,0.018546437490037725,0.9814535625099623,0.0,0.0,0.0
31,舌左邊,218595,206.80276489257812,11.62292194366455,152.76327514648438,19.773046493530273,156.4127655029297,23.523691177368164,113.4552001953125,83.67115020751953,68.25645446777344,16.84654426574707,206.80276489257812,11.62292194366455,174.2852325439453,16.444929122924805,148.8846893310547,4.043879985809326,134.27432250976562,4.26174783706665,0.0,0.0,0.0,0.0,0.0,0.12963699993137995,0.8639721860060843,0.0063908140625357395,0.0,0.0,0.0,0.12053798119810609,0.4368764152885473,0.43694503533932616,0.0056405681740204485,0.0,0.0,0.0,0.0,0.12604130927056886,0.36648596719961574,0.47820855920766714,0.029264164322148265,0.0,0.3559322033898305,0.0,0.0,0.0,0.0,0.0,0.0,0.6440677966101694,0.0010430247718383311,0.4475536951897344,0.4881447425604428,0.0632585374779844,0.0,0.0,0.0,0.0,0.0,0.0,0.0,0.0,0.0,0.12963699993137995,0.8639721860060843,0.0063908140625357395,0.0,0.0,0.0,8.69187309865276e-05,0.21183467142432352,0.657970218897962,0.13010819094672796,0.0,0.0,0.0,0.0,0.0,0.9990759166495117,0.000924083350488346,0.0,0.0,0.0,0.0,0.0,0.01917701685765914,0.9808229831423408,0.0,0.0,0.0
31,舌右邊,192776,207.0780029296875,12.233099937438965,154.1748504638672,23.76438331604004,157.39247131347656,26.39185905456543,116.1166763305664,83.24612426757812,66.82344055175781,21.255661010742188,207.0780029296875,12.233099937438965,175.32191467285156,19.229738235473633,148.41629028320312,5.472072601318359,134.38059997558594,4.299413681030273,0.0,0.0,0.0,8.299788355396937e-05,0.004715317259409885,0.09580030709216915,0.8827447400091297,0.016656637755737228,0.0,0.0013590903431962484,0.005498609785450471,0.14781923060961946,0.3590592189899158,0.4615149188695688,0.024748931402249243,0.0,0.0,0.0011619703697555712,0.0053585508569531475,0.158883885960908,0.29500041498941776,0.47656865999917003,0.0630265178237955,0.0,0.3420705896999626,0.0,0.0,0.0,0.0,0.0,0.0,0.6579294103000374,0.0216157612980869,0.4738660414159439,0.40958418060339463,0.09166597501763706,0.002951612233888036,0.0003164294310495082,0.0,0.0,0.0,0.0,0.0,8.299788355396937e-05,0.004715317259409885,0.09580030709216915,0.8827447400091297,0.016656637755737228,0.0,0.0,0.0013020292982528945,0.008092293646512014,0.2100520811719301,0.5715908619330207,0.20896273395028428,0.0,0.0,0.0,0.0,0.0,0.993048927252355,0.006951072747644935,0.0,0.0,0.0,0.0,0.0,0.004398887828360377,0.9956011121716396,0.0,0.0,0.0
31,舌根,276069,163.96527099609375,42.6182746887207,125.12577819824219,43.35738754272461,124.70265197753906,41.872520446777344,71.97030639648438,84.97281646728516,69.138916015625,29.875242233276367,163.96527099609375,42.6182746887207,142.3421630859375,43.16807556152344,143.13229370117188,6.982547760009766,134.31800842285156,2.5291028022766113,0.015680862393097378,0.016427052657125574,0.05842742212997475,0.10012351984467652,0.14310190568299955,0.34866283429142714,0.3175764030006991,0.0,0.028713836033745187,0.09392217163100529,0.11309129239429273,0.1869097942905578,0.33363760509148077,0.24067171612893878,0.0030535844299794616,0.0,0.02469310208679714,0.09515012551210024,0.11167860208860829,0.199015463525423,0.3500429240515958,0.21761950816643666,0.0018002745690388997,0.0,0.6045191600650562,0.0,0.0,0.0,0.0,0.0,0.00015213587907370984,0.3953287040558701,0.02685922722217996,0.4922863487026794,0.3124979624659053,0.11577540397509319,0.04262340212048437,0.00960267179581916,0.00035498371783865626,0.0,0.015680862393097378,0.016427052657125574,0.05842742212997475,0.10012351984467652,0.14310190568299955,0.34866283429142714,0.3175764030006991,0.0,0.01994428928999634,0.04649562247119379,0.09993516113725191,0.11931799658780957,0.281730292064665,0.3762356512321195,0.05634098721696387,0.0,0.0,0.0,0.0,0.0,0.9770093708456944,0.022990629154305626,0.0,0.0,0.0,0.0,0.0,0.009834497897264814,0.9901655021027352,0.0,0.0,0.0
32,舌尖,167849,204.3588409423828,12.770124435424805,140.66552734375,15.520630836486816,155.96177673339844,15.446680068969727,164.3971710205078,35.39564514160156,80.10057067871094,14.294146537780762,204.3588409423828,12.770124435424805,166.34506225585938,12.841745376586914,154.38951110839844,5.473102569580078,129.88450622558594,2.9324443340301514,0.0,0.0,0.0,0.0,8.936603733117266e-05,0.16090057134686533,0.7903174877419585,0.04869257487384494,0.0,0.0,0.0013643215032559026,0.18790698782834572,0.6988781583447027,0.11068281610256837,0.0011677162211273227,0.0,0.0,0.0,0.00016681660301818895,0.04084623679616799,0.5407836805700361,0.4064248223105291,0.011689077682917385,8.936603733117266e-05,0.0475308163885397,0.0,0.0,0.0,0.0,0.0,1.1915471644156354e-05,0.9524572681398161,4.766188657662542e-05,0.11127858968477619,0.764210689369612,0.1238077081186066,0.0006553509404285995,0.0,0.0,0.0,0.0,0.0,0.0,0.0,8.936603733117266e-05,0.16090057134686533,0.7903174877419585,0.04869257487384494,0.0,0.0,0.0,0.0010247305613974465,0.2830996907935108,0.6945528421378739,0.021275074620641172,4.766188657662542e-05,0.0,0.0,0.0,0.0,0.87105076586694,0.12894923413306006,0.0,0.0,0.0,0.0,0.0,0.16477905736703824,0.8352209426329618,0.0,0.0,0.0
32,舌中,254880,202.9882049560547,6.565917491912842,163.4550018310547,13.68345832824707,181.3048553466797,12.040648460388184,165.71478271484375,3.466634750366211,49.714263916015625,15.137609481811523,202.9882049560547,6.565917491912842,181.634033203125,10.150321960449219,145.4933319091797,4.902488708496094,124.46595764160156,1.9048711061477661,0.0,0.0,0.0,0.0,0.0,0.04519381669805399,0.95344868173258,0.0013575015693659761,0.0,0.0,0.0,0.011013025737602008,0.34723006905210296,0.6370723477715003,0.004684557438794727,0.0,0.0,0.0,0.0,8.631512868801004e-05,0.04985091023226616,0.7439265536723164,0.20613622096672943,0.0,0.0,0.0,0.0,0.0,0.0,0.0,0.014457784055241682,0.9855422159447583,0.06659996861268047,0.7513928123038293,0.17250470809792845,0.00949074074074074,1.1770244821092279e-05,0.0,0.0,0.0,0.0,0.0,0.0,0.0,0.0,0.04519381669805399,0.95344868173258,0.0013575015693659761,0.0,0.0,0.0,0.0,0.02177102950408035,0.8111974262397991,0.16703154425612052,0.0,0.0,0.0,0.0,0.0,0.9879551161330823,0.012044883866917766,0.0,0.0,0.0,0.0,0.0,0.9262633396107972,0.07373666038920276,0.0,0.0,0.0
32,舌左邊,161367,200.87380981445312,8.704324722290039,157.69757080078125,17.086854934692383,171.71884155273438,17.59946632385254,169.54571533203125,4.8588972091674805,55.254600524902344,15.489288330078125,200.87380981445312,8.704324722290039,176.7997589111328,13.731152534484863,146.30575561523438,4.32306432723999,127.065185546875,2.5554301738739014,0.0,0.0,0.0,0.0,0.0014191253478096513,0.1257134358326052,0.8723530833441782,0.0005143554754069915,0.0,0.0,0.0018343279604875842,0.048696449707808905,0.4228187919463087,0.5235952828025556,0.0030551475828391184,0.0,0.0,0.0,0.00021069983329924955,0.012852689831254222,0.22325506454231658,0.671562339263914,0.09211920652921601,0.0,0.00040900555875736676,0.0,0.0,0.0,0.0,0.0,0.0004152026126779329,0.9991757918285648,0.035589680665811474,0.6654520440982357,0.29247615683504063,0.006413950807785979,6.816759312622779e-05,0.0,0.0,0.0,0.0,0.0,0.0,0.0,0.0014191253478096513,0.1257134358326052,0.8723530833441782,0.0005143554754069915,0.0,0.0,0.0,0.0024602304064647667,0.12123296584803585,0.7551791878141132,0.12112761593138621,0.0,0.0,0.0,0.0,0.0,0.9982524307944003,0.001747569205599658,0.0,0.0,0.0,0.0,0.0,0.6051361182893652,0.39486388171063475,0.0,0.0,0.0
32,舌右邊,143357,203.2245330810547,9.69418716430664,159.41184997558594,18.216176986694336,173.9966583251953,18.717573165893555,169.4462890625,3.890874147415161,55.482669830322266,15.975181579589844,203.2245330810547,9.69418716430664,178.61367797851562,14.731781959533691,146.5979461669922,4.540120601654053,126.8528060913086,2.498079538345337,0.0,0.0,0.0,0.0,7.673151642403232e-05,0.11760848790083497,0.8788548867512573,0.003459893831483639,0.0,0.0,0.0006626812782075518,0.066714565734495,0.35922208193530836,0.5685386831476663,0.0048619879043227746,0.0,0.0,0.0,0.0,0.019238683845225556,0.18251637520316413,0.6508995026402618,0.14732451153414203,2.0926777206554268e-05,0.00018136540245680365,0.0,0.0,0.0,0.0,0.0,0.00013253625564151037,0.9996860983419017,0.020661704695271246,0.6991985044329889,0.2635936856937575,0.016539129585580056,6.975592402184756e-06,0.0,0.0,0.0,0.0,0.0,0.0,0.0,7.673151642403232e-05,0.11760848790083497,0.8788548867512573,0.003459893831483639,0.0,0.0,0.0,0.0007952175338490622,0.12535139546726007,0.6880724345515042,0.18576700126258222,1.3951184804369511e-05,0.0,0.0,0.0,0.0,0.9938266007240665,0.006173399275933508,0.0,0.0,0.0,0.0,0.0,0.663671812328662,0.336328187671338,0.0,0.0,0.0
32,舌根,295132,185.58389282226562,22.857627868652344,152.65721130371094,25.917570114135742,167.299072265625,26.970354080200195,165.89614868164062,6.352701187133789,46.62030029296875,15.055655479431152,185.58485412597656,22.850727081298828,169.19593811035156,24.561279296875,142.774169921875,3.1059799194335938,125.13741302490234,2.084216833114624,0.0016365558461976337,0.0014671401271295556,0.0027682528495723948,0.01368201347193798,0.10912744128051177,0.3390076304839868,0.5323109659406638,0.0,0.0028021359933860105,0.006973150996842091,0.020556903351720585,0.12329059539460309,0.3505821124107179,0.4946735697924996,0.0011215320602306765,0.0,0.0022057926622663757,0.0040015992843880025,0.011543987097298836,0.07775165010910372,0.19405215293495792,0.573265521868181,0.13717929604380413,0.0,0.0009385630836371522,0.0,0.0,0.0,0.0,9.826111705948525e-05,0.011354241491942588,0.9876089343073607,0.10455321686567366,0.7772996489706301,0.10634902348779529,0.01113738937153545,0.0006607213043655042,0.0,0.0,0.0,0.0016365558461976337,0.0014671401271295556,0.0027682528495723948,0.01368201347193798,0.10912744128051177,0.3390076304839868,0.5323109659406638,0.0,0.0023447135519021997,0.002534459157258447,0.009897266307957118,0.05327785533252918,0.19390984373094072,0.6187333125516717,0.11930254936774054,0.0,0.0,0.0,0.0,0.0,1.0,0.0,0.0,0.0,0.0,0.0,0.0,0.8768483254950328,0.12315167450496727,0.0,0.0,0.0
34,舌尖,268345,200.98544311523438,11.333039283752441,152.63043212890625,18.486360549926758,171.05120849609375,18.13540267944336,168.0555419921875,4.291894912719727,61.92662048339844,14.857063293457031,200.9876251220703,11.33761978149414,173.62364196777344,15.33733081817627,149.0067596435547,4.117561340332031,125.54942321777344,2.149479627609253,0.0,0.0,0.0,0.0,4.099200655872105e-05,0.20310048631425962,0.7955355978311502,0.001322923848031452,0.0,0.0,3.7265460507928226e-06,0.11386834112802549,0.4870856546609775,0.3931878738191507,0.005854403845795524,0.0,0.0,0.0,0.0,0.0024856062158788127,0.28262125249212766,0.5835100337252418,0.13062289217239,0.0007602153943617358,0.00033538914457135403,0.0,0.0,0.0,0.0,0.0,0.005694162365611433,0.9939704484898172,0.007367381542417411,0.5505338277217761,0.43498481432484304,0.007113976410963499,0.0,0.0,0.0,0.0,0.0,0.0,0.0,0.0,4.099200655872105e-05,0.20310048631425962,0.79539398908122,0.0014645325979615793,0.0,0.0,0.0,4.099200655872105e-05,0.20823194022620134,0.6828746576235816,0.10881141813709963,4.099200655872105e-05,0.0,0.0,0.0,0.0,0.9978125174681847,0.002187482531815387,0.0,0.0,0.0,0.0,0.0,0.793489724049265,0.20651027595073507,0.0,0.0,0.0
34,舌中,460759,199.8161163330078,7.44520378112793,176.3582763671875,10.87882137298584,192.29295349121094,10.035567283630371,158.00218200683594,9.301648139953613,30.325105667114258,11.446212768554688,200.1814422607422,7.652308464050293,189.79920959472656,8.616827964782715,139.21568298339844,4.112219333648682,123.04963684082031,1.9863409996032715,0.0,0.0,0.0,0.0,2.821431594390994e-05,0.12526722212696875,0.8730963475482845,0.0016082160088028666,0.0,0.0,0.0,0.00011502759577132515,0.06341493058193112,0.8638094969387468,0.07262581957161987,3.472531193096608e-05,0.0,0.0,0.0,0.0,0.003741652360561595,0.4519499347815235,0.5426025319093062,0.0017058809486087086,0.001473655425070373,0.0,0.0,0.0,0.0,0.002439453163150367,0.4144379165680974,0.5816489748436818,0.6082529044467933,0.38715901371432787,0.004588081838878893,0.0,0.0,0.0,0.0,0.0,0.0,0.0,0.0,0.0,2.821431594390994e-05,0.1209851570994815,0.876762038288997,0.0022245902955775145,0.0,0.0,0.0,0.0,0.0022311012915645708,0.5750989128807034,0.42221421610863813,0.0004557697190939298,0.0,0.0,0.0,0.0,1.0,0.0,0.0,0.0,0.0,0.0,0.0,0.9843367139871386,0.015663286012861388,0.0,0.0,0.0
34,舌左邊,306398,192.8821258544922,9.1779146194458,158.1405792236328,18.984451293945312,174.04190063476562,18.086830139160156,164.85647583007812,5.480400085449219,46.46157455444336,18.81730842590332,192.9010772705078,9.194127082824707,175.28146362304688,15.134012222290039,143.55690002441406,5.3787007331848145,124.76664733886719,2.056601047515869,0.0,0.0,0.0,0.0,0.0037630793934686256,0.3636283526654874,0.632608567941044,0.0,0.0,0.0,0.0013772935854672681,0.09899542425211653,0.3195875952192899,0.5760285641551185,0.004011122788007754,0.0,0.0,0.0,9.791186626544559e-06,0.014833647739215007,0.18248160888778647,0.6821584997291105,0.12051645245726147,0.0,0.00021866983465949517,0.0,0.0,0.0,0.0,2.937355987963368e-05,0.08592745383455505,0.9138245027709058,0.23169211287279942,0.5688059321536041,0.19426693385727062,0.005097944503554201,0.00013707661277162383,0.0,0.0,0.0,0.0,0.0,0.0,0.0,0.0037630793934686256,0.36332808960894003,0.6329088309975913,0.0,0.0,0.0,0.0,0.0035933654919418534,0.16228891833497608,0.743131482581479,0.09098623359160307,0.0,0.0,0.0,0.0,0.0,0.998802211502686,0.001197788497313951,0.0,0.0,0.0,0.0,0.0,0.8845488547575375,0.11545114524246242,0.0,0.0,0.0
34,舌右邊,282532,199.29214477539062,9.01826286315918,163.93978881835938,19.88653564453125,180.0554962158203,20.25171661376953,163.48460388183594,8.298393249511719,45.97652816772461,19.191940307617188,199.5293426513672,9.23760986328125,180.93997192382812,15.67275333404541,143.75474548339844,5.522463321685791,124.78538513183594,2.80427885055542,0.0,0.0,0.0,0.0,0.0005910834878880976,0.16148967196636133,0.8358769980037659,0.002042246541984625,0.0,0.0,3.185479874846035e-05,0.049835062930924635,0.3259276825279968,0.5593490294904648,0.06485637025186528,0.0,0.0,0.0,0.0,0.008314102473348151,0.16713151076692198,0.496007531890193,0.3274637917120892,0.001083063157447652,3.8933642914784874e-05,0.0,0.0,0.0,0.0,0.002123653249897357,0.2238153554287656,0.7740220576784222,0.2820246910084521,0.5044773689352002,0.21020273809692352,0.003295201959424065,0.0,0.0,0.0,0.0,0.0,0.0,0.0,0.0,0.0005910834878880976,0.16129146432970426,0.8355549105941982,0.002562541588209477,0.0,0.0,0.0,0.0003504027862330639,0.1112971274050373,0.6195758356575538,0.2686598332224314,0.00011680092874435462,0.0,0.0,0.0,0.0,0.9990797502583778,0.000920249741622188,0.0,0.0,0.0,0.0,0.0,0.8031691985332635,0.1968308014667365,0.0,0.0,0.0
34,舌根,431211,141.6199493408203,44.55539321899414,120.03144836425781,45.117393493652344,128.90805053710938,46.407371520996094,165.99647521972656,16.006460189819336,44.8713264465332,21.706357955932617,141.6329803466797,44.57129669189453,132.85504150390625,46.41339874267578,138.1004638671875,3.147709608078003,126.32534790039062,1.8871934413909912,0.0008557295616299213,0.06705997759797408,0.1321186147848733,0.1305277462773445,0.20679899167692847,0.39757334576344294,0.06505863718689922,6.957150907560336e-06,0.032401770826811005,0.13346598301063747,0.1322206529981842,0.17422097302712594,0.29520118920899513,0.23004283285908755,0.002446598069158718,0.0,0.022889026485873504,0.11000183204973898,0.12899949212798376,0.14164527342762592,0.25663306362778315,0.31781424870886876,0.02201010642121838,6.957150907560336e-06,0.008362495390887523,0.0,0.0,0.0,0.0,0.00011131441452096538,0.03726481931119568,0.9542613708833958,0.35685082245118976,0.41860249390669535,0.2078170547597348,0.016720352681170007,9.276201210080448e-06,0.0,0.0,0.0,0.0008557295616299213,0.06705997759797408,0.1321186147848733,0.13051847007613443,0.20680826787813855,0.39742260749377917,0.06520937545656302,6.957150907560336e-06,0.023923322920797473,0.09112012448662024,0.12333869033953215,0.13613520990883812,0.24375305824758645,0.3546477246637957,0.027081869432829867,0.0,0.0,0.0,0.0,0.0,1.0,0.0,0.0,0.0,0.0,0.0,0.0,0.7578378102599423,0.24216218974005765,0.0,0.0,0.0
35,舌尖,230117,195.99887084960938,10.021689414978027,155.62286376953125,22.08576202392578,168.95835876464844,23.209827423095703,168.0688018798828,10.076581954956055,53.35111618041992,21.065229415893555,196.00254821777344,10.02720832824707,174.1255645751953,17.611169815063477,145.2989501953125,5.621256351470947,127.08553314208984,3.436699390411377,0.0,0.0,0.0,0.0,0.004245666334951351,0.26911962175762766,0.7264304679793323,0.00020424392808875486,0.0,0.0,0.004710647192515112,0.1304293033543806,0.36808666895535747,0.4801818205521539,0.016591559945592894,0.0,0.0,0.0,0.00038675977872125916,0.06421950572969402,0.23684908111960437,0.5398645037089829,0.15846721450392626,0.00021293515907125506,0.0028681062242250682,0.0,0.0,0.0,0.0,0.0,0.024700478452265587,0.9724314153235093,0.12990348387993933,0.5911992595071203,0.23873942385829816,0.0401578327546422,0.0,0.0,0.0,0.0,0.0,0.0,0.0,0.0,0.004245666334951351,0.26911962175762766,0.726373974977946,0.0002607369294750062,0.0,0.0,0.0,0.00879987136978146,0.1980470803982322,0.6365979045442102,0.15652472437933745,3.041930843875072e-05,0.0,0.0,0.0,0.0,0.9952893528074849,0.004710647192515112,0.0,0.0,0.0,0.0,0.0,0.6366630887765788,0.36333691122342116,0.0,0.0,0.0
35,舌中,306234,208.54574584960938,9.731417655944824,183.51101684570312,16.767349243164062,191.2637176513672,15.242825508117676,158.79417419433594,41.83148956298828,31.131885528564453,12.01014232635498,208.5471649169922,9.731189727783203,196.18663024902344,13.747153282165527,138.3011932373047,3.672935962677002,127.39762115478516,2.3044347763061523,0.0,0.0,0.0,0.0,2.9389290542526303e-05,0.05596700562315093,0.9138730513267632,0.030130553759543356,0.0,0.0,6.204405781199997e-05,0.005982353363767576,0.08083687637558207,0.5564894818994625,0.35662924430337584,0.0,0.0,0.0,0.0,0.0020409229543421046,0.038304042007092615,0.38973464736116825,0.5696918043065107,0.0002285833708863157,0.06506788926115324,0.0,0.0,0.0,0.0,0.0,0.015409784674464626,0.9195223260643821,0.5872763964811223,0.39266377998524005,0.019416524618429045,0.0006432989152086313,0.0,0.0,0.0,0.0,0.0,0.0,0.0,0.0,2.9389290542526303e-05,0.05596700562315093,0.9138697858500362,0.030133819236270305,0.0,0.0,0.0,0.00012735359235094732,0.01649392294781115,0.3019423055571883,0.6797938831089951,0.0016425347936545255,0.0,0.0,0.0,0.0,0.999937955942188,6.204405781199997e-05,0.0,0.0,0.0,0.0,0.0,0.5385228289477981,0.46147717105220193,0.0,0.0,0.0
35,舌左邊,220488,202.4388885498047,10.271668434143066,158.7965545654297,22.017160415649414,169.4926300048828,22.981000900268555,166.18997192382812,29.38934898376465,55.78783416748047,20.519977569580078,202.4390106201172,10.271773338317871,177.771728515625,17.423364639282227,145.98451232910156,5.745064735412598,128.9506378173828,3.567272663116455,0.0,0.0,0.0,0.0,0.00042632705634773773,0.1306465657994993,0.8656162693661333,0.0033108377780196653,0.0,0.0,0.0007755524110155654,0.09563785784260367,0.3846739958637205,0.4649550088893727,0.053957584993287615,0.0,0.0,0.0,0.00012245564384456297,0.06145912702732122,0.2373371793476289,0.5290537353506767,0.17202750263052866,0.0,0.030323645731286965,0.0,0.0,0.0,0.0,0.0,0.002031856608976452,0.9676444976597366,0.10478121258299772,0.5780405282827183,0.27368382859838175,0.04349443053590218,0.0,0.0,0.0,0.0,0.0,0.0,0.0,0.0,0.00042632705634773773,0.1306465657994993,0.8656162693661333,0.0033108377780196653,0.0,0.0,0.0,0.0022586263197997168,0.13682377272232502,0.6392910271760821,0.22162657378179312,0.0,0.0,0.0,0.0,0.0,0.9859221363520917,0.014077863647908277,0.0,0.0,0.0,0.0,0.0,0.4039857044374297,0.5960142955625704,0.0,0.0,0.0
35,舌右邊,220070,198.24154663085938,17.288646697998047,158.16217041015625,30.95096778869629,169.07032775878906,31.81446647644043,167.49176025390625,22.445716857910156,53.56527328491211,25.72439956665039,198.24305725097656,17.289949417114258,176.17662048339844,25.762338638305664,144.83360290527344,6.447663307189941,128.37057495117188,3.6337764263153076,0.0,0.0,0.0001317762530104058,0.0028899895487799337,0.032444222292906805,0.2296360249011678,0.7230472122506475,0.011850774753487527,0.0003907847503067206,0.003739719180260826,0.020684327713909212,0.17363566138046985,0.21407279501976645,0.47992456945517337,0.1075521425001136,0.0,0.0001317762530104058,0.0018403235334211842,0.009156177579860954,0.13696551097378107,0.15693188530921978,0.41744444949334303,0.2770482119325669,0.0004816649247966556,0.017239969100740674,0.0,0.0,0.0,0.0,0.0,0.006234379970009542,0.9765256509292498,0.19282501022401963,0.5072976780115418,0.209787794792566,0.0843277139092107,0.004553096741945745,0.0011814422683691552,2.7264052346980505e-05,0.0,0.0,0.0,0.0001317762530104058,0.0028899895487799337,0.032444222292906805,0.2296360249011678,0.7230472122506475,0.011850774753487527,0.0,0.0005725450992865906,0.004039623756077612,0.04798018812196119,0.1886490662062071,0.42974508111055576,0.32871359113009496,0.00029990457581678556,0.0,0.0,0.0,0.0,0.9857954287272231,0.014204571272776844,0.0,0.0,0.0,0.0,0.0,0.4980369882310174,0.5019630117689826,0.0,0.0,0.0
35,舌根,294719,183.8031768798828,26.19430160522461,153.66867065429688,34.7418327331543,157.25657653808594,34.429901123046875,133.46571350097656,73.37471008300781,44.84222412109375,27.10797882080078,183.803466796875,26.194520950317383,168.70436096191406,31.063854217529297,140.01092529296875,6.428763389587402,130.525634765625,3.220724582672119,4.071675053186255e-05,0.0005869998201676851,0.004743501436961987,0.03839589575154639,0.12672070684278924,0.34168139821321325,0.4874643304300028,0.000366450754786763,0.0013775833929946832,0.016076330334997065,0.045680801034205465,0.16144870198392366,0.2665623865444712,0.3891707015835423,0.11968349512586565,0.0,0.0008007627604599636,0.013134545109069995,0.040604779467899935,0.14694335960694763,0.24941724150801273,0.3923126774995844,0.1567866340480254,0.0,0.23647610096396907,0.0,0.0,0.0,0.0,0.0,0.002398895218835569,0.7611250038171954,0.39791123069771545,0.39212605905964665,0.1484430932515379,0.051174169293462586,0.008492835548437664,0.00140812095589358,0.0003969883176856599,4.750287562050631e-05,4.071675053186255e-05,0.0005869998201676851,0.004743501436961987,0.03839589575154639,0.12672070684278924,0.34168139821321325,0.4874643304300028,0.000366450754786763,0.0005869998201676851,0.004125964053895406,0.023049073863578528,0.07560761267512445,0.2278271845384926,0.4027429517608298,0.2660602132879115,0.0,0.0,0.0,0.0,0.0,0.9984833010426881,0.00151669895731188,0.0,0.0,0.0,0.0,0.0,0.12784381054495977,0.8721561894550403,0.0,0.0,0.0
36,舌尖,155698,216.41114807128906,14.703563690185547,156.61270141601562,18.837207794189453,167.12010192871094,20.56800651550293,169.7861785888672,27.25619888305664,71.23444366455078,13.925763130187988,216.41114807128906,14.703563690185547,179.87359619140625,16.043703079223633,151.84393310546875,4.554716110229492,131.56729125976562,2.79228138923645,0.0,0.0,0.0,0.0,0.0076430011946203545,0.04740587547688474,0.6324872509601922,0.31246387236830275,0.0,0.0,0.0,0.06556282033166771,0.5035517476139706,0.39703785533532865,0.03326953461187684,0.0005780421071561613,0.0,0.0,2.5690760318051614e-05,0.03502935169366338,0.29933589384577836,0.5518311089416691,0.10993718609102236,0.003840768667548716,0.02694318488355663,0.0,0.0,0.0,0.0,0.0,6.4226900795129035e-06,0.9730503924263638,0.0008349497103366774,0.2930416575678557,0.6618389446235662,0.044278025408161954,6.4226900795129035e-06,0.0,0.0,0.0,0.0,0.0,0.0,0.0,0.0076430011946203545,0.04740587547688474,0.6324872509601922,0.31246387236830275,0.0,0.0,0.0,0.0005459286567585967,0.10725892432786548,0.6702205551773305,0.21756862644349959,0.004405965394545851,0.0,0.0,0.0,0.0,0.9598517643129648,0.040148235687035155,0.0,0.0,0.0,0.0,0.0,0.05428457655204306,0.9457154234479569,0.0,0.0,0.0
36,舌中,282686,217.41786193847656,8.805404663085938,173.87197875976562,13.6397705078125,184.080322265625,13.554529190063477,171.05807495117188,18.030481338500977,51.244693756103516,11.229110717773438,217.41786193847656,8.805404663085938,191.77639770507812,11.012837409973145,145.45668029785156,3.866175889968872,128.96397399902344,1.930193543434143,0.0,0.0,0.0,0.0,0.0,0.002278146070198029,0.7606390128977027,0.23708284103209923,0.0,0.0,0.0,0.00022639960946067367,0.1520131877772511,0.7544448610826147,0.09325187664051279,6.367489016081447e-05,0.0,0.0,0.0,0.0,0.03609305023948833,0.6599053366632942,0.302070141429006,0.0019314716682113722,0.010916706168681858,0.0,0.0,0.0,0.0,0.0,0.0,0.9890832938313181,0.01904232965198135,0.8333415874857616,0.14738260826500074,0.00023347459725631974,0.0,0.0,0.0,0.0,0.0,0.0,0.0,0.0,0.0,0.002278146070198029,0.7606390128977027,0.23708284103209923,0.0,0.0,0.0,0.0,0.002030521497350417,0.4816687066214811,0.5146098497980091,0.0016909220831594065,0.0,0.0,0.0,0.0,0.9995295133115896,0.00047048668841046247,0.0,0.0,0.0,0.0,0.0,0.1950927884649399,0.8049072115350601,0.0,0.0,0.0
36,舌左邊,149465,213.4283447265625,11.055956840515137,166.60275268554688,16.83420753479004,176.5825653076172,16.30263900756836,172.8044891357422,11.712443351745605,56.3504753112793,12.009523391723633,213.4283447265625,11.055956840515137,185.76480102539062,13.989572525024414,146.7628631591797,3.719132900238037,129.62586975097656,1.7100543975830078,0.0,0.0,0.0,0.0,2.0071588666242933e-05,0.03626936071990098,0.8008965309604256,0.16281403673100725,0.0,0.0,0.0,0.010216438631117652,0.3254340481049075,0.5971565249389489,0.0671796072659151,1.3381059110828622e-05,0.0,0.0,0.0,0.001077175258421704,0.14501722811360518,0.667694778041682,0.185320978155421,0.0008898404308701034,0.004496035861238417,0.0,0.0,0.0,0.0,0.0,0.0,0.9955039641387616,0.005071421403004048,0.7219817348543137,0.2719834074867026,0.0009634362559796608,0.0,0.0,0.0,0.0,0.0,0.0,0.0,0.0,2.0071588666242933e-05,0.03626936071990098,0.8008965309604256,0.16281403673100725,0.0,0.0,0.0,0.0,0.037814873047201686,0.610932325293547,0.3500418158097213,0.0012109858495299903,0.0,0.0,0.0,0.0,0.9992707322784599,0.0007292677215401599,0.0,0.0,0.0,0.0,0.0,0.0839661459204496,0.9160338540795504,0.0,0.0,0.0
36,舌右邊,146727,201.32603454589844,15.8659029006958,155.79470825195312,20.085296630859375,162.82339477539062,21.74030113220215,160.58670043945312,47.174530029296875,58.76532745361328,13.788905143737793,201.32603454589844,15.8659029006958,175.02987670898438,17.677675247192383,146.06961059570312,4.023165702819824,131.04644775390625,2.4938910007476807,0.0,0.0,0.0,0.0,0.00798080789493413,0.2683078097419016,0.6845911113837262,0.039120270979438,0.0,0.0,0.0,0.07932418709576287,0.4560374027956681,0.4398985871720951,0.024358161756186658,0.00038166118028720004,0.0,0.0,0.0,0.05425722600475713,0.36228506000940525,0.5091223837466861,0.0731767159418512,0.0011586142973004287,0.08191403081914031,0.0,0.0,0.0,0.0,0.0,0.0,0.9180859691808597,0.012179080878093329,0.6278394569506635,0.35843437131543615,0.001547090855807043,0.0,0.0,0.0,0.0,0.0,0.0,0.0,0.0,0.00798080789493413,0.2683078097419016,0.6845911113837262,0.039120270979438,0.0,0.0,0.0,0.0012063219448363287,0.23722286968315306,0.5671621446632181,0.19323641865505325,0.0011722450537392573,0.0,0.0,0.0,0.0,0.9997001233583458,0.0002998766416542286,0.0,0.0,0.0,0.0,0.0,0.02041205776714579,0.9795879422328542,0.0,0.0,0.0
36,舌根,243683,188.17933654785156,20.537748336791992,149.8529510498047,22.989381790161133,154.84310913085938,22.116880416870117,154.7102813720703,56.443294525146484,53.20194625854492,11.541038513183594,188.17933654785156,20.537748336791992,167.25424194335938,21.395795822143555,143.17239379882812,2.7006826400756836,130.9653778076172,1.8569718599319458,0.0,0.0,0.00013952553112034897,0.014494240468149193,0.07573363755370707,0.41034048333285456,0.49351001095685787,0.005782102157310932,0.0,0.00015183660739567388,0.02200399699609739,0.1291596048965254,0.49079747048419464,0.3418170327843961,0.016070058231390783,0.0,0.0,3.282953673419976e-05,0.01504413520844704,0.0962233721679395,0.4390252910543616,0.4263243640303181,0.02335000800219958,0.0,0.11916301096096157,0.0,0.0,0.0,0.0,0.0,0.0,0.8808369890390384,0.016102887768124984,0.8137252085701505,0.16901055879975213,0.0011613448619723166,0.0,0.0,0.0,0.0,0.0,0.0,0.00013952553112034897,0.014494240468149193,0.07573363755370707,0.41034048333285456,0.49351001095685787,0.005782102157310932,0.0,0.0,0.006089879064194056,0.04238703561594367,0.2614544305511669,0.5797737224180596,0.11028262127436055,1.231107627532491e-05,0.0,0.0,0.0,0.0,1.0,0.0,0.0,0.0,0.0,0.0,0.0,0.017358617548208125,0.9826413824517919,0.0,0.0,0.0
37,舌尖,373987,197.23707580566406,13.466331481933594,153.10647583007812,18.690513610839844,170.38999938964844,19.257259368896484,167.68211364746094,4.8344035148620605,57.69127655029297,13.386255264282227,197.27932739257812,13.377952575683594,172.85914611816406,16.18581199645996,147.27674865722656,3.5209450721740723,125.46408081054688,2.25325083732605,0.0,0.0,0.0,0.0,0.008465534898271865,0.29220267014628853,0.6968905336281742,0.0024412613272653864,0.0,0.0,0.0002566934144769738,0.10005962774107122,0.49703866711944533,0.39360191664416144,0.008997638955364758,4.5456125480297444e-05,0.0,0.0,0.0,0.01628666237061716,0.2761967661977555,0.5756724164208916,0.13096711917793935,0.0008770358327963271,0.00031284509889381183,0.0,0.0,0.0,0.0,0.000521408498156353,0.01621446734779551,0.9829512790551543,0.018294753560952653,0.6547928136539506,0.3229015981838941,0.004010834601202716,0.0,0.0,0.0,0.0,0.0,0.0,0.0,0.0,0.007149981149077374,0.2935075283365465,0.696866468620567,0.002476021893809143,0.0,0.0,0.0,0.0019947217416648173,0.219085155366363,0.6659910638605085,0.11265632227858187,0.0002727367528817847,0.0,0.0,0.0,0.0,0.9999893044410635,1.0695558936540575e-05,0.0,0.0,0.0,0.0,0.0,0.8122047023024864,0.18779529769751355,0.0,0.0,0.0
37,舌中,465684,203.19642639160156,8.567760467529297,168.86314392089844,15.53705883026123,188.25030517578125,14.222217559814453,162.27902221679688,4.1742448806762695,43.446990966796875,12.718501091003418,203.208740234375,8.585311889648438,185.5003204345703,12.584001541137695,143.81211853027344,3.867845296859741,122.91944122314453,1.6942428350448608,0.0,0.0,0.0,0.0,4.294757818606609e-06,0.09756401336528633,0.9003100815145034,0.0021216103623916648,0.0,0.0,5.5831851641885914e-05,0.011069738277458534,0.2394585169342301,0.6859114764518429,0.06350228910591732,2.1473789093033043e-06,0.0,0.0,0.0,0.0007000455244328773,0.036887674904012166,0.5186027434912945,0.44277235206706694,0.001037184013193496,0.0,0.0,0.0,0.0,0.0,0.0,0.1356993154156037,0.8643006845843962,0.17807998556961374,0.7580376392575223,0.06281083309712165,0.0010715420757423488,0.0,0.0,0.0,0.0,0.0,0.0,0.0,0.0,4.294757818606609e-06,0.09756186598637703,0.9000137432250196,0.002420096030784824,0.0,0.0,0.0,9.44846720093454e-05,0.03192078748679362,0.6402023689884128,0.327709347969868,7.301088291631235e-05,0.0,0.0,0.0,0.0,0.9996972195737882,0.0003027804262117659,0.0,0.0,0.0,0.0,0.0,0.9890161568789136,0.010983843121086401,0.0,0.0,0.0
37,舌左邊,334264,202.00636291503906,10.915087699890137,172.3572540283203,16.623836517333984,188.30064392089844,17.29530906677246,162.55491638183594,7.566041946411133,37.97385025024414,11.136348724365234,202.0897979736328,10.926036834716797,187.38595581054688,14.203015327453613,141.48910522460938,2.971818208694458,123.96438598632812,1.991252064704895,0.0,0.0,0.0,0.0,0.0035720269008927075,0.1279707057894359,0.8650707225426609,0.0033865447670105068,0.0,0.0,3.290812052748725e-05,0.01668441710743604,0.1673826675920829,0.7080780460953019,0.10739415551779431,0.0004278055668573343,0.0,0.0,0.0,0.0032967953473900867,0.05943505731996267,0.4690783332934447,0.4641301486250389,0.004059665414163655,0.0009513438479764498,0.0,0.0,0.0,0.0,0.0006402125266256612,0.17907402532130293,0.8193344183040949,0.2977736160639495,0.6784248378527152,0.023708805016394226,9.274106694110045e-05,0.0,0.0,0.0,0.0,0.0,0.0,0.0,0.0,0.0033356867625589353,0.12820405428044898,0.863655673359979,0.0048045855970131396,0.0,0.0,0.0,0.00041883062489529233,0.04989768566163272,0.5333658425675514,0.4150940573917622,0.0012235837541583897,0.0,0.0,0.0,0.0,1.0,0.0,0.0,0.0,0.0,0.0,0.0,0.9559300433190532,0.0440699566809468,0.0,0.0,0.0
37,舌右邊,291967,200.42166137695312,16.709484100341797,166.2224578857422,25.463239669799805,180.27244567871094,25.808908462524414,165.52842712402344,10.820372581481934,44.9324836730957,19.450767517089844,200.44744873046875,16.680376052856445,182.49447631835938,22.02050018310547,142.9630126953125,4.609785079956055,125.68074035644531,2.55707049369812,0.0009042117773584001,0.0010309384279730243,0.0007158343237420667,0.0008459860189678971,0.014991420263248928,0.19604270345621252,0.7813896776005508,0.004079228131946419,0.002650984529073491,0.0007706350375213637,0.0016029208780444365,0.06612391126394421,0.2950949936122918,0.4699195457020828,0.1638164587093747,2.0550267667236366e-05,0.002407806361677861,0.0008768114204687516,0.0008665362866351334,0.018125336082502476,0.1941657790092716,0.3774399161549079,0.4047066963047194,0.0014111183798168972,0.0032366671575897277,0.0,0.0,0.0,0.0,3.767549072326667e-05,0.07565581041693067,0.9210698469347564,0.28105916079556936,0.5495449828234013,0.1643336404456668,0.0017159473502142365,0.000671308743796388,0.0009384622234704607,0.0011645151678100606,0.0005719824500714122,0.0009042117773584001,0.0010309384279730243,0.0007158343237420667,0.0008459860189678971,0.014142009199669826,0.19689211451979163,0.7809341466672604,0.004534759065236825,0.0019008997592193638,0.0009487373573040789,0.0007500847698541273,0.004736836697297983,0.14278668479656947,0.44446803919621053,0.40424431528220656,0.00016440214133789092,0.0,0.0,0.0,0.0,0.9994108923268725,0.0005891076731274425,0.0,0.0,0.0,0.0,0.0,0.7689499155726504,0.23105008442734967,0.0,0.0,0.0
37,舌根,432956,159.22238159179688,35.27564239501953,122.08473205566406,37.412078857421875,138.0030059814453,38.113399505615234,166.669921875,4.233386039733887,63.967655181884766,24.2771053314209,159.22303771972656,35.27627944946289,140.21099853515625,37.01508712768555,145.22889709472656,3.925057888031006,125.17058563232422,2.2111260890960693,0.0002517576843836325,0.009721542142850544,0.06422823566367021,0.11673241622705309,0.20841840741322443,0.43451759532146456,0.16582978408891436,0.0003002614584391947,0.007169319746117389,0.08702731917331091,0.13998420162787906,0.25029795175491276,0.35887942423710495,0.1537246279067619,0.0029171555539130997,0.0,0.001335008638291189,0.05663624017221149,0.10178632470736056,0.16878158519572428,0.33596947495819435,0.30125925036262347,0.03417668308095973,5.543288463492826e-05,0.0001893956891693382,0.0,0.0,0.0,0.0,0.0,0.014137695285433162,0.9856729090253975,0.048464509095612486,0.5117633200602371,0.32454337161281976,0.10150454087713301,0.012167518177366754,0.0006397878768281303,0.0008545903047884773,6.23619952142943e-05,0.0002517576843836325,0.009721542142850544,0.06422823566367021,0.11673241622705309,0.20841840741322443,0.4345083565073587,0.16583671319949372,0.0003025711619656501,0.0009654560740583339,0.04618945112205397,0.09353144430380916,0.16662663180554144,0.33643141566348544,0.32549265976219294,0.030756012158279365,6.929110579366032e-06,0.0,0.0,0.0,0.0,0.9996027309934497,0.0003972690065503192,0.0,0.0,0.0,0.0,0.0,0.8697419599220244,0.1302580400779756,0.0,0.0,0.0
38,舌尖,210299,189.9202423095703,18.32440757751465,140.80279541015625,19.6853084564209,152.64743041992188,19.223596572875977,170.83346557617188,17.229982376098633,66.51943969726562,13.036233901977539,189.92025756835938,18.324371337890625,162.0189971923828,18.06627655029297,148.48072814941406,3.70458722114563,129.20440673828125,2.299487590789795,0.0,0.0,0.0,0.000580126391471191,0.06510254447239407,0.40746270785881056,0.5248955059225199,0.00195911535480435,0.0,8.083728405746104e-05,0.005073728358194761,0.27122335341585074,0.5217571172473479,0.2016176967080205,0.0002472669865287044,0.0,0.0,0.0,0.0011887835890803094,0.1099815025273539,0.49592722742381085,0.38790959538561764,0.0049928910741373,0.0,0.010090395104113666,0.0,0.0,0.0,0.0,0.0,0.0019924012952985985,0.9879172036005878,3.8041074850569906e-05,0.45449574177718394,0.5225654900879224,0.02285317571647987,4.755134356321238e-05,0.0,0.0,0.0,0.0,0.0,0.0,0.000580126391471191,0.06510254447239407,0.40746270785881056,0.5248955059225199,0.00195911535480435,0.0,0.0,0.0003328594049424866,0.019843175668928525,0.4210100856399698,0.5263410667668414,0.03247281251931773,0.0,0.0,0.0,0.0,0.0,0.9937327329183686,0.006267267081631392,0.0,0.0,0.0,0.0,0.0,0.15949196144537064,0.8405080385546294,0.0,0.0,0.0
38,舌中,369000,205.1756591796875,9.0499906539917,166.6275177001953,9.997471809387207,172.28778076171875,9.968192100524902,148.3800811767578,61.9550895690918,48.46991729736328,8.0133056640625,205.1756591796875,9.0499906539917,183.4675750732422,8.66486930847168,143.01461791992188,3.145784378051758,130.5339813232422,2.1455531120300293,0.0,0.0,0.0,0.0,0.0,0.06208130081300813,0.923159891598916,0.01475880758807588,0.0,0.0,0.0,0.0006504065040650406,0.22765582655826558,0.769070460704607,0.0026233062330623304,0.0,0.0,0.0,0.0,0.00015989159891598915,0.09341734417344173,0.8843821138211382,0.022040650406504065,0.0,0.15250948509485096,0.0,0.0,0.0,0.0,0.0,0.0,0.847490514905149,0.00194579945799458,0.9571246612466124,0.0406449864498645,0.0002845528455284553,0.0,0.0,0.0,0.0,0.0,0.0,0.0,0.0,0.0,0.06208130081300813,0.923159891598916,0.01475880758807588,0.0,0.0,0.0,0.0,0.005607046070460704,0.8164173441734417,0.17797560975609755,0.0,0.0,0.0,0.0,0.0,0.9997669376693767,0.00023306233062330624,0.0,0.0,0.0,0.0,0.0,0.04123577235772358,0.9587642276422764,0.0,0.0,0.0
38,舌左邊,207131,184.62603759765625,9.588130950927734,143.29017639160156,15.156347274780273,152.57167053222656,13.888988494873047,167.2646026611328,30.992626190185547,57.44514465332031,15.102295875549316,184.62603759765625,9.588130950927734,162.29322814941406,12.45682430267334,145.11160278320312,4.594923973083496,129.26683044433594,1.776200294494629,0.0,0.0,0.0,0.0,0.007695612921291357,0.7381125954106339,0.2541917916680748,0.0,0.0,0.0,0.0,0.1867900024622099,0.6641980196107777,0.14901197792701237,0.0,0.0,0.0,0.0,0.0,0.03792286041200979,0.6127281768542613,0.3493489627337289,0.0,0.0,0.03368882494653142,0.0,0.0,0.0,0.0,0.0,0.0,0.9663111750534685,0.0008014251850278326,0.6191444061970444,0.3742655614079978,0.005788607209929948,0.0,0.0,0.0,0.0,0.0,0.0,0.0,0.0,0.007695612921291357,0.7381125954106339,0.2541917916680748,0.0,0.0,0.0,0.0,0.00011104083888939849,0.38634970139670066,0.6128826684561944,0.0006565893082155737,0.0,0.0,0.0,0.0,0.0,1.0,0.0,0.0,0.0,0.0,0.0,0.0,0.1593242923560452,0.8406757076439548,0.0,0.0,0.0
38,舌右邊,206510,180.8856658935547,12.436725616455078,140.2789764404297,17.659194946289062,149.0785675048828,18.223957061767578,162.8442840576172,40.32931900024414,58.01417922973633,14.9635591506958,180.8856658935547,12.436725616455078,159.10934448242188,15.349806785583496,144.83685302734375,4.147648811340332,129.4127960205078,2.721188545227051,0.0,0.0,4.842380514260811e-06,0.0006779332719965134,0.04771681758752603,0.7406566267977338,0.21094377996222943,0.0,0.0,0.00020337998159895403,0.007515374558132778,0.2216212289961745,0.6233693283618227,0.14725679143867126,3.389666359982567e-05,0.0,0.0,0.0001307442738850419,0.00316691685632657,0.12353396929930754,0.5552999854728584,0.3175584717447097,0.0003099123529126919,0.0,0.058989879424725195,0.0,0.0,0.0,0.0,0.0,0.0,0.9410101205752748,0.0005810856617112973,0.6277226284441432,0.3604619631010605,0.011214953271028037,1.9369522057043242e-05,0.0,0.0,0.0,0.0,0.0,4.842380514260811e-06,0.0006779332719965134,0.04771681758752603,0.7406566267977338,0.21094377996222943,0.0,0.0,4.842380514260811e-06,0.0006149823253111229,0.029194712120478427,0.4530967023388698,0.5136119316255872,0.003476829209239262,0.0,0.0,0.0,0.0,0.0,0.9999079947702291,9.20052297709554e-05,0.0,0.0,0.0,0.0,0.0,0.2468161348118735,0.7531838651881265,0.0,0.0,0.0
38,舌根,381078,177.01620483398438,23.6295166015625,141.46719360351562,27.935588836669922,143.7898406982422,25.42037010192871,112.25701904296875,81.44023132324219,56.498653411865234,16.676328659057617,177.01695251464844,23.62464141845703,158.22662353515625,26.030454635620117,141.9182586669922,4.314846515655518,131.94403076171875,3.5867514610290527,0.0009263195461296637,0.0018920011126331091,0.005077700628217845,0.027461569547441732,0.15289783193991782,0.519869947884685,0.2918746293409748,0.0,0.0023197350673615376,0.009635822587501772,0.06311306346732165,0.19785450747615974,0.4217561759009966,0.30494544423976194,0.0003752512608967193,0.0,0.0017870357249696912,0.006841119140963268,0.04398836983504689,0.1859225670335207,0.4425603157358861,0.31888747185615546,1.3120673457927249e-05,0.0,0.36635544429224465,0.0,0.0,0.0,0.0,0.00016007221618671242,0.0004644718404106246,0.6330200116511581,0.004555497824592341,0.7285909971187001,0.23842887807745397,0.027598024551404175,0.0007767438687092931,4.985855914012355e-05,0.0,0.0,0.0009263195461296637,0.0018920011126331091,0.005077700628217845,0.027461569547441732,0.15289783193991782,0.519869947884685,0.2918746293409748,0.0,0.0016295876434745643,0.0038469814578642693,0.01666063115687602,0.10432772293336272,0.28848162318475484,0.5555713003637051,0.029482153259962528,0.0,0.0,0.0,0.0,0.0,1.0,0.0,0.0,0.0,0.0,0.0,0.0,0.0667816037661581,0.9332183962338418,0.0,0.0,0.0
39,舌尖,211850,206.2064666748047,13.534774780273438,153.03501892089844,20.032119750976562,160.93576049804688,25.13201141357422,150.77149963378906,58.30284118652344,68.17738342285156,17.294675827026367,206.2064666748047,13.534774780273438,174.53089904785156,17.284992218017578,149.145751953125,3.665132761001587,131.91293334960938,4.8831377029418945,0.0,0.0,0.0,4.2482888836440875e-05,0.0084304932735426,0.10304460703327827,0.831088033986311,0.05739438281803163,0.0,0.0,0.003804578711352372,0.09374557469907954,0.5063724333254661,0.3772244512626859,0.018357328298324285,0.0004956337030918102,0.0,1.8881283927307058e-05,0.02262449846589568,0.07491149398159075,0.3176162379041775,0.5157045079065377,0.06771772480528676,0.0014066556525843758,0.1355204153882464,0.0,0.0,0.0,0.0,0.0,4.7203209818267644e-06,0.8644748642907718,0.003766816143497758,0.4258720793013925,0.5060136889308473,0.057351899929195184,0.006995515695067265,0.0,0.0,0.0,0.0,0.0,0.0,4.2482888836440875e-05,0.0084304932735426,0.10304460703327827,0.831088033986311,0.05739438281803163,0.0,0.0,2.360160490913382e-05,0.010639603493037527,0.17337738966249705,0.6581260325702147,0.1560160490913382,0.0018173235780033043,0.0,0.0,0.0,0.0,0.9958933207458107,0.004106679254189285,0.0,0.0,0.0,0.0,0.0,0.059608213358508376,0.9403917866414916,0.0,0.0,0.0
39,舌中,370731,209.45436096191406,10.637483596801758,178.73367309570312,18.506010055541992,178.4219970703125,16.440845489501953,93.87614440917969,83.93209838867188,41.941986083984375,12.3024263381958,209.45458984375,10.638138771057129,192.52828979492188,14.860273361206055,139.0880126953125,5.315604209899902,132.34231567382812,2.94339656829834,0.0,0.0,0.0,4.5855350645076885e-05,0.0007040145010802981,0.04285047649104067,0.8789958217683441,0.07740383188888979,0.0,3.7763229943004495e-05,0.0005853300641165697,0.003406782815572477,0.13957559524291197,0.6018460824694994,0.247707906811138,0.006840539366818529,0.0,3.5065856375647036e-05,0.0007121066217823705,0.00337171695919683,0.10601757069141776,0.6897076316790341,0.19451839743641616,0.0056375107557771,0.4841704632199627,0.0004720403742875562,0.0,0.0,0.0,2.4276362106217176e-05,0.0004666456271528413,0.5148665744164906,0.21015776937995473,0.7516150524234553,0.03687309666577653,0.0011544758868289946,0.00019960564398445235,0.0,0.0,0.0,0.0,0.0,0.0,4.5855350645076885e-05,0.0007040145010802981,0.04285047649104067,0.8789958217683441,0.07740383188888979,0.0,0.0,7.552645988600899e-05,0.0009440807485751124,0.012081536208194082,0.4685445781442609,0.5010560217516205,0.017298256687463417,0.0,0.0,0.0,0.0007228961160518003,0.9990828929870985,0.0001942108968497374,0.0,0.0,0.0,0.0,0.0,0.036042305607030437,0.9639576943929695,0.0,0.0,0.0
39,舌左邊,201935,211.5685577392578,10.662918090820312,163.32318115234375,20.822113037109375,171.8793487548828,19.456722259521484,173.53912353515625,13.777548789978027,58.865116119384766,16.57892417907715,211.5685577392578,10.662918090820312,182.9984893798828,16.624160766601562,147.17967224121094,4.962975025177002,130.6492156982422,1.8950310945510864,0.0,0.0,0.0,0.0,0.0,0.052576324064674274,0.8466387699012058,0.1007849060341199,0.0,0.0,0.0,0.06612523831926115,0.30368187783197564,0.5793695991284324,0.050016094287765864,0.0008071904325649342,0.0,0.0,0.0,0.011880060415480228,0.22626092554534874,0.6322083838859038,0.12752618416817293,0.0021244459850942136,0.006209919033352316,0.0,0.0,0.0,0.0,0.0,3.961670834674524e-05,0.9937504642583009,0.009785326961646074,0.6675217272884839,0.3032064773318147,0.019486468418055316,0.0,0.0,0.0,0.0,0.0,0.0,0.0,0.0,0.0,0.052576324064674274,0.8466387699012058,0.1007849060341199,0.0,0.0,0.0,0.0,0.1282937578923911,0.5186916582068487,0.3500730433060143,0.002941540594745834,0.0,0.0,0.0,0.0,0.9913288929606061,0.008671107039393864,0.0,0.0,0.0,0.0,0.0,0.02114046599153193,0.978859534008468,0.0,0.0,0.0
39,舌右邊,217083,208.04844665527344,16.31812286376953,166.33663940429688,26.048856735229492,170.1817169189453,24.082975387573242,130.5814208984375,75.5185775756836,53.70734786987305,17.64417266845703,208.04844665527344,16.31812286376953,183.7772674560547,21.730030059814453,144.0225830078125,5.7035064697265625,132.06190490722656,2.3242454528808594,0.0,0.0,0.0,0.0,0.01060884546463795,0.13938908159551877,0.7146437077062691,0.13535836523357425,0.0,0.0,0.0036621937231381546,0.09200628331099164,0.2521247633393679,0.5034572030053022,0.14570924485104775,0.00304031177015243,0.0,0.0,0.0011239940483593832,0.0662511573914125,0.21280800431171487,0.5531939396452048,0.1615188660558404,0.005104038547468019,0.2623190208353487,0.0,0.0,0.0,0.0,0.0,0.0,0.7376809791646514,0.05796400455125459,0.658683545003524,0.270338994762372,0.013013455682849418,0.0,0.0,0.0,0.0,0.0,0.0,0.0,0.0,0.01060884546463795,0.13938908159551877,0.7146437077062691,0.13535836523357425,0.0,0.0,0.0,0.012451458658669725,0.1440462864434341,0.40566050773206563,0.42771658766462595,0.010125159501204609,0.0,0.0,0.0,0.0,0.9998019190816416,0.0001980809183584159,0.0,0.0,0.0,0.0,0.0,0.010747041454190333,0.9892529585458096,0.0,0.0,0.0
39,舌根,367418,192.1582489013672,23.360469818115234,158.7808837890625,27.48992347717285,155.437255859375,28.337722778320312,88.26803588867188,82.82688903808594,54.056251525878906,16.897512435913086,192.15855407714844,23.360925674438477,174.0515899658203,24.640729904174805,139.8892822265625,6.929096698760986,134.55203247070312,4.406186580657959,0.0,0.0,1.9051870077132857e-05,0.0077949365572726435,0.10459204502773407,0.29083224011888364,0.5683717183153792,0.028390008110653262,0.0,0.00015513665634236755,0.011142622299397416,0.13657469149578955,0.32364228208743173,0.42097556461577823,0.10501935125660691,0.002490351588653795,0.0,0.00046540996902710266,0.029312662961531552,0.14190921511738674,0.3275424720617934,0.42999526424943796,0.06952571730290841,0.0012492583379148546,0.5145093599115993,0.013314535488190561,1.0886782901218776e-05,5.443391450609388e-06,0.0,2.721695725304694e-06,3.538204442896102e-05,0.47212167068570404,0.0703367826290492,0.6532586862919073,0.26717526087453525,0.009147619332749076,8.165087175914082e-05,0.0,0.0,0.0,0.0,0.0,1.9051870077132857e-05,0.0077949365572726435,0.10459204502773407,0.29083224011888364,0.5683581098367527,0.028403616589279784,0.0,1.6330174351828163e-05,0.0010451311585170024,0.04509033308112286,0.23183404188145382,0.4498554779569863,0.26717526087453525,0.004983424873032894,0.0,0.0,0.0,0.03358028185880931,0.9646642243983692,0.0017554937428215275,0.0,0.0,0.0,0.0,0.0,0.009134010854122552,0.9908659891458774,0.0,0.0,0.0
40,舌尖,213857,192.70712280273438,13.624682426452637,143.16867065429688,22.14179801940918,158.89169311523438,21.16960334777832,168.39772033691406,16.88227653503418,66.6166763305664,18.54343605041504,192.70712280273438,13.624682426452637,164.75747680664062,18.448259353637695,149.2525634765625,5.037222385406494,127.2772216796875,2.693697452545166,0.0,0.0,0.0,0.0,0.009950574449281529,0.42873041331356937,0.5606316370284816,0.0006873752086674741,0.0,0.0,0.004928527006364066,0.26579443272841197,0.4648152737576979,0.2620863474190698,0.002375419088456305,0.0,0.0,0.0,0.0034088199123713508,0.06942022005358721,0.4173022159667441,0.4622574898179625,0.047611254249334836,0.0,0.010142291344215995,0.0,0.0,0.0,0.0,0.0,0.0005985307939417461,0.9892591778618423,0.011610562198104342,0.4516288922036688,0.4655260290755037,0.07082770262371585,0.0004068138990072806,0.0,0.0,0.0,0.0,0.0,0.0,0.0,0.009950574449281529,0.42873041331356937,0.5606316370284816,0.0006873752086674741,0.0,0.0,0.0,0.014495667665776663,0.3796321841230355,0.5364612802012559,0.06941086800993188,0.0,0.0,0.0,0.0,0.0,0.9870567715810098,0.01294322841899026,0.0,0.0,0.0,0.0,0.0,0.5217271354222681,0.4782728645777318,0.0,0.0,0.0
40,舌中,286076,206.3562469482422,10.934484481811523,171.5734100341797,20.219335556030273,183.66912841796875,18.27421760559082,169.1138458251953,7.357722282409668,43.671573638916016,15.793537139892578,206.3562469482422,10.934484481811523,187.6121063232422,16.426990509033203,142.708740234375,4.697948932647705,126.71857452392578,1.9226861000061035,0.0,0.0,0.0,0.0,0.00013283183489702036,0.1072512199555363,0.8775954641423958,0.015020484067170962,0.0,0.0,0.0011605307680476516,0.03807729414561165,0.19766425705057397,0.6247360841175073,0.13836183391825949,0.0,0.0,0.0,1.398229841021267e-05,0.00901508689998462,0.10107803520742739,0.48874774535438137,0.4011451502397964,0.0,0.0015170793775080749,0.0,0.0,0.0,0.0,0.0,0.00041597337770382697,0.9980669472447881,0.2181378374977279,0.6708811644458116,0.10110949537885038,0.00985402480459738,1.7477873012765837e-05,0.0,0.0,0.0,0.0,0.0,0.0,0.0,0.00013283183489702036,0.1072512199555363,0.8775954641423958,0.015020484067170962,0.0,0.0,0.0,0.00147862805687999,0.0699010053272557,0.44257470042925656,0.48604566618660777,0.0,0.0,0.0,0.0,0.0,0.9956480096198214,0.004351990380178694,0.0,0.0,0.0,0.0,0.0,0.6602196619080244,0.33978033809197555,0.0,0.0,0.0
40,舌左邊,199267,204.30886840820312,10.507767677307129,161.05099487304688,21.801403045654297,171.28213500976562,20.531593322753906,171.36691284179688,14.986570358276367,54.75717544555664,18.775981903076172,204.30886840820312,10.507767677307129,179.72802734375,17.33365249633789,145.67755126953125,5.600982666015625,129.05526733398438,2.2201952934265137,0.0,0.0,0.0,0.0,2.007356963270386e-05,0.1285963054595091,0.8623756065981824,0.009008014372675857,0.0,0.0,0.00022582765836791843,0.0867128024208725,0.3429418819975209,0.5139486216985251,0.056170866224713574,0.0,0.0,0.0,0.0,0.022663060115322656,0.2613930053646615,0.5439284979449683,0.1719000135496595,0.0001154230253880472,0.0074472943337331315,0.0,0.0,0.0,0.0,0.0,6.523910130628754e-05,0.9924874665649606,0.07914004827693497,0.6114559861893841,0.294233365283765,0.015140489895466886,3.011035444905579e-05,0.0,0.0,0.0,0.0,0.0,0.0,0.0,2.007356963270386e-05,0.1285963054595091,0.8623756065981824,0.009008014372675857,0.0,0.0,0.0,0.0002157908735515665,0.15128947592928083,0.5574831758394516,0.29090617111714434,0.00010538624057169527,0.0,0.0,0.0,0.0,0.9964670517446441,0.0035329482553558794,0.0,0.0,0.0,0.0,0.0,0.23437398063904208,0.7656260193609579,0.0,0.0,0.0
40,舌右邊,162101,204.43429565429688,13.655964851379395,160.00408935546875,26.439128875732422,170.96055603027344,25.549884796142578,170.8988494873047,14.673298835754395,56.708805084228516,22.264802932739258,204.43429565429688,13.655964851379395,179.07142639160156,21.399810791015625,146.29693603515625,6.173074722290039,128.93780517578125,2.503065347671509,0.0,0.0,0.0,0.0004811814856169919,0.009518756824448955,0.14279985934695036,0.8145415512550818,0.03265865108790199,0.0,0.0024429213885170356,0.008908026477319695,0.13122682771852118,0.27721605665603544,0.5028223144829458,0.07737151528985016,1.23379868106921e-05,0.0,0.000123379868106921,0.0052991653351922565,0.07132590175261103,0.21101658842326698,0.48128635850488277,0.23074502933356364,0.00020357678237641964,0.00719921530403884,0.0,0.0,0.0,0.0,0.0,0.0,0.9928007846959611,0.07927773425210208,0.6011745763443779,0.2482094496640983,0.06774788557751031,0.003590354161911401,0.0,0.0,0.0,0.0,0.0,0.0,0.0004811814856169919,0.009518756824448955,0.14279985934695036,0.8145415512550818,0.03265865108790199,0.0,0.0,0.0025724702500293027,0.011832129351453724,0.17642704239949167,0.4698243687577498,0.3391404124588991,0.00020357678237641964,0.0,0.0,0.0,0.0,0.9780260454901574,0.02197395450984263,0.0,0.0,0.0,0.0,0.0,0.272465931733919,0.727534068266081,0.0,0.0,0.0
40,舌根,266445,194.27200317382812,21.00933074951172,156.34735107421875,26.671770095825195,163.4269561767578,26.012144088745117,167.18511962890625,33.674415588378906,51.47100067138672,19.897798538208008,194.27279663085938,21.002403259277344,173.51560974121094,24.247703552246094,143.27951049804688,4.974611282348633,129.8513641357422,2.2758378982543945,0.004075888081968136,0.001576310307943478,0.0013023325639437782,0.004601324851282629,0.030355232787254407,0.291730000562968,0.6637730113156561,0.0025858995289834677,0.006050029086678301,0.004387397023776014,0.012614235583328642,0.09370414156767813,0.35917731614404474,0.4868509448479048,0.03721593574658935,0.0,0.005644692150349979,0.0037906509786259828,0.007982885773799471,0.05686351779917056,0.2811086715832536,0.5579237741372516,0.08668580757754883,0.0,0.0395015856931074,0.0,0.0,0.0,0.0,6.380303627390268e-05,0.0016063352661900205,0.9588282760044287,0.09232299348833718,0.7021411548349565,0.1679145789937886,0.0304378014224324,0.0055883953536377115,0.0012422826474506935,0.0003152620615886956,3.753119780817805e-05,0.004075888081968136,0.001576310307943478,0.0013023325639437782,0.004601324851282629,0.030355232787254407,0.291730000562968,0.6637730113156561,0.0025858995289834677,0.005299405130514741,0.0017264350991761902,0.004256037831447391,0.023137983448741767,0.1736906303364672,0.5891910150312447,0.202698493122408,0.0,0.0,0.0,0.0,0.0,0.997425359830359,0.002574640169641014,0.0,0.0,0.0,0.0,0.0,0.097723732852934,0.902276267147066,0.0,0.0,0.0
41,舌尖,342105,184.10032653808594,15.191832542419434,165.53128051757812,18.416587829589844,188.9575958251953,17.475032806396484,142.7825469970703,13.536157608032227,35.05443572998047,10.157081604003906,191.36300659179688,15.574628829956055,179.0098876953125,16.134498596191406,139.11618041992188,3.8656435012817383,118.4857406616211,2.623960494995117,0.0,0.0,0.0,0.0007746159804738311,0.07454728811329855,0.5313865626050481,0.39329153330117944,0.0,0.0,0.0,0.0,0.014840472954209965,0.36597828152175504,0.5586384297218691,0.060542815802166,0.0,0.0,0.0,0.0,5.846158343198725e-06,0.048651729732099795,0.4801596001227693,0.4654594349687961,0.005723389017991552,0.0027681559755045964,0.0,0.0,0.0,0.005083234679411292,0.21249616345858727,0.6551409654930503,0.12451148039344645,0.46824805249850193,0.5128805483696526,0.01854109118545476,0.000330307946390728,0.0,0.0,0.0,0.0,0.0,0.0,0.0,0.0,0.021133862410663392,0.46051066193127843,0.5126320866400667,0.005723389017991552,0.0,0.0,0.0,7.307697928998407e-05,0.13753379810292163,0.5923356864120665,0.27005743850572195,0.0,0.0,0.0,0.0,7.307697928998407e-05,0.9999269230207101,0.0,0.0,0.0,0.0,0.0,0.0,0.9943584571988132,0.00564154280118677,0.0,0.0,0.0
41,舌中,463411,204.97549438476562,6.155002117156982,194.029541015625,9.698380470275879,213.41064453125,11.361978530883789,137.61782836914062,10.410074234008789,23.85404396057129,5.473771095275879,214.02841186523438,10.253152847290039,203.75669860839844,8.045583724975586,135.41949462890625,2.4436655044555664,119.75957489013672,2.4557251930236816,0.0,0.0,0.0,0.0,0.0,0.021667590972160783,0.9778317735228556,0.0005006355049836969,0.0,0.0,0.0,0.0,0.002371544913694323,0.37156001907593905,0.6251599552017539,0.000908480808612657,0.0,0.0,0.0,0.0,0.00014242216952122414,0.03975520650135625,0.7784795786030112,0.18162279272611137,0.0,0.0,0.0,0.0,0.0014155900485745914,0.41477867379065236,0.535477146636571,0.048328589524202055,0.9561123926708689,0.043885449417471745,2.157911659412487e-06,0.0,0.0,0.0,0.0,0.0,0.0,0.0,0.0,0.0,0.0,0.015431226276458694,0.80294598099743,0.18162279272611137,0.0,0.0,0.0,0.0,1.510538161588741e-05,0.06933585952858262,0.9259361560256446,0.004712879064156871,0.0,0.0,0.0,8.200064305767451e-05,0.9999179993569424,0.0,0.0,0.0,0.0,0.0,0.0,0.9994432587918716,0.0005567412081284216,0.0,0.0,0.0
41,舌左邊,331178,202.13722229003906,8.262716293334961,181.32998657226562,16.312999725341797,202.24008178710938,16.81839942932129,148.04638671875,11.087132453918457,31.19808006286621,9.794170379638672,206.2684326171875,11.973548889160156,194.16635131835938,13.284562110900879,139.22195434570312,3.650801181793213,120.21298217773438,2.1463537216186523,0.0,0.0,0.0,0.0,6.944905760648353e-05,0.0956404108968591,0.9018141301656512,0.0024760098798833254,0.0,0.0,0.0,0.0005284167426580268,0.10498885795554053,0.6318897994431998,0.2598210026028299,0.0027719232557718207,0.0,0.0,0.0,1.5097621218800765e-05,0.016936511483250698,0.20821431375272512,0.7008376160252191,0.07399646111758632,0.0,0.0,0.0,0.0,0.0007971544003526805,0.1157896961754706,0.6625893024295092,0.22082384699466753,0.6795892239218788,0.3060438797263103,0.014366896351810808,0.0,0.0,0.0,0.0,0.0,0.0,0.0,0.0,0.0,6.944905760648353e-05,0.09312514720180688,0.8328089426230003,0.07399646111758632,0.0,0.0,0.0,0.0,0.015662272252383914,0.3394881302501978,0.6377748521942883,0.007074745303130039,0.0,0.0,0.0,0.00012380049399416627,0.9998761995060058,0.0,0.0,0.0,0.0,0.0,0.0,0.9964973518772382,0.0035026481227617774,0.0,0.0,0.0
41,舌右邊,221635,196.773681640625,15.630339622497559,172.64920043945312,22.628957748413086,192.93370056152344,23.902280807495117,151.70028686523438,12.3755521774292,35.57670211791992,12.279515266418457,199.9805145263672,18.390396118164062,186.65359497070312,19.63896942138672,140.390625,4.0393195152282715,120.99567413330078,2.4781033992767334,0.0,0.0,0.00027973921086471,0.001281386062670607,0.040963746700656486,0.19380964197892933,0.76231642114287,0.0013490649040088433,4.963115031470661e-05,0.0005639903444853024,0.0018137929478647325,0.02749114535159158,0.2642633158120333,0.48727863378978953,0.21817402486069437,0.00036546574322647595,4.5119227558824194e-05,0.0004466803528323595,0.0013265052902294314,0.003853182033523586,0.09751618652288672,0.3157488663794076,0.5246960092043225,0.056367450989239065,0.00036546574322647595,0.0,0.0,0.0,4.0607304802941776e-05,0.0995510636857897,0.5120355539513164,0.38800730931486455,0.5200036095382047,0.47035441153247454,0.008491438626570712,0.0008482414781058948,0.00026620344259706274,3.1583459291176935e-05,4.511922755882419e-06,0.0,0.0,0.0,0.00027973921086471,0.0012678502944029597,0.040548649807115304,0.19380061813341756,0.7076860604146457,0.05641708213955377,0.0,0.00018498883299117918,0.0008753130146411894,0.004669840052338304,0.10255149231845151,0.387181627450538,0.5033907099510456,0.0011460283799941346,0.0,0.0,0.0,0.0,1.0,0.0,0.0,0.0,0.0,0.0,0.0,0.9884720373587205,0.01152796264127958,0.0,0.0,0.0
41,舌根,509146,144.6412353515625,46.53144454956055,126.89462280273438,46.993568420410156,138.9851531982422,49.235084533691406,154.58834838867188,22.530853271484375,38.047672271728516,22.090808868408203,145.8295135498047,47.28147888183594,139.0065460205078,47.86208724975586,137.1399383544922,4.08939266204834,124.09491729736328,3.056209087371826,0.009686808891752071,0.040721129106385985,0.16518837425807137,0.11952367297396031,0.1652374760874091,0.35901686353226775,0.1406256751501534,0.0,0.021881739226076606,0.1092672828618903,0.15994233481162573,0.1321939090162743,0.26096443849112044,0.2895515235315607,0.026198772061451922,0.0,0.014840536899042711,0.06362025823634085,0.17762095744639061,0.11149846998699783,0.18353281769865618,0.3221374615532676,0.12627026432496768,0.0004792338543364772,0.015270668924041435,0.0006010063910941066,0.00023765285399472843,0.0005067308787656192,0.002751666516087723,0.05407093446673449,0.36915148110758017,0.5574098588617018,0.4447506216291594,0.451444183004482,0.07859435211118225,0.019169354173459087,0.0037749486394865125,0.0019169354173459087,0.00033192836632321574,1.767665856159137e-05,0.009686808891752071,0.04061703322818995,0.16476020630624613,0.11677986275056663,0.1585635554438216,0.34964823449462434,0.1594650650304628,0.0004792338543364772,0.016678909389448212,0.06273053308874076,0.16107953317908813,0.11460956189383792,0.1930330396389248,0.35293805706025383,0.09893036574970637,0.0,0.0,0.0,0.0,0.0034331999072957464,0.9965668000927043,0.0,0.0,0.0,0.0,0.0,0.0,0.9078810400160269,0.09211895998397317,0.0,0.0,0.0
42,舌尖,183235,200.64895629882812,19.782258987426758,151.6761474609375,21.939762115478516,170.09046936035156,22.08416175842285,164.59353637695312,24.777406692504883,62.87148666381836,14.018244743347168,200.64895629882812,19.782258987426758,172.7888946533203,19.693058013916016,149.22885131835938,4.490923881530762,125.61466979980469,3.0304477214813232,0.0,0.0,0.0,0.0,0.011493437389145086,0.3170900755859961,0.5356618549949519,0.13575463202990695,0.0,0.0,0.0004365978115534696,0.1295604005784921,0.5218926515130843,0.30494174147952086,0.04316860861734931,0.0,0.0,0.0,0.0,0.02902829699566131,0.293999508827462,0.48777799001282507,0.18871940404398724,0.0004748001200643982,0.022348350478893223,0.0,0.0,0.0,0.0,0.0,0.00013097934346604088,0.9775206701776408,0.003241738750784512,0.5421780773323873,0.435167953720632,0.01910661172810871,0.0003056184680874287,0.0,0.0,0.0,0.0,0.0,0.0,0.0,0.011493437389145086,0.3170900755859961,0.5356618549949519,0.13575463202990695,0.0,0.0,0.0,0.0013152509073048272,0.2815728436161214,0.5135809206756351,0.20340546293011708,0.00012552187082162251,0.0,0.0,0.0,0.0,0.9801238846290283,0.019876115370971704,0.0,0.0,0.0,0.0,0.0,0.7991431767948263,0.20085682320517367,0.0,0.0,0.0
42,舌中,375440,219.30577087402344,10.577974319458008,187.3248291015625,16.208749771118164,199.40647888183594,13.999143600463867,167.76051330566406,13.077239036560059,37.515655517578125,10.831912994384766,219.30577087402344,10.577974319458008,201.58563232421875,13.331478118896484,141.4390106201172,3.737011671066284,126.23934936523438,1.890155553817749,0.0,0.0,0.0,0.0,0.00011186874067760495,0.01628222885148093,0.5890634988280418,0.3945424035797997,0.0,0.0,0.0,0.0036437246963562753,0.05212017898998508,0.49794907308757724,0.4460366503302791,0.00025037289580225866,0.0,0.0,0.0,0.0005380353718303857,0.010571595994033667,0.24562113786490516,0.7324712337523972,0.010797997016833582,0.005707969316002557,0.0,0.0,0.0,0.0,0.0,0.0005007457916045173,0.9937912848923929,0.33020455998295334,0.6505646707862774,0.019225442147879822,5.327082889409759e-06,0.0,0.0,0.0,0.0,0.0,0.0,0.0,0.0,0.00011186874067760495,0.01628222885148093,0.5890634988280418,0.3945424035797997,0.0,0.0,0.0,3.196249733645855e-05,0.007332729597272533,0.19986415938632004,0.7766354144470488,0.01613573407202216,0.0,0.0,0.0,0.0,1.0,0.0,0.0,0.0,0.0,0.0,0.0,0.7489372469635628,0.25106275303643727,0.0,0.0,0.0
42,舌左邊,225788,197.01976013183594,19.345726013183594,154.98690795898438,33.45233154296875,171.5218505859375,29.670713424682617,166.805908203125,12.028097152709961,56.47013854980469,26.573041915893555,197.02049255371094,19.346363067626953,174.04884338378906,27.41182518005371,146.50184631347656,7.468550205230713,125.67516326904297,2.8211307525634766,0.0,0.0,0.0,0.0,0.01001381827200737,0.4419322550356972,0.43624993356599995,0.11180399312629546,0.0,0.0,0.018729959076655978,0.2500974365333853,0.24821513986571475,0.3187370453699931,0.16385281768738816,0.0003676014668627208,0.0,0.0,0.00015058373341364465,0.09058497351497866,0.2567895548036211,0.3437428029833295,0.304560029762432,0.004172055202225096,0.004716814002515634,0.0,0.0,0.0,0.0,0.0,0.005319148936170213,0.9899640370613142,0.17210392049178877,0.49045564866157637,0.2109279501124949,0.12628660513401951,0.000225875600120467,0.0,0.0,0.0,0.0,0.0,0.0,0.0,0.01001381827200737,0.4419322550356972,0.4362366467659929,0.11181727992630255,0.0,0.0,0.0,0.02902280014881216,0.3218638723049941,0.3252254327067869,0.3161284036352685,0.007759491204138396,0.0,0.0,0.0,0.0,0.945236239304126,0.054763760695874006,0.0,0.0,0.0,0.0,0.0,0.762157422006484,0.23784257799351605,0.0,0.0,0.0
42,舌右邊,161467,187.01513671875,15.125985145568848,127.60755157470703,23.64369010925293,148.15313720703125,24.759387969970703,167.35667419433594,17.00454330444336,82.17119598388672,21.668996810913086,187.01513671875,15.125985145568848,153.00238037109375,19.89171028137207,154.0819549560547,5.621276378631592,126.6080093383789,3.5670480728149414,0.0002725015018548682,0.00022295577424489215,0.0004644911963435253,0.004638718747484006,0.02300779725888262,0.5937683861098553,0.37403308415961156,0.003592065251723262,0.0006750605386859235,0.0056977586751472435,0.04697554299020853,0.5098317303226046,0.3260604334012523,0.10513603398836914,0.005623440083732279,0.0,0.0005078437080022544,0.0020127951841552765,0.007623848835985062,0.1698922999746078,0.5288882558045916,0.24667579133816817,0.04427530083546483,0.00012386431902494007,0.009884372658190218,0.0,0.0,0.0,0.0,0.0,0.00029727436565985617,0.98981835297615,0.0036725770590894736,0.24133723918819325,0.45340533979079317,0.2934903107136443,0.0069859475930066205,0.0008856298810283216,0.00019198969448865712,3.096607975623502e-05,0.0002725015018548682,0.00022295577424489215,0.0004644911963435253,0.004638718747484006,0.02300779725888262,0.5937683861098553,0.37403308415961156,0.003592065251723262,0.0004644911963435253,0.0005697758675147243,0.006069351632222064,0.06440325267701759,0.5989087553493903,0.2970514098856113,0.03253296339190051,0.0,0.0,0.0,0.0,0.0,0.8248558528987348,0.17514414710126527,0.0,0.0,0.0,0.0,0.0,0.6012188248992054,0.3987811751007946,0.0,0.0,0.0
42,舌根,384329,173.62136840820312,38.80213928222656,137.68038940429688,44.4195556640625,147.55201721191406,43.8586540222168,149.76612854003906,55.836082458496094,58.48238754272461,30.969629287719727,173.62197875976562,38.80124282836914,154.69554138183594,42.10545349121094,143.46885681152344,6.676929473876953,128.26100158691406,3.4919047355651855,0.008523946930884737,0.0033278779379125696,0.02904282528770923,0.09224388479661956,0.15322549170112065,0.3301520312024333,0.34998399808497405,0.033499944058345846,0.016158031270083705,0.05357128918192486,0.11542974899109877,0.1882293555781635,0.2493410593527941,0.283392614140489,0.09387529954804347,2.6019374025899686e-06,0.011771164809317017,0.03598999815262444,0.09753362353608497,0.14394438098608223,0.24471221271358654,0.30952126953729747,0.15645189408033222,7.545618467510908e-05,0.12409420054172336,0.0,0.0,0.0,0.0,0.0,0.008893422042052512,0.8670123774162242,0.1569176408753958,0.5130760364167158,0.20409076598435194,0.08312149226313913,0.0322406063554923,0.010157963619711236,0.0003876886729859053,7.805812207769906e-06,0.008523946930884737,0.0033278779379125696,0.02904282528770923,0.09224388479661956,0.15322549170112065,0.33013121570321263,0.3499996097093896,0.03350514793315103,0.010412953485165053,0.018809405483322883,0.07485773907251339,0.13162680932222132,0.24567753148994742,0.3142047568619594,0.20371608699837898,0.0006947172864915216,0.0,0.0,0.0,0.0,0.9730855595076093,0.026914440492390633,0.0,0.0,0.0,0.0,0.0,0.4137496780102464,0.5862503219897536,0.0,0.0,0.0
44,舌尖,147936,207.3057861328125,12.940781593322754,148.25340270996094,18.84645652770996,154.13592529296875,19.78297996520996,169.51480102539062,34.712955474853516,73.56688690185547,13.781915664672852,207.3057861328125,12.940781593322754,171.490234375,16.04121208190918,151.1526336669922,3.6965434551239014,133.96612548828125,2.2939846515655518,0.0,0.0,0.0,0.0,3.379839930780878e-05,0.1406756975989617,0.8273104585766818,0.03198004542504867,0.0,0.0,5.4077438892494055e-05,0.17247999134760977,0.52835009733939,0.29283609128271687,0.0062053861129136925,7.435647847717932e-05,0.0,0.0,0.0015412070084360806,0.13163800562405364,0.41092093878433916,0.4405891736967337,0.015013248972528662,0.0002974259139087173,0.04133544235345014,0.0,0.0,0.0,0.0,0.0,0.0,0.9586645576465499,0.0016020441271901362,0.24776254596582306,0.6855532121998702,0.0650821977071166,0.0,0.0,0.0,0.0,0.0,0.0,0.0,0.0,3.379839930780878e-05,0.1406756975989617,0.8273104585766818,0.03198004542504867,0.0,0.0,0.0,0.0007638438243564785,0.22193380921479558,0.7064947004109885,0.07036826735885789,0.0004393791910015142,0.0,0.0,0.0,0.0,0.9907121998702142,0.009287800129785853,0.0,0.0,0.0,0.0,0.0,0.0008922777417261519,0.9991077222582738,0.0,0.0,0.0
44,舌中,289047,212.65672302246094,5.215590953826904,166.29946899414062,9.117975234985352,172.6649627685547,8.290005683898926,162.23907470703125,46.395931243896484,55.79217529296875,8.792180061340332,212.65672302246094,5.215590953826904,185.1593017578125,7.003484725952148,146.014404296875,3.2959399223327637,131.4230194091797,1.5524277687072754,0.0,0.0,0.0,0.0,0.0,3.805609468356357e-05,0.9896902579857255,0.010271685919590932,0.0,0.0,0.0,1.729822485616526e-05,0.22908039177019654,0.7692901154483527,0.0016121945565946022,0.0,0.0,0.0,0.0,0.0,0.06126685279556612,0.9304853535930143,0.008247793611419595,0.0,0.07684217445605732,0.0,0.0,0.0,0.0,0.0,0.0,0.9231578255439427,0.00037018201192193657,0.8075814659899601,0.19204835199811796,0.0,0.0,0.0,0.0,0.0,0.0,0.0,0.0,0.0,0.0,3.805609468356357e-05,0.9896902579857255,0.010271685919590932,0.0,0.0,0.0,0.0,0.0006815500593329113,0.8215653509636841,0.177753098976983,0.0,0.0,0.0,0.0,0.0,1.0,0.0,0.0,0.0,0.0,0.0,0.0,0.0018785872193795472,0.9981214127806205,0.0,0.0,0.0
44,舌左邊,167275,209.32748413085938,11.336990356445312,160.95614624023438,16.799007415771484,163.59271240234375,16.531639099121094,139.57933044433594,72.50984191894531,59.92530822753906,11.834165573120117,209.32748413085938,11.336990356445312,180.38058471679688,14.244380950927734,146.35325622558594,3.5496206283569336,133.7221221923828,1.7129608392715454,0.0,0.0,0.0,0.0,0.0006277088626513227,0.08346136601404872,0.9105305634434315,0.00538036167986848,0.0,0.0,0.0006097743237184277,0.06162905395307129,0.2806456434015842,0.6556030488716186,0.0015124794500074726,0.0,0.0,0.0,0.0004364071140337767,0.057797040801076074,0.202445075474518,0.7369899865490958,0.0023314900612763415,0.0,0.21608728142280675,0.0,0.0,0.0,0.0,0.0,0.0,0.7839127185771932,0.00018532356897324765,0.6854401434763114,0.3057898669855029,0.008584665969212375,0.0,0.0,0.0,0.0,0.0,0.0,0.0,0.0,0.0006277088626513227,0.08346136601404872,0.9105305634434315,0.00538036167986848,0.0,0.0,0.0,0.002749962636377223,0.08968465102376326,0.7349036018532357,0.1726617844866238,0.0,0.0,0.0,0.0,0.0,0.9997967418920939,0.00020325810790614257,0.0,0.0,0.0,0.0,0.0,2.3912718577193246e-05,0.9999760872814228,0.0,0.0,0.0
44,舌右邊,170509,206.7751007080078,10.848403930664062,156.2193145751953,17.815326690673828,160.4108123779297,19.640575408935547,153.79823303222656,59.38314437866211,63.258338928222656,13.875541687011719,206.7751007080078,10.848403930664062,176.60008239746094,14.972661018371582,147.53546142578125,3.393576145172119,133.39886474609375,2.5976946353912354,0.0,0.0,0.0,0.0,0.0,0.12429255933704379,0.8743116199144914,0.0013958207484648904,0.0,0.0,0.0,0.11158941756740114,0.3079075004838454,0.5801922479165322,0.00031083403222117306,0.0,0.0,0.0,5.86479306077685e-06,0.10056360661314065,0.23727779765290982,0.6598947856124897,0.0022579453283990874,0.0,0.13097255863326862,0.0,0.0,0.0,0.0,0.0,0.0,0.8690274413667314,0.0,0.6388929616618477,0.33146050941592525,0.02964652892222698,0.0,0.0,0.0,0.0,0.0,0.0,0.0,0.0,0.0,0.12429255933704379,0.8743116199144914,0.0013958207484648904,0.0,0.0,0.0,4.69183444862148e-05,0.16718765578356568,0.7444416423766488,0.08832378349529937,0.0,0.0,0.0,0.0,0.0,0.999343143177193,0.0006568568228070072,0.0,0.0,0.0,0.0,0.0,0.0,1.0,0.0,0.0,0.0
44,舌根,273120,171.08905029296875,38.107391357421875,130.39053344726562,38.229766845703125,127.94853210449219,38.454917907714844,45.60978317260742,75.43473815917969,69.70819854736328,23.059782028198242,171.08905029296875,38.107391357421875,147.97360229492188,38.21823501586914,143.4499969482422,3.506317615509033,135.59542846679688,2.1214969158172607,0.001424282366725249,0.0043094610427650845,0.05557264206209725,0.1028485647334505,0.1372070884592853,0.2696250732278852,0.4290128881077914,0.0,0.006466022261277095,0.07676479203280609,0.1241212653778559,0.1546133567662566,0.3759666080843585,0.2620679554774458,0.0,0.0,0.006568541300527241,0.08393014059753955,0.1329708553016989,0.1629357059168131,0.3811108670181605,0.23245459871118923,2.9291154071470417e-05,0.0,0.7560596074985354,0.0,0.0,0.0,0.0,0.0,0.0,0.24394039250146457,0.00012448740480374928,0.5232754833040422,0.3386936145284124,0.1174611892208553,0.016003954305799647,0.0020064440538957234,0.002237111892208553,0.0001977152899824253,0.001424282366725249,0.0043094610427650845,0.05557264206209725,0.1028485647334505,0.1372070884592853,0.2696250732278852,0.4290128881077914,0.0,0.003906707674282367,0.03363356766256591,0.09276142355008787,0.13001244874048037,0.2065319273579379,0.5155316344463972,0.017622290568248388,0.0,0.0,0.0,0.0,0.0,0.9999853544229642,1.4645577035735208e-05,0.0,0.0,0.0,0.0,0.0,0.00011350322202694787,0.999886496777973,0.0,0.0,0.0
45,舌尖,384101,198.22903442382812,17.409534454345703,160.67535400390625,20.19447135925293,176.44900512695312,20.123062133789062,166.16531372070312,8.949057579040527,48.90631866455078,13.454910278320312,198.35159301757812,17.148967742919922,178.2308349609375,18.023948669433594,144.48890686035156,3.866065740585327,125.23649597167969,2.496373176574707,0.0,0.0,0.0,1.0413927586754526e-05,0.037745280538191775,0.2573698063790513,0.6990557171160711,0.005818782039099091,0.0,0.0,0.00016141587759469514,0.06867464547085272,0.36011621943186817,0.5324146513547218,0.0386330678649626,0.0,0.0,0.0,0.00017182980518144967,0.010984090122129336,0.20227492248132653,0.5245052733525818,0.26205607379309087,7.810445690065894e-06,0.0019109557121694553,0.0,0.0,0.0,0.0,0.0032569558527574777,0.04789885993527744,0.9469332284997957,0.09063501526942132,0.7660823585463199,0.14240785626697144,0.0008747699172873801,0.0,0.0,0.0,0.0,0.0,0.0,0.0,7.810445690065894e-06,0.033006943486218465,0.26192329621635974,0.6992431678126326,0.005818782039099091,0.0,0.0,0.0,0.0028299848217005425,0.17407921354018865,0.5633309988778993,0.25975199231452145,7.810445690065894e-06,0.0,0.0,0.0,0.0,0.9999947930362066,5.206963793377263e-06,0.0,0.0,0.0,0.0,0.0,0.8314297541532045,0.1685702458467955,0.0,0.0,0.0
45,舌中,463430,209.67884826660156,8.301403999328613,192.23086547851562,13.512415885925293,196.17018127441406,11.749279975891113,127.50917053222656,73.1112060546875,22.074705123901367,9.771767616271973,209.6833038330078,8.313780784606934,202.36380004882812,10.955018997192383,134.8433074951172,3.6799635887145996,128.21661376953125,1.9895597696304321,0.0,0.0,0.0,0.0,0.0,0.020913622337785643,0.9407418596120234,0.03834451805019097,0.0,0.0,0.0,4.315646375935956e-06,0.017752411367412554,0.4131886153248603,0.5613835962281251,0.007671061433226161,0.0,0.0,0.0,0.0,0.0037675592861920893,0.3142653690956563,0.6693912780786743,0.012575793539477376,0.26034136762833654,4.531428694732754e-05,0.0,0.0,0.0,0.0004553006926612433,0.009628207064713117,0.7295298103273418,0.8422027059102777,0.1566169648059038,0.0011803292838184838,0.0,0.0,0.0,0.0,0.0,0.0,0.0,0.0,0.0,0.0,0.020913622337785643,0.9406792827395724,0.03840709492264204,0.0,0.0,0.0,0.0,0.0005308245042401226,0.15700105733336212,0.8242755108646398,0.018192607297758023,0.0,0.0,0.0,3.668299419545562e-05,0.9999633170058045,0.0,0.0,0.0,0.0,0.0,0.0,0.35532011306993505,0.644679886930065,0.0,0.0,0.0
45,舌左邊,316599,205.6851348876953,10.848982810974121,175.7040557861328,22.72627067565918,185.48155212402344,21.064905166625977,166.68942260742188,20.948087692260742,37.87977981567383,19.395139694213867,205.68540954589844,10.849397659301758,190.20989990234375,18.038503646850586,140.5843505859375,5.923553466796875,127.18277740478516,2.0756728649139404,0.0,0.0,0.0,0.0,9.475709019927417e-06,0.11217028480822744,0.8645889595355639,0.023231279947188713,0.0,0.0,0.0,0.011866746262622433,0.26628005773865365,0.40937905678792413,0.31231621072713434,0.00015792848366545694,0.0,0.0,0.0,0.0003663940821038601,0.16073961067470208,0.3600137713637756,0.47715880340746497,0.0017214204719534806,0.01496214454246539,0.0,0.0,0.0,0.0,0.0,0.008259659695703398,0.9767781957618312,0.4857090515131128,0.3684724209488975,0.1456037448002047,0.00021478273778502142,0.0,0.0,0.0,0.0,0.0,0.0,0.0,0.0,9.475709019927417e-06,0.11217028480822744,0.8645636909781774,0.02325654850457519,0.0,0.0,0.0,0.0,0.050587651887719166,0.4141548141339676,0.533466624973547,0.0017909090047662816,0.0,0.0,0.0,0.0,0.9999147186188206,8.528138117934674e-05,0.0,0.0,0.0,0.0,0.0,0.5962589900789327,0.4037410099210673,0.0,0.0,0.0
45,舌右邊,326966,204.42787170410156,13.262638092041016,177.14735412597656,25.804567337036133,185.24530029296875,24.656028747558594,162.87936401367188,32.89418029785156,35.087955474853516,21.280715942382812,204.42835998535156,13.263372421264648,190.77952575683594,20.930912017822266,139.37159729003906,6.215331077575684,127.68089294433594,2.2909913063049316,0.0,0.0,0.0,0.0006025091293896001,0.009123272756188718,0.15070068447483836,0.8163723445251189,0.0232011891144645,0.0,3.058421976596955e-06,0.0027464629349840657,0.030183566487035348,0.23004532581369316,0.35149220408238163,0.38486876311298424,0.0006606191469449423,0.0,0.0,0.001899280047466709,0.00947193286152077,0.18371940813417909,0.2827205275166225,0.5179621122685539,0.004226739171656992,0.03908969128288568,0.0,0.0,0.0,0.0,6.11684395319391e-06,0.016518537095600153,0.944385654777561,0.5588623893615849,0.2817265403742285,0.15857612106457553,0.0008349491996109687,0.0,0.0,0.0,0.0,0.0,0.0,0.0,0.0006025091293896001,0.009123272756188718,0.15070068447483836,0.8163448187273294,0.023228714912253874,0.0,0.0,0.00019268058452560818,0.006667359908981362,0.09755142736553647,0.308555017952937,0.5828159502822924,0.004217563905727201,0.0,0.0,0.0,0.0,1.0,0.0,0.0,0.0,0.0,0.0,0.0,0.524320571557899,0.47567942844210104,0.0,0.0,0.0
45,舌根,416154,170.59397888183594,36.29380798339844,152.8160400390625,37.17193603515625,155.6180877685547,36.17719650268555,104.9883041381836,80.897216796875,29.753849029541016,14.919828414916992,170.59767150878906,36.29088592529297,164.45440673828125,36.386146545410156,135.1306915283203,4.248800277709961,128.9500274658203,2.431577205657959,0.0,0.0034314220216554447,0.06113842471777275,0.08769349808003768,0.1255016171897903,0.36062851732772,0.3613758368296352,0.00023068383338860135,8.170052432512964e-05,0.0272879751245933,0.07887224440952148,0.10955800016340105,0.24850415951787078,0.43635048563752843,0.09934303166616204,2.4029565977979306e-06,4.805913195595861e-06,0.020569308477150286,0.07726466644559465,0.09733415995040298,0.22791322443134032,0.4703955747151295,0.10651345415399108,4.805913195595861e-06,0.39451020535667086,1.4417739586787584e-05,0.0,0.0,0.0,0.00024510157297538893,0.016414596519557664,0.5888156788112093,0.6756489184292354,0.289111723064058,0.035068748588263,0.00014658035246567378,2.4029565977979306e-05,0.0,0.0,0.0,0.0,0.0034314220216554447,0.061121604021588165,0.0876766773838531,0.12547278171061674,0.3606837853294694,0.3613830456994286,0.00023068383338860135,0.0,0.011092047655435247,0.06592511426058623,0.08591531019766721,0.16066648404196524,0.4323135185532279,0.2439817952008151,0.00010573009030310895,0.0,0.0,0.0,2.1626609380181375e-05,0.9999783733906198,0.0,0.0,0.0,0.0,0.0,0.0,0.2989878746810075,0.7010121253189925,0.0,0.0,0.0
46,舌尖,168378,192.6497344970703,14.844452857971191,147.18922424316406,19.022022247314453,158.70420837402344,19.845033645629883,168.97230529785156,21.666526794433594,60.91004943847656,14.062662124633789,192.65176391601562,14.840322494506836,167.17628479003906,16.71050262451172,146.9607391357422,3.6596999168395996,128.79022216796875,2.9790167808532715,0.0,0.0,0.0,0.0,0.022562329995605125,0.3777096770361924,0.5995557614415185,0.0001722315266840086,0.0,0.0,0.0049234460558980385,0.15276936416871562,0.5463065246053522,0.2955908729168894,0.00040979225314471013,0.0,0.0,0.0,0.0022805829740227346,0.057103659622991125,0.44742781123424674,0.4611706992599983,0.03201724690874105,0.0,0.016736153179156422,0.0,0.0,0.0,0.0,0.0,0.005386689472496407,0.9778771573483471,0.0012353157775956479,0.6064628395633633,0.3749183385002791,0.01715188445046265,0.00023162170829918398,0.0,0.0,0.0,0.0,0.0,0.0,0.0,0.022443549632374774,0.3778284573994227,0.5995557614415185,0.0001722315266840086,0.0,0.0,5.939018161517538e-06,0.010571452327501217,0.32042784686835574,0.6106260912945872,0.05836867049139436,0.0,0.0,0.0,0.0,0.0,0.9974284051360629,0.0025715948639370937,0.0,0.0,0.0,0.0,0.0,0.3148035966693986,0.6851964033306014,0.0,0.0,0.0
46,舌中,300510,201.80746459960938,8.168631553649902,165.50201416015625,11.593423843383789,180.74435424804688,11.560162544250488,167.05191040039062,3.8853862285614014,46.059295654296875,8.518294334411621,201.80751037597656,8.16866397857666,182.51080322265625,9.841970443725586,143.8201141357422,2.4102694988250732,125.30082702636719,2.066202402114868,0.0,0.0,0.0,0.0,0.0,0.11237895577518218,0.8861069515157566,0.0015140927090612625,0.0,0.0,0.0,0.003018202389271572,0.2718678246980134,0.7206349206349206,0.004479052277794416,0.0,0.0,0.0,0.0,0.00013310705134604505,0.046071678147149846,0.7852217896243053,0.168523510032944,4.99151442547669e-05,6.988120195667365e-05,0.0,0.0,0.0,0.0,0.0,0.011733386576153871,0.9881967322218894,0.026202123057468968,0.9396692289774051,0.03412864796512595,0.0,0.0,0.0,0.0,0.0,0.0,0.0,0.0,0.0,0.0,0.11237895577518218,0.8861069515157566,0.0015140927090612625,0.0,0.0,0.0,0.0,0.020049249608998038,0.8082825862700077,0.1716548534158597,1.3310705134604506e-05,0.0,0.0,0.0,0.0,1.0,0.0,0.0,0.0,0.0,0.0,0.0,0.8443945293001897,0.15560547069981032,0.0,0.0,0.0
46,舌左邊,120746,197.526611328125,9.265976905822754,157.32745361328125,15.234440803527832,167.7669677734375,16.249000549316406,171.16419982910156,10.884684562683105,52.29996109008789,11.530908584594727,197.52813720703125,9.27221965789795,175.41204833984375,12.80182933807373,144.6154022216797,3.0402727127075195,128.4531707763672,2.3449337482452393,0.0,0.0,0.0,0.0,0.0004389379358322429,0.2448445497159326,0.7456478889569841,0.009068623391251055,0.0,0.0,0.00024845543537674124,0.01504811753598463,0.5564656386132874,0.4115001739188048,0.01606678482102927,0.0006708296755172014,0.0,0.0,0.00021532804399317576,0.005341791860599937,0.307182018451957,0.6162440163649313,0.068466036141984,0.0025508091365345435,0.0036771404435757705,0.0,0.0,0.0,0.0,0.0,0.002029052722243387,0.9942938068341809,0.032249515511901014,0.8053351663823233,0.1616947973431832,0.0007205207625925496,0.0,0.0,0.0,0.0,0.0,0.0,0.0,0.0,0.0004389379358322429,0.2448445497159326,0.7456396071091382,0.009076905239096947,0.0,0.0,0.0,0.000596293044904179,0.0961191260994153,0.8022543189836516,0.09902605469332318,0.002004207178705713,0.0,0.0,0.0,0.0,1.0,0.0,0.0,0.0,0.0,0.0,0.0,0.3344707071041691,0.665529292895831,0.0,0.0,0.0
46,舌右邊,153464,190.04046630859375,15.423808097839355,153.14149475097656,20.058420181274414,163.87831115722656,22.63899803161621,164.24951171875,31.002769470214844,50.79933547973633,15.756659507751465,190.0415802001953,15.425500869750977,170.55059814453125,18.157878875732422,143.56956481933594,3.0978176593780518,127.82506561279297,3.442193031311035,0.0,0.0002736798206745556,0.0020330500964395558,0.00701793254444039,0.0209365062816035,0.4658551842777459,0.49653990512432883,0.007343741854767242,0.001225043006828963,0.00380545274461763,0.009872022102903612,0.056853724652035656,0.5409086170046395,0.37509122660689154,0.011963717875202002,0.0002801960068810926,0.0014140124068185373,0.007259031434082261,0.006398894854819371,0.03353881040504614,0.3085674816243549,0.5851991346504718,0.05562216545900016,0.002000469165406871,0.03521347026012615,0.0,0.0,0.0,0.0,0.0,0.0040856487514987225,0.9607008809883751,0.049477401866235726,0.8094601991346505,0.12455038315174895,0.009806860240838242,0.0055517906479695565,0.0011533649585570558,0.0,0.0,0.0,0.0002736798206745556,0.0020330500964395558,0.00701793254444039,0.0209365062816035,0.4658486680915394,0.4965333889381223,0.007356774227180316,1.9548558619611113e-05,0.0021307928895376114,0.006398894854819371,0.016420789240473337,0.1701962675285409,0.7333511442422979,0.06991867799614242,0.0015638846895688892,0.0,0.0,0.0,0.0,0.999465672731064,0.0005343272689360371,0.0,0.0,0.0,0.0,0.0,0.5323202835844237,0.4676797164155763,0.0,0.0,0.0
46,舌根,293322,163.8817901611328,24.939165115356445,126.0909194946289,25.981409072875977,136.3349151611328,27.703720092773438,169.0930633544922,19.774913787841797,60.353851318359375,15.363889694213867,163.88189697265625,24.939071655273438,144.35275268554688,25.32353973388672,144.34092712402344,3.152914047241211,128.25881958007812,2.6662580966949463,0.0,0.0,0.0013466429384771685,0.10286988360913944,0.28258705449983296,0.4965191836957337,0.11659200469109034,8.523056572640307e-05,0.0,0.0048308684653725256,0.13599048145041967,0.33874717886827443,0.42573349424864143,0.09429227947443423,0.0004056974928576786,0.0,0.0,0.0006238877411172705,0.08804658361800342,0.2795664832504892,0.4166615528327231,0.20565794587518155,0.00944354668248546,0.0,0.013544841505239975,0.0,0.0,0.0,0.0,2.727378103244898e-05,0.0018171156612869133,0.9846107690524407,0.017223392721991533,0.5889636645052195,0.37528381778386893,0.018174565835498188,0.00035455915342183676,0.0,0.0,0.0,0.0,0.0,0.0013466429384771685,0.10286988360913944,0.28258705449983296,0.4965191836957337,0.11659200469109034,8.523056572640307e-05,0.0,3.4092226290561225e-05,0.038919685533304695,0.21809819924860732,0.4353713666209831,0.2976660461881482,0.009910610182666148,0.0,0.0,0.0,0.0,1.0227667887168369e-05,0.9999897723321128,0.0,0.0,0.0,0.0,0.0,0.0,0.40593272921908347,0.5940672707809166,0.0,0.0,0.0
47,舌尖,211724,205.05734252929688,15.498845100402832,137.6926727294922,23.527971267700195,150.79229736328125,21.93113899230957,171.5384979248047,20.553861618041992,84.8732681274414,19.456754684448242,205.05734252929688,15.498845100402832,164.4145965576172,19.336030960083008,155.57525634765625,5.808889389038086,131.82835388183594,2.427276849746704,0.0,0.0,0.0,0.0,0.0013555383423702555,0.20864427273242522,0.7168152878275491,0.07318490109765544,0.0,4.723130112788347e-06,0.018722487767093007,0.33462432223082883,0.45665111182482854,0.18257259450983357,0.007330297935047515,9.446260225576694e-05,0.0,0.0,0.0029566794506055054,0.16227258128506925,0.47428255653586743,0.3344731820672196,0.025443501917590827,0.00057149874364739,0.01459919517862878,0.0,0.0,0.0,0.0,0.0,0.0,0.9854008048213713,0.00021254085507547562,0.16215450303224954,0.5122281838620091,0.3220182879597967,0.003386484290869245,0.0,0.0,0.0,0.0,0.0,0.0,0.0,0.0013555383423702555,0.20864427273242522,0.7168152878275491,0.07318490109765544,0.0,0.0,0.0,0.016290075759007008,0.3703453552738471,0.5374638680546372,0.07535754094953807,0.0005431599629706599,0.0,0.0,0.0,0.0,0.7209716423268028,0.27902835767319717,0.0,0.0,0.0,0.0,0.0,0.021735844779051973,0.978264155220948,0.0,0.0,0.0
47,舌中,424568,212.79412841796875,9.068892478942871,170.12893676757812,15.021327018737793,178.92449951171875,13.558374404907227,173.06190490722656,12.074382781982422,51.4586296081543,11.139575004577637,212.79412841796875,9.068892478942871,187.9566192626953,12.241719245910645,144.99085998535156,3.556164264678955,129.56483459472656,1.3153202533721924,0.0,0.0,0.0,0.0,0.0,0.012469145107497503,0.8846403874055511,0.10289046748695144,0.0,0.0,0.0,0.0033987488458857,0.23388715117484124,0.7044784345499425,0.05792476116900002,0.0003109042603305007,0.0,0.0,0.0,0.0002261121893312732,0.08946270091010156,0.7336751709973431,0.17542537355617946,0.0012106423470445253,0.004788396676150817,0.0,0.0,0.0,0.0,0.0,0.0,0.9952116033238492,0.008707674624559552,0.8476945978029432,0.14283459893350417,0.000763128638993047,0.0,0.0,0.0,0.0,0.0,0.0,0.0,0.0,0.0,0.012469145107497503,0.8846403874055511,0.10289046748695144,0.0,0.0,0.0,1.4132011833204575e-05,0.014186184545231859,0.56842013529046,0.41579676282715605,0.0015827853253189124,0.0,0.0,0.0,0.0,0.9996231463511146,0.0003768536488854553,0.0,0.0,0.0,0.0,0.0,0.040408132501742945,0.9595918674982571,0.0,0.0,0.0
47,舌左邊,230824,202.4725341796875,13.379813194274902,149.6493377685547,23.408029556274414,159.796630859375,20.6916446685791,172.6999969482422,16.847797393798828,67.57904052734375,18.684282302856445,202.4725341796875,13.379813194274902,171.4107666015625,19.08664321899414,149.43006896972656,5.457320213317871,130.7113494873047,1.588212490081787,0.00019495373098118047,0.00014729837451911412,9.531071292413267e-05,0.00013863376425328388,0.00027293522337365267,0.21509028523896995,0.7354781131944685,0.04858246976051017,0.00032492288496863413,0.00012563684885453851,0.0006975011263993346,0.19320347970748275,0.4484325720029113,0.3313346965653485,0.025872526253769106,8.664610265830243e-06,0.000285932138772398,9.531071292413267e-05,0.00013863376425328388,0.05196166776418397,0.4516731362423318,0.4330182303399993,0.06273177832461097,9.531071292413267e-05,0.009435760579489135,0.0,0.0,0.0,0.0,0.0,0.0,0.9905642394205109,0.0010960731986275258,0.44274858766852665,0.4858550237410321,0.06997972481197796,3.465844106332097e-05,3.032613593040585e-05,7.364918725955706e-05,0.0001819568155824351,0.00019495373098118047,0.00014729837451911412,9.531071292413267e-05,0.00013863376425328388,0.00027293522337365267,0.21509028523896995,0.7354781131944685,0.04858246976051017,0.0003032613593040585,8.23137975253873e-05,0.00011263993345579316,0.0009227809933109209,0.2998518351644543,0.5215228919003223,0.17706997539250685,0.00013430145912036876,0.0,0.0,0.0,0.0,0.9796901535368939,0.02030984646310609,0.0,0.0,0.0,0.0,0.0,0.013282847537517762,0.9867171524624823,0.0,0.0,0.0
47,舌右邊,197311,198.3531036376953,16.92561149597168,140.68003845214844,25.61834144592285,152.6085662841797,24.52638053894043,172.3826446533203,14.718798637390137,75.7698745727539,19.16493034362793,198.3531036376953,16.92561149597168,164.29539489746094,21.676406860351562,151.7502899169922,5.060240268707275,130.69383239746094,2.3828935623168945,0.0,0.0,0.0,0.0,0.013562345738453507,0.31509647206694,0.6130676951614457,0.05827348703316085,0.0,0.00013683981126242327,0.03225871846982682,0.29006492288823227,0.42891678619032897,0.23494381965526503,0.013673844843926593,5.0681411578675285e-06,0.0,0.0,0.006056428683651697,0.15974274115482665,0.43827257476775244,0.33789297099502813,0.057923785293267985,0.00011149910547308564,0.007901232065115478,0.0,0.0,0.0,0.0,0.0,0.0,0.9920987679348845,0.00027367962252484654,0.2835827703473197,0.5561626062409091,0.15642817683758128,0.003552766951665138,0.0,0.0,0.0,0.0,0.0,0.0,0.0,0.013562345738453507,0.31509647206694,0.6130676951614457,0.05827348703316085,0.0,0.0,7.09539762101454e-05,0.046241719924383334,0.3738007510985196,0.455504254704502,0.12423534420280674,0.00014697609357815835,0.0,0.0,0.0,0.0,0.9546350684959277,0.04536493150407225,0.0,0.0,0.0,0.0,0.0,0.02514811642533868,0.9739902995778238,0.0008615839968374799,0.0,0.0
47,舌根,368781,197.152587890625,18.81528663635254,151.11080932617188,26.356752395629883,154.01364135742188,24.71858787536621,130.7481231689453,76.07139587402344,62.89241409301758,17.824886322021484,197.1526336669922,18.814937591552734,170.4191436767578,22.7457332611084,145.7926025390625,5.644690036773682,133.35440063476562,2.9009361267089844,0.00030641491833906844,0.0004013221939308153,0.00026302873521141275,0.0017462938708881423,0.02796781829866506,0.31260016107120486,0.6106279878844083,0.046086973027352277,0.0006453694740238787,0.00037420582947603046,0.016261683763534457,0.17218349101499264,0.4179445253415984,0.34668814282731486,0.04243168709884728,0.0034708946502124568,0.0005206341975318685,0.0003145498276755039,0.009905607935332895,0.1320648298041385,0.4267031110604939,0.3793823434504489,0.05084860662561249,0.00026031709876593427,0.26488349454012,0.0006182531095690938,0.0,0.0,0.0,0.0,0.0002820101903297621,0.7342162421599812,0.01307551094009724,0.5267055515332948,0.4231101927702349,0.03594274108481728,0.0007348534767246686,0.00016812145961966587,9.761891203722535e-05,0.00016540982317418739,0.00030641491833906844,0.0004013221939308153,0.00026302873521141275,0.0017462938708881423,0.02796781829866506,0.31260016107120486,0.6106279878844083,0.046086973027352277,0.0005802901993323951,0.0002223541885292355,0.0009653425745903395,0.028927737600364444,0.28779139923152225,0.4912725981002275,0.18466786520997558,0.00557241289545828,0.0,0.0,0.0,0.0025028404391766387,0.9923504735873052,0.005146685973518158,0.0,0.0,0.0,0.0,0.0,0.002557073168086208,0.9974429268319138,0.0,0.0,0.0
48,舌尖,160861,189.56082153320312,12.787540435791016,129.62413024902344,19.47989845275879,142.88888549804688,18.8303279876709,172.9497833251953,6.908385276794434,81.33120727539062,17.89586067199707,189.56082153320312,12.787540435791016,154.572265625,16.245393753051758,153.0607452392578,4.9614691734313965,130.50836181640625,2.0687153339385986,0.0,0.0,0.0,0.0,0.015099993161798074,0.40756926787723563,0.577324522413761,6.216547205351204e-06,0.0,0.0,0.031679524558469736,0.41282846681296276,0.5192992707990128,0.036192737829554705,0.0,0.0,0.0,0.0,0.0,0.2526093956894462,0.5159174691193018,0.23147313519125207,0.0,0.0,0.0015603533485431522,0.0,0.0,0.0,0.0,0.0,0.0,0.9984396466514569,0.0,0.2107409502614058,0.5426299724606959,0.24662907727789832,0.0,0.0,0.0,0.0,0.0,0.0,0.0,0.0,0.015099993161798074,0.40756926787723563,0.577324522413761,6.216547205351204e-06,0.0,0.0,0.0,0.06498156793753614,0.4844182244297872,0.45057534144385525,2.4866188821404817e-05,0.0,0.0,0.0,0.0,0.0,0.890414705864069,0.10958529413593102,0.0,0.0,0.0,0.0,0.0,0.036180304735144005,0.963819695264856,0.0,0.0,0.0
48,舌中,344004,193.61361694335938,6.818598747253418,156.03482055664062,13.158186912536621,166.62313842773438,12.553293228149414,171.31417846679688,2.4212865829467773,49.74381637573242,12.881508827209473,193.61361694335938,6.818598747253418,173.58201599121094,10.597519874572754,143.69818115234375,3.6553919315338135,127.96365356445312,1.4899600744247437,0.0,0.0,0.0,0.0,0.00014244020418367227,0.2909065010871967,0.7089510587086196,0.0,0.0,0.0,0.002154044720410228,0.03841815792839618,0.5262206253415658,0.43320426506668525,2.906942942523924e-06,0.0,0.0,0.0,1.4534714712619621e-05,0.0204009255706329,0.17644852966825966,0.7990604760409763,0.004075534005418542,0.0,1.1627771770095696e-05,0.0,0.0,0.0,0.0,0.0,6.395274473552633e-05,0.9999244194834944,0.04144137858862106,0.854554016813758,0.09340589062917873,0.010595807025499704,2.906942942523924e-06,0.0,0.0,0.0,0.0,0.0,0.0,0.0,0.00014244020418367227,0.2909065010871967,0.7089510587086196,0.0,0.0,0.0,0.0,0.004825525284589714,0.06966198067464331,0.9163323682282765,0.009180125812490553,0.0,0.0,0.0,0.0,0.0,0.9990261741142545,0.0009738258857455146,0.0,0.0,0.0,0.0,0.0,0.3712863803909257,0.6287136196090743,0.0,0.0,0.0
48,舌左邊,203144,181.69056701660156,16.97007179260254,137.68408203125,23.45979881286621,149.1875,23.5141544342041,171.57225036621094,6.560903072357178,63.220062255859375,20.87702178955078,181.69056701660156,16.97007179260254,157.6150665283203,21.065515518188477,146.67770385742188,4.867289066314697,128.67015075683594,2.167264699935913,0.0003741188516520301,0.005217973457251998,0.0016146182018666562,0.004927539085574765,0.03388729177332336,0.6743984562674753,0.2795800023628559,0.0,0.006399401409837357,0.005336116252510534,0.019473870751781988,0.26875516874729255,0.5332424290158705,0.16679301382270706,0.0,0.0,0.005656086323002402,0.0021708738628755954,0.014575867365021856,0.14139231284212184,0.4530283936517938,0.381104044421691,0.0020724215334934825,0.0,0.0012651124325601545,0.0,0.0,0.0,0.0,0.0,1.9690465876422637e-05,0.9987151971015634,0.022855708266057574,0.5245983144961209,0.3872622376245422,0.05552219115504273,0.0071870200448942625,0.0019395108888276297,0.0006104044421691017,2.4613082345528294e-05,0.0003741188516520301,0.005217973457251998,0.0016146182018666562,0.004927539085574765,0.03388729177332336,0.6743984562674753,0.2795800023628559,0.0,0.005286890087819478,0.001777064545347143,0.007472531800102391,0.031051864687118496,0.4390186271807191,0.5113761666601032,0.004016855038790218,0.0,0.0,0.0,0.0,0.0,0.9975140786831016,0.0024859213168983577,0.0,0.0,0.0,0.0,0.0,0.2902719253337534,0.7097280746662467,0.0,0.0,0.0
48,舌右邊,110802,179.30409240722656,14.704532623291016,127.96295166015625,22.359066009521484,137.19554138183594,23.266225814819336,170.36949157714844,25.308795928955078,74.5101318359375,22.85279655456543,179.30409240722656,14.704532623291016,150.18406677246094,19.54155158996582,149.33834838867188,5.279932022094727,131.20623779296875,2.863457202911377,0.0014530423638562482,0.003249038826013971,0.0022923773939098574,0.004097398963917619,0.01870904857313045,0.8731069836284544,0.0970921102507175,0.0,0.006119023122326312,0.006119023122326312,0.030856843739282686,0.46922438223136764,0.4186476778397502,0.06903304994494684,0.0,0.0,0.006064872475226079,0.005207487229472392,0.017544809660475443,0.30012996155304056,0.5077796429667335,0.16168480713344524,0.0015884189816068302,0.0,0.02150683200664248,0.0,0.0,0.0,0.0,0.0,0.00018050215700077615,0.9783126658363568,0.009701990938791719,0.31940759192072343,0.5226620458114475,0.13184780058121695,0.01029764805689428,0.00272558257071172,0.00310463710041335,0.0002527030198010866,0.0014530423638562482,0.003249038826013971,0.0022923773939098574,0.004097398963917619,0.01870904857313045,0.8731069836284544,0.0970921102507175,0.0,0.00462085521921987,0.002490929766610711,0.00689518239742965,0.04261655926788325,0.6328586126604213,0.30790057941192395,0.0026172812765112544,0.0,0.0,0.0,0.0,0.0,0.983023772134077,0.016976227865922996,0.0,0.0,0.0,0.0,0.0,0.0718127831627588,0.9281872168372413,0.0,0.0,0.0
48,舌根,395024,145.57620239257812,30.939699172973633,110.0755615234375,34.54603576660156,117.46636199951172,35.07745361328125,172.6884002685547,11.697564125061035,66.75758361816406,26.63770294189453,145.57620239257812,30.939699172973633,127.33245849609375,33.926753997802734,143.44790649414062,4.307430267333984,129.56893920898438,2.2366411685943604,0.0037769857021345537,0.005288286281339868,0.05410557333225323,0.21070365344890438,0.343391793916319,0.3598616792903722,0.022872028028676737,0.0,0.010234821175422253,0.09612327352262141,0.24018034347280165,0.2986932439547977,0.29472386487909596,0.060044452995261045,0.0,0.0,0.007500810077362388,0.0653403337518733,0.20436479808821742,0.2980958119000365,0.30451314350520475,0.11974715460326461,0.0004379480740410709,0.0,0.004349102839321155,0.0,0.0,0.0,0.0,0.0,0.0001746729312649358,0.995476224229414,0.03692433877435295,0.4900385799343837,0.31978563327797804,0.12588349062335452,0.024727611486897,0.002356818826197902,0.00027846409332091216,5.0629835149256755e-06,0.0037769857021345537,0.005288286281339868,0.05410557333225323,0.21070365344890438,0.343391793916319,0.3598616792903722,0.022872028028676737,0.0,0.006037607841548868,0.029365304386568918,0.15157053748632995,0.28334734092105796,0.3297090809672324,0.19902335047997083,0.0009467779172911012,0.0,0.0,0.0,0.0,0.0,0.9996835635303172,0.0003164364696828547,0.0,0.0,0.0,0.0,0.0,0.15300083032929646,0.8469991696707035,0.0,0.0,0.0
49,舌尖,267915,186.08372497558594,12.834198951721191,158.99200439453125,15.79761791229248,174.78143310546875,14.452534675598145,158.15240478515625,22.203243255615234,38.26811599731445,12.561525344848633,186.4277801513672,12.267090797424316,174.1788787841797,13.763768196105957,140.72877502441406,3.791517972946167,123.57777404785156,3.4209654331207275,0.0,0.0,0.0,5.598790661217177e-05,0.034462422783345464,0.6081630367840546,0.3569751600320997,0.00034339249388798686,0.0,0.0,0.0,0.013175820689397757,0.49979657727264243,0.4703432058675326,0.016684396170427187,0.0,0.0,1.866263553739059e-05,0.0019110538790287964,0.0043185338633521825,0.11359199746188156,0.7729354459436761,0.1071048653490846,0.00011944086743929977,0.019704010600376985,2.239516264486871e-05,0.0,0.0,0.0,0.006315435865852976,0.21348562043931843,0.7604725379318067,0.3198626430024448,0.6608551219603233,0.016650803426459884,0.0025717111770524235,5.598790661217177e-05,3.732527107478118e-06,0.0,0.0,0.0,0.0,0.0,4.10577981822593e-05,0.021685982494447868,0.6199503573894706,0.3579792098240113,0.00034339249388798686,0.0,0.0,0.0,0.00035459007521042123,0.15352257245768247,0.7377862381725547,0.10826941380661777,6.718548793460612e-05,0.0,0.0,0.0,2.239516264486871e-05,0.9999776048373551,0.0,0.0,0.0,0.0,0.0,0.0,0.9524401395965139,0.04755239534927123,7.465054214956236e-06,0.0,0.0
49,舌中,350720,199.46170043945312,10.777867317199707,187.53565979003906,15.753728866577148,194.2048797607422,12.580595016479492,140.36514282226562,53.22892379760742,16.10013198852539,9.042574882507324,199.67347717285156,10.728581428527832,196.98912048339844,13.247211456298828,133.4297637939453,3.2825355529785156,126.17609405517578,2.5676255226135254,0.0,0.0,0.0,0.0,6.55793795620438e-05,0.24171703923357665,0.7571053832116789,0.0011119981751824817,0.0,0.0,0.0,0.00017963047445255473,0.04716297901459854,0.5054716012773722,0.44717723540145987,8.553832116788322e-06,0.0,0.0,0.0,0.0,0.005788093065693431,0.37677919708029195,0.6173443202554745,8.838959854014599e-05,0.1304373859489051,0.0013058850364963503,2.281021897810219e-05,4.562043795620438e-05,7.983576642335766e-05,0.007045506386861314,0.3053204835766423,0.5557424726277372,0.9317803375912409,0.06810846259124087,0.00011119981751824817,0.0,0.0,0.0,0.0,0.0,0.0,0.0,0.0,0.0,5.702554744525547e-05,0.2348568658759124,0.7639170848540145,0.0011690237226277373,0.0,0.0,0.0,0.0,0.0032960766423357664,0.335221829379562,0.6599024863138686,0.0015796076642335766,0.0,0.0,0.0,0.000302235401459854,0.9996977645985401,0.0,0.0,0.0,0.0,0.0,0.0,0.6709796989051094,0.3290203010948905,0.0,0.0,0.0
49,舌左邊,257857,201.4038543701172,10.401236534118652,178.3291015625,13.31949520111084,189.06988525390625,13.337746620178223,150.879638671875,44.95100784301758,29.61668586730957,10.511314392089844,201.4208526611328,10.402522087097168,191.14694213867188,11.350570678710938,138.13922119140625,3.7303221225738525,125.60977935791016,2.668213129043579,0.0,0.0,0.0,2.3268710952194433e-05,0.001279779102370694,0.14725991537945451,0.8452475596939389,0.006189477113283719,0.0,0.0,0.0,0.0011905823770539485,0.07090364038982847,0.763632556029117,0.16424607437455643,2.7146829444226837e-05,0.0,0.0,0.0,0.002544045730773258,0.022318571921646494,0.5271371341479968,0.4468523251259419,0.001147923073641592,0.0852914599952687,0.0,0.0,0.0,0.0,0.0,0.10943662572666245,0.8052719142780689,0.6080812233136971,0.39153484295559166,0.00038393373071120816,0.0,0.0,0.0,0.0,0.0,0.0,0.0,0.0,2.3268710952194433e-05,0.0012759009838786614,0.14701559391445645,0.8454802468034608,0.006204989587251849,0.0,0.0,0.0,9.695296230081014e-05,0.014558456819089651,0.4841559469008016,0.5008085877055888,0.00038005561221917577,0.0,0.0,0.0,0.0,1.0,0.0,0.0,0.0,0.0,0.0,0.0,0.7667350508227428,0.23326494917725715,0.0,0.0,0.0
49,舌右邊,181869,195.64256286621094,11.559525489807129,164.4695281982422,17.743852615356445,174.52590942382812,17.912397384643555,166.8328094482422,20.81074333190918,41.024906158447266,14.864070892333984,195.64500427246094,11.55952262878418,179.94149780273438,14.858867645263672,141.1580352783203,4.3298115730285645,127.22770690917969,2.3467674255371094,0.0,0.0,0.0,0.0,0.002364339167202767,0.34191643435659735,0.6539762136482853,0.001743012827914598,0.0,0.0,0.0,0.009242916604808957,0.3899125194508135,0.5410982630354816,0.05974630090889596,0.0,0.0,0.0,0.0,0.0019134651864803787,0.21607860602961473,0.5953131099857589,0.18660134492409372,9.34738740522024e-05,0.015120773743738625,0.0,0.0,0.0,0.0,2.749231589770659e-05,0.01651738339134212,0.9683343505490215,0.28736068268918835,0.6550319185787572,0.05760739873205439,0.0,0.0,0.0,0.0,0.0,0.0,0.0,0.0,0.0,0.002364339167202767,0.3418064650930065,0.6540861829118761,0.001743012827914598,0.0,0.0,0.0,4.398770543633054e-05,0.09990157750908621,0.661184698876664,0.23878725896112038,8.247694769311977e-05,0.0,0.0,0.0,0.0,1.0,0.0,0.0,0.0,0.0,0.0,0.0,0.589594708279036,0.410405291720964,0.0,0.0,0.0
49,舌根,274834,167.15313720703125,21.3472957611084,141.13658142089844,24.34461212158203,149.3079833984375,23.672231674194336,159.7301483154297,38.62401580810547,40.49755096435547,18.741130828857422,167.15809631347656,21.349327087402344,156.0457000732422,22.497323989868164,139.28916931152344,5.016130447387695,127.42838287353516,2.431091070175171,0.0,0.0,0.0003893259203737529,0.04680279732493069,0.2927585378810482,0.542753080041043,0.1172962588326044,0.0,0.0,0.0005093984004890225,0.03590894867447259,0.23864223494909653,0.4948951003150993,0.21791699716920032,0.012127320491642227,0.0,0.0,8.004832007684639e-05,0.016781038736109796,0.1600748087936718,0.4716956417328278,0.3310689361578262,0.020299526259487544,0.0,0.055680883733453646,7.277120006986035e-06,0.0,0.0,0.0,4.366272004191621e-05,0.030247349309037455,0.91402082711746,0.3639542414693961,0.5186003187378563,0.11699425835231449,0.0004511814404331342,0.0,0.0,0.0,0.0,0.0,0.0,0.0003893259203737529,0.04680279732493069,0.2926930438009853,0.5427421643610325,0.11737266859267777,0.0,0.0,0.0,0.006331094406077851,0.10831993130398714,0.42186192392498745,0.41848534024174594,0.045001710123201644,0.0,0.0,0.0,0.0,3.6385600034930177e-06,0.9999963614399965,0.0,0.0,0.0,0.0,0.0,0.0,0.5526972645305894,0.44730273546941063,0.0,0.0,0.0
5,舌尖,100072,142.53736877441406,12.744821548461914,112.83392333984375,15.241244316101074,124.24433135986328,16.985774993896484,162.41221618652344,28.224767684936523,54.47846603393555,14.047300338745117,142.5377197265625,12.74399185180664,129.33602905273438,14.62113094329834,141.70046997070312,2.3394060134887695,126.2771224975586,3.0226168632507324,0.0,0.0,0.0001398992725237829,0.1390199056679191,0.7963965944519945,0.06444360060756256,0.0,0.0,0.0,0.0004097050123910784,0.15010192661283875,0.6766727955871772,0.17281557278759294,0.0,0.0,0.0,0.0,0.0017887121272683669,0.06683188104564713,0.44786753537453033,0.482692461427772,0.0008194100247821568,0.0,0.0,0.031217523383164122,0.0,0.0,0.0,0.0,0.0,0.005885762251179151,0.9628967143656567,0.00391717963066592,0.814163802062515,0.16242305540011193,0.01896634423215285,0.0005296186745543209,0.0,0.0,0.0,0.0,0.0,0.0001398992725237829,0.1390199056679191,0.7963965944519945,0.06444360060756256,0.0,0.0,0.0,0.0,0.014989207770405308,0.38444320089535533,0.5979894475977297,0.002578143736509713,0.0,0.0,0.0,0.0,0.0,0.0,1.0,0.0,0.0,0.0,0.0,0.0,0.0,0.8145535214645455,0.18544647853545448,0.0,0.0,0.0
5,舌中,167400,151.259765625,11.716361999511719,130.05299377441406,13.133126258850098,139.19265747070312,12.765538215637207,164.6150360107422,20.255023956298828,36.0098876953125,11.696261405944824,151.25982666015625,11.716343879699707,144.2193145751953,12.43750286102295,137.71034240722656,3.1051535606384277,126.0932388305664,1.572906732559204,0.0,0.0,0.0006630824372759857,0.0395400238948626,0.7183930704898447,0.24140382317801673,0.0,0.0,0.0,0.0008363201911589009,0.022968936678614098,0.32037037037037036,0.6550836320191159,0.0007407407407407407,0.0,0.0,0.0,0.00010752688172043011,0.012019115890083632,0.1259259259259259,0.8474731182795698,0.014474313022700119,0.0,0.0,0.014934289127837515,0.0,0.0,0.0,0.0,0.0,0.0052747909199522105,0.9797909199522102,0.3381959378733572,0.645089605734767,0.01603942652329749,0.0006750298685782557,0.0,0.0,0.0,0.0,0.0,0.0,0.0006630824372759857,0.0395400238948626,0.7183930704898447,0.24140382317801673,0.0,0.0,0.0,0.0,0.006714456391875747,0.07740143369175627,0.8588948626045401,0.05698924731182796,0.0,0.0,0.0,0.0,0.0,0.0,1.0,0.0,0.0,0.0,0.0,0.0,0.0,0.8471863799283154,0.15281362007168459,0.0,0.0,0.0
5,舌左邊,95267,143.04747009277344,14.619424819946289,113.77232360839844,19.19537925720215,128.18638610839844,19.583494186401367,164.6104278564453,4.123380661010742,53.55446243286133,16.79007911682129,143.04747009277344,14.619424819946289,130.32725524902344,18.105304718017578,142.0966033935547,3.085970401763916,124.61222839355469,1.7385228872299194,0.0011231591212067138,0.001081171864339173,0.0021938341713290017,0.1281556047739511,0.7560750312280223,0.11131871477006729,5.2484071084425876e-05,0.0,0.002036381958075724,0.0035164327626565337,0.18397766277934646,0.5418560466898297,0.26846652041105523,0.00014695539903639246,0.0,0.0,0.0017739616026535947,0.0019524074443406426,0.06434547114950613,0.35972582321265495,0.5568874846484092,0.01531485194243547,0.0,0.0,8.39745137350814e-05,0.0,0.0,0.0,0.0,0.0,0.02415316951305279,0.9757628559732121,0.02937008617884472,0.69239085937418,0.26944272413322556,0.007925094733748307,0.0008082546947001585,6.298088530131106e-05,0.0,0.0,0.0011231591212067138,0.001081171864339173,0.0021938341713290017,0.1281556047739511,0.7560750312280223,0.11131871477006729,5.2484071084425876e-05,0.0,0.0017109807173522837,0.0010601782359054028,0.023376405261003284,0.3725634269999055,0.5797705396412189,0.02151846914461461,0.0,0.0,0.0,0.0,0.0,0.0,1.0,0.0,0.0,0.0,0.0,0.0,0.0,0.9359589364627835,0.06404106353721646,0.0,0.0,0.0
5,舌右邊,114446,149.3963623046875,12.51540470123291,120.28050231933594,16.825754165649414,131.81243896484375,17.82786750793457,165.9967498779297,16.144804000854492,50.59379959106445,14.274763107299805,149.3963623046875,12.51540470123291,136.64471435546875,15.60449504852295,141.3474884033203,2.8202714920043945,126.1157455444336,2.0453367233276367,0.0,0.0,0.0,0.052382783146636844,0.7254513045453751,0.22137951522989008,0.0007863970780979676,0.0,0.0,0.0002621323593659892,0.08464253883927791,0.5323383954004509,0.38132394316970447,0.001432990231200741,0.0,0.0,0.0,3.495098124879856e-05,0.03863830977054681,0.3248344197263338,0.6150498925257326,0.02138126277895252,6.116421718539749e-05,0.0,0.009061041888751026,0.0,0.0,0.0,0.0,0.0,0.0002533946140537896,0.9906855634971952,0.05413906995438897,0.7606644181535397,0.18163151180469392,0.003565000087377453,0.0,0.0,0.0,0.0,0.0,0.0,0.0,0.052382783146636844,0.7254513045453751,0.22137951522989008,0.0007863970780979676,0.0,0.0,0.0,0.005749436415427363,0.2700225433829055,0.679621830382888,0.044553763346905965,5.242647187319784e-05,0.0,0.0,0.0,0.0,0.0,1.0,0.0,0.0,0.0,0.0,0.0,0.0,0.7998182548975062,0.20018174510249376,0.0,0.0,0.0
5,舌根,197180,120.09264373779297,24.405261993408203,98.2446517944336,25.857275009155273,106.4616928100586,26.43018913269043,163.13600158691406,28.853357315063477,48.93474578857422,22.827600479125977,120.09359741210938,24.40165138244629,111.79281616210938,26.54553985595703,138.35108947753906,4.145050525665283,126.78108215332031,1.9009373188018799,0.0036058423775230755,0.017167055482300436,0.14670859113500356,0.38624099807282686,0.4374530885485343,0.008799066842478952,2.535754133279237e-05,0.0,0.011116746120296176,0.0878841667511918,0.32924231666497616,0.443843188964398,0.127842580383406,7.100111573181864e-05,0.0,0.0,0.008357845623288366,0.056973323866517905,0.2594634344253981,0.4322294350339791,0.24275281468708795,0.0002231463637285729,0.0,0.0,0.03005882949589208,0.0,0.0,0.0,0.0,0.00012678770666396186,0.008154985292626028,0.9616593975048179,0.26951009230145045,0.47574804746931737,0.21544274267167055,0.03726544274267167,0.00202860330662339,5.071508266558475e-06,0.0,0.0,0.0036058423775230755,0.017167055482300436,0.14670859113500356,0.38624099807282686,0.4374530885485343,0.008799066842478952,2.535754133279237e-05,0.0,0.008200628867025054,0.04223552084389898,0.1981539709909727,0.43672786286641646,0.3113094634344254,0.0033725529972613855,0.0,0.0,0.0,0.0,0.0,0.0,1.0,0.0,0.0,0.0,0.0,0.0,0.0,0.6938837610305305,0.30611623896946955,0.0,0.0,0.0
50,舌尖,182591,197.14404296875,8.237093925476074,149.47740173339844,11.769503593444824,170.3397216796875,12.771248817443848,166.2498321533203,3.8830339908599854,61.73079299926758,11.669729232788086,197.14404296875,8.237093925476074,170.68331909179688,9.658239364624023,149.19703674316406,3.22985577583313,124.15113830566406,2.7074713706970215,0.0,0.0,0.0,0.0,0.0013527501355488497,0.20226626723113406,0.7963809826333171,0.0,0.0,0.0,0.0,0.029870037406005773,0.7857561435120022,0.1843628656395989,1.0953442393108093e-05,0.0,0.0,0.0,0.0,0.00014787147230695927,0.21131381064784135,0.7528136655147296,0.035724652365122046,0.0,0.0,0.0,0.0,0.0,0.0,0.0,0.006391333636378573,0.9936086663636214,0.0002738360598277024,0.5922416767529616,0.40747353374481765,1.0953442393108093e-05,0.0,0.0,0.0,0.0,0.0,0.0,0.0,0.0,0.0013527501355488497,0.20226626723113406,0.7963809826333171,0.0,0.0,0.0,0.0,0.0,0.11004923572355702,0.8707274728765383,0.019223291399904707,0.0,0.0,0.0,0.0,0.0,1.0,0.0,0.0,0.0,0.0,0.0,0.0,0.8355450159098751,0.16445498409012493,0.0,0.0,0.0
50,舌中,310554,199.95162963867188,6.3546295166015625,168.93316650390625,10.416144371032715,190.00697326660156,8.986990928649902,159.14462280273438,4.146302700042725,39.745208740234375,8.141544342041016,199.9840850830078,6.365230560302734,184.9029998779297,8.514042854309082,142.92042541503906,2.6124629974365234,121.56087493896484,1.746140956878662,0.0,0.0,0.0,0.0,0.0,0.12037198039632399,0.879628019603676,0.0,0.0,0.0,0.0,0.0,0.21292593236602975,0.7839667175434868,0.0031073500904834584,0.0,0.0,0.0,0.0,0.0,0.00010304166103157582,0.5264108657431558,0.47348609259581265,0.0,0.0,0.0,0.0,0.0,0.0,0.0,0.32883170076701634,0.6711682992329836,0.18974799873773965,0.8100104973692176,0.00024150389304275586,0.0,0.0,0.0,0.0,0.0,0.0,0.0,0.0,0.0,0.0,0.12031079941008649,0.8796892005899135,0.0,0.0,0.0,0.0,0.0,0.000566729135673667,0.7546706852914469,0.24476258557287944,0.0,0.0,0.0,0.0,0.0,1.0,0.0,0.0,0.0,0.0,0.0,0.0,0.9986797787180329,0.0013202212819670653,0.0,0.0,0.0
50,舌左邊,150560,194.28379821777344,12.527165412902832,154.2762451171875,15.026123046875,171.80494689941406,16.45749282836914,166.35952758789062,4.966115951538086,52.84152603149414,11.059329986572266,194.28379821777344,12.527165412902832,172.929443359375,13.643815040588379,145.74049377441406,2.9970006942749023,124.70841979980469,1.9469174146652222,0.0,0.0006841126461211478,0.0008900106269925611,0.0015010626992561105,0.009305260361317748,0.2944009032943677,0.6932186503719447,0.0,0.0007704569606801276,0.0010759829968119022,0.0014678533475026567,0.03046625929861849,0.5687964930924548,0.397422954303932,0.0,0.0,0.0006442614240170032,0.0009032943676939426,0.0010494155154091391,0.002596971307120085,0.2289585547290117,0.6715395855472901,0.09430791710945802,0.0,0.0004649309245483528,0.0,0.0,0.0,0.0,0.0,0.010753188097768332,0.9887818809776833,0.014020988310308184,0.811211477151966,0.17289452709883102,0.0009165781083953241,0.0008767268862911796,7.970244420828905e-05,0.0,0.0,0.0,0.0006841126461211478,0.0008900106269925611,0.0015010626992561105,0.009305260361317748,0.2944009032943677,0.6932186503719447,0.0,0.00044500531349628053,0.0009032943676939426,0.0009896386822529225,0.0018265143464399575,0.11691684378320935,0.8379582890541977,0.040960414452709884,0.0,0.0,0.0,0.0,0.0,1.0,0.0,0.0,0.0,0.0,0.0,0.0,0.8839067481402763,0.1160932518597237,0.0,0.0,0.0
50,舌右邊,201390,194.88185119628906,13.34636116027832,156.42054748535156,17.556331634521484,175.09060668945312,18.91874885559082,164.5001983642578,8.60995864868164,50.85437774658203,11.914538383483887,194.88272094726562,13.347339630126953,174.6265411376953,15.547187805175781,145.37213134765625,3.1779227256774902,123.9061050415039,2.172361373901367,0.0,0.0,0.0,0.00038730820795471475,0.022300014896469537,0.2528179154873628,0.7244947614082129,0.0,0.0,0.0,0.0013903371567605145,0.06724762897859873,0.38191568598242215,0.548870351060132,0.0005759968220864989,0.0,0.0,4.965489845573266e-05,0.0011917175629375838,0.008307264511644074,0.2233675952132678,0.5962460896767466,0.17083767813694822,0.0,0.002239435920353543,0.0,0.0,0.0,0.0,0.0,0.021684294155618452,0.976076269924028,0.05384080639555092,0.7661899796414916,0.17958687124484832,0.00038234271810914147,0.0,0.0,0.0,0.0,0.0,0.0,0.0,0.00038730820795471475,0.022300014896469537,0.2528179154873628,0.7244947614082129,0.0,0.0,0.0,0.00011917175629375837,0.004171011470281543,0.20829236804210735,0.7271661949451314,0.06025125378618601,0.0,0.0,0.0,0.0,0.0,1.0,0.0,0.0,0.0,0.0,0.0,0.0,0.897661254282735,0.102338745717265,0.0,0.0,0.0
50,舌根,318278,182.48233032226562,21.7391300201416,147.78733825683594,26.40470314025879,160.1121826171875,29.352563858032227,162.51954650878906,29.468059539794922,50.581581115722656,19.280134201049805,182.54261779785156,21.800024032592773,164.86004638671875,24.68992805480957,143.1450653076172,3.778777837753296,126.67925262451172,3.430392026901245,0.0,0.0007006453477777289,0.007421185253143479,0.02302703925499092,0.09732686519332157,0.41360697252087797,0.4578827314486078,3.4560981280515775e-05,0.00311048831524642,0.011172622675774008,0.028553654352484307,0.14109049321662195,0.41620847183908405,0.3924619357919806,0.007399191901419514,3.141907389137798e-06,0.0024444039487492067,0.011310866600896072,0.024246099321976387,0.08260702907521097,0.28826057723122556,0.5161713973318922,0.07476482823192304,0.00019479825812654346,0.03186208283324641,0.0,0.0,3.141907389137798e-06,0.0011373704748678828,0.0017626100453063045,0.042396898309025446,0.9228378964301648,0.1269142070768322,0.6686638724636953,0.18039575465473578,0.014986898246187295,0.006714256090587474,0.0022747409497357656,5.0270518226204765e-05,0.0,0.0,0.0007006453477777289,0.007421185253143479,0.02302703925499092,0.09731743947115415,0.4129188948026568,0.4584199976121504,0.00019479825812654346,6.283814778275596e-05,0.006902770533935742,0.014861221950621784,0.052608097323723284,0.24074865369268375,0.6313317288659599,0.05345955422617963,2.5135259113102383e-05,0.0,0.0,0.0,0.0007194967921125557,0.9992805032078874,0.0,0.0,0.0,0.0,0.0,0.0,0.6894413060280635,0.3105586939719365,0.0,0.0,0.0
51,舌尖,179341,191.92294311523438,13.694473266601562,143.2860107421875,22.22469139099121,152.2545928955078,25.337615966796875,159.40174865722656,46.228031158447266,66.6543960571289,18.794960021972656,191.92294311523438,13.694473266601562,164.13661193847656,18.924169540405273,147.90411376953125,4.346226215362549,130.7277069091797,4.374808311462402,0.0,0.0,0.0,0.0,0.003551892762948796,0.4466853647520645,0.5497627424849867,0.0,0.0,0.0,0.003741475736167413,0.29621781968428856,0.42787204264501705,0.2701780407157315,0.001990621218795479,0.0,0.0,0.0,0.008308195002815865,0.19874986757071725,0.34074193854166085,0.4203500593840784,0.03184993950072766,0.0,0.08090174583614455,0.0,0.0,0.0,0.0,0.0,2.230387920219024e-05,0.9190759502846533,0.01174856836975371,0.4568169018796594,0.4619300661867615,0.06891341076496729,0.0005910527988580414,0.0,0.0,0.0,0.0,0.0,0.0,0.0,0.003551892762948796,0.4466853647520645,0.5497627424849867,0.0,0.0,0.0,0.0,0.011581289275737282,0.39776738169186077,0.5248827652349435,0.06576856379745848,0.0,0.0,0.0,0.0,0.0,0.9974127500125459,0.002587249987454068,0.0,0.0,0.0,0.0,0.0,0.19132825176618842,0.8086717482338116,0.0,0.0,0.0
51,舌中,254705,217.07635498046875,7.686443328857422,180.18246459960938,13.747727394104004,185.53822326660156,14.635403633117676,158.21580505371094,50.99777603149414,43.86499786376953,10.328680038452148,217.07635498046875,7.686443328857422,195.6933135986328,11.182931900024414,142.200439453125,2.999087333679199,130.43215942382812,2.453991174697876,0.0,0.0,0.0,0.0,0.0,0.0025912329950334703,0.7912251428122731,0.2061836241926935,0.0,0.0,0.0003415716220725938,0.0009422665436485346,0.07596631397106457,0.7186235056241534,0.20357276064466737,0.000553581594393514,0.0,0.0,0.0004868377142184095,0.0009618970966412124,0.048887929172964806,0.5780451895329891,0.3696158300779333,0.002002316405253136,0.09570287194990283,0.0,0.0,0.0,0.0,0.0,5.103943778096229e-05,0.9042460886123163,0.07778802928878506,0.8826289236567794,0.038310987220510004,0.000777369898510041,0.0004946899354154806,0.0,0.0,0.0,0.0,0.0,0.0,0.0,0.0,0.0025912329950334703,0.7912251428122731,0.2061836241926935,0.0,0.0,0.0,0.0002080838617223847,0.002736499087179286,0.3247364598260733,0.6694097092715102,0.0029092479535148506,0.0,0.0,0.0,0.0,0.9992736695392709,0.0007263304607290788,0.0,0.0,0.0,0.0,0.0,0.07987672012720598,0.920123279872794,0.0,0.0,0.0
51,舌左邊,171341,203.6790771484375,13.71063232421875,153.7479705810547,24.33126449584961,158.89064025878906,27.20158576965332,138.02621459960938,71.60345458984375,63.93223571777344,18.895587921142578,203.6790771484375,13.71063232421875,174.17135620117188,20.236337661743164,147.58555603027344,4.616605758666992,132.8653106689453,3.994779586791992,0.0,0.0,0.0,0.0,0.0,0.21801553626977782,0.7303214058514891,0.05166305787873305,0.0,0.0,0.0002567978475671322,0.18160276874770195,0.35920182559924363,0.41322859093853775,0.04571001686694953,0.0,0.0,0.0,1.1672629434869646e-05,0.1718386142254335,0.29393431811417,0.4170688860226099,0.11698892851098103,0.0001575804973707402,0.2130663413893931,0.0,0.0,0.0,0.0,0.0,0.0,0.7869336586106069,0.013382669647078049,0.5110977524352023,0.4346361933220887,0.040883384595630935,0.0,0.0,0.0,0.0,0.0,0.0,0.0,0.0,0.0,0.21801553626977782,0.7303214058514891,0.05166305787873305,0.0,0.0,0.0,0.0010038461313987895,0.3112214823072119,0.44890598280621685,0.2387636350902586,0.00010505366491382681,0.0,0.0,0.0,0.0,0.999153734365972,0.0008462656340280494,0.0,0.0,0.0,0.0,0.0,0.0615089208070456,0.9384910791929544,0.0,0.0,0.0
51,舌右邊,130500,196.28640747070312,19.048551559448242,141.03245544433594,27.907114028930664,142.70706176757812,30.550537109375,95.45772552490234,87.49117279052734,74.89127349853516,21.482519149780273,196.28640747070312,19.048551559448242,163.2686309814453,24.113895416259766,149.4600830078125,4.7946014404296875,135.7875518798828,4.216092586517334,0.0,0.0,0.0005363984674329502,0.0023524904214559388,0.03147892720306513,0.32073563218390805,0.6174789272030652,0.027417624521072798,0.0001532567049808429,0.0017547892720306513,0.024413793103448277,0.3506743295019157,0.3257471264367816,0.27360153256704983,0.023164750957854405,0.0004904214559386973,9.961685823754789e-05,0.001264367816091954,0.02722605363984674,0.3615555555555556,0.28295785440613025,0.2671647509578544,0.05886590038314176,0.0008659003831417624,0.46199233716475097,0.0,0.0,0.0,0.0,0.0,0.0,0.538007662835249,0.008291187739463602,0.3226590038314176,0.4935785440613027,0.1736704980842912,0.0016704980842911878,0.00011494252873563218,1.532567049808429e-05,0.0,0.0,0.0,0.0005363984674329502,0.0023524904214559388,0.03147892720306513,0.32073563218390805,0.6174789272030652,0.027417624521072798,0.0,0.000475095785440613,0.0030268199233716474,0.051111111111111114,0.40371647509578545,0.40074329501915706,0.13993869731800768,0.0009885057471264369,0.0,0.0,0.0,0.0,0.9950268199233716,0.004973180076628353,0.0,0.0,0.0,0.0,0.0,0.014551724137931035,0.985448275862069,0.0,0.0,0.0
51,舌根,253186,168.6009521484375,29.362958908081055,123.02596282958984,33.759239196777344,123.33451080322266,33.420066833496094,102.0516128540039,85.61432647705078,76.33556365966797,25.06542205810547,168.60096740722656,29.36300277709961,142.77481079101562,31.652551651000977,145.96295166015625,5.837122917175293,135.12689208984375,3.2817747592926025,0.0,0.00030017457521347944,0.0062207231047530275,0.10719392067491884,0.2255179986255164,0.3894488636812462,0.2711208360651853,0.00019748327316676276,0.0010269130204671663,0.05990852574786915,0.1574455143649333,0.27885823070785903,0.3580806205714376,0.14375202420354996,0.0008926243947137677,3.55469891700173e-05,0.0006556444669136524,0.05185515786812857,0.17028587678623622,0.27783921701831854,0.34840394018626625,0.1495145861145561,0.0013389365920706516,0.0001066409675100519,0.43310846571295414,0.0,0.0,0.0,0.0,0.0,8.689264019337563e-05,0.5668046416468525,0.002022228717227651,0.3643250416689706,0.428112138901835,0.1576706452963434,0.045255266878895355,0.0025238362310712283,9.084230565671087e-05,0.0,0.0,0.00030017457521347944,0.0062207231047530275,0.10719392067491884,0.2255179986255164,0.3894488636812462,0.2711208360651853,0.00019748327316676276,0.00026067792058012684,0.005193810084285861,0.09694453879756385,0.19989651876486061,0.3416342135821096,0.33899583705260167,0.0169835614923416,9.084230565671087e-05,0.0,0.0,0.0,3.159732370668205e-05,0.9880720103007276,0.011896392375565789,0.0,0.0,0.0,0.0,0.0,0.0013112889338273048,0.9986887110661727,0.0,0.0,0.0
52,舌尖,366980,191.28562927246094,10.648933410644531,143.7738494873047,13.770411491394043,156.931640625,14.016534805297852,171.10215759277344,8.981842994689941,63.64336395263672,10.652595520019531,191.28562927246094,10.648933410644531,164.60601806640625,12.031903266906738,148.01710510253906,2.892155170440674,128.2488555908203,1.8591967821121216,0.0,0.0,0.0,0.0,0.0008338329064254183,0.4366205242792523,0.5625456428143223,0.0,0.0,0.0,0.0,0.14073518992860645,0.7281077987901248,0.13115701128126872,0.0,0.0,0.0,0.0,0.0,0.017077224916889205,0.526478282195215,0.45640361872581614,4.0874162079677366e-05,0.0,0.002670445255872255,0.0,0.0,0.0,0.0,0.0,0.00023707014006212873,0.9970924846040656,0.0,0.5389067524115756,0.45505477137718675,0.00603847621123767,0.0,0.0,0.0,0.0,0.0,0.0,0.0,0.0,0.0008338329064254183,0.4366205242792523,0.5625456428143223,0.0,0.0,0.0,0.0,0.0003188184642214835,0.3307945937108289,0.6687966646683743,8.992315657529021e-05,0.0,0.0,0.0,0.0,0.0,0.9998910022344542,0.00010899776554580631,0.0,0.0,0.0,0.0,0.0,0.3059812523843261,0.6940187476156738,0.0,0.0,0.0
52,舌中,474586,202.6937713623047,5.564572334289551,165.70855712890625,8.694793701171875,176.30601501464844,7.6781158447265625,171.40187072753906,3.865994930267334,46.646636962890625,6.699509143829346,202.6937713623047,5.564572334289551,182.5498504638672,7.155735492706299,143.26780700683594,2.177536964416504,127.79106903076172,1.5605342388153076,0.0,0.0,0.0,0.0,4.2141993231995885e-06,0.035116922960222174,0.9648788628404547,0.0,0.0,0.0,0.0,0.000543631712692747,0.22414694070200133,0.775309427585306,0.0,0.0,0.0,0.0,0.0,0.0,0.031185074991676956,0.965487814642657,0.0033271103656660754,0.0,0.00030552945093197017,0.0,0.0,0.0,0.0,0.0,0.0,0.999694470549068,0.0010830492260622943,0.9815818418579562,0.017335108915981508,0.0,0.0,0.0,0.0,0.0,0.0,0.0,0.0,0.0,4.2141993231995885e-06,0.035116922960222174,0.9648788628404547,0.0,0.0,0.0,0.0,2.1070996615997943e-06,0.007132532354515304,0.9249071822599065,0.06795817828591656,0.0,0.0,0.0,0.0,0.0,1.0,0.0,0.0,0.0,0.0,0.0,0.0,0.36131912867214794,0.6386808713278521,0.0,0.0,0.0
52,舌左邊,310751,195.2327880859375,13.873761177062988,153.82489013671875,16.417146682739258,164.38009643554688,17.511720657348633,165.9349365234375,31.01956558227539,54.96535873413086,10.36728572845459,195.2327880859375,13.873761177062988,172.34657287597656,14.91426944732666,145.1013946533203,3.0790855884552,128.5840301513672,2.0146048069000244,0.0,0.0,0.0,2.2526073930574642e-05,0.023765007996756245,0.22791881602955422,0.748293649899759,0.0,0.0,0.0,0.0016090052807553315,0.09855800946738708,0.3950783746472256,0.504754610604632,0.0,0.0,0.0,0.0,0.00044730346804998215,0.04788077914471715,0.22748760261431178,0.7234216462698431,0.0007626685030780271,0.0,0.036492239767530917,0.0,0.0,0.0,0.0,0.0,0.0,0.9635077602324691,0.0008270287143082403,0.834008579216157,0.16368088920067836,0.0014835028688564157,0.0,0.0,0.0,0.0,0.0,0.0,0.0,2.2526073930574642e-05,0.023765007996756245,0.22791881602955422,0.748293649899759,0.0,0.0,0.0,3.218010561510663e-06,0.010065937036405353,0.1764338650559451,0.8048115693915707,0.008685410505517278,0.0,0.0,0.0,0.0,0.0,1.0,0.0,0.0,0.0,0.0,0.0,0.0,0.23751492352397902,0.762485076476021,0.0,0.0,0.0
52,舌右邊,336120,197.5213623046875,15.494396209716797,156.98765563964844,18.72248077392578,167.62860107421875,19.904014587402344,168.3621826171875,24.267498016357422,53.224884033203125,12.725641250610352,197.5213623046875,15.494396209716797,175.08340454101562,17.233055114746094,144.76480102539062,3.0064029693603516,128.42127990722656,2.0536844730377197,0.0002290848506485779,0.0011930263001309056,0.0013834344876829704,0.0034213971200761635,0.01873438057836487,0.17166785671783888,0.8033708199452576,0.0,0.0016987980483160775,0.002567535404022373,0.0037248601689872664,0.08173866476258479,0.3032071879090801,0.6070451029394264,1.785076758300607e-05,0.0,0.0018416041889801262,0.002817446150184458,0.0031982625252885873,0.03908723075092229,0.1679995239795311,0.7732893014399619,0.011766630965131501,0.0,0.02091217422349161,0.0,0.0,0.0,0.0,0.0,0.0,0.9790878257765084,0.0003332143282161133,0.8449750089253838,0.14446626204926813,0.007744258003094133,0.0016482208734975605,0.0008330358205402833,0.0,0.0,0.0002290848506485779,0.0011930263001309056,0.0013834344876829704,0.0034213971200761635,0.01873438057836487,0.17166785671783888,0.8033708199452576,0.0,0.0011454242532428895,0.0013179816732119482,0.0032250386766630966,0.005780673568963466,0.14045876472688326,0.8162918005474236,0.031780316553611805,0.0,0.0,0.0,0.0,0.0,0.9995180292752588,0.00048197072474116386,0.0,0.0,0.0,0.0,0.0,0.31347137926930857,0.6865286207306914,0.0,0.0,0.0
52,舌根,469302,168.6663818359375,28.40273094177246,130.56796264648438,29.19457244873047,137.3715362548828,29.985443115234375,167.43765258789062,34.16545486450195,59.89612579345703,15.610366821289062,168.6670684814453,28.40221405029297,148.42205810546875,28.786758422851562,143.8017120361328,2.4742510318756104,130.136962890625,1.8264448642730713,0.0,0.0014894460283570068,0.005567843307720828,0.11313184260881053,0.19170598037084863,0.4380612057907275,0.2500436818935355,0.0,0.001150645000447473,0.022024197638194597,0.12887010922604208,0.21896135111292941,0.49813979058260993,0.1308539064397765,0.0,0.0,0.0007351343058414411,0.012582516162300609,0.11250751115486403,0.1805191539776093,0.4179334415791963,0.27570945787573886,1.2784944449416367e-05,0.0,0.040362069626807474,0.0,0.0,0.0,0.0,0.0,0.0006797328798939702,0.9589581974932986,0.002420616149089499,0.6986013270772339,0.2599818453788818,0.03757921338498451,0.0012252238430690684,0.00018751251859144006,4.2616481498054555e-06,0.0,0.0,0.0014894460283570068,0.005567843307720828,0.11313184260881053,0.1916889337782494,0.4380782523833267,0.2500436818935355,0.0,0.00037289421310797736,0.0027935103621974764,0.06666496200740675,0.15365798568938552,0.3168322316972866,0.45800998077996685,0.001668435250648836,0.0,0.0,0.0,0.0,0.0,1.0,0.0,0.0,0.0,0.0,0.0,0.0,0.03445755611525201,0.965542443884748,0.0,0.0,0.0
53,舌尖,308087,210.12322998046875,13.37465763092041,152.75413513183594,19.678508758544922,167.52455139160156,18.872940063476562,171.96051025390625,6.917333126068115,70.20918273925781,15.40824031829834,210.12322998046875,13.37465763092041,175.88536071777344,16.414825439453125,151.69876098632812,4.708014488220215,128.9816131591797,1.8452470302581787,0.0,0.0,0.0,0.0,0.005089471480458442,0.10318189342620754,0.810673608428788,0.08105502666454606,0.0,0.0,0.0014736097271225335,0.1440567112536394,0.43296211784333644,0.41990411799264493,0.0016034431832566776,0.0,0.0,0.0,0.0003765170227890174,0.02529155725493124,0.2650485090250481,0.6584438811115042,0.05083953558572741,0.0,0.0015320347823828983,0.0,0.0,0.0,0.0,0.0,0.0,0.998467965217617,0.0,0.35146565742793434,0.6053095391886059,0.043176115837409566,4.8687546050303976e-05,0.0,0.0,0.0,0.0,0.0,0.0,0.0,0.005089471480458442,0.10318189342620754,0.810673608428788,0.08105502666454606,0.0,0.0,3.245836403353598e-06,0.005553626086138006,0.1866355931928319,0.6417148402886198,0.16609269459600698,0.0,0.0,0.0,0.0,0.0,0.9682654574844118,0.03173454251558813,0.0,0.0,0.0,0.0,0.0,0.1833897567894783,0.8166102432105217,0.0,0.0,0.0
53,舌中,476655,210.10533142089844,9.312931060791016,171.8504180908203,13.264582633972168,178.0272979736328,12.589104652404785,162.64898681640625,44.518218994140625,46.790321350097656,9.979862213134766,210.10533142089844,9.312931060791016,188.31028747558594,11.118574142456055,142.9353790283203,3.3313493728637695,130.22560119628906,1.5803557634353638,0.0,0.0,0.0,0.0,0.0,0.03930725577199442,0.9315899340193641,0.029102810208641472,0.0,0.0,1.2587720678478144e-05,0.013194029224491508,0.12230649001898648,0.8547356054169158,0.009751287618927736,0.0,0.0,0.0,0.0,0.0035392474640987717,0.06389736811740147,0.8072924861797317,0.12527089823876808,0.0,0.07074928407338642,0.0,0.0,0.0,0.0,0.0,0.0,0.9292507159266136,0.003577010626134206,0.9355508701261919,0.056541943334277416,0.004330175913396482,0.0,0.0,0.0,0.0,0.0,0.0,0.0,0.0,0.0,0.03930725577199442,0.9315899340193641,0.029102810208641472,0.0,0.0,0.0,2.0979534464130242e-06,0.0272712968499229,0.5288835740734913,0.4438430311231394,0.0,0.0,0.0,0.0,0.0,0.9978642833915515,0.0021357166084484585,0.0,0.0,0.0,0.0,0.0,0.019011654131394825,0.9809883458686052,0.0,0.0,0.0
53,舌左邊,307258,211.67665100097656,11.195760726928711,170.6002655029297,19.28842544555664,175.68324279785156,17.093692779541016,131.30873107910156,73.89669799804688,51.919681549072266,14.716639518737793,211.67665100097656,11.195760726928711,187.77093505859375,15.60235595703125,143.85435485839844,5.308006763458252,131.25003051757812,3.1588823795318604,0.0,0.0,0.0,0.0,0.0038274023784571924,0.05304337071776813,0.8718568759804464,0.07127235092332827,0.0,0.0,0.0016207877418976885,0.03634404962604717,0.18139804333817183,0.7021786251293701,0.07845849416451321,0.0,0.0,0.0,0.0007583203692011274,0.015205462510333336,0.1422582975870441,0.7013454491014066,0.1404324704320148,0.0,0.25294378014567565,0.0,0.0,0.0,0.0,0.0,0.0,0.7470562198543244,0.015039478223512488,0.7876735512175436,0.18622460603141333,0.01106236452753061,0.0,0.0,0.0,0.0,0.0,0.0,0.0,0.0,0.0038274023784571924,0.05304337071776813,0.8718568759804464,0.07127235092332827,0.0,0.0,0.0,0.004436011430133634,0.06365334669886545,0.4530850295191663,0.47882561235183463,0.0,0.0,0.0,0.0,0.0,0.9991830969413327,0.0008169030586673089,0.0,0.0,0.0,0.0,0.0,0.05312799015810817,0.9468720098418918,0.0,0.0,0.0
53,舌右邊,323967,211.68588256835938,17.40660285949707,165.6798553466797,24.63560676574707,172.02919006347656,24.14982795715332,140.1663055419922,69.36681365966797,57.263092041015625,19.648210525512695,211.68588256835938,17.40660285949707,184.39529418945312,21.25881004333496,145.97689819335938,5.336397171020508,131.4745635986328,2.6124651432037354,0.0,0.0,0.0029570913086826743,0.00549747350810422,0.014337880092725493,0.04502310420505792,0.7338401750795606,0.1983442758058691,0.003170075964527251,0.007574845586124513,0.011047421496633916,0.03580302932088762,0.21169131423879592,0.6516435315942674,0.07906978179876345,0.0,0.003383060620371828,0.0061426009439233,0.011186324533054293,0.017477088715825994,0.16387162890047444,0.6684415387987048,0.12949775748764536,0.0,0.20104825491485243,0.0,0.0,0.0,0.0,0.0,0.0,0.7989517450851475,0.004898647084425265,0.7155358416134977,0.2522664345442591,0.013640278176480938,0.008547166841067145,0.004009667651334858,0.0011019640889349841,0.0,0.0,0.0,0.0029570913086826743,0.00549747350810422,0.014337880092725493,0.04502310420505792,0.7338401750795606,0.1983442758058691,0.0,0.003750381983350156,0.008090330187951241,0.012637089580111555,0.06616723308238184,0.4969950643121059,0.41235990085409935,0.0,0.0,0.0,0.0,0.0,0.993845052119506,0.006154947880494001,0.0,0.0,0.0,0.0,0.0,0.033077443072905575,0.9669225569270944,0.0,0.0,0.0
53,舌根,416755,176.1909942626953,31.059371948242188,142.0628662109375,31.485136032104492,142.787841796875,30.35182762145996,103.67069244384766,85.38536834716797,53.71294021606445,12.714798927307129,176.1909942626953,31.059371948242188,158.11318969726562,30.615400314331055,141.06971740722656,3.2433981895446777,132.55894470214844,2.227942943572998,0.0,0.0,0.010692133267747237,0.08624251658648367,0.16910654941152475,0.3317440702571055,0.3967606867344123,0.005454043742726542,0.0,0.009813919449076796,0.08998092404410266,0.1949178774099891,0.35495195018656045,0.33691737351681444,0.013417955393456587,0.0,0.0,0.007546400163165409,0.09101270530647503,0.17599548895634126,0.36700459502585453,0.3473359647754676,0.011104845772696189,0.0,0.4210603352089357,0.0,0.0,0.0,0.0,0.0,1.4396947847056425e-05,0.5789252678432172,0.012484553274705762,0.7766049597485333,0.20757039507624384,0.00320811987858574,0.00013197202193135056,0.0,0.0,0.0,0.0,0.0,0.010692133267747237,0.08624251658648367,0.16910654941152475,0.3317440702571055,0.3967606867344123,0.005454043742726542,0.0,0.0015404734196350373,0.0437091336636633,0.12170939760770716,0.2773188084126165,0.4445513551127161,0.11117083178366187,0.0,0.0,0.0,0.0,0.0,1.0,0.0,0.0,0.0,0.0,0.0,0.0,0.0024522801166152776,0.9975477198833848,0.0,0.0,0.0
54,舌尖,385265,187.1776580810547,16.25723648071289,150.67605590820312,16.4923038482666,164.70965576171875,17.58342933654785,166.03109741210938,17.1741943359375,50.80584716796875,10.725563049316406,187.76351928710938,15.192232131958008,168.3848114013672,15.224919319152832,143.9723358154297,3.558913469314575,125.9555892944336,3.662276029586792,0.0,0.0,0.0,0.0006385215371237979,0.07016469183548986,0.47202834412676986,0.45638456646723685,0.0007838760333796218,0.0,0.0,9.863340817359479e-05,0.07625919821421619,0.6161395403164056,0.30080593876941847,0.0066863068277679,1.0382464018273137e-05,0.0,0.0,0.00028032652849337467,0.011091067187520278,0.3934356871244468,0.5296821668202406,0.06511621870660454,0.00039453363269437917,0.00876020401541796,0.00025437036844769186,0.0,2.5956160045682844e-06,0.0003997248647035158,0.0203288645477788,0.0341764759321506,0.9360777646554969,0.04048122720724696,0.8594681582806639,0.09984036961571906,0.00021024489637003102,0.0,0.0,0.0,0.0,0.0,0.0,0.0,0.0004724021128314277,0.04814089003672797,0.49404695469352267,0.4565013691874424,0.0008383839694755558,0.0,0.0,0.0,0.002922663621143888,0.2851881172699311,0.6572696715247947,0.0544067070717558,0.0002128405123745993,0.0,0.0,0.0,0.0004152985607309255,0.999584701439269,0.0,0.0,0.0,0.0,0.0,0.0,0.6374054222418335,0.36259457775816645,0.0,0.0,0.0
54,舌中,461605,204.13429260253906,10.179829597473145,173.56455993652344,17.611034393310547,188.17840576171875,18.516754150390625,162.68630981445312,16.76738929748535,38.72951126098633,13.685908317565918,204.18075561523438,10.242462158203125,188.66041564941406,14.579315185546875,141.59918212890625,3.8649349212646484,124.80476379394531,2.8917362689971924,0.0,0.0,0.0,0.0,0.0008492109054278009,0.10470423847228691,0.8868621440409008,0.007584406581384517,0.0,0.0,0.00020363730895462572,0.015669241017753275,0.1727862566479999,0.6711300787469806,0.14012846481298946,8.232146532208273e-05,0.0,0.0,0.0,0.005411553167751649,0.07419763650740352,0.43825131876821094,0.47714171206984324,0.004997779486790655,0.009204839635619199,0.0,0.0,0.0,0.0,1.949718915523012e-05,0.14377010647631633,0.8470055566989092,0.3316623520109184,0.6144105891400656,0.05216581276199348,0.0017612460870224543,0.0,0.0,0.0,0.0,0.0,0.0,0.0,0.0,0.0008492109054278009,0.10465657867657413,0.8849644176297917,0.009529792788206367,0.0,0.0,0.0,0.0008383791336748953,0.0418799623054343,0.4936038387799092,0.46301491534970374,0.0006629044312778241,0.0,0.0,0.0,0.0,0.9998851832194192,0.0001148167805807996,0.0,0.0,0.0,0.0,0.0,0.8465354578048332,0.15346454219516686,0.0,0.0,0.0
54,舌左邊,310460,194.35562133789062,11.396249771118164,160.69932556152344,18.018129348754883,170.36483764648438,19.550939559936523,164.0978240966797,31.486175537109375,44.79023742675781,14.354080200195312,194.38926696777344,11.451654434204102,176.9283447265625,15.303555488586426,142.04933166503906,3.8450052738189697,127.82565307617188,2.783198833465576,0.0,0.0,0.0,5.475745667718869e-05,0.009363525091799265,0.3505733427816788,0.6358145976937448,0.004193776976099981,0.0,0.0,0.0036075500869677253,0.031137666688140178,0.42851575082136184,0.4980061843715777,0.03844617664111319,0.0002866713908393996,0.0,0.0,0.00022547188043548283,0.01834374798685821,0.2597371642079495,0.5897957868968627,0.12972363589512337,0.002174193132770727,0.034890162983959284,0.0,0.0,0.0,0.0,0.0008567931456548348,0.03249371899761644,0.9317593248727695,0.20405527282097533,0.7239998711589255,0.06974489467242156,0.0021999613476776396,0.0,0.0,0.0,0.0,0.0,0.0,0.0,5.475745667718869e-05,0.009363525091799265,0.3505733427816788,0.6353282226373768,0.004680152032467951,0.0,0.0,0.0,0.00652902145203891,0.10052502737872834,0.7406815692842879,0.15135605230947627,0.0009083295754686594,0.0,0.0,0.0,0.0,1.0,0.0,0.0,0.0,0.0,0.0,0.0,0.4639470463183663,0.5360529536816337,0.0,0.0,0.0
54,舌右邊,323310,186.5374298095703,15.549273490905762,155.8711395263672,20.55118179321289,165.04531860351562,22.822811126708984,165.78013610839844,27.18862533569336,42.7808952331543,14.785820007324219,186.54083251953125,15.554116249084473,171.49778747558594,18.536964416503906,140.95716857910156,3.5611493587493896,127.58124542236328,3.130078077316284,0.0005567412081284216,0.0004113698926726671,0.0010454362685967029,0.003714701060901302,0.023531595063561287,0.5718845689895147,0.3979709875970431,0.0008845999195818255,0.0009588320806656151,0.003479632550802635,0.004698277195261513,0.07091955089542544,0.4687853762642665,0.4330673347561164,0.01807243821719093,1.855804027094739e-05,0.0007856237048034394,0.0017599208190281772,0.004110605920014846,0.04279174785809285,0.32459249636571713,0.5122823296526553,0.11319167362593177,0.00048560205375645666,0.02533481797655501,0.0,0.0,0.0,0.0,0.0,0.031242460796139928,0.9434227212273051,0.23053106925242028,0.6829482539977112,0.08079552132628127,0.004141535987133092,0.001577433423030528,6.1860134236491294e-06,0.0,0.0,0.0005567412081284216,0.0004113698926726671,0.0010454362685967029,0.003714701060901302,0.023531595063561287,0.5718814759828029,0.3979493365500603,0.000909343973276422,0.0007856237048034394,0.0008443908323281062,0.003538399678327302,0.008555256564906745,0.2091800439206953,0.6566576969472023,0.12020042683492624,0.00023816151681049148,0.0,0.0,0.0,0.0,0.9999938139865764,6.1860134236491294e-06,0.0,0.0,0.0,0.0,0.0,0.49173857907271656,0.5082614209272834,0.0,0.0,0.0
54,舌根,482392,147.78367614746094,32.111812591552734,124.01929473876953,34.188682556152344,130.83145141601562,35.50987243652344,152.92201232910156,51.23145294189453,44.15800476074219,23.54814338684082,147.79690551757812,32.1239128112793,138.1019744873047,33.742671966552734,138.47389221191406,4.537024021148682,127.87340545654297,2.566467761993408,0.0009411433025423307,0.005646859815253985,0.0459543276007894,0.2441396208892353,0.28182059403970217,0.3649563010995207,0.056541153252956104,0.0,0.006181694555465265,0.04660110449592862,0.15954866581535349,0.28253578002951957,0.343822036849699,0.16018093169040945,0.001129786563624604,0.0,0.0026575896781041147,0.03718759846763628,0.12776745883016302,0.28013731571004497,0.30602497553856617,0.22913315312028393,0.01709190865520158,0.0,0.1015957976085839,0.0,0.0,0.0,0.0,0.0002197383041178129,0.03403248810096353,0.8641519759863348,0.3482644819980431,0.4806547372261563,0.1267226653841689,0.03664654471881789,0.007707424667075739,4.146005738071941e-06,0.0,0.0,0.0009411433025423307,0.005646859815253985,0.045952254597920364,0.24407743080316424,0.2818226670425712,0.3648381399359857,0.056721504502562234,0.0,0.0023901723079984743,0.021986268428995506,0.08024179505464435,0.27207540755236403,0.30702416292144147,0.2986326473075839,0.017649546426972255,0.0,0.0,0.0,0.0,0.0,1.0,0.0,0.0,0.0,0.0,0.0,0.0,0.4456893978341266,0.5543106021658734,0.0,0.0,0.0
55,舌尖,353750,216.1179656982422,14.147256851196289,155.38705444335938,20.227018356323242,166.5465850830078,19.809938430786133,170.6808624267578,24.614748001098633,72.4727783203125,13.902887344360352,216.1179656982422,14.147256851196289,178.99453735351562,16.971904754638672,152.32644653320312,4.191833972930908,131.35260009765625,2.1303720474243164,0.0,0.0,0.0,0.0,0.00026855123674911663,0.06552932862190813,0.6153328621908127,0.31886925795053006,0.0,0.0,0.0002459363957597173,0.0775095406360424,0.4989851590106007,0.38622190812720847,0.03587844522968198,0.0011590106007067138,0.0,0.0,8.480565371024735e-05,0.02176678445229682,0.3457809187279152,0.5313526501766784,0.09756890459363958,0.0034459363957597172,0.021096819787985867,0.0,0.0,0.0,0.0,0.0,5.653710247349823e-06,0.9788975265017668,0.0017469964664310954,0.2635985865724382,0.6914770318021202,0.043174558303886924,2.8268551236749116e-06,0.0,0.0,0.0,0.0,0.0,0.0,0.0,0.00026855123674911663,0.06552932862190813,0.6153328621908127,0.31886925795053006,0.0,0.0,0.0,0.0005371024734982333,0.1339363957597173,0.633800706713781,0.2266374558303887,0.005088339222614841,0.0,0.0,0.0,0.0,0.9653964664310954,0.034603533568904596,0.0,0.0,0.0,0.0,0.0,0.014530035335689046,0.9854699646643109,0.0,0.0,0.0
55,舌中,530658,223.1297607421875,10.304537773132324,180.6375274658203,15.742827415466309,190.21519470214844,14.497038841247559,173.0176239013672,5.384322643280029,48.67094802856445,13.589727401733398,223.1297607421875,10.304537773132324,197.7694854736328,12.40583324432373,144.87840270996094,4.8089470863342285,129.08851623535156,1.6133230924606323,0.0,0.0,0.0,0.0,0.0,0.002146391838057657,0.4711754086436085,0.5266781995183338,0.0,0.0,0.0,0.001123133920528853,0.09408319482604616,0.6490790678742241,0.2509865110862363,0.004728092292964584,0.0,0.0,0.0,0.00010552936166042913,0.0159914671973286,0.5053330016696252,0.46669794858458746,0.011872053186798277,0.0008385815346230529,0.0,0.0,0.0,0.0,0.0,5.0880227943421185e-05,0.9991105382374336,0.057223296360367694,0.7919111744287282,0.14813118807216702,0.00271172770409567,2.2613434641520527e-05,0.0,0.0,0.0,0.0,0.0,0.0,0.0,0.0,0.002146391838057657,0.4711754086436085,0.5266781995183338,0.0,0.0,0.0,0.0,0.0010703692396986384,0.3165503959235515,0.6653098605881754,0.017069374248574413,0.0,0.0,0.0,0.0,0.9950137376615448,0.004986262338455276,0.0,0.0,0.0,0.0,0.0,0.1166608248627176,0.8833391751372824,0.0,0.0,0.0
55,舌左邊,331692,200.44781494140625,11.564715385437012,142.47352600097656,14.503765106201172,153.55606079101562,15.5891752243042,170.06259155273438,25.867074966430664,74.17386627197266,12.140920639038086,200.44781494140625,11.564715385437012,166.084228515625,12.488046646118164,151.59762573242188,3.9453470706939697,131.0897674560547,2.2742116451263428,0.0,0.0,0.0,0.0002230985371971588,0.005707101769111103,0.18184641173136523,0.8021387311119955,0.01008465685033103,0.0,0.00015074225486294513,0.0008049636409681271,0.12530902162246904,0.7488784776238196,0.12346996611314111,0.0013747693643500597,1.2059380389035611e-05,0.0,0.0,0.0006934143723695477,0.043890114925895105,0.6078379942838537,0.34008658635119327,0.0074647564608130434,2.7133605875330127e-05,0.02338313857434005,0.0,0.0,0.0,0.0,0.0,0.0,0.97661686142566,6.632659213969587e-05,0.18681186160655067,0.7908330619972745,0.02218323022563101,0.0001055195784040616,0.0,0.0,0.0,0.0,0.0,0.0,0.0002230985371971588,0.005707101769111103,0.18184641173136523,0.8021387311119955,0.01008465685033103,0.0,0.0,0.00026530636855878347,0.0020440649759415363,0.2935886304161692,0.675997612242683,0.028053133629994093,5.125236665340135e-05,0.0,0.0,0.0,0.0,0.9864060634564596,0.013593936543540392,0.0,0.0,0.0,0.0,0.0,0.02915958178068811,0.9708404182193119,0.0,0.0,0.0
55,舌右邊,302680,203.4684600830078,9.997276306152344,143.43553161621094,18.642240524291992,156.4082489013672,18.782241821289062,173.02569580078125,6.905192852020264,75.75873565673828,17.043701171875,203.4684600830078,9.997276306152344,167.76461791992188,14.816875457763672,152.66197204589844,5.005893707275391,130.5043182373047,2.4443767070770264,0.0,0.0,0.0,0.0,0.0,0.13025307255186996,0.8535747323906436,0.016172195057486453,0.0,0.0,1.6519096075062774e-05,0.2354169419849346,0.5508887273688384,0.21056891766882516,0.0031088938813268138,0.0,0.0,0.0,0.0,0.06996497951632087,0.46298731333421433,0.4477005418263513,0.01933725386546848,9.911457645037664e-06,0.0015329721157658254,0.0,0.0,0.0,0.0,0.0,0.0,0.9984670278842341,0.0,0.25693802035152635,0.6169155543808643,0.12614642526760936,0.0,0.0,0.0,0.0,0.0,0.0,0.0,0.0,0.0,0.13025307255186996,0.8535747323906436,0.016172195057486453,0.0,0.0,0.0,4.294964979516321e-05,0.2992698559534822,0.6511530329060394,0.049408616360512754,0.00012554513017047706,0.0,0.0,0.0,0.0,0.9438053389718515,0.05619466102814854,0.0,0.0,0.0,0.0,0.0,0.08253601162944364,0.9174639883705563,0.0,0.0,0.0
55,舌根,527986,171.76058959960938,31.320068359375,127.10948944091797,35.22820281982422,136.74998474121094,34.681488037109375,173.26568603515625,5.157639026641846,69.4978256225586,25.464006423950195,171.76443481445312,31.301830291748047,147.03195190429688,33.318302154541016,146.916748046875,5.564826965332031,129.83993530273438,1.960349202156067,0.0014564780126745786,0.002376956964768005,0.013534449777077422,0.07789789880792294,0.21972362903561837,0.39390627781797244,0.28406435019110354,0.00703995939286269,0.0033504676260355387,0.04652964283143871,0.14781641937475615,0.2682552188883796,0.33157318565264987,0.19639725295746477,0.006077812669275322,0.0,0.0016856507558912547,0.027724219960377737,0.09919959998939366,0.23902717117499328,0.3559545139454455,0.25056346190997486,0.025845382263923664,0.0,0.0007253980219172478,0.0,0.0,0.0,0.0,0.00043561761107302087,0.0011269238199497714,0.99771206054706,0.0042785225365824095,0.4948218323970711,0.32116003075839133,0.16028076502028463,0.019458849287670506,0.0,0.0,0.0,0.001376930448913418,0.0024565045285291657,0.013534449777077422,0.07789789880792294,0.21972362903561837,0.39390627781797244,0.28406435019110354,0.00703995939286269,0.0019943710628690914,0.013316640971540911,0.059183387438303287,0.18592538438519204,0.3500320084244658,0.3152962389154258,0.07425196880220308,0.0,0.0,0.0,0.0,0.0,0.9957839791206585,0.004216020879341498,0.0,0.0,0.0,0.0,0.0,0.07663271374619782,0.9233672862538022,0.0,0.0,0.0
56,舌尖,289092,202.63002014160156,12.847151756286621,143.76235961914062,18.227176666259766,150.33189392089844,18.7491455078125,171.91275024414062,27.964542388916016,74.70111083984375,13.82351303100586,202.63002014160156,12.847151756286621,167.25018310546875,15.523482322692871,151.28395080566406,3.6797468662261963,133.6398468017578,2.2974677085876465,0.0,0.0,0.0,0.0,0.004465706418717917,0.19631466799496355,0.7888976519585461,0.010321973627772475,0.0,0.0,0.007928271968785023,0.19319109487637154,0.5759792730341898,0.22270419105336708,0.00019716906728653853,0.0,0.0,0.0,0.006731421139291299,0.10200904902245651,0.5533463395735614,0.33523584187732625,0.002677348387364576,0.0,0.025815311388762054,0.0,0.0,0.0,0.0,0.0,0.0,0.974184688611238,0.0,0.23057019910616688,0.7031221894760146,0.0660931468183139,0.00021446459950465595,0.0,0.0,0.0,0.0,0.0,0.0,0.0,0.004465706418717917,0.19631466799496355,0.7888976519585461,0.010321973627772475,0.0,0.0,0.0,0.009339587397783405,0.3136786905206647,0.6339642743486502,0.043017447732901636,0.0,0.0,0.0,0.0,0.0,0.9840950285722192,0.015904971427780776,0.0,0.0,0.0,0.0,0.0,0.0007125759273864375,0.9992874240726136,0.0,0.0,0.0
56,舌中,425880,200.370849609375,17.233613967895508,155.19515991210938,16.627010345458984,157.75653076171875,18.663854598999023,118.04098510742188,82.69520568847656,58.77104187011719,9.808258056640625,200.370849609375,17.233613967895508,174.07070922851562,15.700156211853027,145.2226104736328,3.523515224456787,133.27560424804688,1.9768788814544678,0.0,0.0,0.0,0.0,0.008154879308725462,0.3195101906640368,0.6486287217056448,0.023706208321592936,0.0,0.0,0.0007185122569737955,0.05308068000375692,0.5106532356532356,0.4330398234244388,0.0025077486615948156,0.0,0.0,0.0,0.0005870198177890485,0.05495679534141073,0.44760026298487837,0.4861862496477881,0.010669672208133746,0.0,0.3358363858363858,0.0,0.0,0.0,0.0,0.0,0.0,0.6641636141636141,0.0001643655489809336,0.7276368930215084,0.2674415328261482,0.004691462383770076,6.574621959237344e-05,0.0,0.0,0.0,0.0,0.0,0.0,0.0,0.008154879308725462,0.3195101906640368,0.6486287217056448,0.023706208321592936,0.0,0.0,0.0,0.0017587113740959895,0.1984878369493754,0.6709096459096459,0.1288438057668827,0.0,0.0,0.0,0.0,0.0,0.9986451582605429,0.001354841739457124,0.0,0.0,0.0,0.0,0.0,0.00038978115901192826,0.9996102188409881,0.0,0.0,0.0
56,舌左邊,274755,196.72120666503906,15.139920234680176,152.61715698242188,19.8969783782959,155.92832946777344,20.316375732421875,148.86268615722656,64.51654052734375,58.3985595703125,12.969871520996094,196.72120666503906,15.139920234680176,171.3828887939453,17.597091674804688,145.05601501464844,3.110927104949951,132.7755889892578,2.0681521892547607,0.0,0.0,0.0,0.00020381794689814563,0.007828792924605558,0.32989390547942715,0.6564539316845918,0.005619551964477444,0.0,0.0,0.0018743971902240178,0.12520245309457517,0.4493566996051027,0.4167676657385671,0.006798784371531,0.0,0.0,3.639606194609743e-06,0.002565922367199869,0.09179086822805772,0.42359192735346035,0.4665247220250769,0.015479245145675238,4.367527433531692e-05,0.16039016578406218,0.0,0.0,0.0,0.0,0.0,0.0,0.8396098342159378,0.006271041473312588,0.6883878364360976,0.29400374879438046,0.011308256446652473,2.9116849556877945e-05,0.0,0.0,0.0,0.0,0.0,0.0,0.00020381794689814563,0.007828792924605558,0.32989390547942715,0.6564539316845918,0.005619551964477444,0.0,0.0,0.00012010700442212153,0.0055285618096122,0.25710178158723224,0.626831176866663,0.1103455806081782,7.279212389219486e-05,0.0,0.0,0.0,0.0,0.9998252989026587,0.00017470109734126768,0.0,0.0,0.0,0.0,0.0,0.0017178941238557989,0.9982821058761442,0.0,0.0,0.0
56,舌右邊,283265,204.6985626220703,13.122804641723633,153.31520080566406,21.23628044128418,155.48619079589844,21.353343963623047,123.2673568725586,81.55738067626953,65.62674713134766,16.073040008544922,204.6985626220703,13.122804641723633,173.95252990722656,17.76305389404297,147.6272430419922,4.273901462554932,134.60472106933594,2.3460030555725098,0.0,0.0,0.0,3.5302631811201524e-05,0.002704181596738037,0.1733888761407163,0.7765625827405434,0.047309056890191166,0.0,6.707500044128289e-05,0.0036502921292782377,0.1394559864437894,0.43898469630910986,0.4029054065980619,0.014936543519319365,0.0,0.0,8.825657952800381e-05,0.004455192134573633,0.1136568231161633,0.42488129490053483,0.43304326337528465,0.02387163963073447,3.5302631811201525e-06,0.3083084743967663,0.0,0.0,0.0,0.0,0.0,0.0,0.6916915256032338,9.531710589024412e-05,0.5035885125236086,0.4501367976982684,0.04480963055795809,0.0013697421142746192,0.0,0.0,0.0,0.0,0.0,0.0,3.5302631811201524e-05,0.002704181596738037,0.1733888761407163,0.7765625827405434,0.047309056890191166,0.0,0.0,7.060526362240305e-05,0.004889414505851411,0.2116322171817909,0.6104072158579422,0.17299348666443085,7.060526362240305e-06,0.0,0.0,0.0,0.0,0.9967133249783772,0.003286675021622862,0.0,0.0,0.0,0.0,0.0,5.648421089792244e-05,0.9999435157891021,0.0,0.0,0.0
56,舌根,452904,149.82281494140625,30.19941520690918,107.36885833740234,28.035791397094727,108.46871185302734,26.9583683013916,105.53121948242188,86.84750366210938,75.44551086425781,15.266429901123047,149.82281494140625,30.19941520690918,126.27964782714844,28.56954002380371,145.16543579101562,2.9534854888916016,134.17218017578125,1.8211272954940796,0.0,0.0,0.02701455496087471,0.25103333156695457,0.32502914524932436,0.29798588663381204,0.09888188225319273,5.5199335841591155e-05,0.0,0.06088928338014237,0.30952254782470456,0.361345892286224,0.24463020860933002,0.02359882005899705,1.3247840601981877e-05,0.0,0.0,0.049078833483475526,0.30111679296274707,0.38128830833907407,0.2474961581262254,0.02101769911504425,2.207973433663646e-06,0.0,0.40927657958419444,0.0,0.0,0.0,0.0,0.0,0.0,0.5907234204158056,0.0,0.22433451680709376,0.6655030646671259,0.10664070089908678,0.0034996378923568792,2.207973433663646e-05,0.0,0.0,0.0,0.0,0.02701455496087471,0.25103333156695457,0.32502914524932436,0.29798588663381204,0.09888188225319273,5.5199335841591155e-05,0.0,0.0032236412131489236,0.15297943935138572,0.3447375161182061,0.36000344443855653,0.13732049175984315,0.0017354671188596258,0.0,0.0,0.0,0.0,0.0,0.9999448006641584,5.5199335841591155e-05,0.0,0.0,0.0,0.0,0.0,6.403122957624573e-05,0.9999359687704238,0.0,0.0,0.0
57,舌尖,199664,192.0901336669922,13.97513484954834,146.98822021484375,19.7699031829834,164.23193359375,21.657939910888672,159.76080322265625,34.89571762084961,61.03693771362305,14.282097816467285,192.0928192138672,13.98023796081543,167.27696228027344,17.242605209350586,147.76116943359375,3.8426361083984375,125.67131042480469,3.4731712341308594,0.0,0.0,0.0,0.0,0.010547720169885408,0.4017399230707589,0.5877123567593557,0.0,0.0,0.0,0.0,0.22518330795736838,0.43865193525122204,0.33349527205705587,0.0026694847343537143,0.0,0.0,0.0,0.0,0.06280551326228064,0.31155841814247937,0.5535950396666399,0.07196590271656382,7.512621203622086e-05,0.047199294815289686,0.0,0.0,0.0,0.0,0.0,0.004868178539947111,0.9479325266447632,0.004808077570318135,0.5649290808558378,0.4214480326949275,0.00881480887891658,0.0,0.0,0.0,0.0,0.0,0.0,0.0,0.0,0.010547720169885408,0.4017399230707589,0.5876372305473195,7.512621203622086e-05,0.0,0.0,0.0,0.0029399390976841094,0.3437474957929321,0.6059930683548361,0.04731949675454764,0.0,0.0,0.0,0.0,0.0,0.9980216764163795,0.0019783235836204824,0.0,0.0,0.0,0.0,0.0,0.8125550925554932,0.18744490744450676,0.0,0.0,0.0
57,舌中,406276,197.90310668945312,8.491745948791504,168.40206909179688,12.994266510009766,174.8436279296875,10.838325500488281,133.95877075195312,69.43448638916016,39.48800277709961,9.992544174194336,197.90318298339844,8.492072105407715,183.02357482910156,10.606475830078125,139.8207550048828,4.073319435119629,128.70201110839844,3.2525217533111572,0.0,0.0,0.0,0.0,4.922761866317479e-06,0.20054839567190777,0.7993728401382312,7.384142799476218e-05,0.0,0.0,0.0,0.0006645728519528596,0.23984926503165335,0.7335235160334354,0.025962646082958382,0.0,0.0,0.0,0.0,0.00017229666532111177,0.08261132825960676,0.8690791481652866,0.048083076529255975,5.415038052949226e-05,0.2231684864476366,0.0,0.0,0.0,0.0,0.0,0.001019011706327718,0.7758125018460357,0.23060924100857544,0.7489243765322097,0.020466382459214918,0.0,0.0,0.0,0.0,0.0,0.0,0.0,0.0,0.0,4.922761866317479e-06,0.20054839567190777,0.7993654559954316,8.12255707942384e-05,0.0,0.0,0.0,0.0,0.018482509427088973,0.7573053786096151,0.2242047278204964,7.384142799476218e-06,0.0,0.0,0.0,0.0,1.0,0.0,0.0,0.0,0.0,0.0,0.0,0.3867075584085695,0.6132924415914305,0.0,0.0,0.0
57,舌左邊,183175,189.44204711914062,11.92407512664795,144.12608337402344,14.513737678527832,154.74691772460938,16.72996711730957,166.21336364746094,32.984718322753906,61.388755798339844,10.613505363464355,189.44204711914062,11.92407512664795,164.14830017089844,13.103096961975098,146.77610778808594,3.1825826168060303,129.18832397460938,2.5085198879241943,0.0,0.0,0.0,0.0,0.012583594922887948,0.4835976525180838,0.5038187525590283,0.0,0.0,0.0,0.0011628224375597107,0.13365360993585368,0.6954497065647605,0.1697338610618261,0.0,0.0,0.0,0.0,0.0009717483281015423,0.07316500614166781,0.48592875665347346,0.4385478367681179,0.0013866521086392794,0.0,0.03800191074109458,0.0,0.0,0.0,0.0,0.0,0.0,0.9619980892589054,5.4592602702333835e-06,0.56771939402211,0.43114507984168143,0.0011300668759383103,0.0,0.0,0.0,0.0,0.0,0.0,0.0,0.0,0.012583594922887948,0.4835976525180838,0.5038187525590283,0.0,0.0,0.0,8.188890405350075e-05,0.004771393476183977,0.34295073017606115,0.6504872389791183,0.001708748464583049,0.0,0.0,0.0,0.0,0.0,1.0,0.0,0.0,0.0,0.0,0.0,0.0,0.24664391974887404,0.753356080251126,0.0,0.0,0.0
57,舌右邊,280679,189.51255798339844,12.354856491088867,154.48651123046875,22.46161651611328,169.49655151367188,20.15457534790039,165.9293975830078,12.614444732666016,48.07562255859375,19.341798782348633,189.5127716064453,12.354969024658203,171.77346801757812,18.484880447387695,143.5664825439453,5.615324020385742,125.249755859375,2.3933188915252686,0.0,0.0,0.0,0.0,0.022310183519251528,0.500960171583909,0.47672964489683944,0.0,0.0,0.0,2.1376732851406767e-05,0.15529127579904445,0.4123607394924451,0.417505406532017,0.014821201443642025,0.0,0.0,0.0,0.0,0.0525368837711407,0.17461227950790761,0.6597750455146271,0.11307579120632466,0.0,0.005173169350040438,0.0,0.0,0.0,0.0,0.0,0.014924522319090491,0.9799023083308691,0.25862996519155335,0.5025491753925303,0.23802992030041437,0.0007909391155020504,0.0,0.0,0.0,0.0,0.0,0.0,0.0,0.0,0.022310183519251528,0.500960171583909,0.47672964489683944,0.0,0.0,0.0,0.0,0.010503101407657858,0.20665243926335777,0.6180441001998724,0.1648003591291119,0.0,0.0,0.0,0.0,0.0,1.0,0.0,0.0,0.0,0.0,0.0,0.0,0.8406934612136996,0.15930653878630036,0.0,0.0,0.0
57,舌根,336954,178.96218872070312,22.30120849609375,148.93551635742188,24.564777374267578,153.275634765625,24.223037719726562,123.03170013427734,76.16215515136719,46.12571334838867,14.988241195678711,178.96221923828125,22.301244735717773,164.24221801757812,23.26555633544922,139.98101806640625,4.1524858474731445,129.9781036376953,3.61801815032959,0.0,0.0014067202051318577,0.004662357473126896,0.03685963069142969,0.11855327433418211,0.5193884031648237,0.31912961413130575,0.0,0.0020685316096559175,0.004493194916813571,0.02999222445793788,0.12465202965389935,0.4496103325676502,0.38865542477608217,0.0005282620179609086,0.0,0.0018726591760299626,0.002926215447805932,0.022839912866444677,0.1083886821346534,0.40009912332247133,0.4587124652029654,0.005160941849629327,0.0,0.29340800227924285,0.0,0.0,0.0,0.0,0.0,0.0012286543563809896,0.7053633433643761,0.1308190435489711,0.7729838494275183,0.08905073096030912,0.0041726763890620085,0.001017943102025796,0.0014690432521946616,0.00048374555577319157,2.9677641458478013e-06,0.0,0.0014067202051318577,0.004662357473126896,0.03685963069142969,0.11855327433418211,0.5193884031648237,0.31912961413130575,0.0,0.0013948491485484666,0.0020863381945310042,0.011126147782783407,0.0663324964238442,0.22453509974655295,0.6502875763457326,0.04423749235800732,0.0,0.0,0.0,0.0,0.0,1.0,0.0,0.0,0.0,0.0,0.0,0.0,0.2478884358102293,0.7521115641897708,0.0,0.0,0.0
58,舌尖,317940,194.25440979003906,12.848176956176758,141.7740936279297,15.439188957214355,152.08169555664062,14.905166625976562,173.70738220214844,7.3889594078063965,69.28797912597656,10.219545364379883,194.25440979003906,12.848176956176758,163.8092498779297,13.719277381896973,149.46652221679688,2.743877649307251,130.5677490234375,1.8139511346817017,0.0,0.0,0.0,0.0,0.0012140655469585456,0.37090331509089763,0.6278700383720198,1.2580990123922753e-05,0.0,0.0,3.1452475309806884e-05,0.1902119896835881,0.6578756998175757,0.15188085802352644,0.0,0.0,0.0,0.0,0.0,0.035494118387117066,0.6560797634773857,0.3083286154620369,9.750267346040134e-05,0.0,0.0017204503994464365,0.0,0.0,0.0,0.0,0.0,0.0,0.9982795496005535,0.0,0.2742184059885513,0.7189847140969995,0.006796879914449267,0.0,0.0,0.0,0.0,0.0,0.0,0.0,0.0,0.0012140655469585456,0.37090331509089763,0.6278700383720198,1.2580990123922753e-05,0.0,0.0,0.0,7.234069321255583e-05,0.3995753915833176,0.5814902182801787,0.018862049443291187,0.0,0.0,0.0,0.0,0.0,0.9987890797005724,0.0012109202994275649,0.0,0.0,0.0,0.0,0.0,0.03865194690822168,0.9613480530917783,0.0,0.0,0.0
58,舌中,385840,211.8566436767578,4.721646308898926,175.577392578125,9.103918075561523,180.00140380859375,7.997297286987305,151.65545654296875,60.343631744384766,43.949886322021484,7.938246726989746,211.8566436767578,4.721646308898926,191.2103271484375,7.097787857055664,141.87147521972656,2.8363661766052246,130.79153442382812,1.4802261590957642,0.0,0.0,0.0,0.0,0.0,8.293593199253576e-05,0.9955758863777732,0.004341177690234294,0.0,0.0,0.0,0.0,0.04797066141405764,0.9328659547999171,0.019163383786025296,0.0,0.0,0.0,0.0,0.0,0.012339311631764462,0.9295148247978436,0.05814586357039187,0.0,0.13828789135392908,0.0,0.0,0.0,0.0,0.0,0.0,0.861712108646071,0.04162087912087912,0.9484345842836409,0.009944536595479992,0.0,0.0,0.0,0.0,0.0,0.0,0.0,0.0,0.0,0.0,8.293593199253576e-05,0.9955758863777732,0.004341177690234294,0.0,0.0,0.0,0.0,2.073398299813394e-05,0.4822206095791001,0.5177586564379018,0.0,0.0,0.0,0.0,0.0,1.0,0.0,0.0,0.0,0.0,0.0,0.0,0.004797325316193241,0.9952026746838067,0.0,0.0,0.0
58,舌左邊,265100,196.82211303710938,9.704834938049316,153.28480529785156,16.47078514099121,161.38623046875,15.8206787109375,173.52386474609375,12.232373237609863,56.90047836303711,12.776546478271484,196.82211303710938,9.704834938049316,172.269775390625,13.697030067443848,145.53343200683594,3.6442058086395264,130.19686889648438,1.5218799114227295,0.0,0.0,0.0,0.0,0.00011693700490380988,0.2758468502451905,0.7234439834024896,0.0005922293474160694,0.0,0.0,0.0,0.05006789890607318,0.6058581667295361,0.3392832893247831,0.004790645039607695,0.0,0.0,0.0,0.0,0.013655224443606187,0.4301056205205583,0.5307431158053565,0.025367785741229724,0.00012825348924933987,0.004866088268577895,0.0,0.0,0.0,0.0,0.0,2.2632968691059976e-05,0.9951112787627311,0.021588079969822708,0.651154281403244,0.32707657487740477,0.0001810637495284798,0.0,0.0,0.0,0.0,0.0,0.0,0.0,0.0,0.00011693700490380988,0.2758468502451905,0.7234439834024896,0.0005922293474160694,0.0,0.0,0.0,9.80761976612599e-05,0.18284420973217655,0.72035458317616,0.09663145982648057,7.167106752168993e-05,0.0,0.0,0.0,0.0,1.0,0.0,0.0,0.0,0.0,0.0,0.0,0.024915126367408526,0.9750848736325914,0.0,0.0,0.0
58,舌右邊,273794,199.45013427734375,9.68795394897461,151.5887908935547,15.64831829071045,159.36410522460938,16.420461654663086,169.08343505859375,31.237865447998047,61.685997009277344,13.016708374023438,199.45013427734375,9.68795394897461,171.78770446777344,13.065468788146973,147.13125610351562,3.766017198562622,131.08322143554688,2.093550205230713,0.0,0.0,0.0,0.0002775809550245805,0.0020782047816971885,0.16502553014310029,0.8305806555293396,0.0020380285908383677,0.0,0.000109571429614966,0.000876571436919728,0.07186059592248187,0.6154736772902255,0.3095867696151121,0.0020928143056458503,0.0,0.0,0.00012783333455079366,0.0010445809623293425,0.045311438526775605,0.41356275155774047,0.5260378240575031,0.013897309656164853,1.8261904935827665e-05,0.033342586031834154,0.0,0.0,0.0,0.0,0.0,0.0,0.9666574139681658,0.0024945762142340594,0.5893226294221203,0.39025325609765005,0.017885709694149616,4.38285718459864e-05,0.0,0.0,0.0,0.0,0.0,0.0,0.0002775809550245805,0.0020782047816971885,0.16502553014310029,0.8305806555293396,0.0020380285908383677,0.0,0.0,0.00025931905008875285,0.0022023857352608165,0.1583270634126387,0.7908646646749016,0.04834656712711016,0.0,0.0,0.0,0.0,0.0,0.9980934571246995,0.0019065428753004083,0.0,0.0,0.0,0.0,0.0,0.02213342878222313,0.9778665712177769,0.0,0.0,0.0
58,舌根,377986,150.3392333984375,48.38447570800781,113.18256378173828,48.95399856567383,116.06226348876953,48.46023178100586,137.84791564941406,72.93414306640625,72.98607635498047,31.383630752563477,150.3392333984375,48.38447570800781,129.5701446533203,49.853675842285156,143.4010009765625,3.7923946380615234,132.3845672607422,1.8029367923736572,0.0006217161482171298,0.06767446413359225,0.11666040541184065,0.1241897848068447,0.1496298804717635,0.2893890249903436,0.2518347240373982,0.0,0.0610419433523993,0.16403782150661664,0.12786981528416397,0.16342404216029166,0.2702930796378702,0.2118782177117671,0.0014550803468911548,0.0,0.04133221865360093,0.16915970432767352,0.12520834104966852,0.16206684903673682,0.2735048388035536,0.22459826554422652,0.004129782584540168,0.0,0.22193943691036175,0.0,0.0,0.0,0.0,0.0,0.0,0.7780605630896382,0.019683268692491256,0.480946384257618,0.24208304011259676,0.19560248263163185,0.05677458953506215,0.004722397125819475,0.00018519204414978331,2.6456006307111905e-06,0.0006217161482171298,0.06767446413359225,0.11666040541184065,0.1241897848068447,0.1496298804717635,0.2893890249903436,0.2518347240373982,0.0,0.01733662093305043,0.13569021074854623,0.1251369098326393,0.1272824919441461,0.2172699517971565,0.3387612239606758,0.03852259078378564,0.0,0.0,0.0,0.0,0.0,0.9999947087987385,5.291201261422381e-06,0.0,0.0,0.0,0.0,0.0,0.002513320599175631,0.9974866794008244,0.0,0.0,0.0
59,舌尖,229156,206.2623748779297,11.140092849731445,143.2955322265625,11.521052360534668,155.8068084716797,12.038769721984863,173.48370361328125,8.92705249786377,77.89149475097656,10.44949722290039,206.2623748779297,11.140092849731445,168.3751983642578,10.12158203125,153.62135314941406,3.5446949005126953,131.1602783203125,2.050020456314087,0.0,0.0,0.0,0.0,0.00011345982649374226,0.10506816317268586,0.8746007086875316,0.020217668313288764,0.0,0.0,0.0,0.09695578557838329,0.8500279285726754,0.05301628584894133,0.0,0.0,0.0,0.0,0.0,0.018472132521077343,0.5616043219466215,0.4199191816928206,4.363839480528548e-06,0.0,0.002666305922602943,0.0,0.0,0.0,0.0,0.0,0.0,0.997333694077397,0.0004494754664944405,0.0707422018188483,0.8816657648065074,0.047142557908149904,0.0,0.0,0.0,0.0,0.0,0.0,0.0,0.0,0.00011345982649374226,0.10506816317268586,0.8746007086875316,0.020217668313288764,0.0,0.0,0.0,2.181919740264274e-05,0.17907015308348898,0.8207029272635236,0.00020510045558484177,0.0,0.0,0.0,0.0,0.0,0.9541185917017229,0.04588140829827716,0.0,0.0,0.0,0.0,0.0,0.03026759063694601,0.9697324093630539,0.0,0.0,0.0
59,舌中,397290,205.9740753173828,4.487220764160156,171.3158416748047,11.002979278564453,177.49891662597656,10.7981595993042,144.4573974609375,62.855648040771484,44.50150680541992,12.905755996704102,205.9740753173828,4.487220764160156,187.01083374023438,7.984877109527588,141.6129608154297,4.641761302947998,129.64764404296875,3.4848077297210693,0.0,0.0,0.0,0.0,0.0,0.006375695335900727,0.993621787611065,2.517053034307433e-06,0.0,0.0,0.0,0.0,0.14885348234287296,0.836965440861839,0.014181076795288078,0.0,0.0,0.0,0.0,0.0015278511918246117,0.06159228774950288,0.8817110926527222,0.055168768405950315,0.0,0.16897228724609228,0.0,0.0,0.0,0.0,0.0,0.0002063983488132095,0.8308213144050945,0.13731027712753907,0.7690377306249843,0.09354627602003575,0.00010571622744091218,0.0,0.0,0.0,0.0,0.0,0.0,0.0,0.0,0.0,0.006375695335900727,0.993621787611065,2.517053034307433e-06,0.0,0.0,0.0,0.0,0.0012484583050164867,0.6955246797050014,0.3032268619899821,0.0,0.0,0.0,0.0,0.0,0.9999270054620051,7.299453799491556e-05,0.0,0.0,0.0,0.0,0.0,0.2168642553298598,0.7831357446701402,0.0,0.0,0.0
59,舌左邊,249138,201.24063110351562,12.563944816589355,163.4613037109375,20.328622817993164,172.8692169189453,19.411577224731445,169.61976623535156,21.29155731201172,48.60224151611328,15.70572280883789,201.24063110351562,12.563944816589355,180.50050354003906,17.016897201538086,143.45712280273438,4.517923831939697,128.57876586914062,1.8707637786865234,0.0,0.0,0.0,0.0,0.0119893392417054,0.15760743042008846,0.8304032303382062,0.0,0.0,0.0,0.0007706572261156467,0.08146087710425547,0.26193515240549414,0.6332474371633392,0.022585876100795543,0.0,0.0,0.0,0.0003451902158643001,0.025230996475848727,0.19367579413818847,0.6683243824707592,0.11242363669933932,0.0,0.015561656591928971,0.0,0.0,0.0,0.0,0.0,5.6193756070932575e-05,0.9843821496520001,0.12664065698528526,0.6848894989925263,0.18786776806428565,0.000602075957902849,0.0,0.0,0.0,0.0,0.0,0.0,0.0,0.0,0.0119893392417054,0.15760743042008846,0.8304032303382062,0.0,0.0,0.0,0.0,0.003905466046929814,0.14167248673425972,0.5512125809792163,0.3032094662395941,0.0,0.0,0.0,0.0,0.0,1.0,0.0,0.0,0.0,0.0,0.0,0.0,0.2665510680827493,0.7334489319172507,0.0,0.0,0.0
59,舌右邊,239856,200.18649291992188,16.645910263061523,159.92034912109375,23.126869201660156,164.6458282470703,22.50627326965332,135.7240753173828,71.61732482910156,53.88446807861328,16.201622009277344,200.18649291992188,16.645910263061523,177.41354370117188,20.133506774902344,143.70309448242188,4.678485870361328,131.39166259765625,3.2185842990875244,0.0,0.0,0.0004794543392702288,0.0026474217864051763,0.034904275898872655,0.17915749449669802,0.7827738309652458,3.7522513508104864e-05,0.0003585484624107798,0.002072076579280902,0.008317490494296578,0.09278066840104063,0.2795719098125542,0.6023364018411047,0.014562904409312254,0.0,3.335334534053766e-05,0.0022305049696484556,0.008938696551264091,0.05956073644186512,0.24359615769461676,0.6500817156960843,0.03555883530118071,0.0,0.22746564605429925,0.0,0.0,0.0,0.0,0.0,0.0,0.7725343539457008,0.03926939497031552,0.6990819491695017,0.24782786338469748,0.01161113334667467,0.0013216263091188046,0.000888032819691815,0.0,0.0,0.0,0.0,0.0004794543392702288,0.0026474217864051763,0.034904275898872655,0.17915749449669802,0.7827738309652458,3.7522513508104864e-05,0.0,0.0007379427656593956,0.0025306850777132945,0.02261356814088453,0.1659495697418451,0.5493087519178174,0.2588594823560803,0.0,0.0,0.0,0.0,0.0,0.9998540791141352,0.00014592088586485224,0.0,0.0,0.0,0.0,0.0,0.05545410579681142,0.9445458942031886,0.0,0.0,0.0
59,舌根,405204,176.45587158203125,29.61545181274414,142.04893493652344,34.20354080200195,134.61538696289062,39.605308532714844,58.46394729614258,76.68880462646484,67.99043273925781,33.248870849609375,176.46304321289062,29.61198616027832,157.70216369628906,32.754764556884766,140.1741180419922,3.560750722885132,137.14788818359375,7.785556793212891,0.0016164697288279484,0.003092269572857129,0.01120916871501762,0.0694613083780022,0.13686686212376975,0.3875405968351744,0.390213324646351,0.0,0.006384438455691454,0.02410390815490469,0.08664030957246227,0.147261626242584,0.36984333817040305,0.35794069160225467,0.007825687801699885,0.0,0.009669203660378475,0.05223294932922676,0.10803447152545384,0.2200768008213147,0.27961224469649854,0.30986614149909675,0.020508188468030916,0.0,0.6921501268496856,0.0,0.0,0.0,0.0,0.0005922942517842864,0.002063158310381931,0.3051944205881482,0.08791867799923002,0.4489442354961945,0.26769479077205555,0.13398929921718444,0.046277924206078916,0.01394359384408841,0.0012067995380104835,2.46789271576786e-05,0.0016164697288279484,0.003092269572857129,0.01120916871501762,0.0694613083780022,0.13645225614752077,0.38795520281142337,0.390213324646351,0.0,0.004081894551880041,0.007137145734000651,0.05014757998440292,0.10864650891896427,0.25843525730249456,0.4677865963810821,0.10376501712717545,0.0,0.0,0.0,0.0,0.0,0.9999975321072843,2.46789271576786e-06,0.0,0.0,0.0,0.0,0.0,0.08068281655659865,0.9193171834434013,0.0,0.0,0.0
6,舌尖,90589,143.60044860839844,14.23310661315918,92.87507629394531,11.641243934631348,111.51201629638672,12.963827133178711,168.85728454589844,4.906370162963867,90.2745361328125,9.828885078430176,143.60044860839844,14.23310661315918,115.96785736083984,12.4557523727417,151.52633666992188,2.8575994968414307,126.14546203613281,1.789420485496521,0.0,0.0,0.00071752641049134,0.17037388645420526,0.7591650200355452,0.06974356709975825,0.0,0.0,0.0,0.011634966717813422,0.5674971574915276,0.418019847884401,0.002848027906257934,0.0,0.0,0.0,0.0,0.004073342238020069,0.10154654538630518,0.8137632604400092,0.08061685193566548,0.0,0.0,0.0,0.0007064875426376271,0.0,0.0,0.0,0.0,0.0,0.0,0.9992935124573624,0.0,0.008919405225800042,0.6925785691419488,0.29761891620395414,0.0008831094282970339,0.0,0.0,0.0,0.0,0.0,0.00071752641049134,0.17037388645420526,0.7591650200355452,0.06974356709975825,0.0,0.0,0.0,4.4155471414851694e-05,0.07467794103036793,0.7794544591506695,0.1458234443475477,0.0,0.0,0.0,0.0,0.0,0.0,0.0,1.0,0.0,0.0,0.0,0.0,0.0,0.0,0.8241066796189382,0.17589332038106173,0.0,0.0,0.0
6,舌中,152656,139.1813507080078,10.28083324432373,106.31163024902344,9.038651466369629,120.77506256103516,9.752226829528809,166.70692443847656,3.1985113620758057,60.0372200012207,11.9212007522583,139.1813507080078,10.28083324432373,123.94730377197266,8.928450584411621,143.52871704101562,3.4482641220092773,125.13612365722656,1.80852472782135,0.0,0.0,0.0,0.14013861230478986,0.8506118331411802,0.009249554554029977,0.0,0.0,0.0,0.0,0.11993632742899067,0.8781050204381092,0.0019586521329001154,0.0,0.0,0.0,0.0,0.0,0.009301959962268106,0.729371921182266,0.26132611885546586,0.0,0.0,0.0,0.0,0.0,0.0,0.0,0.0,0.0,0.0008122838276910177,0.999187716172309,0.0005175034063515355,0.6668064144219683,0.329204223875904,0.003471858295776124,0.0,0.0,0.0,0.0,0.0,0.0,0.0,0.14013861230478986,0.8506118331411802,0.009249554554029977,0.0,0.0,0.0,0.0,0.004526517136568494,0.6100382559480139,0.38543522691541765,0.0,0.0,0.0,0.0,0.0,0.0,0.0,1.0,0.0,0.0,0.0,0.0,0.0,0.0,0.9002004506865109,0.09979954931348915,0.0,0.0,0.0
6,舌左邊,92024,135.3387451171875,13.672390937805176,104.57478332519531,11.968199729919434,119.24116516113281,12.991713523864746,165.1002197265625,3.1945836544036865,57.83134841918945,13.485931396484375,135.3387451171875,13.672390937805176,121.58174896240234,12.196380615234375,142.81423950195312,3.5942203998565674,124.68441772460938,1.3258877992630005,0.0,0.0,0.0,0.2834912631487438,0.6912870555507259,0.025221681300530298,0.0,0.0,0.0,3.260019125445536e-05,0.22122489785273408,0.7748087455446405,0.003933756411370947,0.0,0.0,0.0,0.0,0.0,0.0660371207511084,0.616980352951404,0.31698252629748763,0.0,0.0,0.0,0.0,0.0,0.0,0.0,0.0,0.0,0.005031296183604277,0.9949687038163957,0.0011953403459966966,0.7091519603581674,0.28724028514300615,0.0024124141528296967,0.0,0.0,0.0,0.0,0.0,0.0,0.0,0.2834912631487438,0.6912870555507259,0.025221681300530298,0.0,0.0,0.0,0.0,0.028362166391376162,0.579033730331218,0.3926041032774059,0.0,0.0,0.0,0.0,0.0,0.0,0.0,1.0,0.0,0.0,0.0,0.0,0.0,0.0,0.9799834825697644,0.02001651743023559,0.0,0.0,0.0
6,舌右邊,52053,122.38685607910156,9.736855506896973,84.18486785888672,15.905817031860352,104.64222717285156,15.360345840454102,163.46481323242188,2.9226768016815186,80.99563598632812,21.312828063964844,122.38685607910156,9.736855506896973,103.33517456054688,14.331528663635254,147.34710693359375,3.5810582637786865,122.7618179321289,1.690150499343872,0.0,0.0,0.00021132307455862294,0.6683764624517319,0.3314122144737095,0.0,0.0,0.0,0.0,0.12254817205540507,0.5792941809309742,0.29815764701362074,0.0,0.0,0.0,0.0,0.0,5.7633565788715346e-05,0.30730217278543026,0.6416344879257679,0.051005705723013085,0.0,0.0,0.0,0.0,0.0,0.0,0.0,0.0,0.0,0.017309280925210842,0.9826907190747891,0.0,0.23900639732580256,0.5146485313046318,0.2200449541813152,0.026300117188250437,0.0,0.0,0.0,0.0,0.0,0.00021132307455862294,0.6683764624517319,0.3314122144737095,0.0,0.0,0.0,0.0,0.00013447832017366915,0.3227863907939984,0.6529498780089524,0.024129252876875493,0.0,0.0,0.0,0.0,0.0,0.0,0.0,1.0,0.0,0.0,0.0,0.0,0.0,0.0,0.9972912224079303,0.0027087775920696215,0.0,0.0,0.0
6,舌根,151128,98.8907470703125,29.468257904052734,72.876220703125,26.505413055419922,84.5978012084961,29.38232421875,166.1447296142578,12.648076057434082,71.80915069580078,21.498985290527344,98.89080810546875,29.468137741088867,86.18771362304688,30.22201156616211,141.0884552001953,3.8439390659332275,125.54076385498047,2.429015636444092,0.044875866814885396,0.08961939547932878,0.22560346196601555,0.5147226192366735,0.1251786565030967,0.0,0.0,0.0,0.09393361918373828,0.22928907945582552,0.45716214070192157,0.21939680271028533,0.00021835794822931554,0.0,0.0,0.0,0.07534672595415806,0.1475504208353184,0.3357220369488116,0.42194034196178076,0.019440474299931183,0.0,0.0,0.0,0.005035466624318459,0.0,0.0,0.0,0.0,0.0,0.010143719231380022,0.9848208141443016,0.00126382933672119,0.41481393256047855,0.43355301466306706,0.13513048541633582,0.015225504208353184,1.3233815044200942e-05,0.0,0.0,0.044875866814885396,0.08961939547932878,0.22560346196601555,0.5147226192366735,0.1251786565030967,0.0,0.0,0.0,0.07284553491080409,0.13667222486898523,0.3254922979196443,0.4385156953046424,0.026474246995923986,0.0,0.0,0.0,0.0,0.0,0.0,0.0,1.0,0.0,0.0,0.0,0.0,0.0,0.0,0.7930231327086973,0.20697686729130274,0.0,0.0,0.0
60,舌尖,272518,210.14749145507812,10.814180374145508,164.71646118164062,14.985386848449707,185.615478515625,16.19778823852539,162.47027587890625,22.11875343322754,55.62033462524414,11.420392990112305,210.14749145507812,10.814180374145508,184.41488647460938,12.682483673095703,148.0615692138672,3.685295820236206,123.81360626220703,2.477174997329712,0.0,0.0,0.0,0.0,0.0016109027660558201,0.06426731445262332,0.9049347199084097,0.029187062872911146,0.0,0.0,0.0,0.009595696431061434,0.34484327640742996,0.6313527913752486,0.01420823578625999,0.0,0.0,0.0,3.302534144533572e-05,0.007922412464497758,0.043769585862218276,0.5392377751194416,0.40889042191708436,0.00014677929531260321,0.019312485780755766,0.0,0.0,0.0,0.0,0.0,0.0012623019396883876,0.9794252122795558,0.0016842924137121218,0.7463873945941185,0.2507687565591998,0.0011595564329695653,0.0,0.0,0.0,0.0,0.0,0.0,0.0,0.0,0.0016109027660558201,0.06426731445262332,0.9049347199084097,0.029187062872911146,0.0,0.0,0.0,0.0,0.03526372569885292,0.6470068032203378,0.31772947108080934,0.0,0.0,0.0,0.0,0.0,0.9982716737976941,0.0017283262023059028,0.0,0.0,0.0,0.0,0.0,0.9603622513008315,0.039637748699168494,0.0,0.0,0.0
60,舌中,372240,213.9817352294922,5.648647785186768,179.8324432373047,11.684186935424805,197.2375946044922,10.851339340209961,164.3942413330078,5.479106903076172,40.86870193481445,9.752649307250977,213.98252868652344,5.647327899932861,195.55023193359375,9.142107009887695,143.19320678710938,3.314143419265747,123.92745208740234,2.088016986846924,0.0,0.0,0.0,0.0,0.0,0.0020336342144852784,0.9739012465076294,0.024065119277885235,0.0,0.0,0.0,0.001359338061465721,0.042719750698474106,0.8063050719965613,0.1496158392434988,0.0,0.0,0.0,0.0,0.0,0.008714807650977863,0.19798517085751127,0.7932812164195143,1.880507199656136e-05,0.0006366860090264346,0.0,0.0,0.0,0.0,0.0,0.013974854932301741,0.9853884590586718,0.15045132172791748,0.8305260047281324,0.01857941113260262,0.0004432624113475177,0.0,0.0,0.0,0.0,0.0,0.0,0.0,0.0,0.0,0.0020228884590586717,0.9739119922630561,0.024065119277885235,0.0,0.0,0.0,0.0,0.0028637438211906296,0.2949387491940683,0.702197506984741,0.0,0.0,0.0,0.0,0.0,0.9996830002149151,0.00031699978508489146,0.0,0.0,0.0,0.0,0.0,0.9319605630775843,0.06803943692241565,0.0,0.0,0.0
60,舌左邊,246271,212.00128173828125,12.019607543945312,178.6807403564453,16.406017303466797,194.62136840820312,15.519624710083008,165.35784912109375,2.6502492427825928,40.442054748535156,10.536781311035156,212.00128173828125,12.01961612701416,194.14053344726562,14.104537010192871,142.69618225097656,3.228278636932373,124.50399780273438,1.2078242301940918,0.0,0.0,0.0,4.060567423691787e-06,0.0066958756816677565,0.06540355949340361,0.8807492559010196,0.04714724835648534,0.0,0.0,0.000418238444640254,0.011629465101453277,0.10919271859049584,0.6966228260737155,0.1821367517896951,0.0,0.0,0.0,8.527191589752752e-05,0.0024485221564861472,0.04268062419042437,0.24448270401305877,0.7097425194196637,0.0005603583044694665,8.121134847383574e-06,0.0,0.0,0.0,0.0,0.0,0.006212668158248434,0.9937792107069042,0.19307592042912078,0.7788005895943899,0.027944825009846876,0.0001786649666424386,0.0,0.0,0.0,0.0,0.0,0.0,0.0,4.060567423691787e-06,0.0066958756816677565,0.06540355949340361,0.8807492559010196,0.04714724835648534,0.0,0.0,0.0,0.0008770825635174259,0.03715013135935616,0.24948532307904706,0.7124874629980793,0.0,0.0,0.0,0.0,0.0,1.0,0.0,0.0,0.0,0.0,0.0,0.0,0.979802737634557,0.020197262365442947,0.0,0.0,0.0
60,舌右邊,254098,213.26902770996094,15.658133506774902,173.6905975341797,18.324676513671875,190.20657348632812,20.555503845214844,164.03591918945312,21.62390899658203,48.089908599853516,12.079398155212402,213.2692108154297,15.658330917358398,190.96351623535156,16.81593132019043,145.0823516845703,2.8832955360412598,125.13884735107422,2.368149757385254,0.0,0.0005116136293870869,0.0024045840581193084,0.001979551196782344,0.0051318782516981635,0.06175963604593503,0.7453187352911081,0.1828940015269699,0.002180261159080355,0.0026721973411833228,0.0011176790057379437,0.005186975104093696,0.14718337019575126,0.7577942368692394,0.08386528032491401,0.0,0.0008579367015875765,0.003616714810821022,0.0012829695629245409,0.007257042558382986,0.06040582767278767,0.30759785594534395,0.6177222961219687,0.0012593566261835983,0.01789467056017757,0.0,0.0,0.0,0.0,0.0,0.0029870364977292226,0.9791182929420932,0.02163732103361695,0.919818337806673,0.05270013931632677,0.00105077568497194,0.002455745421058017,0.0021684546907098836,0.00016922604664342105,0.0,0.0,0.0005116136293870869,0.0024045840581193084,0.001979551196782344,0.0051318782516981635,0.06175963604593503,0.7453187352911081,0.1828940015269699,0.0002440003463230722,0.0029870364977292226,0.0018103251501389228,0.0014325181622838433,0.0424796731969555,0.3399593857488056,0.6110870608977639,0.0,0.0,0.0,0.0,0.0,0.999574967138663,0.0004250328613369645,0.0,0.0,0.0,0.0,0.0,0.8862013868664845,0.11379861313351541,0.0,0.0,0.0
60,舌根,326939,172.16064453125,35.572235107421875,136.46585083007812,38.317203521728516,150.8150177001953,40.0277214050293,166.94528198242188,10.505501747131348,56.553375244140625,22.432762145996094,172.16539001464844,35.57674026489258,153.8291778564453,37.151466369628906,144.11534118652344,4.073473930358887,125.76956176757812,2.6043717861175537,0.0,0.00014375770403653282,0.029525385469460663,0.13105196993934648,0.14247000204931196,0.2894546077402818,0.40730533830469906,4.893879286350053e-05,0.0011745310287240127,0.05159066370179147,0.1303943549102432,0.15469858291607916,0.3401215517267747,0.29681072004257675,0.02520959567381071,0.0,0.0003578649228143476,0.021942931250172052,0.11481652540688018,0.12925346930161283,0.20168594141414758,0.4016376143561949,0.13019554106423523,0.00011011228394287619,0.0033308965892720047,0.0,0.0,0.0,0.0,5.811481652540688e-05,0.020006790257509812,0.9766041983366928,0.11632445196198679,0.5572905037331123,0.26377091751060594,0.054991909805804755,0.006707673296853542,0.0008808982715430095,3.364542009365661e-05,0.0,0.0,0.00014375770403653282,0.029525385469460663,0.1310489112647925,0.14245776735109608,0.2894240209947421,0.40726863421005144,0.00013152300582065768,8.258421295715715e-05,0.009053676679747599,0.0966388225326437,0.1377902299817397,0.19795435845830567,0.42997623409871566,0.12847656596490478,2.7528070985719047e-05,0.0,0.0,0.0,0.0,1.0,0.0,0.0,0.0,0.0,0.0,0.0,0.7773346098201805,0.22266539017981948,0.0,0.0,0.0
64,舌尖,256707,135.1283721923828,13.857514381408691,79.41578674316406,16.00889015197754,90.81293487548828,15.928547859191895,169.90711975097656,23.94401741027832,106.58258819580078,19.110563278198242,135.1283721923828,13.857514381408691,103.45252990722656,14.809297561645508,152.88648986816406,4.237292289733887,131.58404541015625,3.1656413078308105,0.0,0.0,0.0041525942027291814,0.24168020350048888,0.721261983506488,0.02874872909581741,0.00409026633477077,6.622335970581246e-05,0.0001791926203804337,0.13333099603828488,0.7417873295235424,0.11233429551979494,0.010829467057774038,0.001503659814496683,3.50594257266066e-05,0.0,0.0,0.03302987452621082,0.6225774910695852,0.3229830117604896,0.017393370652144274,0.0038565368299267257,0.00015971516164343006,0.0,0.021214848056344392,0.0,0.0,0.0,0.0,0.0,0.00010128278543241907,0.9786838691582231,1.1686475242202199e-05,0.010697020338362413,0.28487731148741563,0.5630037357765858,0.13899114554725817,0.002419100375135855,0.0,0.0,0.0,0.0,0.0041525942027291814,0.24168020350048888,0.721261983506488,0.02874872909581741,0.00409026633477077,6.622335970581246e-05,0.0,0.0042460860046667995,0.2509047279583338,0.6992018137409576,0.03847187649732964,0.006891124901151897,0.00028437089756025354,0.0,0.0,0.0,0.0,0.0,0.9581780005999058,0.04182199940009427,0.0,0.0,0.0,0.0,0.0,0.062121406895799494,0.9378785931042005,0.0,0.0,0.0
64,舌中,392610,136.24887084960938,8.060883522033691,101.10903930664062,10.030440330505371,111.73511505126953,9.041165351867676,170.7646026611328,7.2935662269592285,66.07786560058594,10.916014671325684,136.24887084960938,8.060883522033691,119.00514221191406,9.285730361938477,143.88400268554688,2.6261379718780518,127.58984375,1.6638785600662231,0.0,0.0,0.0,0.1448969715493747,0.8546394640992333,0.0004635643513919666,0.0,0.0,0.0,0.00044828201013728634,0.2890272789791396,0.7100914393418405,0.00043299966888260614,0.0,0.0,0.0,0.0,0.0,0.04106365095132574,0.9330276865082398,0.02590866254043453,0.0,0.0,0.0,0.0015817223198594025,0.0,0.0,0.0,0.0,0.0,0.0,0.9984182776801406,0.0,0.46572680267950384,0.524999363235781,0.008924887292733247,0.00034894679198186495,0.0,0.0,0.0,0.0,0.0,0.0,0.1448969715493747,0.8546394640992333,0.0004635643513919666,0.0,0.0,0.0,0.0,0.008998751942130867,0.7999159471230992,0.19108530093476989,0.0,0.0,0.0,0.0,0.0,0.0,0.0,0.9996969002317821,0.0003030997682178243,0.0,0.0,0.0,0.0,0.0,0.478648022210336,0.521351977789664,0.0,0.0,0.0
64,舌左邊,253367,139.5264892578125,8.477408409118652,92.94847106933594,9.721976280212402,101.47831726074219,10.436405181884766,172.52488708496094,18.070194244384766,85.40780639648438,11.635127067565918,139.5264892578125,8.477408409118652,113.9061050415039,9.139358520507812,148.3221435546875,2.634939193725586,130.935791015625,1.8000571727752686,0.0,0.0,0.00025259801000130245,0.07006831986801754,0.9222945371733493,0.0073687575730067454,1.5787375625081403e-05,0.0,0.0,0.009685554945987442,0.5990164464985575,0.39067834406217067,0.0006196544932844451,0.0,0.0,0.0,0.0,0.0006512292445346079,0.23374788350495526,0.7600634652500128,0.005525581468778492,1.1840531718811052e-05,0.0,0.0,0.010830139678805842,0.0,0.0,0.0,0.0,0.0,0.0,0.9891698603211941,0.0,0.03858434602769895,0.8006528079820971,0.15963404863301062,0.0011287973571933205,0.0,0.0,0.0,0.0,0.0,0.00025259801000130245,0.07006831986801754,0.9222945371733493,0.0073687575730067454,1.5787375625081403e-05,0.0,0.0,0.0,0.04319031286631645,0.9023077196319963,0.05442697746746814,7.499003421913666e-05,0.0,0.0,0.0,0.0,0.0,0.0,1.0,0.0,0.0,0.0,0.0,0.0,0.0,0.0053361329612775146,0.9946638670387224,0.0,0.0,0.0
64,舌右邊,251284,138.4136962890625,11.024909973144531,92.57528686523438,11.909501075744629,104.01825714111328,12.906288146972656,170.53622436523438,18.282588958740234,84.9609375,13.355393409729004,138.4136962890625,11.024909973144531,113.58076477050781,11.65539264678955,148.50025939941406,3.074554443359375,129.18995666503906,2.019693374633789,0.0006606071218223206,0.0013291733655943075,0.003398545072507601,0.10921905095429872,0.8738319988538864,0.011540726827016444,1.989780487416628e-05,0.0,0.0018743732191464637,0.012332659461008262,0.5560720141354005,0.42813708791646105,0.0015639674631094697,1.989780487416628e-05,0.0,0.0,0.0017947819996497986,0.007286576144919692,0.19578246127887172,0.7787324302382961,0.01636395472851435,3.979560974833256e-05,0.0,0.0,0.01140144219289728,0.0,0.0,0.0,0.0,0.0,0.0,0.9885985578071027,0.0,0.051909393355724996,0.7544969039015615,0.19120596615781346,0.0023877365848999537,0.0,0.0,0.0,0.0006606071218223206,0.0013291733655943075,0.003398545072507601,0.10921905095429872,0.8738319988538864,0.011540726827016444,1.989780487416628e-05,0.0,0.0014525397558141386,0.0028334474140812786,0.05000318364877987,0.8668797058308527,0.07874755257000048,8.357078047149838e-05,0.0,0.0,0.0,0.0,0.0,0.0,1.0,0.0,0.0,0.0,0.0,0.0,0.0,0.1502602632877541,0.8497397367122459,0.0,0.0,0.0
64,舌根,410369,102.16026306152344,32.72639465332031,69.9625473022461,24.848834991455078,73.81588745117188,26.963253021240234,120.78244018554688,80.51766967773438,83.61927032470703,22.2493953704834,102.16026306152344,32.72639465332031,84.3615493774414,29.816343307495117,142.31381225585938,5.965181350708008,131.38694763183594,1.3898173570632935,0.02503113051911816,0.14670942493219516,0.1717576132700082,0.4007466450925874,0.2557308178736698,2.436831242125989e-05,0.0,0.0,0.10592661726397462,0.24321525261411073,0.5107013443997963,0.1401567857221184,0.0,0.0,0.0,0.0,0.10893610384800022,0.21232110612643743,0.42583138589903236,0.25291140412653,0.0,0.0,0.0,0.0,0.3149921168509317,0.0,0.0,0.0,0.0,0.0,0.0,0.6850078831490682,0.0,0.237766497956717,0.450872263743119,0.28048658646242774,0.027792060316446904,0.0030557863776259904,2.680514366338588e-05,0.0,0.02503113051911816,0.14670942493219516,0.1717576132700082,0.4007466450925874,0.2557308178736698,2.436831242125989e-05,0.0,0.0,0.08104413345062614,0.1688870260667838,0.26180827499153203,0.4857238241680049,0.0025367413230531544,0.0,0.0,0.0,0.0,0.0,0.0,0.0,1.0,0.0,0.0,0.0,0.0,0.0,0.0,0.001959212318669295,0.9980407876813308,0.0,0.0,0.0
68,舌尖,172608,133.6969757080078,13.885323524475098,103.37893676757812,20.27760124206543,123.60358428955078,22.28106689453125,156.40232849121094,17.65799331665039,60.319969177246094,20.64166259765625,134.1115264892578,14.382516860961914,120.65550994873047,18.86130714416504,143.83840942382812,3.521540641784668,121.58391571044922,3.2997872829437256,0.0,0.0,0.003203791249536522,0.31566323692992215,0.6646679180571005,0.0164302929180571,3.476084538375973e-05,0.0,0.0,0.02674267704857249,0.31144558769002595,0.5441346866889136,0.11708611420096403,0.0005909343715239155,0.0,0.0,0.0,0.007809603262884686,0.1172541249536522,0.39461091027067113,0.4562418891360771,0.024019744160177974,6.372821653689284e-05,0.0,0.010787449017426771,0.0,0.0,0.0,0.0,0.00012166295884315906,0.4771041898405636,0.5119866981831664,0.0180408787541713,0.6106263904338154,0.2961971635150167,0.07275444938820912,0.0023811179087875416,0.0,0.0,0.0,0.0,0.0,0.003203791249536522,0.3148058027437894,0.6547958379681127,0.027125046347793846,6.952169076751947e-05,0.0,0.0,0.0007531516499814609,0.11556822395253986,0.48811179087875417,0.3893620226177234,0.006204810901001112,0.0,0.0,0.0,0.0,0.0,0.0,0.9997856414534668,0.00021435854653318502,0.0,0.0,0.0,0.0,0.0,0.9561376065999259,0.043862393400074154,0.0,0.0,0.0
68,舌中,246390,136.11151123046875,15.63233757019043,114.72158813476562,16.37059211730957,135.07130432128906,17.12240219116211,150.80177307128906,5.774203777313232,42.79859924316406,10.334970474243164,137.4799041748047,15.901947975158691,129.78282165527344,16.241458892822266,140.19447326660156,2.477731704711914,120.06292724609375,1.5320411920547485,0.0,0.0,0.006867161816632168,0.2912131174154795,0.6610982588579082,0.04078899305978327,3.246885019684241e-05,0.0,1.2175818823815902e-05,0.005349243069929786,0.10836884613823614,0.6492268355046877,0.23655180810909535,0.0004910913592272414,0.0,0.0,0.0,0.00031657128941921345,0.0158488575023337,0.31328381833678315,0.6079183408417549,0.06253500547911847,9.740655059052721e-05,0.0,0.0,0.0,0.0,0.0,0.0,0.0016275011161167256,0.8875968992248062,0.11077559965907707,0.06851739112788668,0.8928933804131661,0.03517999918827874,0.00323876780713503,0.00016640285725881733,4.058606274605301e-06,0.0,0.0,0.0,0.0,0.00648565282681927,0.26471853565485615,0.6601363691708267,0.06856203579690734,9.740655059052721e-05,0.0,0.0,0.0005357360282478997,0.023182759040545477,0.4068874548480052,0.5569950079142822,0.012390924956369983,8.117212549210602e-06,0.0,0.0,0.0,0.0,0.0,1.0,0.0,0.0,0.0,0.0,0.0,0.0,0.9998011282925443,0.00019887170745565972,0.0,0.0,0.0
68,舌左邊,139746,122.70974731445312,15.536786079406738,94.0930404663086,20.906686782836914,117.71272277832031,22.013437271118164,153.81236267089844,7.076564788818359,63.408348083496094,20.092792510986328,123.88931274414062,16.75271987915039,110.91989135742188,19.970773696899414,144.05856323242188,3.3252811431884766,119.27486419677734,2.2523350715637207,0.0,7.871423869019507e-05,0.0294248135903711,0.5982353698853634,0.36416069154036607,0.008064631545804531,3.577919940463412e-05,0.0,3.577919940463412e-05,0.07345469637771385,0.45018104274898746,0.41483834957708987,0.061017846664663034,0.0004722854321411704,0.0,0.0,0.0,0.003384712263678388,0.17138952098807836,0.47728736421793827,0.327494167990497,0.02032974110171311,0.00011449343809482919,0.0,0.0,0.0,0.0,0.0,0.0,5.7246719047414594e-05,0.6646129406208406,0.3353298126601119,0.0043507506476035095,0.5906215562520573,0.31517181171554104,0.08799536301575715,0.0018605183690409742,0.0,0.0,0.0,0.0,7.871423869019507e-05,0.029353255191561834,0.575100539550327,0.3746511528058048,0.020701844775521304,0.00011449343809482919,0.0,0.0,0.004085984572009217,0.23373119803071288,0.5485523735920885,0.2098378486682982,0.0037711276172484364,2.1467519642780472e-05,0.0,0.0,0.0,0.0,0.0,1.0,0.0,0.0,0.0,0.0,0.0,0.0,0.9982325075494111,0.0017674924505889256,0.0,0.0,0.0
68,舌右邊,180565,134.62916564941406,20.41634178161621,106.10214233398438,24.30201530456543,127.1632080078125,26.54848861694336,155.9386749267578,11.106367111206055,57.5989875793457,22.411401748657227,135.11813354492188,20.936716079711914,122.84200286865234,23.987815856933594,143.2164306640625,3.571470022201538,120.82166290283203,2.605653762817383,0.010284385124470411,0.0014399246808628472,0.005300030459945172,0.27794976878132527,0.6432918893473264,0.06133525323290782,0.00039874837316201923,0.0,0.011325561432171241,0.030670395702378644,0.2529836900839033,0.5169384986016116,0.18452634785257385,0.0035388918118129204,1.6614515548417468e-05,0.0,0.01130340874477335,0.0038102622324370727,0.09940464652618171,0.33559659956248444,0.47612771024284883,0.07274942541467062,0.001007947276603993,0.0,0.003034918173510924,0.0,0.0,0.0,0.0,0.00017168332733364717,0.5851300085841664,0.4116633899149891,0.027862542574696093,0.6586437017140642,0.2529283083654086,0.05053581812643646,0.006125218065516573,0.002026970896906931,0.0007144241685819511,0.0011630160883892228,0.010284385124470411,0.0014399246808628472,0.005300030459945172,0.27688643978622657,0.6267216791737048,0.0783485171544873,0.001019023620302938,0.0,0.011198183479633373,0.0020103563813585134,0.09504056710879738,0.44206241519674355,0.4216597901032869,0.027873618918395036,0.0001550688117852297,0.0,0.0,0.0,0.0,0.0,1.0,0.0,0.0,0.0,0.0,0.0,0.0,0.969290837094675,0.030709162905324952,0.0,0.0,0.0
68,舌根,252301,80.18409729003906,27.809242248535156,60.61061477661133,25.74183464050293,76.0102310180664,29.52016258239746,155.56788635253906,7.884663105010986,68.86695098876953,24.674272537231445,80.69369506835938,28.272489547729492,71.13223266601562,29.59354591369629,139.58778381347656,3.568786859512329,122.08124542236328,2.4137215614318848,0.034522257145235255,0.28022877436078336,0.3354406046745752,0.3286035330815177,0.021153304980955287,5.1525756933186945e-05,0.0,0.0,0.14731610259174557,0.3904225508420498,0.366122211168406,0.09586565253407636,0.0002734828637223,0.0,0.0,0.0,0.07088755098077297,0.2975216110915137,0.32456470644190866,0.2858530089060289,0.021141414421663014,3.170815811273043e-05,0.0,0.0,0.0004676953321627738,0.0,0.0,3.963519764091304e-06,0.00024177470560956952,0.0038842493688094775,0.6138937221810457,0.3815085948926084,0.014022932925355032,0.46563430188544636,0.35989155809925444,0.14099428856801993,0.019104165262920084,0.00028140990325048254,4.7562237169095645e-05,2.3781118584547822e-05,0.034518293625471166,0.2788494694828796,0.3291623893682546,0.3291504988089623,0.02826782295749918,5.1525756933186945e-05,0.0,0.0,0.10482320720092271,0.30824293205338066,0.3446438975667952,0.23113265504298436,0.011141454056860655,1.5854079056365215e-05,0.0,0.0,0.0,0.0,0.0,2.3781118584547822e-05,0.9999762188814154,0.0,0.0,0.0,0.0,0.0,0.0,0.9859176142781836,0.014082385721816401,0.0,0.0,0.0
7,舌尖,175721,155.3960723876953,11.019694328308105,109.99286651611328,14.904387474060059,122.74958801269531,15.469157218933105,171.4637451171875,2.1797659397125244,75.32452392578125,13.888407707214355,155.3960723876953,11.019694328308105,131.0386962890625,13.714998245239258,148.04115295410156,2.6261801719665527,128.31243896484375,1.6703035831451416,0.0,0.0,0.0,0.042391063105718725,0.5210020430113647,0.4366068938829167,0.0,0.0,0.0,0.002623476989090661,0.1550526118107682,0.7849887036836803,0.057335207516460755,0.0,0.0,0.0,0.0,0.0,0.07326386715304374,0.4577369807820352,0.4689422436703638,5.6908394557281146e-05,0.0,0.0,3.98358761900968e-05,0.0,0.0,0.0,0.0,0.0,0.0,0.99996016412381,0.0,0.19455841931243278,0.7062787031715049,0.09915149583715094,1.1381678911456228e-05,0.0,0.0,0.0,0.0,0.0,0.0,0.042391063105718725,0.5210020430113647,0.4366068938829167,0.0,0.0,0.0,0.0,0.02945009418339299,0.2709465573266713,0.6989659744708941,0.0006373740190415488,0.0,0.0,0.0,0.0,0.0,0.0,1.0,0.0,0.0,0.0,0.0,0.0,0.0,0.3472834777858082,0.6527165222141919,0.0,0.0,0.0
7,舌中,276271,147.26087951660156,12.81743335723877,115.17084503173828,11.809122085571289,122.4235610961914,14.182778358459473,154.4348602294922,52.66291809082031,56.11994171142578,9.585944175720215,147.26087951660156,12.81743335723877,132.07481384277344,12.094120025634766,141.77517700195312,3.0032737255096436,128.8804168701172,2.2731785774230957,0.0,0.0,0.001350123610512866,0.0773552055771326,0.7659399647447614,0.15535470606759305,0.0,0.0,0.0,0.0018460135157146425,0.06312280333440716,0.8251969985992015,0.10983418455067669,0.0,0.0,0.0,0.0,0.0009953994447480915,0.057497891562994306,0.5241013352831096,0.4174053737091479,0.0,0.0,0.0,0.10665976523051642,0.0,0.0,0.0,0.0,0.0,0.0,0.8933402347694835,0.004321843407378987,0.8015716452323987,0.19188405587267574,0.0021717806067231087,5.0674880823539205e-05,0.0,0.0,0.0,0.0,0.0,0.001350123610512866,0.0773552055771326,0.7659399647447614,0.15535470606759305,0.0,0.0,0.0,9.411049295800138e-05,0.01579246464522154,0.24883900228398928,0.7352418458687303,3.257670910084663e-05,0.0,0.0,0.0,0.0,0.0,0.0,1.0,0.0,0.0,0.0,0.0,0.0,0.0,0.2597630587358065,0.7402369412641935,0.0,0.0,0.0
7,舌左邊,157745,152.06387329101562,12.148933410644531,117.5456314086914,12.683507919311523,124.04827880859375,14.529611587524414,162.50100708007812,42.93110275268555,58.564353942871094,9.350748062133789,152.06387329101562,12.148933410644531,135.0210418701172,12.526549339294434,142.57763671875,2.324488639831543,129.6396026611328,1.8024141788482666,0.0,0.0,0.00010776886747598972,0.04954198231322705,0.6301309074772576,0.3202193413420394,0.0,0.0,0.0,0.0011220640907794225,0.061497987257916255,0.7368981584202352,0.20048179023106913,0.0,0.0,0.0,0.0,0.00029794922184538336,0.048001521442834955,0.45599543567149514,0.49570509366382454,0.0,0.0,0.0,0.06693714539288091,0.0,0.0,0.0,0.0,0.0,0.0,0.9330628546071191,3.169672572823227e-05,0.7675552315445815,0.2283178547656027,0.00409521696408761,0.0,0.0,0.0,0.0,0.0,0.0,0.00010776886747598972,0.04954198231322705,0.6301309074772576,0.3202193413420394,0.0,0.0,0.0,0.0,0.010967067101968367,0.21106215727915306,0.7773558591397509,0.0006149164791277061,0.0,0.0,0.0,0.0,0.0,0.0,1.0,0.0,0.0,0.0,0.0,0.0,0.0,0.041624140226314624,0.9583758597736853,0.0,0.0,0.0
7,舌右邊,184635,150.119384765625,11.218164443969727,111.10836029052734,15.1008939743042,121.46484375,16.375045776367188,171.96202087402344,3.1219069957733154,67.0883560180664,14.831570625305176,150.119384765625,11.218164443969727,130.07904052734375,13.977272987365723,145.14413452148438,2.9501593112945557,128.4730224609375,1.9572852849960327,0.0,0.0,3.249654724185555e-05,0.058033417282747045,0.7792184580388334,0.16271562813117774,0.0,0.0,0.0,0.004148725864543559,0.15039943672651448,0.7837408941966583,0.061710943212283695,0.0,0.0,0.0,0.0,0.0008774067755300999,0.10577084518103284,0.4278332927126493,0.4655184553307878,0.0,0.0,0.0,0.0001299861889674222,0.0,0.0,0.0,0.0,0.0,0.0,0.9998700138110326,0.0,0.5152381726108267,0.4122566144013865,0.07246730034933788,3.791263844883148e-05,0.0,0.0,0.0,0.0,0.0,3.249654724185555e-05,0.058033417282747045,0.7792184580388334,0.16271562813117774,0.0,0.0,0.0,0.0,0.03375308040187397,0.2517020066617922,0.7145449129363338,0.0,0.0,0.0,0.0,0.0,0.0,0.0,1.0,0.0,0.0,0.0,0.0,0.0,0.0,0.3910851138733176,0.6089148861266823,0.0,0.0,0.0
7,舌根,232413,87.68135833740234,27.282188415527344,64.96174621582031,25.04714584350586,67.34796142578125,24.782304763793945,140.52711486816406,70.09233093261719,72.14410400390625,23.182592391967773,87.68135833740234,27.282188415527344,75.84764862060547,28.257871627807617,138.3295135498047,2.345395803451538,130.46937561035156,1.3594212532043457,0.004083248355298542,0.2018174542732119,0.4105407184623924,0.28991493591150236,0.0936135242004535,3.0118797141295882e-05,0.0,0.0,0.1089827161131262,0.36297022972036846,0.4029722950093153,0.12429597311682221,0.0007744833550618941,4.302685305899412e-06,0.0,0.0,0.08623011621553012,0.3511636612409805,0.4257248949069114,0.13409318755835517,0.00277953470761102,8.605370611798823e-06,0.0,0.0,0.20234238188053164,0.0,0.0,0.0,0.0,0.0,0.0,0.7976576181194683,0.0006755215930262077,0.4286464182296171,0.42603468824893614,0.10883642481272562,0.034034240769664346,0.0017727063460305577,0.0,0.0,0.004083248355298542,0.2018174542732119,0.4105407184623924,0.28991493591150236,0.0936135242004535,3.0118797141295882e-05,0.0,0.0,0.07056834170205625,0.2645420006626135,0.4126662450035067,0.22331367006148536,0.02888822914380865,2.151342652949706e-05,0.0,0.0,0.0,0.0,0.0,0.0,1.0,0.0,0.0,0.0,0.0,0.0,0.0,0.010808345488419323,0.9891916545115806,0.0,0.0,0.0
70,舌尖,89526,140.90850830078125,10.74754810333252,81.20014190673828,14.253595352172852,88.610595703125,15.857677459716797,169.93666076660156,32.21136474609375,108.92901611328125,16.221660614013672,140.90869140625,10.74844741821289,106.34646606445312,12.9553804397583,153.88987731933594,3.1366095542907715,134.67095947265625,3.0041348934173584,0.0,0.0,0.0,0.12643254473560753,0.8462122735294775,0.026662645488461454,0.0006925362464535442,0.0,0.0,0.08275808145119853,0.7763889819717177,0.13382704465741796,0.005931237852690839,0.0010834841275160288,1.1169939458928132e-05,0.0,0.0,0.028371646225677456,0.6757366575073163,0.2789580680472712,0.014520921296606572,0.0021446283761142014,0.0002680785470142752,0.0,0.034660322141053995,0.0,0.0,0.0,0.0,0.0,0.00046913745727498156,0.964870540401671,0.0008600853383374662,0.007439179679646136,0.17826106382503407,0.7132788240287737,0.09946831088175502,0.0006925362464535442,0.0,0.0,0.0,0.0,0.0,0.12643254473560753,0.8462122735294775,0.026651475549002525,0.0007037061859124724,0.0,0.0,0.0,0.19618881665661372,0.752719880258249,0.04780734088421241,0.0030717333512052364,0.00021222884971963451,0.0,0.0,0.0,0.0,0.0,0.9610839309250944,0.038916069074905614,0.0,0.0,0.0,0.0,0.0,0.014878359359292272,0.9851216406407077,0.0,0.0,0.0
70,舌中,152481,147.3460235595703,8.009406089782715,109.90729522705078,14.34444808959961,118.85784912109375,14.702996253967285,171.6912078857422,11.498696327209473,65.1832046508789,18.9930419921875,147.3460235595703,8.009439468383789,128.4894561767578,12.0364408493042,144.34756469726562,4.510335922241211,128.94065856933594,2.4278180599212646,0.0,0.0,0.0,0.019031879381693456,0.9425108702067798,0.03845725041152668,0.0,0.0,0.0,0.0007869832962795365,0.15523245519113857,0.7294679337097737,0.11449295322040123,1.967458240698841e-05,0.0,0.0,0.0,8.525652376361645e-05,0.062079865688184105,0.6427358162656331,0.2943907765557676,0.0007082849666515828,0.0,0.0,0.004190686052688531,0.0,0.0,0.0,0.0,0.0,0.0007410759373298969,0.9950682380099816,0.007627179779775841,0.5131393419508005,0.40713925013608254,0.06945783409080476,0.0026363940425364473,0.0,0.0,0.0,0.0,0.0,0.0,0.019031879381693456,0.9425043120126442,0.03846380860566234,0.0,0.0,0.0,0.0,0.005187531561309278,0.46001141125779604,0.5332926725296923,0.0015083846512024448,0.0,0.0,0.0,0.0,0.0,0.0,0.9984522661839835,0.0015477338160164217,0.0,0.0,0.0,0.0,0.0,0.2810251769072868,0.7189748230927132,0.0,0.0,0.0
70,舌左邊,97275,134.8354949951172,19.425838470458984,83.3945083618164,20.82948112487793,90.2818832397461,24.278024673461914,146.1632537841797,64.29869079589844,99.53650665283203,24.728469848632812,134.8359832763672,19.42272186279297,105.64379119873047,20.70592498779297,150.4746551513672,4.946756839752197,133.3324432373047,4.41724157333374,0.007011051143664867,0.0077512207658699565,0.011092264199434593,0.24458493960421485,0.7172140837830892,0.012346440503726549,0.0,0.0,0.016191210485736313,0.10660498586481625,0.5706296581855564,0.29851452068876894,0.008059624775122077,0.0,0.0,0.0,0.015296838858905166,0.0892212798766384,0.4890156772038036,0.34446671806733486,0.061948085325109224,5.1400668208686716e-05,0.0,0.0,0.16305319969159598,0.0,0.0,0.0,0.0,2.0560267283474684e-05,0.0012541763042919559,0.8356720637368286,3.0840400925212025e-05,0.08337188383448985,0.328141865844256,0.49520431765612954,0.08743253662297609,0.0033513235672063737,0.001531739912618864,0.0009354921613980981,0.007011051143664867,0.0077512207658699565,0.011092264199434593,0.24458493960421485,0.7172140837830892,0.012346440503726549,0.0,0.0,0.013641737342585454,0.007977383705988177,0.2783243382163968,0.5578411719352352,0.1420817270624518,0.00013364173734258544,0.0,0.0,0.0,0.0,0.0,0.0,0.9840555127216654,0.01594448727833462,0.0,0.0,0.0,0.0,0.0,0.1030686198920586,0.8969313801079414,0.0,0.0,0.0
70,舌右邊,89262,134.80108642578125,19.999937057495117,83.25141906738281,24.621967315673828,89.96492004394531,27.34205436706543,161.8197021484375,46.6475715637207,100.7873764038086,28.955570220947266,134.80108642578125,19.999937057495117,105.48896789550781,23.615610122680664,150.56581115722656,4.988863945007324,133.55812072753906,4.288646221160889,0.0004481190204118214,0.009981851179673321,0.05113038022898882,0.21612780354462144,0.7012278461159284,0.020658286840984967,0.0004257130693912303,0.0,0.023268580134883827,0.18935269207501512,0.450796531558782,0.3083955098474155,0.027839394143084402,0.00034729224081916156,0.0,0.0,0.012345679012345678,0.15683045416862718,0.39255226188075554,0.3476059241334498,0.08984786359257019,0.0007730053102103919,4.481190204118214e-05,0.0,0.07669557034348323,0.0,0.0,0.0,0.0,0.0,0.0,0.9233044296565168,0.00033608926530886605,0.12437543411530103,0.29208397750442516,0.38887768591337857,0.18796352311173847,0.005175774685756537,0.0005265398489838902,0.0006609755551074365,0.0004481190204118214,0.009981851179673321,0.05113038022898882,0.21612780354462144,0.7012278461159284,0.020658286840984967,0.0004257130693912303,0.0,0.004100289036768166,0.056339763841276244,0.2823261858349578,0.4824001254733257,0.17367972933611167,0.0010978916000089624,5.6014877551477675e-05,0.0,0.0,0.0,0.0,0.0,0.9952051264815935,0.004794873518406489,0.0,0.0,0.0,0.0,0.0,0.08862673926194797,0.911373260738052,0.0,0.0,0.0
70,舌根,143447,90.52812957763672,31.680442810058594,60.858463287353516,29.557666778564453,64.95130157470703,30.82311248779297,159.28799438476562,50.72694396972656,92.64398193359375,34.48002624511719,90.53059387207031,31.682693481445312,73.53418731689453,33.152530670166016,141.78359985351562,4.266061305999756,130.98953247070312,2.2035536766052246,0.017574435157235772,0.22765899600549333,0.2777890091810913,0.3440992143439737,0.1328434892329571,3.485607924878178e-05,0.0,0.0,0.20045034054389427,0.33483446847964754,0.3160191569011551,0.14621428123278982,0.0024817528425132625,0.0,0.0,0.0,0.1733532245358913,0.31944899509923524,0.3080022586739353,0.19003534406435826,0.009160177626579852,0.0,0.0,0.0,0.09260563134816344,0.0,0.0,0.0,0.0,0.000508898757032214,0.000920200492167839,0.9059652694026366,0.005284181614115318,0.22433372604515953,0.3514817319288657,0.22194259900869312,0.1702858895619985,0.02613508822073658,0.0005367836204312395,0.0,0.017574435157235772,0.22765899600549333,0.2777890091810913,0.344092243128124,0.13285046044880688,3.485607924878178e-05,0.0,0.0,0.13165838253849854,0.2696396578527261,0.28961219126227805,0.276652700997581,0.03243009613306657,6.971215849756356e-06,0.0,0.0,0.0,0.0,0.0,0.0,1.0,0.0,0.0,0.0,0.0,0.0,0.0,0.03928977252922682,0.9607102274707732,0.0,0.0,0.0
72,舌尖,343340,133.08499145507812,12.631744384765625,78.17803955078125,17.444744110107422,95.98961639404297,18.554485321044922,169.59762573242188,6.541381359100342,106.0628890991211,26.303369522094727,133.0850067138672,12.631760597229004,102.56449890136719,15.261798858642578,153.55606079101562,5.635089874267578,127.92415618896484,3.381396532058716,0.0,2.9125648045669015e-06,0.01579192637036174,0.22743053532941107,0.7492835090580765,0.007406652298013631,8.155181452787324e-05,2.9125648045669015e-06,0.0017125881050853381,0.21726859672627716,0.6093260325042232,0.16938311877439274,0.0022426748995165143,6.116386089590494e-05,5.825129609133803e-06,0.0,7.863924972330634e-05,0.04530203297023359,0.4226015028834392,0.501936855595037,0.02920719986019689,0.0008417312285198345,3.203821285023592e-05,0.0,0.001182501310654162,0.0,0.0,0.0,0.0,0.0,0.001243665171550067,0.9975738335177957,2.9125648045669017e-05,0.05769499621366576,0.29350789305062036,0.4181540164268655,0.2192899167006466,0.011277450923283043,4.660103687307042e-05,0.0,0.0,2.9125648045669015e-06,0.01579192637036174,0.22743053532941107,0.7492835090580765,0.007406652298013631,8.155181452787324e-05,2.9125648045669015e-06,0.0,0.012244422438399254,0.2726335410962894,0.679408166831712,0.0351197064134677,0.0005708627016951127,2.330051843653521e-05,0.0,0.0,0.0,0.0,0.0,0.856489194384575,0.14351080561542495,0.0,0.0,0.0,0.0,0.0,0.5095969010310479,0.49040309896895207,0.0,0.0,0.0
72,舌中,475242,131.4119110107422,12.83072566986084,99.53215789794922,15.998793601989746,110.73600769042969,15.279467582702637,169.3829345703125,6.795049667358398,62.654701232910156,20.02601432800293,131.4119110107422,12.83072566986084,116.51226043701172,14.920633316040039,142.7784881591797,4.348329067230225,126.8126449584961,1.9131369590759277,0.0,0.0,0.009744509113251774,0.30834606368965706,0.6801608443698158,0.0017485828272753672,0.0,0.0,0.00044819271024025656,0.030445541429419118,0.29549576847164183,0.6637712996746921,0.00983919771400676,0.0,0.0,0.0,0.0,0.010645102915988065,0.13988452199090148,0.7371991532734902,0.11224176314382989,2.9458675790439398e-05,0.0,0.0,0.001230951809814789,0.0,0.0,0.0,0.0,0.0,0.0004439843279844795,0.9983250638622008,0.004065297259080637,0.6247617003547666,0.3041145353314732,0.05061421339023066,0.01431060386076988,0.0021273372302953023,6.312573383665585e-06,0.0,0.0,0.0,0.009744509113251774,0.30834606368965706,0.6801608443698158,0.0017485828272753672,0.0,0.0,0.0,0.0049448491505380415,0.09042340533875373,0.6742144002424029,0.23035842791672453,5.8917351580878795e-05,0.0,0.0,0.0,0.0,0.0,0.0,0.9988237571595103,0.0011762428404896873,0.0,0.0,0.0,0.0,0.0,0.6741428577440546,0.32585714225594536,0.0,0.0,0.0
72,舌左邊,332256,135.00997924804688,13.575126647949219,96.12095642089844,20.18160057067871,109.23777770996094,20.041196823120117,169.6017303466797,3.9578030109405518,75.21147918701172,24.906078338623047,135.00997924804688,13.575126647949219,115.23302459716797,18.27754783630371,146.01771545410156,4.827061176300049,127.10814666748047,2.357203722000122,0.0,0.000565828758547626,0.011400847539246846,0.22763471540017335,0.7526124434171242,0.007777135702590773,9.02918231724935e-06,0.0,0.0016071944524703842,0.07093024655687181,0.3567098863526919,0.540920254261774,0.02982037946643552,1.2038909756332467e-05,0.0,0.0,0.0002498073774438987,0.03132825291341616,0.18640746893961282,0.6112967109698546,0.17056727342771838,0.00015048637195415584,0.0,0.0,0.0002528171048829818,0.0,0.0,0.0,0.0,0.0,0.00019262255610131947,0.9995545603390157,0.0018660310122315324,0.4012117162669749,0.39710945776750456,0.1593319608976211,0.03810314937879226,0.002377684676875662,0.0,0.0,0.0,0.000565828758547626,0.011400847539246846,0.22763471540017335,0.7526124434171242,0.007777135702590773,9.02918231724935e-06,0.0,0.0002167003756139844,0.00954986516421073,0.13764687469902726,0.5829751757680824,0.2692923528845228,0.0003190311085428104,0.0,0.0,0.0,0.0,0.0,0.0,0.9960121111432149,0.003987888856785129,0.0,0.0,0.0,0.0,0.0,0.6300623615525378,0.3699376384474622,0.0,0.0,0.0
72,舌右邊,325141,136.2521514892578,14.341164588928223,92.4200668334961,19.730491638183594,104.90364837646484,20.233203887939453,171.08953857421875,6.658441543579102,83.38993072509766,26.641380310058594,136.2521514892578,14.341164588928223,112.9736328125,17.85776138305664,147.9412384033203,5.649736404418945,128.4563446044922,2.602062463760376,0.0,0.0001845353246745258,0.020760224025884153,0.19538600176538795,0.7628505786720223,0.020818660212031086,0.0,0.0,0.007089232056246367,0.06336327931574301,0.4674033726906173,0.4388126997210441,0.023303735917648036,2.7680298701178872e-05,0.0,0.0,0.0019837547402511524,0.030048502034501955,0.2521921258776961,0.5982512202398345,0.11693695965750243,0.0005874374502139072,0.0,0.0,0.001264066974020502,0.0,0.0,0.0,0.0,0.0,7.996530735896118e-05,0.9986559677186205,0.0010180198744544674,0.2756065829901489,0.38415026096370497,0.28546384491651317,0.04930476316428872,0.004456528090889799,0.0,0.0,0.0,0.0001845353246745258,0.020760224025884153,0.19538600176538795,0.7628505786720223,0.020818660212031086,0.0,0.0,9.22676623372629e-06,0.019191673766150684,0.11760128682633073,0.662777072101027,0.1996979771852827,0.0007227633549752262,0.0,0.0,0.0,0.0,0.0,0.0,0.987706871787932,0.012293128212067995,0.0,0.0,0.0,0.0,0.0,0.3938106852104164,0.6061893147895836,0.0,0.0,0.0
72,舌根,336322,87.95869445800781,32.04492950439453,61.83378601074219,25.63255500793457,68.93586730957031,27.848461151123047,170.5288848876953,16.631620407104492,78.93212127685547,18.72147560119629,87.95869445800781,32.04492950439453,73.6786117553711,30.569936752319336,140.58212280273438,4.427868366241455,128.2965545654297,1.6711509227752686,0.027922645559909847,0.23956803301597873,0.2758219801261886,0.34258537948751494,0.11386409452845785,0.00023786728195003597,0.0,0.0,0.16444954537615739,0.3360856560082302,0.4031582828360916,0.09580104780537699,0.0005054679741438265,0.0,0.0,0.0,0.12613209959503094,0.28766182408525165,0.3953027158496917,0.1856762269491737,0.0052271335208520404,0.0,0.0,0.0,0.009461171139562682,0.0,0.0,0.0,0.0,0.0,0.0,0.9905388288604373,5.946682048750899e-05,0.2251473290477578,0.5908623283638894,0.17451133140264388,0.009223303857612644,0.00018732048453565334,8.920023073126349e-06,0.0,0.027922645559909847,0.23956803301597873,0.2758219801261886,0.34258537948751494,0.11386409452845785,0.00023786728195003597,0.0,0.0,0.11755698408073216,0.2561919826832619,0.342070991490298,0.265893994445799,0.018277127276835888,8.920023073126349e-06,0.0,0.0,0.0,0.0,0.0,0.0,0.9997115859206356,0.00028841407936441865,0.0,0.0,0.0,0.0,0.0,0.343908516243362,0.656091483756638,0.0,0.0,0.0
74,舌尖,515073,135.33860778808594,15.492798805236816,90.59127807617188,13.032554626464844,106.13213348388672,14.042652130126953,166.87838745117188,18.853370666503906,84.7354507446289,12.765923500061035,135.37399291992188,15.415542602539062,111.51416778564453,13.731414794921875,148.8043212890625,3.247016429901123,126.72826385498047,2.6120681762695312,0.0,0.0,0.006371912330873488,0.28548186373581996,0.7034517437334126,0.0046944801998939955,0.0,0.0,0.0,0.015968610274660098,0.5838123916415732,0.3997782838549099,0.0004407142288568805,0.0,0.0,0.0,0.0,0.00019220576500806683,0.26447513265109995,0.6914301467947261,0.043902514789165806,0.0,0.0,0.0,0.012976801346605239,0.0,0.0,0.0,0.0,2.7180613233463996e-05,0.024379068598043382,0.962616949442118,0.0,0.05072096576601763,0.7544619888831292,0.1943355602021461,0.00048148514870707647,0.0,0.0,0.0,0.0,0.0,0.0049643448598548166,0.28688943120683863,0.7034517437334126,0.0046944801998939955,0.0,0.0,0.0,3.882944747637714e-06,0.16245270087929284,0.7320185682417832,0.10552484793417632,0.0,0.0,0.0,0.0,0.0,0.0,0.0,1.0,0.0,0.0,0.0,0.0,0.0,0.0,0.687809300817554,0.31219069918244596,0.0,0.0,0.0
74,舌中,565668,147.55291748046875,6.168095111846924,114.2972183227539,12.15645980834961,128.07620239257812,10.980607986450195,167.29660034179688,3.8301968574523926,57.874908447265625,14.748128890991211,147.55459594726562,6.171265125274658,132.0418701171875,10.17209529876709,143.44911193847656,3.5337321758270264,125.57853698730469,1.7570589780807495,0.0,0.0,0.0,0.0011756012360607281,0.976480903993155,0.022343494770784275,0.0,0.0,0.0,0.0,0.068598541900903,0.7911654892976092,0.14022889751585735,7.07128563044047e-06,0.0,0.0,0.0,0.0,0.0026499642900075665,0.4449818621523579,0.551821916742683,0.0005462568149515264,0.0,0.0,9.192671319572611e-05,0.0,0.0,0.0,0.0,1.0606928445660705e-05,0.011091311511345878,0.9888061548470127,0.013748347086983885,0.6609265505561566,0.32124497054809537,0.004080131808764151,0.0,0.0,0.0,0.0,0.0,0.0,0.0,0.0011756012360607281,0.9763571564946223,0.022467242269316984,0.0,0.0,0.0,0.0,0.000210370747505604,0.3213492720111443,0.6774167886463438,0.0010235685950062581,0.0,0.0,0.0,0.0,0.0,0.0,1.0,0.0,0.0,0.0,0.0,0.0,0.0,0.8678093864245459,0.13219061357545414,0.0,0.0,0.0
74,舌左邊,373745,137.77667236328125,8.771333694458008,96.61566925048828,13.457681655883789,111.16751861572266,14.991873741149902,168.96646118164062,3.139524221420288,76.84192657470703,16.314746856689453,137.77670288085938,8.77131175994873,116.54425048828125,12.053814888000488,147.09664916992188,3.159421682357788,126.64022827148438,2.4028820991516113,0.0,0.0,0.0,0.13970755461611525,0.8595298933765,0.0007625520073847142,0.0,0.0,0.0,0.0005806097740437999,0.43270411644302936,0.5625386292793214,0.0041766445036054,0.0,0.0,0.0,0.0,0.0,0.18894700932453945,0.6800010702484314,0.13098770552114408,6.421490588502856e-05,0.0,0.0,0.0,0.0,0.0,0.0,0.0,0.0,0.0020468501250852852,0.9979531498749147,2.408058970688571e-05,0.2235802485651982,0.6147185915530643,0.16140416594201928,0.0002729133500113714,0.0,0.0,0.0,0.0,0.0,0.0,0.13970755461611525,0.8595298933765,0.0007625520073847142,0.0,0.0,0.0,0.0,0.04518321315335322,0.7660677734819195,0.18873028401717748,1.8729347549799998e-05,0.0,0.0,0.0,0.0,0.0,0.0,1.0,0.0,0.0,0.0,0.0,0.0,0.0,0.6829201728451216,0.3170798271548783,0.0,0.0,0.0
74,舌右邊,392387,147.3479766845703,8.376620292663574,110.88905334472656,16.5009822845459,121.6425552368164,16.846343994140625,170.23033142089844,7.308444499969482,63.863094329833984,20.888368606567383,147.3482208251953,8.377157211303711,129.31163024902344,13.988869667053223,144.29039001464844,4.592972755432129,127.84172821044922,2.43151593208313,0.0,0.0,0.0,0.02613746123087666,0.9384791035380887,0.03538343523103467,0.0,0.0,0.0,0.0011442784801739098,0.19894135126800838,0.6426410660903649,0.1572248825776593,4.8421583793550756e-05,0.0,0.0,0.0,7.645513230560646e-06,0.0977376926350771,0.4618680027625788,0.4396628838366205,0.0007237752524930745,0.0,0.0,0.0014704870446778308,0.0,0.0,0.0,0.0,0.0,0.001508714610830634,0.9970207983444915,0.015841503413721657,0.5263961344285106,0.36120462706460715,0.09652205603141796,3.5679061742616345e-05,0.0,0.0,0.0,0.0,0.0,0.0,0.02613746123087666,0.9384689095204479,0.035393629248675416,0.0,0.0,0.0,0.0,0.01069097600073397,0.3811237375346278,0.6065415011200677,0.0016437853445705388,0.0,0.0,0.0,0.0,0.0,0.0,1.0,0.0,0.0,0.0,0.0,0.0,0.0,0.5175044025413686,0.4824955974586314,0.0,0.0,0.0
74,舌根,524699,108.53472900390625,33.30180740356445,82.16630554199219,28.70222282409668,90.13296508789062,31.52133560180664,161.81903076171875,38.34428024291992,64.61459350585938,19.793941497802734,108.5361328125,33.30240249633789,95.77294158935547,32.779266357421875,140.3267364501953,4.584446430206299,127.76891326904297,2.2089028358459473,0.03803514014701762,0.09761787234204754,0.13169836420500133,0.35360463808774173,0.37903826765440757,5.7175637841886495e-06,0.0,0.0,0.08418540915839368,0.14555202125409045,0.3900350486659971,0.36836357606932735,0.011863944852191447,0.0,0.0,0.0,0.0773567321454777,0.12254454458651531,0.2839780521784871,0.44039153876794124,0.0757253206123892,3.8117091894590995e-06,0.0,0.0,0.052712126381029886,0.0,0.0,0.0,0.0,2.0964400542025045e-05,0.0045549924814036235,0.9427119167370245,0.013466768566358998,0.5089222582852264,0.39912978679204647,0.07789990070497561,0.0005812856513925127,0.0,0.0,0.0,0.03803514014701762,0.09761787234204754,0.13168502322283823,0.3535893912509839,0.3790630437641391,9.529272973647748e-06,0.0,0.0,0.07227000623214452,0.10461426455929972,0.19440479208079298,0.49622164326594864,0.1324892938618141,0.0,0.0,0.0,0.0,0.0,0.0,0.0,1.0,0.0,0.0,0.0,0.0,0.0,0.0,0.46008092258609223,0.5399190774139078,0.0,0.0,0.0
8,舌尖,207339,145.31631469726562,10.831082344055176,104.33014678955078,10.445280075073242,115.6834945678711,10.030765533447266,169.2511444091797,19.377513885498047,72.1990737915039,10.135355949401855,145.31727600097656,10.827655792236328,123.96662139892578,10.239323616027832,146.25253295898438,2.7301559448242188,128.1921844482422,1.9332293272018433,0.0,0.0,0.0,0.08305239245872702,0.8936524242906544,0.02329518325061855,0.0,0.0,0.0,2.8938115839277704e-05,0.18675213056877868,0.808159584062815,0.005059347252567052,0.0,0.0,0.0,0.0,0.0010514182088270899,0.03496688997246056,0.8642175374628025,0.09976415435590989,0.0,0.0,0.0,0.013417639710811762,0.0,0.0,0.0,0.0,0.0,0.0027105368502790116,0.9838718234389092,0.0,0.18667496225987393,0.8026806341305784,0.010567235300642908,7.716830890474055e-05,0.0,0.0,0.0,0.0,0.0,0.0,0.08305239245872702,0.8936524242906544,0.02329518325061855,0.0,0.0,0.0,0.0,0.008184663763209045,0.6025880321598928,0.3892273040768982,0.0,0.0,0.0,0.0,0.0,0.0,0.0,1.0,0.0,0.0,0.0,0.0,0.0,0.0,0.29174926087229125,0.7082507391277088,0.0,0.0,0.0
8,舌中,303840,153.18675231933594,6.850022792816162,122.8179702758789,9.452936172485352,129.67059326171875,8.898055076599121,168.8114776611328,26.8386287689209,50.724273681640625,10.400344848632812,153.18675231933594,6.850022792816162,139.267822265625,8.335164070129395,140.93650817871094,2.7014060020446777,128.69921875,1.5962718725204468,0.0,0.0,0.0,0.0013395208004212743,0.8186479726171669,0.1800125065824118,0.0,0.0,0.0,0.0,0.006720642443391258,0.6528995523959978,0.34037980516061084,0.0,0.0,0.0,0.0,0.0,0.001694971037388099,0.3651230911005793,0.6331819378620327,0.0,0.0,0.0,0.02462480252764613,0.0,0.0,0.0,0.0,0.0,0.0,0.9753751974723539,0.024598472880463403,0.8619240389678778,0.11329647182727752,0.0001810163243812533,0.0,0.0,0.0,0.0,0.0,0.0,0.0,0.0013395208004212743,0.8186479726171669,0.1800125065824118,0.0,0.0,0.0,0.0,2.3038441284886784e-05,0.08692074776197999,0.9124539231174302,0.0006022906793048973,0.0,0.0,0.0,0.0,0.0,0.0,1.0,0.0,0.0,0.0,0.0,0.0,0.0,0.22795221169036334,0.7720477883096366,0.0,0.0,0.0
8,舌左邊,171545,150.4646759033203,6.886734485626221,116.32929229736328,13.327835083007812,120.08382415771484,11.206155776977539,115.83000183105469,81.87781524658203,59.532623291015625,15.838776588439941,150.4646759033203,6.886734485626221,133.59524536132812,11.060213088989258,142.03627014160156,4.412206649780273,131.0940704345703,2.058915615081787,0.0,0.0,0.0,0.0012882917018858025,0.9195954414293626,0.07911626686875164,0.0,0.0,0.0,0.0,0.0792561718499519,0.6973039144247865,0.2234399137252616,0.0,0.0,0.0,0.0,0.0,0.018712291235535864,0.7084496779270746,0.2728380308373896,0.0,0.0,0.0,0.341391471625521,0.0,0.0,0.0,0.0,0.0,0.0,0.658608528374479,0.001165874843335568,0.6569296686000757,0.32585035996385786,0.01605409659273077,0.0,0.0,0.0,0.0,0.0,0.0,0.0,0.0012882917018858025,0.9195954414293626,0.07911626686875164,0.0,0.0,0.0,0.0,4.663499373342272e-05,0.28948672360022154,0.7093765484275263,0.001090092978518756,0.0,0.0,0.0,0.0,0.0,0.0,1.0,0.0,0.0,0.0,0.0,0.0,0.0,0.03363548923023114,0.9663645107697688,0.0,0.0,0.0
8,舌右邊,214821,144.66671752929688,10.953508377075195,112.9693832397461,16.256895065307617,122.71344757080078,16.33253288269043,168.87144470214844,16.54905891418457,56.9058952331543,18.308923721313477,144.66671752929688,10.953508377075195,129.94985961914062,14.734882354736328,142.18153381347656,3.7658889293670654,127.54236602783203,2.1121535301208496,0.0,0.0,0.00013499611304295203,0.07819998975891557,0.9046787790765335,0.016986235051507998,0.0,0.0,0.0,0.017419153620921606,0.11414154109700635,0.751746803152392,0.11669250212968006,0.0,0.0,0.0,0.0,0.0018992556593629114,0.09245371728089898,0.40284236643531124,0.5028046606244269,0.0,0.0,0.0,0.0096359294482383,0.0,0.0,0.0,0.0,0.0,0.0001024108443774119,0.9902616597073843,0.011833107563971865,0.7402209281215524,0.18844991876958025,0.0575455844633439,0.0019504610815516174,0.0,0.0,0.0,0.0,0.0,0.00013499611304295203,0.07819998975891557,0.9046787790765335,0.016986235051507998,0.0,0.0,0.0,0.0,0.0478537945545361,0.2326355430800527,0.7195106623654112,0.0,0.0,0.0,0.0,0.0,0.0,0.0,1.0,0.0,0.0,0.0,0.0,0.0,0.0,0.5823592665521528,0.4176407334478473,0.0,0.0,0.0
8,舌根,306136,107.5880355834961,26.04881477355957,80.72763061523438,24.779125213623047,83.40476989746094,25.298751831054688,128.16384887695312,76.05371856689453,69.27434539794922,19.151260375976562,107.5880355834961,26.04881477355957,94.3003921508789,26.965862274169922,139.7644500732422,2.7702713012695312,130.8841552734375,2.596423387527466,0.0005193770089110722,0.07123631327253246,0.24456124075574254,0.3924660935009277,0.29121697546188624,0.0,0.0,0.0,0.02198042699976481,0.24734758408027804,0.3929756709436329,0.33626231478819874,0.001434003188125539,0.0,0.0,0.0,0.017622886560221603,0.22729113857893224,0.36814683670002873,0.38119985888624663,0.005739279274570779,0.0,0.0,0.0,0.27078487992264877,0.0,0.0,0.0,0.0,0.0,0.00020579089032325503,0.729009329187028,0.0038708286513183684,0.4135220947552722,0.4905499516554734,0.08669022917918834,0.004357540439543209,0.0009342253116262053,7.51300075783312e-05,0.0,0.0005193770089110722,0.07123631327253246,0.24456124075574254,0.3924660935009277,0.29121697546188624,0.0,0.0,0.0,0.00742807118404892,0.15937687825018945,0.28311926725376957,0.47228356024773305,0.07779222306425902,0.0,0.0,0.0,0.0,0.0,0.0,0.0,1.0,0.0,0.0,0.0,0.0,0.0,0.0,0.0664867901847545,0.9335132098152455,0.0,0.0,0.0
85,舌尖,208151,150.91073608398438,14.079828262329102,85.39617919921875,14.209100723266602,99.0716552734375,14.535573959350586,172.22181701660156,15.228111267089844,111.19679260253906,16.12859344482422,150.91073608398438,14.079828262329102,113.05791473388672,13.324210166931152,156.763671875,4.195493221282959,132.17367553710938,2.5648396015167236,0.0,0.0,0.0,0.07666549764353763,0.6394252249568823,0.28145913303323067,0.002450144366349429,0.0,0.0,0.044006514501491706,0.7158649249823446,0.2342482140369251,0.005837108637479522,4.323784175910757e-05,0.0,0.0,0.0,0.0022291509529139904,0.4208915642970728,0.5501582985428848,0.025957117669384244,0.0007638685377442337,0.0,0.0,0.00805184697647381,0.0,0.0,0.0,0.0,0.0,0.00012490932063742187,0.9918232437028888,0.0,0.002243563566833693,0.16321324423135128,0.6704123448842427,0.16354953855614435,0.0005813087614280018,0.0,0.0,0.0,0.0,0.0,0.07666549764353763,0.6394252249568823,0.28145913303323067,0.002450144366349429,0.0,0.0,0.0,0.10016766674193255,0.7671834389457654,0.1303092466526704,0.0023396476596317098,0.0,0.0,0.0,0.0,0.0,0.0,0.7483365441434343,0.2516634558565657,0.0,0.0,0.0,0.0,0.0,0.022459656691536434,0.9775403433084636,0.0,0.0,0.0
85,舌中,322460,153.08697509765625,8.689818382263184,98.39217376708984,12.393203735351562,111.04273223876953,11.32693862915039,173.1306610107422,1.9489233493804932,91.62435913085938,13.245360374450684,153.08697509765625,8.689818382263184,122.28408813476562,10.862213134765625,151.9666748046875,3.070939779281616,130.12652587890625,1.4315547943115234,0.0,0.0,0.0,0.004043912423246294,0.7816597407430379,0.21387148793648825,0.0004248588972275631,0.0,0.0,0.003135272591949389,0.39362711654158655,0.5925138001612603,0.010714507225702413,9.303479501333498e-06,0.0,0.0,0.0,0.00012094523351733549,0.07961917757241208,0.8541803634559325,0.0655151026483905,0.0005644110897475656,0.0,0.0,5.5820877008000995e-05,0.0,0.0,0.0,0.0,0.0,0.0,0.999944179122992,0.0,0.006915586429324568,0.6409322086460336,0.3436085095825839,0.008518886063387706,2.4809278670222663e-05,0.0,0.0,0.0,0.0,0.0,0.004043912423246294,0.7816597407430379,0.21387148793648825,0.0004248588972275631,0.0,0.0,0.0,0.00814054456366681,0.682537368975997,0.3074706940395708,0.0018513924207653662,0.0,0.0,0.0,0.0,0.0,0.0,0.9881938845128078,0.01180611548719221,0.0,0.0,0.0,0.0,0.0,0.02943931030205297,0.9705606896979471,0.0,0.0,0.0
85,舌左邊,170201,146.23178100585938,9.473518371582031,96.0848617553711,12.251470565795898,105.49742889404297,12.176265716552734,174.37908935546875,3.109570264816284,87.95640563964844,13.375089645385742,146.23178100585938,9.473518371582031,118.2681655883789,11.119720458984375,149.77308654785156,3.0290918350219727,131.09706115722656,1.561611533164978,0.0,0.0,0.00012338352888643426,0.02833120839478029,0.8995188042373429,0.07202660383899037,0.0,0.0,0.0,0.0047120757222343,0.4620301878367342,0.5308546953308148,0.0024030411102167436,0.0,0.0,0.0,0.0,0.0011985828520396473,0.2044112549279969,0.7673750447999718,0.027015117419991658,0.0,0.0,0.0,0.0002467670577728685,0.0,0.0,0.0,0.0,0.0,0.0,0.9997532329422272,0.0,0.014864777527746606,0.7299780847351073,0.2480831487476572,0.007073988989488899,0.0,0.0,0.0,0.0,0.0,0.00012338352888643426,0.02833120839478029,0.8995188042373429,0.07202660383899037,0.0,0.0,0.0,0.0002408916516354193,0.021063331002755564,0.7666406190327907,0.21202578128213112,2.9377030687246256e-05,0.0,0.0,0.0,0.0,0.0,0.0,0.9947356361008455,0.005264363899154529,0.0,0.0,0.0,0.0,0.0,0.002967080099411872,0.9970329199005882,0.0,0.0,0.0
85,舌右邊,133446,144.81045532226562,12.954313278198242,90.6213150024414,16.133310317993164,98.66404724121094,16.380535125732422,174.6902313232422,12.378650665283203,96.52832794189453,15.95439624786377,144.81045532226562,12.954313278198242,113.92598724365234,15.005874633789062,151.38807678222656,3.060929298400879,132.86770629882812,1.887267827987671,0.0,0.0,0.0,0.08147865054029345,0.7750550784587024,0.1427693598908922,0.0006969111101119554,0.0,0.0,0.032927176535827225,0.5842138393057866,0.369325420020083,0.013271285763529816,0.00026227837477331656,0.0,0.0,0.0,0.003649416243274433,0.44755181871318733,0.506062377291189,0.04209942598504264,0.0006369617673066259,0.0,0.0,0.0049233397778876845,0.0,0.0,0.0,0.0,0.0,0.0,0.9950766602221123,0.0,0.015122221722644366,0.48206015916550515,0.4697930248939646,0.03300960688218455,1.4987335701332374e-05,0.0,0.0,0.0,0.0,0.0,0.08147865054029345,0.7750550784587024,0.1427693598908922,0.0006969111101119554,0.0,0.0,0.0,0.10826851310642507,0.6949852374743342,0.19446817439263822,0.002278075026602521,0.0,0.0,0.0,0.0,0.0,0.0,0.9953689132682882,0.004631086731711704,0.0,0.0,0.0,0.0,0.0,0.0008168097957226144,0.9991831902042774,0.0,0.0,0.0
85,舌根,332097,115.30506134033203,30.716415405273438,72.82591247558594,24.58991050720215,77.51011657714844,25.274581909179688,173.34396362304688,24.291440963745117,97.51126098632812,18.726802825927734,115.30508422851562,30.716327667236328,90.89039611816406,28.50147819519043,146.77853393554688,3.83549165725708,132.8405303955078,1.5191082954406738,0.006732972595356176,0.08612242808577013,0.13378320189583165,0.33503765466113816,0.43294880712562894,0.005374935636274944,0.0,0.0,0.08899508276196412,0.2200411325606675,0.5020039325859613,0.1886165788911071,0.00034327320029991235,0.0,0.0,0.0,0.07311116932703397,0.18153732192702735,0.47981162130341437,0.26407645958861414,0.0014634278539101527,0.0,0.0,0.0,0.019217276879947728,0.0,0.0,0.0,0.0,0.0,0.0005630884952288036,0.9802196346248234,0.0,0.01746176568894028,0.5069422488008022,0.3998891890020084,0.07386697260137852,0.001839823906870583,0.0,0.0,0.006732972595356176,0.08612242808577013,0.13378320189583165,0.33503765466113816,0.43294880712562894,0.005374935636274944,0.0,0.0,0.04628768100886187,0.13457513919126038,0.28641330695549794,0.48853798739524895,0.044185885449130824,0.0,0.0,0.0,0.0,0.0,0.0,0.0,0.9998133075577317,0.0001866924422683734,0.0,0.0,0.0,0.0,0.0,0.0023968900652520195,0.997603109934748,0.0,0.0,0.0
87,舌尖,100271,147.4103546142578,11.378717422485352,83.38226318359375,14.648154258728027,91.54804229736328,14.22567367553711,172.56607055664062,24.293424606323242,111.84925079345703,15.924269676208496,147.4103546142578,11.378717422485352,110.1181411743164,13.14402961730957,155.5774688720703,3.587998151779175,135.08163452148438,2.103085994720459,0.0,0.0,7.978378594010232e-05,0.06571192069491677,0.8213541303068684,0.11283421926578971,1.994594648502558e-05,0.0,0.0,0.07416900200456762,0.7297423981011459,0.192189167356464,0.003899432537822501,0.0,0.0,0.0,0.0,0.010122567841150482,0.6272202331681144,0.34729882019726543,0.015358378793469697,0.0,0.0,0.0,0.020275054602028504,0.0,0.0,0.0,0.0,0.0,0.0,0.9797249453979715,0.0,0.0007978378594010232,0.14915578781502128,0.6890028024054812,0.1594678421477795,0.0015757297723170208,0.0,0.0,0.0,0.0,7.978378594010232e-05,0.06571192069491677,0.8213541303068684,0.11283421926578971,1.994594648502558e-05,0.0,0.0,6.981081269758953e-05,0.14337146333436387,0.7641591287610575,0.09226994843972834,0.00012964865215266626,0.0,0.0,0.0,0.0,0.0,0.0,0.8722960776296237,0.12770392237037628,0.0,0.0,0.0,0.0,0.0,3.989189297005116e-05,0.99996010810703,0.0,0.0,0.0
87,舌中,163812,154.07339477539062,10.819252014160156,108.72358703613281,11.718098640441895,103.32743835449219,15.182392120361328,69.12480163574219,82.33763122558594,88.00068664550781,15.021459579467773,154.07339477539062,10.819252014160156,128.63316345214844,10.761373519897461,145.3193359375,4.9542131423950195,138.3017578125,4.807170391082764,0.0,0.0,0.0,0.014443386320904451,0.6315044074915147,0.3540461016286963,6.104558884575001e-06,0.0,0.0,0.00010377750103777501,0.13900080580177276,0.8178704856787049,0.043024931018484605,0.0,0.0,0.0,0.0,0.00897370156032525,0.264608209410788,0.6975313163870779,0.028886772641808903,0.0,0.0,0.0,0.6324811369130466,0.0,0.0,0.0,0.0,0.0,0.0,0.36751886308695336,0.0,0.02648157644128635,0.6868910702512636,0.2747356726002979,0.011885576148267527,6.104558884575001e-06,0.0,0.0,0.0,0.0,0.0,0.014443386320904451,0.6315044074915147,0.3540461016286963,6.104558884575001e-06,0.0,0.0,0.0,0.0013674211901448,0.4279478914853613,0.570611432617879,7.32547066149e-05,0.0,0.0,0.0,0.0,0.0,0.0,0.9983456645422801,0.0016543354577198252,0.0,0.0,0.0,0.0,0.0,0.0,1.0,0.0,0.0,0.0
87,舌左邊,100110,139.79345703125,10.768417358398438,84.55150604248047,18.92377281188965,87.07337188720703,17.290332794189453,119.15918731689453,82.2202377319336,104.453369140625,22.06941032409668,139.79345703125,10.768417358398438,108.00482177734375,15.936497688293457,151.33236694335938,5.479372501373291,136.57196044921875,3.073064088821411,0.0,0.0,5.993407252022775e-05,0.12516232144640896,0.8435920487463789,0.031185695734691838,0.0,0.0,0.0,0.13696933373289383,0.5708021176705624,0.2824193387273999,0.009809209869143942,0.0,0.0,0.0,0.0,0.08107082209569473,0.5642593147537709,0.3519528518629508,0.002717011287583658,0.0,0.0,0.0,0.3314553990610329,0.0,0.0,0.0,0.0,0.0,0.0,0.6685446009389672,0.0,0.01224652881829987,0.37591649185895515,0.43468184996503845,0.1747477774448107,0.0024073519128958148,0.0,0.0,0.0,0.0,5.993407252022775e-05,0.12516232144640896,0.8435920487463789,0.031185695734691838,0.0,0.0,0.0,0.0001997802417340925,0.25000499450604335,0.6124463090600339,0.13734891619218859,0.0,0.0,0.0,0.0,0.0,0.0,0.0,0.9375686744580961,0.062431325541903906,0.0,0.0,0.0,0.0,0.0,0.0,1.0,0.0,0.0,0.0
87,舌右邊,113158,141.63697814941406,11.833372116088867,88.56027221679688,19.20805549621582,93.28659057617188,18.5091495513916,142.2939453125,69.1749038696289,98.11253356933594,22.502517700195312,141.63697814941406,11.833372116088867,111.40107727050781,16.63971710205078,150.59971618652344,4.9539103507995605,134.7063446044922,2.8766043186187744,0.0,0.0,0.0,0.11814454126089186,0.817025751603952,0.06482086993407447,8.837201081673412e-06,0.0,1.7674402163346824e-05,0.10277664857986178,0.5255129995227912,0.35620106399901025,0.015491613496173492,0.0,0.0,0.0,0.0,0.0589971544212517,0.46421817282030436,0.4584298061118083,0.01833719224447233,1.7674402163346824e-05,0.0,0.0,0.19564679474716767,0.0,0.0,0.0,0.0,0.0,0.0,0.8043532052528323,0.0,0.04696088654801251,0.42141077078067835,0.43345587585499923,0.09382456388412662,0.004347902932183319,0.0,0.0,0.0,0.0,0.0,0.11814454126089186,0.817025751603952,0.06482086993407447,8.837201081673412e-06,0.0,0.0,9.720921189840754e-05,0.18508633945456796,0.6254705809575991,0.18902773113699428,0.00031813923894024286,0.0,0.0,0.0,0.0,0.0,0.0,0.9771735096060375,0.022826490393962423,0.0,0.0,0.0,0.0,0.0,0.0014669753795577864,0.9985330246204422,0.0,0.0,0.0
87,舌根,150670,127.03742980957031,17.275556564331055,91.8377685546875,18.96767234802246,73.57423400878906,19.353696823120117,16.565813064575195,32.044189453125,109.84210205078125,23.809871673583984,127.03742980957031,17.275556564331055,107.5617904663086,18.90584373474121,139.9894561767578,4.418695449829102,144.25799560546875,5.048807621002197,0.0017189885179531427,0.007878144288843167,0.016572642198181456,0.449240061060596,0.5224464060529634,0.0021437578814627995,0.0,0.0,0.00931174089068826,0.05709165726421982,0.47858896927059136,0.4497710227649831,0.005236609809517488,0.0,0.0,0.0,0.016154509855976638,0.29070817017322625,0.5567398951350634,0.13636423972920952,3.318510652419194e-05,0.0,0.0,0.0,0.9630649764385744,0.0,0.0,0.0,0.0,0.0,0.0,0.03693502356142563,0.0,0.0034047919293820933,0.29534081104400345,0.4834870909935621,0.18512643525585717,0.03145284396362912,0.0008163536204951218,0.00037167319307094973,0.0017189885179531427,0.007878144288843167,0.016572642198181456,0.449240061060596,0.5224464060529634,0.0021437578814627995,0.0,0.0,0.008508661312802814,0.010114820468573704,0.2182584456096104,0.6199376119997345,0.14318046060927855,0.0,0.0,0.0,0.0,0.0,0.0,0.0,1.0,0.0,0.0,0.0,0.0,0.0,0.0,0.0,1.0,0.0,0.0,0.0
9,舌尖,176485,158.3690185546875,7.03713321685791,107.31468200683594,13.322441101074219,121.7464599609375,14.348289489746094,171.16845703125,3.969970226287842,82.6668930053711,15.562878608703613,158.3690185546875,7.03713321685791,130.2943878173828,11.122672080993652,150.57728576660156,3.463192939758301,128.43824768066406,2.597904682159424,0.0,0.0,0.0,8.499305890018982e-05,0.5642859166501403,0.43544210556137913,0.0001869847295804176,0.0,0.0,0.0,0.19735954897016744,0.738176048956002,0.0642264215089101,0.0002379805649205315,0.0,0.0,0.0,0.0,0.029679576167946285,0.6158087089554353,0.35030172535909565,0.0042099895175227355,0.0,0.0,0.00030597501204068333,0.0,0.0,0.0,0.0,0.0,0.00019831713743377624,0.9994957078505255,5.666203926679321e-06,0.10692126809643879,0.6736549848429045,0.21807519052610702,0.001342890330622999,0.0,0.0,0.0,0.0,0.0,0.0,8.499305890018982e-05,0.5642859166501403,0.43544210556137913,0.0001869847295804176,0.0,0.0,0.0,5.6662039266793214e-05,0.4116157180496926,0.5827180780236281,0.005609541887412528,0.0,0.0,0.0,0.0,0.0,0.0,0.9947814261835284,0.005218573816471655,0.0,0.0,0.0,0.0,0.0,0.3583024053035669,0.6416975946964332,0.0,0.0,0.0
9,舌中,243595,159.03103637695312,8.023650169372559,122.74251556396484,11.636357307434082,138.0928192138672,11.48342514038086,167.2433319091797,3.244652271270752,58.510738372802734,11.132938385009766,159.03128051757812,8.024234771728516,141.37393188476562,10.222053527832031,144.63462829589844,2.958055257797241,125.2319107055664,1.949548363685608,0.0,0.0,0.0,0.0009359798025411031,0.5136681787393009,0.4842710236252797,0.001124817832878343,0.0,0.0,0.0,0.010525667604014861,0.6673289681643712,0.3173956772511751,0.004700424885568258,4.9262094870584374e-05,0.0,0.0,0.0,0.002335844331780209,0.14986350294546275,0.8192737946181161,0.02814918204396642,0.00037767606067448016,0.0,4.5156920298035674e-05,0.0,0.0,0.0,0.0,0.0,0.003489398386666393,0.9964654446930356,0.005796506496438761,0.6687534637410456,0.3238120651080687,0.0016379646544469305,0.0,0.0,0.0,0.0,0.0,0.0,0.0,0.0009359798025411031,0.5136681787393009,0.48426691845070713,0.001128923007450892,0.0,0.0,0.0,0.00014778628461175312,0.07288737453560212,0.8901619491368871,0.036515527822820665,0.00028736222007840883,0.0,0.0,0.0,0.0,0.0,1.0,0.0,0.0,0.0,0.0,0.0,0.0,0.8918532810607771,0.1081467189392229,0.0,0.0,0.0
9,舌左邊,167181,150.29336547851562,11.018348693847656,107.98062133789062,14.586936950683594,122.08352661132812,16.22628402709961,169.78036499023438,2.7279582023620605,72.42247009277344,14.16854476928711,150.29336547851562,11.018348693847656,128.25836181640625,13.405978202819824,147.13296508789062,3.015526056289673,126.99082946777344,2.138122081756592,0.0,0.0,0.0,0.011897284978556176,0.7660499697932182,0.22171179739324445,0.00034094783498124785,0.0,0.0,4.187078675208307e-05,0.23342963614286313,0.6724627798613478,0.09359915301379941,0.0004665601952374971,0.0,0.0,0.0,0.0,0.03548250100190811,0.5596688618922007,0.3999796627607204,0.00484504818131247,2.3926163858333183e-05,0.0,0.0,0.0,0.0,0.0,0.0,0.0,0.00018542776990208216,0.999814572230098,0.00016748314700833227,0.2868567600385211,0.6529151039890897,0.060048689743451705,1.1963081929166592e-05,0.0,0.0,0.0,0.0,0.0,0.0,0.011897284978556176,0.7660499697932182,0.22171179739324445,0.00034094783498124785,0.0,0.0,0.0,0.0015073483230749905,0.4767288148772887,0.5155131264916468,0.006232765685095795,1.794462289374989e-05,0.0,0.0,0.0,0.0,0.0,1.0,0.0,0.0,0.0,0.0,0.0,0.0,0.6038305788337192,0.39616942116628084,0.0,0.0,0.0
9,舌右邊,163350,144.0653533935547,12.14167594909668,101.23834228515625,14.481303215026855,111.69395446777344,16.309236526489258,170.82911682128906,16.732357025146484,76.72911071777344,16.55364227294922,144.0653533935547,12.14167594909668,121.28392028808594,13.915842056274414,146.92486572265625,3.084308385848999,129.10467529296875,2.2473087310791016,0.0,0.003569023569023569,0.003036424854606673,0.027450260177532906,0.8762473217018671,0.08962350780532599,7.346189164370983e-05,0.0,0.005087235996326905,0.0044444444444444444,0.34263238445056626,0.624315886134068,0.023434343434343436,8.57055402509948e-05,0.0,0.0,0.0044995408631772265,0.0043403734312825225,0.09942454851545761,0.7391980410162229,0.1517416590143863,0.0007713498622589532,2.4487297214569943e-05,0.0,0.009635751453933273,0.0,0.0,0.0,0.0,0.0,0.0,0.9903642485460667,0.0,0.22361187633914906,0.6936700336700337,0.0753168044077135,0.002846648301193756,0.0018487909397000306,0.0021610039791857974,0.0005448423630241812,0.0,0.003569023569023569,0.003036424854606673,0.027450260177532906,0.8762473217018671,0.08962350780532599,7.346189164370983e-05,0.0,0.0032445668809305173,0.003060912151821243,0.00970309152127334,0.6788980716253443,0.30385674931129475,0.0012182430364248546,1.8365472910927457e-05,0.0,0.0,0.0,0.0,0.0,0.9997061524334252,0.0002938475665748393,0.0,0.0,0.0,0.0,0.0,0.21038261401897765,0.7896173859810224,0.0,0.0,0.0
9,舌根,228950,113.87655639648438,28.03470230102539,81.44268798828125,26.227638244628906,89.5020980834961,27.797292709350586,172.38449096679688,5.806585311889648,76.46539306640625,19.733638763427734,113.87655639648438,28.03470230102539,97.05301666259766,28.53774642944336,142.95272827148438,2.603710174560547,128.77455139160156,1.67067551612854,0.0,0.06167722210089539,0.18806726359467132,0.38949552303996504,0.34464293513867655,0.016073378466914173,4.367765887748417e-05,0.0,0.03651889058746451,0.21541384581786416,0.42318846909805635,0.304166848656912,0.020554706267744048,0.000157239571958943,0.0,0.0,0.021646647739681155,0.17280628958287836,0.34755623498580474,0.38471281939288055,0.0729722646866128,0.0002970080803668923,8.735531775496833e-06,0.0,0.0009259663682026643,0.0,0.0,0.0,0.0,0.0,3.0574361214238915e-05,0.9990434592705831,0.00033195020746887966,0.2943437431753658,0.5308014850404018,0.1626424983620878,0.011875955448787945,4.367765887748417e-06,0.0,0.0,0.0,0.06167722210089539,0.18806726359467132,0.38949552303996504,0.34464293513867655,0.016073378466914173,4.367765887748417e-05,0.0,0.012867438305306836,0.13735750163791222,0.27578947368421053,0.4301463201572396,0.14326272111814806,0.0005634417995195458,1.310329766324525e-05,0.0,0.0,0.0,0.0,0.0,1.0,0.0,0.0,0.0,0.0,0.0,0.0,0.23831404236732912,0.7616859576326709,0.0,0.0,0.0
96,舌尖,100834,153.0752410888672,13.443108558654785,90.59440612792969,16.081018447875977,98.53191375732422,16.283172607421875,171.09823608398438,28.773767471313477,105.27863311767578,15.948627471923828,153.0752410888672,13.443108558654785,116.72081756591797,14.807846069335938,154.66990661621094,3.1839115619659424,134.63877868652344,2.3763022422790527,0.0,0.0,0.0,0.047811254140468495,0.6688319416069977,0.27559156633675147,0.007735486046373247,2.9751869409127875e-05,0.0,0.03548406291528651,0.625394212269671,0.3141400718011782,0.02399984132336315,0.0009818116905012198,0.0,0.0,0.0,0.018575083801098836,0.4048535216296091,0.533966717575421,0.04012535454311046,0.0024694051609576136,9.917289803042624e-06,0.0,0.02807584743241367,0.0,0.0,0.0,0.0,0.0,0.0,0.9719241525675864,0.0,0.006743757066068985,0.23828272209770515,0.6776583295317056,0.07622428942618562,0.0010909018783346886,0.0,0.0,0.0,0.0,0.0,0.047811254140468495,0.6688319416069977,0.27559156633675147,0.007735486046373247,2.9751869409127875e-05,0.0,0.0,0.07405240295931928,0.7260943729297658,0.18988634785885714,0.009907372513239582,5.950373881825575e-05,0.0,0.0,0.0,0.0,0.0,0.940892952773866,0.059107047226134045,0.0,0.0,0.0,0.0,0.0,0.0,1.0,0.0,0.0,0.0
96,舌中,185120,162.03384399414062,9.806790351867676,110.38875579833984,13.317850112915039,111.76409149169922,13.489707946777344,104.3576889038086,86.25885772705078,84.3738784790039,12.602490425109863,162.03384399414062,9.806790351867676,132.5476837158203,11.711383819580078,148.7405548095703,3.6594996452331543,135.62950134277344,2.36757755279541,0.0,0.0,0.0,5.94209161624892e-05,0.412381158167675,0.5830002160760588,0.004429559204840104,0.0001296456352636128,0.0,0.0002808988764044944,0.12511884183232497,0.7657195332757131,0.10809745030250648,0.0007778738115816768,5.4019014693171995e-06,0.0,0.0,2.1607605877268798e-05,0.10329515989628349,0.7694792566983578,0.12581028522039758,0.0013072601555747623,8.643042350907519e-05,0.0,0.4165838375108038,0.0,0.0,0.0,0.0,0.0,0.0,0.5834161624891961,0.0,0.044922212618841835,0.7707487035436473,0.18192523768366464,0.0023390233362143476,6.48228176318064e-05,0.0,0.0,0.0,0.0,0.0,5.94209161624892e-05,0.412381158167675,0.5830002160760588,0.004429559204840104,0.0001296456352636128,0.0,0.0,0.0002268798617113224,0.34898984442523767,0.6356957649092481,0.014806611927398444,0.0002808988764044944,0.0,0.0,0.0,0.0,0.0,0.9958945548833189,0.004105445116681072,0.0,0.0,0.0,0.0,0.0,0.0,1.0,0.0,0.0,0.0
96,舌左邊,121041,145.54869079589844,20.92095947265625,95.41841888427734,22.304664611816406,97.89652252197266,22.873004913330078,119.66738891601562,82.74799346923828,91.05690002441406,19.35605812072754,145.54869079589844,20.92095947265625,116.97296142578125,22.000198364257812,148.8472137451172,3.552717685699463,135.1618194580078,2.1575400829315186,0.0,7.43549706297866e-05,0.02555332490643666,0.17485810593104817,0.5237564131162168,0.27345279698614516,0.0023050040895233846,0.0,0.0009583529547839162,0.08979601953057229,0.3761204880990739,0.46867590320635155,0.06407746135606943,0.000371774853148933,0.0,0.0,0.0007352880428945564,0.09252236845366446,0.3111672904222536,0.5163374393800447,0.07835361571698846,0.0008839979841541296,0.0,0.0,0.3277401872092927,0.0,0.0,0.0,0.0,0.0,0.0,0.6722598127907072,0.0,0.04084566386596277,0.6183855057377252,0.2862666369246784,0.052535917581645886,0.0019662758899876903,0.0,0.0,0.0,7.43549706297866e-05,0.02555332490643666,0.17485810593104817,0.5237564131162168,0.27345279698614516,0.0023050040895233846,0.0,2.4784990209928866e-05,0.01877876091572277,0.15519534703117124,0.47661536173693214,0.340768830396312,0.008592129939442007,2.4784990209928866e-05,0.0,0.0,0.0,0.0,0.0,0.9938450607645344,0.0061549392354656686,0.0,0.0,0.0,0.0,0.0,0.0,1.0,0.0,0.0,0.0
96,舌右邊,101480,145.3511505126953,15.010809898376465,87.42170715332031,22.122495651245117,88.62710571289062,22.44932746887207,85.90599060058594,88.43202209472656,105.0149917602539,26.246240615844727,145.3511505126953,15.010809898376465,111.7603530883789,19.311206817626953,152.16249084472656,5.47505521774292,137.8882598876953,3.6283793449401855,0.0,0.0006208119826566812,0.004444225463145448,0.08515963736696885,0.7427079227433977,0.16678163184864012,0.0002857705951911707,0.0,0.0026901852581789516,0.1762908947575877,0.4301635790303508,0.3592629089475759,0.03149389042175798,9.854158454867954e-05,0.0,0.0,0.00260149783208514,0.1752463539613717,0.3939396925502562,0.3964032321639732,0.03170082774931021,0.0001083957430035475,0.0,0.0,0.5195407962160031,0.0,0.0,0.0,0.0,0.0,0.0,0.48045920378399687,0.0,0.01686046511627907,0.42663579030350807,0.3175995270003942,0.21890027591643674,0.020003941663381947,0.0,0.0,0.0,0.0006208119826566812,0.004444225463145448,0.08515963736696885,0.7427079227433977,0.16678163184864012,0.0002857705951911707,0.0,0.0004138746551044541,0.0044343713046905795,0.2304099329917225,0.5434469846275128,0.21982656681119433,0.0014682696097753252,0.0,0.0,0.0,0.0,0.0,0.0,0.8769117067402444,0.12308829325975562,0.0,0.0,0.0,0.0,0.0,0.0,1.0,0.0,0.0,0.0
96,舌根,184023,102.8742904663086,39.51673126220703,65.50182342529297,32.748268127441406,60.384952545166016,30.35650062561035,18.281536102294922,48.506038665771484,114.6912841796875,25.44273567199707,102.8742904663086,39.51673126220703,80.09774780273438,37.900333404541016,143.53033447265625,3.0429351329803467,137.71832275390625,3.07917857170105,0.03923422615651304,0.16660417447819023,0.1884492699282155,0.25850029615863235,0.3302576308396233,0.01695440243882558,0.0,0.0,0.20822397200349957,0.2465235323845389,0.3156453269428278,0.22582503274047266,0.0037821359286610914,0.0,0.0,0.0,0.2252109790623998,0.2840134113670574,0.34714682403829955,0.14272129027349842,0.0009074952587448308,0.0,0.0,0.0,0.9163637154051396,0.0,0.0,0.0,0.0,0.0,0.0,0.08363628459486043,0.0,0.0015813240736212322,0.2730745613320074,0.40769903762029747,0.2705911761029871,0.046994125734283215,5.977513680355173e-05,0.0,0.03923422615651304,0.16660417447819023,0.1884492699282155,0.25850029615863235,0.3302576308396233,0.01695440243882558,0.0,0.0,0.15814327556881477,0.18619955114306364,0.2263738771783962,0.34823364470745505,0.08094096933535481,0.0001086820669155486,0.0,0.0,0.0,0.0,0.0,0.0,1.0,0.0,0.0,0.0,0.0,0.0,0.0,0.0,1.0,0.0,0.0,0.0
