segmentation_method,image_id,region,original_image,region_file,pixel_count,tip_ratio,middle_ratio,root_ratio,left_ratio,center_ratio,right_ratio
tip_middle_root_1_3_1,1,舌根,/Users/yuchiwu/Desktop/tongue_project/images_json/1.JPG,/Users/yuchiwu/Desktop/tongue_project/output/tip_middle_root_1_3_1/regions/舌根/1.png,132549,0.2,0.6000000000000001,0.2,0.25,0.5,0.25
tip_middle_root_1_3_1,1,舌尖,/Users/yuchiwu/Desktop/tongue_project/images_json/1.JPG,/Users/yuchiwu/Desktop/tongue_project/output/tip_middle_root_1_3_1/regions/舌尖/1.png,67702,0.2,0.6000000000000001,0.2,0.25,0.5,0.25
tip_middle_root_1_3_1,1,舌左邊,/Users/yuchiwu/Desktop/tongue_project/images_json/1.JPG,/Users/yuchiwu/Desktop/tongue_project/output/tip_middle_root_1_3_1/regions/舌左邊/1.png,86910,0.2,0.6000000000000001,0.2,0.25,0.5,0.25
tip_middle_root_1_3_1,1,舌中,/Users/yuchiwu/Desktop/tongue_project/images_json/1.JPG,/Users/yuchiwu/Desktop/tongue_project/output/tip_middle_root_1_3_1/regions/舌中/1.png,219421,0.2,0.6000000000000001,0.2,0.25,0.5,0.25
tip_middle_root_1_3_1,1,舌右邊,/Users/yuchiwu/Desktop/tongue_project/images_json/1.JPG,/Users/yuchiwu/Desktop/tongue_project/output/tip_middle_root_1_3_1/regions/舌右邊/1.png,52895,0.2,0.6000000000000001,0.2,0.25,0.5,0.25
tip_middle_root_1_3_1,10,舌根,/Users/yuchiwu/Desktop/tongue_project/images_json/10.jpg,/Users/yuchiwu/Desktop/tongue_project/output/tip_middle_root_1_3_1/regions/舌根/10.png,217187,0.2,0.6000000000000001,0.2,0.25,0.5,0.25
tip_middle_root_1_3_1,10,舌尖,/Users/yuchiwu/Desktop/tongue_project/images_json/10.jpg,/Users/yuchiwu/Desktop/tongue_project/output/tip_middle_root_1_3_1/regions/舌尖/10.png,108549,0.2,0.6000000000000001,0.2,0.25,0.5,0.25
tip_middle_root_1_3_1,10,舌左邊,/Users/yuchiwu/Desktop/tongue_project/images_json/10.jpg,/Users/yuchiwu/Desktop/tongue_project/output/tip_middle_root_1_3_1/regions/舌左邊/10.png,163154,0.2,0.6000000000000001,0.2,0.25,0.5,0.25
tip_middle_root_1_3_1,10,舌中,/Users/yuchiwu/Desktop/tongue_project/images_json/10.jpg,/Users/yuchiwu/Desktop/tongue_project/output/tip_middle_root_1_3_1/regions/舌中/10.png,428972,0.2,0.6000000000000001,0.2,0.25,0.5,0.25
tip_middle_root_1_3_1,10,舌右邊,/Users/yuchiwu/Desktop/tongue_project/images_json/10.jpg,/Users/yuchiwu/Desktop/tongue_project/output/tip_middle_root_1_3_1/regions/舌右邊/10.png,130946,0.2,0.6000000000000001,0.2,0.25,0.5,0.25
tip_middle_root_1_3_1,100,舌根,/Users/yuchiwu/Desktop/tongue_project/images_json/100.JPG,/Users/yuchiwu/Desktop/tongue_project/output/tip_middle_root_1_3_1/regions/舌根/100.png,139454,0.2,0.6000000000000001,0.2,0.25,0.5,0.25
tip_middle_root_1_3_1,100,舌尖,/Users/yuchiwu/Desktop/tongue_project/images_json/100.JPG,/Users/yuchiwu/Desktop/tongue_project/output/tip_middle_root_1_3_1/regions/舌尖/100.png,106594,0.2,0.6000000000000001,0.2,0.25,0.5,0.25
tip_middle_root_1_3_1,100,舌左邊,/Users/yuchiwu/Desktop/tongue_project/images_json/100.JPG,/Users/yuchiwu/Desktop/tongue_project/output/tip_middle_root_1_3_1/regions/舌左邊/100.png,113554,0.2,0.6000000000000001,0.2,0.25,0.5,0.25
tip_middle_root_1_3_1,100,舌中,/Users/yuchiwu/Desktop/tongue_project/images_json/100.JPG,/Users/yuchiwu/Desktop/tongue_project/output/tip_middle_root_1_3_1/regions/舌中/100.png,288544,0.2,0.6000000000000001,0.2,0.25,0.5,0.25
tip_middle_root_1_3_1,100,舌右邊,/Users/yuchiwu/Desktop/tongue_project/images_json/100.JPG,/Users/yuchiwu/Desktop/tongue_project/output/tip_middle_root_1_3_1/regions/舌右邊/100.png,126690,0.2,0.6000000000000001,0.2,0.25,0.5,0.25
tip_middle_root_1_3_1,11,舌根,/Users/yuchiwu/Desktop/tongue_project/images_json/11.jpg,/Users/yuchiwu/Desktop/tongue_project/output/tip_middle_root_1_3_1/regions/舌根/11.png,184719,0.2,0.6000000000000001,0.2,0.25,0.5,0.25
tip_middle_root_1_3_1,11,舌尖,/Users/yuchiwu/Desktop/tongue_project/images_json/11.jpg,/Users/yuchiwu/Desktop/tongue_project/output/tip_middle_root_1_3_1/regions/舌尖/11.png,85645,0.2,0.6000000000000001,0.2,0.25,0.5,0.25
tip_middle_root_1_3_1,11,舌左邊,/Users/yuchiwu/Desktop/tongue_project/images_json/11.jpg,/Users/yuchiwu/Desktop/tongue_project/output/tip_middle_root_1_3_1/regions/舌左邊/11.png,111627,0.2,0.6000000000000001,0.2,0.25,0.5,0.25
tip_middle_root_1_3_1,11,舌中,/Users/yuchiwu/Desktop/tongue_project/images_json/11.jpg,/Users/yuchiwu/Desktop/tongue_project/output/tip_middle_root_1_3_1/regions/舌中/11.png,357845,0.2,0.6000000000000001,0.2,0.25,0.5,0.25
tip_middle_root_1_3_1,11,舌右邊,/Users/yuchiwu/Desktop/tongue_project/images_json/11.jpg,/Users/yuchiwu/Desktop/tongue_project/output/tip_middle_root_1_3_1/regions/舌右邊/11.png,135100,0.2,0.6000000000000001,0.2,0.25,0.5,0.25
tip_middle_root_1_3_1,12,舌根,/Users/yuchiwu/Desktop/tongue_project/images_json/12.JPG,/Users/yuchiwu/Desktop/tongue_project/output/tip_middle_root_1_3_1/regions/舌根/12.png,167446,0.2,0.6000000000000001,0.2,0.25,0.5,0.25
tip_middle_root_1_3_1,12,舌尖,/Users/yuchiwu/Desktop/tongue_project/images_json/12.JPG,/Users/yuchiwu/Desktop/tongue_project/output/tip_middle_root_1_3_1/regions/舌尖/12.png,115674,0.2,0.6000000000000001,0.2,0.25,0.5,0.25
tip_middle_root_1_3_1,12,舌左邊,/Users/yuchiwu/Desktop/tongue_project/images_json/12.JPG,/Users/yuchiwu/Desktop/tongue_project/output/tip_middle_root_1_3_1/regions/舌左邊/12.png,141041,0.2,0.6000000000000001,0.2,0.25,0.5,0.25
tip_middle_root_1_3_1,12,舌中,/Users/yuchiwu/Desktop/tongue_project/images_json/12.JPG,/Users/yuchiwu/Desktop/tongue_project/output/tip_middle_root_1_3_1/regions/舌中/12.png,376956,0.2,0.6000000000000001,0.2,0.25,0.5,0.25
tip_middle_root_1_3_1,12,舌右邊,/Users/yuchiwu/Desktop/tongue_project/images_json/12.JPG,/Users/yuchiwu/Desktop/tongue_project/output/tip_middle_root_1_3_1/regions/舌右邊/12.png,118570,0.2,0.6000000000000001,0.2,0.25,0.5,0.25
tip_middle_root_1_3_1,13,舌根,/Users/yuchiwu/Desktop/tongue_project/images_json/13.jpg,/Users/yuchiwu/Desktop/tongue_project/output/tip_middle_root_1_3_1/regions/舌根/13.png,150693,0.2,0.6000000000000001,0.2,0.25,0.5,0.25
tip_middle_root_1_3_1,13,舌尖,/Users/yuchiwu/Desktop/tongue_project/images_json/13.jpg,/Users/yuchiwu/Desktop/tongue_project/output/tip_middle_root_1_3_1/regions/舌尖/13.png,145598,0.2,0.6000000000000001,0.2,0.25,0.5,0.25
tip_middle_root_1_3_1,13,舌左邊,/Users/yuchiwu/Desktop/tongue_project/images_json/13.jpg,/Users/yuchiwu/Desktop/tongue_project/output/tip_middle_root_1_3_1/regions/舌左邊/13.png,157938,0.2,0.6000000000000001,0.2,0.25,0.5,0.25
tip_middle_root_1_3_1,13,舌中,/Users/yuchiwu/Desktop/tongue_project/images_json/13.jpg,/Users/yuchiwu/Desktop/tongue_project/output/tip_middle_root_1_3_1/regions/舌中/13.png,347964,0.2,0.6000000000000001,0.2,0.25,0.5,0.25
tip_middle_root_1_3_1,13,舌右邊,/Users/yuchiwu/Desktop/tongue_project/images_json/13.jpg,/Users/yuchiwu/Desktop/tongue_project/output/tip_middle_root_1_3_1/regions/舌右邊/13.png,152731,0.2,0.6000000000000001,0.2,0.25,0.5,0.25
tip_middle_root_1_3_1,14,舌根,/Users/yuchiwu/Desktop/tongue_project/images_json/14.JPG,/Users/yuchiwu/Desktop/tongue_project/output/tip_middle_root_1_3_1/regions/舌根/14.png,181867,0.2,0.6000000000000001,0.2,0.25,0.5,0.25
tip_middle_root_1_3_1,14,舌尖,/Users/yuchiwu/Desktop/tongue_project/images_json/14.JPG,/Users/yuchiwu/Desktop/tongue_project/output/tip_middle_root_1_3_1/regions/舌尖/14.png,87429,0.2,0.6000000000000001,0.2,0.25,0.5,0.25
tip_middle_root_1_3_1,14,舌左邊,/Users/yuchiwu/Desktop/tongue_project/images_json/14.JPG,/Users/yuchiwu/Desktop/tongue_project/output/tip_middle_root_1_3_1/regions/舌左邊/14.png,88911,0.2,0.6000000000000001,0.2,0.25,0.5,0.25
tip_middle_root_1_3_1,14,舌中,/Users/yuchiwu/Desktop/tongue_project/images_json/14.JPG,/Users/yuchiwu/Desktop/tongue_project/output/tip_middle_root_1_3_1/regions/舌中/14.png,353856,0.2,0.6000000000000001,0.2,0.25,0.5,0.25
tip_middle_root_1_3_1,14,舌右邊,/Users/yuchiwu/Desktop/tongue_project/images_json/14.JPG,/Users/yuchiwu/Desktop/tongue_project/output/tip_middle_root_1_3_1/regions/舌右邊/14.png,102178,0.2,0.6000000000000001,0.2,0.25,0.5,0.25
tip_middle_root_1_3_1,15,舌根,/Users/yuchiwu/Desktop/tongue_project/images_json/15.JPG,/Users/yuchiwu/Desktop/tongue_project/output/tip_middle_root_1_3_1/regions/舌根/15.png,185624,0.2,0.6000000000000001,0.2,0.25,0.5,0.25
tip_middle_root_1_3_1,15,舌尖,/Users/yuchiwu/Desktop/tongue_project/images_json/15.JPG,/Users/yuchiwu/Desktop/tongue_project/output/tip_middle_root_1_3_1/regions/舌尖/15.png,91985,0.2,0.6000000000000001,0.2,0.25,0.5,0.25
tip_middle_root_1_3_1,15,舌左邊,/Users/yuchiwu/Desktop/tongue_project/images_json/15.JPG,/Users/yuchiwu/Desktop/tongue_project/output/tip_middle_root_1_3_1/regions/舌左邊/15.png,104495,0.2,0.6000000000000001,0.2,0.25,0.5,0.25
tip_middle_root_1_3_1,15,舌中,/Users/yuchiwu/Desktop/tongue_project/images_json/15.JPG,/Users/yuchiwu/Desktop/tongue_project/output/tip_middle_root_1_3_1/regions/舌中/15.png,314368,0.2,0.6000000000000001,0.2,0.25,0.5,0.25
tip_middle_root_1_3_1,15,舌右邊,/Users/yuchiwu/Desktop/tongue_project/images_json/15.JPG,/Users/yuchiwu/Desktop/tongue_project/output/tip_middle_root_1_3_1/regions/舌右邊/15.png,130342,0.2,0.6000000000000001,0.2,0.25,0.5,0.25
tip_middle_root_1_3_1,16,舌根,/Users/yuchiwu/Desktop/tongue_project/images_json/16.JPG,/Users/yuchiwu/Desktop/tongue_project/output/tip_middle_root_1_3_1/regions/舌根/16.png,240630,0.2,0.6000000000000001,0.2,0.25,0.5,0.25
tip_middle_root_1_3_1,16,舌尖,/Users/yuchiwu/Desktop/tongue_project/images_json/16.JPG,/Users/yuchiwu/Desktop/tongue_project/output/tip_middle_root_1_3_1/regions/舌尖/16.png,173519,0.2,0.6000000000000001,0.2,0.25,0.5,0.25
tip_middle_root_1_3_1,16,舌左邊,/Users/yuchiwu/Desktop/tongue_project/images_json/16.JPG,/Users/yuchiwu/Desktop/tongue_project/output/tip_middle_root_1_3_1/regions/舌左邊/16.png,225376,0.2,0.6000000000000001,0.2,0.25,0.5,0.25
tip_middle_root_1_3_1,16,舌中,/Users/yuchiwu/Desktop/tongue_project/images_json/16.JPG,/Users/yuchiwu/Desktop/tongue_project/output/tip_middle_root_1_3_1/regions/舌中/16.png,501183,0.2,0.6000000000000001,0.2,0.25,0.5,0.25
tip_middle_root_1_3_1,16,舌右邊,/Users/yuchiwu/Desktop/tongue_project/images_json/16.JPG,/Users/yuchiwu/Desktop/tongue_project/output/tip_middle_root_1_3_1/regions/舌右邊/16.png,207975,0.2,0.6000000000000001,0.2,0.25,0.5,0.25
tip_middle_root_1_3_1,17,舌根,/Users/yuchiwu/Desktop/tongue_project/images_json/17.jpg,/Users/yuchiwu/Desktop/tongue_project/output/tip_middle_root_1_3_1/regions/舌根/17.png,130141,0.2,0.6000000000000001,0.2,0.25,0.5,0.25
tip_middle_root_1_3_1,17,舌尖,/Users/yuchiwu/Desktop/tongue_project/images_json/17.jpg,/Users/yuchiwu/Desktop/tongue_project/output/tip_middle_root_1_3_1/regions/舌尖/17.png,123238,0.2,0.6000000000000001,0.2,0.25,0.5,0.25
tip_middle_root_1_3_1,17,舌左邊,/Users/yuchiwu/Desktop/tongue_project/images_json/17.jpg,/Users/yuchiwu/Desktop/tongue_project/output/tip_middle_root_1_3_1/regions/舌左邊/17.png,150574,0.2,0.6000000000000001,0.2,0.25,0.5,0.25
tip_middle_root_1_3_1,17,舌中,/Users/yuchiwu/Desktop/tongue_project/images_json/17.jpg,/Users/yuchiwu/Desktop/tongue_project/output/tip_middle_root_1_3_1/regions/舌中/17.png,326314,0.2,0.6000000000000001,0.2,0.25,0.5,0.25
tip_middle_root_1_3_1,17,舌右邊,/Users/yuchiwu/Desktop/tongue_project/images_json/17.jpg,/Users/yuchiwu/Desktop/tongue_project/output/tip_middle_root_1_3_1/regions/舌右邊/17.png,136065,0.2,0.6000000000000001,0.2,0.25,0.5,0.25
tip_middle_root_1_3_1,18,舌根,/Users/yuchiwu/Desktop/tongue_project/images_json/18.JPG,/Users/yuchiwu/Desktop/tongue_project/output/tip_middle_root_1_3_1/regions/舌根/18.png,212528,0.2,0.6000000000000001,0.2,0.25,0.5,0.25
tip_middle_root_1_3_1,18,舌尖,/Users/yuchiwu/Desktop/tongue_project/images_json/18.JPG,/Users/yuchiwu/Desktop/tongue_project/output/tip_middle_root_1_3_1/regions/舌尖/18.png,95541,0.2,0.6000000000000001,0.2,0.25,0.5,0.25
tip_middle_root_1_3_1,18,舌左邊,/Users/yuchiwu/Desktop/tongue_project/images_json/18.JPG,/Users/yuchiwu/Desktop/tongue_project/output/tip_middle_root_1_3_1/regions/舌左邊/18.png,143765,0.2,0.6000000000000001,0.2,0.25,0.5,0.25
tip_middle_root_1_3_1,18,舌中,/Users/yuchiwu/Desktop/tongue_project/images_json/18.JPG,/Users/yuchiwu/Desktop/tongue_project/output/tip_middle_root_1_3_1/regions/舌中/18.png,383773,0.2,0.6000000000000001,0.2,0.25,0.5,0.25
tip_middle_root_1_3_1,18,舌右邊,/Users/yuchiwu/Desktop/tongue_project/images_json/18.JPG,/Users/yuchiwu/Desktop/tongue_project/output/tip_middle_root_1_3_1/regions/舌右邊/18.png,129491,0.2,0.6000000000000001,0.2,0.25,0.5,0.25
tip_middle_root_1_3_1,19,舌根,/Users/yuchiwu/Desktop/tongue_project/images_json/19.jpg,/Users/yuchiwu/Desktop/tongue_project/output/tip_middle_root_1_3_1/regions/舌根/19.png,312312,0.2,0.6000000000000001,0.2,0.25,0.5,0.25
tip_middle_root_1_3_1,19,舌尖,/Users/yuchiwu/Desktop/tongue_project/images_json/19.jpg,/Users/yuchiwu/Desktop/tongue_project/output/tip_middle_root_1_3_1/regions/舌尖/19.png,344058,0.2,0.6000000000000001,0.2,0.25,0.5,0.25
tip_middle_root_1_3_1,19,舌左邊,/Users/yuchiwu/Desktop/tongue_project/images_json/19.jpg,/Users/yuchiwu/Desktop/tongue_project/output/tip_middle_root_1_3_1/regions/舌左邊/19.png,351333,0.2,0.6000000000000001,0.2,0.25,0.5,0.25
tip_middle_root_1_3_1,19,舌中,/Users/yuchiwu/Desktop/tongue_project/images_json/19.jpg,/Users/yuchiwu/Desktop/tongue_project/output/tip_middle_root_1_3_1/regions/舌中/19.png,780025,0.2,0.6000000000000001,0.2,0.25,0.5,0.25
tip_middle_root_1_3_1,19,舌右邊,/Users/yuchiwu/Desktop/tongue_project/images_json/19.jpg,/Users/yuchiwu/Desktop/tongue_project/output/tip_middle_root_1_3_1/regions/舌右邊/19.png,363135,0.2,0.6000000000000001,0.2,0.25,0.5,0.25
tip_middle_root_1_3_1,2,舌根,/Users/yuchiwu/Desktop/tongue_project/images_json/2.jpg,/Users/yuchiwu/Desktop/tongue_project/output/tip_middle_root_1_3_1/regions/舌根/2.png,99793,0.2,0.6000000000000001,0.2,0.25,0.5,0.25
tip_middle_root_1_3_1,2,舌尖,/Users/yuchiwu/Desktop/tongue_project/images_json/2.jpg,/Users/yuchiwu/Desktop/tongue_project/output/tip_middle_root_1_3_1/regions/舌尖/2.png,85333,0.2,0.6000000000000001,0.2,0.25,0.5,0.25
tip_middle_root_1_3_1,2,舌左邊,/Users/yuchiwu/Desktop/tongue_project/images_json/2.jpg,/Users/yuchiwu/Desktop/tongue_project/output/tip_middle_root_1_3_1/regions/舌左邊/2.png,113234,0.2,0.6000000000000001,0.2,0.25,0.5,0.25
tip_middle_root_1_3_1,2,舌中,/Users/yuchiwu/Desktop/tongue_project/images_json/2.jpg,/Users/yuchiwu/Desktop/tongue_project/output/tip_middle_root_1_3_1/regions/舌中/2.png,260096,0.2,0.6000000000000001,0.2,0.25,0.5,0.25
tip_middle_root_1_3_1,2,舌右邊,/Users/yuchiwu/Desktop/tongue_project/images_json/2.jpg,/Users/yuchiwu/Desktop/tongue_project/output/tip_middle_root_1_3_1/regions/舌右邊/2.png,107603,0.2,0.6000000000000001,0.2,0.25,0.5,0.25
tip_middle_root_1_3_1,20,舌根,/Users/yuchiwu/Desktop/tongue_project/images_json/20.jpg,/Users/yuchiwu/Desktop/tongue_project/output/tip_middle_root_1_3_1/regions/舌根/20.png,310413,0.2,0.6000000000000001,0.2,0.25,0.5,0.25
tip_middle_root_1_3_1,20,舌尖,/Users/yuchiwu/Desktop/tongue_project/images_json/20.jpg,/Users/yuchiwu/Desktop/tongue_project/output/tip_middle_root_1_3_1/regions/舌尖/20.png,201404,0.2,0.6000000000000001,0.2,0.25,0.5,0.25
tip_middle_root_1_3_1,20,舌左邊,/Users/yuchiwu/Desktop/tongue_project/images_json/20.jpg,/Users/yuchiwu/Desktop/tongue_project/output/tip_middle_root_1_3_1/regions/舌左邊/20.png,273959,0.2,0.6000000000000001,0.2,0.25,0.5,0.25
tip_middle_root_1_3_1,20,舌中,/Users/yuchiwu/Desktop/tongue_project/images_json/20.jpg,/Users/yuchiwu/Desktop/tongue_project/output/tip_middle_root_1_3_1/regions/舌中/20.png,601426,0.2,0.6000000000000001,0.2,0.25,0.5,0.25
tip_middle_root_1_3_1,20,舌右邊,/Users/yuchiwu/Desktop/tongue_project/images_json/20.jpg,/Users/yuchiwu/Desktop/tongue_project/output/tip_middle_root_1_3_1/regions/舌右邊/20.png,229455,0.2,0.6000000000000001,0.2,0.25,0.5,0.25
tip_middle_root_1_3_1,21,舌根,/Users/yuchiwu/Desktop/tongue_project/images_json/21.JPG,/Users/yuchiwu/Desktop/tongue_project/output/tip_middle_root_1_3_1/regions/舌根/21.png,314743,0.2,0.6000000000000001,0.2,0.25,0.5,0.25
tip_middle_root_1_3_1,21,舌尖,/Users/yuchiwu/Desktop/tongue_project/images_json/21.JPG,/Users/yuchiwu/Desktop/tongue_project/output/tip_middle_root_1_3_1/regions/舌尖/21.png,175727,0.2,0.6000000000000001,0.2,0.25,0.5,0.25
tip_middle_root_1_3_1,21,舌左邊,/Users/yuchiwu/Desktop/tongue_project/images_json/21.JPG,/Users/yuchiwu/Desktop/tongue_project/output/tip_middle_root_1_3_1/regions/舌左邊/21.png,271294,0.2,0.6000000000000001,0.2,0.25,0.5,0.25
tip_middle_root_1_3_1,21,舌中,/Users/yuchiwu/Desktop/tongue_project/images_json/21.JPG,/Users/yuchiwu/Desktop/tongue_project/output/tip_middle_root_1_3_1/regions/舌中/21.png,630942,0.2,0.6000000000000001,0.2,0.25,0.5,0.25
tip_middle_root_1_3_1,21,舌右邊,/Users/yuchiwu/Desktop/tongue_project/images_json/21.JPG,/Users/yuchiwu/Desktop/tongue_project/output/tip_middle_root_1_3_1/regions/舌右邊/21.png,206985,0.2,0.6000000000000001,0.2,0.25,0.5,0.25
tip_middle_root_1_3_1,22,舌根,/Users/yuchiwu/Desktop/tongue_project/images_json/22.JPG,/Users/yuchiwu/Desktop/tongue_project/output/tip_middle_root_1_3_1/regions/舌根/22.png,298979,0.2,0.6000000000000001,0.2,0.25,0.5,0.25
tip_middle_root_1_3_1,22,舌尖,/Users/yuchiwu/Desktop/tongue_project/images_json/22.JPG,/Users/yuchiwu/Desktop/tongue_project/output/tip_middle_root_1_3_1/regions/舌尖/22.png,167705,0.2,0.6000000000000001,0.2,0.25,0.5,0.25
tip_middle_root_1_3_1,22,舌左邊,/Users/yuchiwu/Desktop/tongue_project/images_json/22.JPG,/Users/yuchiwu/Desktop/tongue_project/output/tip_middle_root_1_3_1/regions/舌左邊/22.png,188467,0.2,0.6000000000000001,0.2,0.25,0.5,0.25
tip_middle_root_1_3_1,22,舌中,/Users/yuchiwu/Desktop/tongue_project/images_json/22.JPG,/Users/yuchiwu/Desktop/tongue_project/output/tip_middle_root_1_3_1/regions/舌中/22.png,499228,0.2,0.6000000000000001,0.2,0.25,0.5,0.25
tip_middle_root_1_3_1,22,舌右邊,/Users/yuchiwu/Desktop/tongue_project/images_json/22.JPG,/Users/yuchiwu/Desktop/tongue_project/output/tip_middle_root_1_3_1/regions/舌右邊/22.png,132147,0.2,0.6000000000000001,0.2,0.25,0.5,0.25
tip_middle_root_1_3_1,23,舌根,/Users/yuchiwu/Desktop/tongue_project/images_json/23.jpg,/Users/yuchiwu/Desktop/tongue_project/output/tip_middle_root_1_3_1/regions/舌根/23.png,331837,0.2,0.6000000000000001,0.2,0.25,0.5,0.25
tip_middle_root_1_3_1,23,舌尖,/Users/yuchiwu/Desktop/tongue_project/images_json/23.jpg,/Users/yuchiwu/Desktop/tongue_project/output/tip_middle_root_1_3_1/regions/舌尖/23.png,291939,0.2,0.6000000000000001,0.2,0.25,0.5,0.25
tip_middle_root_1_3_1,23,舌左邊,/Users/yuchiwu/Desktop/tongue_project/images_json/23.jpg,/Users/yuchiwu/Desktop/tongue_project/output/tip_middle_root_1_3_1/regions/舌左邊/23.png,303494,0.2,0.6000000000000001,0.2,0.25,0.5,0.25
tip_middle_root_1_3_1,23,舌中,/Users/yuchiwu/Desktop/tongue_project/images_json/23.jpg,/Users/yuchiwu/Desktop/tongue_project/output/tip_middle_root_1_3_1/regions/舌中/23.png,729640,0.2,0.6000000000000001,0.2,0.25,0.5,0.25
tip_middle_root_1_3_1,23,舌右邊,/Users/yuchiwu/Desktop/tongue_project/images_json/23.jpg,/Users/yuchiwu/Desktop/tongue_project/output/tip_middle_root_1_3_1/regions/舌右邊/23.png,320128,0.2,0.6000000000000001,0.2,0.25,0.5,0.25
tip_middle_root_1_3_1,24,舌根,/Users/yuchiwu/Desktop/tongue_project/images_json/24.jpg,/Users/yuchiwu/Desktop/tongue_project/output/tip_middle_root_1_3_1/regions/舌根/24.png,321046,0.2,0.6000000000000001,0.2,0.25,0.5,0.25
tip_middle_root_1_3_1,24,舌尖,/Users/yuchiwu/Desktop/tongue_project/images_json/24.jpg,/Users/yuchiwu/Desktop/tongue_project/output/tip_middle_root_1_3_1/regions/舌尖/24.png,210268,0.2,0.6000000000000001,0.2,0.25,0.5,0.25
tip_middle_root_1_3_1,24,舌左邊,/Users/yuchiwu/Desktop/tongue_project/images_json/24.jpg,/Users/yuchiwu/Desktop/tongue_project/output/tip_middle_root_1_3_1/regions/舌左邊/24.png,235462,0.2,0.6000000000000001,0.2,0.25,0.5,0.25
tip_middle_root_1_3_1,24,舌中,/Users/yuchiwu/Desktop/tongue_project/images_json/24.jpg,/Users/yuchiwu/Desktop/tongue_project/output/tip_middle_root_1_3_1/regions/舌中/24.png,553146,0.2,0.6000000000000001,0.2,0.25,0.5,0.25
tip_middle_root_1_3_1,24,舌右邊,/Users/yuchiwu/Desktop/tongue_project/images_json/24.jpg,/Users/yuchiwu/Desktop/tongue_project/output/tip_middle_root_1_3_1/regions/舌右邊/24.png,246841,0.2,0.6000000000000001,0.2,0.25,0.5,0.25
tip_middle_root_1_3_1,25,舌根,/Users/yuchiwu/Desktop/tongue_project/images_json/25.JPG,/Users/yuchiwu/Desktop/tongue_project/output/tip_middle_root_1_3_1/regions/舌根/25.png,320133,0.2,0.6000000000000001,0.2,0.25,0.5,0.25
tip_middle_root_1_3_1,25,舌尖,/Users/yuchiwu/Desktop/tongue_project/images_json/25.JPG,/Users/yuchiwu/Desktop/tongue_project/output/tip_middle_root_1_3_1/regions/舌尖/25.png,257966,0.2,0.6000000000000001,0.2,0.25,0.5,0.25
tip_middle_root_1_3_1,25,舌左邊,/Users/yuchiwu/Desktop/tongue_project/images_json/25.JPG,/Users/yuchiwu/Desktop/tongue_project/output/tip_middle_root_1_3_1/regions/舌左邊/25.png,275231,0.2,0.6000000000000001,0.2,0.25,0.5,0.25
tip_middle_root_1_3_1,25,舌中,/Users/yuchiwu/Desktop/tongue_project/images_json/25.JPG,/Users/yuchiwu/Desktop/tongue_project/output/tip_middle_root_1_3_1/regions/舌中/25.png,652024,0.2,0.6000000000000001,0.2,0.25,0.5,0.25
tip_middle_root_1_3_1,25,舌右邊,/Users/yuchiwu/Desktop/tongue_project/images_json/25.JPG,/Users/yuchiwu/Desktop/tongue_project/output/tip_middle_root_1_3_1/regions/舌右邊/25.png,273010,0.2,0.6000000000000001,0.2,0.25,0.5,0.25
tip_middle_root_1_3_1,26,舌根,/Users/yuchiwu/Desktop/tongue_project/images_json/26.jpg,/Users/yuchiwu/Desktop/tongue_project/output/tip_middle_root_1_3_1/regions/舌根/26.png,361018,0.2,0.6000000000000001,0.2,0.25,0.5,0.25
tip_middle_root_1_3_1,26,舌尖,/Users/yuchiwu/Desktop/tongue_project/images_json/26.jpg,/Users/yuchiwu/Desktop/tongue_project/output/tip_middle_root_1_3_1/regions/舌尖/26.png,224198,0.2,0.6000000000000001,0.2,0.25,0.5,0.25
tip_middle_root_1_3_1,26,舌左邊,/Users/yuchiwu/Desktop/tongue_project/images_json/26.jpg,/Users/yuchiwu/Desktop/tongue_project/output/tip_middle_root_1_3_1/regions/舌左邊/26.png,329671,0.2,0.6000000000000001,0.2,0.25,0.5,0.25
tip_middle_root_1_3_1,26,舌中,/Users/yuchiwu/Desktop/tongue_project/images_json/26.jpg,/Users/yuchiwu/Desktop/tongue_project/output/tip_middle_root_1_3_1/regions/舌中/26.png,764211,0.2,0.6000000000000001,0.2,0.25,0.5,0.25
tip_middle_root_1_3_1,26,舌右邊,/Users/yuchiwu/Desktop/tongue_project/images_json/26.jpg,/Users/yuchiwu/Desktop/tongue_project/output/tip_middle_root_1_3_1/regions/舌右邊/26.png,332471,0.2,0.6000000000000001,0.2,0.25,0.5,0.25
tip_middle_root_1_3_1,27,舌根,/Users/yuchiwu/Desktop/tongue_project/images_json/27.jpg,/Users/yuchiwu/Desktop/tongue_project/output/tip_middle_root_1_3_1/regions/舌根/27.png,492681,0.2,0.6000000000000001,0.2,0.25,0.5,0.25
tip_middle_root_1_3_1,27,舌尖,/Users/yuchiwu/Desktop/tongue_project/images_json/27.jpg,/Users/yuchiwu/Desktop/tongue_project/output/tip_middle_root_1_3_1/regions/舌尖/27.png,438014,0.2,0.6000000000000001,0.2,0.25,0.5,0.25
tip_middle_root_1_3_1,27,舌左邊,/Users/yuchiwu/Desktop/tongue_project/images_json/27.jpg,/Users/yuchiwu/Desktop/tongue_project/output/tip_middle_root_1_3_1/regions/舌左邊/27.png,486750,0.2,0.6000000000000001,0.2,0.25,0.5,0.25
tip_middle_root_1_3_1,27,舌中,/Users/yuchiwu/Desktop/tongue_project/images_json/27.jpg,/Users/yuchiwu/Desktop/tongue_project/output/tip_middle_root_1_3_1/regions/舌中/27.png,1065128,0.2,0.6000000000000001,0.2,0.25,0.5,0.25
tip_middle_root_1_3_1,27,舌右邊,/Users/yuchiwu/Desktop/tongue_project/images_json/27.jpg,/Users/yuchiwu/Desktop/tongue_project/output/tip_middle_root_1_3_1/regions/舌右邊/27.png,439769,0.2,0.6000000000000001,0.2,0.25,0.5,0.25
tip_middle_root_1_3_1,28,舌根,/Users/yuchiwu/Desktop/tongue_project/images_json/28.JPG,/Users/yuchiwu/Desktop/tongue_project/output/tip_middle_root_1_3_1/regions/舌根/28.png,218031,0.2,0.6000000000000001,0.2,0.25,0.5,0.25
tip_middle_root_1_3_1,28,舌尖,/Users/yuchiwu/Desktop/tongue_project/images_json/28.JPG,/Users/yuchiwu/Desktop/tongue_project/output/tip_middle_root_1_3_1/regions/舌尖/28.png,140486,0.2,0.6000000000000001,0.2,0.25,0.5,0.25
tip_middle_root_1_3_1,28,舌左邊,/Users/yuchiwu/Desktop/tongue_project/images_json/28.JPG,/Users/yuchiwu/Desktop/tongue_project/output/tip_middle_root_1_3_1/regions/舌左邊/28.png,189593,0.2,0.6000000000000001,0.2,0.25,0.5,0.25
tip_middle_root_1_3_1,28,舌中,/Users/yuchiwu/Desktop/tongue_project/images_json/28.JPG,/Users/yuchiwu/Desktop/tongue_project/output/tip_middle_root_1_3_1/regions/舌中/28.png,542375,0.2,0.6000000000000001,0.2,0.25,0.5,0.25
tip_middle_root_1_3_1,28,舌右邊,/Users/yuchiwu/Desktop/tongue_project/images_json/28.JPG,/Users/yuchiwu/Desktop/tongue_project/output/tip_middle_root_1_3_1/regions/舌右邊/28.png,180917,0.2,0.6000000000000001,0.2,0.25,0.5,0.25
tip_middle_root_1_3_1,29,舌根,/Users/yuchiwu/Desktop/tongue_project/images_json/29.jpg,/Users/yuchiwu/Desktop/tongue_project/output/tip_middle_root_1_3_1/regions/舌根/29.png,213049,0.2,0.6000000000000001,0.2,0.25,0.5,0.25
tip_middle_root_1_3_1,29,舌尖,/Users/yuchiwu/Desktop/tongue_project/images_json/29.jpg,/Users/yuchiwu/Desktop/tongue_project/output/tip_middle_root_1_3_1/regions/舌尖/29.png,178950,0.2,0.6000000000000001,0.2,0.25,0.5,0.25
tip_middle_root_1_3_1,29,舌左邊,/Users/yuchiwu/Desktop/tongue_project/images_json/29.jpg,/Users/yuchiwu/Desktop/tongue_project/output/tip_middle_root_1_3_1/regions/舌左邊/29.png,199802,0.2,0.6000000000000001,0.2,0.25,0.5,0.25
tip_middle_root_1_3_1,29,舌中,/Users/yuchiwu/Desktop/tongue_project/images_json/29.jpg,/Users/yuchiwu/Desktop/tongue_project/output/tip_middle_root_1_3_1/regions/舌中/29.png,480000,0.2,0.6000000000000001,0.2,0.25,0.5,0.25
tip_middle_root_1_3_1,29,舌右邊,/Users/yuchiwu/Desktop/tongue_project/images_json/29.jpg,/Users/yuchiwu/Desktop/tongue_project/output/tip_middle_root_1_3_1/regions/舌右邊/29.png,214464,0.2,0.6000000000000001,0.2,0.25,0.5,0.25
tip_middle_root_1_3_1,3,舌根,/Users/yuchiwu/Desktop/tongue_project/images_json/3.JPG,/Users/yuchiwu/Desktop/tongue_project/output/tip_middle_root_1_3_1/regions/舌根/3.png,245015,0.2,0.6000000000000001,0.2,0.25,0.5,0.25
tip_middle_root_1_3_1,3,舌尖,/Users/yuchiwu/Desktop/tongue_project/images_json/3.JPG,/Users/yuchiwu/Desktop/tongue_project/output/tip_middle_root_1_3_1/regions/舌尖/3.png,134003,0.2,0.6000000000000001,0.2,0.25,0.5,0.25
tip_middle_root_1_3_1,3,舌左邊,/Users/yuchiwu/Desktop/tongue_project/images_json/3.JPG,/Users/yuchiwu/Desktop/tongue_project/output/tip_middle_root_1_3_1/regions/舌左邊/3.png,185250,0.2,0.6000000000000001,0.2,0.25,0.5,0.25
tip_middle_root_1_3_1,3,舌中,/Users/yuchiwu/Desktop/tongue_project/images_json/3.JPG,/Users/yuchiwu/Desktop/tongue_project/output/tip_middle_root_1_3_1/regions/舌中/3.png,425166,0.2,0.6000000000000001,0.2,0.25,0.5,0.25
tip_middle_root_1_3_1,3,舌右邊,/Users/yuchiwu/Desktop/tongue_project/images_json/3.JPG,/Users/yuchiwu/Desktop/tongue_project/output/tip_middle_root_1_3_1/regions/舌右邊/3.png,151025,0.2,0.6000000000000001,0.2,0.25,0.5,0.25
tip_middle_root_1_3_1,30,舌根,/Users/yuchiwu/Desktop/tongue_project/images_json/30.jpg,/Users/yuchiwu/Desktop/tongue_project/output/tip_middle_root_1_3_1/regions/舌根/30.png,231950,0.2,0.6000000000000001,0.2,0.25,0.5,0.25
tip_middle_root_1_3_1,30,舌尖,/Users/yuchiwu/Desktop/tongue_project/images_json/30.jpg,/Users/yuchiwu/Desktop/tongue_project/output/tip_middle_root_1_3_1/regions/舌尖/30.png,132921,0.2,0.6000000000000001,0.2,0.25,0.5,0.25
tip_middle_root_1_3_1,30,舌左邊,/Users/yuchiwu/Desktop/tongue_project/images_json/30.jpg,/Users/yuchiwu/Desktop/tongue_project/output/tip_middle_root_1_3_1/regions/舌左邊/30.png,165262,0.2,0.6000000000000001,0.2,0.25,0.5,0.25
tip_middle_root_1_3_1,30,舌中,/Users/yuchiwu/Desktop/tongue_project/images_json/30.jpg,/Users/yuchiwu/Desktop/tongue_project/output/tip_middle_root_1_3_1/regions/舌中/30.png,387590,0.2,0.6000000000000001,0.2,0.25,0.5,0.25
tip_middle_root_1_3_1,30,舌右邊,/Users/yuchiwu/Desktop/tongue_project/images_json/30.jpg,/Users/yuchiwu/Desktop/tongue_project/output/tip_middle_root_1_3_1/regions/舌右邊/30.png,131755,0.2,0.6000000000000001,0.2,0.25,0.5,0.25
tip_middle_root_1_3_1,31,舌根,/Users/yuchiwu/Desktop/tongue_project/images_json/31.jpg,/Users/yuchiwu/Desktop/tongue_project/output/tip_middle_root_1_3_1/regions/舌根/31.png,201749,0.2,0.6000000000000001,0.2,0.25,0.5,0.25
tip_middle_root_1_3_1,31,舌尖,/Users/yuchiwu/Desktop/tongue_project/images_json/31.jpg,/Users/yuchiwu/Desktop/tongue_project/output/tip_middle_root_1_3_1/regions/舌尖/31.png,178799,0.2,0.6000000000000001,0.2,0.25,0.5,0.25
tip_middle_root_1_3_1,31,舌左邊,/Users/yuchiwu/Desktop/tongue_project/images_json/31.jpg,/Users/yuchiwu/Desktop/tongue_project/output/tip_middle_root_1_3_1/regions/舌左邊/31.png,215334,0.2,0.6000000000000001,0.2,0.25,0.5,0.25
tip_middle_root_1_3_1,31,舌中,/Users/yuchiwu/Desktop/tongue_project/images_json/31.jpg,/Users/yuchiwu/Desktop/tongue_project/output/tip_middle_root_1_3_1/regions/舌中/31.png,451820,0.2,0.6000000000000001,0.2,0.25,0.5,0.25
tip_middle_root_1_3_1,31,舌右邊,/Users/yuchiwu/Desktop/tongue_project/images_json/31.jpg,/Users/yuchiwu/Desktop/tongue_project/output/tip_middle_root_1_3_1/regions/舌右邊/31.png,182207,0.2,0.6000000000000001,0.2,0.25,0.5,0.25
tip_middle_root_1_3_1,32,舌根,/Users/yuchiwu/Desktop/tongue_project/images_json/32.jpg,/Users/yuchiwu/Desktop/tongue_project/output/tip_middle_root_1_3_1/regions/舌根/32.png,233151,0.2,0.6000000000000001,0.2,0.25,0.5,0.25
tip_middle_root_1_3_1,32,舌尖,/Users/yuchiwu/Desktop/tongue_project/images_json/32.jpg,/Users/yuchiwu/Desktop/tongue_project/output/tip_middle_root_1_3_1/regions/舌尖/32.png,123092,0.2,0.6000000000000001,0.2,0.25,0.5,0.25
tip_middle_root_1_3_1,32,舌左邊,/Users/yuchiwu/Desktop/tongue_project/images_json/32.jpg,/Users/yuchiwu/Desktop/tongue_project/output/tip_middle_root_1_3_1/regions/舌左邊/32.png,153022,0.2,0.6000000000000001,0.2,0.25,0.5,0.25
tip_middle_root_1_3_1,32,舌中,/Users/yuchiwu/Desktop/tongue_project/images_json/32.jpg,/Users/yuchiwu/Desktop/tongue_project/output/tip_middle_root_1_3_1/regions/舌中/32.png,382320,0.2,0.6000000000000001,0.2,0.25,0.5,0.25
tip_middle_root_1_3_1,32,舌右邊,/Users/yuchiwu/Desktop/tongue_project/images_json/32.jpg,/Users/yuchiwu/Desktop/tongue_project/output/tip_middle_root_1_3_1/regions/舌右邊/32.png,131000,0.2,0.6000000000000001,0.2,0.25,0.5,0.25
tip_middle_root_1_3_1,33,舌根,/Users/yuchiwu/Desktop/tongue_project/images_json/33.JPG,/Users/yuchiwu/Desktop/tongue_project/output/tip_middle_root_1_3_1/regions/舌根/33.png,248222,0.2,0.6000000000000001,0.2,0.25,0.5,0.25
tip_middle_root_1_3_1,33,舌尖,/Users/yuchiwu/Desktop/tongue_project/images_json/33.JPG,/Users/yuchiwu/Desktop/tongue_project/output/tip_middle_root_1_3_1/regions/舌尖/33.png,153914,0.2,0.6000000000000001,0.2,0.25,0.5,0.25
tip_middle_root_1_3_1,33,舌左邊,/Users/yuchiwu/Desktop/tongue_project/images_json/33.JPG,/Users/yuchiwu/Desktop/tongue_project/output/tip_middle_root_1_3_1/regions/舌左邊/33.png,202696,0.2,0.6000000000000001,0.2,0.25,0.5,0.25
tip_middle_root_1_3_1,33,舌中,/Users/yuchiwu/Desktop/tongue_project/images_json/33.JPG,/Users/yuchiwu/Desktop/tongue_project/output/tip_middle_root_1_3_1/regions/舌中/33.png,463150,0.2,0.6000000000000001,0.2,0.25,0.5,0.25
tip_middle_root_1_3_1,33,舌右邊,/Users/yuchiwu/Desktop/tongue_project/images_json/33.JPG,/Users/yuchiwu/Desktop/tongue_project/output/tip_middle_root_1_3_1/regions/舌右邊/33.png,219411,0.2,0.6000000000000001,0.2,0.25,0.5,0.25
tip_middle_root_1_3_1,34,舌根,/Users/yuchiwu/Desktop/tongue_project/images_json/34.jpg,/Users/yuchiwu/Desktop/tongue_project/output/tip_middle_root_1_3_1/regions/舌根/34.png,324962,0.2,0.6000000000000001,0.2,0.25,0.5,0.25
tip_middle_root_1_3_1,34,舌尖,/Users/yuchiwu/Desktop/tongue_project/images_json/34.jpg,/Users/yuchiwu/Desktop/tongue_project/output/tip_middle_root_1_3_1/regions/舌尖/34.png,193362,0.2,0.6000000000000001,0.2,0.25,0.5,0.25
tip_middle_root_1_3_1,34,舌左邊,/Users/yuchiwu/Desktop/tongue_project/images_json/34.jpg,/Users/yuchiwu/Desktop/tongue_project/output/tip_middle_root_1_3_1/regions/舌左邊/34.png,284913,0.2,0.6000000000000001,0.2,0.25,0.5,0.25
tip_middle_root_1_3_1,34,舌中,/Users/yuchiwu/Desktop/tongue_project/images_json/34.jpg,/Users/yuchiwu/Desktop/tongue_project/output/tip_middle_root_1_3_1/regions/舌中/34.png,691745,0.2,0.6000000000000001,0.2,0.25,0.5,0.25
tip_middle_root_1_3_1,34,舌右邊,/Users/yuchiwu/Desktop/tongue_project/images_json/34.jpg,/Users/yuchiwu/Desktop/tongue_project/output/tip_middle_root_1_3_1/regions/舌右邊/34.png,254263,0.2,0.6000000000000001,0.2,0.25,0.5,0.25
tip_middle_root_1_3_1,35,舌根,/Users/yuchiwu/Desktop/tongue_project/images_json/35.jpg,/Users/yuchiwu/Desktop/tongue_project/output/tip_middle_root_1_3_1/regions/舌根/35.png,219101,0.2,0.6000000000000001,0.2,0.25,0.5,0.25
tip_middle_root_1_3_1,35,舌尖,/Users/yuchiwu/Desktop/tongue_project/images_json/35.jpg,/Users/yuchiwu/Desktop/tongue_project/output/tip_middle_root_1_3_1/regions/舌尖/35.png,164624,0.2,0.6000000000000001,0.2,0.25,0.5,0.25
tip_middle_root_1_3_1,35,舌左邊,/Users/yuchiwu/Desktop/tongue_project/images_json/35.jpg,/Users/yuchiwu/Desktop/tongue_project/output/tip_middle_root_1_3_1/regions/舌左邊/35.png,215592,0.2,0.6000000000000001,0.2,0.25,0.5,0.25
tip_middle_root_1_3_1,35,舌中,/Users/yuchiwu/Desktop/tongue_project/images_json/35.jpg,/Users/yuchiwu/Desktop/tongue_project/output/tip_middle_root_1_3_1/regions/舌中/35.png,459690,0.2,0.6000000000000001,0.2,0.25,0.5,0.25
tip_middle_root_1_3_1,35,舌右邊,/Users/yuchiwu/Desktop/tongue_project/images_json/35.jpg,/Users/yuchiwu/Desktop/tongue_project/output/tip_middle_root_1_3_1/regions/舌右邊/35.png,212621,0.2,0.6000000000000001,0.2,0.25,0.5,0.25
tip_middle_root_1_3_1,36,舌根,/Users/yuchiwu/Desktop/tongue_project/images_json/36.jpg,/Users/yuchiwu/Desktop/tongue_project/output/tip_middle_root_1_3_1/regions/舌根/36.png,175121,0.2,0.6000000000000001,0.2,0.25,0.5,0.25
tip_middle_root_1_3_1,36,舌尖,/Users/yuchiwu/Desktop/tongue_project/images_json/36.jpg,/Users/yuchiwu/Desktop/tongue_project/output/tip_middle_root_1_3_1/regions/舌尖/36.png,113109,0.2,0.6000000000000001,0.2,0.25,0.5,0.25
tip_middle_root_1_3_1,36,舌左邊,/Users/yuchiwu/Desktop/tongue_project/images_json/36.jpg,/Users/yuchiwu/Desktop/tongue_project/output/tip_middle_root_1_3_1/regions/舌左邊/36.png,133701,0.2,0.6000000000000001,0.2,0.25,0.5,0.25
tip_middle_root_1_3_1,36,舌中,/Users/yuchiwu/Desktop/tongue_project/images_json/36.jpg,/Users/yuchiwu/Desktop/tongue_project/output/tip_middle_root_1_3_1/regions/舌中/36.png,425216,0.2,0.6000000000000001,0.2,0.25,0.5,0.25
tip_middle_root_1_3_1,36,舌右邊,/Users/yuchiwu/Desktop/tongue_project/images_json/36.jpg,/Users/yuchiwu/Desktop/tongue_project/output/tip_middle_root_1_3_1/regions/舌右邊/36.png,131112,0.2,0.6000000000000001,0.2,0.25,0.5,0.25
tip_middle_root_1_3_1,37,舌根,/Users/yuchiwu/Desktop/tongue_project/images_json/37.jpg,/Users/yuchiwu/Desktop/tongue_project/output/tip_middle_root_1_3_1/regions/舌根/37.png,317662,0.2,0.6000000000000001,0.2,0.25,0.5,0.25
tip_middle_root_1_3_1,37,舌尖,/Users/yuchiwu/Desktop/tongue_project/images_json/37.jpg,/Users/yuchiwu/Desktop/tongue_project/output/tip_middle_root_1_3_1/regions/舌尖/37.png,277888,0.2,0.6000000000000001,0.2,0.25,0.5,0.25
tip_middle_root_1_3_1,37,舌左邊,/Users/yuchiwu/Desktop/tongue_project/images_json/37.jpg,/Users/yuchiwu/Desktop/tongue_project/output/tip_middle_root_1_3_1/regions/舌左邊/37.png,325713,0.2,0.6000000000000001,0.2,0.25,0.5,0.25
tip_middle_root_1_3_1,37,舌中,/Users/yuchiwu/Desktop/tongue_project/images_json/37.jpg,/Users/yuchiwu/Desktop/tongue_project/output/tip_middle_root_1_3_1/regions/舌中/37.png,699130,0.2,0.6000000000000001,0.2,0.25,0.5,0.25
tip_middle_root_1_3_1,37,舌右邊,/Users/yuchiwu/Desktop/tongue_project/images_json/37.jpg,/Users/yuchiwu/Desktop/tongue_project/output/tip_middle_root_1_3_1/regions/舌右邊/37.png,278465,0.2,0.6000000000000001,0.2,0.25,0.5,0.25
tip_middle_root_1_3_1,38,舌根,/Users/yuchiwu/Desktop/tongue_project/images_json/38.jpg,/Users/yuchiwu/Desktop/tongue_project/output/tip_middle_root_1_3_1/regions/舌根/38.png,288717,0.2,0.6000000000000001,0.2,0.25,0.5,0.25
tip_middle_root_1_3_1,38,舌尖,/Users/yuchiwu/Desktop/tongue_project/images_json/38.jpg,/Users/yuchiwu/Desktop/tongue_project/output/tip_middle_root_1_3_1/regions/舌尖/38.png,154370,0.2,0.6000000000000001,0.2,0.25,0.5,0.25
tip_middle_root_1_3_1,38,舌左邊,/Users/yuchiwu/Desktop/tongue_project/images_json/38.jpg,/Users/yuchiwu/Desktop/tongue_project/output/tip_middle_root_1_3_1/regions/舌左邊/38.png,188405,0.2,0.6000000000000001,0.2,0.25,0.5,0.25
tip_middle_root_1_3_1,38,舌中,/Users/yuchiwu/Desktop/tongue_project/images_json/38.jpg,/Users/yuchiwu/Desktop/tongue_project/output/tip_middle_root_1_3_1/regions/舌中/38.png,554250,0.2,0.6000000000000001,0.2,0.25,0.5,0.25
tip_middle_root_1_3_1,38,舌右邊,/Users/yuchiwu/Desktop/tongue_project/images_json/38.jpg,/Users/yuchiwu/Desktop/tongue_project/output/tip_middle_root_1_3_1/regions/舌右邊/38.png,188276,0.2,0.6000000000000001,0.2,0.25,0.5,0.25
tip_middle_root_1_3_1,39,舌根,/Users/yuchiwu/Desktop/tongue_project/images_json/39.jpg,/Users/yuchiwu/Desktop/tongue_project/output/tip_middle_root_1_3_1/regions/舌根/39.png,277365,0.2,0.6000000000000001,0.2,0.25,0.5,0.25
tip_middle_root_1_3_1,39,舌尖,/Users/yuchiwu/Desktop/tongue_project/images_json/39.jpg,/Users/yuchiwu/Desktop/tongue_project/output/tip_middle_root_1_3_1/regions/舌尖/39.png,153963,0.2,0.6000000000000001,0.2,0.25,0.5,0.25
tip_middle_root_1_3_1,39,舌左邊,/Users/yuchiwu/Desktop/tongue_project/images_json/39.jpg,/Users/yuchiwu/Desktop/tongue_project/output/tip_middle_root_1_3_1/regions/舌左邊/39.png,183405,0.2,0.6000000000000001,0.2,0.25,0.5,0.25
tip_middle_root_1_3_1,39,舌中,/Users/yuchiwu/Desktop/tongue_project/images_json/39.jpg,/Users/yuchiwu/Desktop/tongue_project/output/tip_middle_root_1_3_1/regions/舌中/39.png,555616,0.2,0.6000000000000001,0.2,0.25,0.5,0.25
tip_middle_root_1_3_1,39,舌右邊,/Users/yuchiwu/Desktop/tongue_project/images_json/39.jpg,/Users/yuchiwu/Desktop/tongue_project/output/tip_middle_root_1_3_1/regions/舌右邊/39.png,198668,0.2,0.6000000000000001,0.2,0.25,0.5,0.25
tip_middle_root_1_3_1,4,舌根,/Users/yuchiwu/Desktop/tongue_project/images_json/4.JPG,/Users/yuchiwu/Desktop/tongue_project/output/tip_middle_root_1_3_1/regions/舌根/4.png,240203,0.2,0.6000000000000001,0.2,0.25,0.5,0.25
tip_middle_root_1_3_1,4,舌尖,/Users/yuchiwu/Desktop/tongue_project/images_json/4.JPG,/Users/yuchiwu/Desktop/tongue_project/output/tip_middle_root_1_3_1/regions/舌尖/4.png,101257,0.2,0.6000000000000001,0.2,0.25,0.5,0.25
tip_middle_root_1_3_1,4,舌左邊,/Users/yuchiwu/Desktop/tongue_project/images_json/4.JPG,/Users/yuchiwu/Desktop/tongue_project/output/tip_middle_root_1_3_1/regions/舌左邊/4.png,182903,0.2,0.6000000000000001,0.2,0.25,0.5,0.25
tip_middle_root_1_3_1,4,舌中,/Users/yuchiwu/Desktop/tongue_project/images_json/4.JPG,/Users/yuchiwu/Desktop/tongue_project/output/tip_middle_root_1_3_1/regions/舌中/4.png,410888,0.2,0.6000000000000001,0.2,0.25,0.5,0.25
tip_middle_root_1_3_1,4,舌右邊,/Users/yuchiwu/Desktop/tongue_project/images_json/4.JPG,/Users/yuchiwu/Desktop/tongue_project/output/tip_middle_root_1_3_1/regions/舌右邊/4.png,127478,0.2,0.6000000000000001,0.2,0.25,0.5,0.25
tip_middle_root_1_3_1,40,舌根,/Users/yuchiwu/Desktop/tongue_project/images_json/40.jpg,/Users/yuchiwu/Desktop/tongue_project/output/tip_middle_root_1_3_1/regions/舌根/40.png,197647,0.2,0.6000000000000001,0.2,0.25,0.5,0.25
tip_middle_root_1_3_1,40,舌尖,/Users/yuchiwu/Desktop/tongue_project/images_json/40.jpg,/Users/yuchiwu/Desktop/tongue_project/output/tip_middle_root_1_3_1/regions/舌尖/40.png,159037,0.2,0.6000000000000001,0.2,0.25,0.5,0.25
tip_middle_root_1_3_1,40,舌左邊,/Users/yuchiwu/Desktop/tongue_project/images_json/40.jpg,/Users/yuchiwu/Desktop/tongue_project/output/tip_middle_root_1_3_1/regions/舌左邊/40.png,192122,0.2,0.6000000000000001,0.2,0.25,0.5,0.25
tip_middle_root_1_3_1,40,舌中,/Users/yuchiwu/Desktop/tongue_project/images_json/40.jpg,/Users/yuchiwu/Desktop/tongue_project/output/tip_middle_root_1_3_1/regions/舌中/40.png,428274,0.2,0.6000000000000001,0.2,0.25,0.5,0.25
tip_middle_root_1_3_1,40,舌右邊,/Users/yuchiwu/Desktop/tongue_project/images_json/40.jpg,/Users/yuchiwu/Desktop/tongue_project/output/tip_middle_root_1_3_1/regions/舌右邊/40.png,150666,0.2,0.6000000000000001,0.2,0.25,0.5,0.25
tip_middle_root_1_3_1,41,舌根,/Users/yuchiwu/Desktop/tongue_project/images_json/41.jpg,/Users/yuchiwu/Desktop/tongue_project/output/tip_middle_root_1_3_1/regions/舌根/41.png,396180,0.2,0.6000000000000001,0.2,0.25,0.5,0.25
tip_middle_root_1_3_1,41,舌尖,/Users/yuchiwu/Desktop/tongue_project/images_json/41.jpg,/Users/yuchiwu/Desktop/tongue_project/output/tip_middle_root_1_3_1/regions/舌尖/41.png,256749,0.2,0.6000000000000001,0.2,0.25,0.5,0.25
tip_middle_root_1_3_1,41,舌左邊,/Users/yuchiwu/Desktop/tongue_project/images_json/41.jpg,/Users/yuchiwu/Desktop/tongue_project/output/tip_middle_root_1_3_1/regions/舌左邊/41.png,324366,0.2,0.6000000000000001,0.2,0.25,0.5,0.25
tip_middle_root_1_3_1,41,舌中,/Users/yuchiwu/Desktop/tongue_project/images_json/41.jpg,/Users/yuchiwu/Desktop/tongue_project/output/tip_middle_root_1_3_1/regions/舌中/41.png,695505,0.2,0.6000000000000001,0.2,0.25,0.5,0.25
tip_middle_root_1_3_1,41,舌右邊,/Users/yuchiwu/Desktop/tongue_project/images_json/41.jpg,/Users/yuchiwu/Desktop/tongue_project/output/tip_middle_root_1_3_1/regions/舌右邊/41.png,194675,0.2,0.6000000000000001,0.2,0.25,0.5,0.25
tip_middle_root_1_3_1,42,舌根,/Users/yuchiwu/Desktop/tongue_project/images_json/42.jpg,/Users/yuchiwu/Desktop/tongue_project/output/tip_middle_root_1_3_1/regions/舌根/42.png,293995,0.2,0.6000000000000001,0.2,0.25,0.5,0.25
tip_middle_root_1_3_1,42,舌尖,/Users/yuchiwu/Desktop/tongue_project/images_json/42.jpg,/Users/yuchiwu/Desktop/tongue_project/output/tip_middle_root_1_3_1/regions/舌尖/42.png,131922,0.2,0.6000000000000001,0.2,0.25,0.5,0.25
tip_middle_root_1_3_1,42,舌左邊,/Users/yuchiwu/Desktop/tongue_project/images_json/42.jpg,/Users/yuchiwu/Desktop/tongue_project/output/tip_middle_root_1_3_1/regions/舌左邊/42.png,209027,0.2,0.6000000000000001,0.2,0.25,0.5,0.25
tip_middle_root_1_3_1,42,舌中,/Users/yuchiwu/Desktop/tongue_project/images_json/42.jpg,/Users/yuchiwu/Desktop/tongue_project/output/tip_middle_root_1_3_1/regions/舌中/42.png,560305,0.2,0.6000000000000001,0.2,0.25,0.5,0.25
tip_middle_root_1_3_1,42,舌右邊,/Users/yuchiwu/Desktop/tongue_project/images_json/42.jpg,/Users/yuchiwu/Desktop/tongue_project/output/tip_middle_root_1_3_1/regions/舌右邊/42.png,135010,0.2,0.6000000000000001,0.2,0.25,0.5,0.25
tip_middle_root_1_3_1,43,舌根,/Users/yuchiwu/Desktop/tongue_project/images_json/43.JPG,/Users/yuchiwu/Desktop/tongue_project/output/tip_middle_root_1_3_1/regions/舌根/43.png,184601,0.2,0.6000000000000001,0.2,0.25,0.5,0.25
tip_middle_root_1_3_1,43,舌尖,/Users/yuchiwu/Desktop/tongue_project/images_json/43.JPG,/Users/yuchiwu/Desktop/tongue_project/output/tip_middle_root_1_3_1/regions/舌尖/43.png,109830,0.2,0.6000000000000001,0.2,0.25,0.5,0.25
tip_middle_root_1_3_1,43,舌左邊,/Users/yuchiwu/Desktop/tongue_project/images_json/43.JPG,/Users/yuchiwu/Desktop/tongue_project/output/tip_middle_root_1_3_1/regions/舌左邊/43.png,125370,0.2,0.6000000000000001,0.2,0.25,0.5,0.25
tip_middle_root_1_3_1,43,舌中,/Users/yuchiwu/Desktop/tongue_project/images_json/43.JPG,/Users/yuchiwu/Desktop/tongue_project/output/tip_middle_root_1_3_1/regions/舌中/43.png,352781,0.2,0.6000000000000001,0.2,0.25,0.5,0.25
tip_middle_root_1_3_1,43,舌右邊,/Users/yuchiwu/Desktop/tongue_project/images_json/43.JPG,/Users/yuchiwu/Desktop/tongue_project/output/tip_middle_root_1_3_1/regions/舌右邊/43.png,98196,0.2,0.6000000000000001,0.2,0.25,0.5,0.25
tip_middle_root_1_3_1,44,舌根,/Users/yuchiwu/Desktop/tongue_project/images_json/44.jpg,/Users/yuchiwu/Desktop/tongue_project/output/tip_middle_root_1_3_1/regions/舌根/44.png,202207,0.2,0.6000000000000001,0.2,0.25,0.5,0.25
tip_middle_root_1_3_1,44,舌尖,/Users/yuchiwu/Desktop/tongue_project/images_json/44.jpg,/Users/yuchiwu/Desktop/tongue_project/output/tip_middle_root_1_3_1/regions/舌尖/44.png,105367,0.2,0.6000000000000001,0.2,0.25,0.5,0.25
tip_middle_root_1_3_1,44,舌左邊,/Users/yuchiwu/Desktop/tongue_project/images_json/44.jpg,/Users/yuchiwu/Desktop/tongue_project/output/tip_middle_root_1_3_1/regions/舌左邊/44.png,149808,0.2,0.6000000000000001,0.2,0.25,0.5,0.25
tip_middle_root_1_3_1,44,舌中,/Users/yuchiwu/Desktop/tongue_project/images_json/44.jpg,/Users/yuchiwu/Desktop/tongue_project/output/tip_middle_root_1_3_1/regions/舌中/44.png,434481,0.2,0.6000000000000001,0.2,0.25,0.5,0.25
tip_middle_root_1_3_1,44,舌右邊,/Users/yuchiwu/Desktop/tongue_project/images_json/44.jpg,/Users/yuchiwu/Desktop/tongue_project/output/tip_middle_root_1_3_1/regions/舌右邊/44.png,156024,0.2,0.6000000000000001,0.2,0.25,0.5,0.25
tip_middle_root_1_3_1,45,舌根,/Users/yuchiwu/Desktop/tongue_project/images_json/45.jpg,/Users/yuchiwu/Desktop/tongue_project/output/tip_middle_root_1_3_1/regions/舌根/45.png,303716,0.2,0.6000000000000001,0.2,0.25,0.5,0.25
tip_middle_root_1_3_1,45,舌尖,/Users/yuchiwu/Desktop/tongue_project/images_json/45.jpg,/Users/yuchiwu/Desktop/tongue_project/output/tip_middle_root_1_3_1/regions/舌尖/45.png,286420,0.2,0.6000000000000001,0.2,0.25,0.5,0.25
tip_middle_root_1_3_1,45,舌左邊,/Users/yuchiwu/Desktop/tongue_project/images_json/45.jpg,/Users/yuchiwu/Desktop/tongue_project/output/tip_middle_root_1_3_1/regions/舌左邊/45.png,306869,0.2,0.6000000000000001,0.2,0.25,0.5,0.25
tip_middle_root_1_3_1,45,舌中,/Users/yuchiwu/Desktop/tongue_project/images_json/45.jpg,/Users/yuchiwu/Desktop/tongue_project/output/tip_middle_root_1_3_1/regions/舌中/45.png,696440,0.2,0.6000000000000001,0.2,0.25,0.5,0.25
tip_middle_root_1_3_1,45,舌右邊,/Users/yuchiwu/Desktop/tongue_project/images_json/45.jpg,/Users/yuchiwu/Desktop/tongue_project/output/tip_middle_root_1_3_1/regions/舌右邊/45.png,313805,0.2,0.6000000000000001,0.2,0.25,0.5,0.25
tip_middle_root_1_3_1,46,舌根,/Users/yuchiwu/Desktop/tongue_project/images_json/46.jpg,/Users/yuchiwu/Desktop/tongue_project/output/tip_middle_root_1_3_1/regions/舌根/46.png,224972,0.2,0.6000000000000001,0.2,0.25,0.5,0.25
tip_middle_root_1_3_1,46,舌尖,/Users/yuchiwu/Desktop/tongue_project/images_json/46.jpg,/Users/yuchiwu/Desktop/tongue_project/output/tip_middle_root_1_3_1/regions/舌尖/46.png,122980,0.2,0.6000000000000001,0.2,0.25,0.5,0.25
tip_middle_root_1_3_1,46,舌左邊,/Users/yuchiwu/Desktop/tongue_project/images_json/46.jpg,/Users/yuchiwu/Desktop/tongue_project/output/tip_middle_root_1_3_1/regions/舌左邊/46.png,98605,0.2,0.6000000000000001,0.2,0.25,0.5,0.25
tip_middle_root_1_3_1,46,舌中,/Users/yuchiwu/Desktop/tongue_project/images_json/46.jpg,/Users/yuchiwu/Desktop/tongue_project/output/tip_middle_root_1_3_1/regions/舌中/46.png,450144,0.2,0.6000000000000001,0.2,0.25,0.5,0.25
tip_middle_root_1_3_1,46,舌右邊,/Users/yuchiwu/Desktop/tongue_project/images_json/46.jpg,/Users/yuchiwu/Desktop/tongue_project/output/tip_middle_root_1_3_1/regions/舌右邊/46.png,139719,0.2,0.6000000000000001,0.2,0.25,0.5,0.25
tip_middle_root_1_3_1,47,舌根,/Users/yuchiwu/Desktop/tongue_project/images_json/47.jpg,/Users/yuchiwu/Desktop/tongue_project/output/tip_middle_root_1_3_1/regions/舌根/47.png,265285,0.2,0.6000000000000001,0.2,0.25,0.5,0.25
tip_middle_root_1_3_1,47,舌尖,/Users/yuchiwu/Desktop/tongue_project/images_json/47.jpg,/Users/yuchiwu/Desktop/tongue_project/output/tip_middle_root_1_3_1/regions/舌尖/47.png,152418,0.2,0.6000000000000001,0.2,0.25,0.5,0.25
tip_middle_root_1_3_1,47,舌左邊,/Users/yuchiwu/Desktop/tongue_project/images_json/47.jpg,/Users/yuchiwu/Desktop/tongue_project/output/tip_middle_root_1_3_1/regions/舌左邊/47.png,207882,0.2,0.6000000000000001,0.2,0.25,0.5,0.25
tip_middle_root_1_3_1,47,舌中,/Users/yuchiwu/Desktop/tongue_project/images_json/47.jpg,/Users/yuchiwu/Desktop/tongue_project/output/tip_middle_root_1_3_1/regions/舌中/47.png,636560,0.2,0.6000000000000001,0.2,0.25,0.5,0.25
tip_middle_root_1_3_1,47,舌右邊,/Users/yuchiwu/Desktop/tongue_project/images_json/47.jpg,/Users/yuchiwu/Desktop/tongue_project/output/tip_middle_root_1_3_1/regions/舌右邊/47.png,171063,0.2,0.6000000000000001,0.2,0.25,0.5,0.25
tip_middle_root_1_3_1,48,舌根,/Users/yuchiwu/Desktop/tongue_project/images_json/48.jpg,/Users/yuchiwu/Desktop/tongue_project/output/tip_middle_root_1_3_1/regions/舌根/48.png,311250,0.2,0.6000000000000001,0.2,0.25,0.5,0.25
tip_middle_root_1_3_1,48,舌尖,/Users/yuchiwu/Desktop/tongue_project/images_json/48.jpg,/Users/yuchiwu/Desktop/tongue_project/output/tip_middle_root_1_3_1/regions/舌尖/48.png,118348,0.2,0.6000000000000001,0.2,0.25,0.5,0.25
tip_middle_root_1_3_1,48,舌左邊,/Users/yuchiwu/Desktop/tongue_project/images_json/48.jpg,/Users/yuchiwu/Desktop/tongue_project/output/tip_middle_root_1_3_1/regions/舌左邊/48.png,188871,0.2,0.6000000000000001,0.2,0.25,0.5,0.25
tip_middle_root_1_3_1,48,舌中,/Users/yuchiwu/Desktop/tongue_project/images_json/48.jpg,/Users/yuchiwu/Desktop/tongue_project/output/tip_middle_root_1_3_1/regions/舌中/48.png,501695,0.2,0.6000000000000001,0.2,0.25,0.5,0.25
tip_middle_root_1_3_1,48,舌右邊,/Users/yuchiwu/Desktop/tongue_project/images_json/48.jpg,/Users/yuchiwu/Desktop/tongue_project/output/tip_middle_root_1_3_1/regions/舌右邊/48.png,93671,0.2,0.6000000000000001,0.2,0.25,0.5,0.25
tip_middle_root_1_3_1,49,舌根,/Users/yuchiwu/Desktop/tongue_project/images_json/49.jpg,/Users/yuchiwu/Desktop/tongue_project/output/tip_middle_root_1_3_1/regions/舌根/49.png,189773,0.2,0.6000000000000001,0.2,0.25,0.5,0.25
tip_middle_root_1_3_1,49,舌尖,/Users/yuchiwu/Desktop/tongue_project/images_json/49.jpg,/Users/yuchiwu/Desktop/tongue_project/output/tip_middle_root_1_3_1/regions/舌尖/49.png,195532,0.2,0.6000000000000001,0.2,0.25,0.5,0.25
tip_middle_root_1_3_1,49,舌左邊,/Users/yuchiwu/Desktop/tongue_project/images_json/49.jpg,/Users/yuchiwu/Desktop/tongue_project/output/tip_middle_root_1_3_1/regions/舌左邊/49.png,255574,0.2,0.6000000000000001,0.2,0.25,0.5,0.25
tip_middle_root_1_3_1,49,舌中,/Users/yuchiwu/Desktop/tongue_project/images_json/49.jpg,/Users/yuchiwu/Desktop/tongue_project/output/tip_middle_root_1_3_1/regions/舌中/49.png,526720,0.2,0.6000000000000001,0.2,0.25,0.5,0.25
tip_middle_root_1_3_1,49,舌右邊,/Users/yuchiwu/Desktop/tongue_project/images_json/49.jpg,/Users/yuchiwu/Desktop/tongue_project/output/tip_middle_root_1_3_1/regions/舌右邊/49.png,165596,0.2,0.6000000000000001,0.2,0.25,0.5,0.25
tip_middle_root_1_3_1,5,舌根,/Users/yuchiwu/Desktop/tongue_project/images_json/5.jpg,/Users/yuchiwu/Desktop/tongue_project/output/tip_middle_root_1_3_1/regions/舌根/5.png,155704,0.2,0.6000000000000001,0.2,0.25,0.5,0.25
tip_middle_root_1_3_1,5,舌尖,/Users/yuchiwu/Desktop/tongue_project/images_json/5.jpg,/Users/yuchiwu/Desktop/tongue_project/output/tip_middle_root_1_3_1/regions/舌尖/5.png,70292,0.2,0.6000000000000001,0.2,0.25,0.5,0.25
tip_middle_root_1_3_1,5,舌左邊,/Users/yuchiwu/Desktop/tongue_project/images_json/5.jpg,/Users/yuchiwu/Desktop/tongue_project/output/tip_middle_root_1_3_1/regions/舌左邊/5.png,87389,0.2,0.6000000000000001,0.2,0.25,0.5,0.25
tip_middle_root_1_3_1,5,舌中,/Users/yuchiwu/Desktop/tongue_project/images_json/5.jpg,/Users/yuchiwu/Desktop/tongue_project/output/tip_middle_root_1_3_1/regions/舌中/5.png,251550,0.2,0.6000000000000001,0.2,0.25,0.5,0.25
tip_middle_root_1_3_1,5,舌右邊,/Users/yuchiwu/Desktop/tongue_project/images_json/5.jpg,/Users/yuchiwu/Desktop/tongue_project/output/tip_middle_root_1_3_1/regions/舌右邊/5.png,109430,0.2,0.6000000000000001,0.2,0.25,0.5,0.25
tip_middle_root_1_3_1,50,舌根,/Users/yuchiwu/Desktop/tongue_project/images_json/50.jpg,/Users/yuchiwu/Desktop/tongue_project/output/tip_middle_root_1_3_1/regions/舌根/50.png,241973,0.2,0.6000000000000001,0.2,0.25,0.5,0.25
tip_middle_root_1_3_1,50,舌尖,/Users/yuchiwu/Desktop/tongue_project/images_json/50.jpg,/Users/yuchiwu/Desktop/tongue_project/output/tip_middle_root_1_3_1/regions/舌尖/50.png,134641,0.2,0.6000000000000001,0.2,0.25,0.5,0.25
tip_middle_root_1_3_1,50,舌左邊,/Users/yuchiwu/Desktop/tongue_project/images_json/50.jpg,/Users/yuchiwu/Desktop/tongue_project/output/tip_middle_root_1_3_1/regions/舌左邊/50.png,132095,0.2,0.6000000000000001,0.2,0.25,0.5,0.25
tip_middle_root_1_3_1,50,舌中,/Users/yuchiwu/Desktop/tongue_project/images_json/50.jpg,/Users/yuchiwu/Desktop/tongue_project/output/tip_middle_root_1_3_1/regions/舌中/50.png,464802,0.2,0.6000000000000001,0.2,0.25,0.5,0.25
tip_middle_root_1_3_1,50,舌右邊,/Users/yuchiwu/Desktop/tongue_project/images_json/50.jpg,/Users/yuchiwu/Desktop/tongue_project/output/tip_middle_root_1_3_1/regions/舌右邊/50.png,189862,0.2,0.6000000000000001,0.2,0.25,0.5,0.25
tip_middle_root_1_3_1,51,舌根,/Users/yuchiwu/Desktop/tongue_project/images_json/51.jpg,/Users/yuchiwu/Desktop/tongue_project/output/tip_middle_root_1_3_1/regions/舌根/51.png,189996,0.2,0.6000000000000001,0.2,0.25,0.5,0.25
tip_middle_root_1_3_1,51,舌尖,/Users/yuchiwu/Desktop/tongue_project/images_json/51.jpg,/Users/yuchiwu/Desktop/tongue_project/output/tip_middle_root_1_3_1/regions/舌尖/51.png,132867,0.2,0.6000000000000001,0.2,0.25,0.5,0.25
tip_middle_root_1_3_1,51,舌左邊,/Users/yuchiwu/Desktop/tongue_project/images_json/51.jpg,/Users/yuchiwu/Desktop/tongue_project/output/tip_middle_root_1_3_1/regions/舌左邊/51.png,166014,0.2,0.6000000000000001,0.2,0.25,0.5,0.25
tip_middle_root_1_3_1,51,舌中,/Users/yuchiwu/Desktop/tongue_project/images_json/51.jpg,/Users/yuchiwu/Desktop/tongue_project/output/tip_middle_root_1_3_1/regions/舌中/51.png,382402,0.2,0.6000000000000001,0.2,0.25,0.5,0.25
tip_middle_root_1_3_1,51,舌右邊,/Users/yuchiwu/Desktop/tongue_project/images_json/51.jpg,/Users/yuchiwu/Desktop/tongue_project/output/tip_middle_root_1_3_1/regions/舌右邊/51.png,117794,0.2,0.6000000000000001,0.2,0.25,0.5,0.25
tip_middle_root_1_3_1,52,舌根,/Users/yuchiwu/Desktop/tongue_project/images_json/52.jpg,/Users/yuchiwu/Desktop/tongue_project/output/tip_middle_root_1_3_1/regions/舌根/52.png,356550,0.2,0.6000000000000001,0.2,0.25,0.5,0.25
tip_middle_root_1_3_1,52,舌尖,/Users/yuchiwu/Desktop/tongue_project/images_json/52.jpg,/Users/yuchiwu/Desktop/tongue_project/output/tip_middle_root_1_3_1/regions/舌尖/52.png,272677,0.2,0.6000000000000001,0.2,0.25,0.5,0.25
tip_middle_root_1_3_1,52,舌左邊,/Users/yuchiwu/Desktop/tongue_project/images_json/52.jpg,/Users/yuchiwu/Desktop/tongue_project/output/tip_middle_root_1_3_1/regions/舌左邊/52.png,290541,0.2,0.6000000000000001,0.2,0.25,0.5,0.25
tip_middle_root_1_3_1,52,舌中,/Users/yuchiwu/Desktop/tongue_project/images_json/52.jpg,/Users/yuchiwu/Desktop/tongue_project/output/tip_middle_root_1_3_1/regions/舌中/52.png,711592,0.2,0.6000000000000001,0.2,0.25,0.5,0.25
tip_middle_root_1_3_1,52,舌右邊,/Users/yuchiwu/Desktop/tongue_project/images_json/52.jpg,/Users/yuchiwu/Desktop/tongue_project/output/tip_middle_root_1_3_1/regions/舌右邊/52.png,326379,0.2,0.6000000000000001,0.2,0.25,0.5,0.25
tip_middle_root_1_3_1,53,舌根,/Users/yuchiwu/Desktop/tongue_project/images_json/53.jpg,/Users/yuchiwu/Desktop/tongue_project/output/tip_middle_root_1_3_1/regions/舌根/53.png,301345,0.2,0.6000000000000001,0.2,0.25,0.5,0.25
tip_middle_root_1_3_1,53,舌尖,/Users/yuchiwu/Desktop/tongue_project/images_json/53.jpg,/Users/yuchiwu/Desktop/tongue_project/output/tip_middle_root_1_3_1/regions/舌尖/53.png,223083,0.2,0.6000000000000001,0.2,0.25,0.5,0.25
tip_middle_root_1_3_1,53,舌左邊,/Users/yuchiwu/Desktop/tongue_project/images_json/53.jpg,/Users/yuchiwu/Desktop/tongue_project/output/tip_middle_root_1_3_1/regions/舌左邊/53.png,286652,0.2,0.6000000000000001,0.2,0.25,0.5,0.25
tip_middle_root_1_3_1,53,舌中,/Users/yuchiwu/Desktop/tongue_project/images_json/53.jpg,/Users/yuchiwu/Desktop/tongue_project/output/tip_middle_root_1_3_1/regions/舌中/53.png,714922,0.2,0.6000000000000001,0.2,0.25,0.5,0.25
tip_middle_root_1_3_1,53,舌右邊,/Users/yuchiwu/Desktop/tongue_project/images_json/53.jpg,/Users/yuchiwu/Desktop/tongue_project/output/tip_middle_root_1_3_1/regions/舌右邊/53.png,306720,0.2,0.6000000000000001,0.2,0.25,0.5,0.25
tip_middle_root_1_3_1,54,舌根,/Users/yuchiwu/Desktop/tongue_project/images_json/54.jpg,/Users/yuchiwu/Desktop/tongue_project/output/tip_middle_root_1_3_1/regions/舌根/54.png,377212,0.2,0.6000000000000001,0.2,0.25,0.5,0.25
tip_middle_root_1_3_1,54,舌尖,/Users/yuchiwu/Desktop/tongue_project/images_json/54.jpg,/Users/yuchiwu/Desktop/tongue_project/output/tip_middle_root_1_3_1/regions/舌尖/54.png,292282,0.2,0.6000000000000001,0.2,0.25,0.5,0.25
tip_middle_root_1_3_1,54,舌左邊,/Users/yuchiwu/Desktop/tongue_project/images_json/54.jpg,/Users/yuchiwu/Desktop/tongue_project/output/tip_middle_root_1_3_1/regions/舌左邊/54.png,292380,0.2,0.6000000000000001,0.2,0.25,0.5,0.25
tip_middle_root_1_3_1,54,舌中,/Users/yuchiwu/Desktop/tongue_project/images_json/54.jpg,/Users/yuchiwu/Desktop/tongue_project/output/tip_middle_root_1_3_1/regions/舌中/54.png,692586,0.2,0.6000000000000001,0.2,0.25,0.5,0.25
tip_middle_root_1_3_1,54,舌右邊,/Users/yuchiwu/Desktop/tongue_project/images_json/54.jpg,/Users/yuchiwu/Desktop/tongue_project/output/tip_middle_root_1_3_1/regions/舌右邊/54.png,308572,0.2,0.6000000000000001,0.2,0.25,0.5,0.25
tip_middle_root_1_3_1,55,舌根,/Users/yuchiwu/Desktop/tongue_project/images_json/55.jpg,/Users/yuchiwu/Desktop/tongue_project/output/tip_middle_root_1_3_1/regions/舌根/55.png,403142,0.2,0.6000000000000001,0.2,0.25,0.5,0.25
tip_middle_root_1_3_1,55,舌尖,/Users/yuchiwu/Desktop/tongue_project/images_json/55.jpg,/Users/yuchiwu/Desktop/tongue_project/output/tip_middle_root_1_3_1/regions/舌尖/55.png,261943,0.2,0.6000000000000001,0.2,0.25,0.5,0.25
tip_middle_root_1_3_1,55,舌左邊,/Users/yuchiwu/Desktop/tongue_project/images_json/55.jpg,/Users/yuchiwu/Desktop/tongue_project/output/tip_middle_root_1_3_1/regions/舌左邊/55.png,306842,0.2,0.6000000000000001,0.2,0.25,0.5,0.25
tip_middle_root_1_3_1,55,舌中,/Users/yuchiwu/Desktop/tongue_project/images_json/55.jpg,/Users/yuchiwu/Desktop/tongue_project/output/tip_middle_root_1_3_1/regions/舌中/55.png,795168,0.2,0.6000000000000001,0.2,0.25,0.5,0.25
tip_middle_root_1_3_1,55,舌右邊,/Users/yuchiwu/Desktop/tongue_project/images_json/55.jpg,/Users/yuchiwu/Desktop/tongue_project/output/tip_middle_root_1_3_1/regions/舌右邊/55.png,279671,0.2,0.6000000000000001,0.2,0.25,0.5,0.25
tip_middle_root_1_3_1,56,舌根,/Users/yuchiwu/Desktop/tongue_project/images_json/56.jpg,/Users/yuchiwu/Desktop/tongue_project/output/tip_middle_root_1_3_1/regions/舌根/56.png,348419,0.2,0.6000000000000001,0.2,0.25,0.5,0.25
tip_middle_root_1_3_1,56,舌尖,/Users/yuchiwu/Desktop/tongue_project/images_json/56.jpg,/Users/yuchiwu/Desktop/tongue_project/output/tip_middle_root_1_3_1/regions/舌尖/56.png,209730,0.2,0.6000000000000001,0.2,0.25,0.5,0.25
tip_middle_root_1_3_1,56,舌左邊,/Users/yuchiwu/Desktop/tongue_project/images_json/56.jpg,/Users/yuchiwu/Desktop/tongue_project/output/tip_middle_root_1_3_1/regions/舌左邊/56.png,260051,0.2,0.6000000000000001,0.2,0.25,0.5,0.25
tip_middle_root_1_3_1,56,舌中,/Users/yuchiwu/Desktop/tongue_project/images_json/56.jpg,/Users/yuchiwu/Desktop/tongue_project/output/tip_middle_root_1_3_1/regions/舌中/56.png,638064,0.2,0.6000000000000001,0.2,0.25,0.5,0.25
tip_middle_root_1_3_1,56,舌右邊,/Users/yuchiwu/Desktop/tongue_project/images_json/56.jpg,/Users/yuchiwu/Desktop/tongue_project/output/tip_middle_root_1_3_1/regions/舌右邊/56.png,269632,0.2,0.6000000000000001,0.2,0.25,0.5,0.25
tip_middle_root_1_3_1,57,舌根,/Users/yuchiwu/Desktop/tongue_project/images_json/57.jpg,/Users/yuchiwu/Desktop/tongue_project/output/tip_middle_root_1_3_1/regions/舌根/57.png,236275,0.2,0.6000000000000001,0.2,0.25,0.5,0.25
tip_middle_root_1_3_1,57,舌尖,/Users/yuchiwu/Desktop/tongue_project/images_json/57.jpg,/Users/yuchiwu/Desktop/tongue_project/output/tip_middle_root_1_3_1/regions/舌尖/57.png,138156,0.2,0.6000000000000001,0.2,0.25,0.5,0.25
tip_middle_root_1_3_1,57,舌左邊,/Users/yuchiwu/Desktop/tongue_project/images_json/57.jpg,/Users/yuchiwu/Desktop/tongue_project/output/tip_middle_root_1_3_1/regions/舌左邊/57.png,157649,0.2,0.6000000000000001,0.2,0.25,0.5,0.25
tip_middle_root_1_3_1,57,舌中,/Users/yuchiwu/Desktop/tongue_project/images_json/57.jpg,/Users/yuchiwu/Desktop/tongue_project/output/tip_middle_root_1_3_1/regions/舌中/57.png,606684,0.2,0.6000000000000001,0.2,0.25,0.5,0.25
tip_middle_root_1_3_1,57,舌右邊,/Users/yuchiwu/Desktop/tongue_project/images_json/57.jpg,/Users/yuchiwu/Desktop/tongue_project/output/tip_middle_root_1_3_1/regions/舌右邊/57.png,267984,0.2,0.6000000000000001,0.2,0.25,0.5,0.25
tip_middle_root_1_3_1,58,舌根,/Users/yuchiwu/Desktop/tongue_project/images_json/58.jpg,/Users/yuchiwu/Desktop/tongue_project/output/tip_middle_root_1_3_1/regions/舌根/58.png,287781,0.2,0.6000000000000001,0.2,0.25,0.5,0.25
tip_middle_root_1_3_1,58,舌尖,/Users/yuchiwu/Desktop/tongue_project/images_json/58.jpg,/Users/yuchiwu/Desktop/tongue_project/output/tip_middle_root_1_3_1/regions/舌尖/58.png,236475,0.2,0.6000000000000001,0.2,0.25,0.5,0.25
tip_middle_root_1_3_1,58,舌左邊,/Users/yuchiwu/Desktop/tongue_project/images_json/58.jpg,/Users/yuchiwu/Desktop/tongue_project/output/tip_middle_root_1_3_1/regions/舌左邊/58.png,252539,0.2,0.6000000000000001,0.2,0.25,0.5,0.25
tip_middle_root_1_3_1,58,舌中,/Users/yuchiwu/Desktop/tongue_project/images_json/58.jpg,/Users/yuchiwu/Desktop/tongue_project/output/tip_middle_root_1_3_1/regions/舌中/58.png,578500,0.2,0.6000000000000001,0.2,0.25,0.5,0.25
tip_middle_root_1_3_1,58,舌右邊,/Users/yuchiwu/Desktop/tongue_project/images_json/58.jpg,/Users/yuchiwu/Desktop/tongue_project/output/tip_middle_root_1_3_1/regions/舌右邊/58.png,265365,0.2,0.6000000000000001,0.2,0.25,0.5,0.25
tip_middle_root_1_3_1,59,舌根,/Users/yuchiwu/Desktop/tongue_project/images_json/59.jpg,/Users/yuchiwu/Desktop/tongue_project/output/tip_middle_root_1_3_1/regions/舌根/59.png,306267,0.2,0.6000000000000001,0.2,0.25,0.5,0.25
tip_middle_root_1_3_1,59,舌尖,/Users/yuchiwu/Desktop/tongue_project/images_json/59.jpg,/Users/yuchiwu/Desktop/tongue_project/output/tip_middle_root_1_3_1/regions/舌尖/59.png,161058,0.2,0.6000000000000001,0.2,0.25,0.5,0.25
tip_middle_root_1_3_1,59,舌左邊,/Users/yuchiwu/Desktop/tongue_project/images_json/59.jpg,/Users/yuchiwu/Desktop/tongue_project/output/tip_middle_root_1_3_1/regions/舌左邊/59.png,233836,0.2,0.6000000000000001,0.2,0.25,0.5,0.25
tip_middle_root_1_3_1,59,舌中,/Users/yuchiwu/Desktop/tongue_project/images_json/59.jpg,/Users/yuchiwu/Desktop/tongue_project/output/tip_middle_root_1_3_1/regions/舌中/59.png,597618,0.2,0.6000000000000001,0.2,0.25,0.5,0.25
tip_middle_root_1_3_1,59,舌右邊,/Users/yuchiwu/Desktop/tongue_project/images_json/59.jpg,/Users/yuchiwu/Desktop/tongue_project/output/tip_middle_root_1_3_1/regions/舌右邊/59.png,221865,0.2,0.6000000000000001,0.2,0.25,0.5,0.25
tip_middle_root_1_3_1,6,舌根,/Users/yuchiwu/Desktop/tongue_project/images_json/6.jpg,/Users/yuchiwu/Desktop/tongue_project/output/tip_middle_root_1_3_1/regions/舌根/6.png,114900,0.2,0.6000000000000001,0.2,0.25,0.5,0.25
tip_middle_root_1_3_1,6,舌尖,/Users/yuchiwu/Desktop/tongue_project/images_json/6.jpg,/Users/yuchiwu/Desktop/tongue_project/output/tip_middle_root_1_3_1/regions/舌尖/6.png,66238,0.2,0.6000000000000001,0.2,0.25,0.5,0.25
tip_middle_root_1_3_1,6,舌左邊,/Users/yuchiwu/Desktop/tongue_project/images_json/6.jpg,/Users/yuchiwu/Desktop/tongue_project/output/tip_middle_root_1_3_1/regions/舌左邊/6.png,87257,0.2,0.6000000000000001,0.2,0.25,0.5,0.25
tip_middle_root_1_3_1,6,舌中,/Users/yuchiwu/Desktop/tongue_project/images_json/6.jpg,/Users/yuchiwu/Desktop/tongue_project/output/tip_middle_root_1_3_1/regions/舌中/6.png,228360,0.2,0.6000000000000001,0.2,0.25,0.5,0.25
tip_middle_root_1_3_1,6,舌右邊,/Users/yuchiwu/Desktop/tongue_project/images_json/6.jpg,/Users/yuchiwu/Desktop/tongue_project/output/tip_middle_root_1_3_1/regions/舌右邊/6.png,41695,0.2,0.6000000000000001,0.2,0.25,0.5,0.25
tip_middle_root_1_3_1,60,舌根,/Users/yuchiwu/Desktop/tongue_project/images_json/60.jpg,/Users/yuchiwu/Desktop/tongue_project/output/tip_middle_root_1_3_1/regions/舌根/60.png,237197,0.2,0.6000000000000001,0.2,0.25,0.5,0.25
tip_middle_root_1_3_1,60,舌尖,/Users/yuchiwu/Desktop/tongue_project/images_json/60.jpg,/Users/yuchiwu/Desktop/tongue_project/output/tip_middle_root_1_3_1/regions/舌尖/60.png,204487,0.2,0.6000000000000001,0.2,0.25,0.5,0.25
tip_middle_root_1_3_1,60,舌左邊,/Users/yuchiwu/Desktop/tongue_project/images_json/60.jpg,/Users/yuchiwu/Desktop/tongue_project/output/tip_middle_root_1_3_1/regions/舌左邊/60.png,231081,0.2,0.6000000000000001,0.2,0.25,0.5,0.25
tip_middle_root_1_3_1,60,舌中,/Users/yuchiwu/Desktop/tongue_project/images_json/60.jpg,/Users/yuchiwu/Desktop/tongue_project/output/tip_middle_root_1_3_1/regions/舌中/60.png,558360,0.2,0.6000000000000001,0.2,0.25,0.5,0.25
tip_middle_root_1_3_1,60,舌右邊,/Users/yuchiwu/Desktop/tongue_project/images_json/60.jpg,/Users/yuchiwu/Desktop/tongue_project/output/tip_middle_root_1_3_1/regions/舌右邊/60.png,240941,0.2,0.6000000000000001,0.2,0.25,0.5,0.25
tip_middle_root_1_3_1,61,舌根,/Users/yuchiwu/Desktop/tongue_project/images_json/61.JPG,/Users/yuchiwu/Desktop/tongue_project/output/tip_middle_root_1_3_1/regions/舌根/61.png,295650,0.2,0.6000000000000001,0.2,0.25,0.5,0.25
tip_middle_root_1_3_1,61,舌尖,/Users/yuchiwu/Desktop/tongue_project/images_json/61.JPG,/Users/yuchiwu/Desktop/tongue_project/output/tip_middle_root_1_3_1/regions/舌尖/61.png,238158,0.2,0.6000000000000001,0.2,0.25,0.5,0.25
tip_middle_root_1_3_1,61,舌左邊,/Users/yuchiwu/Desktop/tongue_project/images_json/61.JPG,/Users/yuchiwu/Desktop/tongue_project/output/tip_middle_root_1_3_1/regions/舌左邊/61.png,276702,0.2,0.6000000000000001,0.2,0.25,0.5,0.25
tip_middle_root_1_3_1,61,舌中,/Users/yuchiwu/Desktop/tongue_project/images_json/61.JPG,/Users/yuchiwu/Desktop/tongue_project/output/tip_middle_root_1_3_1/regions/舌中/61.png,617862,0.2,0.6000000000000001,0.2,0.25,0.5,0.25
tip_middle_root_1_3_1,61,舌右邊,/Users/yuchiwu/Desktop/tongue_project/images_json/61.JPG,/Users/yuchiwu/Desktop/tongue_project/output/tip_middle_root_1_3_1/regions/舌右邊/61.png,269143,0.2,0.6000000000000001,0.2,0.25,0.5,0.25
tip_middle_root_1_3_1,62,舌根,/Users/yuchiwu/Desktop/tongue_project/images_json/62.JPG,/Users/yuchiwu/Desktop/tongue_project/output/tip_middle_root_1_3_1/regions/舌根/62.png,333929,0.2,0.6000000000000001,0.2,0.25,0.5,0.25
tip_middle_root_1_3_1,62,舌尖,/Users/yuchiwu/Desktop/tongue_project/images_json/62.JPG,/Users/yuchiwu/Desktop/tongue_project/output/tip_middle_root_1_3_1/regions/舌尖/62.png,303261,0.2,0.6000000000000001,0.2,0.25,0.5,0.25
tip_middle_root_1_3_1,62,舌左邊,/Users/yuchiwu/Desktop/tongue_project/images_json/62.JPG,/Users/yuchiwu/Desktop/tongue_project/output/tip_middle_root_1_3_1/regions/舌左邊/62.png,297313,0.2,0.6000000000000001,0.2,0.25,0.5,0.25
tip_middle_root_1_3_1,62,舌中,/Users/yuchiwu/Desktop/tongue_project/images_json/62.JPG,/Users/yuchiwu/Desktop/tongue_project/output/tip_middle_root_1_3_1/regions/舌中/62.png,684736,0.2,0.6000000000000001,0.2,0.25,0.5,0.25
tip_middle_root_1_3_1,62,舌右邊,/Users/yuchiwu/Desktop/tongue_project/images_json/62.JPG,/Users/yuchiwu/Desktop/tongue_project/output/tip_middle_root_1_3_1/regions/舌右邊/62.png,312624,0.2,0.6000000000000001,0.2,0.25,0.5,0.25
tip_middle_root_1_3_1,63,舌根,/Users/yuchiwu/Desktop/tongue_project/images_json/63.JPG,/Users/yuchiwu/Desktop/tongue_project/output/tip_middle_root_1_3_1/regions/舌根/63.png,239289,0.2,0.6000000000000001,0.2,0.25,0.5,0.25
tip_middle_root_1_3_1,63,舌尖,/Users/yuchiwu/Desktop/tongue_project/images_json/63.JPG,/Users/yuchiwu/Desktop/tongue_project/output/tip_middle_root_1_3_1/regions/舌尖/63.png,191173,0.2,0.6000000000000001,0.2,0.25,0.5,0.25
tip_middle_root_1_3_1,63,舌左邊,/Users/yuchiwu/Desktop/tongue_project/images_json/63.JPG,/Users/yuchiwu/Desktop/tongue_project/output/tip_middle_root_1_3_1/regions/舌左邊/63.png,220374,0.2,0.6000000000000001,0.2,0.25,0.5,0.25
tip_middle_root_1_3_1,63,舌中,/Users/yuchiwu/Desktop/tongue_project/images_json/63.JPG,/Users/yuchiwu/Desktop/tongue_project/output/tip_middle_root_1_3_1/regions/舌中/63.png,531240,0.2,0.6000000000000001,0.2,0.25,0.5,0.25
tip_middle_root_1_3_1,63,舌右邊,/Users/yuchiwu/Desktop/tongue_project/images_json/63.JPG,/Users/yuchiwu/Desktop/tongue_project/output/tip_middle_root_1_3_1/regions/舌右邊/63.png,209442,0.2,0.6000000000000001,0.2,0.25,0.5,0.25
tip_middle_root_1_3_1,64,舌根,/Users/yuchiwu/Desktop/tongue_project/images_json/64.jpg,/Users/yuchiwu/Desktop/tongue_project/output/tip_middle_root_1_3_1/regions/舌根/64.png,314860,0.2,0.6000000000000001,0.2,0.25,0.5,0.25
tip_middle_root_1_3_1,64,舌尖,/Users/yuchiwu/Desktop/tongue_project/images_json/64.jpg,/Users/yuchiwu/Desktop/tongue_project/output/tip_middle_root_1_3_1/regions/舌尖/64.png,188809,0.2,0.6000000000000001,0.2,0.25,0.5,0.25
tip_middle_root_1_3_1,64,舌左邊,/Users/yuchiwu/Desktop/tongue_project/images_json/64.jpg,/Users/yuchiwu/Desktop/tongue_project/output/tip_middle_root_1_3_1/regions/舌左邊/64.png,238844,0.2,0.6000000000000001,0.2,0.25,0.5,0.25
tip_middle_root_1_3_1,64,舌中,/Users/yuchiwu/Desktop/tongue_project/images_json/64.jpg,/Users/yuchiwu/Desktop/tongue_project/output/tip_middle_root_1_3_1/regions/舌中/64.png,589536,0.2,0.6000000000000001,0.2,0.25,0.5,0.25
tip_middle_root_1_3_1,64,舌右邊,/Users/yuchiwu/Desktop/tongue_project/images_json/64.jpg,/Users/yuchiwu/Desktop/tongue_project/output/tip_middle_root_1_3_1/regions/舌右邊/64.png,232288,0.2,0.6000000000000001,0.2,0.25,0.5,0.25
tip_middle_root_1_3_1,65,舌根,/Users/yuchiwu/Desktop/tongue_project/images_json/65.JPG,/Users/yuchiwu/Desktop/tongue_project/output/tip_middle_root_1_3_1/regions/舌根/65.png,175957,0.2,0.6000000000000001,0.2,0.25,0.5,0.25
tip_middle_root_1_3_1,65,舌尖,/Users/yuchiwu/Desktop/tongue_project/images_json/65.JPG,/Users/yuchiwu/Desktop/tongue_project/output/tip_middle_root_1_3_1/regions/舌尖/65.png,98693,0.2,0.6000000000000001,0.2,0.25,0.5,0.25
tip_middle_root_1_3_1,65,舌左邊,/Users/yuchiwu/Desktop/tongue_project/images_json/65.JPG,/Users/yuchiwu/Desktop/tongue_project/output/tip_middle_root_1_3_1/regions/舌左邊/65.png,134672,0.2,0.6000000000000001,0.2,0.25,0.5,0.25
tip_middle_root_1_3_1,65,舌中,/Users/yuchiwu/Desktop/tongue_project/images_json/65.JPG,/Users/yuchiwu/Desktop/tongue_project/output/tip_middle_root_1_3_1/regions/舌中/65.png,328912,0.2,0.6000000000000001,0.2,0.25,0.5,0.25
tip_middle_root_1_3_1,65,舌右邊,/Users/yuchiwu/Desktop/tongue_project/images_json/65.JPG,/Users/yuchiwu/Desktop/tongue_project/output/tip_middle_root_1_3_1/regions/舌右邊/65.png,121252,0.2,0.6000000000000001,0.2,0.25,0.5,0.25
tip_middle_root_1_3_1,66,舌根,/Users/yuchiwu/Desktop/tongue_project/images_json/66.JPG,/Users/yuchiwu/Desktop/tongue_project/output/tip_middle_root_1_3_1/regions/舌根/66.png,235295,0.2,0.6000000000000001,0.2,0.25,0.5,0.25
tip_middle_root_1_3_1,66,舌尖,/Users/yuchiwu/Desktop/tongue_project/images_json/66.JPG,/Users/yuchiwu/Desktop/tongue_project/output/tip_middle_root_1_3_1/regions/舌尖/66.png,134427,0.2,0.6000000000000001,0.2,0.25,0.5,0.25
tip_middle_root_1_3_1,66,舌左邊,/Users/yuchiwu/Desktop/tongue_project/images_json/66.JPG,/Users/yuchiwu/Desktop/tongue_project/output/tip_middle_root_1_3_1/regions/舌左邊/66.png,197898,0.2,0.6000000000000001,0.2,0.25,0.5,0.25
tip_middle_root_1_3_1,66,舌中,/Users/yuchiwu/Desktop/tongue_project/images_json/66.JPG,/Users/yuchiwu/Desktop/tongue_project/output/tip_middle_root_1_3_1/regions/舌中/66.png,486179,0.2,0.6000000000000001,0.2,0.25,0.5,0.25
tip_middle_root_1_3_1,66,舌右邊,/Users/yuchiwu/Desktop/tongue_project/images_json/66.JPG,/Users/yuchiwu/Desktop/tongue_project/output/tip_middle_root_1_3_1/regions/舌右邊/66.png,162500,0.2,0.6000000000000001,0.2,0.25,0.5,0.25
tip_middle_root_1_3_1,67,舌根,/Users/yuchiwu/Desktop/tongue_project/images_json/67.JPG,/Users/yuchiwu/Desktop/tongue_project/output/tip_middle_root_1_3_1/regions/舌根/67.png,117567,0.2,0.6000000000000001,0.2,0.25,0.5,0.25
tip_middle_root_1_3_1,67,舌尖,/Users/yuchiwu/Desktop/tongue_project/images_json/67.JPG,/Users/yuchiwu/Desktop/tongue_project/output/tip_middle_root_1_3_1/regions/舌尖/67.png,93150,0.2,0.6000000000000001,0.2,0.25,0.5,0.25
tip_middle_root_1_3_1,67,舌左邊,/Users/yuchiwu/Desktop/tongue_project/images_json/67.JPG,/Users/yuchiwu/Desktop/tongue_project/output/tip_middle_root_1_3_1/regions/舌左邊/67.png,108645,0.2,0.6000000000000001,0.2,0.25,0.5,0.25
tip_middle_root_1_3_1,67,舌中,/Users/yuchiwu/Desktop/tongue_project/images_json/67.JPG,/Users/yuchiwu/Desktop/tongue_project/output/tip_middle_root_1_3_1/regions/舌中/67.png,243344,0.2,0.6000000000000001,0.2,0.25,0.5,0.25
tip_middle_root_1_3_1,67,舌右邊,/Users/yuchiwu/Desktop/tongue_project/images_json/67.JPG,/Users/yuchiwu/Desktop/tongue_project/output/tip_middle_root_1_3_1/regions/舌右邊/67.png,85474,0.2,0.6000000000000001,0.2,0.25,0.5,0.25
tip_middle_root_1_3_1,68,舌根,/Users/yuchiwu/Desktop/tongue_project/images_json/68.jpg,/Users/yuchiwu/Desktop/tongue_project/output/tip_middle_root_1_3_1/regions/舌根/68.png,192640,0.2,0.6000000000000001,0.2,0.25,0.5,0.25
tip_middle_root_1_3_1,68,舌尖,/Users/yuchiwu/Desktop/tongue_project/images_json/68.jpg,/Users/yuchiwu/Desktop/tongue_project/output/tip_middle_root_1_3_1/regions/舌尖/68.png,125699,0.2,0.6000000000000001,0.2,0.25,0.5,0.25
tip_middle_root_1_3_1,68,舌左邊,/Users/yuchiwu/Desktop/tongue_project/images_json/68.jpg,/Users/yuchiwu/Desktop/tongue_project/output/tip_middle_root_1_3_1/regions/舌左邊/68.png,126283,0.2,0.6000000000000001,0.2,0.25,0.5,0.25
tip_middle_root_1_3_1,68,舌中,/Users/yuchiwu/Desktop/tongue_project/images_json/68.jpg,/Users/yuchiwu/Desktop/tongue_project/output/tip_middle_root_1_3_1/regions/舌中/68.png,370682,0.2,0.6000000000000001,0.2,0.25,0.5,0.25
tip_middle_root_1_3_1,68,舌右邊,/Users/yuchiwu/Desktop/tongue_project/images_json/68.jpg,/Users/yuchiwu/Desktop/tongue_project/output/tip_middle_root_1_3_1/regions/舌右邊/68.png,176306,0.2,0.6000000000000001,0.2,0.25,0.5,0.25
tip_middle_root_1_3_1,69,舌根,/Users/yuchiwu/Desktop/tongue_project/images_json/69.JPG,/Users/yuchiwu/Desktop/tongue_project/output/tip_middle_root_1_3_1/regions/舌根/69.png,188902,0.2,0.6000000000000001,0.2,0.25,0.5,0.25
tip_middle_root_1_3_1,69,舌尖,/Users/yuchiwu/Desktop/tongue_project/images_json/69.JPG,/Users/yuchiwu/Desktop/tongue_project/output/tip_middle_root_1_3_1/regions/舌尖/69.png,156417,0.2,0.6000000000000001,0.2,0.25,0.5,0.25
tip_middle_root_1_3_1,69,舌左邊,/Users/yuchiwu/Desktop/tongue_project/images_json/69.JPG,/Users/yuchiwu/Desktop/tongue_project/output/tip_middle_root_1_3_1/regions/舌左邊/69.png,184408,0.2,0.6000000000000001,0.2,0.25,0.5,0.25
tip_middle_root_1_3_1,69,舌中,/Users/yuchiwu/Desktop/tongue_project/images_json/69.JPG,/Users/yuchiwu/Desktop/tongue_project/output/tip_middle_root_1_3_1/regions/舌中/69.png,423948,0.2,0.6000000000000001,0.2,0.25,0.5,0.25
tip_middle_root_1_3_1,69,舌右邊,/Users/yuchiwu/Desktop/tongue_project/images_json/69.JPG,/Users/yuchiwu/Desktop/tongue_project/output/tip_middle_root_1_3_1/regions/舌右邊/69.png,189204,0.2,0.6000000000000001,0.2,0.25,0.5,0.25
tip_middle_root_1_3_1,7,舌根,/Users/yuchiwu/Desktop/tongue_project/images_json/7.jpg,/Users/yuchiwu/Desktop/tongue_project/output/tip_middle_root_1_3_1/regions/舌根/7.png,173689,0.2,0.6000000000000001,0.2,0.25,0.5,0.25
tip_middle_root_1_3_1,7,舌尖,/Users/yuchiwu/Desktop/tongue_project/images_json/7.jpg,/Users/yuchiwu/Desktop/tongue_project/output/tip_middle_root_1_3_1/regions/舌尖/7.png,129100,0.2,0.6000000000000001,0.2,0.25,0.5,0.25
tip_middle_root_1_3_1,7,舌左邊,/Users/yuchiwu/Desktop/tongue_project/images_json/7.jpg,/Users/yuchiwu/Desktop/tongue_project/output/tip_middle_root_1_3_1/regions/舌左邊/7.png,139635,0.2,0.6000000000000001,0.2,0.25,0.5,0.25
tip_middle_root_1_3_1,7,舌中,/Users/yuchiwu/Desktop/tongue_project/images_json/7.jpg,/Users/yuchiwu/Desktop/tongue_project/output/tip_middle_root_1_3_1/regions/舌中/7.png,413722,0.2,0.6000000000000001,0.2,0.25,0.5,0.25
tip_middle_root_1_3_1,7,舌右邊,/Users/yuchiwu/Desktop/tongue_project/images_json/7.jpg,/Users/yuchiwu/Desktop/tongue_project/output/tip_middle_root_1_3_1/regions/舌右邊/7.png,170639,0.2,0.6000000000000001,0.2,0.25,0.5,0.25
tip_middle_root_1_3_1,70,舌根,/Users/yuchiwu/Desktop/tongue_project/images_json/70.jpg,/Users/yuchiwu/Desktop/tongue_project/output/tip_middle_root_1_3_1/regions/舌根/70.png,107744,0.2,0.6000000000000001,0.2,0.25,0.5,0.25
tip_middle_root_1_3_1,70,舌尖,/Users/yuchiwu/Desktop/tongue_project/images_json/70.jpg,/Users/yuchiwu/Desktop/tongue_project/output/tip_middle_root_1_3_1/regions/舌尖/70.png,64140,0.2,0.6000000000000001,0.2,0.25,0.5,0.25
tip_middle_root_1_3_1,70,舌左邊,/Users/yuchiwu/Desktop/tongue_project/images_json/70.jpg,/Users/yuchiwu/Desktop/tongue_project/output/tip_middle_root_1_3_1/regions/舌左邊/70.png,89374,0.2,0.6000000000000001,0.2,0.25,0.5,0.25
tip_middle_root_1_3_1,70,舌中,/Users/yuchiwu/Desktop/tongue_project/images_json/70.jpg,/Users/yuchiwu/Desktop/tongue_project/output/tip_middle_root_1_3_1/regions/舌中/70.png,228259,0.2,0.6000000000000001,0.2,0.25,0.5,0.25
tip_middle_root_1_3_1,70,舌右邊,/Users/yuchiwu/Desktop/tongue_project/images_json/70.jpg,/Users/yuchiwu/Desktop/tongue_project/output/tip_middle_root_1_3_1/regions/舌右邊/70.png,82474,0.2,0.6000000000000001,0.2,0.25,0.5,0.25
tip_middle_root_1_3_1,71,舌根,/Users/yuchiwu/Desktop/tongue_project/images_json/71.JPG,/Users/yuchiwu/Desktop/tongue_project/output/tip_middle_root_1_3_1/regions/舌根/71.png,267329,0.2,0.6000000000000001,0.2,0.25,0.5,0.25
tip_middle_root_1_3_1,71,舌尖,/Users/yuchiwu/Desktop/tongue_project/images_json/71.JPG,/Users/yuchiwu/Desktop/tongue_project/output/tip_middle_root_1_3_1/regions/舌尖/71.png,101765,0.2,0.6000000000000001,0.2,0.25,0.5,0.25
tip_middle_root_1_3_1,71,舌左邊,/Users/yuchiwu/Desktop/tongue_project/images_json/71.JPG,/Users/yuchiwu/Desktop/tongue_project/output/tip_middle_root_1_3_1/regions/舌左邊/71.png,144388,0.2,0.6000000000000001,0.2,0.25,0.5,0.25
tip_middle_root_1_3_1,71,舌中,/Users/yuchiwu/Desktop/tongue_project/images_json/71.JPG,/Users/yuchiwu/Desktop/tongue_project/output/tip_middle_root_1_3_1/regions/舌中/71.png,519744,0.2,0.6000000000000001,0.2,0.25,0.5,0.25
tip_middle_root_1_3_1,71,舌右邊,/Users/yuchiwu/Desktop/tongue_project/images_json/71.JPG,/Users/yuchiwu/Desktop/tongue_project/output/tip_middle_root_1_3_1/regions/舌右邊/71.png,164618,0.2,0.6000000000000001,0.2,0.25,0.5,0.25
tip_middle_root_1_3_1,72,舌根,/Users/yuchiwu/Desktop/tongue_project/images_json/72.jpg,/Users/yuchiwu/Desktop/tongue_project/output/tip_middle_root_1_3_1/regions/舌根/72.png,222562,0.2,0.6000000000000001,0.2,0.25,0.5,0.25
tip_middle_root_1_3_1,72,舌尖,/Users/yuchiwu/Desktop/tongue_project/images_json/72.jpg,/Users/yuchiwu/Desktop/tongue_project/output/tip_middle_root_1_3_1/regions/舌尖/72.png,251532,0.2,0.6000000000000001,0.2,0.25,0.5,0.25
tip_middle_root_1_3_1,72,舌左邊,/Users/yuchiwu/Desktop/tongue_project/images_json/72.jpg,/Users/yuchiwu/Desktop/tongue_project/output/tip_middle_root_1_3_1/regions/舌左邊/72.png,318753,0.2,0.6000000000000001,0.2,0.25,0.5,0.25
tip_middle_root_1_3_1,72,舌中,/Users/yuchiwu/Desktop/tongue_project/images_json/72.jpg,/Users/yuchiwu/Desktop/tongue_project/output/tip_middle_root_1_3_1/regions/舌中/72.png,712556,0.2,0.6000000000000001,0.2,0.25,0.5,0.25
tip_middle_root_1_3_1,72,舌右邊,/Users/yuchiwu/Desktop/tongue_project/images_json/72.jpg,/Users/yuchiwu/Desktop/tongue_project/output/tip_middle_root_1_3_1/regions/舌右邊/72.png,306898,0.2,0.6000000000000001,0.2,0.25,0.5,0.25
tip_middle_root_1_3_1,73,舌根,/Users/yuchiwu/Desktop/tongue_project/images_json/73.JPG,/Users/yuchiwu/Desktop/tongue_project/output/tip_middle_root_1_3_1/regions/舌根/73.png,221942,0.2,0.6000000000000001,0.2,0.25,0.5,0.25
tip_middle_root_1_3_1,73,舌尖,/Users/yuchiwu/Desktop/tongue_project/images_json/73.JPG,/Users/yuchiwu/Desktop/tongue_project/output/tip_middle_root_1_3_1/regions/舌尖/73.png,127081,0.2,0.6000000000000001,0.2,0.25,0.5,0.25
tip_middle_root_1_3_1,73,舌左邊,/Users/yuchiwu/Desktop/tongue_project/images_json/73.JPG,/Users/yuchiwu/Desktop/tongue_project/output/tip_middle_root_1_3_1/regions/舌左邊/73.png,166311,0.2,0.6000000000000001,0.2,0.25,0.5,0.25
tip_middle_root_1_3_1,73,舌中,/Users/yuchiwu/Desktop/tongue_project/images_json/73.JPG,/Users/yuchiwu/Desktop/tongue_project/output/tip_middle_root_1_3_1/regions/舌中/73.png,412500,0.2,0.6000000000000001,0.2,0.25,0.5,0.25
tip_middle_root_1_3_1,73,舌右邊,/Users/yuchiwu/Desktop/tongue_project/images_json/73.JPG,/Users/yuchiwu/Desktop/tongue_project/output/tip_middle_root_1_3_1/regions/舌右邊/73.png,175819,0.2,0.6000000000000001,0.2,0.25,0.5,0.25
tip_middle_root_1_3_1,74,舌根,/Users/yuchiwu/Desktop/tongue_project/images_json/74.jpg,/Users/yuchiwu/Desktop/tongue_project/output/tip_middle_root_1_3_1/regions/舌根/74.png,390267,0.2,0.6000000000000001,0.2,0.25,0.5,0.25
tip_middle_root_1_3_1,74,舌尖,/Users/yuchiwu/Desktop/tongue_project/images_json/74.jpg,/Users/yuchiwu/Desktop/tongue_project/output/tip_middle_root_1_3_1/regions/舌尖/74.png,394385,0.2,0.6000000000000001,0.2,0.25,0.5,0.25
tip_middle_root_1_3_1,74,舌左邊,/Users/yuchiwu/Desktop/tongue_project/images_json/74.jpg,/Users/yuchiwu/Desktop/tongue_project/output/tip_middle_root_1_3_1/regions/舌左邊/74.png,362596,0.2,0.6000000000000001,0.2,0.25,0.5,0.25
tip_middle_root_1_3_1,74,舌中,/Users/yuchiwu/Desktop/tongue_project/images_json/74.jpg,/Users/yuchiwu/Desktop/tongue_project/output/tip_middle_root_1_3_1/regions/舌中/74.png,848022,0.2,0.6000000000000001,0.2,0.25,0.5,0.25
tip_middle_root_1_3_1,74,舌右邊,/Users/yuchiwu/Desktop/tongue_project/images_json/74.jpg,/Users/yuchiwu/Desktop/tongue_project/output/tip_middle_root_1_3_1/regions/舌右邊/74.png,376302,0.2,0.6000000000000001,0.2,0.25,0.5,0.25
tip_middle_root_1_3_1,75,舌根,/Users/yuchiwu/Desktop/tongue_project/images_json/75.JPG,/Users/yuchiwu/Desktop/tongue_project/output/tip_middle_root_1_3_1/regions/舌根/75.png,197641,0.2,0.6000000000000001,0.2,0.25,0.5,0.25
tip_middle_root_1_3_1,75,舌尖,/Users/yuchiwu/Desktop/tongue_project/images_json/75.JPG,/Users/yuchiwu/Desktop/tongue_project/output/tip_middle_root_1_3_1/regions/舌尖/75.png,139136,0.2,0.6000000000000001,0.2,0.25,0.5,0.25
tip_middle_root_1_3_1,75,舌左邊,/Users/yuchiwu/Desktop/tongue_project/images_json/75.JPG,/Users/yuchiwu/Desktop/tongue_project/output/tip_middle_root_1_3_1/regions/舌左邊/75.png,170937,0.2,0.6000000000000001,0.2,0.25,0.5,0.25
tip_middle_root_1_3_1,75,舌中,/Users/yuchiwu/Desktop/tongue_project/images_json/75.JPG,/Users/yuchiwu/Desktop/tongue_project/output/tip_middle_root_1_3_1/regions/舌中/75.png,391678,0.2,0.6000000000000001,0.2,0.25,0.5,0.25
tip_middle_root_1_3_1,75,舌右邊,/Users/yuchiwu/Desktop/tongue_project/images_json/75.JPG,/Users/yuchiwu/Desktop/tongue_project/output/tip_middle_root_1_3_1/regions/舌右邊/75.png,158647,0.2,0.6000000000000001,0.2,0.25,0.5,0.25
tip_middle_root_1_3_1,76,舌根,/Users/yuchiwu/Desktop/tongue_project/images_json/76.JPG,/Users/yuchiwu/Desktop/tongue_project/output/tip_middle_root_1_3_1/regions/舌根/76.png,137053,0.2,0.6000000000000001,0.2,0.25,0.5,0.25
tip_middle_root_1_3_1,76,舌尖,/Users/yuchiwu/Desktop/tongue_project/images_json/76.JPG,/Users/yuchiwu/Desktop/tongue_project/output/tip_middle_root_1_3_1/regions/舌尖/76.png,111432,0.2,0.6000000000000001,0.2,0.25,0.5,0.25
tip_middle_root_1_3_1,76,舌左邊,/Users/yuchiwu/Desktop/tongue_project/images_json/76.JPG,/Users/yuchiwu/Desktop/tongue_project/output/tip_middle_root_1_3_1/regions/舌左邊/76.png,121842,0.2,0.6000000000000001,0.2,0.25,0.5,0.25
tip_middle_root_1_3_1,76,舌中,/Users/yuchiwu/Desktop/tongue_project/images_json/76.JPG,/Users/yuchiwu/Desktop/tongue_project/output/tip_middle_root_1_3_1/regions/舌中/76.png,309468,0.2,0.6000000000000001,0.2,0.25,0.5,0.25
tip_middle_root_1_3_1,76,舌右邊,/Users/yuchiwu/Desktop/tongue_project/images_json/76.JPG,/Users/yuchiwu/Desktop/tongue_project/output/tip_middle_root_1_3_1/regions/舌右邊/76.png,133390,0.2,0.6000000000000001,0.2,0.25,0.5,0.25
tip_middle_root_1_3_1,77,舌根,/Users/yuchiwu/Desktop/tongue_project/images_json/77.JPG,/Users/yuchiwu/Desktop/tongue_project/output/tip_middle_root_1_3_1/regions/舌根/77.png,206679,0.2,0.6000000000000001,0.2,0.25,0.5,0.25
tip_middle_root_1_3_1,77,舌尖,/Users/yuchiwu/Desktop/tongue_project/images_json/77.JPG,/Users/yuchiwu/Desktop/tongue_project/output/tip_middle_root_1_3_1/regions/舌尖/77.png,146522,0.2,0.6000000000000001,0.2,0.25,0.5,0.25
tip_middle_root_1_3_1,77,舌左邊,/Users/yuchiwu/Desktop/tongue_project/images_json/77.JPG,/Users/yuchiwu/Desktop/tongue_project/output/tip_middle_root_1_3_1/regions/舌左邊/77.png,169442,0.2,0.6000000000000001,0.2,0.25,0.5,0.25
tip_middle_root_1_3_1,77,舌中,/Users/yuchiwu/Desktop/tongue_project/images_json/77.JPG,/Users/yuchiwu/Desktop/tongue_project/output/tip_middle_root_1_3_1/regions/舌中/77.png,536192,0.2,0.6000000000000001,0.2,0.25,0.5,0.25
tip_middle_root_1_3_1,77,舌右邊,/Users/yuchiwu/Desktop/tongue_project/images_json/77.JPG,/Users/yuchiwu/Desktop/tongue_project/output/tip_middle_root_1_3_1/regions/舌右邊/77.png,248687,0.2,0.6000000000000001,0.2,0.25,0.5,0.25
tip_middle_root_1_3_1,78,舌根,/Users/yuchiwu/Desktop/tongue_project/images_json/78.JPG,/Users/yuchiwu/Desktop/tongue_project/output/tip_middle_root_1_3_1/regions/舌根/78.png,109576,0.2,0.6000000000000001,0.2,0.25,0.5,0.25
tip_middle_root_1_3_1,78,舌尖,/Users/yuchiwu/Desktop/tongue_project/images_json/78.JPG,/Users/yuchiwu/Desktop/tongue_project/output/tip_middle_root_1_3_1/regions/舌尖/78.png,48112,0.2,0.6000000000000001,0.2,0.25,0.5,0.25
tip_middle_root_1_3_1,78,舌左邊,/Users/yuchiwu/Desktop/tongue_project/images_json/78.JPG,/Users/yuchiwu/Desktop/tongue_project/output/tip_middle_root_1_3_1/regions/舌左邊/78.png,65922,0.2,0.6000000000000001,0.2,0.25,0.5,0.25
tip_middle_root_1_3_1,78,舌中,/Users/yuchiwu/Desktop/tongue_project/images_json/78.JPG,/Users/yuchiwu/Desktop/tongue_project/output/tip_middle_root_1_3_1/regions/舌中/78.png,180856,0.2,0.6000000000000001,0.2,0.25,0.5,0.25
tip_middle_root_1_3_1,78,舌右邊,/Users/yuchiwu/Desktop/tongue_project/images_json/78.JPG,/Users/yuchiwu/Desktop/tongue_project/output/tip_middle_root_1_3_1/regions/舌右邊/78.png,64575,0.2,0.6000000000000001,0.2,0.25,0.5,0.25
tip_middle_root_1_3_1,79,舌根,/Users/yuchiwu/Desktop/tongue_project/images_json/79.JPG,/Users/yuchiwu/Desktop/tongue_project/output/tip_middle_root_1_3_1/regions/舌根/79.png,66914,0.2,0.6000000000000001,0.2,0.25,0.5,0.25
tip_middle_root_1_3_1,79,舌尖,/Users/yuchiwu/Desktop/tongue_project/images_json/79.JPG,/Users/yuchiwu/Desktop/tongue_project/output/tip_middle_root_1_3_1/regions/舌尖/79.png,32643,0.2,0.6000000000000001,0.2,0.25,0.5,0.25
tip_middle_root_1_3_1,79,舌左邊,/Users/yuchiwu/Desktop/tongue_project/images_json/79.JPG,/Users/yuchiwu/Desktop/tongue_project/output/tip_middle_root_1_3_1/regions/舌左邊/79.png,40395,0.2,0.6000000000000001,0.2,0.25,0.5,0.25
tip_middle_root_1_3_1,79,舌中,/Users/yuchiwu/Desktop/tongue_project/images_json/79.JPG,/Users/yuchiwu/Desktop/tongue_project/output/tip_middle_root_1_3_1/regions/舌中/79.png,118327,0.2,0.6000000000000001,0.2,0.25,0.5,0.25
tip_middle_root_1_3_1,79,舌右邊,/Users/yuchiwu/Desktop/tongue_project/images_json/79.JPG,/Users/yuchiwu/Desktop/tongue_project/output/tip_middle_root_1_3_1/regions/舌右邊/79.png,46627,0.2,0.6000000000000001,0.2,0.25,0.5,0.25
tip_middle_root_1_3_1,8,舌根,/Users/yuchiwu/Desktop/tongue_project/images_json/8.jpg,/Users/yuchiwu/Desktop/tongue_project/output/tip_middle_root_1_3_1/regions/舌根/8.png,231745,0.2,0.6000000000000001,0.2,0.25,0.5,0.25
tip_middle_root_1_3_1,8,舌尖,/Users/yuchiwu/Desktop/tongue_project/images_json/8.jpg,/Users/yuchiwu/Desktop/tongue_project/output/tip_middle_root_1_3_1/regions/舌尖/8.png,151026,0.2,0.6000000000000001,0.2,0.25,0.5,0.25
tip_middle_root_1_3_1,8,舌左邊,/Users/yuchiwu/Desktop/tongue_project/images_json/8.jpg,/Users/yuchiwu/Desktop/tongue_project/output/tip_middle_root_1_3_1/regions/舌左邊/8.png,157967,0.2,0.6000000000000001,0.2,0.25,0.5,0.25
tip_middle_root_1_3_1,8,舌中,/Users/yuchiwu/Desktop/tongue_project/images_json/8.jpg,/Users/yuchiwu/Desktop/tongue_project/output/tip_middle_root_1_3_1/regions/舌中/8.png,456600,0.2,0.6000000000000001,0.2,0.25,0.5,0.25
tip_middle_root_1_3_1,8,舌右邊,/Users/yuchiwu/Desktop/tongue_project/images_json/8.jpg,/Users/yuchiwu/Desktop/tongue_project/output/tip_middle_root_1_3_1/regions/舌右邊/8.png,206343,0.2,0.6000000000000001,0.2,0.25,0.5,0.25
tip_middle_root_1_3_1,80,舌根,/Users/yuchiwu/Desktop/tongue_project/images_json/80.JPG,/Users/yuchiwu/Desktop/tongue_project/output/tip_middle_root_1_3_1/regions/舌根/80.png,278334,0.2,0.6000000000000001,0.2,0.25,0.5,0.25
tip_middle_root_1_3_1,80,舌尖,/Users/yuchiwu/Desktop/tongue_project/images_json/80.JPG,/Users/yuchiwu/Desktop/tongue_project/output/tip_middle_root_1_3_1/regions/舌尖/80.png,115245,0.2,0.6000000000000001,0.2,0.25,0.5,0.25
tip_middle_root_1_3_1,80,舌左邊,/Users/yuchiwu/Desktop/tongue_project/images_json/80.JPG,/Users/yuchiwu/Desktop/tongue_project/output/tip_middle_root_1_3_1/regions/舌左邊/80.png,168118,0.2,0.6000000000000001,0.2,0.25,0.5,0.25
tip_middle_root_1_3_1,80,舌中,/Users/yuchiwu/Desktop/tongue_project/images_json/80.JPG,/Users/yuchiwu/Desktop/tongue_project/output/tip_middle_root_1_3_1/regions/舌中/80.png,486500,0.2,0.6000000000000001,0.2,0.25,0.5,0.25
tip_middle_root_1_3_1,80,舌右邊,/Users/yuchiwu/Desktop/tongue_project/images_json/80.JPG,/Users/yuchiwu/Desktop/tongue_project/output/tip_middle_root_1_3_1/regions/舌右邊/80.png,133246,0.2,0.6000000000000001,0.2,0.25,0.5,0.25
tip_middle_root_1_3_1,81,舌根,/Users/yuchiwu/Desktop/tongue_project/images_json/81.JPG,/Users/yuchiwu/Desktop/tongue_project/output/tip_middle_root_1_3_1/regions/舌根/81.png,68918,0.2,0.6000000000000001,0.2,0.25,0.5,0.25
tip_middle_root_1_3_1,81,舌尖,/Users/yuchiwu/Desktop/tongue_project/images_json/81.JPG,/Users/yuchiwu/Desktop/tongue_project/output/tip_middle_root_1_3_1/regions/舌尖/81.png,33028,0.2,0.6000000000000001,0.2,0.25,0.5,0.25
tip_middle_root_1_3_1,81,舌左邊,/Users/yuchiwu/Desktop/tongue_project/images_json/81.JPG,/Users/yuchiwu/Desktop/tongue_project/output/tip_middle_root_1_3_1/regions/舌左邊/81.png,38818,0.2,0.6000000000000001,0.2,0.25,0.5,0.25
tip_middle_root_1_3_1,81,舌中,/Users/yuchiwu/Desktop/tongue_project/images_json/81.JPG,/Users/yuchiwu/Desktop/tongue_project/output/tip_middle_root_1_3_1/regions/舌中/81.png,140081,0.2,0.6000000000000001,0.2,0.25,0.5,0.25
tip_middle_root_1_3_1,81,舌右邊,/Users/yuchiwu/Desktop/tongue_project/images_json/81.JPG,/Users/yuchiwu/Desktop/tongue_project/output/tip_middle_root_1_3_1/regions/舌右邊/81.png,41686,0.2,0.6000000000000001,0.2,0.25,0.5,0.25
tip_middle_root_1_3_1,82,舌根,/Users/yuchiwu/Desktop/tongue_project/images_json/82.JPG,/Users/yuchiwu/Desktop/tongue_project/output/tip_middle_root_1_3_1/regions/舌根/82.png,150772,0.2,0.6000000000000001,0.2,0.25,0.5,0.25
tip_middle_root_1_3_1,82,舌尖,/Users/yuchiwu/Desktop/tongue_project/images_json/82.JPG,/Users/yuchiwu/Desktop/tongue_project/output/tip_middle_root_1_3_1/regions/舌尖/82.png,91191,0.2,0.6000000000000001,0.2,0.25,0.5,0.25
tip_middle_root_1_3_1,82,舌左邊,/Users/yuchiwu/Desktop/tongue_project/images_json/82.JPG,/Users/yuchiwu/Desktop/tongue_project/output/tip_middle_root_1_3_1/regions/舌左邊/82.png,121549,0.2,0.6000000000000001,0.2,0.25,0.5,0.25
tip_middle_root_1_3_1,82,舌中,/Users/yuchiwu/Desktop/tongue_project/images_json/82.JPG,/Users/yuchiwu/Desktop/tongue_project/output/tip_middle_root_1_3_1/regions/舌中/82.png,285120,0.2,0.6000000000000001,0.2,0.25,0.5,0.25
tip_middle_root_1_3_1,82,舌右邊,/Users/yuchiwu/Desktop/tongue_project/images_json/82.JPG,/Users/yuchiwu/Desktop/tongue_project/output/tip_middle_root_1_3_1/regions/舌右邊/82.png,104275,0.2,0.6000000000000001,0.2,0.25,0.5,0.25
tip_middle_root_1_3_1,83,舌根,/Users/yuchiwu/Desktop/tongue_project/images_json/83.jpg,/Users/yuchiwu/Desktop/tongue_project/output/tip_middle_root_1_3_1/regions/舌根/83.png,217957,0.2,0.6000000000000001,0.2,0.25,0.5,0.25
tip_middle_root_1_3_1,83,舌尖,/Users/yuchiwu/Desktop/tongue_project/images_json/83.jpg,/Users/yuchiwu/Desktop/tongue_project/output/tip_middle_root_1_3_1/regions/舌尖/83.png,164210,0.2,0.6000000000000001,0.2,0.25,0.5,0.25
tip_middle_root_1_3_1,83,舌左邊,/Users/yuchiwu/Desktop/tongue_project/images_json/83.jpg,/Users/yuchiwu/Desktop/tongue_project/output/tip_middle_root_1_3_1/regions/舌左邊/83.png,168930,0.2,0.6000000000000001,0.2,0.25,0.5,0.25
tip_middle_root_1_3_1,83,舌中,/Users/yuchiwu/Desktop/tongue_project/images_json/83.jpg,/Users/yuchiwu/Desktop/tongue_project/output/tip_middle_root_1_3_1/regions/舌中/83.png,377696,0.2,0.6000000000000001,0.2,0.25,0.5,0.25
tip_middle_root_1_3_1,83,舌右邊,/Users/yuchiwu/Desktop/tongue_project/images_json/83.jpg,/Users/yuchiwu/Desktop/tongue_project/output/tip_middle_root_1_3_1/regions/舌右邊/83.png,146441,0.2,0.6000000000000001,0.2,0.25,0.5,0.25
tip_middle_root_1_3_1,84,舌根,/Users/yuchiwu/Desktop/tongue_project/images_json/84.JPG,/Users/yuchiwu/Desktop/tongue_project/output/tip_middle_root_1_3_1/regions/舌根/84.png,108028,0.2,0.6000000000000001,0.2,0.25,0.5,0.25
tip_middle_root_1_3_1,84,舌尖,/Users/yuchiwu/Desktop/tongue_project/images_json/84.JPG,/Users/yuchiwu/Desktop/tongue_project/output/tip_middle_root_1_3_1/regions/舌尖/84.png,81108,0.2,0.6000000000000001,0.2,0.25,0.5,0.25
tip_middle_root_1_3_1,84,舌左邊,/Users/yuchiwu/Desktop/tongue_project/images_json/84.JPG,/Users/yuchiwu/Desktop/tongue_project/output/tip_middle_root_1_3_1/regions/舌左邊/84.png,87448,0.2,0.6000000000000001,0.2,0.25,0.5,0.25
tip_middle_root_1_3_1,84,舌中,/Users/yuchiwu/Desktop/tongue_project/images_json/84.JPG,/Users/yuchiwu/Desktop/tongue_project/output/tip_middle_root_1_3_1/regions/舌中/84.png,214638,0.2,0.6000000000000001,0.2,0.25,0.5,0.25
tip_middle_root_1_3_1,84,舌右邊,/Users/yuchiwu/Desktop/tongue_project/images_json/84.JPG,/Users/yuchiwu/Desktop/tongue_project/output/tip_middle_root_1_3_1/regions/舌右邊/84.png,101671,0.2,0.6000000000000001,0.2,0.25,0.5,0.25
tip_middle_root_1_3_1,85,舌根,/Users/yuchiwu/Desktop/tongue_project/images_json/85.jpg,/Users/yuchiwu/Desktop/tongue_project/output/tip_middle_root_1_3_1/regions/舌根/85.png,255498,0.2,0.6000000000000001,0.2,0.25,0.5,0.25
tip_middle_root_1_3_1,85,舌尖,/Users/yuchiwu/Desktop/tongue_project/images_json/85.jpg,/Users/yuchiwu/Desktop/tongue_project/output/tip_middle_root_1_3_1/regions/舌尖/85.png,157723,0.2,0.6000000000000001,0.2,0.25,0.5,0.25
tip_middle_root_1_3_1,85,舌左邊,/Users/yuchiwu/Desktop/tongue_project/images_json/85.jpg,/Users/yuchiwu/Desktop/tongue_project/output/tip_middle_root_1_3_1/regions/舌左邊/85.png,157126,0.2,0.6000000000000001,0.2,0.25,0.5,0.25
tip_middle_root_1_3_1,85,舌中,/Users/yuchiwu/Desktop/tongue_project/images_json/85.jpg,/Users/yuchiwu/Desktop/tongue_project/output/tip_middle_root_1_3_1/regions/舌中/85.png,483575,0.2,0.6000000000000001,0.2,0.25,0.5,0.25
tip_middle_root_1_3_1,85,舌右邊,/Users/yuchiwu/Desktop/tongue_project/images_json/85.jpg,/Users/yuchiwu/Desktop/tongue_project/output/tip_middle_root_1_3_1/regions/舌右邊/85.png,112433,0.2,0.6000000000000001,0.2,0.25,0.5,0.25
tip_middle_root_1_3_1,86,舌根,/Users/yuchiwu/Desktop/tongue_project/images_json/86.JPG,/Users/yuchiwu/Desktop/tongue_project/output/tip_middle_root_1_3_1/regions/舌根/86.png,170827,0.2,0.6000000000000001,0.2,0.25,0.5,0.25
tip_middle_root_1_3_1,86,舌尖,/Users/yuchiwu/Desktop/tongue_project/images_json/86.JPG,/Users/yuchiwu/Desktop/tongue_project/output/tip_middle_root_1_3_1/regions/舌尖/86.png,100427,0.2,0.6000000000000001,0.2,0.25,0.5,0.25
tip_middle_root_1_3_1,86,舌左邊,/Users/yuchiwu/Desktop/tongue_project/images_json/86.JPG,/Users/yuchiwu/Desktop/tongue_project/output/tip_middle_root_1_3_1/regions/舌左邊/86.png,138539,0.2,0.6000000000000001,0.2,0.25,0.5,0.25
tip_middle_root_1_3_1,86,舌中,/Users/yuchiwu/Desktop/tongue_project/images_json/86.JPG,/Users/yuchiwu/Desktop/tongue_project/output/tip_middle_root_1_3_1/regions/舌中/86.png,331414,0.2,0.6000000000000001,0.2,0.25,0.5,0.25
tip_middle_root_1_3_1,86,舌右邊,/Users/yuchiwu/Desktop/tongue_project/images_json/86.JPG,/Users/yuchiwu/Desktop/tongue_project/output/tip_middle_root_1_3_1/regions/舌右邊/86.png,79238,0.2,0.6000000000000001,0.2,0.25,0.5,0.25
tip_middle_root_1_3_1,87,舌根,/Users/yuchiwu/Desktop/tongue_project/images_json/87.jpg,/Users/yuchiwu/Desktop/tongue_project/output/tip_middle_root_1_3_1/regions/舌根/87.png,110305,0.2,0.6000000000000001,0.2,0.25,0.5,0.25
tip_middle_root_1_3_1,87,舌尖,/Users/yuchiwu/Desktop/tongue_project/images_json/87.jpg,/Users/yuchiwu/Desktop/tongue_project/output/tip_middle_root_1_3_1/regions/舌尖/87.png,71647,0.2,0.6000000000000001,0.2,0.25,0.5,0.25
tip_middle_root_1_3_1,87,舌左邊,/Users/yuchiwu/Desktop/tongue_project/images_json/87.jpg,/Users/yuchiwu/Desktop/tongue_project/output/tip_middle_root_1_3_1/regions/舌左邊/87.png,91948,0.2,0.6000000000000001,0.2,0.25,0.5,0.25
tip_middle_root_1_3_1,87,舌中,/Users/yuchiwu/Desktop/tongue_project/images_json/87.jpg,/Users/yuchiwu/Desktop/tongue_project/output/tip_middle_root_1_3_1/regions/舌中/87.png,246168,0.2,0.6000000000000001,0.2,0.25,0.5,0.25
tip_middle_root_1_3_1,87,舌右邊,/Users/yuchiwu/Desktop/tongue_project/images_json/87.jpg,/Users/yuchiwu/Desktop/tongue_project/output/tip_middle_root_1_3_1/regions/舌右邊/87.png,107953,0.2,0.6000000000000001,0.2,0.25,0.5,0.25
tip_middle_root_1_3_1,88,舌根,/Users/yuchiwu/Desktop/tongue_project/images_json/88.JPG,/Users/yuchiwu/Desktop/tongue_project/output/tip_middle_root_1_3_1/regions/舌根/88.png,164472,0.2,0.6000000000000001,0.2,0.25,0.5,0.25
tip_middle_root_1_3_1,88,舌尖,/Users/yuchiwu/Desktop/tongue_project/images_json/88.JPG,/Users/yuchiwu/Desktop/tongue_project/output/tip_middle_root_1_3_1/regions/舌尖/88.png,123370,0.2,0.6000000000000001,0.2,0.25,0.5,0.25
tip_middle_root_1_3_1,88,舌左邊,/Users/yuchiwu/Desktop/tongue_project/images_json/88.JPG,/Users/yuchiwu/Desktop/tongue_project/output/tip_middle_root_1_3_1/regions/舌左邊/88.png,146204,0.2,0.6000000000000001,0.2,0.25,0.5,0.25
tip_middle_root_1_3_1,88,舌中,/Users/yuchiwu/Desktop/tongue_project/images_json/88.JPG,/Users/yuchiwu/Desktop/tongue_project/output/tip_middle_root_1_3_1/regions/舌中/88.png,342996,0.2,0.6000000000000001,0.2,0.25,0.5,0.25
tip_middle_root_1_3_1,88,舌右邊,/Users/yuchiwu/Desktop/tongue_project/images_json/88.JPG,/Users/yuchiwu/Desktop/tongue_project/output/tip_middle_root_1_3_1/regions/舌右邊/88.png,153304,0.2,0.6000000000000001,0.2,0.25,0.5,0.25
tip_middle_root_1_3_1,89,舌根,/Users/yuchiwu/Desktop/tongue_project/images_json/89.JPG,/Users/yuchiwu/Desktop/tongue_project/output/tip_middle_root_1_3_1/regions/舌根/89.png,103544,0.2,0.6000000000000001,0.2,0.25,0.5,0.25
tip_middle_root_1_3_1,89,舌尖,/Users/yuchiwu/Desktop/tongue_project/images_json/89.JPG,/Users/yuchiwu/Desktop/tongue_project/output/tip_middle_root_1_3_1/regions/舌尖/89.png,58702,0.2,0.6000000000000001,0.2,0.25,0.5,0.25
tip_middle_root_1_3_1,89,舌左邊,/Users/yuchiwu/Desktop/tongue_project/images_json/89.JPG,/Users/yuchiwu/Desktop/tongue_project/output/tip_middle_root_1_3_1/regions/舌左邊/89.png,87911,0.2,0.6000000000000001,0.2,0.25,0.5,0.25
tip_middle_root_1_3_1,89,舌中,/Users/yuchiwu/Desktop/tongue_project/images_json/89.JPG,/Users/yuchiwu/Desktop/tongue_project/output/tip_middle_root_1_3_1/regions/舌中/89.png,227639,0.2,0.6000000000000001,0.2,0.25,0.5,0.25
tip_middle_root_1_3_1,89,舌右邊,/Users/yuchiwu/Desktop/tongue_project/images_json/89.JPG,/Users/yuchiwu/Desktop/tongue_project/output/tip_middle_root_1_3_1/regions/舌右邊/89.png,62159,0.2,0.6000000000000001,0.2,0.25,0.5,0.25
tip_middle_root_1_3_1,9,舌根,/Users/yuchiwu/Desktop/tongue_project/images_json/9.jpg,/Users/yuchiwu/Desktop/tongue_project/output/tip_middle_root_1_3_1/regions/舌根/9.png,171328,0.2,0.6000000000000001,0.2,0.25,0.5,0.25
tip_middle_root_1_3_1,9,舌尖,/Users/yuchiwu/Desktop/tongue_project/images_json/9.jpg,/Users/yuchiwu/Desktop/tongue_project/output/tip_middle_root_1_3_1/regions/舌尖/9.png,129485,0.2,0.6000000000000001,0.2,0.25,0.5,0.25
tip_middle_root_1_3_1,9,舌左邊,/Users/yuchiwu/Desktop/tongue_project/images_json/9.jpg,/Users/yuchiwu/Desktop/tongue_project/output/tip_middle_root_1_3_1/regions/舌左邊/9.png,159598,0.2,0.6000000000000001,0.2,0.25,0.5,0.25
tip_middle_root_1_3_1,9,舌中,/Users/yuchiwu/Desktop/tongue_project/images_json/9.jpg,/Users/yuchiwu/Desktop/tongue_project/output/tip_middle_root_1_3_1/regions/舌中/9.png,366448,0.2,0.6000000000000001,0.2,0.25,0.5,0.25
tip_middle_root_1_3_1,9,舌右邊,/Users/yuchiwu/Desktop/tongue_project/images_json/9.jpg,/Users/yuchiwu/Desktop/tongue_project/output/tip_middle_root_1_3_1/regions/舌右邊/9.png,152702,0.2,0.6000000000000001,0.2,0.25,0.5,0.25
tip_middle_root_1_3_1,90,舌根,/Users/yuchiwu/Desktop/tongue_project/images_json/90.JPG,/Users/yuchiwu/Desktop/tongue_project/output/tip_middle_root_1_3_1/regions/舌根/90.png,160005,0.2,0.6000000000000001,0.2,0.25,0.5,0.25
tip_middle_root_1_3_1,90,舌尖,/Users/yuchiwu/Desktop/tongue_project/images_json/90.JPG,/Users/yuchiwu/Desktop/tongue_project/output/tip_middle_root_1_3_1/regions/舌尖/90.png,85099,0.2,0.6000000000000001,0.2,0.25,0.5,0.25
tip_middle_root_1_3_1,90,舌左邊,/Users/yuchiwu/Desktop/tongue_project/images_json/90.JPG,/Users/yuchiwu/Desktop/tongue_project/output/tip_middle_root_1_3_1/regions/舌左邊/90.png,96610,0.2,0.6000000000000001,0.2,0.25,0.5,0.25
tip_middle_root_1_3_1,90,舌中,/Users/yuchiwu/Desktop/tongue_project/images_json/90.JPG,/Users/yuchiwu/Desktop/tongue_project/output/tip_middle_root_1_3_1/regions/舌中/90.png,274432,0.2,0.6000000000000001,0.2,0.25,0.5,0.25
tip_middle_root_1_3_1,90,舌右邊,/Users/yuchiwu/Desktop/tongue_project/images_json/90.JPG,/Users/yuchiwu/Desktop/tongue_project/output/tip_middle_root_1_3_1/regions/舌右邊/90.png,107144,0.2,0.6000000000000001,0.2,0.25,0.5,0.25
tip_middle_root_1_3_1,91,舌根,/Users/yuchiwu/Desktop/tongue_project/images_json/91.JPG,/Users/yuchiwu/Desktop/tongue_project/output/tip_middle_root_1_3_1/regions/舌根/91.png,118478,0.2,0.6000000000000001,0.2,0.25,0.5,0.25
tip_middle_root_1_3_1,91,舌尖,/Users/yuchiwu/Desktop/tongue_project/images_json/91.JPG,/Users/yuchiwu/Desktop/tongue_project/output/tip_middle_root_1_3_1/regions/舌尖/91.png,93686,0.2,0.6000000000000001,0.2,0.25,0.5,0.25
tip_middle_root_1_3_1,91,舌左邊,/Users/yuchiwu/Desktop/tongue_project/images_json/91.JPG,/Users/yuchiwu/Desktop/tongue_project/output/tip_middle_root_1_3_1/regions/舌左邊/91.png,105008,0.2,0.6000000000000001,0.2,0.25,0.5,0.25
tip_middle_root_1_3_1,91,舌中,/Users/yuchiwu/Desktop/tongue_project/images_json/91.JPG,/Users/yuchiwu/Desktop/tongue_project/output/tip_middle_root_1_3_1/regions/舌中/91.png,247486,0.2,0.6000000000000001,0.2,0.25,0.5,0.25
tip_middle_root_1_3_1,91,舌右邊,/Users/yuchiwu/Desktop/tongue_project/images_json/91.JPG,/Users/yuchiwu/Desktop/tongue_project/output/tip_middle_root_1_3_1/regions/舌右邊/91.png,104708,0.2,0.6000000000000001,0.2,0.25,0.5,0.25
tip_middle_root_1_3_1,92,舌根,/Users/yuchiwu/Desktop/tongue_project/images_json/92.JPG,/Users/yuchiwu/Desktop/tongue_project/output/tip_middle_root_1_3_1/regions/舌根/92.png,106408,0.2,0.6000000000000001,0.2,0.25,0.5,0.25
tip_middle_root_1_3_1,92,舌尖,/Users/yuchiwu/Desktop/tongue_project/images_json/92.JPG,/Users/yuchiwu/Desktop/tongue_project/output/tip_middle_root_1_3_1/regions/舌尖/92.png,71149,0.2,0.6000000000000001,0.2,0.25,0.5,0.25
tip_middle_root_1_3_1,92,舌左邊,/Users/yuchiwu/Desktop/tongue_project/images_json/92.JPG,/Users/yuchiwu/Desktop/tongue_project/output/tip_middle_root_1_3_1/regions/舌左邊/92.png,93810,0.2,0.6000000000000001,0.2,0.25,0.5,0.25
tip_middle_root_1_3_1,92,舌中,/Users/yuchiwu/Desktop/tongue_project/images_json/92.JPG,/Users/yuchiwu/Desktop/tongue_project/output/tip_middle_root_1_3_1/regions/舌中/92.png,223170,0.2,0.6000000000000001,0.2,0.25,0.5,0.25
tip_middle_root_1_3_1,92,舌右邊,/Users/yuchiwu/Desktop/tongue_project/images_json/92.JPG,/Users/yuchiwu/Desktop/tongue_project/output/tip_middle_root_1_3_1/regions/舌右邊/92.png,97513,0.2,0.6000000000000001,0.2,0.25,0.5,0.25
tip_middle_root_1_3_1,93,舌根,/Users/yuchiwu/Desktop/tongue_project/images_json/93.JPG,/Users/yuchiwu/Desktop/tongue_project/output/tip_middle_root_1_3_1/regions/舌根/93.png,138363,0.2,0.6000000000000001,0.2,0.25,0.5,0.25
tip_middle_root_1_3_1,93,舌尖,/Users/yuchiwu/Desktop/tongue_project/images_json/93.JPG,/Users/yuchiwu/Desktop/tongue_project/output/tip_middle_root_1_3_1/regions/舌尖/93.png,55269,0.2,0.6000000000000001,0.2,0.25,0.5,0.25
tip_middle_root_1_3_1,93,舌左邊,/Users/yuchiwu/Desktop/tongue_project/images_json/93.JPG,/Users/yuchiwu/Desktop/tongue_project/output/tip_middle_root_1_3_1/regions/舌左邊/93.png,79567,0.2,0.6000000000000001,0.2,0.25,0.5,0.25
tip_middle_root_1_3_1,93,舌中,/Users/yuchiwu/Desktop/tongue_project/images_json/93.JPG,/Users/yuchiwu/Desktop/tongue_project/output/tip_middle_root_1_3_1/regions/舌中/93.png,256320,0.2,0.6000000000000001,0.2,0.25,0.5,0.25
tip_middle_root_1_3_1,93,舌右邊,/Users/yuchiwu/Desktop/tongue_project/images_json/93.JPG,/Users/yuchiwu/Desktop/tongue_project/output/tip_middle_root_1_3_1/regions/舌右邊/93.png,84655,0.2,0.6000000000000001,0.2,0.25,0.5,0.25
tip_middle_root_1_3_1,94,舌根,/Users/yuchiwu/Desktop/tongue_project/images_json/94.JPG,/Users/yuchiwu/Desktop/tongue_project/output/tip_middle_root_1_3_1/regions/舌根/94.png,80041,0.2,0.6000000000000001,0.2,0.25,0.5,0.25
tip_middle_root_1_3_1,94,舌尖,/Users/yuchiwu/Desktop/tongue_project/images_json/94.JPG,/Users/yuchiwu/Desktop/tongue_project/output/tip_middle_root_1_3_1/regions/舌尖/94.png,33159,0.2,0.6000000000000001,0.2,0.25,0.5,0.25
tip_middle_root_1_3_1,94,舌左邊,/Users/yuchiwu/Desktop/tongue_project/images_json/94.JPG,/Users/yuchiwu/Desktop/tongue_project/output/tip_middle_root_1_3_1/regions/舌左邊/94.png,35608,0.2,0.6000000000000001,0.2,0.25,0.5,0.25
tip_middle_root_1_3_1,94,舌中,/Users/yuchiwu/Desktop/tongue_project/images_json/94.JPG,/Users/yuchiwu/Desktop/tongue_project/output/tip_middle_root_1_3_1/regions/舌中/94.png,156893,0.2,0.6000000000000001,0.2,0.25,0.5,0.25
tip_middle_root_1_3_1,94,舌右邊,/Users/yuchiwu/Desktop/tongue_project/images_json/94.JPG,/Users/yuchiwu/Desktop/tongue_project/output/tip_middle_root_1_3_1/regions/舌右邊/94.png,61781,0.2,0.6000000000000001,0.2,0.25,0.5,0.25
tip_middle_root_1_3_1,95,舌根,/Users/yuchiwu/Desktop/tongue_project/images_json/95.JPG,/Users/yuchiwu/Desktop/tongue_project/output/tip_middle_root_1_3_1/regions/舌根/95.png,117409,0.2,0.6000000000000001,0.2,0.25,0.5,0.25
tip_middle_root_1_3_1,95,舌尖,/Users/yuchiwu/Desktop/tongue_project/images_json/95.JPG,/Users/yuchiwu/Desktop/tongue_project/output/tip_middle_root_1_3_1/regions/舌尖/95.png,39814,0.2,0.6000000000000001,0.2,0.25,0.5,0.25
tip_middle_root_1_3_1,95,舌左邊,/Users/yuchiwu/Desktop/tongue_project/images_json/95.JPG,/Users/yuchiwu/Desktop/tongue_project/output/tip_middle_root_1_3_1/regions/舌左邊/95.png,60828,0.2,0.6000000000000001,0.2,0.25,0.5,0.25
tip_middle_root_1_3_1,95,舌中,/Users/yuchiwu/Desktop/tongue_project/images_json/95.JPG,/Users/yuchiwu/Desktop/tongue_project/output/tip_middle_root_1_3_1/regions/舌中/95.png,204579,0.2,0.6000000000000001,0.2,0.25,0.5,0.25
tip_middle_root_1_3_1,95,舌右邊,/Users/yuchiwu/Desktop/tongue_project/images_json/95.JPG,/Users/yuchiwu/Desktop/tongue_project/output/tip_middle_root_1_3_1/regions/舌右邊/95.png,73586,0.2,0.6000000000000001,0.2,0.25,0.5,0.25
tip_middle_root_1_3_1,96,舌根,/Users/yuchiwu/Desktop/tongue_project/images_json/96.jpg,/Users/yuchiwu/Desktop/tongue_project/output/tip_middle_root_1_3_1/regions/舌根/96.png,140577,0.2,0.6000000000000001,0.2,0.25,0.5,0.25
tip_middle_root_1_3_1,96,舌尖,/Users/yuchiwu/Desktop/tongue_project/images_json/96.jpg,/Users/yuchiwu/Desktop/tongue_project/output/tip_middle_root_1_3_1/regions/舌尖/96.png,72528,0.2,0.6000000000000001,0.2,0.25,0.5,0.25
tip_middle_root_1_3_1,96,舌左邊,/Users/yuchiwu/Desktop/tongue_project/images_json/96.jpg,/Users/yuchiwu/Desktop/tongue_project/output/tip_middle_root_1_3_1/regions/舌左邊/96.png,112388,0.2,0.6000000000000001,0.2,0.25,0.5,0.25
tip_middle_root_1_3_1,96,舌中,/Users/yuchiwu/Desktop/tongue_project/images_json/96.jpg,/Users/yuchiwu/Desktop/tongue_project/output/tip_middle_root_1_3_1/regions/舌中/96.png,277730,0.2,0.6000000000000001,0.2,0.25,0.5,0.25
tip_middle_root_1_3_1,96,舌右邊,/Users/yuchiwu/Desktop/tongue_project/images_json/96.jpg,/Users/yuchiwu/Desktop/tongue_project/output/tip_middle_root_1_3_1/regions/舌右邊/96.png,89275,0.2,0.6000000000000001,0.2,0.25,0.5,0.25
tip_middle_root_1_3_1,97,舌根,/Users/yuchiwu/Desktop/tongue_project/images_json/97.JPG,/Users/yuchiwu/Desktop/tongue_project/output/tip_middle_root_1_3_1/regions/舌根/97.png,120747,0.2,0.6000000000000001,0.2,0.25,0.5,0.25
tip_middle_root_1_3_1,97,舌尖,/Users/yuchiwu/Desktop/tongue_project/images_json/97.JPG,/Users/yuchiwu/Desktop/tongue_project/output/tip_middle_root_1_3_1/regions/舌尖/97.png,73799,0.2,0.6000000000000001,0.2,0.25,0.5,0.25
tip_middle_root_1_3_1,97,舌左邊,/Users/yuchiwu/Desktop/tongue_project/images_json/97.JPG,/Users/yuchiwu/Desktop/tongue_project/output/tip_middle_root_1_3_1/regions/舌左邊/97.png,122478,0.2,0.6000000000000001,0.2,0.25,0.5,0.25
tip_middle_root_1_3_1,97,舌中,/Users/yuchiwu/Desktop/tongue_project/images_json/97.JPG,/Users/yuchiwu/Desktop/tongue_project/output/tip_middle_root_1_3_1/regions/舌中/97.png,351762,0.2,0.6000000000000001,0.2,0.25,0.5,0.25
tip_middle_root_1_3_1,97,舌右邊,/Users/yuchiwu/Desktop/tongue_project/images_json/97.JPG,/Users/yuchiwu/Desktop/tongue_project/output/tip_middle_root_1_3_1/regions/舌右邊/97.png,75948,0.2,0.6000000000000001,0.2,0.25,0.5,0.25
tip_middle_root_1_3_1,98,舌根,/Users/yuchiwu/Desktop/tongue_project/images_json/98.JPG,/Users/yuchiwu/Desktop/tongue_project/output/tip_middle_root_1_3_1/regions/舌根/98.png,109491,0.2,0.6000000000000001,0.2,0.25,0.5,0.25
tip_middle_root_1_3_1,98,舌尖,/Users/yuchiwu/Desktop/tongue_project/images_json/98.JPG,/Users/yuchiwu/Desktop/tongue_project/output/tip_middle_root_1_3_1/regions/舌尖/98.png,95773,0.2,0.6000000000000001,0.2,0.25,0.5,0.25
tip_middle_root_1_3_1,98,舌左邊,/Users/yuchiwu/Desktop/tongue_project/images_json/98.JPG,/Users/yuchiwu/Desktop/tongue_project/output/tip_middle_root_1_3_1/regions/舌左邊/98.png,97915,0.2,0.6000000000000001,0.2,0.25,0.5,0.25
tip_middle_root_1_3_1,98,舌中,/Users/yuchiwu/Desktop/tongue_project/images_json/98.JPG,/Users/yuchiwu/Desktop/tongue_project/output/tip_middle_root_1_3_1/regions/舌中/98.png,242373,0.2,0.6000000000000001,0.2,0.25,0.5,0.25
tip_middle_root_1_3_1,98,舌右邊,/Users/yuchiwu/Desktop/tongue_project/images_json/98.JPG,/Users/yuchiwu/Desktop/tongue_project/output/tip_middle_root_1_3_1/regions/舌右邊/98.png,109343,0.2,0.6000000000000001,0.2,0.25,0.5,0.25
tip_middle_root_1_3_1,99,舌根,/Users/yuchiwu/Desktop/tongue_project/images_json/99.JPG,/Users/yuchiwu/Desktop/tongue_project/output/tip_middle_root_1_3_1/regions/舌根/99.png,153663,0.2,0.6000000000000001,0.2,0.25,0.5,0.25
tip_middle_root_1_3_1,99,舌尖,/Users/yuchiwu/Desktop/tongue_project/images_json/99.JPG,/Users/yuchiwu/Desktop/tongue_project/output/tip_middle_root_1_3_1/regions/舌尖/99.png,90339,0.2,0.6000000000000001,0.2,0.25,0.5,0.25
tip_middle_root_1_3_1,99,舌左邊,/Users/yuchiwu/Desktop/tongue_project/images_json/99.JPG,/Users/yuchiwu/Desktop/tongue_project/output/tip_middle_root_1_3_1/regions/舌左邊/99.png,123157,0.2,0.6000000000000001,0.2,0.25,0.5,0.25
tip_middle_root_1_3_1,99,舌中,/Users/yuchiwu/Desktop/tongue_project/images_json/99.JPG,/Users/yuchiwu/Desktop/tongue_project/output/tip_middle_root_1_3_1/regions/舌中/99.png,289850,0.2,0.6000000000000001,0.2,0.25,0.5,0.25
tip_middle_root_1_3_1,99,舌右邊,/Users/yuchiwu/Desktop/tongue_project/images_json/99.JPG,/Users/yuchiwu/Desktop/tongue_project/output/tip_middle_root_1_3_1/regions/舌右邊/99.png,110102,0.2,0.6000000000000001,0.2,0.25,0.5,0.25
