segmentation_method,image_id,region,pixel_count,R_mean,R_std,G_mean,G_std,B_mean,B_std,H_mean,H_std,S_mean,S_std,V_mean,V_std,Lab_L_mean,Lab_L_std,Lab_a_mean,Lab_a_std,Lab_b_mean,Lab_b_std,R_hist_0,R_hist_1,R_hist_2,R_hist_3,R_hist_4,R_hist_5,R_hist_6,R_hist_7,G_hist_0,G_hist_1,G_hist_2,G_hist_3,G_hist_4,G_hist_5,G_hist_6,G_hist_7,B_hist_0,B_hist_1,B_hist_2,B_hist_3,B_hist_4,B_hist_5,B_hist_6,B_hist_7,H_hist_0,H_hist_1,H_hist_2,H_hist_3,H_hist_4,H_hist_5,H_hist_6,H_hist_7,S_hist_0,S_hist_1,S_hist_2,S_hist_3,S_hist_4,S_hist_5,S_hist_6,S_hist_7,V_hist_0,V_hist_1,V_hist_2,V_hist_3,V_hist_4,V_hist_5,V_hist_6,V_hist_7,Lab_L_hist_0,Lab_L_hist_1,Lab_L_hist_2,Lab_L_hist_3,Lab_L_hist_4,Lab_L_hist_5,Lab_L_hist_6,Lab_L_hist_7,Lab_a_hist_0,Lab_a_hist_1,Lab_a_hist_2,Lab_a_hist_3,Lab_a_hist_4,Lab_a_hist_5,Lab_a_hist_6,Lab_a_hist_7,Lab_b_hist_0,Lab_b_hist_1,Lab_b_hist_2,Lab_b_hist_3,Lab_b_hist_4,Lab_b_hist_5,Lab_b_hist_6,Lab_b_hist_7
tip_middle_root_1_2_2,10,舌尖,108549,131.71617126464844,10.945695877075195,85.67415618896484,12.983203887939453,103.65390014648438,12.703193664550781,167.67251586914062,6.4662580490112305,89.3507080078125,19.34212875366211,131.71636962890625,10.94597053527832,107.19681549072266,11.727314949035645,149.87144470214844,4.540338516235352,125.74285888671875,2.2557361125946045,0.0,0.0,0.0002303107352439912,0.3206478180360943,0.6789836847875154,0.00013818644114639472,0.0,0.0,0.0,0.044053837437470635,0.7227058747662346,0.23237431943177736,0.0008659683645174069,0.0,0.0,0.0,0.0,6.448700586831753e-05,0.2508820901159845,0.7248800081069379,0.024173414771209316,0.0,0.0,0.0,0.0012344655409077929,0.0,0.0,0.0,0.0,0.0,0.002275470064210633,0.9964900643948815,5.527457645855788e-05,0.09369040709725562,0.5345235792130743,0.34937217293572487,0.022349353748076905,9.212429409759648e-06,0.0,0.0,0.0,0.0,0.0002303107352439912,0.3206478180360943,0.6789836847875154,0.00013818644114639472,0.0,0.0,0.0,0.0,0.1591723553418272,0.8068522049949792,0.03397543966319358,0.0,0.0,0.0,0.0,0.0,0.0,0.0,0.9890187841435665,0.0109812158564335,0.0,0.0,0.0,0.0,0.0,0.7920017687864467,0.20799823121355332,0.0,0.0,0.0
tip_middle_root_1_2_2,10,舌中,284262,136.63763427734375,9.007064819335938,109.20806884765625,13.449966430664062,124.72425842285156,12.610803604125977,162.61610412597656,3.5177974700927734,51.92850112915039,14.025899887084961,136.6400604248047,9.00965404510498,125.42504119873047,12.312958717346191,141.6446075439453,2.7208027839660645,123.67510223388672,1.3585879802703857,0.0,0.0,0.0004995391575377644,0.13057672147525873,0.8688920784346835,3.166093251999916e-05,0.0,0.0,0.0,0.0076302847373197966,0.12929621264889432,0.8097002061478495,0.05337329646593635,0.0,0.0,0.0,0.0,0.0001231258486888856,0.03064426479796807,0.4918948012748802,0.4773378080784628,0.0,0.0,0.0,0.0,0.0,0.0,0.0,0.0,0.0,0.09813130140504182,0.9018686985949582,0.025195066523137105,0.8031076964209075,0.1593987237126313,0.012076886815684123,0.00022162652763999408,0.0,0.0,0.0,0.0,0.0,0.0004995391575377644,0.13057320359386762,0.8688955963160746,3.166093251999916e-05,0.0,0.0,0.0,3.5178813911110174e-06,0.02686606018391484,0.47954000182929835,0.4935904201053957,0.0,0.0,0.0,0.0,0.0,0.0,0.0,1.0,0.0,0.0,0.0,0.0,0.0,0.0,0.9931330955245513,0.006866904475448706,0.0,0.0,0.0
tip_middle_root_1_2_2,10,舌左邊,92768,133.24472045898438,10.825776100158691,95.07249450683594,21.615013122558594,113.91851806640625,20.416915893554688,163.79933166503906,4.959196090698242,75.04583740234375,28.782344818115234,133.25856018066406,10.852307319641113,114.45452117919922,18.546663284301758,146.79702758789062,5.538411617279053,123.85740661621094,2.1681625843048096,0.0,0.0,0.0,0.3078432218006209,0.6897098137288721,0.0024254053121766125,2.1559158330458778e-05,0.0,0.0,0.08083606416005519,0.3985749396343567,0.4851457399103139,0.03531390134529148,0.00012935494998275268,0.0,0.0,0.0,0.000194032424974129,0.2356954984477406,0.44401086581579857,0.31867669886167643,0.0013905657123145913,3.233873749568817e-05,0.0,0.0,0.0,0.0,0.0,0.0,0.0,0.1483701276302173,0.8516298723697827,0.0184869782683684,0.3966130562262849,0.2993812521559158,0.26174974129010004,0.023219213521904106,0.0005497585374266989,0.0,0.0,0.0,0.0,0.0,0.3078432218006209,0.6893756467747499,0.002748792687133494,3.233873749568817e-05,0.0,0.0,0.0,0.2060193170058641,0.48799154880993445,0.30511598827181785,0.0008731459123835806,0.0,0.0,0.0,0.0,0.0,0.0,0.9964104001379787,0.0035895998620213867,0.0,0.0,0.0,0.0,0.0,0.9346218523628838,0.06537814763711625,0.0,0.0,0.0
tip_middle_root_1_2_2,10,舌右邊,63400,129.51087951660156,11.978559494018555,85.17640686035156,20.116016387939453,100.94711303710938,21.17704200744629,168.0402069091797,7.354659557342529,89.05126190185547,27.309511184692383,129.5111846923828,11.97909164428711,105.96829986572266,17.759992599487305,148.98313903808594,4.960654258728027,126.81178283691406,3.4896492958068848,0.0,0.0,0.0003312302839116719,0.39317034700315456,0.6053312302839117,0.001167192429022082,0.0,0.0,0.0,0.16347003154574133,0.5228706624605678,0.3016403785488959,0.012018927444794953,0.0,0.0,0.0,0.0,0.030173501577287067,0.38230283911671925,0.45430599369085173,0.13302839116719242,0.0001892744479495268,0.0,0.0,0.0011198738170347003,0.0,0.0,0.0,0.0,0.0,0.03282334384858044,0.9660567823343849,0.0012302839116719244,0.23413249211356466,0.2873028391167192,0.41865930599369083,0.05854889589905363,0.00012618296529968455,0.0,0.0,0.0,0.0,0.0003312302839116719,0.39317034700315456,0.6053312302839117,0.001167192429022082,0.0,0.0,0.0,0.00036277602523659307,0.29345425867507885,0.5686119873817035,0.1375552050473186,1.577287066246057e-05,0.0,0.0,0.0,0.0,0.0,0.0,0.9984069400630915,0.0015930599369085173,0.0,0.0,0.0,0.0,0.0,0.6203943217665615,0.3796056782334385,0.0,0.0,0.0
tip_middle_root_1_2_2,10,舌根,499829,115.29264068603516,30.651744842529297,86.9153060913086,29.43770408630371,100.49177551269531,31.51763343811035,164.50967407226562,7.053623199462891,66.84959411621094,25.55893898010254,115.29461669921875,30.65352439880371,101.94264221191406,31.953218460083008,142.14913940429688,4.673783779144287,124.97480773925781,2.5061638355255127,0.019464656912664132,0.07866290271272776,0.11426908002536867,0.304190032991283,0.48311922677555724,0.0002941005823991805,0.0,0.0,0.06403590027789505,0.14971320191505494,0.3107762854896375,0.45111428108413076,0.024360331233281782,0.0,0.0,0.0,0.04152019990836866,0.0991279017423959,0.2293224282704685,0.4075213723093298,0.22243407245277885,7.402531665829714e-05,0.0,0.0,0.0010563612755562402,0.0,0.0,0.0,0.0,0.0,0.05721356703992766,0.9417300716845161,0.021115221405720756,0.5323100500371127,0.2764565481394637,0.1549349877658159,0.01503714270280436,0.00014604994908258624,0.0,0.0,0.019464656912664132,0.07866290271272776,0.11426908002536867,0.30416002272777287,0.4831332315651953,0.00031010605627124476,0.0,0.0,0.04605975243533288,0.09399014462946327,0.19978232555533992,0.422778590277875,0.23736717957541478,2.2007526574088337e-05,0.0,0.0,0.0,0.0,0.0,0.0,0.9994057967824996,0.0005942032175003852,0.0,0.0,0.0,0.0,0.0,0.8695313797318683,0.1304686202681317,0.0,0.0,0.0
tip_middle_root_1_2_2,11,舌尖,85645,130.38726806640625,19.250722885131836,87.98481750488281,16.618240356445312,105.02533721923828,15.615602493286133,165.18577575683594,15.652506828308105,84.31765747070312,17.971580505371094,131.1428985595703,18.078893661499023,108.26026153564453,16.857826232910156,148.2915802001953,4.303820610046387,125.48870086669922,4.264529705047607,0.0,3.50283145542647e-05,0.05782007122423959,0.3273279234047522,0.5894331251094634,0.025383851946990485,0.0,0.0,0.0,0.05688598283612587,0.6152840212505108,0.32336972386012025,0.004460272053243038,0.0,0.0,0.0,0.0,0.0007355946056395587,0.3020491564014245,0.6055928542238309,0.0916107186642536,1.1676104851421566e-05,0.0,0.0,0.006083250627590636,0.0,0.0,0.0,0.0,0.021040340942261662,0.07838169186759297,0.8944947165625547,0.00024519820187985286,0.1174849670150038,0.6117111331659758,0.2593496409597758,0.011197384552513281,1.1676104851421566e-05,0.0,0.0,0.0,0.0,0.030229435460330432,0.35305038239243386,0.5913363302002452,0.025383851946990485,0.0,0.0,0.0,0.0009340883881137253,0.2472181680191488,0.6005954813474225,0.1512172339307607,3.50283145542647e-05,0.0,0.0,0.0,0.0,0.0,0.0,0.9965321968591278,0.003467803140872205,0.0,0.0,0.0,0.0,0.0,0.6721700040866367,0.3278299959133633,0.0,0.0,0.0
tip_middle_root_1_2_2,11,舌中,238289,138.48919677734375,16.00333023071289,99.34944915771484,19.31757926940918,119.07225036621094,18.112964630126953,164.3839874267578,3.454937696456909,73.45287322998047,18.487462997436523,138.50003051757812,15.979138374328613,119.0117416381836,18.292688369750977,147.13108825683594,3.612621545791626,123.35227966308594,1.8554458618164062,0.0,0.0,0.006315860153007482,0.22200353352441782,0.7046737365132255,0.06700686980934915,0.0,0.0,0.0,0.025003252353234938,0.3924394327895958,0.5089534137119213,0.073603901145248,0.0,0.0,0.0,0.0,1.67863392770963e-05,0.11623280973943405,0.5318961429188926,0.3504064392397467,0.0014478217626495559,0.0,0.0,0.0,0.0,0.0,0.0,0.0,0.0,0.04366546504454675,0.9563345349554533,0.0022074036149381635,0.3071648292619466,0.566736190088506,0.12174292560714091,0.0021486514274683265,0.0,0.0,0.0,0.0,0.0,0.006030492385296846,0.22228890129212847,0.7046737365132255,0.06700686980934915,0.0,0.0,0.0,0.00017625656240951115,0.12572548460063201,0.5177410623234812,0.35514018691588783,0.0012170095975894816,0.0,0.0,0.0,0.0,0.0,0.0,0.9999412478125301,5.875218746983705e-05,0.0,0.0,0.0,0.0,0.0,0.9872423821494068,0.012757617850593187,0.0,0.0,0.0
tip_middle_root_1_2_2,11,舌左邊,53479,127.18983459472656,12.350381851196289,71.80489349365234,15.713025093078613,91.25785827636719,16.321990966796875,169.0707550048828,2.990539789199829,112.08900451660156,21.402206420898438,127.18983459472656,12.350381851196289,96.19068908691406,14.351672172546387,154.2498016357422,3.9246726036071777,127.0877914428711,3.127389430999756,0.0,0.0,0.0027674414256063126,0.4999345537500701,0.4859103573365246,0.011294152845041979,9.349464275697003e-05,0.0,0.0,0.33106453000243086,0.5826212158043345,0.08321023205370333,0.0031040221395314048,0.0,0.0,0.0,0.0,0.018100562837749398,0.6240019446885694,0.33080274500271134,0.02647768282877391,0.0006170646421960022,0.0,0.0,0.0,0.0,0.0,0.0,0.0,0.0,0.0027674414256063126,0.9972325585743936,0.0,0.014603863198638718,0.2186465715514501,0.48463883019502985,0.2810261971989005,0.0010845378559808524,0.0,0.0,0.0,0.0,0.0027674414256063126,0.4999345537500701,0.4859103573365246,0.011294152845041979,9.349464275697003e-05,0.0,0.0,0.0014959142841115204,0.5331064530002431,0.435385852390658,0.029394715682791377,0.0006170646421960022,0.0,0.0,0.0,0.0,0.0,0.0,0.957852615045158,0.04214738495484209,0.0,0.0,0.0,0.0,0.0,0.5318162269301969,0.4681837730698031,0.0,0.0,0.0
tip_middle_root_1_2_2,11,舌右邊,76756,117.4365005493164,14.220540046691895,72.15583038330078,15.912599563598633,90.57128143310547,17.082618713378906,167.0567169189453,6.911627769470215,99.6497573852539,20.770469665527344,117.46678924560547,14.177477836608887,92.8692855834961,15.617389678955078,150.1573028564453,3.3819258213043213,125.4919204711914,3.2448220252990723,0.0,0.0,0.059695658971285634,0.6958934806399499,0.24295169107301057,0.0014591693157538174,0.0,0.0,0.0004299338162488926,0.30082338839960393,0.6167074886653812,0.08159622700505498,0.0004429621137109802,0.0,0.0,0.0,0.0,0.06344780864036688,0.5481265308249518,0.37056386471415914,0.017861795820522174,0.0,0.0,0.0,0.0009901506071186617,0.0,0.0,0.0,0.0,0.00019542446193131482,0.03765177966543332,0.9611626452655168,0.0,0.039684194069518994,0.3817682005315545,0.48761008911355463,0.08809734743863672,0.002840168846735109,0.0,0.0,0.0,0.0,0.05771535775704831,0.6978737818541872,0.24295169107301057,0.0014591693157538174,0.0,0.0,0.0,0.019320965136275993,0.5557871697326593,0.40445046641304916,0.02042837042055344,1.3028297462087654e-05,0.0,0.0,0.0,0.0,0.0,0.0,0.9988535098233363,0.0011464901766637136,0.0,0.0,0.0,0.0,0.0,0.7417270311115743,0.25827296888842566,0.0,0.0,0.0
tip_middle_root_1_2_2,11,舌根,420767,114.13646697998047,30.676313400268555,78.9813232421875,28.872684478759766,92.22970581054688,31.59579849243164,168.5254669189453,4.020620346069336,82.83038330078125,26.589242935180664,114.13646697998047,30.676313400268555,95.68289947509766,31.247150421142578,145.0087127685547,4.944146633148193,126.47074890136719,2.48331356048584,0.0003850111819605625,0.09424218153990213,0.14478084070281177,0.3731946659315013,0.3638189306670913,0.023514201446406206,6.416853032676041e-05,0.0,0.06100288283064024,0.2370623171493962,0.3962501812166829,0.2646547851899032,0.04097754814422234,5.228546915513812e-05,0.0,0.0,0.03619818094099585,0.16296192429539388,0.315949207043328,0.3410628685234346,0.1429960049148341,0.0008151779963732897,1.663628564027122e-05,0.0,8.793465267000501e-05,0.0,0.0,0.0,0.0,0.0,0.0038429819829026517,0.9960690833644273,0.0012596044841919638,0.27615283517956496,0.4094855347496358,0.25200883149106273,0.05840049243405495,0.0026594290902090707,3.327257128054244e-05,0.0,0.0003850111819605625,0.09424218153990213,0.14478084070281177,0.3731946659315013,0.3638189306670913,0.023514201446406206,6.416853032676041e-05,0.0,0.032856664139535655,0.13756069273493407,0.2849985859157206,0.38246107703313237,0.1611366860994327,0.0009839174650103264,2.3766122343244597e-06,0.0,0.0,0.0,0.0,0.0,0.9979157110704975,0.0020842889295025514,0.0,0.0,0.0,0.0,0.0,0.6879817095922446,0.31201829040775536,0.0,0.0,0.0
tip_middle_root_1_2_2,13,舌尖,145598,159.60598754882812,12.003689765930176,98.62535095214844,16.607576370239258,109.2352294921875,17.245220184326172,172.11436462402344,19.957910537719727,97.8941879272461,19.71401023864746,159.60598754882812,12.003689765930176,124.54313659667969,13.933065414428711,154.12918090820312,5.297324180603027,132.69935607910156,3.231834888458252,0.0,0.0,0.0,0.012582590420198079,0.4574376021648649,0.5141554142227228,0.015426036071924065,0.00039835712029011387,0.0,0.0011057844201156609,0.513605956125771,0.4227461915685655,0.05708869627330046,0.005158037885135785,0.00029533372711163615,0.0,0.0,6.868226211898514e-05,0.1961634088380335,0.6650778170029809,0.12406763829173478,0.014024917924696768,0.0005837992280113738,1.373645242379703e-05,0.013770793554856523,0.0,0.0,0.0,0.0,0.0,0.0,0.9862292064451434,7.555048833088367e-05,0.0513537273863652,0.37340485446228655,0.5287091855657358,0.04614761191774612,0.00030907017953543317,0.0,0.0,0.0,0.0,0.0,0.012582590420198079,0.4574376021648649,0.5141554142227228,0.015426036071924065,0.00039835712029011387,0.0,0.0,0.006277558757675243,0.6859572246871523,0.2792071319660984,0.02746603662138216,0.001078311515268067,1.373645242379703e-05,0.0,0.0,0.0,0.0,0.8571477630187228,0.14285223698127722,0.0,0.0,0.0,0.0,0.0,0.03502795368068243,0.9649720463193175,0.0,0.0,0.0
tip_middle_root_1_2_2,13,舌中,231976,158.6147003173828,8.691536903381348,117.15341186523438,12.661571502685547,127.27984619140625,11.844255447387695,172.7473907470703,1.8790051937103271,67.0230712890625,13.091780662536621,158.6147003173828,8.691536903381348,136.84182739257812,11.014312744140625,145.88807678222656,3.3495750427246094,128.8953399658203,1.2664047479629517,0.0,0.0,0.0,0.0002543366555160879,0.5510268303617616,0.44635651963996276,0.002362313342759596,0.0,0.0,0.0,0.045202952029520294,0.7444218367417319,0.20885781287719418,0.001517398351553609,0.0,0.0,0.0,0.0,0.005746284098355002,0.49753853846949686,0.49080077249370624,0.005875607821498776,3.8797116943132046e-05,0.0,2.1553953857295584e-05,0.0,0.0,0.0,0.0,0.0,0.0,0.9999784460461427,0.00010776976928647791,0.42519915853364143,0.5466772424733594,0.027739938614339415,0.00027589060937338345,0.0,0.0,0.0,0.0,0.0,0.0,0.0002543366555160879,0.5510268303617616,0.44635651963996276,0.002362313342759596,0.0,0.0,0.0,3.8797116943132046e-05,0.19778339138531573,0.7849605131565335,0.017152636479635823,6.466186157188675e-05,0.0,0.0,0.0,0.0,0.0,0.9986895196054765,0.0013104803945235713,0.0,0.0,0.0,0.0,0.0,0.11189088526399282,0.8881091147360072,0.0,0.0,0.0
tip_middle_root_1_2_2,13,舌左邊,105795,148.5411834716797,11.839025497436523,96.06907653808594,15.052989959716797,106.23527526855469,15.662226676940918,173.8254852294922,6.64222526550293,90.75711822509766,16.439804077148438,148.5411834716797,11.839025497436523,119.04988098144531,13.640467643737793,150.82923889160156,3.6241261959075928,131.17864990234375,2.2081875801086426,0.0,0.0,0.0,0.03256297556595302,0.8031192400396994,0.1598468736707784,0.004281865872678293,0.00018904485089087385,0.0,0.01338437544307387,0.4607684673188714,0.5056099059501867,0.017552814405217637,0.0025332010019377097,0.00015123588071269908,0.0,0.0,0.0015029065645824472,0.21887612836145376,0.7059312821967012,0.06911479748570348,0.004036107566520157,0.0005198733399499031,1.8904485089087385e-05,0.0014083841391370102,0.0,0.0,0.0,0.0,0.0,0.0,0.998591615860863,7.561794035634954e-05,0.03791294484616475,0.6069284937851506,0.3455361784583392,0.009537312727444586,9.452242544543693e-06,0.0,0.0,0.0,0.0,0.0,0.03256297556595302,0.8031192400396994,0.1598468736707784,0.004281865872678293,0.00018904485089087385,0.0,0.0,0.04561652251996786,0.7189942813932606,0.22898057564157095,0.005463396190746254,0.0009357720119098256,9.452242544543693e-06,0.0,0.0,0.0,0.0,0.9911243442506734,0.008875655749326528,0.0,0.0,0.0,0.0,0.0,0.014858925280022686,0.9851410747199774,0.0,0.0,0.0
tip_middle_root_1_2_2,13,舌右邊,101428,149.26046752929688,10.479803085327148,96.9289321899414,13.399260520935059,105.98894500732422,15.06755542755127,166.20367431640625,36.623924255371094,90.25105285644531,14.664977073669434,149.26046752929688,10.479803085327148,119.77643585205078,12.164735794067383,150.59219360351562,3.4846081733703613,131.76748657226562,2.5412821769714355,0.0,0.0,3.943684189770083e-05,0.029538194581377922,0.8389990929526363,0.13015143747288718,0.0012126828883543006,5.9155262846551245e-05,0.0,0.0030267776156485387,0.4337855424537603,0.5501932405252987,0.012146547304491856,0.0008281736798517174,1.9718420948850416e-05,0.0,0.0,0.002464802618606302,0.23092242773198723,0.7050912962889931,0.059776393106440034,0.0016267697282801594,0.00011831052569310249,0.0,0.0476791418543203,0.0,0.0,0.0,0.0,0.0,0.0,0.9523208581456797,0.0,0.02190716567417281,0.6571065189099657,0.3123299286193162,0.008488780218480103,0.00016760657806522855,0.0,0.0,0.0,0.0,3.943684189770083e-05,0.029538194581377922,0.8389990929526363,0.13015143747288718,0.0012126828883543006,5.9155262846551245e-05,0.0,0.0,0.0238198525062113,0.7348562527112829,0.23824782111448514,0.0029183263004298617,0.00015774736759080333,0.0,0.0,0.0,0.0,0.0,0.9900914934732027,0.009908506526797334,0.0,0.0,0.0,0.0,0.0,0.00495918286863588,0.9950408171313642,0.0,0.0,0.0
tip_middle_root_1_2_2,13,舌根,370127,122.36612701416016,31.75562286376953,84.3703842163086,28.19400978088379,90.76485443115234,29.618797302246094,167.08123779296875,36.354610443115234,83.83349609375,21.45592498779297,122.36612701416016,31.75562286376953,101.5600814819336,31.285324096679688,144.8462677001953,3.485454559326172,130.7521514892578,1.7108687162399292,0.005438673752522783,0.07117286769136,0.11898888759804067,0.22222102143318376,0.5390474080518308,0.0431257379223888,5.403550673147325e-06,0.0,0.06127896640882724,0.15516295757942544,0.3852704612200677,0.36694702088742515,0.031327085027571616,1.3508876682868312e-05,0.0,0.0,0.05319795637713542,0.13680709594274398,0.27640512580816856,0.46750709891469683,0.06604489810254319,3.7824854712031276e-05,0.0,0.0,0.04543845761049586,0.0,0.0,0.0,0.0,0.0,0.0,0.9545615423895042,8.105326009720988e-06,0.16414906234886945,0.5824703412612428,0.20885263706781726,0.04328784444258322,0.0012103953507850008,1.8912427356015638e-05,2.7017753365736624e-06,0.005438673752522783,0.07117286769136,0.11898888759804067,0.22222102143318376,0.5390474080518308,0.0431257379223888,5.403550673147325e-06,0.0,0.03547701194454876,0.11113482669462103,0.17164648890786136,0.4897237975073421,0.19137485241552224,0.0006430225301045317,0.0,0.0,0.0,0.0,0.0,0.0,0.9999837893479806,1.6210652019441977e-05,0.0,0.0,0.0,0.0,0.0,0.034412512461938737,0.9655874875380612,0.0,0.0,0.0
tip_middle_root_1_2_2,17,舌尖,123238,200.2984161376953,14.378543853759766,150.00022888183594,22.01957130432129,175.85691833496094,22.014585494995117,163.40521240234375,8.661731719970703,64.83374786376953,17.754167556762695,200.29904174804688,14.380138397216797,172.191650390625,18.39295196533203,151.02188110351562,4.827827453613281,122.03199768066406,2.97220778465271,0.0,0.0,8.114380304776124e-06,8.114380304776124e-05,0.006694363751440302,0.2309028059527094,0.7293367305538876,0.03297684155861017,0.0,8.925818335253737e-05,0.0060046414255343315,0.1543273990165371,0.4728330547396095,0.3521235333257599,0.013908047842386277,0.0007140654668202989,0.0,3.2457521219104496e-05,0.0006653791849916421,0.01932845388597673,0.2156802285009494,0.49753322838734804,0.25945731024521657,0.007302942274298512,0.002109738879241792,0.0,0.0,0.0,0.0,0.0,0.06510978756552362,0.9327804735552346,0.0041383339554358235,0.5125286031905744,0.4315227446079943,0.051493857414109286,0.00031646083188626887,0.0,0.0,0.0,0.0,0.0,8.114380304776124e-06,8.114380304776124e-05,0.006694363751440302,0.2309028059527094,0.7293367305538876,0.03297684155861017,0.0,8.114380304776124e-06,0.00012171570457164187,0.009980687774874633,0.23194956101202552,0.6061847806683004,0.1495723721579383,0.0021827683019847773,0.0,0.0,0.0,0.0,0.9499991885619695,0.05000081143803048,0.0,0.0,0.0,0.0,0.0,0.9586004316850322,0.041399568314967786,0.0,0.0,0.0
tip_middle_root_1_2_2,17,舌中,217382,207.11016845703125,12.248026847839355,172.74742126464844,17.972551345825195,194.44252014160156,15.981029510498047,160.70086669921875,3.5081305503845215,42.77720642089844,12.462018966674805,207.11248779296875,12.248534202575684,189.27528381347656,15.08681583404541,144.15467834472656,3.9887781143188477,121.72893524169922,1.884981393814087,0.0,0.0,0.0,0.0,0.001104047253222438,0.11036792374713637,0.8250729131206815,0.06345511587895962,0.0,0.0,0.00044161890128897516,0.013989198737705974,0.2105234104019652,0.6331618993292913,0.14188387262974855,0.0,0.0,0.0,4.600196888426824e-06,0.0010442446936728893,0.028553422086465302,0.34336789614595503,0.6237958984644543,0.0032339384125640576,0.0,0.0,0.0,0.0,0.0,0.0,0.16446623915503583,0.8355337608449641,0.17431066049626925,0.7642583102556789,0.06017517549751129,0.0012420531598752427,1.3800590665280474e-05,0.0,0.0,0.0,0.0,0.0,0.0,0.0,0.001104047253222438,0.11035872335335953,0.82507751331757,0.06345971607584805,0.0,0.0,0.0,0.0006670285488218896,0.03949269028714429,0.45732397346606435,0.5024657055321968,5.060216577269507e-05,0.0,0.0,0.0,0.0,0.999277769088517,0.0007222309114830115,0.0,0.0,0.0,0.0,0.0,0.9957034161062094,0.004296583893790654,0.0,0.0,0.0
tip_middle_root_1_2_2,17,舌左邊,97514,206.59962463378906,12.53034496307373,153.80853271484375,22.182720184326172,179.70457458496094,22.1866397857666,164.575927734375,3.7839255332946777,65.9685287475586,17.997526168823242,206.59986877441406,12.53069019317627,176.46762084960938,18.021543502807617,151.81837463378906,4.937485218048096,122.40595245361328,2.5486066341400146,0.0,0.0,0.0,0.0,0.0002666283815657239,0.1125992165227557,0.792101646943003,0.09503250815267551,0.0,0.0,0.0012203375925508133,0.1351395697028119,0.43713723157700435,0.3925692721045183,0.03393358902311463,0.0,0.0,0.0,0.0,0.011331706216543266,0.19111101995610888,0.4605389995282729,0.33327522201940235,0.0037430522796726624,0.0,0.0,0.0,0.0,0.0,0.0,0.02838566769899707,0.9716143323010029,0.011362471029800848,0.49010398506881064,0.42087290030149516,0.07760936891113071,5.127468876263921e-05,0.0,0.0,0.0,0.0,0.0,0.0,0.0,0.0002666283815657239,0.1125992165227557,0.792060627191993,0.09507352790368563,0.0,0.0,0.0,0.0017843591689398444,0.19021884037163894,0.5799167299054495,0.2280287958652091,5.127468876263921e-05,0.0,0.0,0.0,0.0,0.9212728428738437,0.07872715712615624,0.0,0.0,0.0,0.0,0.0,0.9473716594540271,0.05262834054597289,0.0,0.0,0.0
tip_middle_root_1_2_2,17,舌右邊,83985,201.71583557128906,16.96570587158203,153.0824432373047,29.008907318115234,178.3534698486328,27.650278091430664,163.56752014160156,3.7169058322906494,63.18397521972656,22.612802505493164,201.71588134765625,16.965742111206055,174.5863037109375,24.007307052612305,150.29678344726562,5.7854905128479,122.1583023071289,2.242919683456421,0.0,0.0,0.0,0.0,0.00893016610108948,0.2622253973923915,0.6447818062749301,0.08406263023158897,0.0,1.1906888134785974e-05,0.03319640411978329,0.16856581532416504,0.3249270703101744,0.40909686253497646,0.06420194082276597,0.0,0.0,0.0,0.00016669643388700364,0.05862951717568613,0.18517592427219146,0.37684110257784126,0.37307852592724894,0.006108233613145204,0.0,0.0,0.0,0.0,0.0,0.0,0.03894743108888492,0.9610525689111151,0.012311722331368697,0.5929749360004762,0.26608322914806215,0.1264035244388879,0.002226588081204977,0.0,0.0,0.0,0.0,0.0,0.0,0.0,0.00893016610108948,0.2622253973923915,0.6447818062749301,0.08406263023158897,0.0,0.0,3.572066440435792e-05,0.03713758409239745,0.21965827231053164,0.459081978924808,0.2837768649163541,0.0003095790915044353,0.0,0.0,0.0,0.0,0.9001607429898196,0.09983925701018039,0.0,0.0,0.0,0.0,0.0,0.9641245460498898,0.03587545395011014,0.0,0.0,0.0
tip_middle_root_1_2_2,17,舌根,344213,181.5782928466797,37.19928741455078,151.3604736328125,39.68670654296875,166.4451446533203,39.86766052246094,162.9963836669922,15.036705017089844,45.18721389770508,24.05116844177246,181.5865936279297,37.20433807373047,166.89553833007812,38.24942398071289,141.94818115234375,6.255001544952393,124.48482513427734,2.660836696624756,0.0,0.015199890765311013,0.030147031053446557,0.06504402797105281,0.08831159776068888,0.27132037430312045,0.5161949141955707,0.013782163950809528,0.007666764474322585,0.03198891384113906,0.06569478782033218,0.1295912705214504,0.26668661555490353,0.3620025972290413,0.13636905055881096,0.0,0.002844169162698678,0.0223204817947027,0.054509852910842996,0.07373632024357012,0.18847341616963914,0.3284332666110809,0.32789290352194717,0.0017895895855182691,0.0073530052612771745,0.0,0.0,0.0,0.0,0.0,0.11071632971445007,0.8819306650242728,0.34359539006371054,0.45431753013395776,0.1683434385104572,0.02730286189074788,0.006440779401126628,0.0,0.0,0.0,0.0,0.015199890765311013,0.030147031053446557,0.06504402797105281,0.08830288222699317,0.2712680811009462,0.5161542417049908,0.01388384517725943,0.0030765833945841673,0.02261099958455956,0.044516040939766945,0.06975332134463254,0.18545784151092493,0.3663429330095028,0.30787913297870795,0.00036314723732107737,0.0,0.0,0.0,0.0,0.9988030667057898,0.001196933294210271,0.0,0.0,0.0,0.0,0.0,0.8554267270556313,0.14457327294436875,0.0,0.0,0.0
tip_middle_root_1_2_2,19,舌尖,333052,196.54542541503906,13.674581527709961,146.0358428955078,15.67663288116455,158.38172912597656,15.097596168518066,171.83651733398438,11.013167381286621,65.87845611572266,11.2247953414917,196.5492706298828,13.667470932006836,167.4828643798828,13.9478178024292,148.93295288085938,3.3268702030181885,129.12979125976562,2.1657748222351074,0.0,0.0,0.0,0.0,0.007260127547650217,0.3063155303075796,0.6846618546052868,0.001762487539483324,0.0,0.0,0.00027623314077081056,0.12828927614906982,0.6602452469884582,0.2109160131150691,0.0002732306066319974,0.0,0.0,0.0,9.007602416439475e-06,0.02286129493292339,0.48859637534078765,0.48296362129637416,0.005569700827498409,0.0,0.004047416019120138,0.0,0.0,0.0,0.0,0.0,0.003684109388323745,0.9922684745925561,9.908362658083423e-05,0.43358094231531413,0.5598104800451581,0.006509494012946928,0.0,0.0,0.0,0.0,0.0,0.0,0.0,0.0,0.007242112342817338,0.3063335455124125,0.6846618546052868,0.001762487539483324,0.0,0.0,0.0,0.002161824579945474,0.2867209925176849,0.6841484212675498,0.026968761634819788,0.0,0.0,0.0,0.0,0.0,0.9989521155855542,0.0010478844144457921,0.0,0.0,0.0,0.0,0.0,0.15915232456193026,0.8408476754380697,0.0,0.0,0.0
tip_middle_root_1_2_2,19,舌中,524475,205.7919921875,7.585212230682373,164.38497924804688,12.3016357421875,168.94874572753906,11.205790519714355,137.61717224121094,71.6700439453125,52.29601287841797,9.770695686340332,205.7919921875,7.585212230682373,182.00302124023438,9.983842849731445,143.96163940429688,3.575896978378296,131.58688354492188,2.3647830486297607,0.0,0.0,0.0,0.0,3.81333714667048e-06,0.04349683016349683,0.9530406597073263,0.0034586967920301253,0.0,0.0,3.81333714667048e-06,0.004909671576338243,0.3142018208684875,0.6774965441632108,0.0033881500548167214,0.0,0.0,0.0,0.0,0.0014967348300681635,0.18721578721578722,0.801712188378855,0.009575289575289575,0.0,0.21871967205300538,0.0,0.0,0.0,0.0,0.0,0.0,0.7812803279469946,0.002652175985509319,0.8716354449687783,0.1251022451022451,0.0006101339434672768,0.0,0.0,0.0,0.0,0.0,0.0,0.0,0.0,3.81333714667048e-06,0.04349683016349683,0.9530406597073263,0.0034586967920301253,0.0,0.0,0.0,7.62667429334096e-06,0.023097383097383097,0.81001001001001,0.16688307354974022,1.90666857333524e-06,0.0,0.0,0.0,0.0,0.9998360265026932,0.00016397349730683063,0.0,0.0,0.0,0.0,0.0,0.032706992706992705,0.9672930072930073,0.0,0.0,0.0
tip_middle_root_1_2_2,19,舌左邊,255095,197.86964416503906,9.777999877929688,150.9574432373047,14.820355415344238,162.080322265625,14.322646141052246,172.11045837402344,11.391060829162598,60.78986358642578,12.295852661132812,197.86964416503906,9.777999877929688,171.15713500976562,12.356605529785156,147.3032684326172,3.7737433910369873,129.18905639648438,1.7053829431533813,0.0,0.0,0.0,0.0,0.00525686508947647,0.21263450871244047,0.7803798584840942,0.0017287677139889062,0.0,0.0,0.00028616789823399124,0.04600246966816284,0.6469119347693997,0.30535682784844864,0.0014386797075599286,3.920108194986182e-06,0.0,0.0,1.5680432779944727e-05,0.010313804661008643,0.4291616848625022,0.5491444363864443,0.011133107273760755,0.00023128638350418472,0.004335639663654717,0.0,0.0,0.0,0.0,0.0,5.488151472980654e-05,0.9956094788216154,0.001442599815754915,0.6052568650894765,0.3889139340245791,0.004386601070189537,0.0,0.0,0.0,0.0,0.0,0.0,0.0,0.0,0.00525686508947647,0.21263450871244047,0.7803798584840942,0.0017287677139889062,0.0,0.0,0.0,0.002744075736490327,0.16927027185950333,0.7875732570218938,0.04029871224445795,0.00011368313765459927,0.0,0.0,0.0,0.0,0.9976479350830083,0.0023520649169917088,0.0,0.0,0.0,0.0,0.0,0.12666261588819852,0.8733373841118015,0.0,0.0,0.0
tip_middle_root_1_2_2,19,舌右邊,230693,203.9061737060547,11.335420608520508,159.86256408691406,15.953634262084961,168.18438720703125,15.654053688049316,171.804931640625,19.928821563720703,55.4474983215332,12.436197280883789,203.9061737060547,11.335420608520508,178.63758850097656,13.491385459899902,145.61721801757812,3.749922037124634,130.1351318359375,1.9549812078475952,0.0,0.0,0.0,0.0,0.008509144187296537,0.08849856736008462,0.8802781185384906,0.0227141699141283,0.0,0.0,0.0005635194826024197,0.024088290498628047,0.4686228017321722,0.49209122079993756,0.014629832721408971,4.3347652507878435e-06,0.0,0.0,1.300429575236353e-05,0.013511463286705709,0.27404385915480745,0.6601977519907409,0.052025852539955696,0.0002080687320378165,0.013455111338445467,0.0,0.0,0.0,0.0,0.0,0.0,0.9865448886615545,0.015384081875046057,0.7048068211865987,0.2782442466828209,0.0015648502555344116,0.0,0.0,0.0,0.0,0.0,0.0,0.0,0.0,0.008509144187296537,0.08849856736008462,0.8802781185384906,0.0227141699141283,0.0,0.0,0.0,0.00420038752801342,0.05860169142540086,0.7710550385143893,0.16579610131213343,0.0003467812200630275,0.0,0.0,0.0,0.0,0.9996185406579307,0.0003814593420693302,0.0,0.0,0.0,0.0,0.0,0.06288010472792846,0.9371198952720715,0.0,0.0,0.0
tip_middle_root_1_2_2,19,舌根,816392,180.1759796142578,33.60771179199219,143.4241180419922,31.746206283569336,146.86526489257812,31.564619064331055,126.26398468017578,77.3772964477539,55.758609771728516,14.310320854187012,180.1759796142578,33.60771179199219,160.17816162109375,32.32517623901367,142.45167541503906,3.994886636734009,131.5725555419922,2.6556780338287354,0.00010779135513331831,0.01787376652392478,0.028456917755196032,0.042696400748659956,0.0649834883242364,0.3851287126772433,0.46031440778449567,0.00043851483111054495,0.008402826093347313,0.0347198404687944,0.04550265068741487,0.09382502523297631,0.48464095679526503,0.3307589981283501,0.002149702593851973,0.0,0.006870473987986164,0.03320463698811355,0.046173896853472354,0.07131868024184461,0.4472753285186528,0.39194039138061126,0.0032165920293192487,0.0,0.28474556340581486,0.0,0.0,0.0,0.0,0.0,0.0,0.7152544365941852,0.0045358112279395195,0.7302766318141285,0.24806710501817755,0.01692691746121961,0.0001935344785348215,0.0,0.0,0.0,0.00010779135513331831,0.01787376652392478,0.028456917755196032,0.042696400748659956,0.0649834883242364,0.3851287126772433,0.46031440778449567,0.00043851483111054495,0.004931454497349313,0.025294221403443444,0.036646610941802465,0.04993924487256122,0.21912757596840735,0.5991227253574264,0.06493816695900989,0.0,0.0,0.0,0.0,0.0,0.9999816264735568,1.8373526443179257e-05,0.0,0.0,0.0,0.0,0.0,0.03633303609050554,0.9636669639094945,0.0,0.0,0.0
tip_middle_root_1_2_2,2,舌尖,85333,150.89132690429688,7.028225421905518,101.8710708618164,13.165401458740234,107.44181823730469,13.377012252807617,175.22683715820312,14.675544738769531,83.13164520263672,18.562475204467773,150.89132690429688,7.028225421905518,123.65056610107422,10.645484924316406,148.60435485839844,4.5080485343933105,133.03558349609375,2.5541560649871826,0.0,0.0,0.0,0.007500029296989442,0.9046910339493514,0.0878089367536592,0.0,0.0,0.0,0.0028007921905944945,0.2920089531599733,0.6936355220137579,0.011554732635674358,0.0,0.0,0.0,0.0,0.0004687518310618401,0.18182883526888777,0.7682022195399201,0.04950019336013031,0.0,0.0,0.0,0.006914089508162141,0.0,0.0,0.0,0.0,0.0,0.0,0.9930859104918378,0.0,0.16870378399915625,0.550631057152567,0.27532138797417177,0.005343770874104977,0.0,0.0,0.0,0.0,0.0,0.0,0.007500029296989442,0.9046910339493514,0.0878089367536592,0.0,0.0,0.0,0.0,0.012796924987988234,0.6200297657412724,0.3666576822565713,0.0005156270141680241,0.0,0.0,0.0,0.0,0.0,0.0,0.9978906167602217,0.0021093832397782804,0.0,0.0,0.0,0.0,0.0,0.0010195352325595023,0.9989804647674405,0.0,0.0,0.0
tip_middle_root_1_2_2,2,舌中,173228,152.86111450195312,8.04534912109375,120.23462677001953,14.405608177185059,121.96180725097656,12.616710662841797,110.96282196044922,83.96543884277344,56.861270904541016,14.791120529174805,152.86111450195312,8.04534912109375,136.95803833007812,12.307679176330566,141.04454040527344,3.8565566539764404,131.91827392578125,2.099828004837036,0.0,0.0,0.0,0.007493014986029972,0.8062726579998615,0.18623432701410858,0.0,0.0,0.0,0.002615050684646824,0.04696700302491514,0.6228265638349458,0.3275913824554922,0.0,0.0,0.0,0.0,0.0009871383379130394,0.03221188260558339,0.5950077354700164,0.3717932435864872,0.0,0.0,0.0,0.37632484355877804,0.0,0.0,0.0,0.0,0.0,0.0,0.623675156441222,0.0038446440529244694,0.7319775094095643,0.24488535340707046,0.017093079640704736,0.002026231325189923,0.00017318216454614727,0.0,0.0,0.0,0.0,0.0,0.007493014986029972,0.8062726579998615,0.18623432701410858,0.0,0.0,0.0,0.0,0.006292285311843351,0.19443161613595955,0.7863798000323273,0.012896298519869768,0.0,0.0,0.0,0.0,0.0,0.0,0.9994458170734524,0.0005541829265476712,0.0,0.0,0.0,0.0,0.0,0.001910776548825825,0.9980892234511741,0.0,0.0,0.0
tip_middle_root_1_2_2,2,舌左邊,73423,149.12942504882812,11.087028503417969,93.9261245727539,14.096831321716309,95.845703125,15.245023727416992,126.02522277832031,79.8948745727539,97.11002349853516,19.326913833618164,149.12942504882812,11.087028503417969,117.44642639160156,12.089164733886719,150.8399658203125,5.836657524108887,136.54908752441406,3.062845230102539,0.0,4.085913133486782e-05,0.0017433229369543603,0.05253122318619506,0.8258720019612383,0.1198125927842774,0.0,0.0,0.00014981681489451535,0.022554240496847035,0.47690778094057723,0.49691513558421746,0.003377688190349073,9.533797311469158e-05,0.0,0.0,0.00038135189245876633,0.03895237187257399,0.3743241218691691,0.5826375931247701,0.003663702109693148,4.085913133486782e-05,0.0,0.0,0.29562943491821364,0.0,0.0,0.0,0.0,0.0,0.0,0.7043705650817864,0.00021791536711929504,0.04416872097299211,0.40962641134249483,0.4932786728954142,0.05235416695041063,0.00035411247156885445,0.0,0.0,0.0,4.085913133486782e-05,0.0017433229369543603,0.05253122318619506,0.8258720019612383,0.1198125927842774,0.0,0.0,1.361971044495594e-05,0.0008852811789221361,0.06186072484098988,0.7454339920733285,0.19164294567097503,0.0001634365253394713,0.0,0.0,0.0,0.0,0.0,0.0,0.9858627405581357,0.014137259441864267,0.0,0.0,0.0,0.0,0.0,0.0,1.0,0.0,0.0,0.0
tip_middle_root_1_2_2,2,舌右邊,71179,142.61509704589844,17.58138656616211,96.82767486572266,22.9326229095459,100.50910949707031,24.505111694335938,140.31149291992188,71.02537536621094,85.613525390625,28.270652770996094,142.61509704589844,17.58138656616211,117.29171752929688,21.68964385986328,147.29896545410156,4.587385177612305,133.72930908203125,3.4839742183685303,0.005479144129588783,0.00404613720338864,0.010649208333918712,0.1054664999508282,0.8393486843029545,0.03501032607932115,0.0,0.0,0.014906081849983844,0.08204667106871409,0.29248795290745866,0.5857064583655291,0.02485283580831425,0.0,0.0,0.0,0.01404908751176611,0.08095084224279633,0.24227651414040657,0.584456089576982,0.078267466528049,0.0,0.0,0.0,0.20625465376023827,0.0,0.0,0.0,0.0,0.0,0.0,0.7937453462397617,0.0,0.21141066887705642,0.5072844518748507,0.1798845165006533,0.08578372834684388,0.010663257421430478,0.003427977352870931,0.0015453996262942721,0.005479144129588783,0.00404613720338864,0.010649208333918712,0.1054664999508282,0.8393486843029545,0.03501032607932115,0.0,0.0,0.008836876044900884,0.013234240436083676,0.12110313435142388,0.46999817361862345,0.3868275755489681,0.0,0.0,0.0,0.0,0.0,0.0,0.0,0.9997049691622529,0.00029503083774708833,0.0,0.0,0.0,0.0,0.0,7.024543755883055e-05,0.9999297545624412,0.0,0.0,0.0
tip_middle_root_1_2_2,2,舌根,262896,127.59857940673828,32.67177963256836,93.15164184570312,35.92344284057617,86.85507202148438,33.36064529418945,21.96670150756836,50.8850212097168,88.39451599121094,31.532669067382812,127.59857940673828,32.67177963256836,108.82518768310547,36.02297592163086,141.3848876953125,6.132422924041748,137.47584533691406,2.7141754627227783,0.0027805672204978395,0.03713635810358469,0.15844668614204857,0.2231566855334429,0.4228402105775668,0.15563949242285924,0.0,0.0,0.048593360111983445,0.1988542997991601,0.2361237903962023,0.2971327064694784,0.21921976751262856,7.607571054713652e-05,0.0,0.0,0.0587114296147526,0.22557589312884183,0.24720041385186536,0.3660496926541294,0.1024625707504108,0.0,0.0,0.0,0.9052134684437952,0.0,0.0,0.0,0.0,0.0,0.0,0.09478653155620473,3.423406974621143e-05,0.2530011867810845,0.39249360964031405,0.214213985758627,0.12188089586756741,0.01666818818087761,0.0014416347148682369,0.0002662649869149778,0.0027805672204978395,0.03713635810358469,0.15844668614204857,0.2231566855334429,0.4228402105775668,0.15563949242285924,0.0,0.0,0.016516036759783335,0.12139401132006573,0.21924639401132007,0.2485127198588035,0.3751331324934575,0.019197705556569897,0.0,0.0,0.0,0.0,0.0,0.0,0.9998440447933784,0.00015595520662162985,0.0,0.0,0.0,0.0,0.0,0.0,1.0,0.0,0.0,0.0
tip_middle_root_1_2_2,20,舌尖,201404,194.48448181152344,7.0360331535339355,146.35748291015625,11.397581100463867,161.18556213378906,12.900717735290527,170.3149871826172,3.28236985206604,63.23191833496094,10.969832420349121,194.48451232910156,7.036088466644287,167.4127655029297,9.319954872131348,148.47203063964844,2.9142165184020996,127.41764831542969,2.7648098468780518,0.0,0.0,0.0,0.0,0.0,0.333657722786042,0.6660542988222676,0.00028797839169033385,0.0,0.0,0.0,0.03423963774304383,0.8552610673075013,0.10994816388949574,0.0005511310599590872,0.0,0.0,0.0,0.0,6.454688089610931e-05,0.4407906496395305,0.5449891759845882,0.014155627494985204,0.0,0.0,0.0,0.0,0.0,0.0,0.0,0.00022343151079422455,0.9997765684892058,0.001524299418085043,0.5339566244960379,0.46451907608587717,0.0,0.0,0.0,0.0,0.0,0.0,0.0,0.0,0.0,0.0,0.333657722786042,0.6660542988222676,0.00028797839169033385,0.0,0.0,0.0,0.0,0.2040575162360231,0.7799298921570574,0.016012591606919424,0.0,0.0,0.0,0.0,0.0,1.0,0.0,0.0,0.0,0.0,0.0,0.0,0.4913705785386586,0.5086294214613414,0.0,0.0,0.0
tip_middle_root_1_2_2,20,舌中,400520,191.1236572265625,6.031473636627197,158.09857177734375,9.048080444335938,175.21095275878906,8.221222877502441,164.0196075439453,3.1113617420196533,44.14888000488281,8.243789672851562,191.1254425048828,6.034112453460693,174.8720245361328,7.5425920486450195,143.06607055664062,2.470696210861206,123.77809143066406,1.2560021877288818,0.0,0.0,0.0,0.0,0.0,0.5005892339958055,0.49941076600419454,0.0,0.0,0.0,0.0,0.0001523020073903925,0.5663562368920404,0.43349146110056924,0.0,0.0,0.0,0.0,0.0,0.0,0.019709377808848495,0.9490612204134625,0.031229401777689004,0.0,0.0,0.0,0.0,0.0,0.0,0.0,0.030527813842005393,0.9694721861579946,0.08051782682512733,0.915796963946869,0.0036852092280035952,0.0,0.0,0.0,0.0,0.0,0.0,0.0,0.0,0.0,0.0,0.500586737241586,0.4994132627584141,0.0,0.0,0.0,0.0,0.0,0.020560770997702985,0.9691451113552382,0.010294117647058823,0.0,0.0,0.0,0.0,0.0,1.0,0.0,0.0,0.0,0.0,0.0,0.0,0.9976730250674124,0.002326974932587636,0.0,0.0,0.0
tip_middle_root_1_2_2,20,舌左邊,176647,191.977783203125,9.791435241699219,154.2576904296875,12.26482105255127,166.78936767578125,13.142243385314941,169.79440307617188,2.6530354022979736,50.32931137084961,8.406475067138672,191.977783203125,9.791435241699219,172.0289764404297,10.963101387023926,144.0927734375,2.1406984329223633,126.99979400634766,1.6402108669281006,0.0,0.0,0.0,0.0,0.011412591212984087,0.3706318250522228,0.6179555837347931,0.0,0.0,0.0,0.0,0.03643990557439413,0.5882013280723704,0.37535876635323556,0.0,0.0,0.0,0.0,0.0,0.0013020317356083036,0.27313229208534534,0.7207141927120189,0.004851483467027461,0.0,0.0,0.0,0.0,0.0,0.0,0.0,0.0003566434754057527,0.9996433565245942,0.0025417923882092536,0.9166529858984303,0.08080522171336055,0.0,0.0,0.0,0.0,0.0,0.0,0.0,0.0,0.0,0.011412591212984087,0.3706318250522228,0.6179555837347931,0.0,0.0,0.0,0.0,2.2644030184492237e-05,0.1380889570725798,0.8553839012267404,0.006504497670495395,0.0,0.0,0.0,0.0,0.0,1.0,0.0,0.0,0.0,0.0,0.0,0.0,0.6152666051503847,0.38473339484961533,0.0,0.0,0.0
tip_middle_root_1_2_2,20,舌右邊,132820,191.3043670654297,9.662192344665527,151.28189086914062,11.851734161376953,164.2585906982422,13.620027542114258,169.6058349609375,8.684284210205078,53.58029556274414,7.647862434387207,191.3043670654297,9.662192344665527,169.81187438964844,10.761922836303711,145.0845489501953,1.8044193983078003,127.10531616210938,2.099416732788086,0.0,0.0,0.0,0.0,0.0016940219846408673,0.38586056316819756,0.6124454148471615,0.0,0.0,0.0,7.5289865984038544e-06,0.019244089745520252,0.676938714049089,0.3038096672187923,0.0,0.0,0.0,0.0,2.2586959795211563e-05,0.0040882397229332935,0.32612558349646137,0.6691687998795363,0.0005947899412739045,0.0,0.0023113988857099833,0.0,0.0,0.0,0.0,0.0,0.004344225267279025,0.993344375847011,6.0231892787230835e-05,0.8920418611654871,0.1078226170757416,7.528986598403855e-05,0.0,0.0,0.0,0.0,0.0,0.0,0.0,0.0,0.0016940219846408673,0.38586056316819756,0.6124454148471615,0.0,0.0,0.0,0.0,0.00029363047733775035,0.20866586357476283,0.7904758319530191,0.0005646739948802891,0.0,0.0,0.0,0.0,0.0,1.0,0.0,0.0,0.0,0.0,0.0,0.0,0.6101264869748532,0.38987351302514683,0.0,0.0,0.0
tip_middle_root_1_2_2,20,舌根,705266,164.0094757080078,43.48198699951172,134.47885131835938,40.703765869140625,143.54086303710938,44.502838134765625,158.21189880371094,42.921627044677734,50.145259857177734,19.041353225708008,164.01327514648438,43.48518371582031,149.38941955566406,43.12113952636719,140.82962036132812,3.3959434032440186,127.61859130859375,2.77359938621521,0.0070413149081339525,0.060874903936954286,0.04739913734675995,0.04924383140545553,0.08733725998417619,0.5337645654263782,0.21432339004006998,1.559695207198419e-05,0.0440585537938877,0.0639588467330057,0.04887092246046173,0.09789639653690947,0.4566915178103014,0.28836779314471417,0.00013328304497877398,2.2686475741067908e-05,0.03940782626696877,0.06492160404726727,0.0483859990414964,0.06860673845045699,0.2926881488686538,0.4703558657300933,0.015599787881451822,3.402971361160187e-05,0.0692674820564156,5.671618935266977e-06,1.4179047338167442e-06,1.4179047338167442e-06,3.402971361160187e-05,3.686552307923535e-05,0.012671814606120244,0.9179813006723704,0.11878780488496539,0.6967201027697351,0.14565284587659125,0.03841954666749851,0.0004196998012097563,0.0,0.0,0.0,0.0070413149081339525,0.060874903936954286,0.04739913734675995,0.04924383140545553,0.08733725998417619,0.5337106850464931,0.2143588376584154,3.402971361160187e-05,0.03214248241089178,0.057473350480527916,0.04454914883178829,0.054677242345441295,0.2016657544812879,0.6006556391489168,0.008805188397001982,3.119390414396838e-05,0.0,0.0,0.0,2.2686475741067908e-05,0.9999773135242589,0.0,0.0,0.0,0.0,0.0,0.0,0.48454909211559893,0.5154509078844011,0.0,0.0,0.0
tip_middle_root_1_2_2,23,舌尖,291939,187.59690856933594,12.25480842590332,138.32025146484375,10.88582706451416,148.9980926513672,10.51515007019043,172.69790649414062,10.925338745117188,67.03968811035156,7.325456619262695,187.59690856933594,12.25480842590332,159.67034912109375,10.464747428894043,148.39341735839844,2.311349391937256,129.832275390625,2.035029649734497,0.0,0.0,0.0,0.0,0.004617402950616396,0.5916304433460414,0.4037521537033421,0.0,0.0,0.0,0.0,0.16243119281767768,0.8276729042710977,0.009895902911224604,0.0,0.0,0.0,0.0,0.0,0.027132380394534476,0.8033424790795337,0.1695251405259318,0.0,0.0,0.0038775223591229675,0.0,0.0,0.0,0.0,0.0,4.1104477305190467e-05,0.9960813731635718,0.0,0.32061834835359443,0.6785595621003018,0.0008220895461038093,0.0,0.0,0.0,0.0,0.0,0.0,0.0,0.0,0.004617402950616396,0.5916304433460414,0.4037521537033421,0.0,0.0,0.0,0.0,1.712686554382936e-05,0.5052356827967487,0.49474719033770753,0.0,0.0,0.0,0.0,0.0,0.0,1.0,0.0,0.0,0.0,0.0,0.0,0.0,0.11162605886846225,0.8883739411315378,0.0,0.0,0.0
tip_middle_root_1_2_2,23,舌中,486200,204.14996337890625,7.011221885681152,157.5050048828125,10.403837203979492,166.4026336669922,9.500273704528809,169.99789428710938,26.847536087036133,58.453582763671875,8.655451774597168,204.14996337890625,7.011221885681152,177.1361541748047,8.598140716552734,146.6791534423828,2.8849422931671143,130.19517517089844,1.6242538690567017,0.0,0.0,0.0,0.0,0.0,0.05008844097079391,0.9498971616618676,1.4397367338543809e-05,0.0,0.0,0.0,0.01740230357877417,0.46669477581242286,0.5159029206088029,0.0,0.0,0.0,0.0,0.0,0.0004380913204442616,0.2006581653640477,0.7988914027149321,1.2340600575894694e-05,0.0,0.024479638009049773,0.0,0.0,0.0,0.0,0.0,0.0,0.9755203619909503,0.0,0.7538296997120526,0.24610654051830522,6.375976964212259e-05,0.0,0.0,0.0,0.0,0.0,0.0,0.0,0.0,0.0,0.05008844097079391,0.9498971616618676,1.4397367338543809e-05,0.0,0.0,0.0,0.0,0.05204853969559852,0.9456931303990127,0.0022583299053887287,0.0,0.0,0.0,0.0,0.0,0.9999958864664747,4.113533525298231e-06,0.0,0.0,0.0,0.0,0.0,0.015376388317564788,0.9846236116824352,0.0,0.0,0.0
tip_middle_root_1_2_2,23,舌左邊,191322,199.89541625976562,8.406350135803223,147.3742218017578,9.3525390625,156.19143676757812,9.405970573425293,174.67987060546875,6.379302978515625,67.07454681396484,7.21563720703125,199.89541625976562,8.406350135803223,169.09580993652344,8.304961204528809,149.067626953125,2.302457332611084,131.3271942138672,1.4279811382293701,0.0,0.0,0.0,0.0,0.0005435862054546785,0.1279100155758355,0.8714732231525909,7.317506611889903e-05,0.0,0.0,0.0,0.008995306342187516,0.8856012377039755,0.10540345595383699,0.0,0.0,0.0,0.0,0.0,0.003355599460595227,0.643423129593042,0.3531899102037403,3.1360742622385296e-05,0.0,0.00130147081882899,0.0,0.0,0.0,0.0,0.0,0.0,0.998698529181171,0.0,0.3245261914468801,0.6754738085531199,0.0,0.0,0.0,0.0,0.0,0.0,0.0,0.0,0.0,0.0005435862054546785,0.1279100155758355,0.8714732231525909,7.317506611889903e-05,0.0,0.0,0.0,0.0,0.1248000752657823,0.8743009167790426,0.0008990079551750452,0.0,0.0,0.0,0.0,0.0,1.0,0.0,0.0,0.0,0.0,0.0,0.0,0.003815557019056878,0.9961844429809431,0.0,0.0,0.0
tip_middle_root_1_2_2,23,舌右邊,223273,193.8152618408203,10.325125694274902,143.72433471679688,11.869125366210938,154.65890502929688,11.530502319335938,172.19415283203125,14.393207550048828,66.05158996582031,9.928547859191895,193.8152618408203,10.325125694274902,165.10775756835938,10.440135955810547,148.6027069091797,3.1591837406158447,129.81668090820312,1.8370106220245361,0.0,0.0,0.0,0.0,0.001307815992081443,0.334733711644489,0.6639584723634295,0.0,0.0,0.0,0.0,0.08761471382567529,0.8189212309594084,0.09346405521491627,0.0,0.0,0.0,0.0,0.0,0.020298020808606505,0.62299516735118,0.3567068118402136,0.0,0.0,0.006910822177334474,0.0,0.0,0.0,0.0,0.0,0.0,0.9930891778226655,0.0,0.4119665163275452,0.587437800360993,0.0005956833114617532,0.0,0.0,0.0,0.0,0.0,0.0,0.0,0.0,0.001307815992081443,0.334733711644489,0.6639584723634295,0.0,0.0,0.0,0.0,0.00028216577911346197,0.278497623984987,0.7212157314140089,4.4788218906898725e-06,0.0,0.0,0.0,0.0,0.0,1.0,0.0,0.0,0.0,0.0,0.0,0.0,0.07300479681824493,0.9269952031817551,0.0,0.0,0.0
tip_middle_root_1_2_2,23,舌根,784304,155.4688720703125,53.35945129394531,113.30137634277344,47.002864837646484,118.5345458984375,48.3516845703125,156.0222930908203,55.165775299072266,77.84341430664062,26.17437171936035,155.46888732910156,53.35943603515625,130.99710083007812,50.804595947265625,145.54661560058594,3.7687582969665527,131.8987274169922,1.9639663696289062,0.0057503213039841695,0.10824374222240356,0.07160871294804055,0.07156281237887349,0.10900875170852119,0.28345386482792384,0.35037179461025314,0.0,0.10346753299740917,0.09880862522695281,0.08821706889165426,0.18316494624533344,0.40362792998633185,0.1227138966523185,0.0,0.0,0.0889451029192762,0.10543488239254167,0.0855573859115853,0.15127297578489973,0.35952895815908115,0.20926069483261592,0.0,0.0,0.11326475448295559,0.0,0.0,0.0,0.0,0.0,2.2950284583528837e-05,0.8867122952324609,2.550031620392093e-06,0.3603908688467737,0.4181784104122891,0.14916664966645587,0.07140853546583978,0.000852985577021155,0.0,0.0,0.0057503213039841695,0.10824374222240356,0.07160871294804055,0.07156281237887349,0.10900875170852119,0.28345386482792384,0.35037179461025314,0.0,0.07123895836308371,0.09303535363838511,0.0741765947897754,0.0971039290887207,0.24681118545869968,0.4157010546930782,0.0019329239682572064,0.0,0.0,0.0,0.0,0.0,0.9998992737509945,0.00010072624900548767,0.0,0.0,0.0,0.0,0.0,0.003539443889104225,0.9964605561108958,0.0,0.0,0.0
tip_middle_root_1_2_2,24,舌尖,210268,199.04248046875,10.943107604980469,155.28427124023438,14.410714149475098,160.86961364746094,16.926271438598633,156.83653259277344,53.1296272277832,57.39310836791992,11.091482162475586,199.04248046875,10.943107604980469,174.024658203125,12.782803535461426,145.1832733154297,2.3977556228637695,131.48593139648438,3.021191358566284,0.0,0.0,0.0,0.0,8.560503738086632e-05,0.23847661080145338,0.7608195255578595,0.0006182586033062567,0.0,0.0,0.0,0.05114900983506763,0.49856373770616547,0.4502872524587669,0.0,0.0,0.0,0.0,2.3779177050240646e-05,0.05103011394981642,0.3286044476572755,0.6190290486426846,0.0013126105731732837,0.0,0.10678752829722069,0.0,0.0,0.0,0.0,0.0,0.0,0.8932124717027793,0.0,0.7937061274183423,0.19119409515475488,0.01509977742690281,0.0,0.0,0.0,0.0,0.0,0.0,0.0,0.0,8.560503738086632e-05,0.23847661080145338,0.7608195255578595,0.0006182586033062567,0.0,0.0,0.0,3.32908478703369e-05,0.14500066581695742,0.8039026385374854,0.051063404797686764,0.0,0.0,0.0,0.0,0.0,0.999795499077368,0.00020450092263206955,0.0,0.0,0.0,0.0,0.0,0.0040234367569007175,0.9959765632430992,0.0,0.0,0.0
tip_middle_root_1_2_2,24,舌中,368764,215.60902404785156,7.859619617462158,178.000244140625,10.61561393737793,184.71078491210938,9.53201961517334,168.50877380371094,32.00547409057617,44.650787353515625,7.0982747077941895,215.60902404785156,7.859619617462158,193.9215545654297,8.937478065490723,142.67056274414062,2.521865129470825,129.8036651611328,1.3735034465789795,0.0,0.0,0.0,0.0,0.0,0.007731231898992309,0.8423517480014318,0.1499170200995759,0.0,0.0,0.0,4.0676421776529164e-05,0.047686325129351025,0.863468234426354,0.08880476402251847,0.0,0.0,0.0,0.0,0.0,0.014887570370209673,0.7348141358700958,0.25029829375969453,0.0,0.03507663437862698,0.0,0.0,0.0,0.0,0.0,1.8982330162380277e-05,0.9649043832912106,0.03176557364601751,0.960880129296786,0.0073542970571964725,0.0,0.0,0.0,0.0,0.0,0.0,0.0,0.0,0.0,0.0,0.007731231898992309,0.8423517480014318,0.1499170200995759,0.0,0.0,0.0,0.0,0.0016053627794470175,0.3673541885867384,0.6310404486338146,0.0,0.0,0.0,0.0,0.0,1.0,0.0,0.0,0.0,0.0,0.0,0.0,0.032782484190430734,0.9672175158095693,0.0,0.0,0.0
tip_middle_root_1_2_2,24,舌左邊,145218,201.25953674316406,14.371082305908203,154.52252197265625,21.656002044677734,164.38848876953125,20.864578247070312,169.53512573242188,25.889623641967773,60.247867584228516,15.394388198852539,201.25953674316406,14.371082305908203,174.3394012451172,18.436748504638672,147.02301025390625,4.0698161125183105,129.79776000976562,2.1289358139038086,0.0,0.0,0.0,0.0,0.0010260436034100456,0.22742359762563868,0.751401341431503,0.020149017339448277,0.0,0.0,0.00028922034458538196,0.15451941219408064,0.3508105055847071,0.48689556391080996,0.00748529796581691,0.0,0.0,0.0,7.574818548664766e-05,0.0840598272941371,0.24466663912187195,0.6381371455329229,0.0330606398655814,0.0,0.02307565177870512,0.0,0.0,0.0,0.0,0.0,0.0,0.9769243482212949,3.443099340302166e-05,0.6559448553209657,0.320407938409839,0.023612775275792256,0.0,0.0,0.0,0.0,0.0,0.0,0.0,0.0,0.0010260436034100456,0.22742359762563868,0.751401341431503,0.020149017339448277,0.0,0.0,0.0,0.0026718450880744813,0.21982812048093212,0.603258549215662,0.17424148521533142,0.0,0.0,0.0,0.0,0.0,0.9980236609786666,0.0019763390213334434,0.0,0.0,0.0,0.0,0.0,0.07709099422936551,0.9229090057706345,0.0,0.0,0.0
tip_middle_root_1_2_2,24,舌右邊,158277,211.3501739501953,12.772854804992676,163.60906982421875,16.84638214111328,170.83201599121094,18.992916107177734,161.70301818847656,45.49128341674805,58.78384780883789,11.955780982971191,211.3501739501953,12.772854804992676,182.9859619140625,14.782835960388184,146.74331665039062,2.9645893573760986,131.20559692382812,2.979888677597046,0.0,0.0,0.0,6.318037364872976e-06,0.005793640263588519,0.06659211382576116,0.8015883545935291,0.12601957327975638,0.0,0.0,0.0019333194336511306,0.034850294104639336,0.28941665561010127,0.6619913190166606,0.011808411834947592,0.0,0.0,0.0,0.003430694289126026,0.03430694289126026,0.16459750942967077,0.7331576918945899,0.06450716149535309,0.0,0.07605021576097601,0.0,0.0,0.0,0.0,0.0,0.0,0.923949784239024,0.0,0.7264163460262704,0.25896371551141356,0.014619938462316066,0.0,0.0,0.0,0.0,0.0,0.0,0.0,6.318037364872976e-06,0.005793640263588519,0.06659211382576116,0.8015883545935291,0.12601957327975638,0.0,0.0,0.0,0.004763800173114224,0.077244324822937,0.6177208312009957,0.30024577165349353,2.5272149459491903e-05,0.0,0.0,0.0,0.0,0.9999368196263513,6.318037364872976e-05,0.0,0.0,0.0,0.0,0.0,0.014000770800558515,0.9859992291994415,0.0,0.0,0.0
tip_middle_root_1_2_2,24,舌根,684236,184.8400115966797,33.245635986328125,143.5924835205078,35.49764633178711,148.81849670410156,36.070552825927734,138.4146270751953,70.83036041259766,60.326255798339844,20.47149085998535,184.8404541015625,33.24409866333008,161.67660522460938,34.02812576293945,144.5092010498047,4.799068927764893,131.4515838623047,2.1138012409210205,0.00013737950064013002,0.00198469533903507,0.015423041172928639,0.06916327115205864,0.1162581331587347,0.2281493519779725,0.5536276957073291,0.015256431991301247,0.002673054326285083,0.024028259255578485,0.09015602803711001,0.17181937226337113,0.3233460385013358,0.34790335498278374,0.0400738926335358,0.0,0.0011911095002309145,0.0205952332236246,0.08482161125693474,0.14596425794608878,0.26587025529203373,0.41673194628753824,0.06482558649354901,0.0,0.21230686488287667,0.0,0.0,0.0,1.4614840493630853e-06,3.361413313535096e-05,0.00010376536750477906,0.7875542941324338,0.03692147153905962,0.5623527554820267,0.34986320509297963,0.04180136677988296,0.009049509233656224,1.1691872394904682e-05,0.0,0.0,0.00013737950064013002,0.001971541982590802,0.015436194529372907,0.06916327115205864,0.1162581331587347,0.2281493519779725,0.5536276957073291,0.015256431991301247,0.0005568254228073355,0.009670639954635536,0.04298078440771897,0.11708094867852613,0.20705136824136702,0.4348631174039366,0.18779631589100837,0.0,0.0,0.0,0.0,0.0,0.9999810007073583,1.8999292641720107e-05,0.0,0.0,0.0,0.0,0.0,0.014167626374525748,0.9858323736254743,0.0,0.0,0.0
tip_middle_root_1_2_2,26,舌尖,224198,200.12046813964844,7.674361705780029,151.1553955078125,20.90083885192871,166.21279907226562,19.814903259277344,169.70013427734375,4.186826229095459,62.768760681152344,22.338279724121094,200.12118530273438,7.67572021484375,172.3104705810547,15.583359718322754,148.77000427246094,6.853893280029297,127.5674057006836,2.7202706336975098,0.0,0.0,0.0,0.0,8.028617561262813e-05,0.1141669417211572,0.8826528336559648,0.0030999384472653636,0.0,0.0,0.00016949303740443716,0.12302072275399424,0.5267174551066468,0.3190349601691362,0.03105290858972872,4.460343089590452e-06,0.0,0.0,4.460343089590452e-06,0.0037689899107039315,0.42537399976806217,0.4455258298468318,0.12523751326952068,8.920686179180903e-05,1.7841372358361807e-05,0.0,0.0,0.0,0.0,0.0,0.01750238628355293,0.9824797723440887,0.09442100286354026,0.39226933335712183,0.46694885770613476,0.04635634573011356,4.460343089590452e-06,0.0,0.0,0.0,0.0,0.0,0.0,0.0,8.028617561262813e-05,0.1141669417211572,0.8826483733128753,0.003104398790354954,0.0,0.0,0.0,0.0002676205853754271,0.24216540736313438,0.619483670683949,0.13804315827973487,4.0143087806314064e-05,0.0,0.0,0.0,0.0,0.9719176799079385,0.02808232009206148,0.0,0.0,0.0,0.0,0.0,0.4743931703226612,0.5256068296773387,0.0,0.0,0.0
tip_middle_root_1_2_2,26,舌中,508992,201.97048950195312,10.554468154907227,167.32276916503906,21.10126304626465,181.84524536132812,20.153034210205078,166.19912719726562,5.602495193481445,44.468624114990234,17.34406852722168,201.97731018066406,10.564393043518066,183.77577209472656,17.022422790527344,143.16209411621094,5.025424003601074,125.48729705810547,2.3384366035461426,0.0,0.0,0.0,0.0,0.0001571733936879165,0.16926592166478058,0.8226612599019238,0.007915645039607695,0.0,0.0,0.0004243681629573746,0.03176081352948573,0.31597549666792407,0.5184030397334339,0.13332822519803847,0.0001080567081604426,0.0,0.0,2.161134163208852e-05,0.004831117188482334,0.149856972211744,0.4888976644033698,0.3543749214133032,0.002017713441468628,0.00019057273984659877,0.0,0.0,0.0,0.0,3.732868100088017e-05,0.06081628002011819,0.9389558185590343,0.25061297623538287,0.6007088520055325,0.14543843518169244,0.0031768672199170124,6.28693574751666e-05,0.0,0.0,0.0,0.0,0.0,0.0,0.0,0.0001571733936879165,0.16926592166478058,0.8224510404878662,0.008125864453665284,0.0,0.0,0.0,0.0007563969571230982,0.08816445052181567,0.5598693103231485,0.3501371337859927,0.0010727084119200301,0.0,0.0,0.0,0.0,0.9994479284546712,0.0005520715453288067,0.0,0.0,0.0,0.0,0.0,0.7952148560291714,0.20478514397082861,0.0,0.0,0.0
tip_middle_root_1_2_2,26,舌左邊,204275,200.19256591796875,8.827784538269043,152.0146942138672,19.617069244384766,171.50274658203125,19.471025466918945,166.9813995361328,4.356922626495361,61.90961837768555,18.663158416748047,200.19476318359375,8.828646659851074,173.1471405029297,15.329431533813477,149.1665496826172,5.349668979644775,125.05196380615234,2.908874750137329,0.0,0.0,0.0,0.0,0.0,0.16062171092889488,0.8374495165830376,0.001928772488067556,0.0,0.0,6.853506302778118e-05,0.11542773222371802,0.5198727205972341,0.34436911026802103,0.02026190184799902,0.0,0.0,0.0,0.0,0.013858768816546322,0.25371680332884594,0.5747056663811039,0.1576306449638967,8.811650960714723e-05,2.9372169869049077e-05,0.0,0.0,0.0,0.0,0.0,0.020834659160445478,0.9791359686696854,0.04133153836739689,0.5244890466283196,0.38956798433484274,0.044611430669440705,0.0,0.0,0.0,0.0,0.0,0.0,0.0,0.0,0.0,0.16060702484396036,0.8374642026679721,0.001928772488067556,0.0,0.0,0.0,9.790723289683026e-06,0.19605433851425774,0.6897760372047484,0.1141402521111247,1.958144657936605e-05,0.0,0.0,0.0,0.0,0.974735038550973,0.025264961449027047,0.0,0.0,0.0,0.0,0.0,0.7728943825725125,0.22710561742748744,0.0,0.0,0.0
tip_middle_root_1_2_2,26,舌右邊,212614,207.28768920898438,9.351177215576172,161.35382080078125,22.46338653564453,174.4175262451172,21.533863067626953,170.27903747558594,4.883335113525391,56.979835510253906,22.365036010742188,207.29098510742188,9.355798721313477,180.98770141601562,16.993595123291016,147.14146423339844,6.9613518714904785,128.0817413330078,2.807380199432373,0.0,0.0,0.0,0.0,0.0,0.05359477739001195,0.9147516156038643,0.031653607006123775,0.0,0.0,0.0,0.06714045171061171,0.3997055697178925,0.43324052037965516,0.09990875483270152,4.7033591390971435e-06,0.0,0.0,0.0,0.008047447486995212,0.26319997742387613,0.48324663474653595,0.24450882820510408,0.0009971121374885944,0.0001646175698684,0.0,0.0,0.0,0.0,0.0,0.016814508922272285,0.9830208735078593,0.13865973077972288,0.47552371904013846,0.3420753101865352,0.04374123999360343,0.0,0.0,0.0,0.0,0.0,0.0,0.0,0.0,0.0,0.05359477739001195,0.9145164476469094,0.03188877496307863,0.0,0.0,0.0,0.0,0.11249024052978637,0.5903891559351689,0.2968336986275598,0.00028690490748492574,0.0,0.0,0.0,0.0,0.9603789026122457,0.03962109738775434,0.0,0.0,0.0,0.0,0.0,0.44272719576321407,0.5572728042367859,0.0,0.0,0.0
tip_middle_root_1_2_2,26,舌根,861490,187.8902587890625,32.23683166503906,157.63568115234375,35.52574920654297,167.28851318359375,36.06370162963867,165.18231201171875,25.970998764038086,42.6428108215332,22.637422561645508,187.89962768554688,32.2422981262207,172.76998901367188,33.30239486694336,140.9189453125,6.366765022277832,127.35771179199219,2.3999907970428467,0.0005374409453388896,0.0017980475687471706,0.020791883829179677,0.051402802121905074,0.08446528688667308,0.22607227013662376,0.6012257832360213,0.013706485275511033,0.0013140024840683003,0.016036169891699266,0.047388826335767104,0.11638672532472809,0.2790572148254768,0.3664337368977005,0.17309429012524813,0.00028903411531184343,0.00102148603001776,0.01141162404670977,0.03768703060975751,0.08426795435814693,0.22298923957329742,0.3468061149868252,0.29129415315325774,0.004522397241987719,0.023888843747460795,2.3215591591312725e-05,0.0,0.0,0.0,0.0005060998966906175,0.030260362859696573,0.9453214779045607,0.3696282023006651,0.45024086176275985,0.15779869760531173,0.020808134743293596,0.00123158713391914,0.00017643849609397672,0.0001056309417404729,1.0447016216090726e-05,0.0005374409453388896,0.0017980475687471706,0.020791883829179677,0.051401641342325506,0.08445600065003657,0.22608271715283984,0.6005629780960894,0.014369290415443011,0.0010447016216090727,0.006455095241964503,0.029288790351600133,0.06211099374339807,0.17846173490115963,0.3884792626728111,0.33063877700263494,0.003520644464822575,0.0,0.0,0.0,0.0,0.9965281082775191,0.003471891722480818,0.0,0.0,0.0,0.0,0.0,0.5577569095404473,0.4422430904595526,0.0,0.0,0.0
tip_middle_root_1_2_2,27,舌尖,438014,201.0903778076172,13.404605865478516,154.5294647216797,15.795461654663086,179.33665466308594,17.98100471496582,160.32870483398438,22.420682907104492,59.74233627319336,9.756464004516602,201.09048461914062,13.404722213745117,175.3706512451172,14.292281150817871,149.33203125,2.803401231765747,121.84052276611328,3.455974578857422,0.0,0.0,0.0,0.00018264256393631253,0.009983699151168684,0.19790691621728987,0.7903993936266878,0.0015273484409174137,0.0,0.0,0.0006164186532850548,0.05795933463313958,0.5214901806791564,0.4192925340285927,0.0006415320058262978,0.0,0.0,5.2509737131689857e-05,0.003285283118804422,0.016054281370001873,0.09386457967096942,0.6626569013775815,0.22402708589223175,5.9358833279301574e-05,0.020136342673978458,0.0,0.0,0.0,0.0,0.0,0.0098763966448561,0.9699872606811655,0.00026254868565844927,0.684786331030515,0.3110836639924751,0.0038309277785641555,3.652851278726251e-05,0.0,0.0,0.0,0.0,0.0,0.0,0.00018264256393631253,0.009983699151168684,0.19790691621728987,0.7903925445305401,0.0015341975370650252,0.0,0.0,1.369819229522344e-05,0.0034176989776582485,0.14435611647116303,0.7498070837918422,0.10240540256704124,0.0,0.0,0.0,0.0,0.0,0.9998287725963098,0.000171227403690293,0.0,0.0,0.0,0.0,0.0,0.9519376093001594,0.04806239069984065,0.0,0.0,0.0
tip_middle_root_1_2_2,27,舌中,709804,211.43585205078125,6.901054382324219,165.71200561523438,11.829421997070312,173.41017150878906,15.43412971496582,121.26060485839844,76.28231048583984,57.85196304321289,11.234335899353027,211.4359893798828,6.9014363288879395,184.5688018798828,9.424317359924316,146.0721435546875,3.4814023971557617,130.62677001953125,6.3379974365234375,0.0,0.0,0.0,0.0,0.0,0.0023034527841488636,0.9629249764723783,0.03477157074347285,0.0,0.0,2.1132594349989574e-05,0.00203999977458566,0.28571267561185903,0.6957357242280968,0.01649046779110853,0.0,0.0,0.0,0.00011129833024327842,0.002403480397405481,0.18169663738158703,0.7035491487790996,0.11172943516801821,0.000509999943646415,0.29610991203205395,0.0,0.0,0.0,0.0,0.0,0.0016159390479625361,0.7022741489199835,0.0024950549729221023,0.7289040354802171,0.26467870003550276,0.0037925962660114625,0.00010566297174994788,2.3950273596654853e-05,0.0,0.0,0.0,0.0,0.0,0.0,0.0,0.0023034527841488636,0.9629207499535083,0.034775797262342846,0.0,0.0,0.0,0.0,0.00819099357005596,0.7752224557765243,0.21656541805906981,2.1132594349989574e-05,0.0,0.0,0.0,0.0,0.9995956630281035,0.0004043369718964672,0.0,0.0,0.0,0.0,0.0,0.3562236899200343,0.6437509509667457,2.535911321998749e-05,0.0,0.0
tip_middle_root_1_2_2,27,舌左邊,339710,213.57110595703125,9.240748405456543,172.35060119628906,17.18238067626953,183.82479858398438,15.89961051940918,141.20933532714844,62.039310455322266,51.29191207885742,13.80713176727295,213.5712432861328,9.241060256958008,189.88050842285156,13.615703582763672,144.90963745117188,4.854336261749268,127.94499969482422,5.410918235778809,0.0,0.0,0.0,0.0,3.238055988931736e-05,0.026078125459951133,0.8483736127873774,0.1255158811927821,0.0,0.0,0.0,0.004966000412116217,0.23172411762974301,0.6293426746342469,0.13396720732389392,0.0,0.0,0.0,0.0,0.001262841835683377,0.07135792293426746,0.5792087368637956,0.34596273291925467,0.002207765446998911,0.17049836625356923,0.0,0.0,0.0,0.0,0.0,0.0021106237673309586,0.8273910099790999,0.058385093167701865,0.7402637543787348,0.19737128727443998,0.00397986517912337,0.0,0.0,0.0,0.0,0.0,0.0,0.0,0.0,3.238055988931736e-05,0.026078125459951133,0.8483736127873774,0.1255158811927821,0.0,0.0,0.0,0.0,0.020867799005033705,0.4918459862824174,0.48718318565835567,0.0001030290541932825,0.0,0.0,0.0,0.0,0.9999970563127374,2.9436872626652144e-06,0.0,0.0,0.0,0.0,0.0,0.5742339053898914,0.4257660946101086,0.0,0.0,0.0
tip_middle_root_1_2_2,27,舌右邊,265815,215.51722717285156,16.925704956054688,175.69479370117188,22.68646240234375,191.10464477539062,24.94963264465332,155.53494262695312,41.86573028564453,48.667320251464844,15.503501892089844,215.5365753173828,16.952011108398438,192.78382873535156,20.183876037597656,145.01072692871094,3.6483733654022217,125.80892944335938,4.100350856781006,5.26682090927901e-05,0.0013279912721253504,0.001350563361736546,0.002328687244888362,0.01197073152380415,0.039497394804657374,0.6119030152549706,0.33156894832872486,0.0024264996332035438,0.003573914188439328,0.004615992325489532,0.015875703026541014,0.12942459981566126,0.6021669206026747,0.23911366928126704,0.002802701126723473,0.002441547692944341,0.0023174012000827643,0.010409495325696443,0.008979929650320712,0.05383443372270188,0.3490736038222072,0.536327897221752,0.03661569136429472,0.06950698794274213,0.0,0.0,0.0,0.0,3.3858134416793634e-05,0.03779696405394729,0.8926621898688938,0.06417621277956473,0.8597107010514832,0.05937588172225044,0.01015744032503809,0.004074262174820834,0.0022684950059251737,0.00023700694091755543,0.0,5.26682090927901e-05,0.0013279912721253504,0.001350563361736546,0.002328687244888362,0.01197073152380415,0.039497394804657374,0.6118954912251001,0.3315764723585953,0.0013054191825141546,0.0015725222429133043,0.003675488591689709,0.009164268382145476,0.02664258977108139,0.3795308767375806,0.5665857833455599,0.011523051746515434,0.0,0.0,0.0,0.0,0.9980888964129188,0.0019111035870812408,0.0,0.0,0.0,0.0,0.0,0.7637906062487068,0.23620939375129318,0.0,0.0,0.0
tip_middle_root_1_2_2,27,舌根,1168999,162.3299560546875,47.595314025878906,125.7140121459961,48.914188385009766,126.67688751220703,52.55643081665039,85.76158905029297,84.19428253173828,71.39349365234375,32.036014556884766,162.33029174804688,47.59556579589844,141.92202758789062,48.91313934326172,142.6621551513672,3.842663049697876,133.35723876953125,5.468148231506348,3.4217308996842596e-06,0.015917892145331177,0.11585980826330904,0.14607112580934628,0.1225390269794927,0.21308315918148776,0.37320134576676284,0.013324220123370508,0.016471357118355106,0.14483160379093565,0.1434894298455345,0.12719600273396298,0.25664008266901855,0.26581973124014646,0.04554152740934766,1.0265192699052779e-05,0.018413189403925924,0.17478885781767137,0.11690514705316257,0.1211010445689004,0.20828247072923073,0.29085824709858604,0.06949364370713747,0.00015739962138547594,0.516933718506175,0.0,0.0,0.0,0.0,0.0,0.0024568027859732987,0.48060947870785176,0.04853297564839662,0.4757540425611998,0.2358102958171906,0.1635057001759625,0.07470151813645692,0.0016954676607935507,0.0,0.0,3.4217308996842596e-06,0.015917892145331177,0.11585980826330904,0.14607112580934628,0.1225390269794927,0.21306519509426441,0.3732193098539862,0.013324220123370508,0.0027981204432168034,0.084540705338499,0.1447802778274404,0.1219051513303262,0.1654098934216368,0.32730139204567327,0.1527400793328309,0.0005243802603766128,0.0,0.0,0.0,0.0,0.9994328481033773,0.0005671518966226661,0.0,0.0,0.0,0.0,0.0,0.14669216996763898,0.853307830032361,0.0,0.0,0.0
tip_middle_root_1_2_2,29,舌尖,178950,205.9179229736328,10.604199409484863,150.45542907714844,14.384784698486328,154.57725524902344,16.083871841430664,131.66578674316406,76.94303131103516,69.31105041503906,10.161423683166504,205.9179229736328,10.604199409484863,172.480712890625,12.451116561889648,149.4545440673828,2.7464399337768555,134.21145629882812,2.535440444946289,0.0,0.0,0.0,0.0,0.0,0.11450684548756636,0.8697289745739033,0.015764179938530316,0.0,0.0,5.5881531153953615e-06,0.07185247275775357,0.660961162335848,0.2644705224923163,0.0027102542609667504,0.0,0.0,0.0,3.352891869237217e-05,0.057859737356803574,0.5294328024587873,0.40388935456831515,0.008784576697401509,0.0,0.25594300083822297,0.0,0.0,0.0,0.0,0.0,0.0,0.744056999161777,5.5881531153953615e-06,0.3008549874266555,0.693271863649064,0.00586756077116513,0.0,0.0,0.0,0.0,0.0,0.0,0.0,0.0,0.0,0.11450684548756636,0.8697289745739033,0.015764179938530316,0.0,0.0,0.0,0.00012852752165409332,0.15233864207879297,0.8024420229114277,0.045090807488125176,0.0,0.0,0.0,0.0,0.0,1.0,0.0,0.0,0.0,0.0,0.0,0.0,0.00043587594300083823,0.9995641240569991,0.0,0.0,0.0
tip_middle_root_1_2_2,29,舌中,320000,213.071044921875,5.626889228820801,171.8529052734375,10.058354377746582,177.69105529785156,9.199652671813965,168.5188751220703,34.704586029052734,49.46075439453125,9.124220848083496,213.071044921875,5.626889228820801,189.03182983398438,7.864834785461426,143.9542694091797,3.1715524196624756,130.85336303710938,1.3913570642471313,0.0,0.0,0.0,0.0,0.0,0.001121875,0.97205625,0.026821875,0.0,0.0,0.0,3.75e-05,0.116440625,0.865065625,0.0184375,1.875e-05,0.0,0.0,0.0,4.375e-05,0.030259375,0.915621875,0.054009375,6.5625e-05,0.040990625,0.0,0.0,0.0,0.0,0.0,0.0,0.959009375,0.0133375,0.91806875,0.06859375,0.0,0.0,0.0,0.0,0.0,0.0,0.0,0.0,0.0,0.0,0.001121875,0.97205625,0.026821875,0.0,0.0,0.0,0.0,0.000353125,0.6189,0.380659375,8.75e-05,0.0,0.0,0.0,0.0,1.0,0.0,0.0,0.0,0.0,0.0,0.0,0.00163125,0.99836875,0.0,0.0,0.0
tip_middle_root_1_2_2,29,舌左邊,123394,208.0380859375,10.4265775680542,161.1552276611328,17.576698303222656,163.61758422851562,18.020999908447266,143.75283813476562,69.81776428222656,58.267250061035156,13.036605834960938,208.0380859375,10.4265775680542,180.18051147460938,14.613922119140625,145.80624389648438,3.5034358501434326,133.6227569580078,1.9202009439468384,0.0,0.0,0.0,0.0,0.0,0.07091916948960242,0.891493913804561,0.03758691670583659,0.0,0.0,0.0,0.042368348542068494,0.38231194385464445,0.5542003663063034,0.021119341296983646,0.0,0.0,0.0,0.0,0.035601406875536895,0.3509489926576657,0.5763327228228277,0.037116877643969724,0.0,0.19235943400813654,0.0,0.0,0.0,0.0,0.0,0.0,0.8076405659918635,0.0018720521257111367,0.6738577240384459,0.31924566834692125,0.005024555488921665,0.0,0.0,0.0,0.0,0.0,0.0,0.0,0.0,0.0,0.07091916948960242,0.891493913804561,0.03758691670583659,0.0,0.0,0.0,0.0,0.08971262784252071,0.685495242880529,0.2246462550853364,0.0001458741916138548,0.0,0.0,0.0,0.0,1.0,0.0,0.0,0.0,0.0,0.0,0.0,1.6208243512650533e-05,0.9999837917564873,0.0,0.0,0.0
tip_middle_root_1_2_2,29,舌右邊,140220,200.31295776367188,15.899192810058594,155.04598999023438,22.415672302246094,158.01278686523438,23.734756469726562,149.89320373535156,64.04563903808594,58.84896469116211,14.768823623657227,200.31295776367188,15.899192810058594,173.95143127441406,19.585187911987305,145.4303741455078,3.388467311859131,133.18270874023438,2.2997918128967285,0.0,0.0,0.0,5.7053202110968475e-05,0.01150335187562402,0.2681072600199686,0.6951219512195121,0.025210383682784197,0.0,0.0,0.004771074026529739,0.14860219654828127,0.34731849950078447,0.484624162031094,0.0146626729425189,2.1394950791613178e-05,0.0,0.0,0.004614177720724576,0.13363286264441593,0.31944087861931253,0.5039509342461845,0.038304093567251465,5.7053202110968475e-05,0.15548423905291683,0.0,0.0,0.0,0.0,0.0,0.0,0.8445157609470831,0.0027742119526458424,0.6430537726429896,0.34664099272571675,0.007531022678647839,0.0,0.0,0.0,0.0,0.0,0.0,0.0,5.7053202110968475e-05,0.01150335187562402,0.2681072600199686,0.6951219512195121,0.025210383682784197,0.0,0.0,4.2789901583226356e-05,0.010854371701611753,0.2404649835972044,0.5578804735415775,0.19052916844957923,0.0002282128084438739,0.0,0.0,0.0,0.0,1.0,0.0,0.0,0.0,0.0,0.0,0.0,0.00017115960633290543,0.999828840393667,0.0,0.0,0.0
tip_middle_root_1_2_2,29,舌根,523701,168.9246063232422,41.88735580444336,130.69375610351562,42.75107955932617,131.35067749023438,41.759429931640625,107.80851745605469,86.1285400390625,64.73433685302734,24.289989471435547,168.9246063232422,41.88735580444336,147.53431701660156,42.770301818847656,143.00021362304688,3.5286760330200195,133.47418212890625,1.397455096244812,0.002027874684218667,0.021836887842490275,0.06264643374750097,0.09609872809102904,0.12229879263167341,0.2964630581190412,0.3979675425481334,0.0006606823359130497,0.022245517957765977,0.08719861142140267,0.10369466546750913,0.15929127498324425,0.31161101468204183,0.31202728274339747,0.0039278137715986795,3.818973039959824e-06,0.018550661541604847,0.08320587510812467,0.10377868287438825,0.1592970034428042,0.322435893763808,0.3093406352097857,0.0033759721673244847,1.5275892159839297e-05,0.39910941548708134,0.0,0.0,0.0,0.0,0.0,0.0,0.6008905845129187,0.003962184528958318,0.6024468160267022,0.2694400048882855,0.09997689521310825,0.022146224658727023,0.001825469113100796,0.00010502175859889518,9.738381251897552e-05,0.002027874684218667,0.021836887842490275,0.06264643374750097,0.09609872809102904,0.12229879263167341,0.2964630581190412,0.3979675425481334,0.0006606823359130497,0.007152936503844751,0.05589448941285199,0.09028816061073017,0.10685868463111585,0.21876987059409855,0.44389451232669025,0.07711270362286878,2.8642297799698683e-05,0.0,0.0,0.0,0.0,0.9999923620539201,7.637946079919648e-06,0.0,0.0,0.0,0.0,0.0,0.00021768146327770998,0.9997823185367223,0.0,0.0,0.0
tip_middle_root_1_2_2,30,舌尖,132921,199.80677795410156,10.957375526428223,158.48704528808594,13.991764068603516,180.8084259033203,12.237369537353516,162.9182586669922,5.405147075653076,52.85042190551758,13.086201667785645,199.8619842529297,10.8611421585083,177.68478393554688,11.602019309997559,146.98544311523438,4.206172943115234,122.39350128173828,1.8918334245681763,0.0,0.0,0.0,0.0,7.523265699174698e-06,0.22411808517841425,0.7755433678651229,0.0003310236907636867,0.0,0.0,0.0,0.01133756140865627,0.5082567841048442,0.4774414878010247,0.002964166685474831,0.0,0.0,0.0,0.0,0.0,0.04860781968236772,0.7512883592509837,0.20010382106664862,0.0,0.0004288261448529578,0.0,0.0,0.0,0.0,0.00012037225118679516,0.08040114052708,0.9190496610768802,0.030755110178226165,0.7493924962947917,0.21964926535310447,0.00020312817387771684,0.0,0.0,0.0,0.0,0.0,0.0,0.0,0.0,7.523265699174698e-06,0.22349365412538275,0.7761677989181544,0.0003310236907636867,0.0,0.0,0.0,0.0,0.07351735241233515,0.8106544488831712,0.11582819870449365,0.0,0.0,0.0,0.0,0.0,0.999398138744066,0.0006018612559339758,0.0,0.0,0.0,0.0,0.0,0.9901445219340812,0.009855478065918855,0.0,0.0,0.0
tip_middle_root_1_2_2,30,舌中,258230,206.514404296875,5.631291389465332,179.3098907470703,9.637128829956055,198.2610626220703,8.543761253356934,158.3800811767578,4.60237455368042,33.83005142211914,7.952016353607178,206.645263671875,5.694252014160156,193.60374450683594,7.734426975250244,141.0260009765625,2.7202908992767334,122.11946105957031,1.3552385568618774,0.0,0.0,0.0,0.0,0.0,0.013867482476861712,0.9855748751113349,0.0005576424118034311,0.0,0.0,0.0,0.0,0.026189830771018083,0.8731131162142276,0.10069318049800566,3.8725167486349376e-06,0.0,0.0,0.0,0.0,0.00026333113890717575,0.19043488363087172,0.8086589474499477,0.0006428377802733997,0.0,0.0,0.0,0.0,0.0,0.00015102815319676259,0.37097548696898114,0.6288734848778221,0.40332261937032876,0.5963869418735236,0.00029043875614762033,0.0,0.0,0.0,0.0,0.0,0.0,0.0,0.0,0.0,0.0,0.013848119893118538,0.9853773767571544,0.0007745033497269876,0.0,0.0,0.0,0.0,0.0003059288231421601,0.369480695504008,0.6301359253378771,7.745033497269876e-05,0.0,0.0,0.0,0.0,1.0,0.0,0.0,0.0,0.0,0.0,0.0,0.9994036324207102,0.0005963675792897804,0.0,0.0,0.0
tip_middle_root_1_2_2,30,舌左邊,102538,193.93292236328125,18.445310592651367,164.161865234375,22.341527938842773,182.48403930664062,21.460094451904297,160.95237731933594,3.861956834793091,40.01496887207031,11.609333038330078,193.95339965820312,18.457189559936523,179.7619171142578,20.186870574951172,142.06719970703125,2.865626573562622,122.75035858154297,1.47352933883667,0.0,0.0,0.0,0.0,0.0625719245547992,0.29170648930152726,0.6456045563595935,0.00011702978408004837,0.0,0.0,0.0021748034874875654,0.0775809943630654,0.25296963077103124,0.6117927012424662,0.0554818701359496,0.0,0.0,0.0,0.0,0.019339171819227993,0.15366985897911017,0.3882950710955938,0.43859837328600126,9.752482006670698e-05,0.0,0.0,0.0,0.0,0.0,0.0,0.1741305662291053,0.8258694337708947,0.22653065205094697,0.7266086719070003,0.046860676042052705,0.0,0.0,0.0,0.0,0.0,0.0,0.0,0.0,0.0,0.06255241959078585,0.29163822192748057,0.6456045563595935,0.00020480212214008466,0.0,0.0,0.0,0.010318125963057598,0.184712009206343,0.4585909613996762,0.34637890343092315,0.0,0.0,0.0,0.0,0.0,1.0,0.0,0.0,0.0,0.0,0.0,0.0,0.9919346973804833,0.008065302619516667,0.0,0.0,0.0
tip_middle_root_1_2_2,30,舌右邊,69202,192.082275390625,14.327335357666016,159.9366455078125,18.474517822265625,180.04299926757812,18.17095947265625,160.4021453857422,6.890614032745361,43.30967330932617,11.164326667785645,192.09996032714844,14.343792915344238,176.52734375,16.40748405456543,143.2952117919922,2.852116107940674,122.21299743652344,1.7145774364471436,0.0,0.0,0.00013005404468078958,0.000303459437588509,0.003569261004017225,0.4420970492182307,0.5539001762954828,0.0,0.0,0.0002456576399526025,0.0003179098869974856,0.06066298661888385,0.3749169099158984,0.5510100864136874,0.012846449524580214,0.0,0.0,0.0003323603364064622,0.00026010808936157917,0.002846738533568394,0.14915753879945667,0.54207970867894,0.305323545562267,0.0,0.0012716395479899425,0.0,0.0,0.0,0.0,0.0,0.21672784023583133,0.7820005202161787,0.11259790179474581,0.8271292737204127,0.0595792029132106,0.0005780179763590648,0.00011560359527181296,0.0,0.0,0.0,0.0,0.0,0.00013005404468078958,0.000303459437588509,0.003569261004017225,0.44192364382532295,0.5540735816883905,0.0,0.0,4.3351348226929855e-05,0.00034681078581543884,0.0009970810092193867,0.17424351897344006,0.6295627294008843,0.1948065084824138,0.0,0.0,0.0,0.0,0.0,1.0,0.0,0.0,0.0,0.0,0.0,0.0,0.9871391000260108,0.012860899973989192,0.0,0.0,0.0
tip_middle_root_1_2_2,30,舌根,486587,177.29249572753906,40.73711395263672,154.93077087402344,43.58155059814453,166.29922485351562,45.13250732421875,162.79495239257812,14.781440734863281,36.53707504272461,21.560197830200195,177.34510803222656,40.776031494140625,167.81573486328125,42.8848991394043,138.3893280029297,3.3236324787139893,125.25274658203125,2.3698954582214355,0.0001849617848401211,0.02022248847585324,0.05265245475115447,0.06773300560845234,0.09154169757926127,0.23763890116258757,0.5299545610548576,7.192958299338043e-05,0.006335968696245481,0.05930080335068549,0.06511271365655062,0.07448411075511677,0.18156670852283352,0.455692404441549,0.15750729057701912,0.0,0.0015968367424530454,0.0514748647210057,0.06009202876361267,0.06350560125938425,0.12095884189261119,0.32706997926372877,0.37498741232297617,0.00031443503422820583,0.006572308754652302,0.0,0.0,0.0,0.0,0.0012454093512568154,0.15159878911684857,0.8405834927772423,0.510192421910162,0.3842848247076062,0.07573979576108691,0.026461866017793323,0.0028319704389965206,0.00045623906927229867,2.6716702254684156e-05,6.165392828004036e-06,0.0001849617848401211,0.02022248847585324,0.05265245475115447,0.06772478508468167,0.09150470522229324,0.2374765458181168,0.5298826314718642,0.00035142739119623005,0.0012926773629381796,0.04376812368600065,0.054551395742179716,0.0653326126674161,0.1156709899771264,0.34298491328374986,0.3763931218877611,6.165392828004036e-06,0.0,0.0,0.0,0.0,1.0,0.0,0.0,0.0,0.0,0.0,0.0,0.8349421583396186,0.1650578416603814,0.0,0.0,0.0
tip_middle_root_1_2_2,31,舌尖,178799,199.66429138183594,9.043438911437988,136.0561065673828,15.612016677856445,146.38137817382812,16.620319366455078,174.3947296142578,10.146875381469727,81.70252990722656,13.466224670410156,199.66429138183594,9.043438911437988,161.56671142578125,12.759714126586914,153.79946899414062,3.5919158458709717,132.55902099609375,2.631927967071533,0.0,0.0,0.0,0.0,0.0,0.1871431048272082,0.8128568951727918,0.0,0.0,0.0,0.00013422893864059642,0.30678583213552646,0.6241086359543397,0.06897130297149313,0.0,0.0,0.0,0.0,0.0,0.1342177528957097,0.622565003159973,0.24318927958210057,2.7964362216790923e-05,0.0,0.0032942018691379704,0.0,0.0,0.0,0.0,0.0,0.0,0.996705798130862,0.0,0.1002466456747521,0.7462569701172825,0.15349638420796538,0.0,0.0,0.0,0.0,0.0,0.0,0.0,0.0,0.0,0.1871431048272082,0.8128568951727918,0.0,0.0,0.0,0.0,0.00016778617330074554,0.4330169631821207,0.5647514807129794,0.0020637699315991702,0.0,0.0,0.0,0.0,0.0,0.9532827364806291,0.046717263519370916,0.0,0.0,0.0,0.0,0.0,0.013193586093881956,0.986806413906118,0.0,0.0,0.0
tip_middle_root_1_2_2,31,舌中,301020,214.7907257080078,5.389756202697754,174.67373657226562,13.210359573364258,182.0183868408203,11.039766311645508,163.4961700439453,41.95426559448242,47.94498825073242,11.702057838439941,214.7907257080078,5.389756202697754,191.5165252685547,10.035367965698242,143.74755859375,4.077648639678955,129.8992462158203,1.7260758876800537,0.0,0.0,0.0,0.0,0.0,3.322038402763936e-06,0.9494319314331273,0.050564746528469866,0.0,0.0,0.0,0.0,0.14233273536642083,0.7496279316988904,0.10803933293468873,0.0,0.0,0.0,0.0,0.0,0.023941930768719685,0.7665404292073617,0.20951764002391868,0.0,0.06263703408411402,0.0,0.0,0.0,0.0,0.0,0.0,0.937362965915886,0.07604478107766925,0.8169889043917348,0.10696631453059598,0.0,0.0,0.0,0.0,0.0,0.0,0.0,0.0,0.0,0.0,3.322038402763936e-06,0.9494319314331273,0.050564746528469866,0.0,0.0,0.0,0.0,0.0002391867649990034,0.4928841937412797,0.5068766194937213,0.0,0.0,0.0,0.0,0.0,1.0,0.0,0.0,0.0,0.0,0.0,0.0,0.04634907979536244,0.9536509202046376,0.0,0.0,0.0
tip_middle_root_1_2_2,31,舌左邊,142363,208.37533569335938,9.973628044128418,152.1546173095703,16.065706253051758,156.22450256347656,19.594280242919922,114.06817626953125,83.4631576538086,70.13507080078125,13.615306854248047,208.37533569335938,9.973628044128418,174.3304443359375,13.39275074005127,149.72500610351562,3.405818462371826,134.3502960205078,3.9815380573272705,0.0,0.0,0.0,0.0,0.0,0.08672197129872228,0.91004685206128,0.0032311766399977524,0.0,0.0,0.0,0.054712249671614116,0.5558115521589176,0.3894410766842508,3.5121485217366874e-05,0.0,0.0,0.0,0.0,0.042574264380492124,0.4840794307509676,0.4646923709109811,0.008653933957559198,0.0,0.35241600696810266,0.0,0.0,0.0,0.0,0.0,0.0,0.6475839930318973,0.0,0.3635705906731384,0.6202945990180033,0.01613481030885834,0.0,0.0,0.0,0.0,0.0,0.0,0.0,0.0,0.0,0.08672197129872228,0.91004685206128,0.0032311766399977524,0.0,0.0,0.0,0.0,0.1726150755463147,0.7517402695925205,0.07564465486116477,0.0,0.0,0.0,0.0,0.0,0.9998243925739132,0.00017560742608683437,0.0,0.0,0.0,0.0,0.0,0.00866095825460267,0.9913390417453973,0.0,0.0,0.0
tip_middle_root_1_2_2,31,舌右邊,108511,207.02540588378906,11.653104782104492,149.8533935546875,21.185504913330078,152.60195922851562,24.14261817932129,107.42369842529297,85.83392333984375,72.11072540283203,18.268020629882812,207.02540588378906,11.653104782104492,172.34620666503906,17.35512924194336,150.0285186767578,4.5108962059021,135.33120727539062,4.115610122680664,0.0,0.0,0.0,0.0,6.450958888960566e-05,0.10515984554561289,0.8754043368875045,0.019371307977993014,0.0,0.0,0.0,0.17190883873524343,0.43946696648266076,0.3821179419598013,0.006506252822294514,0.0,0.0,0.0,0.00016588180000184314,0.17797274009086636,0.3811042198486789,0.41097215950456634,0.0297849987558865,0.0,0.39286339633769846,0.0,0.0,0.0,0.0,0.0,0.0,0.6071366036623015,0.0014376422666826404,0.37010072711522335,0.5220300246058003,0.10643160601229368,0.0,0.0,0.0,0.0,0.0,0.0,0.0,0.0,6.450958888960566e-05,0.10515984554561289,0.8754043368875045,0.019371307977993014,0.0,0.0,0.0,0.000958428177788427,0.2567665950917419,0.6161310834846236,0.12614389324584604,0.0,0.0,0.0,0.0,0.0,0.9987190238777636,0.0012809761222364552,0.0,0.0,0.0,0.0,0.0,0.003299204688925547,0.9967007953110745,0.0,0.0,0.0
tip_middle_root_1_2_2,31,舌根,499216,182.8081512451172,38.893516540527344,142.06753540039062,41.54744338989258,142.2620391845703,41.157691955566406,78.93173217773438,86.47727966308594,63.250404357910156,28.299701690673828,182.8081512451172,38.893516540527344,159.61233520507812,40.102230072021484,143.63233947753906,7.012596607208252,134.1356658935547,3.0664255619049072,0.00867159706419666,0.009084244094740554,0.0323106631197718,0.05540086856190507,0.08094291849620204,0.24709344251786802,0.5588082112752797,0.007688054870036216,0.015878898112239994,0.05246426396589853,0.06466339219896798,0.16800943880003846,0.28395724496009744,0.35501265985064584,0.06001410211211179,0.0,0.0136554116855229,0.053067209384314605,0.06379202589660588,0.17915892118842344,0.27542787090157367,0.35350429473414313,0.06139426620941636,0.0,0.5623798115445018,0.0,0.0,0.0,0.0,0.0,8.413191884875485e-05,0.43753605653664945,0.07846703631293869,0.5071692413704689,0.2831359571808596,0.10088819268613186,0.024710746450434282,0.005432518188519599,0.00019630781064709465,0.0,0.00867159706419666,0.009084244094740554,0.0323106631197718,0.05540086856190507,0.08094291849620204,0.24709344251786802,0.5588082112752797,0.007688054870036216,0.011029293932886767,0.025712316912919458,0.055767443351174645,0.06893809493285472,0.23909490080446139,0.38919826287618986,0.21025968718951316,0.0,0.0,0.0,0.0,0.0,0.9845037018044294,0.015496298195570656,0.0,0.0,0.0,0.0,0.0,0.005923287715137335,0.9940767122848627,0.0,0.0,0.0
tip_middle_root_1_2_2,32,舌尖,123092,204.12673950195312,13.787077903747559,140.16969299316406,16.041521072387695,154.6192169189453,15.809281349182129,161.82000732421875,41.015167236328125,80.69792175292969,14.412705421447754,204.12673950195312,13.787077903747559,165.89120483398438,13.41367244720459,154.36972045898438,5.783191680908203,130.38095092773438,2.9953041076660156,0.0,0.0,0.0,0.0,0.0001218600721411627,0.19474864329119682,0.7453286972345887,0.059800799402073244,0.0,0.0,0.0016735449907386345,0.2073977187794495,0.6707097130601501,0.11902479446267832,0.0011942287069833944,0.0,0.0,0.0,0.00022747213466350373,0.04912585708250739,0.5682091443798135,0.37129139180450393,0.01112988658889286,1.6248009618821694e-05,0.06481331036947974,0.0,0.0,0.0,0.0,0.0,1.6248009618821694e-05,0.9351704416209015,6.499203847528678e-05,0.10505963019530108,0.7635752120365256,0.13047964124394762,0.0008205244857504956,0.0,0.0,0.0,0.0,0.0,0.0,0.0,0.0001218600721411627,0.19474864329119682,0.7453286972345887,0.059800799402073244,0.0,0.0,0.0,0.0010804926396516426,0.3153901147109479,0.6610990153706171,0.02243037727878335,0.0,0.0,0.0,0.0,0.0,0.8669369252266598,0.13306307477334026,0.0,0.0,0.0,0.0,0.0,0.11994280700614175,0.8800571929938582,0.0,0.0,0.0
tip_middle_root_1_2_2,32,舌中,254880,203.67617797851562,7.213903903961182,158.05812072753906,14.668628692626953,175.75457763671875,13.013350486755371,167.6951446533203,3.119966745376587,57.0894660949707,17.23675537109375,203.67617797851562,7.213903903961182,178.11170959472656,10.602387428283691,147.76779174804688,5.673135280609131,125.5068130493164,2.281092405319214,0.0,0.0,0.0,0.0,0.0,0.045009416195856876,0.9496625863151287,0.005327997489014438,0.0,0.0,2.746390458254865e-05,0.02626333961079724,0.4818188951663528,0.4895440991839297,0.0023462021343377275,0.0,0.0,0.0,0.0,0.0007532956685499058,0.11791431261770245,0.7891478342749529,0.0921217827997489,6.277463904582549e-05,0.0,0.0,0.0,0.0,0.0,0.0,0.0013064971751412429,0.9986935028248588,0.023289391086001254,0.6504668863779033,0.30174199623352166,0.024454645323289392,4.7080979284369114e-05,0.0,0.0,0.0,0.0,0.0,0.0,0.0,0.0,0.045009416195856876,0.9496625863151287,0.005327997489014438,0.0,0.0,0.0,0.0,0.04448760200878845,0.856638418079096,0.09883474576271187,3.923414940364093e-05,0.0,0.0,0.0,0.0,0.9686283741368487,0.03137162586315129,0.0,0.0,0.0,0.0,0.0,0.8153523226616447,0.1846476773383553,0.0,0.0,0.0
tip_middle_root_1_2_2,32,舌左邊,93587,199.99534606933594,9.815386772155762,151.85325622558594,17.359678268432617,165.43032836914062,17.967811584472656,171.06405639648438,5.3476481437683105,61.91459274291992,14.66999340057373,199.99534606933594,9.815386772155762,172.50706481933594,14.263688087463379,148.1654510498047,3.9819843769073486,128.10389709472656,2.4882874488830566,0.0,0.0,0.0,0.0,0.002446921046726575,0.16103732355989614,0.8349450244157842,0.0015707309775930417,0.0,0.0,0.003312425871114578,0.0884310855140137,0.5323709489565859,0.3746139955335677,0.0012715441247181766,0.0,0.0,0.0,0.00036329832134805045,0.024394413754047037,0.3157810379646746,0.6226398965668308,0.03682135339309947,0.0,0.0007052261532050391,0.0,0.0,0.0,0.0,0.0,0.0,0.999294773846795,0.00309872097620396,0.5551518907540577,0.4290553175120476,0.012576533065489864,0.00011753769220083986,0.0,0.0,0.0,0.0,0.0,0.0,0.0,0.002446921046726575,0.16103732355989614,0.8349450244157842,0.0015707309775930417,0.0,0.0,0.0,0.00464808146430594,0.17723615459412098,0.7497195123254298,0.06839625161614327,0.0,0.0,0.0,0.0,0.0,0.9968051118210862,0.003194888178913738,0.0,0.0,0.0,0.0,0.0,0.41471571906354515,0.5852842809364549,0.0,0.0,0.0
tip_middle_root_1_2_2,32,舌右邊,75116,201.50344848632812,9.857682228088379,151.52761840820312,18.90184211730957,166.11302185058594,19.330821990966797,170.87570190429688,2.7002038955688477,63.851417541503906,16.48520851135254,201.50344848632812,9.857682228088379,172.76785278320312,15.26573657989502,149.01852416992188,4.583338737487793,127.87491607666016,2.5429134368896484,0.0,0.0,0.0,0.0,0.00014644017253314873,0.15509345545556205,0.8419111773789871,0.002848926992917621,0.0,0.0,0.0012913360668832207,0.12178497257574951,0.5064034293625859,0.3690292347835348,0.0014910272112466053,0.0,0.0,0.0,0.0,0.03843388891847276,0.29024442196070077,0.6010437190478726,0.07027797007295383,0.0,0.0,0.0,0.0,0.0,0.0,0.0,0.0,1.0,0.0025294211619362053,0.5324830928164439,0.4232387241067149,0.04173544917194739,1.3312742957558975e-05,0.0,0.0,0.0,0.0,0.0,0.0,0.0,0.00014644017253314873,0.15509345545556205,0.8419111773789871,0.002848926992917621,0.0,0.0,0.0,0.0015309654401192822,0.19741466531764204,0.6998109590500027,0.10124341019223601,0.0,0.0,0.0,0.0,0.0,0.9839315192502264,0.016068480749773684,0.0,0.0,0.0,0.0,0.0,0.4786064220672027,0.5213935779327973,0.0,0.0,0.0
tip_middle_root_1_2_2,32,舌根,475910,192.1926727294922,20.447301864624023,158.628173828125,23.385562896728516,173.62342834472656,24.40048599243164,165.86578369140625,5.721056938171387,45.534488677978516,13.84993839263916,192.1932830810547,20.442325592041016,175.1318359375,21.919374465942383,142.95704650878906,3.128237009048462,125.0529556274414,2.156254529953003,0.001014897774789351,0.000909835893341178,0.0017167111428631463,0.008484797545754449,0.06767456031602614,0.2386144439074615,0.6815469311424429,3.782227732134227e-05,0.001737723519152781,0.0043243470404067995,0.012748208694921308,0.08091655985375386,0.2852955390725137,0.6109117270072072,0.004065894812044294,0.0,0.001367905696455212,0.0024815616398058456,0.007158916601878507,0.048849572398142506,0.15042129814460717,0.5850644029333277,0.20465634258578302,0.0,0.0006366750015759283,0.0,0.0,0.0,0.0,6.0935891239940327e-05,0.014265302263032926,0.9850370868441513,0.10531613120127756,0.791200016809901,0.09616734256477065,0.0069067680864028915,0.0004097413376478746,0.0,0.0,0.0,0.001014897774789351,0.000909835893341178,0.0017167111428631463,0.008484797545754449,0.06767456031602614,0.2386144439074615,0.6815469311424429,3.782227732134227e-05,0.001454056439242714,0.0015717257464646676,0.006137715114202265,0.03303986047782144,0.1392111953940871,0.6387762392048917,0.1798092076232901,0.0,0.0,0.0,0.0,0.0,1.0,0.0,0.0,0.0,0.0,0.0,0.0,0.8782690004412599,0.1217309995587401,0.0,0.0,0.0
tip_middle_root_1_2_2,34,舌尖,193362,199.82937622070312,11.05534553527832,149.40164184570312,16.853961944580078,167.80091857910156,16.492204666137695,168.65919494628906,4.421818256378174,64.81007385253906,13.638318061828613,199.82948303222656,11.055618286132812,171.10911560058594,14.098592758178711,149.81546020507812,3.814574956893921,125.88223266601562,2.124886989593506,0.0,0.0,0.0,0.0,5.688811658960913e-05,0.22873677351289293,0.7710253307268232,0.00018100764369421085,0.0,0.0,5.171646962691738e-06,0.12359201911440718,0.5621993980202935,0.3135104105253359,0.000693000693000693,0.0,0.0,0.0,0.0,0.003009898532286592,0.3224263298890165,0.6090028030326538,0.0654161624310878,0.0001448061149553687,0.0004654482266422565,0.0,0.0,0.0,0.0,0.0,0.0008481501018814452,0.9986864016714763,0.0013187699754863935,0.4835231327768641,0.507752298797075,0.00740579845057457,0.0,0.0,0.0,0.0,0.0,0.0,0.0,0.0,5.688811658960913e-05,0.22873677351289293,0.7710098157859352,0.00019652258458228606,0.0,0.0,0.0,5.688811658960913e-05,0.23559954903238486,0.7132270042717804,0.051116558579245144,0.0,0.0,0.0,0.0,0.0,0.9981537220343191,0.0018462779656809507,0.0,0.0,0.0,0.0,0.0,0.7510369152160197,0.2489630847839803,0.0,0.0,0.0
tip_middle_root_1_2_2,34,舌中,460707,202.3607177734375,6.986954212188721,173.6371307373047,11.776070594787598,191.45895385742188,11.054865837097168,159.4635009765625,6.959245204925537,36.517860412597656,12.822569847106934,202.65948486328125,7.114431858062744,188.6004638671875,9.059840202331543,141.457275390625,4.234692573547363,122.88531494140625,1.9053517580032349,0.0,0.0,0.0,0.0,0.0,0.0624540109006375,0.9352430069436757,0.002302982155686803,0.0,0.0,0.0,0.0028738438964461144,0.09879815153665995,0.8443718024688143,0.0539214728667027,3.472923137699232e-05,0.0,0.0,0.0,4.558211618230242e-05,0.011065601347494177,0.46884462358939627,0.517973462526074,0.0020707304208531668,0.0,0.0,0.0,0.0,0.0,0.001738632145810678,0.34960397823345424,0.648657389620735,0.3990345273677196,0.5740655123538387,0.025981806223912378,0.0009181540545292344,0.0,0.0,0.0,0.0,0.0,0.0,0.0,0.0,0.0,0.060324674901835657,0.9366972935075872,0.0029780315905770915,0.0,0.0,0.0,0.0,0.006672353578304649,0.6236740487989112,0.3691739001143894,0.0004796975083947064,0.0,0.0,0.0,0.0,0.9995289847994495,0.0004710152005504583,0.0,0.0,0.0,0.0,0.0,0.9813069912113339,0.018693008788666116,0.0,0.0,0.0
tip_middle_root_1_2_2,34,舌左邊,188136,192.60198974609375,9.95315170288086,151.8137969970703,20.139751434326172,169.05101013183594,19.866065979003906,166.06007385253906,5.376043319702148,54.708518981933594,19.002939224243164,192.6190643310547,9.965703010559082,170.8618621826172,16.262680053710938,146.10986328125,5.161221027374268,125.03040313720703,2.325425624847412,0.0,0.0,0.0,0.0,0.005251520176893312,0.3546370710549815,0.6401114087681252,0.0,0.0,0.0,0.002243058213207467,0.16388144746353703,0.3799485478589956,0.4531668580176043,0.0007600884466556108,0.0,0.0,0.0,1.594591146829953e-05,0.0225209422970617,0.2829017306629247,0.6107815622740996,0.08377981885444571,0.0,0.00021261215291066036,0.0,0.0,0.0,0.0,3.720712675936557e-05,0.06393247438023557,0.9358177063400944,0.09266700684611133,0.5684292214142961,0.33024514181230596,0.00843538716673045,0.0002232427605561934,0.0,0.0,0.0,0.0,0.0,0.0,0.0,0.005251520176893312,0.35422247735680573,0.640526002466301,0.0,0.0,0.0,0.0,0.005676744482714632,0.2512863035251095,0.6963845303397542,0.04665242165242165,0.0,0.0,0.0,0.0,0.0,0.9980492834970447,0.0019507165029553088,0.0,0.0,0.0,0.0,0.0,0.8260513670961432,0.1739486329038568,0.0,0.0,0.0
tip_middle_root_1_2_2,34,舌右邊,140519,199.56826782226562,9.971477508544922,158.5207977294922,20.289356231689453,174.88192749023438,21.015844345092773,166.28677368164062,6.706855773925781,53.18553924560547,18.064374923706055,199.66734313964844,10.074556350708008,177.21099853515625,16.32587242126465,145.9396514892578,4.96885347366333,125.52645874023438,2.8057539463043213,0.0,0.0,0.0,0.0,0.0009963065492922666,0.17991872985147916,0.8152634163351575,0.003821547264071051,0.0,0.0,6.404827816878856e-05,0.08275749186942691,0.4139938371323451,0.4609554579807713,0.04222916473928792,0.0,0.0,0.0,0.0,0.010660480077427252,0.22805456913299982,0.526555127776315,0.23306456778086948,0.0016652552323885026,4.2698852112525705e-05,0.0,0.0,0.0,0.0,0.0005123862253503085,0.10896035411581352,0.8904845608067237,0.13464371366149774,0.5706772749592581,0.28812473757997137,0.006554273799272696,0.0,0.0,0.0,0.0,0.0,0.0,0.0,0.0,0.0009963065492922666,0.17991161337612707,0.8147367971591031,0.004355282915477622,0.0,0.0,0.0,0.0006191333556316228,0.16404187334097167,0.6338288772336838,0.20128238885844618,0.00022772721126680377,0.0,0.0,0.0,0.0,0.9980572022288801,0.0019427977711199197,0.0,0.0,0.0,0.0,0.0,0.733914986585444,0.26608501341455604,0.0,0.0,0.0
tip_middle_root_1_2_2,34,舌根,766521,164.8053741455078,42.87919235229492,142.23495483398438,43.68982696533203,152.968994140625,45.49120330810547,163.71640014648438,14.16628360748291,39.19369125366211,20.586135864257812,164.92611694335938,42.98842239379883,155.42454528808594,44.146968841552734,138.47840881347656,4.061277389526367,125.53766632080078,2.1646032333374023,0.00048139581303056276,0.03772499383578532,0.07432412158310078,0.07342916893340169,0.11660345900503705,0.35966920671449315,0.33771155650008283,5.6097615068602165e-05,0.018227811110197892,0.07508209168437656,0.07438152379386866,0.10758217974458625,0.25223705547532294,0.44041063454230217,0.03207870364934555,0.0,0.012876359551793101,0.06188219239916454,0.07256944036758288,0.08127892125590819,0.18087697532096317,0.42837443462083885,0.1620333950407099,0.00010828144303939487,0.005631939633747803,0.0,0.0,0.0,0.0,0.0011754407250421058,0.14291584966361,0.8502767699776,0.47792167468340724,0.36311333936056545,0.1495027533492233,0.00945701422400691,5.218382797079271e-06,0.0,0.0,0.0,0.00048139581303056276,0.03772499383578532,0.07432412158310078,0.07342395055060462,0.11660867738783412,0.3582002319571153,0.3390761636015191,0.0001604652710101876,0.01345820923366744,0.05126017421570968,0.06938492226566526,0.07664238814070326,0.16206731452889092,0.46779931665277275,0.15938637036689146,1.3045956992698178e-06,0.0,0.0,0.0,0.0,1.0,0.0,0.0,0.0,0.0,0.0,0.0,0.8288722683396802,0.1711277316603198,0.0,0.0,0.0
tip_middle_root_1_2_2,35,舌尖,164624,195.48648071289062,9.765609741210938,154.31024169921875,21.413135528564453,167.75643920898438,22.681547164916992,168.27432250976562,10.142926216125488,54.500667572021484,20.297147750854492,195.49102783203125,9.77312183380127,173.08782958984375,17.11652374267578,145.6268310546875,5.3680009841918945,127.14653778076172,3.434652090072632,0.0,0.0,0.0,0.0,0.0021928758868694723,0.28873675770240065,0.7088152395762465,0.0002551268344834289,0.0,0.0,0.0010265817863737972,0.14359996112353,0.38244727378754007,0.4629215667217417,0.010004616580814462,0.0,0.0,0.0,6.681893284089804e-05,0.06591384002332588,0.2518223345320245,0.5480974827485664,0.1338018757896783,0.00029764797356400036,0.002927884148119351,0.0,0.0,0.0,0.0,0.0,0.022603022645543785,0.9744690932063369,0.09773180095247351,0.6101783458062008,0.2554548546991933,0.036634998542132376,0.0,0.0,0.0,0.0,0.0,0.0,0.0,0.0,0.0021928758868694723,0.28873675770240065,0.7087362717465254,0.00033409466420449024,0.0,0.0,0.0,0.0034016911264457186,0.21736198853144134,0.6515271163378366,0.12766668286519584,4.2521139080571483e-05,0.0,0.0,0.0,0.0,0.9961730974827485,0.0038269025172514336,0.0,0.0,0.0,0.0,0.0,0.617406939449898,0.38259306055010206,0.0,0.0,0.0
tip_middle_root_1_2_2,35,舌中,306261,205.95335388183594,9.902199745178223,178.95394897460938,16.550193786621094,189.28448486328125,15.130667686462402,165.12974548339844,21.55303192138672,33.87854766845703,11.856876373291016,205.95518493652344,9.902436256408691,192.5629119873047,13.654256820678711,139.49916076660156,3.53594970703125,126.41118621826172,2.0702691078186035,0.0,0.0,0.0,0.0,2.9386699579770195e-05,0.08270723337284212,0.9002811327593131,0.016982247168264977,0.0,0.0,6.203858800173708e-05,0.006079781624170234,0.11720721867949233,0.6395688644652764,0.23708209664305935,0.0,0.0,0.0,0.0,0.00198196962721339,0.04026957399081176,0.45618606352098373,0.5011575094445587,0.00040488341643238936,0.016234518923401935,0.0,0.0,0.0,0.0,0.0,0.023241614178756028,0.9605238668978421,0.483166318924055,0.49572750039998564,0.020462938474046646,0.0006432422019127476,0.0,0.0,0.0,0.0,0.0,0.0,0.0,0.0,2.9386699579770195e-05,0.08270723337284212,0.9002811327593131,0.016982247168264977,0.0,0.0,0.0,0.00012734236484567086,0.019016459816953515,0.409359990335041,0.5705199160193429,0.0009762914638168098,0.0,0.0,0.0,0.0,0.9999379614119983,6.203858800173708e-05,0.0,0.0,0.0,0.0,0.0,0.7350429862111075,0.26495701378889247,0.0,0.0,0.0
tip_middle_root_1_2_2,35,舌左邊,140715,200.4728240966797,10.806918144226074,150.9943389892578,21.220245361328125,162.79959106445312,22.67774772644043,169.65921020507812,19.692873001098633,63.69737243652344,19.76458740234375,200.47286987304688,10.80695629119873,171.98455810546875,16.979902267456055,148.45455932617188,5.412961959838867,129.35789489746094,3.575382709503174,0.0,0.0,0.0,0.0,0.0006680169136197278,0.17720925274490992,0.8192303592367551,0.0028923711047152043,0.0,0.0,0.0012081156948441885,0.15141242937853108,0.47638844472870695,0.35768752442881,0.01330348576910777,0.0,0.0,0.0,0.00019187719859290055,0.09023202927903919,0.3124684646270831,0.5056532707955798,0.09145435809970508,0.0,0.013211100451266744,0.0,0.0,0.0,0.0,0.0,0.0005258856554027644,0.9862630138933305,0.02689123405464947,0.5218704473581353,0.38209856802757347,0.06913975055964183,0.0,0.0,0.0,0.0,0.0,0.0,0.0,0.0,0.0006680169136197278,0.17720925274490992,0.8192303592367551,0.0028923711047152043,0.0,0.0,0.0,0.0034040436342962724,0.21213800945172867,0.6657286003624348,0.11872934655154034,0.0,0.0,0.0,0.0,0.0,0.9778275237181537,0.022172476281846286,0.0,0.0,0.0,0.0,0.0,0.34159826599864973,0.6584017340013503,0.0,0.0,0.0
tip_middle_root_1_2_2,35,舌右邊,136657,196.25315856933594,16.759113311767578,152.62307739257812,29.48140525817871,164.44093322753906,31.1881160736084,166.66526794433594,25.27382469177246,58.53907775878906,23.98902702331543,196.25369262695312,16.75949478149414,171.89215087890625,24.651052474975586,146.37783813476562,5.9601335525512695,128.4907989501953,3.698010206222534,0.0,0.0,0.0,2.195277226925807e-05,0.039536942856933786,0.2660236943588693,0.6909708247656542,0.003446585246273517,0.0,0.0,0.020225820850743103,0.22305480143717482,0.2596427552192716,0.4395237711935722,0.05755285129923824,0.0,0.0,0.0,0.00204892541179742,0.17519775789019223,0.1940844596325106,0.4105168414351259,0.21812274526734818,2.9270363025677427e-05,0.0223040166255662,0.0,0.0,0.0,0.0,0.0,0.003446585246273517,0.9742493981281602,0.10813203860760882,0.5147266513972939,0.28185164316500433,0.09502623356286176,0.0002634332672310968,0.0,0.0,0.0,0.0,0.0,0.0,2.195277226925807e-05,0.039536942856933786,0.2660236943588693,0.6909708247656542,0.003446585246273517,0.0,0.0,2.195277226925807e-05,0.0582187520580724,0.23621182961721682,0.45756894999890235,0.24793461000900063,4.390554453851614e-05,0.0,0.0,0.0,0.0,0.9882406316544341,0.011759368345565907,0.0,0.0,0.0,0.0,0.0,0.49079812962380265,0.5092018703761974,0.0,0.0,0.0
tip_middle_root_1_2_2,35,舌根,523371,193.19558715820312,24.250659942626953,162.0330047607422,33.30262756347656,167.01156616210938,33.27458953857422,143.7163848876953,65.02043151855469,43.572166442871094,25.695037841796875,193.1962432861328,24.25115966796875,177.07583618164062,29.29254913330078,140.4803924560547,6.456228256225586,129.92893981933594,3.233126401901245,2.29282860532968e-05,0.0003305494572683622,0.0027265553498378777,0.02283084083757029,0.07585441302632358,0.23875415336348402,0.6468719130406537,0.012608646638808799,0.0009400597281851689,0.010625349895198626,0.030890133385304115,0.1173870925213663,0.22655630518313014,0.4227689344652264,0.19083212482158926,0.0,0.000506332983676971,0.008170112596991427,0.026329315151202494,0.10376195853419468,0.1955133165574707,0.4022500291380302,0.26337722189422036,9.17131442131872e-05,0.17272451091099814,0.0,0.0,0.0,0.0,0.0,0.0029539275198664046,0.8243215615691355,0.4010959720733476,0.4106131214759702,0.13478010818329636,0.045331132217872216,0.006628185359907217,0.001289716090497945,0.00023501493204629222,2.67496670621796e-05,2.29282860532968e-05,0.0003305494572683622,0.0027265553498378777,0.02283084083757029,0.07585441302632358,0.23875415336348402,0.6468700023501494,0.012610557329313241,0.0003305494572683622,0.0025641466569603587,0.01467219238360551,0.05038490860211972,0.16377674727869904,0.3904438725110868,0.37732316081708767,0.0005044222931725296,0.0,0.0,0.0,0.0,0.9954067000273229,0.004593299972677126,0.0,0.0,0.0,0.0,0.0,0.2023077319912643,0.7976922680087357,0.0,0.0,0.0
tip_middle_root_1_2_2,36,舌尖,113109,215.90187072753906,15.321524620056152,154.18670654296875,19.029172897338867,164.52999877929688,20.518850326538086,170.3306121826172,26.560161590576172,73.64788818359375,13.802740097045898,215.90187072753906,15.321524620056152,178.1095428466797,16.323116302490234,152.58717346191406,4.532512664794922,132.0004425048828,2.6579251289367676,0.0,0.0,0.0,0.0,0.008991326950110071,0.05306385875571352,0.6225676117727148,0.3153772025214616,0.0,0.0,0.0,0.08624424227957103,0.5318498085917124,0.35358813180206705,0.027522124676197298,0.0007956926504522186,0.0,0.0,3.536411779787638e-05,0.03909503222555234,0.34846033472137494,0.5242288412062701,0.08361845653307871,0.004561971195926054,0.02543564172612259,0.0,0.0,0.0,0.0,0.0,8.841029449469095e-06,0.9745555172444279,0.0011404927989815134,0.23153772025214617,0.7085201000804534,0.05879284583896949,8.841029449469095e-06,0.0,0.0,0.0,0.0,0.0,0.0,0.0,0.008991326950110071,0.05306385875571352,0.6225676117727148,0.3153772025214616,0.0,0.0,0.0,0.0007514875032048732,0.13201425173947254,0.6770460352403433,0.18470678725830836,0.00548143825867084,0.0,0.0,0.0,0.0,0.9469449822737359,0.053055017726264045,0.0,0.0,0.0,0.0,0.0,0.03219902925496645,0.9678009707450336,0.0,0.0,0.0
tip_middle_root_1_2_2,36,舌中,283008,219.8031768798828,8.000374794006348,172.35189819335938,14.389874458312988,184.18563842773438,14.277985572814941,172.3434600830078,3.239241361618042,55.272029876708984,11.756790161132812,219.8031768798828,8.000374794006348,191.4442596435547,11.396463394165039,147.1624298095703,3.7917308807373047,128.73744201660156,1.9903217554092407,0.0,0.0,0.0,0.0,0.0,0.00030387833559475353,0.6965774819086387,0.30311863975576664,0.0,0.0,0.0,0.00045581750339213024,0.19661635006784262,0.7147960481682497,0.08787030755314337,0.00026147670737222976,0.0,0.0,0.0,0.0,0.04101650836725464,0.6391056083220262,0.31693097014925375,0.0029469131614654003,0.00018374038896426957,0.0,0.0,0.0,0.0,0.0,0.0,0.9998162596110357,0.007621692672998643,0.7511837121212122,0.2403112279511533,0.0008833672546359113,0.0,0.0,0.0,0.0,0.0,0.0,0.0,0.0,0.0,0.00030387833559475353,0.6965774819086387,0.30311863975576664,0.0,0.0,0.0,0.0,0.0017278663500678425,0.4992756388511986,0.4963499265038444,0.0026465682948891905,0.0,0.0,0.0,0.0,0.9985194764812302,0.0014805235187697874,0.0,0.0,0.0,0.0,0.0,0.237046302578019,0.762953697421981,0.0,0.0,0.0
tip_middle_root_1_2_2,36,舌左邊,78109,212.7135467529297,10.242594718933105,163.32119750976562,17.0255184173584,173.61497497558594,16.83989715576172,173.56703186035156,3.4571619033813477,59.651615142822266,12.489273071289062,212.7135467529297,10.242594718933105,183.37484741210938,13.972888946533203,147.8157958984375,3.654242515563965,129.91175842285156,1.829627275466919,0.0,0.0,0.0,0.0,0.0,0.01905030150174756,0.8410042376678744,0.13994546083037807,0.0,0.0,0.0,0.0074639286125798565,0.4118475463774981,0.5259957239242596,0.054667195841708385,2.560524395396177e-05,0.0,0.0,0.0,0.00015363146372377064,0.212997221831031,0.6326159597485566,0.15314496408864536,0.0010882228680433753,0.0002944603054705604,0.0,0.0,0.0,0.0,0.0,0.0,0.9997055396945295,0.0020868273822478843,0.6231164142416367,0.3728379572136373,0.0019588011624780753,0.0,0.0,0.0,0.0,0.0,0.0,0.0,0.0,0.0,0.01905030150174756,0.8410042376678744,0.13994546083037807,0.0,0.0,0.0,0.0,0.03830544495512681,0.6812787258830608,0.2790075407443444,0.0014082884174678974,0.0,0.0,0.0,0.0,0.9990654085956804,0.0009345914043196046,0.0,0.0,0.0,0.0,0.0,0.06763625190439002,0.93236374809561,0.0,0.0,0.0
tip_middle_root_1_2_2,36,舌右邊,68103,194.8621063232422,14.436409950256348,146.14315795898438,15.372958183288574,152.19114685058594,18.28951072692871,146.8053436279297,63.53362274169922,65.32099914550781,11.015185356140137,194.8621063232422,14.436409950256348,166.67684936523438,14.098947525024414,147.27993774414062,3.841984748840332,132.14120483398438,2.934704065322876,0.0,0.0,0.0,0.0,0.0070921985815602835,0.37719336886774446,0.6109569328810772,0.004757499669618078,0.0,0.0,0.0,0.09745532502239256,0.689661248403154,0.21103328781404637,0.0018501387604070306,0.0,0.0,0.0,0.0,0.08932058793298386,0.5518993289576083,0.34707722126778556,0.01170286184162225,0.0,0.164236524088513,0.0,0.0,0.0,0.0,0.0,0.0,0.835763475911487,2.9367281911222707e-05,0.4489229549359059,0.5485514588197289,0.00249621896245393,0.0,0.0,0.0,0.0,0.0,0.0,0.0,0.0,0.0070921985815602835,0.37719336886774446,0.6109569328810772,0.004757499669618078,0.0,0.0,0.0,0.0009250693802035153,0.339353626125134,0.6139817629179332,0.04573954157672937,0.0,0.0,0.0,0.0,0.0,0.9993539197979531,0.0006460802020468996,0.0,0.0,0.0,0.0,0.0,0.005403579871664978,0.994596420128335,0.0,0.0,0.0
tip_middle_root_1_2_2,36,舌根,435930,197.14144897460938,20.201129913330078,158.0210723876953,22.850664138793945,163.8151397705078,22.645315170288086,161.2333221435547,47.19828796386719,51.62746810913086,11.881773948669434,197.14144897460938,20.201129913330078,175.30784606933594,21.023529052734375,143.45018005371094,3.0955862998962402,130.63345336914062,1.7869118452072144,0.0,0.0,7.799417337645952e-05,0.008102218246048678,0.04431674810175946,0.2742252196453559,0.6401486477186704,0.03312917211478907,0.0,8.487601220379419e-05,0.012300139930722823,0.086729520794623,0.370676484756727,0.491911545431606,0.038297433074117405,0.0,0.0,1.835157020622577e-05,0.00840960704700296,0.060805633932053314,0.3059642603170234,0.5451219232445577,0.07965269653384718,2.7527355309338655e-05,0.07999678847521391,0.0,0.0,0.0,0.0,0.0,0.0,0.920003211524786,0.021863601954442227,0.8292592847475512,0.14798018030417728,0.0008969329938292845,0.0,0.0,0.0,0.0,0.0,0.0,7.799417337645952e-05,0.008102218246048678,0.04431674810175946,0.2742252196453559,0.6401486477186704,0.03312917211478907,0.0,0.0,0.0034042162732548804,0.023955680957951964,0.18333448030647123,0.5583878145573831,0.23082375610763195,9.405179730690707e-05,0.0,0.0,0.0,0.0,1.0,0.0,0.0,0.0,0.0,0.0,0.0,0.01605303603789599,0.983946963962104,0.0,0.0,0.0
tip_middle_root_1_2_2,37,舌尖,277888,194.79849243164062,13.155815124511719,148.35748291015625,17.361820220947266,165.77772521972656,18.219545364379883,168.35194396972656,3.739398241043091,61.34468460083008,12.243731498718262,194.83203125,13.09617805480957,168.9550018310547,15.233768463134766,148.23431396484375,3.1456496715545654,125.75267791748047,2.2285473346710205,0.0,0.0,0.0,0.0,0.007578592814371257,0.3607424573929065,0.6290519921695071,0.002626957623215108,0.0,0.0,0.0003418643482266237,0.12657257600184246,0.5910726623675725,0.2775326750345463,0.0044190465223399355,6.117572547213265e-05,0.0,0.0,0.0,0.02061262091202211,0.3456752360663289,0.5720614060340857,0.06048479963150622,0.0011659373560571164,7.557001381851682e-05,0.0,0.0,0.0,0.0,0.0003166743436204514,0.010522224781206816,0.9890855308613542,0.007096384154767388,0.5740658106863197,0.4136522627821281,0.005185542376784892,0.0,0.0,0.0,0.0,0.0,0.0,0.0,0.0,0.006700541225241824,0.36160611469368953,0.6290196050207277,0.002673739060340857,0.0,0.0,0.0,0.0024830147397512667,0.2723543298019346,0.676524355135882,0.048271245969599266,0.0003670543528327959,0.0,0.0,0.0,0.0,0.9999856057116536,1.4394288346384155e-05,0.0,0.0,0.0,0.0,0.0,0.7756038403961308,0.2243961596038692,0.0,0.0,0.0
tip_middle_root_1_2_2,37,舌中,465835,206.1920623779297,7.581666469573975,173.08505249023438,14.695079803466797,191.4483184814453,12.96934700012207,162.52978515625,4.418240547180176,41.24196243286133,12.527000427246094,206.21420288085938,7.610166072845459,189.10366821289062,11.665040969848633,143.12860107421875,3.9839327335357666,123.25746154785156,1.7214272022247314,0.0,0.0,0.0,0.0,0.0,0.04229394528105445,0.9554885313469361,0.0022175233720094023,0.0,0.0,4.078697392853693e-05,0.004980304184958193,0.1583758197645089,0.7309025727993818,0.10569836959438428,2.146682838344049e-06,0.0,0.0,0.0,0.0004443633475372181,0.01691371408331276,0.46038833492545644,0.5210750587654427,0.001178528878250883,0.0,0.0,0.0,0.0,0.0,0.0,0.13422993119881504,0.865770068801185,0.23076625843914692,0.7277040153702491,0.04080200070840534,0.0007277254821986326,0.0,0.0,0.0,0.0,0.0,0.0,0.0,0.0,0.0,0.04229179859821611,0.9550012343426321,0.0027069670591518455,0.0,0.0,0.0,7.084053366535361e-05,0.013264353258127878,0.5611021069692058,0.4254746852426288,8.801399637210601e-05,0.0,0.0,0.0,0.0,0.999800358496034,0.00019964150396599653,0.0,0.0,0.0,0.0,0.0,0.9887685553897839,0.011231444610216064,0.0,0.0,0.0
tip_middle_root_1_2_2,37,舌左邊,216352,202.22589111328125,11.105145454406738,170.79832458496094,16.58733367919922,186.8663787841797,17.325319290161133,163.35629272460938,8.018659591674805,40.19525909423828,11.167924880981445,202.3341827392578,11.007055282592773,186.34925842285156,14.19041633605957,142.16787719726562,2.942887783050537,124.15850830078125,2.130289316177368,0.0,0.0,0.0,0.0,0.0033648868510575357,0.12043336784499334,0.8717136888034315,0.004488056500517675,0.0,0.0,4.622097322881231e-06,0.018603941724596954,0.18731973820440764,0.7103793817482621,0.08303135630823842,0.000660959917172016,0.0,0.0,0.0,0.003327910072474486,0.06477869398018045,0.5048716905783168,0.42187268895133856,0.005149016417689691,0.0012156115959177636,0.0,0.0,0.0,0.0,0.001483693240644875,0.13960582754030468,0.8576948676231326,0.21640197455997634,0.7515437805058424,0.031910959917172015,0.00014328501700931816,0.0,0.0,0.0,0.0,0.0,0.0,0.0,0.0,0.0024219789971897648,0.12137627569886111,0.8702299955627866,0.00597174974116255,0.0,0.0,0.0,0.00013404082236355568,0.05864054873539417,0.5600687768081645,0.3793355272888626,0.0018211063452152048,0.0,0.0,0.0,0.0,1.0,0.0,0.0,0.0,0.0,0.0,0.0,0.9435272149090371,0.056472785090962874,0.0,0.0,0.0
tip_middle_root_1_2_2,37,舌右邊,171409,197.9827423095703,15.034461975097656,160.9514617919922,24.006607055664062,175.3138427734375,24.030344009399414,166.26051330566406,11.850068092346191,48.80236053466797,17.348066329956055,198.033935546875,14.95077133178711,178.2759552001953,20.29934310913086,144.12855529785156,4.5396647453308105,125.94039154052734,2.6452252864837646,0.0,0.0,0.0,0.0,0.021019899771890622,0.2563692688248575,0.7195129777316244,0.003097853671627511,0.0,0.0,0.001061787887450484,0.08634902484700337,0.3900903686504209,0.40604052295970455,0.11643495965789427,2.333599752638426e-05,0.0,0.0,1.7501998144788198e-05,0.018336260056356433,0.2661878897840837,0.41421979009270227,0.2994941922536156,0.0017443658150972235,0.004095467565880438,0.0,0.0,0.0,0.0,6.417399319755672e-05,0.06570250103553489,0.9301378574053871,0.1955556592711001,0.5840416780915821,0.21882164880490523,0.0015810138324125337,0.0,0.0,0.0,0.0,0.0,0.0,0.0,0.0,0.018855486001318485,0.25853368259542964,0.7188187318052144,0.0037920995980374426,0.0,0.0,0.0,0.004445507528776202,0.19887520491922828,0.494396443593977,0.30220700196605776,7.584199196074885e-05,0.0,0.0,0.0,0.0,1.0,0.0,0.0,0.0,0.0,0.0,0.0,0.7178619559066327,0.28213804409336735,0.0,0.0,0.0
tip_middle_root_1_2_2,37,舌根,767374,176.56846618652344,34.289894104003906,141.39309692382812,38.181190490722656,157.65908813476562,38.887149810791016,165.20166015625,6.2049431800842285,54.72591018676758,23.640262603759766,176.5754852294922,34.2974853515625,158.6432647705078,36.79204177856445,144.17144775390625,4.100007057189941,124.68016052246094,2.365119457244873,0.00048607328369217615,0.005877186352417465,0.03651022838928606,0.06618285216856448,0.12059048130377105,0.32957462723522035,0.4393594257819525,0.0014191254850959246,0.005053598375759408,0.049394428270960446,0.07937589754148563,0.15573631632033402,0.32508789716617975,0.34685564014418,0.03849361589003537,2.6062910653735987e-06,0.00166932942737179,0.03228803686338083,0.05775410686314626,0.0991537372910732,0.2331444641074626,0.3916760275954098,0.18389989757276112,0.0004144002793944022,0.0006202972735589165,0.0,0.0,0.0,0.0,0.0,0.06568635372061081,0.9336933490058302,0.13362323977617171,0.580497905845129,0.2190079413688762,0.05785444906916314,0.007120387190600672,0.0007180331885104264,0.0009252333282076275,0.0002528102333412391,0.00048607328369217615,0.005877186352417465,0.03651022838928606,0.06618285216856448,0.12059048130377105,0.32956811150755694,0.43926299301253363,0.0015220739821781818,0.0012679606033042558,0.026421275675224856,0.05305626721781035,0.09505273829970784,0.2243873261278073,0.4442266743465377,0.15552781303510413,5.994469450359277e-05,0.0,0.0,0.0,0.0,0.9994891669511867,0.0005108330488132254,0.0,0.0,0.0,0.0,0.0,0.888234420243584,0.11176557975641603,0.0,0.0,0.0
tip_middle_root_1_2_2,38,舌尖,154370,187.74636840820312,16.961095809936523,137.5423126220703,17.730024337768555,149.8929901123047,17.605642318725586,170.1854705810547,19.168550491333008,68.59839630126953,12.773859977722168,187.74639892578125,16.961048126220703,159.26002502441406,16.32081413269043,149.0464324951172,3.7292346954345703,129.1416473388672,2.496856212615967,0.0,0.0,0.0,0.0007903089978622789,0.0653559629461683,0.4577897259830278,0.4750793547969165,0.0009846472760251343,0.0,0.00011012502429228477,0.0066787588261968,0.29530349161106434,0.580287620651681,0.11743214355120814,0.00018786033555742696,0.0,0.0,0.0,0.001619485651357129,0.11038414199650191,0.5734857809159811,0.3123793483189739,0.0021312431171859815,0.0,0.012599598367558463,0.0,0.0,0.0,0.0,0.0,0.002714257951674548,0.984686143680767,5.182354084342813e-05,0.3764138109736348,0.5951350651033231,0.02833452095614433,6.477942605428517e-05,0.0,0.0,0.0,0.0,0.0,0.0,0.0007903089978622789,0.0653559629461683,0.4577897259830278,0.4750793547969165,0.0009846472760251343,0.0,0.0,0.0004534559823799961,0.01890911446524584,0.47625186240849904,0.49205804236574463,0.012327524778130466,0.0,0.0,0.0,0.0,0.0,0.9920386085379284,0.007961391462071647,0.0,0.0,0.0,0.0,0.0,0.18463432013992356,0.8153656798600765,0.0,0.0,0.0
tip_middle_root_1_2_2,38,舌中,369000,201.99659729003906,14.360251426696777,162.89418029785156,13.763387680053711,169.23928833007812,13.48709487915039,154.85690307617188,54.78063201904297,49.761722564697266,9.069049835205078,201.99659729003906,14.360251426696777,180.0941619873047,12.761741638183594,143.38368225097656,3.46936297416687,130.27386474609375,1.9441943168640137,0.0,0.0,0.0,0.0,0.01148780487804878,0.19086449864498645,0.782189701897019,0.015457994579945799,0.0,0.0,2.7100271002710026e-06,0.02002439024390244,0.3222818428184282,0.655479674796748,0.0022113821138211383,0.0,0.0,0.0,0.0,0.008124661246612467,0.195579945799458,0.7728753387533875,0.023420054200542006,0.0,0.11401084010840108,0.0,0.0,0.0,0.0,0.0,0.0,0.8859891598915989,0.0013035230352303523,0.9281815718157181,0.06979945799457994,0.0007154471544715447,0.0,0.0,0.0,0.0,0.0,0.0,0.0,0.0,0.01148780487804878,0.19086449864498645,0.782189701897019,0.015457994579945799,0.0,0.0,0.0,0.001029810298102981,0.06869376693766938,0.7648834688346884,0.1653929539295393,0.0,0.0,0.0,0.0,0.0,0.9995257452574525,0.0004742547425474255,0.0,0.0,0.0,0.0,0.0,0.04229539295392954,0.9577046070460704,0.0,0.0,0.0
tip_middle_root_1_2_2,38,舌左邊,97360,184.5806427001953,10.250494956970215,139.56764221191406,13.755640983581543,150.6337890625,13.551397323608398,172.4700469970703,2.1692004203796387,62.37631607055664,13.209169387817383,184.5806427001953,10.250494956970215,159.79010009765625,11.752432823181152,146.8519287109375,3.852588176727295,128.95469665527344,1.5661470890045166,0.0,0.0,0.0,0.0,0.007703368940016434,0.7115139687756779,0.28078266228430565,0.0,0.0,0.0,0.0,0.22898520953163518,0.6944433032046015,0.07657148726376335,0.0,0.0,0.0,0.0,0.0,0.03396672144617913,0.6807004930156122,0.28533278553820873,0.0,0.0,3.0813475760065734e-05,0.0,0.0,0.0,0.0,0.0,0.0,0.9999691865242399,0.0007189811010682005,0.4547658175842235,0.5445152013147083,0.0,0.0,0.0,0.0,0.0,0.0,0.0,0.0,0.0,0.007703368940016434,0.7115139687756779,0.28078266228430565,0.0,0.0,0.0,0.0,0.00010271158586688578,0.4720932621199671,0.5277629416598192,4.108463434675431e-05,0.0,0.0,0.0,0.0,0.0,1.0,0.0,0.0,0.0,0.0,0.0,0.0,0.16669063270336895,0.8333093672966311,0.0,0.0,0.0
tip_middle_root_1_2_2,38,舌右邊,101213,177.93165588378906,13.684606552124023,133.27871704101562,17.80902862548828,143.58685302734375,19.97037124633789,169.9210205078125,21.626262664794922,64.62905883789062,14.787863731384277,177.93165588378906,13.684606552124023,153.51087951660156,15.938008308410645,146.7827606201172,3.6318299770355225,129.35704040527344,2.9119768142700195,0.0,0.0,0.0,0.0,0.09165818620137729,0.7279993676701609,0.18034244612846176,0.0,0.0,0.0,0.012824439548279372,0.3440368332131248,0.5725845494155889,0.07055417782300692,0.0,0.0,0.0,0.0,0.0038137393417841583,0.207354786440477,0.5493167873692114,0.23894163793188622,0.0005730489166411429,0.0,0.015689684131485086,0.0,0.0,0.0,0.0,0.0,0.0,0.9843103158685149,0.00018772292096865028,0.4556331696521198,0.5214053530672937,0.022773754359617836,0.0,0.0,0.0,0.0,0.0,0.0,0.0,0.0,0.09165818620137729,0.7279993676701609,0.18034244612846176,0.0,0.0,0.0,0.0,0.06429016035489513,0.5700947506743205,0.3649333583630561,0.0006817306077282562,0.0,0.0,0.0,0.0,0.0,0.9998122770790313,0.00018772292096865028,0.0,0.0,0.0,0.0,0.0,0.2812385760722437,0.7187614239277563,0.0,0.0,0.0
tip_middle_root_1_2_2,38,舌根,652075,182.80780029296875,20.797637939453125,146.05210876464844,24.792997360229492,150.40084838867188,23.368152618408203,129.32264709472656,74.51347351074219,54.77601623535156,15.588748931884766,182.8082275390625,20.794281005859375,163.18385314941406,22.88661003112793,142.58534240722656,4.266629219055176,131.0669403076172,3.3391785621643066,0.0005413487712303032,0.001105701031323084,0.0029689836291837595,0.016263466625771574,0.090557067821953,0.5037656711267876,0.3847946938619024,3.0671318483303303e-06,0.0013556722769620059,0.005695663842349423,0.03732699459418012,0.16415749722041176,0.439665682628532,0.351300080512211,0.0004984089253536787,0.0,0.0010443583943564774,0.004039412644251045,0.026118161254456925,0.12739792201817277,0.4085956370049458,0.43246252348272823,0.0003419852010888318,0.0,0.26310163708162404,0.0,0.0,0.0,0.0,9.354752137407506e-05,0.00027144116857723424,0.7365333742284247,0.0033278380554384083,0.7564866004677376,0.2212935628570333,0.018402791089981982,0.0004600697772495495,2.9137752559138137e-05,0.0,0.0,0.0005413487712303032,0.001105701031323084,0.0029689836291837595,0.016263466625771574,0.090557067821953,0.5037656711267876,0.3847946938619024,3.0671318483303303e-06,0.0009523444389065675,0.002249741210750297,0.009931372924893609,0.06159720891001802,0.263166046850439,0.6290012651918875,0.033102020473105086,0.0,0.0,0.0,0.0,0.0,1.0,0.0,0.0,0.0,0.0,0.0,0.0,0.10638960242303416,0.8936103975769658,0.0,0.0,0.0
tip_middle_root_1_2_2,39,舌尖,153963,204.19932556152344,13.08621597290039,149.16650390625,18.678298950195312,156.48809814453125,24.872718811035156,145.81549072265625,63.32095718383789,71.55512237548828,17.075576782226562,204.19932556152344,13.08621597290039,171.34849548339844,16.321781158447266,149.84536743164062,3.4084067344665527,132.5659942626953,5.281040668487549,0.0,0.0,0.0,5.845560296954463e-05,0.009638679422978249,0.11341685989490982,0.8456252476244293,0.03126075745471314,0.0,0.0,0.004085397140871508,0.11331293882296396,0.5741444372998707,0.30257269603735965,0.005780609626988302,0.00010392107194585712,0.0,2.598026798646428e-05,0.029260276819755397,0.08987224203217656,0.3689717659437657,0.47458805037573965,0.03693095094275897,0.00035073361781726777,0.16561771334671316,0.0,0.0,0.0,0.0,0.0,0.0,0.8343822866532868,0.0005715658957022141,0.34276417061241987,0.573884634620006,0.07316043464988341,0.0096191942219884,0.0,0.0,0.0,0.0,0.0,0.0,5.845560296954463e-05,0.009638679422978249,0.11341685989490982,0.8456252476244293,0.03126075745471314,0.0,0.0,0.0,0.012704351045381033,0.2047115215993453,0.6869637510310919,0.09515273150042543,0.00046764482375635704,0.0,0.0,0.0,0.0,0.9943622818469372,0.005637718153062749,0.0,0.0,0.0,0.0,0.0,0.04825185271786078,0.9517481472821392,0.0,0.0,0.0
tip_middle_root_1_2_2,39,舌中,370172,211.32493591308594,10.329702377319336,174.62380981445312,16.233518600463867,178.3225555419922,15.547930717468262,127.85379791259766,76.13365173339844,46.158660888671875,11.91331672668457,211.3251495361328,10.330327987670898,190.3753662109375,13.19975471496582,141.94735717773438,4.63113260269165,131.23287963867188,2.6016294956207275,0.0,0.0,0.0,0.0,0.0001593853668024594,0.026638967831170375,0.872213457527852,0.10098818927417524,0.0,5.402893789913878e-06,0.0003592924370292729,0.0016424797121338188,0.1652015819673017,0.686078363571529,0.1430227029597052,0.0036901764585111786,0.0,2.701446894956939e-06,0.0003592924370292729,0.0015614363052851108,0.09882973320510466,0.7188415115135667,0.1739407626724874,0.006464562419631955,0.2758420409971581,0.0,0.0,0.0,0.0,2.4313022054612452e-05,0.00045384307835276573,0.7236798029024345,0.11280161654582194,0.8195676604389311,0.0668256918405498,0.0007131819802686319,9.184919442853593e-05,0.0,0.0,0.0,0.0,0.0,0.0,0.0,0.0001593853668024594,0.026638967831170375,0.872213457527852,0.10098818927417524,0.0,0.0,5.402893789913878e-06,0.0004916633348821628,0.007904433614644003,0.5399543995764131,0.4410625330927245,0.01058156748754633,0.0,0.0,0.0,0.0,0.9998054958235632,0.00019450417643689962,0.0,0.0,0.0,0.0,0.0,0.05120592589390878,0.9487940741060912,0.0,0.0,0.0
tip_middle_root_1_2_2,39,舌左邊,100824,207.31936645507812,11.475968360900879,156.8865509033203,21.117717742919922,166.8274688720703,19.617136001586914,173.6859130859375,8.007076263427734,62.79623031616211,16.470169067382812,207.31936645507812,11.475968360900879,177.5966796875,17.054750442504883,148.3310546875,4.846218585968018,130.3183135986328,1.6508491039276123,0.0,0.0,0.0,0.0,0.0,0.10268388478933588,0.8243672141553599,0.0729489010553043,0.0,0.0,0.0,0.0896810283265889,0.44714552090772036,0.4171328255177339,0.04536618265492343,0.0006744425930334048,0.0,0.0,0.0,0.015492343092914385,0.32857256208839164,0.5598766166785686,0.09440212647782274,0.0016563516623026263,0.0020630008728080617,0.0,0.0,0.0,0.0,0.0,4.9591367134809174e-05,0.9978874077600571,0.010850591129096247,0.5319864318019519,0.43449972228834405,0.02266325478060779,0.0,0.0,0.0,0.0,0.0,0.0,0.0,0.0,0.0,0.10268388478933588,0.8243672141553599,0.0729489010553043,0.0,0.0,0.0,0.0,0.17656510354677457,0.6018209950011902,0.21921367928271046,0.002400222169324764,0.0,0.0,0.0,0.0,0.992472030468936,0.007527969531064032,0.0,0.0,0.0,0.0,0.0,0.02366500039673094,0.9763349996032691,0.0,0.0,0.0
tip_middle_root_1_2_2,39,舌右邊,107961,203.3538055419922,18.953285217285156,155.24887084960938,27.806241989135742,161.29127502441406,27.666919708251953,152.88279724121094,58.465938568115234,62.28554916381836,18.605594635009766,203.3538055419922,18.953285217285156,175.0543212890625,23.84772300720215,146.97206115722656,4.954604625701904,132.0601348876953,2.619699478149414,0.0,0.0,0.0,0.0,0.024110558442400495,0.22044071470253146,0.6413612322968479,0.11408749455822009,0.0,0.0,0.009003251174035068,0.16586545141301026,0.36419633015626013,0.3716156760311594,0.08697585239114125,0.0023434388343939014,0.0,0.0,0.0049277053750891526,0.13019516306814496,0.3093246635359065,0.42649660525560157,0.12399848093292948,0.0050573818323283405,0.13023221348449904,0.0,0.0,0.0,0.0,0.0,0.0,0.869767786515501,0.03151137910912274,0.4810811311492113,0.458146923426052,0.02925130371152546,9.262604088513445e-06,0.0,0.0,0.0,0.0,0.0,0.0,0.0,0.024110558442400495,0.22044071470253146,0.6413612322968479,0.11408749455822009,0.0,0.0,4.6313020442567224e-05,0.027797074869628846,0.24620927927677588,0.4396865534776447,0.27690554922610944,0.00935523012939858,0.0,0.0,0.0,0.0,0.9996017080241939,0.00039829197580607814,0.0,0.0,0.0,0.0,0.0,0.010929872824445864,0.9890701271755541,0.0,0.0,0.0
tip_middle_root_1_2_2,39,舌根,636097,200.13076782226562,21.435136795043945,166.5238800048828,27.151710510253906,164.54486083984375,27.057769775390625,92.39229583740234,83.16380310058594,50.68477249145508,17.47222900390625,200.1309356689453,21.435367584228516,181.5618896484375,23.677576065063477,140.08245849609375,7.051437854766846,133.8026885986328,3.898367404937744,0.0,0.0,1.10046109319805e-05,0.0045291834421479745,0.06073444773360038,0.19489794795447865,0.6782739110544461,0.061553505204394926,0.0,0.00010847402204380778,0.006568180639116361,0.09373727591860989,0.25159055930149016,0.4736227336396807,0.17016587092849048,0.004206905550568545,0.0,0.0002876919715074902,0.017137323395645634,0.08804946415405197,0.24981724485416532,0.5172670205959154,0.12551702020289357,0.0019242348258205902,0.49295940713444647,0.007965766227477885,6.288349103988857e-06,3.1441745519944286e-06,0.0,1.5720872759972143e-06,3.458592007193872e-05,0.4990292361070717,0.11440393524886927,0.6680474833240843,0.20843361940081465,0.009004915916912043,0.000110046109319805,0.0,0.0,0.0,0.0,0.0,1.10046109319805e-05,0.0045291834421479745,0.06073444773360038,0.19489794795447865,0.6782660506180661,0.06156136564077491,0.0,9.432523655983285e-06,0.0006445557831588579,0.02630888056381338,0.16465884920067222,0.40469771119813486,0.3939650713649019,0.009715499365662784,0.0,0.0,0.0,0.01981773220122088,0.9776056167534197,0.002576651045359434,0.0,0.0,0.0,0.0,0.0,0.00942937948143129,0.9905706205185687,0.0,0.0,0.0
tip_middle_root_1_2_2,40,舌尖,159037,190.5139617919922,13.337875366210938,139.38192749023438,20.773889541625977,155.57984924316406,20.06914710998535,168.40187072753906,17.035982131958008,69.42311096191406,17.388172149658203,190.5139617919922,13.337875366210938,161.60302734375,17.451812744140625,149.99781799316406,4.655959129333496,127.29545593261719,2.7101502418518066,0.0,0.0,0.0,0.0,0.01065789721888617,0.49796588215320964,0.49096122286008914,0.00041499776781503677,0.0,0.0,0.004810201399674289,0.3107201468840584,0.4945264309563183,0.1888365600457755,0.0011066607141734313,0.0,0.0,0.0,0.0036909649955670695,0.07612693901419167,0.4788256820739828,0.4172991190729201,0.024057294843338344,0.0,0.010425246955111074,0.0,0.0,0.0,0.0,0.0,6.2878449668944965e-06,0.989568465199922,0.005005124593648019,0.3911605475455397,0.5280469324748329,0.0752969434785616,0.0004904519074177707,0.0,0.0,0.0,0.0,0.0,0.0,0.0,0.01065789721888617,0.49796588215320964,0.49096122286008914,0.00041499776781503677,0.0,0.0,0.0,0.01422310531511535,0.4445569270044078,0.5029647189018908,0.03825524877858612,0.0,0.0,0.0,0.0,0.0,0.9874809006709131,0.012519099329086942,0.0,0.0,0.0,0.0,0.0,0.529172456723907,0.470827543276093,0.0,0.0,0.0
tip_middle_root_1_2_2,40,舌中,285120,205.378173828125,10.971841812133789,169.00457763671875,20.162229537963867,181.95249938964844,18.372682571411133,169.04446411132812,3.31783127784729,45.85028076171875,15.949337005615234,205.378173828125,10.971841812133789,185.650634765625,16.390981674194336,143.46710205078125,4.679110050201416,126.5398178100586,1.9385138750076294,0.0,0.0,0.0,0.0,0.0002665544332210999,0.11676837822671156,0.8706299102132435,0.012335157126823794,0.0,0.0,0.001802749719416386,0.0420314253647587,0.22684834455667788,0.629499859708193,0.09981762065095398,0.0,0.0,0.0,1.7536475869809205e-05,0.010820005611672278,0.10992915263748597,0.5287878787878788,0.35043139730639733,1.4029180695847363e-05,3.507295173961841e-05,0.0,0.0,0.0,0.0,0.0,0.0008171997755331089,0.9991477272727273,0.1584841470258137,0.7126929012345679,0.11625631313131313,0.012496492704826037,7.014590347923682e-05,0.0,0.0,0.0,0.0,0.0,0.0,0.0,0.0002665544332210999,0.11676837822671156,0.8706299102132435,0.012335157126823794,0.0,0.0,0.0,0.0022797418630751964,0.07669753086419753,0.5000491021324355,0.42094907407407406,2.4551066217732885e-05,0.0,0.0,0.0,0.0,0.994574214365881,0.005425785634118967,0.0,0.0,0.0,0.0,0.0,0.6917438271604939,0.3082561728395062,0.0,0.0,0.0
tip_middle_root_1_2_2,40,舌左邊,121044,203.40989685058594,10.374829292297363,154.93495178222656,21.542949676513672,166.86717224121094,20.345399856567383,172.27427673339844,4.979938983917236,61.5356559753418,18.723758697509766,203.40989685058594,10.374829292297363,175.4238739013672,17.114532470703125,147.9801788330078,5.492353916168213,129.0481414794922,2.1444685459136963,0.0,0.0,0.0,0.0,0.0,0.1431876012028684,0.851268960047586,0.0055434387495456195,0.0,0.0,0.00020653646607845082,0.12657380787151779,0.41469217805095665,0.44075708007005715,0.01777039754138991,0.0,0.0,0.0,0.0,0.027279336439641783,0.3351178084002511,0.527535441657579,0.10991044578830839,0.00015696771421962262,0.0006691781500941807,0.0,0.0,0.0,0.0,0.0,8.261458643138032e-05,0.9992482072634744,0.02259508938898252,0.534888139849972,0.4106027560226034,0.03191401473844222,0.0,0.0,0.0,0.0,0.0,0.0,0.0,0.0,0.0,0.1431876012028684,0.851268960047586,0.0055434387495456195,0.0,0.0,0.0,0.00019001354879217473,0.20605730147714882,0.5902481742176399,0.20338885033541523,0.00011566042100393245,0.0,0.0,0.0,0.0,0.9916063580185718,0.008393641981428241,0.0,0.0,0.0,0.0,0.0,0.22215888437262482,0.7778411156273751,0.0,0.0,0.0
tip_middle_root_1_2_2,40,舌右邊,92264,202.6627655029297,14.70738697052002,153.87037658691406,27.840044021606445,165.84666442871094,26.9329776763916,170.8986358642578,15.059830665588379,62.869354248046875,22.931623458862305,202.6627655029297,14.70738697052002,174.4734649658203,22.604278564453125,148.20335388183594,6.3799028396606445,129.15225219726562,2.646104335784912,0.0,0.0,0.0,0.0,0.006633139686118096,0.20394736842105263,0.7481466227347611,0.04127286915806815,0.0,0.0,0.006091216509147663,0.20583326107690975,0.31868334344923266,0.3975331656984306,0.07185901326627937,0.0,0.0,0.0,0.001983438827711784,0.10976112026359143,0.27409390444810544,0.41471213040839333,0.19918928292725224,0.0002601231249458077,0.007706147576519553,0.0,0.0,0.0,0.0,0.0,0.0,0.9922938524234804,0.06132402670597416,0.48968178271048296,0.34235454781930114,0.10655293505592647,8.670770831526923e-05,0.0,0.0,0.0,0.0,0.0,0.0,0.0,0.006633139686118096,0.20394736842105263,0.7481466227347611,0.04127286915806815,0.0,0.0,0.0,0.016203502991415937,0.25656810890488163,0.44870155206797885,0.2783100667649354,0.00021676927078817306,0.0,0.0,0.0,0.0,0.9725678487817567,0.0274321512182433,0.0,0.0,0.0,0.0,0.0,0.2574893783057314,0.7425106216942686,0.0,0.0,0.0
tip_middle_root_1_2_2,40,舌根,470281,199.20628356933594,18.547666549682617,161.7830352783203,25.717021942138672,169.66513061523438,25.229318618774414,168.3845977783203,28.642162322998047,49.3217887878418,19.334415435791016,199.2067413330078,18.543102264404297,178.64755249023438,22.66498374938965,143.1431121826172,5.030670166015625,129.33883666992188,2.3598101139068604,0.002309257656592548,0.0008930830716103776,0.000737856728211431,0.0027728102985236486,0.020026324686729848,0.2131385278163481,0.7512763645565098,0.008845775185474216,0.003427737884371259,0.003327797635881526,0.009292316721279406,0.0755739653526296,0.3019471337349372,0.5291878685296663,0.07723892736470322,4.252776531477989e-06,0.0031980879516714474,0.002190179913711164,0.0062600870543355995,0.04259793612754927,0.22540778810966208,0.5411317914183222,0.17919499193035654,1.913749439165095e-05,0.028321365311377664,0.0,0.0,0.0,0.0,3.61486005175629e-05,0.0009441163899881135,0.9706983696981166,0.13551685056381185,0.6794788647638327,0.15665740270178893,0.023056427965407914,0.0043867389922195455,0.0007038345159596071,0.00017861661432207554,2.1263882657389943e-05,0.002309257656592548,0.0008930830716103776,0.000737856728211431,0.0027728102985236486,0.020026324686729848,0.2131385278163481,0.7512763645565098,0.008845775185474216,0.00300246023122346,0.0009781386022399373,0.0032980282001611803,0.015350396890369801,0.13827052336794385,0.5319394149455325,0.3071333947150746,2.7643047454606928e-05,0.0,0.0,0.0,0.0,0.9960023900604107,0.003997609939589309,0.0,0.0,0.0,0.0,0.0,0.181423446832851,0.8185765531671491,0.0,0.0,0.0
tip_middle_root_1_2_2,41,舌尖,256749,180.0128173828125,14.853008270263672,161.01979064941406,17.326047897338867,184.68057250976562,16.181026458740234,143.1905059814453,13.842110633850098,36.05382537841797,10.199650764465332,187.0203857421875,14.56124496459961,174.8554229736328,15.281571388244629,139.35557556152344,3.7155776023864746,118.3779067993164,2.8060693740844727,0.0,0.0,0.0,0.001032136444543114,0.0992603671289859,0.6467211167326844,0.2529863796937865,0.0,0.0,0.0,0.0,0.01977028148113527,0.4497583242777966,0.5017741062282618,0.02869728801280628,0.0,0.0,0.0,0.0,7.789709015419729e-06,0.059684750476145965,0.5842009121749258,0.35549505548220245,0.0006114921577104487,0.003618319837662464,0.0,0.0,0.0,0.005145102804684731,0.18737755551141388,0.6831730600703411,0.12068596177589787,0.3977230680547928,0.585244733182992,0.01659208020284402,0.0004401185593712147,0.0,0.0,0.0,0.0,0.0,0.0,0.0,0.0,0.02815979809074232,0.5781989413785448,0.3930297683730024,0.0006114921577104487,0.0,0.0,0.0,9.737136269274662e-05,0.17766768322369317,0.6651476734086598,0.15708727200495426,0.0,0.0,0.0,0.0,9.737136269274662e-05,0.9999026286373073,0.0,0.0,0.0,0.0,0.0,0.0,0.9928062037242599,0.00719379627574012,0.0,0.0,0.0
tip_middle_root_1_2_2,41,舌中,463437,204.65318298339844,6.77756929397583,192.54037475585938,10.748873710632324,214.1925811767578,11.000508308410645,136.8377685546875,9.534303665161133,26.541189193725586,4.828813552856445,214.75827026367188,9.90318489074707,202.7881622314453,8.80115032196045,136.26834106445312,2.600370407104492,118.76188659667969,1.7541755437850952,0.0,0.0,0.0,0.0,3.884023071097042e-05,0.02891655176431748,0.9690831763540675,0.0019614316509040065,0.0,0.0,0.0,0.0,0.008337702859288318,0.4324363397829694,0.5567121313145045,0.002513826043237808,0.0,0.0,0.0,0.0,0.0002869861491421703,0.028782768747424137,0.7807749489143077,0.19015529618912602,0.0,0.0,0.0,0.0,0.0020973724583924027,0.4227608067547477,0.5449866972209815,0.030155123565878426,0.9167783323299608,0.08292820814911196,0.00029345952092733207,0.0,0.0,0.0,0.0,0.0,0.0,0.0,0.0,0.0,0.0,0.009483489665261946,0.800361214145612,0.19015529618912602,0.0,0.0,0.0,0.0,0.00032366858925808687,0.09092498009438175,0.9005366425209899,0.008214708795370245,0.0,0.0,0.0,8.84694143972104e-05,0.9999115305856028,0.0,0.0,0.0,0.0,0.0,0.0,0.9999417396539335,5.826034606645564e-05,0.0,0.0,0.0
tip_middle_root_1_2_2,41,舌左邊,217898,201.73182678222656,7.507137775421143,178.82737731933594,16.5825252532959,201.25091552734375,17.23541259765625,148.46524047851562,10.94394302368164,34.03412628173828,10.85912799835205,205.99392700195312,11.195241928100586,192.4173126220703,13.31275749206543,140.27366638183594,3.8959362506866455,119.72019958496094,2.1959187984466553,0.0,0.0,0.0,0.0,0.0,0.0978347667257157,0.9016282847938026,0.0005369484804816933,0.0,0.0,0.0,0.00014226840081138883,0.1401481427089739,0.6513689891600657,0.20787249079844697,0.000468108931701989,0.0,0.0,0.0,0.0,0.022147977494056854,0.21075916254394259,0.7071382022781302,0.059954657683870434,0.0,0.0,0.0,0.0,0.0,0.09612295661272706,0.6624934602428659,0.24138358314440703,0.6050858658638445,0.36383996181699696,0.031074172319158506,0.0,0.0,0.0,0.0,0.0,0.0,0.0,0.0,0.0,0.0,0.09535654296964635,0.8446887993464832,0.059954657683870434,0.0,0.0,0.0,0.0,0.020234238037981075,0.3625870820292063,0.6150217074043819,0.0021569725284307337,0.0,0.0,0.0,0.0,1.0,0.0,0.0,0.0,0.0,0.0,0.0,0.997228060835804,0.002771939164196092,0.0,0.0,0.0
tip_middle_root_1_2_2,41,舌右邊,92506,191.9075927734375,18.4146671295166,162.62478637695312,22.074434280395508,183.6164093017578,23.031238555908203,156.1716766357422,9.565266609191895,41.011512756347656,11.736684799194336,193.3595733642578,19.986717224121094,178.42152404785156,19.805320739746094,142.43031311035156,3.804490089416504,121.3077392578125,2.044330596923828,0.0,0.0,0.0,4.3240438458045966e-05,0.08110825243767972,0.2929864008821049,0.6226298834670183,0.0032322227747389356,0.0,0.0,7.567076730158044e-05,0.05037511080362355,0.4663156984411822,0.36581410935506886,0.11654379175404839,0.0008756188787754308,0.0,0.0,0.0,0.0034051845285711195,0.14058547553672193,0.4930274792986401,0.3316865933020561,0.031295267334010765,0.00019458197306120685,0.0,0.0,0.0,0.0,0.02754415929777528,0.42725877240395216,0.5450024863252113,0.29895358138931527,0.6939549867035651,0.007091431907119538,0.0,0.0,0.0,0.0,0.0,0.0,0.0,0.0,1.0810109614511491e-05,0.08011372235314466,0.29398093096664,0.5944803580308304,0.031414178539770396,0.0,0.0,0.0,0.004551056147709338,0.1611571141331373,0.5337383521068904,0.2986400882104945,0.001913389401768534,0.0,0.0,0.0,0.0,1.0,0.0,0.0,0.0,0.0,0.0,0.0,0.9973190928156012,0.0026809071843988497,0.0,0.0,0.0
tip_middle_root_1_2_2,41,舌根,836885,166.5663299560547,45.876956939697266,149.22967529296875,47.33754348754883,163.1324920654297,50.07709503173828,151.7571258544922,19.640159606933594,33.300601959228516,19.389572143554688,168.7392120361328,47.371952056884766,161.0789794921875,47.2882080078125,137.0821533203125,3.977638006210327,123.19866943359375,2.9669854640960693,0.005893282828584572,0.02477401315592943,0.10057176314547399,0.07305065809519827,0.10243820835598678,0.26453455373199425,0.42870645309690103,3.1067589931711045e-05,0.013325606266093908,0.06662564151585941,0.09777806986623012,0.08230999480215322,0.1905841304360814,0.3859299664828501,0.1633605573047671,8.603332596473828e-05,0.009040668670127915,0.03882373324889322,0.10841274488131583,0.06848372237523674,0.12437670647699504,0.27575592823386724,0.35225269899687534,0.02285379711668867,0.009387191788597,0.0003656416353501377,0.00014458378391296294,0.00030828608470697885,0.0021221553737968777,0.1019554658047402,0.4556109859777628,0.4301056895511331,0.5777806986623013,0.35737407170638735,0.04920269810069484,0.011886937870794673,0.0023671113713353686,0.0011745938808796908,0.00020313424186118762,1.0754165745592285e-05,0.005893282828584572,0.024710683068760942,0.10031127335296965,0.07138137259002134,0.09837791333337316,0.2577295566296445,0.41874212107995723,0.02285379711668867,0.010147152834618854,0.03821313561600459,0.098229744827545,0.07046009905781558,0.1292567079108838,0.3243193509263519,0.32898307413802375,0.0003907346887565197,0.0,0.0,0.0,0.002134104446847536,0.9978658955531524,0.0,0.0,0.0,0.0,0.0,0.0,0.9401602370696093,0.05983976293039067,0.0,0.0,0.0
tip_middle_root_1_2_2,42,舌尖,131922,199.0222930908203,18.002389907836914,147.6173858642578,18.916244506835938,167.20950317382812,19.36540985107422,165.66969299316406,20.93218994140625,66.21615600585938,13.050620079040527,199.0222930908203,18.002389907836914,169.71022033691406,17.123699188232422,150.38160705566406,4.361704349517822,125.39107513427734,2.818495035171509,0.0,0.0,0.0,0.0,0.005654856657721987,0.33908673306954107,0.5703218568548082,0.08493655341792877,0.0,0.0,0.0005760979973014357,0.13273752672033473,0.6060929943451433,0.24833613802095178,0.012257242916268705,0.0,0.0,0.0,0.0,0.01945846788253665,0.3382150058367823,0.5237261412046512,0.11839571868225163,0.00020466639377814163,0.015751732084110306,0.0,0.0,0.0,0.0,0.0,0.0,0.9842482679158897,0.0001743454465517503,0.45145616349054746,0.5218159215293886,0.026129076272342747,0.0004244932611694789,0.0,0.0,0.0,0.0,0.0,0.0,0.0,0.005654856657721987,0.33908673306954107,0.5703218568548082,0.08493655341792877,0.0,0.0,0.0,0.0007049620230135989,0.3074771455860281,0.5672063795272965,0.12456603144282227,4.548142083958703e-05,0.0,0.0,0.0,0.0,0.9726959870226346,0.027304012977365413,0.0,0.0,0.0,0.0,0.0,0.818976364821637,0.18102363517836298,0.0,0.0,0.0
tip_middle_root_1_2_2,42,舌中,372455,215.635498046875,15.74820327758789,179.4654541015625,23.33827018737793,193.31082153320312,21.20445442199707,167.0091094970703,15.237895011901855,43.67202377319336,15.213839530944824,215.635498046875,15.74820327758789,195.3424530029297,19.683815002441406,143.37896728515625,4.505399227142334,126.00117492675781,2.21077561378479,0.0,0.0,0.0,0.0,0.0013021707320347423,0.0874145869970869,0.5471989904820717,0.3640842517888067,0.0,0.0,0.0011437623337047429,0.0480836611134231,0.11060396557973447,0.4935683505389913,0.3464203729309581,0.00017988750318830463,0.0,0.0,0.0,0.01850693372353707,0.052954048140043765,0.2931951510920782,0.6262206172557758,0.009123249788565062,0.008019760776469641,0.0,0.0,0.0,0.0,0.0,0.00041615765662965994,0.9915640815669007,0.20676860291847338,0.7057819065390449,0.0776415942865581,0.009807896255923534,0.0,0.0,0.0,0.0,0.0,0.0,0.0,0.0,0.0013021707320347423,0.0874145869970869,0.5471989904820717,0.3640842517888067,0.0,0.0,0.0,0.003109100428239653,0.061752426467626964,0.2587856251090736,0.6662764629284075,0.010076385066652347,0.0,0.0,0.0,0.0,0.9977393242136634,0.0022606757863366045,0.0,0.0,0.0,0.0,0.0,0.7961445006779343,0.20385549932206576,0.0,0.0,0.0
tip_middle_root_1_2_2,42,舌左邊,118153,185.86703491210938,16.075166702270508,140.39942932128906,29.01044273376465,158.05978393554688,27.01296615600586,165.8396453857422,15.72503662109375,63.94657897949219,26.293832778930664,185.8684539794922,16.0776309967041,161.2178955078125,23.596817016601562,148.22340393066406,7.211455821990967,125.69852447509766,3.1221814155578613,0.0,0.0,0.0,0.0,0.027819860689106496,0.6600170964766023,0.2940170795493978,0.018145963284893315,0.0,0.0,0.03167079972577928,0.3569947441029851,0.3251462087293594,0.24439497939112845,0.04159014159606612,0.0002031264546816416,0.0,0.0,0.0002792988751872572,0.14439751847181198,0.3735495501595389,0.36144659890142444,0.11909981126166919,0.0012272223303682512,0.008624410721691367,0.0,0.0,0.0,0.0,0.0,0.009453843744974736,0.9819217455333339,0.07295625163982294,0.49079583252223813,0.25168214095283237,0.18413413116890812,0.0004316437161984884,0.0,0.0,0.0,0.0,0.0,0.0,0.0,0.027819860689106496,0.6600170964766023,0.2939916887425626,0.01817135409172852,0.0,0.0,0.0,0.04865724949853156,0.47344544785151454,0.34881044069977063,0.1285028733929735,0.0005839885572097196,0.0,0.0,0.0,0.0,0.9184785828544345,0.08152141714556549,0.0,0.0,0.0,0.0,0.0,0.7639078144439837,0.23609218555601635,0.0,0.0,0.0
tip_middle_root_1_2_2,42,舌右邊,62908,185.96754455566406,12.53237247467041,118.95021057128906,15.806487083435059,138.90982055664062,17.714208602905273,168.52012634277344,20.222822189331055,92.29961395263672,14.9685697555542,185.96754455566406,12.53237247467041,146.90792846679688,13.701725006103516,156.9998321533203,4.305135726928711,128.30245971679688,3.2138845920562744,0.0,0.0,0.0,0.0,0.0323647230876836,0.6254689387677242,0.34192789470337637,0.00023844344121574362,0.0,0.0,0.06549246518725758,0.6417148852292236,0.2790106186812488,0.013686653525783684,9.537737648629745e-05,0.0,0.0,0.0,0.0014306606472944618,0.24899853754689388,0.6475646976537165,0.09958987728110892,0.002416226870986202,0.0,0.014068163031728875,0.0,0.0,0.0,0.0,0.0,7.948114707191454e-05,0.9858523558211992,0.00015896229414382907,0.03937496025942647,0.5295828829401666,0.42740192026451324,0.003481274241749857,0.0,0.0,0.0,0.0,0.0,0.0,0.0,0.0323647230876836,0.6254689387677242,0.34192789470337637,0.00023844344121574362,0.0,0.0,0.0,0.08493355376104789,0.732689006167737,0.18064475106504738,0.001732689006167737,0.0,0.0,0.0,0.0,0.0,0.6929484326317797,0.30705156736822026,0.0,0.0,0.0,0.0,0.0,0.38053983595091245,0.6194601640490875,0.0,0.0,0.0
tip_middle_root_1_2_2,42,舌根,644821,186.53506469726562,35.895931243896484,149.26072692871094,43.054832458496094,161.15737915039062,42.074798583984375,156.83973693847656,44.95903778076172,55.421173095703125,29.691505432128906,186.5354461669922,35.89521789550781,166.5057373046875,39.747310638427734,144.0897674560547,7.211540699005127,127.37049102783203,3.38411283493042,0.005148715690090739,0.0020393256423100366,0.017426541629382418,0.05614116165571531,0.09376090418891445,0.2979710648381489,0.4302263729003863,0.09728591345505187,0.009799618808940775,0.033356543909084845,0.07427332546551679,0.1834167931875668,0.22114199134333404,0.3014092282974655,0.17646757782392322,0.00013492116416804044,0.0071430676110114276,0.02195493012789596,0.05990344607263101,0.10319608077280361,0.22650316909653997,0.29578906394177606,0.28308786469423297,0.002422377683108956,0.07695624056908816,0.0,0.0,0.0,0.0,0.0,0.005586046360152663,0.9174577130707592,0.21503797177821443,0.47702540705094904,0.19450359091903024,0.08623943699104092,0.020625879119941813,0.006276160360782295,0.0002791472362097388,1.2406543831543948e-05,0.005148715690090739,0.0020393256423100366,0.017426541629382418,0.05614116165571531,0.09376090418891445,0.29795865829431734,0.43023567780825994,0.09728901509100975,0.006322684900150585,0.011353538423841656,0.04613683487355406,0.08599285693238899,0.2365788335057326,0.2907892267776639,0.3162009301806238,0.006625094406044468,0.0,0.0,0.0,0.0,0.9670621769452298,0.03293782305477024,0.0,0.0,0.0,0.0,0.0,0.5226644293532624,0.4773355706467376,0.0,0.0,0.0
tip_middle_root_1_2_2,44,舌尖,105367,205.97238159179688,12.937782287597656,145.3814239501953,18.487260818481445,151.14352416992188,19.336580276489258,169.1179656982422,35.90934371948242,75.97089385986328,13.481622695922852,205.97238159179688,12.937782287597656,169.2010955810547,15.791150093078613,151.79823303222656,3.620389223098755,134.32150268554688,2.254542827606201,0.0,0.0,0.0,0.0,1.8981274972239887e-05,0.15520988544800554,0.8168591684303435,0.027911964846678752,0.0,0.0,7.592509988895955e-05,0.19893325234656012,0.5772870063682177,0.2163960253210208,0.0072033938519650365,0.00010439701234731937,0.0,0.0,0.002163865346835347,0.1465734053356364,0.4869266468628698,0.34887583398976907,0.01504266041550011,0.0004175880493892775,0.04436873024761073,0.0,0.0,0.0,0.0,0.0,0.0,0.9556312697523893,0.0020120151470574277,0.18004688374918143,0.7379540083707422,0.07998709273301888,0.0,0.0,0.0,0.0,0.0,0.0,0.0,0.0,1.8981274972239887e-05,0.15520988544800554,0.8168591684303435,0.027911964846678752,0.0,0.0,0.0,0.0010629513984454337,0.2528780358176659,0.6951891958582858,0.05030986931392182,0.0005599476116810767,0.0,0.0,0.0,0.0,0.989000351153587,0.010999648846413013,0.0,0.0,0.0,0.0,0.0,0.0012527641481678323,0.9987472358518321,0.0,0.0,0.0
tip_middle_root_1_2_2,44,舌中,289654,214.83193969726562,4.237367630004883,165.8463897705078,9.63547420501709,173.1470489501953,8.713382720947266,171.22503662109375,26.834928512573242,58.26530838012695,9.117605209350586,214.83193969726562,4.237367630004883,185.45816040039062,7.276820659637451,147.13348388671875,3.092618703842163,131.35614013671875,1.5324994325637817,0.0,0.0,0.0,0.0,0.0,0.0003452394926360416,0.9816090922272781,0.018045668280085896,0.0,0.0,0.0,0.0017848881769283351,0.2444882515000656,0.751859114667845,0.0018677456551609852,0.0,0.0,0.0,0.0,0.000904527470706429,0.05300807169933783,0.9356853349168318,0.010402065913123934,0.0,0.02419783603886016,0.0,0.0,0.0,0.0,0.0,0.0,0.9758021639611398,8.63098731590104e-05,0.7260524625933009,0.27288419976938,0.0009770277641599978,0.0,0.0,0.0,0.0,0.0,0.0,0.0,0.0,0.0,0.0003452394926360416,0.9816090922272781,0.018045668280085896,0.0,0.0,0.0,0.0,0.004097992777589814,0.8058856428704593,0.1899956499823928,2.0714369558162496e-05,0.0,0.0,0.0,0.0,0.9994890455508987,0.0005109544491013416,0.0,0.0,0.0,0.0,0.0,0.001874650445013706,0.9981253495549863,0.0,0.0,0.0
tip_middle_root_1_2_2,44,舌左邊,83169,206.435546875,14.478693008422852,155.18209838867188,19.895648956298828,158.8093719482422,20.36349868774414,154.9456329345703,58.95309829711914,64.22705841064453,13.266138076782227,206.435546875,14.478693008422852,175.71380615234375,17.326740264892578,147.72532653808594,3.193641424179077,133.74172973632812,2.0607657432556152,0.0,0.0,0.0,0.0,0.0012624896295494715,0.16491721675143384,0.827579987735815,0.006240305883201674,0.0,0.0,0.0012264184972766295,0.13330688116966657,0.3149370558741839,0.5491950125647778,0.0013346318940951557,0.0,0.0,0.0,0.0008777308853058231,0.12248554148781397,0.24565643448881194,0.6263511644963868,0.004629128641681396,0.0,0.12710264641873775,0.0,0.0,0.0,0.0,0.0,0.0,0.8728973535812623,0.00037273503348603444,0.5750339669828902,0.4034075196287078,0.021185778354915894,0.0,0.0,0.0,0.0,0.0,0.0,0.0,0.0,0.0012624896295494715,0.16491721675143384,0.827579987735815,0.006240305883201674,0.0,0.0,0.0,0.005530906948502447,0.17882865009799323,0.6862893626230927,0.12935108033041157,0.0,0.0,0.0,0.0,0.0,0.9990381031393909,0.0009618968606091211,0.0,0.0,0.0,0.0,0.0,4.809484303045606e-05,0.9999519051569695,0.0,0.0,0.0
tip_middle_root_1_2_2,44,舌右邊,86047,202.98330688476562,12.943947792053223,149.52769470214844,20.056560516357422,153.73489379882812,21.712881088256836,153.90274047851562,59.492252349853516,68.1798324584961,14.873601913452148,202.98330688476562,12.943947792053223,171.03756713867188,17.02729034423828,148.79534912109375,3.7394320964813232,133.9324951171875,2.5911147594451904,0.0,0.0,0.0,0.0,3.486466698432252e-05,0.21774146687275558,0.7813752948969749,0.0008483735632851813,0.0,0.0,0.0,0.199983729822074,0.35600311457691725,0.4437691029321185,0.00024405266889025766,0.0,0.0,0.0,0.0,0.17177821423175707,0.3248224807372715,0.5023766081327646,0.001022696898206794,0.0,0.13111439097237557,0.0,0.0,0.0,0.0,0.0,0.0,0.8688856090276245,0.0,0.47687891501156343,0.4935907120527154,0.029530372935721177,0.0,0.0,0.0,0.0,0.0,0.0,0.0,0.0,3.486466698432252e-05,0.21774146687275558,0.7813752948969749,0.0008483735632851813,0.0,0.0,0.0,5.81077783072042e-05,0.29524562157890455,0.6429974316361988,0.06169883900658942,0.0,0.0,0.0,0.0,0.0,0.9984543330970284,0.0015456669029716317,0.0,0.0,0.0,0.0,0.0,0.0,1.0,0.0,0.0,0.0
tip_middle_root_1_2_2,44,舌根,483650,187.26583862304688,34.35630798339844,144.8240509033203,34.19035720825195,144.43829345703125,35.57091522216797,83.64749908447266,87.37257385253906,63.61750030517578,20.007600784301758,187.26583862304688,34.35630798339844,162.7433319091797,33.99589538574219,144.07211303710938,3.4873881340026855,134.61221313476562,2.3476593494415283,0.0008043006306213171,0.0024335780006202834,0.0313821978703608,0.05807918949653675,0.07748164995347875,0.16687687377235605,0.6627809366277266,0.00016127364829939005,0.0036514008063682417,0.04334952961852579,0.07009200868396567,0.09782280574795824,0.32675901995244494,0.45779179158482375,0.0005334436059133671,0.0,0.0037092939108859715,0.047395844102139977,0.07509149178124677,0.10362038664323374,0.29332988731520726,0.47619766359971055,0.0006554326475757263,0.0,0.5370867362762328,0.0,0.0,0.0,0.0,0.0,0.0,0.4629132637237672,0.000291533133464282,0.658449291843275,0.25696267962369485,0.07275095627002998,0.009037527137392743,0.0011330507598469968,0.0012633102450118887,0.00011165098728419311,0.0008043006306213171,0.0024335780006202834,0.0313821978703608,0.05807918949653675,0.07748164995347875,0.16687687377235605,0.6627809366277266,0.00016127364829939005,0.0022061408043006305,0.01899307350356663,0.05238292153416727,0.07342706502636204,0.13405561873255453,0.6483407422723043,0.07059443812674454,0.0,0.0,0.0,0.0,0.0,0.9999917295564975,8.270443502532824e-06,0.0,0.0,0.0,0.0,0.0,6.409593714462938e-05,0.9999359040628554,0.0,0.0,0.0
tip_middle_root_1_2_2,45,舌尖,286420,195.14620971679688,17.7004337310791,157.3944091796875,19.42572784423828,173.63063049316406,19.308927536010742,165.67889404296875,9.640820503234863,49.869606018066406,13.28077507019043,195.3105926513672,17.38494110107422,175.2164764404297,17.53856658935547,144.6905059814453,3.872385025024414,125.01750183105469,2.5223746299743652,0.0,0.0,0.0,1.3965505202150688e-05,0.048243837720829554,0.3058969345716081,0.6427414286711822,0.0031038335311779903,0.0,0.0,0.00018155156762795894,0.07794148453320299,0.4163501152154179,0.48640807206200687,0.019118776621744292,0.0,0.0,0.0,0.00019202569652957197,0.011200335172124851,0.23083583548634873,0.563993436212555,0.19376789330354025,1.0474128901613016e-05,0.002244954961245723,0.0,0.0,0.0,0.0,0.004367711751972627,0.06301585084840444,0.9303714824383772,0.0760247189442078,0.7708644647720131,0.1520494378884156,0.0010613783953634522,0.0,0.0,0.0,0.0,0.0,0.0,0.0,1.0474128901613016e-05,0.04188953285385099,0.3120033517212485,0.6429928077648209,0.0031038335311779903,0.0,0.0,0.0,0.0034110746456253054,0.20466447873751833,0.6073318902311291,0.18458208225682565,1.0474128901613016e-05,0.0,0.0,0.0,0.0,0.999993017247399,6.982752601075344e-06,0.0,0.0,0.0,0.0,0.0,0.8471056490468543,0.15289435095314574,0.0,0.0,0.0
tip_middle_root_1_2_2,45,舌中,464041,210.79359436035156,8.057021141052246,189.4908447265625,14.653251647949219,196.32833862304688,12.223984718322754,151.95761108398438,51.88093185424805,26.098787307739258,12.605232238769531,210.79808044433594,8.069241523742676,200.88040161132812,11.491618156433105,136.74948120117188,4.597962379455566,127.31129455566406,1.972102403640747,0.0,0.0,0.0,0.0,0.0,0.014541818503106407,0.9446428225092179,0.04081535898767566,0.0,0.0,0.0,4.3099639902508614e-05,0.030436965699151584,0.48967871373434674,0.4724798024312507,0.007361418495348471,0.0,0.0,0.0,0.0,0.004807764831124836,0.311364728547693,0.6711777623097959,0.012649744311386279,0.10708752028376803,8.619927980501724e-06,0.0,0.0,0.0,0.0004547012009714659,0.010723190407744143,0.8817259681795359,0.7102540508274053,0.282759497544398,0.006977831700216145,8.619927980501724e-06,0.0,0.0,0.0,0.0,0.0,0.0,0.0,0.0,0.0,0.014541818503106407,0.9445803280313593,0.0408778534655343,0.0,0.0,0.0,0.0,0.0005387454987813577,0.20103180537926604,0.7811680433409979,0.0172614057809547,0.0,0.0,0.0,0.0,1.0,0.0,0.0,0.0,0.0,0.0,0.0,0.5148467484554167,0.48515325154458333,0.0,0.0,0.0
tip_middle_root_1_2_2,45,舌左邊,194784,206.7285614013672,11.150915145874023,173.52796936035156,23.547040939331055,185.2197265625,22.2529239654541,168.00692749023438,7.669244289398193,41.79324722290039,19.352176666259766,206.7288055419922,11.151363372802734,189.0485076904297,18.790103912353516,142.10122680664062,5.74216365814209,126.71563720703125,2.0490169525146484,0.0,0.0,0.0,0.0,5.133891900772137e-06,0.10641531131920487,0.8623295547888944,0.03125,0.0,0.0,0.0,0.020402086413668474,0.2945775833744045,0.3952172663052407,0.28964391325776245,0.00015915064892393625,0.0,0.0,0.0,0.0010575817315590602,0.17731949236076885,0.3432468785937243,0.4764149006078528,0.0019611467060949564,0.0014631591917200592,0.0,0.0,0.0,0.0,0.0,0.008789222934121899,0.989747617874158,0.38292159520289143,0.43671964843108263,0.17986590274355183,0.0004928536224741252,0.0,0.0,0.0,0.0,0.0,0.0,0.0,0.0,5.133891900772137e-06,0.10641531131920487,0.8622884836536882,0.031291071135206176,0.0,0.0,0.0,6.160670280926565e-05,0.06814728109084935,0.4248398225726959,0.5052827747658946,0.0016685148677509447,0.0,0.0,0.0,0.0,0.9998613849186792,0.0001386150813208477,0.0,0.0,0.0,0.0,0.0,0.6850562674552325,0.31494373254476754,0.0,0.0,0.0
tip_middle_root_1_2_2,45,舌右邊,206070,204.07508850097656,15.164636611938477,172.62989807128906,27.59161376953125,182.5118865966797,27.000530242919922,167.5191192626953,15.477639198303223,40.59037780761719,21.268474578857422,204.07574462890625,15.165533065795898,187.6010284423828,22.758419036865234,141.23545837402344,5.958224296569824,127.42401885986328,2.4218456745147705,0.0,0.0,0.0,0.0009559858300577474,0.01747949725821323,0.17277624108312709,0.7774348522346776,0.031353423593924394,0.0,4.852719949531713e-06,0.004406269714174795,0.04882806813218809,0.28054544572232737,0.3366186247391663,0.32894162177900715,0.0006551171931867812,0.0,0.0,0.003066919008104042,0.01740185373902072,0.22153151841607222,0.2831028291357306,0.46920949192022127,0.005687387780851167,0.007778910079099336,0.0,0.0,0.0,0.0,9.705439899063425e-06,0.018037560052409377,0.9741738244285922,0.4197748337943417,0.3817392148299122,0.19716115882952395,0.0013247925462221575,0.0,0.0,0.0,0.0,0.0,0.0,0.0,0.0009559858300577474,0.01747949725821323,0.17277624108312709,0.7773911777551318,0.03139709807347018,0.0,0.0,0.0003057213568204979,0.011054496045033241,0.12780123259086718,0.3520599796185762,0.503823943320231,0.004954627068471879,0.0,0.0,0.0,0.0,1.0,0.0,0.0,0.0,0.0,0.0,0.0,0.5856408016693356,0.4143591983306643,0.0,0.0,0.0
tip_middle_root_1_2_2,45,舌根,755935,185.5102081298828,32.310882568359375,166.0966339111328,34.50606155395508,169.6110382080078,33.51278305053711,115.64862060546875,78.15470123291016,29.053852081298828,16.536270141601562,185.5122833251953,32.30817794799805,177.78289794921875,32.872127532958984,135.75177001953125,5.088257312774658,128.81211853027344,2.31023907661438,0.0,0.0018890513073213967,0.03365765575082514,0.04827663754158757,0.06917393691256524,0.2549385859895361,0.5885386971102012,0.003525435387963251,4.497741207908087e-05,0.015022455634413012,0.043420399902107984,0.06511009544471416,0.2128741227751063,0.40904575128813986,0.2541647099287637,0.000317487614675865,2.645730122298875e-06,0.011323724923439185,0.04253540317619901,0.05415544987333567,0.1808488825097396,0.4207464927540066,0.28994688696779486,0.00044051406536276265,0.33184731491464214,3.0425896406437062e-05,0.0,0.0,0.0,0.00013493223623724262,0.012240470410815744,0.6557468565418985,0.7015695793950538,0.23836440963839484,0.05997208754720975,8.069476873011568e-05,1.3228650611494375e-05,0.0,0.0,0.0,0.0,0.0018890513073213967,0.03364839569539709,0.04826737748615952,0.06915806253183145,0.25496901188594256,0.5885426657053847,0.003525435387963251,0.0,0.006106345122265803,0.03629280295263482,0.04729771739633699,0.11033223756010768,0.3684337939108521,0.43012825176767844,0.0014088512901241509,0.0,0.0,0.0,3.439449158988537e-05,0.9999656055084101,0.0,0.0,0.0,0.0,0.0,0.0,0.3082209449225132,0.6917790550774868,0.0,0.0,0.0
tip_middle_root_1_2_2,46,舌尖,122980,189.82669067382812,14.286591529846191,143.04867553710938,18.23932456970215,154.2568817138672,18.9677734375,168.73854064941406,23.791723251342773,63.55490493774414,14.265754699707031,189.8294677734375,14.281264305114746,163.56890869140625,15.972013473510742,147.49526977539062,3.7769815921783447,129.18701171875,3.1212239265441895,0.0,0.0,0.0,0.0,0.024491787282484957,0.4539274678809562,0.5214831679947959,9.757684176288828e-05,0.0,0.0,0.006732802081639291,0.18907139372255652,0.6004960156122947,0.2036184745487071,8.13140348024069e-05,0.0,0.0,0.0,0.003114327532932184,0.07231257114978046,0.5316636851520572,0.3773377785005692,0.015571637664660921,0.0,0.02028785168320052,0.0,0.0,0.0,0.0,0.0,0.007180029273052529,0.9725321190437469,0.0004797528053342007,0.5255651325418768,0.45085379736542525,0.022784192551634413,0.0003171247357293869,0.0,0.0,0.0,0.0,0.0,0.0,0.0,0.024329159212880144,0.45409009595056105,0.5214831679947959,9.757684176288828e-05,0.0,0.0,8.13140348024069e-06,0.013416815742397137,0.3923239551146528,0.563953488372093,0.03029760936737681,0.0,0.0,0.0,0.0,0.0,0.9964791022930558,0.0035208977069442187,0.0,0.0,0.0,0.0,0.0,0.25370791998698977,0.7462920800130103,0.0,0.0,0.0
tip_middle_root_1_2_2,46,舌中,299870,203.20297241210938,7.531379222869873,165.96389770507812,11.471364974975586,179.93972778320312,12.075469970703125,168.31666564941406,4.929136276245117,46.9084358215332,8.985132217407227,203.20298767089844,7.531387805938721,183.08868408203125,9.603876113891602,143.9404296875,2.535162925720215,126.1133041381836,2.281749963760376,0.0,0.0,0.0,0.0,0.0,0.07244806082635809,0.926067962783873,0.0014839763897688998,0.0,0.0,0.0,0.002581118484676693,0.2576716577183446,0.7353553206389435,0.004391903158035148,0.0,0.0,0.0,0.0,0.00038016473805315635,0.060702971287557944,0.7802481075132558,0.15864541301230534,2.334344882782539e-05,0.0003701604028412312,0.0,0.0,0.0,0.0,0.0,0.00626604862106913,0.9933637909760896,0.02012538766798946,0.9317370860706307,0.04806749591489645,7.003034648347618e-05,0.0,0.0,0.0,0.0,0.0,0.0,0.0,0.0,0.0,0.07244806082635809,0.926067962783873,0.0014839763897688998,0.0,0.0,0.0,0.0,0.015590089038583386,0.8002934604995499,0.1841164504618668,0.0,0.0,0.0,0.0,0.0,1.0,0.0,0.0,0.0,0.0,0.0,0.0,0.7232934271517658,0.27670657284823424,0.0,0.0,0.0
tip_middle_root_1_2_2,46,舌左邊,46307,198.21456909179688,10.70328426361084,157.44129943847656,17.629850387573242,167.75582885742188,18.36468505859375,171.3854522705078,10.120101928710938,53.000064849853516,13.021469116210938,198.21856689453125,10.71711540222168,175.6433868408203,14.788662910461426,144.8139190673828,3.4255216121673584,128.62022399902344,2.321500778198242,0.0,0.0,0.0,0.0,0.0001727600578746194,0.25590083572677996,0.7245556827261537,0.019370721489191698,0.0,0.0,0.0004319001446865485,0.023193037769667652,0.5468503681948733,0.3935042218239143,0.03429287148811195,0.001727600578746194,0.0,0.0,0.00015116505064029196,0.008702787915433951,0.32535037899237695,0.5694387457619798,0.09022394022501998,0.006132982054548988,0.003066491027274494,0.0,0.0,0.0,0.0,0.0,0.0051180167145355995,0.9918154922581899,0.05644934891053188,0.7312501349687952,0.20973071025978793,0.0025698058608849632,0.0,0.0,0.0,0.0,0.0,0.0,0.0,0.0,0.0001727600578746194,0.25590083572677996,0.7245340877189194,0.019392316496426025,0.0,0.0,0.0,0.0007342302459671324,0.13129764398471072,0.737037596907595,0.12609324724123783,0.004837281620489343,0.0,0.0,0.0,0.0,1.0,0.0,0.0,0.0,0.0,0.0,0.0,0.2845790053339668,0.7154209946660333,0.0,0.0,0.0
tip_middle_root_1_2_2,46,舌右邊,75814,184.90829467773438,13.35639762878418,146.35824584960938,18.570926666259766,156.8458709716797,19.96979331970215,166.925048828125,26.018146514892578,53.953609466552734,14.360147476196289,184.91055297851562,13.361224174499512,164.510498046875,16.309240341186523,144.259765625,3.432164192199707,128.21775817871094,2.941565752029419,0.0,0.0,0.0,0.00043527580657925976,0.044688316142137335,0.6416229192497428,0.30944152794998286,0.0038119608515577597,0.0,0.0007254596776320997,0.006753370089957,0.12252354446408315,0.651304508402142,0.20761336956234996,0.010644471997256443,0.00043527580657925976,0.0,0.0007518400295459942,0.004313187537921756,0.060912232569182476,0.49641227213971034,0.4033028200596196,0.03276439707705701,0.00154325058696283,0.023755506898462026,0.0,0.0,0.0,0.0,0.0,0.0053420212625636425,0.9709024718389744,0.05446223652623526,0.7119793178040995,0.22636979977312896,0.006252143403593004,0.000844171261244625,9.233123169863086e-05,0.0,0.0,0.0,0.0,0.0,0.00043527580657925976,0.044688316142137335,0.6416097290737859,0.3094283377740259,0.0038383412034716543,0.0,0.0,0.000844171261244625,0.02527237713351096,0.31259398000369326,0.6211649563405176,0.039056111008520855,0.0010684042525127286,0.0,0.0,0.0,0.0,0.9994460126098083,0.0005539873901917852,0.0,0.0,0.0,0.0,0.0,0.43138470467196033,0.5686152953280397,0.0,0.0,0.0
tip_middle_root_1_2_2,46,舌根,491449,176.3997344970703,25.805530548095703,138.88661193847656,27.466901779174805,150.2617645263672,29.86532974243164,167.48085021972656,21.653614044189453,55.924530029296875,15.518402099609375,176.39981079101562,25.805469512939453,156.81468200683594,26.477609634399414,144.1696014404297,3.0016987323760986,127.59359741210938,3.0859827995300293,0.0,8.546156366174314e-05,0.0014386029883060093,0.06352235939029278,0.16999932851628552,0.4192133873504677,0.3435269987323201,0.002213861458666108,0.00038254223734304066,0.003959719116327432,0.0832293890108638,0.2078445576244941,0.45364829310874577,0.24768185508567522,0.0032312610260678116,2.2382790482837485e-05,0.0004415514122523395,0.002523150927156226,0.05392421187142511,0.1697470134235699,0.32466237595355774,0.4086588842382424,0.03959108676586991,0.00045172540792635653,0.016504255782390443,0.0,0.0,0.0,0.0,1.6278393078427262e-05,0.004952701094111495,0.9785267647304197,0.02397807300452336,0.7057517667143488,0.25509666313289886,0.013012540467067794,0.0018150408282446397,0.00034591585291657935,0.0,0.0,0.0,8.546156366174314e-05,0.0014386029883060093,0.06352235939029278,0.16999932851628552,0.4192133873504677,0.3435269987323201,0.002213861458666108,6.104397404410224e-06,0.0006857273084287485,0.025097212528665234,0.13174306998284666,0.2903760105321203,0.5125150320786084,0.039208544528526866,0.00036829864339941684,0.0,0.0,0.0,6.104397404410224e-06,0.9999125036372034,8.139196539213632e-05,0.0,0.0,0.0,0.0,0.0,0.5166843355058205,0.48331566449417945,0.0,0.0,0.0
tip_middle_root_1_2_2,47,舌尖,152418,205.0290985107422,15.398640632629395,133.95094299316406,21.370086669921875,147.9058074951172,20.508495330810547,171.12326049804688,21.682876586914062,89.39949035644531,16.980836868286133,205.0290985107422,15.398640632629395,162.0052490234375,17.919811248779297,157.1737823486328,4.96855354309082,132.06915283203125,2.5680761337280273,0.0,0.0,0.0,0.0,0.001049744780800168,0.2075542258788332,0.712704536209634,0.07869149313073259,0.0,6.5609048800010495e-06,0.018475508142082955,0.37521158918238,0.48964033119447836,0.11110236323793778,0.005432429240640869,0.000131218097600021,0.0,0.0,0.0038840556889606216,0.16807726121586689,0.5421800574735267,0.26832788778228295,0.016736868348882678,0.000793869490480127,0.01637601858048262,0.0,0.0,0.0,0.0,0.0,0.0,0.9836239814195173,0.00013777900248002206,0.07809445078665249,0.5402577123436865,0.3780196564710205,0.0034904013961605585,0.0,0.0,0.0,0.0,0.0,0.0,0.0,0.001049744780800168,0.2075542258788332,0.712704536209634,0.07869149313073259,0.0,0.0,0.0,0.014545526118962327,0.4141833641695863,0.5267094437664843,0.04381372278864701,0.0007479431563201197,0.0,0.0,0.0,0.0,0.6484929601490638,0.35150703985093623,0.0,0.0,0.0,0.0,0.0,0.02726712068128436,0.9727328793187157,0.0,0.0,0.0
tip_middle_root_1_2_2,47,舌中,424130,211.6649169921875,10.137505531311035,165.76089477539062,18.343399047851562,175.4415740966797,16.4669246673584,173.27017211914062,9.054408073425293,55.81884002685547,14.768821716308594,211.6649169921875,10.137505531311035,184.7569122314453,14.702751159667969,146.41419982910156,4.562828063964844,129.6697998046875,1.457694172859192,0.0,0.0,0.0,0.0,0.00012260391860986018,0.03478178860255111,0.8707188833612336,0.09437672411760545,0.0,0.0,0.002225732676302077,0.03115318416523236,0.2913328460613491,0.6305613844811733,0.044415627284087426,0.0003112253318557989,0.0,0.0,6.837526230165279e-05,0.011887864569825289,0.14430952773913658,0.694966166033999,0.14755617381463232,0.0012118925801051564,0.0026524886237710137,0.0,0.0,0.0,0.0,0.0,0.0,0.997347511376229,0.006625327140263599,0.7456628863791762,0.2270766038714545,0.020165986843656426,0.00046919576544927265,0.0,0.0,0.0,0.0,0.0,0.0,0.0,0.00012260391860986018,0.03478178860255111,0.8707188833612336,0.09437672411760545,0.0,0.0,0.0,0.0017588946785183788,0.051375757432862566,0.5928253129936576,0.35245325725603,0.0015867776389314598,0.0,0.0,0.0,0.0,0.9862141324593875,0.013785867540612548,0.0,0.0,0.0,0.0,0.0,0.041713625539339355,0.9582863744606607,0.0,0.0,0.0
tip_middle_root_1_2_2,47,舌左邊,107747,196.79568481445312,12.219622611999512,138.94338989257812,21.889070510864258,150.99365234375,19.523059844970703,172.95828247070312,12.063922882080078,75.91626739501953,18.095355987548828,196.79568481445312,12.219622611999512,162.77685546875,17.752567291259766,151.85707092285156,5.196972370147705,130.66392517089844,1.6095861196517944,0.0,0.0,0.0,0.0,0.00012993401208386313,0.3637688288305011,0.6200172626616054,0.016083974495809627,0.0,0.0,0.0010116290940815058,0.33786555542149665,0.4671313354432142,0.18840431752160153,0.005568600517879848,1.856200172626616e-05,0.0,0.0,2.784300258939924e-05,0.11077802630235645,0.5773153776903301,0.29146983210669436,0.020232581881630116,0.00017633901639952854,0.004863244452281734,0.0,0.0,0.0,0.0,0.0,0.0,0.9951367555477183,0.00029699202762025856,0.26682877481507605,0.5789673958439678,0.1538882753116096,1.856200172626616e-05,0.0,0.0,0.0,0.0,0.0,0.0,0.0,0.00012993401208386313,0.3637688288305011,0.6200172626616054,0.016083974495809627,0.0,0.0,0.0,0.0016798611562270876,0.4745932601371732,0.44458778434666396,0.07892563134008372,0.00021346301985206086,0.0,0.0,0.0,0.0,0.956834064985568,0.04316593501443196,0.0,0.0,0.0,0.0,0.0,0.013476013253269232,0.9865239867467308,0.0,0.0,0.0
tip_middle_root_1_2_2,47,舌右邊,80897,192.05752563476562,16.161020278930664,130.0963897705078,22.995784759521484,143.00674438476562,22.03253936767578,171.6975555419922,18.3700008392334,83.54206085205078,17.1397647857666,192.05752563476562,16.161020278930664,155.49432373046875,19.757186889648438,153.78341674804688,4.346105575561523,131.02838134765625,1.960362434387207,0.0,0.0,0.0,0.0,0.02171897598180402,0.4471982891825408,0.507163430040669,0.023919304794986218,0.0,0.0,0.05809856978627143,0.4216101956809276,0.41070744279763155,0.10344017701521688,0.006131253322125666,1.2361397826866262e-05,0.0,0.0,0.0027071461240837113,0.23857497805851885,0.5424428594385453,0.1964226114689049,0.01958045415775616,0.0002719507521910578,0.011520822774639356,0.0,0.0,0.0,0.0,0.0,0.0,0.9884791772253606,0.0003213963434985228,0.1279775517015464,0.6249428285350508,0.24518832589589232,0.0015698975240120152,0.0,0.0,0.0,0.0,0.0,0.0,0.0,0.02171897598180402,0.4471982891825408,0.507163430040669,0.023919304794986218,0.0,0.0,0.0,0.08293261802044576,0.5120338207844543,0.35940764181613655,0.04526743884198425,0.0003584805369791216,0.0,0.0,0.0,0.0,0.9303435232456087,0.06965647675439139,0.0,0.0,0.0,0.0,0.0,0.018047640827224744,0.9819523591727752,0.0,0.0,0.0
tip_middle_root_1_2_2,47,舌根,668016,201.4554443359375,17.64103126525879,154.48056030273438,25.574174880981445,160.01719665527344,24.523908615112305,149.3859100341797,61.54105758666992,61.85694885253906,18.202831268310547,201.4554443359375,17.640819549560547,174.052734375,21.850669860839844,146.46290588378906,5.528428077697754,132.1113739013672,2.9034018516540527,0.00023652128092740293,0.00027244856410624897,0.00017813944576177817,0.0010119518095374961,0.017001089794256425,0.23174744317501378,0.6848877871188714,0.06466461881152548,0.0004685516514574501,0.00029041220569567196,0.011853009508754281,0.14476449665876268,0.3839788268544466,0.4122670714473905,0.044461509903954394,0.0019161217695384542,0.00038621829417259467,0.0002065818782783646,0.006980371727623291,0.09696324638930805,0.3541277454432229,0.4579111877559819,0.08327644846830017,0.0001482000431127398,0.15189456539963114,0.00034130919019903716,0.0,0.0,0.0,0.0,0.00015568489377499941,0.8476084405163948,0.00895487533232737,0.5678935833872243,0.3823561112308687,0.03920564776891571,0.0012529640008622548,0.0001032909391391823,7.933941701995162e-05,0.00015418792364254748,0.00023652128092740293,0.00027244856410624897,0.00017813944576177817,0.0010119518095374961,0.017001089794256425,0.23174744317501378,0.6848877871188714,0.06466461881152548,0.00042513951761634453,0.00015119398337764365,0.0005928001724509592,0.020369272592273238,0.23361266796004887,0.5057693228904697,0.23599135350051495,0.0030882493832483054,0.0,0.0,0.0,0.0013817034322531198,0.9910361428468779,0.007582153720868961,0.0,0.0,0.0,0.0,0.0,0.008935414720605495,0.9908101003568777,0.0002544849225168259,0.0,0.0
tip_middle_root_1_2_2,48,舌尖,118348,188.8090057373047,13.045138359069824,125.2502212524414,18.187490463256836,138.9148406982422,17.80937385559082,173.06045532226562,8.010826110839844,86.45132446289062,16.36870002746582,188.8090057373047,13.045138359069824,151.4554901123047,15.43890380859375,154.60797119140625,4.5216827392578125,130.9759063720703,2.0647990703582764,0.0,0.0,0.0,0.0,0.016797918004529015,0.43254638861662215,0.5506472437219049,8.449656943928076e-06,0.0,0.0,0.03935005238787305,0.4973890560043262,0.44587994727414065,0.017380944333660053,0.0,0.0,0.0,0.0,0.0,0.3020921350593166,0.5577027072700849,0.14020515767059857,0.0,0.0,0.0021208638929259473,0.0,0.0,0.0,0.0,0.0,0.0,0.997879136107074,0.0,0.10642342920877412,0.5776945955994187,0.3158819751918072,0.0,0.0,0.0,0.0,0.0,0.0,0.0,0.0,0.016797918004529015,0.43254638861662215,0.5506472437219049,8.449656943928076e-06,0.0,0.0,0.0,0.0736725588941089,0.568847804779126,0.3574458376989894,3.3798627775712305e-05,0.0,0.0,0.0,0.0,0.0,0.8516324737215669,0.1483675262784331,0.0,0.0,0.0,0.0,0.0,0.022822523405549733,0.9771774765944503,0.0,0.0,0.0
tip_middle_root_1_2_2,48,舌中,328655,193.4604949951172,8.3563871383667,151.25856018066406,15.756539344787598,162.57791137695312,15.140843391418457,171.74530029296875,2.0759127140045166,56.09212112426758,14.55606746673584,193.4604949951172,8.3563871383667,170.2659454345703,12.88283634185791,145.62632751464844,3.8869705200195312,128.36465454101562,1.6405621767044067,0.0,0.0,0.0,0.0,0.0016674019868859443,0.27136054525262054,0.7269720527604935,0.0,0.0,0.0,0.0067426328520789275,0.08369566871034975,0.6065448570689629,0.3030168413686084,0.0,0.0,0.0,0.0,3.651245226757542e-05,0.052313215986368684,0.22509622552524683,0.7207071244922487,0.0018469215438681901,0.0,0.0,0.0,0.0,0.0,0.0,0.0,0.0,1.0,0.008796458292130046,0.7894631148164488,0.17328505575755732,0.028452328429508147,3.042704355631285e-06,0.0,0.0,0.0,0.0,0.0,0.0,0.0,0.0016674019868859443,0.27136054525262054,0.7269720527604935,0.0,0.0,0.0,0.0,0.014921422160015822,0.11847073679085972,0.8628105460132967,0.0037972950358278437,0.0,0.0,0.0,0.0,0.0,0.9967625625656084,0.0032374374343916872,0.0,0.0,0.0,0.0,0.0,0.28139234151313686,0.7186076584868631,0.0,0.0,0.0
tip_middle_root_1_2_2,48,舌左邊,105796,182.7886505126953,8.483551979064941,133.69058227539062,17.22874641418457,146.2534637451172,17.001632690429688,172.06866455078125,2.444878101348877,69.11258697509766,16.727489471435547,182.7886505126953,8.483551979064941,155.34698486328125,13.97101879119873,148.8373260498047,4.30462121963501,128.95553588867188,2.0329642295837402,0.0,0.0,0.0,0.0,0.00022685167681197777,0.8105221369427956,0.18925101138039246,0.0,0.0,0.0,0.004300729706227078,0.347215395667133,0.5748326968883511,0.07365117773828878,0.0,0.0,0.0,0.0,3.7808612801996296e-05,0.1602707096676623,0.6085201708949298,0.23099171991379636,0.0001795909108094824,0.0,6.616507240349352e-05,0.0,0.0,0.0,0.0,0.0,0.0,0.9999338349275965,0.002334681840523271,0.3837857763998639,0.540738780294151,0.07313130931226133,9.452153200499074e-06,0.0,0.0,0.0,0.0,0.0,0.0,0.0,0.00022685167681197777,0.8105221369427956,0.18925101138039246,0.0,0.0,0.0,0.0,0.015652765700026466,0.5846534840636697,0.39935347272108584,0.00034027751521796665,0.0,0.0,0.0,0.0,0.0,0.9967106506862263,0.0032893493137736776,0.0,0.0,0.0,0.0,0.0,0.21017807856629742,0.7898219214337026,0.0,0.0,0.0
tip_middle_root_1_2_2,48,舌右邊,30579,176.96353149414062,6.13652229309082,115.96794891357422,11.135547637939453,125.23660278320312,11.690878868103027,173.22813415527344,19.11798095703125,88.12374877929688,12.196457862854004,176.96353149414062,6.13652229309082,141.4199676513672,8.963072776794434,153.28866577148438,3.374995470046997,132.91229248046875,1.946291208267212,0.0,0.0,0.0,0.0,0.008044736583930148,0.9864285947872723,0.005526668628797541,0.0,0.0,0.0,0.019228882566467185,0.836096667647732,0.14464174760456522,3.270218123548841e-05,0.0,0.0,0.0,0.0,0.005297753360149122,0.6385100886229111,0.3487033585140129,0.007488799502926845,0.0,0.0,0.012001700513424245,0.0,0.0,0.0,0.0,0.0,0.0,0.9879982994865758,0.0,0.0338467575787305,0.6823964158409366,0.28186010006867457,0.0018967265116583275,0.0,0.0,0.0,0.0,0.0,0.0,0.0,0.008044736583930148,0.9864285947872723,0.005526668628797541,0.0,0.0,0.0,0.0,0.035776186271624315,0.9275973707446287,0.036626442983747017,0.0,0.0,0.0,0.0,0.0,0.0,0.9735439353804899,0.02645606461951012,0.0,0.0,0.0,0.0,0.0,0.0025834723176035843,0.9974165276823964,0.0,0.0,0.0
tip_middle_root_1_2_2,48,舌根,630457,159.72999572753906,32.58401870727539,123.61460876464844,36.09503936767578,131.7130584716797,37.018348693847656,171.73770141601562,13.980452537536621,61.84675598144531,26.107330322265625,159.72999572753906,32.58401870727539,140.9983673095703,35.17820739746094,143.50086975097656,4.4718499183654785,129.23532104492188,2.4145405292510986,0.0027424550762383476,0.005565803853395236,0.034823945169932286,0.13432795575273174,0.22884510759655297,0.45243688308639607,0.14125784946475334,0.0,0.009550215161382934,0.0630225376195363,0.15888950396299828,0.24669247863058066,0.346321795142254,0.17552188333224947,1.586150998402746e-06,0.0,0.007588146376358736,0.04255484513614727,0.13555405047449706,0.21882539173964283,0.31286669828394326,0.2801586785458802,0.0024521894435306454,0.0,0.006325570181630151,0.0,0.0,0.0,0.0,0.0,0.0001824073648163158,0.9934920224535535,0.04984003667181108,0.5546976241044195,0.2838099981442033,0.08857384405280613,0.019525518790337804,0.0025806676744012675,0.0009167952770767872,5.551528494409611e-05,0.0027424550762383476,0.005565803853395236,0.034823945169932286,0.13432795575273174,0.22884510759655297,0.45243688308639607,0.14125784946475334,0.0,0.006298605614657304,0.019409729767454403,0.09858880145672108,0.18827453735940755,0.30923599864859935,0.3728723767045175,0.00531995044864281,0.0,0.0,0.0,0.0,0.0,0.9988992112071085,0.0011007887928915056,0.0,0.0,0.0,0.0,0.0,0.2274699146809378,0.7725300853190622,0.0,0.0,0.0
tip_middle_root_1_2_2,49,舌尖,195532,183.52645874023438,12.690400123596191,155.1959686279297,14.797938346862793,171.87400817871094,14.105278015136719,157.62786865234375,22.391939163208008,40.7231559753418,12.50428295135498,183.98233032226562,11.987438201904297,170.92991638183594,13.010968208312988,141.38580322265625,3.751951217651367,123.29647064208984,3.7491276264190674,0.0,0.0,0.0,7.671378597876563e-05,0.046974408280997484,0.6714604259149397,0.281488452018084,0.0,0.0,0.0,0.0,0.01794591166663257,0.6029959290550907,0.3725477159748788,0.0065104433033979095,0.0,0.0,2.5571261992921874e-05,0.0026184972280752,0.005917190025162122,0.1374046191927664,0.7963351267311745,0.05769899556082892,0.0,0.020707607961868133,3.068551439150625e-05,0.0,0.0,0.0,0.008653315058404762,0.21170959229179878,0.7588987991735369,0.2377206799909989,0.7364472311437514,0.022226540924247692,0.003523719902624634,7.671378597876563e-05,5.114252398584375e-06,0.0,0.0,0.0,0.0,0.0,5.6256776384428127e-05,0.02946832232064317,0.6884346296258413,0.2820407912771311,0.0,0.0,0.0,0.0,0.0004858539778655156,0.19662766196837347,0.7401294928707322,0.06275699118302887,0.0,0.0,0.0,0.0,3.068551439150625e-05,0.9999693144856084,0.0,0.0,0.0,0.0,0.0,0.0,0.9605230857353272,0.03946668575987562,1.022850479716875e-05,0.0,0.0
tip_middle_root_1_2_2,49,舌中,350720,198.22303771972656,10.697037696838379,183.77301025390625,16.017744064331055,191.35890197753906,12.682632446289062,139.49435424804688,55.040531158447266,19.464187622070312,10.308867454528809,198.41482543945312,10.659302711486816,194.0968475341797,13.325434684753418,134.50640869140625,3.7794291973114014,126.03154754638672,2.790487051010132,0.0,0.0,0.0,0.0,5.987682481751825e-05,0.27815921532846716,0.7204835766423358,0.001297331204379562,0.0,0.0,0.0,0.0001739279197080292,0.06505474452554745,0.5905366104014599,0.34422901459854016,5.702554744525547e-06,0.0,0.0,0.0,0.0,0.007065465328467154,0.48598882299270074,0.5067774863138687,0.00016822536496350366,0.14018305200729927,0.0011519160583941606,2.281021897810219e-05,2.8512773722627736e-05,7.983576642335766e-05,0.006449589416058394,0.27276744981751827,0.5793168339416058,0.8676094890510949,0.13194571167883212,0.0004447992700729927,0.0,0.0,0.0,0.0,0.0,0.0,0.0,0.0,0.0,5.132299270072993e-05,0.27160127737226275,0.726995894160584,0.0013515054744525547,0.0,0.0,0.0,0.0,0.0032675638686131387,0.4343293795620438,0.5608690693430657,0.0015339872262773722,0.0,0.0,0.0,0.0002509124087591241,0.9997490875912409,0.0,0.0,0.0,0.0,0.0,0.0,0.6790659215328467,0.32093407846715327,0.0,0.0,0.0
tip_middle_root_1_2_2,49,舌左邊,168433,201.39620971679688,10.471691131591797,177.80905151367188,12.63432502746582,190.63885498046875,12.349276542663574,157.48565673828125,29.70472526550293,30.0772705078125,8.620476722717285,201.42169189453125,10.473531723022461,190.91087341308594,10.987983703613281,138.68228149414062,3.119706630706787,124.61737060546875,2.151413917541504,0.0,0.0,0.0,3.5622473030819374e-05,0.0014130247635558352,0.16505672878830158,0.8243812079580605,0.00911341601705129,0.0,0.0,0.0,0.0008668135104166048,0.07349509894141884,0.7855408381967904,0.14005568979950483,4.1559551869289274e-05,0.0,0.0,0.0,0.0005046517012699412,0.010164278971460461,0.5015228607220675,0.48605677034785344,0.0017514382573486193,0.03485658986065676,0.0,0.0,0.0,0.0,0.0,0.14710300238076862,0.8180404077585747,0.5913449264692786,0.4086550735307214,0.0,0.0,0.0,0.0,0.0,0.0,0.0,0.0,0.0,3.5622473030819374e-05,0.0014070876847173653,0.1647361265310242,0.8246839989788224,0.00913716433240517,0.0,0.0,0.0,0.0001484269709617474,0.004725914755422037,0.5044676518259485,0.49007617272149756,0.0005818337261700498,0.0,0.0,0.0,0.0,1.0,0.0,0.0,0.0,0.0,0.0,0.0,0.8977694394803869,0.10223056051961314,0.0,0.0,0.0
tip_middle_root_1_2_2,49,舌右邊,95030,195.94540405273438,12.920612335205078,161.5384521484375,17.055700302124023,173.503173828125,17.69211196899414,169.02740478515625,4.764639854431152,45.21399688720703,10.738110542297363,195.94540405273438,12.920612335205078,178.03013610839844,14.975359916687012,142.6806640625,2.8317248821258545,126.73921966552734,2.2082455158233643,0.0,0.0,0.0,0.0,0.004956329580132589,0.3180574555403557,0.6741555298326845,0.0028306850468273175,0.0,0.0,0.0,0.0108807744922656,0.45865516152793856,0.4921603704093444,0.038303693570451436,0.0,0.0,0.0,0.0,0.0024413343154793222,0.23546248553088497,0.5850889192886457,0.17683889298116384,0.00016836788382616015,0.00026307481847837527,0.0,0.0,0.0,0.0,0.0,0.004061875197306114,0.9956750499842155,0.11248026938861412,0.8501315374092392,0.03738819320214669,0.0,0.0,0.0,0.0,0.0,0.0,0.0,0.0,0.0,0.004956329580132589,0.3180574555403557,0.6741555298326845,0.0028306850468273175,0.0,0.0,0.0,8.418394191308007e-05,0.1233505208881406,0.6703462064611175,0.20611385878143745,0.0001052299273913501,0.0,0.0,0.0,0.0,1.0,0.0,0.0,0.0,0.0,0.0,0.0,0.6528885615068926,0.34711143849310744,0.0,0.0,0.0
tip_middle_root_1_2_2,49,舌根,523480,182.0802459716797,23.319522857666016,158.46780395507812,28.63089942932129,166.47955322265625,27.837038040161133,157.43373107910156,39.80732727050781,34.33850860595703,19.055265426635742,182.10304260253906,23.334749221801758,172.08750915527344,25.81402015686035,138.18392944335938,5.222140789031982,127.16190338134766,2.4466941356658936,0.0,0.0,0.0002044013142813479,0.024572094444868953,0.15389508672728663,0.4014671047604493,0.4196015129517842,0.0002597998013295637,0.0,0.0002674409719569038,0.018852678230304884,0.12687781768166884,0.3418812562084511,0.3810269733323145,0.1310919232826469,1.9102926568350273e-06,0.0,4.2026438450370595e-05,0.008810269733323144,0.08535378620004584,0.2936520975013372,0.39768472529991594,0.21444563307098646,1.1461755941010163e-05,0.06105677389776114,0.00010697638878276152,0.0,1.1461755941010163e-05,0.0,0.00043172614044471614,0.07944907159776878,0.8589439902193016,0.49766180178803393,0.42726560709100636,0.07483571483151219,0.00023687628944754337,0.0,0.0,0.0,0.0,0.0,0.0,0.0002044013142813479,0.024572094444868953,0.1538607014594636,0.4008959272560556,0.42020516543134406,0.0002617100939863987,0.0,0.0,0.003323909222892947,0.05686941239397876,0.24459578207381372,0.4386413998624589,0.2564949950332391,7.450141361656606e-05,0.0,0.0,0.0,3.629556047986551e-05,0.9999637044395201,0.0,0.0,0.0,0.0,0.0,0.0,0.5885668984488424,0.41143310155115764,0.0,0.0,0.0
tip_middle_root_1_2_2,5,舌尖,70292,140.48150634765625,12.66367244720459,110.69625091552734,14.687655448913574,121.2229995727539,16.650524139404297,160.87937927246094,33.511993408203125,55.58089065551758,14.322336196899414,140.48202514648438,12.662566184997559,127.15980529785156,14.199118614196777,141.62635803222656,2.3133280277252197,126.76654815673828,3.3447277545928955,0.0,0.0,0.00019916917999203323,0.1681130142832755,0.7948130654982075,0.03687475103852501,0.0,0.0,0.0,0.00024184828999032607,0.17081602458316736,0.7020002276219199,0.12694189950492232,0.0,0.0,0.0,0.0,0.002546520229898139,0.07854378876685825,0.5230609457690776,0.39570648153417176,0.00014226369999430945,0.0,0.0,0.04444317987822227,0.0,0.0,0.0,0.0,0.0,0.008094804529676208,0.9474620155921015,0.004082968189836681,0.794400500768224,0.1779149832128834,0.022847550219086098,0.0007539976099698401,0.0,0.0,0.0,0.0,0.0,0.00019916917999203323,0.1681130142832755,0.7948130654982075,0.03687475103852501,0.0,0.0,0.0,0.0,0.014439765549422409,0.4496955556820122,0.5348403801286064,0.0010242986399590281,0.0,0.0,0.0,0.0,0.0,0.0,1.0,0.0,0.0,0.0,0.0,0.0,0.0,0.7621066408695157,0.23789335913048426,0.0,0.0,0.0
tip_middle_root_1_2_2,5,舌中,167400,153.7872314453125,10.756964683532715,128.96954345703125,12.954667091369629,140.1956329345703,12.500797271728516,165.42201232910156,13.779914855957031,41.56703567504883,9.383004188537598,153.7872314453125,10.756964683532715,144.17161560058594,12.193699836730957,139.4592742919922,2.3436872959136963,125.54972839355469,1.5440950393676758,0.0,0.0,0.00043010752688172043,0.023649940262843488,0.6609796893667862,0.31494026284348864,0.0,0.0,0.0,0.0008363201911589009,0.01747311827956989,0.3836140979689367,0.5973118279569892,0.0007646356033452808,0.0,0.0,0.0,0.00010752688172043011,0.008691756272401433,0.12193548387096774,0.8463918757467145,0.022873357228195938,0.0,0.0,0.006726403823178017,0.0,0.0,0.0,0.0,0.0,0.0011887694145758662,0.9920848267622461,0.10805256869772999,0.8735065710872163,0.017765830346475508,0.0006750298685782557,0.0,0.0,0.0,0.0,0.0,0.0,0.00043010752688172043,0.023649940262843488,0.6609796893667862,0.31494026284348864,0.0,0.0,0.0,0.0,0.004898446833930705,0.07912186379928315,0.8506093189964158,0.06537037037037037,0.0,0.0,0.0,0.0,0.0,0.0,1.0,0.0,0.0,0.0,0.0,0.0,0.0,0.9057168458781362,0.0942831541218638,0.0,0.0,0.0
tip_middle_root_1_2_2,5,舌左邊,47483,141.11656188964844,13.044317245483398,109.15308380126953,18.3718204498291,124.5920639038086,18.623355865478516,164.8953094482422,3.6978373527526855,59.03641128540039,16.745866775512695,141.11656188964844,13.044317245483398,126.5140380859375,16.92765235900879,143.4059295654297,3.0785975456237793,124.50281524658203,1.6487354040145874,0.0,0.0,0.0,0.16218436071857295,0.7571973127224481,0.080618326558979,0.0,0.0,0.0,0.0001684813512204368,0.2679695891161047,0.5399616704925974,0.19190025904007751,0.0,0.0,0.0,0.0,0.0,0.06429669565949919,0.47362213844955037,0.4514879009329655,0.010593264957984964,0.0,0.0,0.0,0.0,0.0,0.0,0.0,0.0,0.025230082345260408,0.9747699176547396,0.010319482762251753,0.5889055030221343,0.3915927805741002,0.009182233641513805,0.0,0.0,0.0,0.0,0.0,0.0,0.0,0.16218436071857295,0.7571973127224481,0.080618326558979,0.0,0.0,0.0,0.0,0.021776214645241456,0.4924288692795316,0.47486468841480106,0.010930227660425836,0.0,0.0,0.0,0.0,0.0,0.0,1.0,0.0,0.0,0.0,0.0,0.0,0.0,0.9581955647284291,0.04180443527157088,0.0,0.0,0.0
tip_middle_root_1_2_2,5,舌右邊,68520,148.38455200195312,13.315876007080078,118.17304229736328,18.25473976135254,130.0741729736328,19.153823852539062,166.9597625732422,10.888460159301758,53.05659484863281,15.616623878479004,148.38455200195312,13.315876007080078,134.83578491210938,16.903196334838867,141.87803649902344,2.9048585891723633,126.10912322998047,2.002964496612549,0.0,0.0,0.0,0.07460595446584939,0.7095300642148278,0.21500291885580852,0.0008610624635143024,0.0,0.0,0.0007443082311733801,0.12656158785755983,0.5167396380618797,0.35437828371278457,0.0015761821366024518,0.0,0.0,0.0,2.918855808523059e-05,0.061018680677174544,0.3336252189141856,0.5839608873321658,0.021263864565090485,0.00010215995329830707,0.0,0.003867483946293053,0.0,0.0,0.0,0.0,0.0,0.00026269702276707533,0.9958698190309399,0.028385872737886748,0.7350992410974898,0.22675131348511385,0.009763572679509632,0.0,0.0,0.0,0.0,0.0,0.0,0.0,0.07460595446584939,0.7095300642148278,0.21500291885580852,0.0008610624635143024,0.0,0.0,0.0,0.014068884997081144,0.30226211325160535,0.6429655575014595,0.04061587857559837,8.756567425569177e-05,0.0,0.0,0.0,0.0,0.0,1.0,0.0,0.0,0.0,0.0,0.0,0.0,0.7842235843549329,0.21577641564506714,0.0,0.0,0.0
tip_middle_root_1_2_2,5,舌根,320670,129.4278106689453,23.858800888061523,107.23778533935547,25.640962600708008,116.0234603881836,26.19890022277832,163.36497497558594,26.410280227661133,45.89493942260742,21.52797508239746,129.42843627929688,23.856321334838867,121.19625854492188,25.964704513549805,138.4454345703125,4.167925834655762,126.50987243652344,1.9875797033309937,0.0025509090342096235,0.01087722580846353,0.09098450120061122,0.2691396139333271,0.5930676396295257,0.033252253095082174,0.00012785729878067795,0.0,0.007440671094895063,0.055069074126048584,0.2328624442573362,0.45779149904886646,0.2465868338166963,0.0002494776561574204,0.0,0.0,0.0056662612654754104,0.0356191723578757,0.17526740886269374,0.3743536969470172,0.40704774378644715,0.0020457167804908472,0.0,0.0,0.02520036174260143,0.0,0.0,0.0,0.0,7.796176754919388e-05,0.010683880624941529,0.9640377958649079,0.3066454610658933,0.4861415162004553,0.18169769545015124,0.02400598746374778,0.0014875105248386192,2.1829294913774286e-05,0.0,0.0,0.0025509090342096235,0.01087722580846353,0.09098450120061122,0.2691396139333271,0.5930676396295257,0.033252253095082174,0.00012785729878067795,0.0,0.005550877849502604,0.026285589546886208,0.12707144416378208,0.3585960644899741,0.47222066298687126,0.010275360962983753,0.0,0.0,0.0,0.0,0.0,0.0,1.0,0.0,0.0,0.0,0.0,0.0,0.0,0.7373156204197462,0.26268437958025387,0.0,0.0,0.0
tip_middle_root_1_2_2,50,舌尖,134641,197.88768005371094,7.112804889678955,147.55531311035156,11.479742050170898,167.79953002929688,12.68488597869873,167.4425506591797,3.535001516342163,64.96707916259766,11.395675659179688,197.88768005371094,7.112804889678955,169.5177764892578,9.275619506835938,150.11044311523438,3.099679946899414,124.91220092773438,2.6112067699432373,0.0,0.0,0.0,0.0,0.0,0.15137291018337654,0.8486270898166235,0.0,0.0,0.0,0.0,0.032389836676792357,0.8257143069347376,0.14188100207217713,1.4854316292956826e-05,0.0,0.0,0.0,0.0,0.00020053326995491714,0.26872200889773545,0.7040426021791282,0.027034855653181422,0.0,0.0,0.0,0.0,0.0,0.0,0.0,0.004285470250518044,0.9957145297494819,0.0002970863258591365,0.46084773583083904,0.5388403235270088,1.4854316292956826e-05,0.0,0.0,0.0,0.0,0.0,0.0,0.0,0.0,0.0,0.15137291018337654,0.8486270898166235,0.0,0.0,0.0,0.0,0.0,0.12557096278251054,0.8597009826130227,0.014728054604466693,0.0,0.0,0.0,0.0,0.0,1.0,0.0,0.0,0.0,0.0,0.0,0.0,0.7769921494938392,0.22300785050616082,0.0,0.0,0.0
tip_middle_root_1_2_2,50,舌中,309666,198.96615600585938,6.621578693389893,165.46363830566406,10.100783348083496,187.44070434570312,8.82936954498291,159.7290802001953,4.0877790451049805,43.083980560302734,8.469351768493652,198.9960174560547,6.632226943969727,182.29713439941406,8.278271675109863,144.00770568847656,2.637120485305786,121.45054626464844,1.6662611961364746,0.0,0.0,0.0,0.0,0.0,0.15661712942331416,0.8433828705766858,0.0,0.0,0.0,0.0,0.0,0.31188764669030505,0.6880187040230442,9.364928665077858e-05,0.0,0.0,0.0,0.0,0.0,3.2292857465785714e-05,0.6462704978912764,0.3536972092512578,0.0,0.0,0.0,0.0,0.0,0.0,0.0,0.262195397621954,0.737804602378046,0.11095502896669315,0.8864227910070851,0.0026221800262218003,0.0,0.0,0.0,0.0,0.0,0.0,0.0,0.0,0.0,0.0,0.15655577299412915,0.8434442270058709,0.0,0.0,0.0,0.0,0.0,0.0009913907241996215,0.8612828014699708,0.13772580780582952,0.0,0.0,0.0,0.0,0.0,1.0,0.0,0.0,0.0,0.0,0.0,0.0,0.9998094721409518,0.00019052785904813573,0.0,0.0,0.0
tip_middle_root_1_2_2,50,舌左邊,66323,191.62574768066406,12.299306869506836,152.30335998535156,12.344315528869629,170.19715881347656,12.840591430664062,166.1874237060547,3.3625574111938477,52.48366165161133,7.109283447265625,191.62574768066406,12.299306869506836,170.88380432128906,11.604382514953613,145.56289672851562,2.140125274658203,124.33220672607422,1.488824486732483,0.0,0.0,0.0,0.0,0.012981921806914645,0.4166578713266891,0.5703602068663963,0.0,0.0,0.0,0.0,0.057099347134478236,0.6237956666616408,0.319104986203881,0.0,0.0,0.0,0.0,0.0,0.0006935753810895165,0.1879890837266107,0.8071558886057627,0.004161452286537099,0.0,0.00016585498243444958,0.0,0.0,0.0,0.0,0.0,0.008021350059557016,0.9918127949580086,0.0,0.9341555719735235,0.06584442802647648,0.0,0.0,0.0,0.0,0.0,0.0,0.0,0.0,0.0,0.012981921806914645,0.4166578713266891,0.5703602068663963,0.0,0.0,0.0,0.0,0.0,0.1550593308505345,0.8446541923616242,0.000286476787841322,0.0,0.0,0.0,0.0,0.0,1.0,0.0,0.0,0.0,0.0,0.0,0.0,0.9652759977684966,0.0347240022315034,0.0,0.0,0.0
tip_middle_root_1_2_2,50,舌右邊,112089,193.34963989257812,14.362650871276855,153.27569580078125,16.741228103637695,173.6024169921875,18.180692672729492,164.2054443359375,6.6878790855407715,53.336029052734375,9.368778228759766,193.34963989257812,14.362650871276855,172.15968322753906,15.346954345703125,146.26866149902344,2.24405837059021,123.30364990234375,1.9699926376342773,0.0,0.0,0.0,0.0,0.03006539446332825,0.31123482232868527,0.6586997832079865,0.0,0.0,0.0,0.0011865571108672572,0.07765257964653088,0.4252067553461981,0.49595410789640376,0.0,0.0,0.0,0.0,0.0008029333832936328,0.00767247455147249,0.24949816663544147,0.6161710783395338,0.12585534709025864,0.0,0.0013025363773430043,0.0,0.0,0.0,0.0,0.0,0.006985520434654605,0.9917119431880024,0.004826521781798392,0.8389137203472241,0.15596534896376987,0.00029440890720766535,0.0,0.0,0.0,0.0,0.0,0.0,0.0,0.0,0.03006539446332825,0.31123482232868527,0.6586997832079865,0.0,0.0,0.0,0.0,0.003764865419443478,0.24546565675490012,0.7313830973601335,0.019386380465522934,0.0,0.0,0.0,0.0,0.0,1.0,0.0,0.0,0.0,0.0,0.0,0.0,0.9491564738734398,0.050843526126560144,0.0,0.0,0.0
tip_middle_root_1_2_2,50,舌根,540654,188.72113037109375,19.770933151245117,153.76881408691406,24.55550765991211,167.97238159179688,27.564306259155273,163.22071838378906,23.256994247436523,48.760902404785156,17.715232849121094,188.7584686279297,19.80118751525879,170.8250274658203,22.651432037353516,143.43936157226562,3.8623428344726562,125.7262191772461,3.220730781555176,0.0,0.0006029734358758096,0.004616630969159574,0.014118086613619801,0.060824482941030676,0.31405667950297234,0.6057608008079104,2.0345729431392352e-05,0.0020456706137381765,0.006876856547810614,0.01748992886393146,0.09551025239802166,0.3844048134296611,0.48736900124663834,0.006301627288432158,1.8496117664902137e-06,0.001618410295678937,0.00692864567727234,0.014843134426083964,0.050771842990156364,0.24635718962589753,0.49733655905625407,0.18202954199913438,0.00011467592952239326,0.019430171606979695,0.0,0.0,1.8496117664902137e-06,0.0006695594594694574,0.0010376322010010098,0.07339629411786466,0.9054644930029186,0.14313220654984518,0.6592330769771425,0.18288776185878583,0.009159277467659538,0.004196769098166295,0.0013613142601367973,2.959378826384342e-05,0.0,0.0,0.0006029734358758096,0.004616630969159574,0.014118086613619801,0.06081893410573121,0.31365161452611096,0.6060770844199802,0.00011467592952239326,0.0001609162236846486,0.004315144251221668,0.009068646491101518,0.032251680372289857,0.18761351992216835,0.6407758011593366,0.12579949468606538,1.479689413192171e-05,0.0,0.0,0.0,0.0004235610945262589,0.9995764389054738,0.0,0.0,0.0,0.0,0.0,0.0,0.7608747923810792,0.23912520761892078,0.0,0.0,0.0
tip_middle_root_1_2_2,51,舌尖,132867,188.77835083007812,12.742347717285156,139.20298767089844,20.54286766052246,148.36129760742188,24.02529525756836,158.62814331054688,47.173133850097656,69.10855102539062,18.096477508544922,188.77835083007812,12.742347717285156,160.50672912597656,17.56754493713379,148.37403869628906,4.103987216949463,130.8026580810547,4.492870807647705,0.0,0.0,0.0,0.0,0.004786741628846892,0.5226655226655227,0.47254773570563047,0.0,0.0,0.0,0.005050162944899787,0.3334612808297019,0.4754528965055281,0.18602813339655444,7.526323315797e-06,0.0,0.0,0.0,0.011199169093905935,0.21188858030963295,0.40009934746776854,0.3640557851084167,0.012757118020275914,0.0,0.08539366434103277,0.0,0.0,0.0,0.0,0.0,3.0105293263188e-05,0.914576230365704,0.006209216735532525,0.39827045090202984,0.5195646774594143,0.07515786463154885,0.000797790271474482,0.0,0.0,0.0,0.0,0.0,0.0,0.0,0.004786741628846892,0.5226655226655227,0.47254773570563047,0.0,0.0,0.0,0.0,0.015594541910331383,0.45245245245245247,0.505746347851611,0.026206657785605155,0.0,0.0,0.0,0.0,0.0,0.9967185230343125,0.003281476965687492,0.0,0.0,0.0,0.0,0.0,0.18600555442660704,0.813994445573393,0.0,0.0,0.0
tip_middle_root_1_2_2,51,舌中,254584,215.9009552001953,8.242542266845703,177.4032440185547,15.583516120910645,184.18289184570312,16.328235626220703,164.932373046875,38.754188537597656,45.939632415771484,12.242103576660156,215.9009552001953,8.242542266845703,193.59791564941406,12.56947135925293,143.0697021484375,3.4514927864074707,129.96763610839844,2.666712522506714,0.0,0.0,0.0,0.0,0.0,0.009592118907708261,0.8117792162901046,0.1786286648021871,0.0,0.0,0.00034173396599943435,0.009336800427363857,0.11019152814002452,0.7115529648367533,0.16828237438330768,0.00029459824655123654,0.0,0.0,0.00048706910096471106,0.007824529428400843,0.060565471514313546,0.5725065204411903,0.3574655123652704,0.0011508971498601641,0.052689878389843826,0.0,0.0,0.0,0.0,0.0,0.0,0.9473101216101562,0.0662413977312007,0.858376802941269,0.07130848757188198,0.0035783867014423532,0.0004949250542060774,0.0,0.0,0.0,0.0,0.0,0.0,0.0,0.0,0.009592118907708261,0.8117792162901046,0.1786286648021871,0.0,0.0,0.0,0.00020818276089620713,0.016823523866385946,0.3690766112560098,0.6124658266034001,0.0014258555133079848,0.0,0.0,0.0,0.0,0.9992301165823461,0.0007698834176538981,0.0,0.0,0.0,0.0,0.0,0.12539279766206832,0.8746072023379317,0.0,0.0,0.0
tip_middle_root_1_2_2,51,舌左邊,103736,199.4610595703125,13.65225887298584,146.490478515625,23.11606216430664,152.5328826904297,26.700454711914062,141.6826629638672,68.64196014404297,69.04920959472656,18.176050186157227,199.4610595703125,13.65225887298584,168.17575073242188,19.443927764892578,149.0102996826172,4.28550386428833,132.97279357910156,4.188418388366699,0.0,0.0,0.0,0.0,0.0,0.3141725148453767,0.6745874142052903,0.011240070949332923,0.0,0.0,0.00042415362072954424,0.28354669545770034,0.36263206601372716,0.34343911467571525,0.00995797023212771,0.0,0.0,0.0,1.92797100331611e-05,0.25250636230431095,0.29424693452610473,0.39634263900670935,0.05688478445284183,0.0,0.19089804889334464,0.0,0.0,0.0,0.0,0.0,0.0,0.8091019511066554,0.0029015963599907458,0.4233149533431017,0.5038270224415825,0.06995642785532506,0.0,0.0,0.0,0.0,0.0,0.0,0.0,0.0,0.0,0.3141725148453767,0.6745874142052903,0.011240070949332923,0.0,0.0,0.0,0.0016580550628518547,0.40601141358833964,0.46187437340942394,0.1304561579393846,0.0,0.0,0.0,0.0,0.0,0.998438343487314,0.0015616565126860492,0.0,0.0,0.0,0.0,0.0,0.0798469191023367,0.9201530808976633,0.0,0.0,0.0
tip_middle_root_1_2_2,51,舌右邊,61292,190.81463623046875,16.254833221435547,131.02056884765625,21.512577056884766,131.56716918945312,23.084030151367188,75.37837219238281,87.18877410888672,82.56976318359375,16.4105224609375,190.81463623046875,16.254833221435547,154.9542236328125,18.86512565612793,151.23777770996094,3.832751750946045,137.24691772460938,3.3738081455230713,0.0,0.0,0.0,0.0,0.02643085557658422,0.47851269333681395,0.4864745806956862,0.008581870390915618,0.0,0.0,0.015972720746590095,0.5025615088429158,0.3659531423350519,0.11104222410755074,0.004454088624942896,1.6315342948508776e-05,0.0,0.0,0.017685831756183514,0.519627357567056,0.3218690856881812,0.12590550153364224,0.01470012399660641,0.00021209945833061412,0.5786399530118123,0.0,0.0,0.0,0.0,0.0,0.0,0.4213600469881877,0.001027866605756053,0.14357501794687724,0.6326111074854793,0.2227044312471448,8.157671474254388e-05,0.0,0.0,0.0,0.0,0.0,0.0,0.0,0.02643085557658422,0.47851269333681395,0.4864745806956862,0.008581870390915618,0.0,0.0,0.0,0.043431442928930364,0.5950531880180121,0.3211675259413953,0.04010311296743457,0.00024473014422763165,0.0,0.0,0.0,0.0,0.9946485675128891,0.005351432487110879,0.0,0.0,0.0,0.0,0.0,0.003524114076877896,0.9964758859231221,0.0,0.0,0.0
tip_middle_root_1_2_2,51,舌根,436594,184.3300323486328,30.954540252685547,138.80307006835938,36.42073059082031,140.05648803710938,37.393898010253906,110.96619415283203,84.17892456054688,68.89610290527344,25.158082962036133,184.33004760742188,30.954557418823242,158.0919952392578,33.65548324584961,145.73617553710938,5.584260940551758,134.4294891357422,3.5573160648345947,0.0,0.00017407476969449878,0.0037678025808875063,0.06286618689216984,0.13648149081297498,0.28579412451843134,0.470082044187506,0.04083427623833585,0.0006413280988744692,0.035266174065607864,0.09635954685588899,0.2151793199173603,0.3195829534991319,0.28881523795562924,0.04383935647306193,0.0003160831344452741,0.0004099918917804642,0.030449341951561404,0.10441050495425956,0.21684219205944194,0.29828627970150756,0.2836594181321777,0.06509251157826264,0.0008497597310086716,0.37863552866049466,0.0,0.0,0.0,0.0,0.0,8.016601235930865e-05,0.6212843053271461,0.017760207423830835,0.4683939770129686,0.3702524542252069,0.1153062112626376,0.026731929435585465,0.0014979592023710816,5.7261437399506174e-05,0.0,0.0,0.00017407476969449878,0.0037678025808875063,0.06286618689216984,0.13648149081297498,0.28579412451843134,0.470082044187506,0.04083427623833585,0.0001511701947346963,0.0031539599719648003,0.05712400994974736,0.12511395026042502,0.278407399093895,0.37364462177675367,0.16118407490712194,0.0012208138453574718,0.0,0.0,0.0,1.8323659967841977e-05,0.9923475815059299,0.007634094834102163,0.0,0.0,0.0,0.0,0.0,0.005249728580786726,0.9947502714192132,0.0,0.0,0.0
tip_middle_root_1_2_2,52,舌尖,272677,189.11322021484375,10.410807609558105,140.7595672607422,13.093250274658203,153.74234008789062,13.194196701049805,171.2184295654297,10.302449226379395,65.44670104980469,10.59898853302002,189.11322021484375,10.410807609558105,161.9413604736328,11.440174102783203,148.3774871826172,2.961682081222534,128.50018310546875,1.8431981801986694,0.0,0.0,0.0,0.0,0.00044741580698042004,0.5358574430553366,0.46369514113768306,0.0,0.0,0.0,0.0,0.1713015765906182,0.7533455333599827,0.0753528900493991,0.0,0.0,0.0,0.0,0.0,0.020823171737990368,0.6386603930657885,0.34051643519622116,0.0,0.0,0.0035646570851226907,0.0,0.0,0.0,0.0,0.0,0.00031905881317456186,0.9961162841017027,0.0,0.461043652379922,0.530913865122471,0.008042482497607058,0.0,0.0,0.0,0.0,0.0,0.0,0.0,0.0,0.00044741580698042004,0.5358574430553366,0.46369514113768306,0.0,0.0,0.0,0.0,5.501014020251066e-05,0.4071630537229029,0.5927195913113317,6.234482556284542e-05,0.0,0.0,0.0,0.0,0.0,0.9998533062927933,0.0001466937072066951,0.0,0.0,0.0,0.0,0.0,0.25102593911477683,0.7489740608852232,0.0,0.0,0.0
tip_middle_root_1_2_2,52,舌中,474136,201.53440856933594,5.708078384399414,163.25927734375,9.357362747192383,175.03512573242188,8.457144737243652,170.768798828125,2.560107707977295,48.56527328491211,7.500739097595215,201.53440856933594,5.708078384399414,180.64337158203125,7.6464152336120605,143.96710205078125,2.363266706466675,127.40697479248047,1.5113590955734253,0.0,0.0,0.0,0.0,4.218198997755918e-06,0.04965874770108154,0.9503370340999207,0.0,0.0,0.0,0.0,0.0011241500329019522,0.3297809067440566,0.6690949432230415,0.0,0.0,0.0,0.0,0.0,0.0,0.0490028177569305,0.9477470599152986,0.0032501223277709348,0.0,4.64001889753151e-05,0.0,0.0,0.0,0.0,0.0,0.0,0.9999535998110247,0.0008436397995511836,0.9656512055612736,0.03350515463917526,0.0,0.0,0.0,0.0,0.0,0.0,0.0,0.0,0.0,4.218198997755918e-06,0.04965874770108154,0.9503370340999207,0.0,0.0,0.0,0.0,2.109099498877959e-06,0.0111191725580846,0.93868425936862,0.05019445897379655,0.0,0.0,0.0,0.0,0.0,1.0,0.0,0.0,0.0,0.0,0.0,0.0,0.4723539237687077,0.5276460762312923,0.0,0.0,0.0
tip_middle_root_1_2_2,52,舌左邊,185173,194.3893280029297,15.6591796875,150.55987548828125,18.459035873413086,161.9525146484375,19.50225257873535,164.2550506591797,34.235923767089844,58.62651824951172,11.330543518066406,194.3893280029297,15.6591796875,169.8847198486328,16.761621475219727,146.1941375732422,3.4455182552337646,128.55259704589844,2.182461977005005,0.0,0.0,0.0,0.0,0.029604747992417902,0.2819687535439832,0.6884264984635989,0.0,0.0,0.0,0.0018739233041534134,0.15753376572178449,0.38772391223342495,0.4528683987406371,0.0,0.0,0.0,0.0,4.320284274705276e-05,0.06757464641173389,0.28228197415389933,0.6493657282649198,0.0007344483266998968,0.0,0.0453035809756282,0.0,0.0,0.0,0.0,0.0,0.0,0.9546964190243719,0.0,0.7210392443822804,0.276460391093734,0.0025003645239856783,0.0,0.0,0.0,0.0,0.0,0.0,0.0,0.0,0.029604747992417902,0.2819687535439832,0.6884264984635989,0.0,0.0,0.0,0.0,0.013576493333261328,0.23806926495763422,0.7419440199165105,0.006410221792593953,0.0,0.0,0.0,0.0,0.0,1.0,0.0,0.0,0.0,0.0,0.0,0.0,0.29165699103000975,0.7083430089699903,0.0,0.0,0.0
tip_middle_root_1_2_2,52,舌右邊,210789,198.00437927246094,14.18369197845459,154.8944854736328,18.61483383178711,166.60272216796875,19.846237182617188,168.35008239746094,22.99354362487793,56.31386947631836,12.27225399017334,198.00437927246094,14.18369197845459,173.85110473632812,16.486602783203125,145.92271423339844,3.1573853492736816,128.2814178466797,2.062912940979004,0.0,0.0,0.0,0.0,0.021727889026467224,0.21309935527945006,0.7651727556940827,0.0,0.0,0.0,0.0006736594414319532,0.12789566818002837,0.314617935471016,0.5567842724240829,2.846448344078676e-05,0.0,0.0,0.0,0.00021822770637936514,0.056340700890463925,0.22005417740014896,0.7056630089805446,0.01772388502246322,0.0,0.019023763099592483,0.0,0.0,0.0,0.0,0.0,0.0,0.9809762369004075,1.897632229385784e-05,0.7505230348832245,0.24325747548496363,0.006200513309518049,0.0,0.0,0.0,0.0,0.0,0.0,0.0,0.0,0.021727889026467224,0.21309935527945006,0.7651727556940827,0.0,0.0,0.0,0.0,0.003747823653036923,0.20999198250383083,0.7471215291120504,0.039138664731081796,0.0,0.0,0.0,0.0,0.0,0.9992314589470987,0.0007685410529012425,0.0,0.0,0.0,0.0,0.0,0.35050690500927467,0.6494930949907253,0.0,0.0,0.0
tip_middle_root_1_2_2,52,舌根,814964,181.30178833007812,27.55449104309082,143.4789276123047,28.581384658813477,151.09474182128906,29.697391510009766,168.48873901367188,29.76842498779297,55.18623733520508,14.567086219787598,181.30218505859375,27.55400848388672,160.97914123535156,27.93584442138672,143.5623779296875,2.363795757293701,129.59674072265625,1.8688730001449585,9.448270107636656e-05,0.0013497528725195224,0.003776853946922809,0.06656735757653098,0.1150627512380915,0.29966231637225693,0.5134864852926019,0.0,0.0013632504012447175,0.013741711290314665,0.07576040168645486,0.1342292420278687,0.4075591069053357,0.36734628768878136,0.0,0.0,0.0011828743355534724,0.008407733347730697,0.0662115136374122,0.10912751974320338,0.2886826902783436,0.5259226174407704,0.0004650512169862718,0.0,0.030728964715005816,0.0,0.0,0.0,0.0,0.0,0.00039142833303066146,0.9688796069519635,0.0019816826264718443,0.8090725479898498,0.1638501823393426,0.02325624199351137,0.0013853372664314008,0.00045155368826107654,2.454096131853677e-06,0.0,9.448270107636656e-05,0.0013497528725195224,0.003776853946922809,0.06656735757653098,0.11505293485356409,0.29967213275678434,0.5134864852926019,0.0,0.0006871469169190296,0.0021522423076356747,0.03972077294211769,0.09077824296533343,0.20965834073652334,0.6408111278535003,0.01619212627797056,0.0,0.0,0.0,0.0,0.0,1.0,0.0,0.0,0.0,0.0,0.0,0.0,0.07216269675715738,0.9278373032428426,0.0,0.0,0.0
tip_middle_root_1_2_2,53,舌尖,223083,209.20333862304688,14.091012954711914,149.0335235595703,19.04947853088379,164.3760986328125,18.829553604125977,171.90562438964844,8.048646926879883,73.91580963134766,13.983821868896484,209.20333862304688,14.091012954711914,173.16758728027344,16.2587890625,152.89817810058594,4.14376974105835,129.17376708984375,1.8902262449264526,0.0,0.0,0.0,0.0,0.004357122685278573,0.1280823729284616,0.7897867609813388,0.07777374340492103,0.0,0.0,0.00014344436823962383,0.18248813221984642,0.48901081660189255,0.32698592003873,0.0013716867712914027,0.0,0.0,0.0,0.0,0.028702321557447227,0.32020817363940773,0.6135653545989609,0.03752415020418409,0.0,0.002115804431534451,0.0,0.0,0.0,0.0,0.0,0.0,0.9978841955684655,0.0,0.24699327156260226,0.6985157990523706,0.0544909293850271,0.0,0.0,0.0,0.0,0.0,0.0,0.0,0.0,0.004357122685278573,0.1280823729284616,0.7897867609813388,0.07777374340492103,0.0,0.0,0.0,0.0037519667567676605,0.230694405221375,0.6594496218896106,0.10610400613224674,0.0,0.0,0.0,0.0,0.0,0.9573163351756969,0.04268366482430306,0.0,0.0,0.0,0.0,0.0,0.15849706163176935,0.8415029383682306,0.0,0.0,0.0
tip_middle_root_1_2_2,53,舌中,476346,214.62493896484375,6.146281719207764,174.5091552734375,11.182906150817871,182.20164489746094,9.691351890563965,164.89503479003906,38.82715606689453,47.89984893798828,10.031816482543945,214.62493896484375,6.146281719207764,191.37474060058594,8.71321964263916,143.8021697998047,3.6036300659179688,129.70831298828125,1.6133745908737183,0.0,0.0,0.0,0.0,0.0,0.006665323105473752,0.9430917862226197,0.05024289067190656,0.0,0.0,1.2595886183572446e-05,0.005901172677003691,0.08020640458826148,0.9025813169418868,0.011298509906664483,0.0,0.0,0.0,0.0,0.002302947857229829,0.020063147376066976,0.8307952622673435,0.1468386424993597,0.0,0.053427550561986455,0.0,0.0,0.0,0.0,0.0,0.0,0.9465724494380136,0.002682923757100931,0.9227179403206912,0.07106808916207967,0.003531046760128142,0.0,0.0,0.0,0.0,0.0,0.0,0.0,0.0,0.0,0.006665323105473752,0.9430917862226197,0.05024289067190656,0.0,0.0,0.0,2.0993143639287408e-06,0.009234883886922531,0.4337120496445861,0.5570509671541275,0.0,0.0,0.0,0.0,0.0,0.998083325985733,0.0019166740142669404,0.0,0.0,0.0,0.0,0.0,0.05758629231692929,0.9424137076830708,0.0,0.0,0.0
tip_middle_root_1_2_2,53,舌左邊,174196,212.62806701660156,11.825352668762207,166.04135131835938,22.260513305664062,176.07586669921875,19.084489822387695,163.47679138183594,40.27919006347656,56.80810546875,17.41082191467285,212.62806701660156,11.825352668762207,185.2068634033203,17.843908309936523,146.75392150878906,5.551143169403076,129.61769104003906,1.8455860614776611,0.0,0.0,0.0,0.0,0.0037945762244827666,0.05420331121265701,0.8395829984615031,0.1024191141013571,0.0,0.0,0.001997749661301063,0.061763760361891205,0.2620266825874302,0.5854784265999219,0.08873338078945556,0.0,0.0,0.0,0.0003157362970447083,0.01978231417483754,0.1795333991595674,0.614480240648465,0.1858883097200854,0.0,0.05815288525568899,0.0,0.0,0.0,0.0,0.0,0.0,0.941847114744311,0.01419091138717307,0.6664045098624538,0.3001504052905922,0.019254173459780935,0.0,0.0,0.0,0.0,0.0,0.0,0.0,0.0,0.0037945762244827666,0.05420331121265701,0.8395829984615031,0.1024191141013571,0.0,0.0,0.0,0.005482330248685389,0.1010413557142529,0.4548956348021769,0.43858067923488486,0.0,0.0,0.0,0.0,0.0,0.997617626122299,0.0023823738777009806,0.0,0.0,0.0,0.0,0.0,0.10933660933660934,0.8906633906633906,0.0,0.0,0.0
tip_middle_root_1_2_2,53,舌右邊,188758,210.9340362548828,21.631595611572266,159.8173370361328,29.29625129699707,169.0408935546875,29.66414451599121,164.13189697265625,40.820430755615234,64.02014923095703,22.36251449584961,210.9340362548828,21.631595611572266,180.3106231689453,25.831274032592773,148.46775817871094,5.059147834777832,130.90737915039062,2.9093120098114014,0.0,0.0,0.005075281577469564,0.009435361680034754,0.027055806906197355,0.0654382860593988,0.6444918890854957,0.2485033746914038,0.005440828997976245,0.013000773477150637,0.020751438349632865,0.0634939976053995,0.2763008720160205,0.5410790536030261,0.07993303595079414,0.0,0.005806376418482926,0.010532003941554796,0.019294546456309136,0.033587980376990643,0.2092626537683171,0.5610993971116456,0.16041704192669978,0.0,0.059012068362665426,0.0,0.0,0.0,0.0,0.0,0.0,0.9409879316373346,0.005350766590025324,0.5751968128503163,0.36789963869081044,0.02812596022420242,0.014653683552485192,0.006881827525190985,0.001891310566969347,0.0,0.0,0.0,0.005075281577469564,0.009435361680034754,0.027055806906197355,0.0654382860593988,0.6444918890854957,0.2485033746914038,0.0,0.006436813274139374,0.013885504190550865,0.025577723858061646,0.09982623253054175,0.46081225696394323,0.3934614691827631,0.0,0.0,0.0,0.0,0.0,0.9889541105542546,0.011045889445745347,0.0,0.0,0.0,0.0,0.0,0.04688543002150902,0.953114569978491,0.0,0.0,0.0
tip_middle_root_1_2_2,53,舌根,770339,189.7491455078125,28.15708351135254,154.22988891601562,28.856281280517578,155.3200225830078,27.82525062561035,107.89004516601562,84.61035919189453,51.323219299316406,12.445974349975586,189.7491455078125,28.15708351135254,170.29505920410156,27.685800552368164,141.43629455566406,3.6007885932922363,132.51914978027344,2.3768861293792725,0.0,0.0,0.005784466319373678,0.046657380711608784,0.0923294809168431,0.215649214177135,0.6120045849943986,0.02757487288064086,0.0,0.005309350818276109,0.04898362928528868,0.11476116359161356,0.28408142389259794,0.5154185365144437,0.03144589589778007,0.0,0.0,0.004085214431568439,0.04959634654353473,0.09849429926305173,0.2727383658363396,0.5437670947465986,0.03131867917890695,0.0,0.3963644577257545,0.0,0.0,0.0,0.0,0.0,7.78877870651752e-06,0.603627753495539,0.010847172478610067,0.8209489588350064,0.16548688304759332,0.002622222164527565,9.476347426262983e-05,0.0,0.0,0.0,0.0,0.0,0.005784466319373678,0.046657380711608784,0.0923294809168431,0.215649214177135,0.6120045849943986,0.02757487288064086,0.0,0.0008333993215973747,0.023648030282771612,0.06655641217697662,0.1749359697483835,0.5391911872565195,0.19483500121375136,0.0,0.0,0.0,0.0,0.0,0.999863696372636,0.0001363036273640566,0.0,0.0,0.0,0.0,0.0,0.0038152034364091654,0.9961847965635908,0.0,0.0,0.0
tip_middle_root_1_2_2,54,舌尖,292282,184.34487915039062,16.533151626586914,147.6141815185547,15.989094734191895,161.67178344726562,16.913427352905273,165.3887176513672,19.326648712158203,52.092716217041016,10.649373054504395,185.11546325683594,15.274988174438477,165.5286407470703,14.879216194152832,144.1224822998047,3.636256217956543,125.9798583984375,3.862480401992798,0.0,0.0,0.0,0.0008416529242307087,0.0882298602035021,0.5265394379400715,0.3840811271306478,0.00030792180154782026,0.0,0.0,0.0001300114273201908,0.09540443817956631,0.668248472365729,0.23221751596061338,0.00399271936007007,6.842706701062672e-06,0.0,0.0,0.0003695061618573843,0.01423625129156089,0.46101709992404594,0.48439520736822655,0.03987929465379325,0.00010264060051594008,0.011355471770413504,0.00033529262835207095,0.0,3.421353350531336e-06,0.0005268884159818258,0.026796039441361424,0.039260029697347085,0.9217228566931935,0.033987724184178295,0.8482458721371826,0.11748927405724609,0.00027712962139303824,0.0,0.0,0.0,0.0,0.0,0.0,0.0,0.0006226863097967032,0.05919967702424371,0.5555627784126289,0.38428640833167965,0.00032844992165100825,0.0,0.0,0.0,0.0038524438726982844,0.3527244236730281,0.6084226876783381,0.03493886041562601,6.158436030956406e-05,0.0,0.0,0.0,0.0005474165360850138,0.999452583463915,0.0,0.0,0.0,0.0,0.0,0.0,0.6269390520114136,0.37306094798858636,0.0,0.0,0.0
tip_middle_root_1_2_2,54,舌中,461724,204.61656188964844,8.729140281677246,173.1043701171875,16.080900192260742,187.79026794433594,16.926727294921875,163.18710327148438,17.28342056274414,39.71622085571289,12.923949241638184,204.65452575683594,8.78903579711914,188.46847534179688,13.119773864746094,141.9442901611328,3.826101779937744,124.89704895019531,2.9443235397338867,0.0,0.0,0.0,0.0,8.663184066671864e-06,0.0733901638208107,0.919945681835902,0.00665549115922066,0.0,0.0,0.0,0.006495222253987231,0.18118832895842538,0.6892104374041635,0.12303887170690715,6.713967651670695e-05,0.0,0.0,0.0,0.002492831215184829,0.057192175412150985,0.4977020904263153,0.43827481352496295,0.004338089421385936,0.009949666900572637,0.0,0.0,0.0,0.0,8.87976366833866e-05,0.1144774800530187,0.8754840554097253,0.28275983054811965,0.6720833225043532,0.04408477791927645,0.0010720690282506433,0.0,0.0,0.0,0.0,0.0,0.0,0.0,0.0,8.663184066671864e-06,0.07338583222877737,0.9182325371867176,0.008372967400438356,0.0,0.0,0.0,1.082898008333983e-05,0.02298342732888046,0.5531074841247152,0.423350313174104,0.0005479463922169954,0.0,0.0,0.0,0.0,0.9998852128111166,0.0001147871888834022,0.0,0.0,0.0,0.0,0.0,0.8370173523576856,0.16298264764231446,0.0,0.0,0.0
tip_middle_root_1_2_2,54,舌左邊,189270,196.2501220703125,11.370443344116211,161.08338928222656,16.821714401245117,170.4490509033203,19.35300636291504,163.62399291992188,34.129791259765625,46.244728088378906,12.25080680847168,196.29147338867188,11.439570426940918,177.62696838378906,14.503149032592773,142.53407287597656,3.2550010681152344,128.21218872070312,2.833543300628662,0.0,0.0,0.0,4.75511174512601e-05,0.005558197284302848,0.30243039044750886,0.6840492418238495,0.007914619326887515,0.0,0.0,0.0010725418714006446,0.010767686373963121,0.4883129920219792,0.4512178369525017,0.04814814814814815,0.0004807946320071855,0.0,0.0,0.0,0.007904052411898347,0.29062186294711256,0.556834152269245,0.14043430020605485,0.004205632165689227,0.04107359856289956,0.0,0.0,0.0,0.0,0.0007502509642309927,0.03422095419242352,0.923955196280446,0.13472816611190364,0.8228773709515507,0.04232049453162149,7.396840492418238e-05,0.0,0.0,0.0,0.0,0.0,0.0,0.0,4.75511174512601e-05,0.005558197284302848,0.30243039044750886,0.6831721878797485,0.008791673270988535,0.0,0.0,0.0,0.002256036350187563,0.07829555661224706,0.7547894542188408,0.16283087652559836,0.0018280762931262217,0.0,0.0,0.0,0.0,1.0,0.0,0.0,0.0,0.0,0.0,0.0,0.3914355154012786,0.6085644845987214,0.0,0.0,0.0
tip_middle_root_1_2_2,54,舌右邊,209814,185.8253936767578,12.154125213623047,153.54354858398438,18.18673324584961,162.04725646972656,19.99846649169922,166.74459838867188,27.312021255493164,44.95866012573242,13.711047172546387,185.82826232910156,12.159701347351074,169.6761932373047,15.815443992614746,141.46702575683594,3.3948144912719727,128.1791534423828,2.9118001461029053,0.0,0.0,0.0,0.00010485477613505295,0.024140429142001964,0.6443040025927727,0.33052131888243874,0.0009293946066516057,0.0,0.0,0.0005862335211187052,0.09032762351416015,0.5294689582201378,0.36883144118123673,0.010771445184782713,1.4298378563870856e-05,0.0,0.0,5.2427388067526476e-05,0.048257027653064145,0.3704948192208337,0.5174011267122308,0.06324649451418876,0.0005481045116150495,0.02555120249363722,0.0,0.0,0.0,0.0,0.0,0.01637164345563213,0.9580771540507307,0.17569370966665712,0.7253615106713566,0.09894477966198634,0.0,0.0,0.0,0.0,0.0,0.0,0.0,0.0,0.00010485477613505295,0.024140429142001964,0.6442992364665847,0.33049748825149894,0.0009579913637793474,0.0,0.0,4.766126187956953e-06,0.003526933379088145,0.24835330340206088,0.6680059481254825,0.07984214590065486,0.0002669030665255893,0.0,0.0,0.0,0.0,1.0,0.0,0.0,0.0,0.0,0.0,0.0,0.43030970287969345,0.5696902971203066,0.0,0.0,0.0
tip_middle_root_1_2_2,54,舌根,809942,165.1859588623047,34.10466766357422,138.9044647216797,34.91094207763672,147.49644470214844,37.2447509765625,157.7067413330078,42.46126937866211,42.892696380615234,20.977067947387695,165.203125,34.12014389038086,153.50904846191406,34.38385009765625,139.49134826660156,4.54646110534668,127.29903411865234,2.8242979049682617,0.000782772099730598,0.003527413074022584,0.027787174884127505,0.14687224517311115,0.17529403339992247,0.39480110921522776,0.2502747110286909,0.0006605411251669873,0.004064488568317238,0.029144062167414456,0.097997140535989,0.1896777793965494,0.3520054522422593,0.3070553200105687,0.02004341051581471,1.2346563087233408e-05,0.0018964320901990513,0.02285101896185159,0.07781050988836237,0.17841277523575763,0.27796805203335545,0.34607663264776983,0.09455615340357705,0.0004284257391269992,0.06742211170676418,0.0,0.0,0.0,0.0,0.00024446194912722144,0.051724691397655634,0.880608734946453,0.3354845161752323,0.5259611182035256,0.10863123532302313,0.024698064799701706,0.0052201268732822844,4.9386252348933626e-06,0.0,0.0,0.000782772099730598,0.003527413074022584,0.027785940227818783,0.14683520548384946,0.1752952680562312,0.3947060406794561,0.2502747110286909,0.0007926493502003847,0.0017371614263737404,0.013431825982601224,0.04920228855893385,0.16699343903637545,0.24139506285635268,0.4335582054023621,0.0935906521701554,9.136456684552721e-05,0.0,0.0,0.0,0.0,0.9999975306873825,2.4693126174466813e-06,0.0,0.0,0.0,0.0,0.0,0.5188853028982322,0.4811146971017678,0.0,0.0,0.0
tip_middle_root_1_2_2,55,舌尖,261943,215.02330017089844,13.57926082611084,153.3841094970703,18.565086364746094,164.66932678222656,18.381046295166016,169.63372802734375,27.78819465637207,73.84539031982422,12.732574462890625,215.02330017089844,13.57926082611084,177.3784942626953,15.696260452270508,152.72036743164062,3.9333958625793457,131.45590209960938,2.1771738529205322,0.0,0.0,0.0,0.0,0.0,0.06396429757619024,0.665396670267959,0.2706390321558507,0.0,0.0,1.5270497780051385e-05,0.06782773351454324,0.5619428654325559,0.34675101071607184,0.022825576556731807,0.0006375432823171453,0.0,0.0,1.5270497780051385e-05,0.016209633393524544,0.3902986527603334,0.5218692616332561,0.06942350053255861,0.002183681182547348,0.027101315935146197,0.0,0.0,0.0,0.0,0.0,0.0,0.9728986840648538,0.0008475126267928519,0.21409237887632043,0.7485330778070038,0.036523213065437904,3.817624445012846e-06,0.0,0.0,0.0,0.0,0.0,0.0,0.0,0.0,0.06396429757619024,0.665396670267959,0.2706390321558507,0.0,0.0,0.0,3.817624445012846e-06,0.13372756668435498,0.68349221013732,0.17972230599786976,0.003054099556010277,0.0,0.0,0.0,0.0,0.9663896343861069,0.0336103656138931,0.0,0.0,0.0,0.0,0.0,0.013751083250936273,0.9862489167490637,0.0,0.0,0.0
tip_middle_root_1_2_2,55,舌中,529848,223.45956420898438,10.239333152770996,175.9102783203125,17.33949851989746,186.45094299316406,16.050243377685547,173.1263885498047,4.536396503448486,54.53921127319336,14.015301704406738,223.45956420898438,10.239333152770996,194.69149780273438,13.680920600891113,146.94886779785156,4.723264217376709,129.39137268066406,1.7933111190795898,0.0,0.0,0.0,0.0,0.0,0.0029046066041581737,0.4693855596321964,0.5277098337636454,0.0,0.0,0.0,0.003308496021500506,0.17223241382434207,0.6325512222373209,0.18743299965273058,0.004474868264105932,0.0,0.0,0.0,0.0001679727016049886,0.04669452371246093,0.5615270794642993,0.38020526641602875,0.011405157705606137,0.0005643127840437258,0.0,0.0,0.0,0.0,0.0,5.47326780510637e-05,0.9993809545379052,0.031852531291993176,0.7110963899080491,0.25223649046519003,0.004791940330056922,2.264800471078498e-05,0.0,0.0,0.0,0.0,0.0,0.0,0.0,0.0,0.0029046066041581737,0.4693855596321964,0.5277098337636454,0.0,0.0,0.0,0.0,0.006569808699853543,0.40759991544744906,0.5698124745209947,0.016017801331702677,0.0,0.0,0.0,0.0,0.9920052543370929,0.007994745662907098,0.0,0.0,0.0,0.0,0.0,0.10603418338844348,0.8939658166115565,0.0,0.0,0.0
tip_middle_root_1_2_2,55,舌左邊,189932,198.9627227783203,11.12240219116211,137.43588256835938,12.568276405334473,148.5087127685547,14.460403442382812,168.2587127685547,31.667282104492188,79.32341766357422,10.445727348327637,198.9627227783203,11.12240219116211,162.30226135253906,11.111854553222656,153.0537109375,3.6852118968963623,131.75791931152344,2.298445701599121,0.0,0.0,0.0,0.0,0.008013394267422026,0.17321462418128594,0.8159077985805446,0.0028641829707474254,0.0,0.0,0.0,0.1969020491544342,0.7544858159762441,0.048406798222521745,0.00020533664679990734,0.0,0.0,0.0,0.0004685887580818398,0.06963018343407114,0.7138449550365394,0.21408188193669314,0.0019743908346144937,0.0,0.03558115536086599,0.0,0.0,0.0,0.0,0.0,0.0,0.964418844639134,2.10601689025546e-05,0.06456521281300676,0.8821420297790789,0.05327169723901186,0.0,0.0,0.0,0.0,0.0,0.0,0.0,0.0,0.008013394267422026,0.17321462418128594,0.8159077985805446,0.0028641829707474254,0.0,0.0,0.0,0.0018690899901017207,0.3915243350251669,0.5989722637575553,0.007634311227176042,0.0,0.0,0.0,0.0,0.0,0.9683465661394605,0.031653433860539565,0.0,0.0,0.0,0.0,0.0,0.013009919339553103,0.9869900806604469,0.0,0.0,0.0
tip_middle_root_1_2_2,55,舌右邊,153389,204.59539794921875,9.182830810546875,138.62037658691406,15.298336029052734,152.09286499023438,16.031789779663086,172.8306427001953,12.390937805175781,82.66515350341797,12.945942878723145,204.59539794921875,9.182830810546875,164.89712524414062,12.469908714294434,155.04359436035156,3.664364814758301,131.27154541015625,2.3780951499938965,0.0,0.0,0.0,0.0,0.0006193403699091851,0.08708577538154627,0.9020268728526818,0.010268011395862807,0.0,0.0,0.0005737047637053504,0.2468886295627457,0.6693243974470138,0.08122485967051092,0.001988408556024226,0.0,0.0,0.0,0.00016950368018567172,0.06345957011258956,0.5926044240460528,0.3385705624262496,0.005182900990292655,1.3038744629667056e-05,0.005176381617977821,0.0,0.0,0.0,0.0,0.0,0.0,0.9948236183820222,0.0,0.08134220837217793,0.7545065161126286,0.1641512755151934,0.0,0.0,0.0,0.0,0.0,0.0,0.0,0.0,0.0006193403699091851,0.08708577538154627,0.9020268728526818,0.010268011395862807,0.0,0.0,0.0,0.0012386807398183702,0.3276766912881628,0.657022341888923,0.01384062742439158,0.00022165865870433995,0.0,0.0,0.0,0.0,0.9087027101030712,0.09129728989692873,0.0,0.0,0.0,0.0,0.0,0.04136541733761873,0.9586345826623812,0.0,0.0,0.0
tip_middle_root_1_2_2,55,舌根,911654,186.16905212402344,30.559814453125,140.2499542236328,34.934635162353516,150.1354217529297,34.284423828125,173.1140594482422,7.441292762756348,65.49142456054688,23.927087783813477,186.1712646484375,30.547935485839844,160.17715454101562,32.43881607055664,147.10780334472656,5.8076324462890625,129.8207550048828,2.009153366088867,0.0008435217747083871,0.0013766187610650532,0.007838500132725792,0.045195874750727796,0.1276602746217315,0.2934095610834812,0.46704670851002683,0.05662894036553341,0.0019404291540430908,0.0270025689570824,0.08590101069045931,0.20586977076829588,0.3644211510068513,0.26524427030430403,0.04919848977792013,0.00042230934104386096,0.0009762475676078863,0.016056530218701393,0.05760628484052063,0.1561996108172618,0.3367933448435481,0.3399480504665147,0.09141735790113355,0.0010025733447119193,0.0017122724191414725,0.0,0.0,0.0,0.0,0.00025228869724698187,0.0006526598907041488,0.9973827789929074,0.017728217064807483,0.5011572372851981,0.36069166591711327,0.10911486155931965,0.011308018173561462,0.0,0.0,0.0,0.0007974516647763296,0.0014226888709971107,0.007838500132725792,0.045195874750727796,0.1276602746217315,0.2934095610834812,0.46704670851002683,0.05662894036553341,0.001155043470439443,0.007712355784102302,0.03437268963883228,0.10804647377184766,0.282551274935447,0.4063241098048163,0.15809177604661417,0.0017462765479008483,0.0,0.0,0.0,0.0,0.993884741360209,0.006115258639790973,0.0,0.0,0.0,0.0,0.0,0.08069070063861948,0.9193092993613805,0.0,0.0,0.0
tip_middle_root_1_2_2,56,舌尖,209730,200.5164337158203,11.6898193359375,139.64495849609375,16.762399673461914,146.04263305664062,17.282073974609375,171.1343231201172,30.74650764465332,77.94725036621094,13.184059143066406,200.5164337158203,11.6898193359375,163.9103240966797,14.214226722717285,152.12196350097656,3.5239176750183105,134.12437438964844,2.2504031658172607,0.0,0.0,0.0,0.0,0.003356696705287751,0.22473179802603346,0.7697468173365756,0.0021646879321031804,0.0,0.0,0.008010298955800315,0.23851618747913986,0.6202736852143231,0.13319982835073665,0.0,0.0,0.0,0.0,0.00635579077862013,0.13064416154102895,0.6274400419587088,0.23526438754589235,0.0002956181757497735,0.0,0.03131645448910504,0.0,0.0,0.0,0.0,0.0,0.0,0.968683545510895,0.0,0.14570638439898917,0.767262671053259,0.0867353263720021,0.0002956181757497735,0.0,0.0,0.0,0.0,0.0,0.0,0.0,0.003356696705287751,0.22473179802603346,0.7697468173365756,0.0021646879321031804,0.0,0.0,0.0,0.00902112239546083,0.3833881657368998,0.5935154722738759,0.01407523959376341,0.0,0.0,0.0,0.0,0.0,0.9781719353454441,0.02182806465455586,0.0,0.0,0.0,0.0,0.0,0.0004005149477900157,0.99959948505221,0.0,0.0,0.0
tip_middle_root_1_2_2,56,舌中,425376,210.2886505126953,10.344667434692383,162.14476013183594,14.068228721618652,166.69691467285156,14.874868392944336,152.48085021972656,60.397071838378906,58.94334411621094,10.311464309692383,210.2886505126953,10.344667434692383,181.5819549560547,12.006282806396484,146.50750732421875,3.248317241668701,132.6961212158203,1.939434289932251,0.0,0.0,0.0,0.0,0.00014575340404724291,0.06583822312495298,0.8962705935454751,0.03774542992552471,0.0,0.0,0.0003596817874069059,0.014925618746708794,0.36764885654103663,0.6117364402317009,0.005329402693146769,0.0,0.0,0.0,0.00039024298502971487,0.012652335815842925,0.2670719551643722,0.7016051681336042,0.01828029790115098,0.0,0.13741960054163846,0.0,0.0,0.0,0.0,0.0,0.0,0.8625803994583615,0.0001786654630256526,0.7062457684495599,0.28960731211916046,0.003902429850297149,6.582411795681937e-05,0.0,0.0,0.0,0.0,0.0,0.0,0.0,0.00014575340404724291,0.06583822312495298,0.8962705935454751,0.03774542992552471,0.0,0.0,0.0,0.0004231550440081246,0.05003338223124953,0.7536038704581358,0.19593959226660648,0.0,0.0,0.0,0.0,0.0,0.998598886632062,0.0014011133679380126,0.0,0.0,0.0,0.0,0.0,0.0004913300233205446,0.9995086699766794,0.0,0.0,0.0
tip_middle_root_1_2_2,56,舌左邊,156954,195.9767608642578,15.110010147094727,151.01083374023438,21.58965301513672,155.1466064453125,21.787151336669922,159.61959838867188,51.98563003540039,59.8714714050293,15.241183280944824,195.9767608642578,15.110010147094727,170.14646911621094,18.71925163269043,145.5663604736328,3.6388180255889893,132.52784729003906,2.3401381969451904,0.0,0.0,0.0,0.0,0.0052308319635052305,0.3653044841163653,0.624934694241625,0.00452998967850453,0.0,0.0,0.004651044255004651,0.16631624552416632,0.4266345553474266,0.39261821935089264,0.00977993552250978,0.0,0.0,0.0,0.005434713355505435,0.11091784854161092,0.4117958127859118,0.45233635332645233,0.01943881646851944,7.645552200007645e-05,0.09755087477859756,0.0,0.0,0.0,0.0,0.0,0.0,0.9024491252214024,0.01065917402551066,0.6425640633561426,0.32416504198682417,0.02261172063152261,0.0,0.0,0.0,0.0,0.0,0.0,0.0,0.0,0.0052308319635052305,0.3653044841163653,0.624934694241625,0.00452998967850453,0.0,0.0,0.0,0.009805420696509805,0.29383768492679385,0.5751302929520752,0.1210991755546211,0.00012742587000012743,0.0,0.0,0.0,0.0,0.9996941779119997,0.0003058220880003058,0.0,0.0,0.0,0.0,0.0,0.003446869783503447,0.9965531302164966,0.0,0.0,0.0
tip_middle_root_1_2_2,56,舌右邊,169548,203.83998107910156,14.121994018554688,149.5997772216797,23.353166580200195,153.17529296875,23.422712326049805,147.4182586669922,66.31385803222656,69.35440063476562,17.43593978881836,203.83998107910156,14.121994018554688,171.2930450439453,19.497772216796875,149.01296997070312,4.530926704406738,134.41085815429688,2.449920415878296,0.0,0.0,0.0,0.0,0.0026246254747917994,0.22549956354542666,0.7155495788803171,0.05632623209946446,0.0,8.257248684738246e-05,0.004169910585792814,0.21789699672069265,0.4049590676386628,0.3543598273055418,0.018531625262462548,0.0,0.0,0.0,0.00451199660273197,0.16856583386415647,0.3941125816877816,0.40235803430297024,0.030445655507584872,5.8980347748130325e-06,0.1700875268360582,0.0,0.0,0.0,0.0,0.0,0.0,0.8299124731639418,0.00014745086937032582,0.40566683181164037,0.5276381909547738,0.0649019746620426,0.001645551702172836,0.0,0.0,0.0,0.0,0.0,0.0,0.0,0.0026246254747917994,0.22549956354542666,0.7155495788803171,0.05632623209946446,0.0,0.0,1.1796069549626065e-05,0.005514662514450186,0.30506405265765446,0.513848585651261,0.1755491070375351,1.1796069549626065e-05,0.0,0.0,0.0,0.0,0.9946740745983438,0.005325925401656168,0.0,0.0,0.0,0.0,0.0,9.436855639700852e-05,0.999905631443603,0.0,0.0,0.0
tip_middle_root_1_2_2,56,舌根,764288,166.13636779785156,31.949785232543945,123.40596008300781,30.744897842407227,124.03317260742188,29.81399154663086,95.2290267944336,88.08470153808594,69.15274047851562,15.57601261138916,166.13636779785156,31.949785232543945,142.1903533935547,30.678369522094727,144.79293823242188,3.0949931144714355,134.2488555908203,1.821068525314331,0.0,0.0,0.016008363339474124,0.1488444146709094,0.19999790654831687,0.3883771562552336,0.2450987062468598,0.0016734529392061631,0.0,0.03608849020264612,0.1845652424217049,0.25722371671411826,0.4193353814268967,0.10241296474627365,0.00037420448836040864,0.0,0.0,0.029117296097806063,0.17980525665717637,0.26721078964997486,0.42231331644615644,0.10118306188243176,0.0003702792664545302,0.0,0.46851579509294927,0.0,0.0,0.0,0.0,0.0,0.0,0.5314842049070507,6.0186735890135655e-05,0.40471523823480154,0.5265187991961146,0.06646578253223916,0.0022269092279350194,1.3084073019594708e-05,0.0,0.0,0.0,0.0,0.016008363339474124,0.1488444146709094,0.19999790654831687,0.3883771562552336,0.2450987062468598,0.0016734529392061631,0.0,0.0019102746608608274,0.09071972868866186,0.2066498492714788,0.35237502093451684,0.332194146709094,0.01615097973538771,0.0,0.0,0.0,0.0,0.0,0.9999293460056942,7.065399430581142e-05,0.0,0.0,0.0,0.0,0.0,5.102788477641936e-05,0.9999489721152236,0.0,0.0,0.0
tip_middle_root_1_2_2,57,舌尖,138156,191.43260192871094,13.996498107910156,145.1870880126953,19.16583824157715,163.10911560058594,21.157955169677734,159.76272583007812,34.46858596801758,62.78998565673828,13.410490989685059,191.43649291992188,14.004044532775879,165.90245056152344,16.823772430419922,148.32333374023438,3.65474796295166,125.48114013671875,3.500164270401001,0.0,0.0,0.0,0.0,0.001375256955904919,0.4432163641101364,0.5554083789339587,0.0,0.0,0.0,0.0,0.2489866527693332,0.4651263788760532,0.28239092040881325,0.0034960479458003998,0.0,0.0,0.0,0.0,0.046642925388691046,0.36877153362865167,0.5185080633486783,0.06596890471640754,0.00010857291757144098,0.04651987608211008,0.0,0.0,0.0,0.0,0.0,0.005891890326876864,0.9475882335910131,0.005660268102724456,0.49960189930223803,0.48430035611916966,0.01043747647586786,0.0,0.0,0.0,0.0,0.0,0.0,0.0,0.0,0.001375256955904919,0.4432163641101364,0.5552998060163873,0.00010857291757144098,0.0,0.0,0.0,0.00015200208460001738,0.3877790323981586,0.5709632589246938,0.04110570659254755,0.0,0.0,0.0,0.0,0.0,0.9971409131706187,0.002859086829381279,0.0,0.0,0.0,0.0,0.0,0.8404629549205246,0.1595370450794754,0.0,0.0,0.0
tip_middle_root_1_2_2,57,舌中,402892,196.6657257080078,9.737812995910645,163.09400939941406,13.950804710388184,173.8557891845703,13.24435043334961,159.75567626953125,40.13776397705078,43.826255798339844,12.145062446594238,196.66583251953125,9.738112449645996,179.28028869628906,11.610424041748047,142.11256408691406,4.10681676864624,127.16527557373047,2.522306442260742,0.0,0.0,0.0,0.0,4.9641094883988764e-06,0.2645597331294739,0.7353608411187117,7.446164232598314e-05,0.0,0.0,0.0,0.0176623015597232,0.34909355360741834,0.6258476216951441,0.0073965231377143255,0.0,0.0,0.0,0.0,0.009153817896607528,0.11122831925180941,0.8106490076745133,0.06891424997269739,5.4605204372387635e-05,0.05996396056511422,0.0,0.0,0.0,0.0,0.0,0.0015885150362876404,0.9384475243985981,0.15940500183672052,0.7612859029218748,0.07922966948959026,7.942575181438202e-05,0.0,0.0,0.0,0.0,0.0,0.0,0.0,0.0,4.9641094883988764e-06,0.2645597331294739,0.7353533949544792,8.190780655858145e-05,0.0,0.0,0.0,0.0,0.05332446412438073,0.8022968934602822,0.1443711962511045,7.446164232598314e-06,0.0,0.0,0.0,0.0,1.0,0.0,0.0,0.0,0.0,0.0,0.0,0.5758093980520834,0.4241906019479166,0.0,0.0,0.0
tip_middle_root_1_2_2,57,舌左邊,65135,184.38848876953125,12.4370756149292,135.393310546875,12.660979270935059,145.97265625,16.01049041748047,160.24591064453125,45.44063949584961,68.06527709960938,8.901469230651855,184.38848876953125,12.4370756149292,156.74862670898438,12.041654586791992,148.3465118408203,3.1546249389648438,129.84439086914062,2.80041766166687,0.0,0.0,0.0,0.0,0.017210409150226452,0.6246104245029555,0.3581791663468181,0.0,0.0,0.0,0.0,0.2552084132954633,0.69864128348814,0.04615030321639672,0.0,0.0,0.0,0.0,0.0,0.13562600752283718,0.6536577876717586,0.21071620480540415,0.0,0.0,0.07495202272203884,0.0,0.0,0.0,0.0,0.0,0.0,0.9250479772779612,0.0,0.30954172104091504,0.6904429262301374,1.535272894757043e-05,0.0,0.0,0.0,0.0,0.0,0.0,0.0,0.0,0.017210409150226452,0.6246104245029555,0.3581791663468181,0.0,0.0,0.0,0.0,0.004805404160589544,0.6010439855684347,0.39415061027097564,0.0,0.0,0.0,0.0,0.0,0.0,1.0,0.0,0.0,0.0,0.0,0.0,0.0,0.2236739080371536,0.7763260919628464,0.0,0.0,0.0
tip_middle_root_1_2_2,57,舌右邊,169333,185.03897094726562,12.22897720336914,144.61996459960938,21.24648666381836,161.63536071777344,20.95762062072754,164.99276733398438,17.455211639404297,56.6287727355957,19.274457931518555,185.03897094726562,12.22897720336914,163.85874938964844,17.737049102783203,146.06442260742188,5.422135353088379,125.08344268798828,2.638774871826172,0.0,0.0,0.0,0.0,0.04795875582432249,0.6144224693355695,0.33761877484010794,0.0,0.0,0.0,3.543314061641854e-05,0.258213106718714,0.4722588036590623,0.2683351738881376,0.001157482593469672,0.0,0.0,0.0,0.0,0.10344705402963392,0.22928785292884435,0.6425918161256223,0.02467327691589944,0.0,0.011037423302014375,0.0,0.0,0.0,0.0,0.0,0.0012874041090632068,0.9876751725889225,0.10376004677174562,0.5248061511932111,0.36843379612951993,0.003000005905523436,0.0,0.0,0.0,0.0,0.0,0.0,0.0,0.0,0.04795875582432249,0.6144224693355695,0.33761877484010794,0.0,0.0,0.0,0.0,0.02075200935434912,0.31221321301813587,0.6285543869180845,0.03848039070943053,0.0,0.0,0.0,0.0,0.0,1.0,0.0,0.0,0.0,0.0,0.0,0.0,0.8649052458764682,0.13509475412353175,0.0,0.0,0.0
tip_middle_root_1_2_2,57,舌根,631232,186.8188934326172,19.528432846069336,156.25997924804688,23.548891067504883,161.48573303222656,22.730140686035156,126.71246337890625,73.93254852294922,44.60521697998047,15.121182441711426,186.8190155029297,19.528491973876953,171.52630615234375,21.474016189575195,140.2234344482422,4.6744608879089355,129.56924438476562,3.6784827709198,0.0,0.0007509125012673629,0.0024887838385886647,0.019675808577511913,0.06525017743080198,0.4013500582986921,0.510484259353138,0.0,0.0011041899016526412,0.0023984842340058804,0.016347396836662274,0.08465983980533306,0.3949007654871743,0.48195908952651323,0.018630234208658624,0.0,0.0009996324647673122,0.0015620247389232485,0.012474019061137586,0.06463075382743587,0.3032831035181993,0.5749455033965325,0.042104962993004154,0.0,0.26936688887762344,0.0,0.0,0.0,0.0,0.0,0.00683900689445402,0.7237941042279226,0.20396462790226097,0.6935722523572949,0.09832201155834938,0.0025537361857447026,0.0005433818310858766,0.0007841807766399676,0.0002582251850349792,1.5842035891716517e-06,0.0,0.0007509125012673629,0.0024887838385886647,0.019675808577511913,0.06525017743080198,0.4013500582986921,0.510484259353138,0.0,0.0007445756869106763,0.001113695123187671,0.005962942309642096,0.03629727263510088,0.16721110463347866,0.643476566460509,0.14519384315117104,0.0,0.0,0.0,0.0,0.0,1.0,0.0,0.0,0.0,0.0,0.0,0.0,0.27705978150664096,0.722940218493359,0.0,0.0,0.0
tip_middle_root_1_2_2,58,舌尖,236475,191.66961669921875,12.600930213928223,138.2641143798828,13.83775806427002,148.97756958007812,13.335119247436523,173.72201538085938,5.158727645874023,71.3232192993164,9.223370552062988,191.66961669921875,12.600930213928223,160.7495880126953,12.542963027954102,149.9550323486328,2.5377037525177,130.54197692871094,1.8452696800231934,0.0,0.0,0.0,0.0,0.001581562533037319,0.4407062057299926,0.55771223173697,0.0,0.0,0.0,4.228776826302992e-05,0.23543714980441907,0.6848969235648589,0.07962363886245903,0.0,0.0,0.0,0.0,0.0,0.03690030658631991,0.7464002537266096,0.21659794904323923,0.0001014906438312718,0.0,0.0007823237128660535,0.0,0.0,0.0,0.0,0.0,0.0,0.999217676287134,0.0,0.19130986362194735,0.7996363251929379,0.009053811185114705,0.0,0.0,0.0,0.0,0.0,0.0,0.0,0.0,0.001581562533037319,0.4407062057299926,0.55771223173697,0.0,0.0,0.0,0.0,9.726186700496881e-05,0.47991119568664764,0.5143292102759277,0.005662332170419706,0.0,0.0,0.0,0.0,0.0,0.9983719209218733,0.0016280790781266518,0.0,0.0,0.0,0.0,0.0,0.05009409028438524,0.9499059097156147,0.0,0.0,0.0
tip_middle_root_1_2_2,58,舌中,385450,210.50869750976562,6.389045715332031,171.47195434570312,12.20624828338623,177.07827758789062,10.096675872802734,156.09762573242188,54.60337448120117,47.66099548339844,9.82939624786377,210.50869750976562,6.389045715332031,188.11727905273438,9.66605281829834,143.13827514648438,3.353747606277466,130.630126953125,1.4262534379959106,0.0,0.0,0.0,0.0,0.0,0.008141133739784668,0.9875158905175768,0.004342975742638475,0.0,0.0,0.0,0.000329485017511999,0.16252951096121415,0.8245790634323518,0.012561940588922038,0.0,0.0,0.0,0.0,0.0,0.062181865352185756,0.8995174471397068,0.03830068750810741,0.0,0.11035932027500324,0.0,0.0,0.0,0.0,0.0,0.0,0.8896406797249967,0.018414839797639124,0.907788299390323,0.07379686081203787,0.0,0.0,0.0,0.0,0.0,0.0,0.0,0.0,0.0,0.0,0.008141133739784668,0.9875158905175768,0.004342975742638475,0.0,0.0,0.0,0.0,0.007482163704760669,0.5683486833571151,0.4241691529381243,0.0,0.0,0.0,0.0,0.0,1.0,0.0,0.0,0.0,0.0,0.0,0.0,0.003318199507069659,0.9966818004929303,0.0,0.0,0.0
tip_middle_root_1_2_2,58,舌左邊,163375,195.0607147216797,8.878318786621094,147.4405517578125,13.835796356201172,156.65130615234375,14.45751953125,173.76141357421875,7.470702648162842,62.60126876831055,10.582931518554688,195.0607147216797,8.878318786621094,167.85299682617188,11.745992660522461,147.3458251953125,2.825716495513916,130.30929565429688,1.666792631149292,0.0,0.0,0.0,0.0,6.120887528691661e-06,0.31984697781178273,0.679185921958684,0.0009609793420045907,0.0,0.0,0.0,0.07160214231063504,0.7446671767406274,0.18220045906656465,0.001530221882172915,0.0,0.0,0.0,0.0,0.023749043611323642,0.543681713848508,0.4208783473603673,0.011482785003825555,0.00020811017597551645,0.0017566947207345064,0.0,0.0,0.0,0.0,0.0,3.672532517214996e-05,0.9982065799540933,0.004602907421576129,0.525080336648814,0.47019433817903594,0.00012241775057383322,0.0,0.0,0.0,0.0,0.0,0.0,0.0,0.0,6.120887528691661e-06,0.31984697781178273,0.679185921958684,0.0009609793420045907,0.0,0.0,0.0,0.0,0.23226931905126244,0.7417107880642693,0.025903596021423107,0.00011629686304514155,0.0,0.0,0.0,0.0,1.0,0.0,0.0,0.0,0.0,0.0,0.0,0.026368783473603673,0.9736312165263963,0.0,0.0,0.0
tip_middle_root_1_2_2,58,舌右邊,176063,199.0323028564453,10.69877815246582,148.17127990722656,16.19870376586914,156.95668029785156,17.873973846435547,168.15249633789062,32.40880584716797,65.7261734008789,12.9010009765625,199.0323028564453,10.69877815246582,169.404296875,13.75888442993164,148.48696899414062,3.5764949321746826,131.07925415039062,2.392441511154175,0.0,0.0,0.0,0.0,0.0017664131589260662,0.19471439200740645,0.800349874760739,0.0031693200729284404,0.0,0.0,0.0002442307583081056,0.11596417191573472,0.644087627724167,0.23655736866916957,0.0031466009326207097,0.0,0.0,0.0,0.0004487030210776824,0.07309315415504677,0.43983119678751353,0.46747471075694497,0.019123836354032364,2.8398925384663444e-05,0.036276787286369086,0.0,0.0,0.0,0.0,0.0,0.0,0.9637232127136309,0.0009655634630785571,0.46449850337663223,0.5079091007196288,0.026626832440660445,0.0,0.0,0.0,0.0,0.0,0.0,0.0,0.0,0.0017664131589260662,0.19471439200740645,0.800349874760739,0.0031693200729284404,0.0,0.0,0.0,0.001987924776926441,0.21957481128914083,0.7372247434157092,0.04121252051822359,0.0,0.0,0.0,0.0,0.0,0.9970351521898412,0.0029648478101588637,0.0,0.0,0.0,0.0,0.0,0.03511243134559788,0.9648875686544022,0.0,0.0,0.0
tip_middle_root_1_2_2,58,舌根,659297,172.51712036132812,45.232505798339844,134.65298461914062,45.99903869628906,138.60134887695312,46.237579345703125,150.00921630859375,62.49032974243164,62.963748931884766,27.723533630371094,172.51712036132812,45.232505798339844,151.32040405273438,46.31664276123047,143.3045654296875,3.745875597000122,131.70547485351562,1.8869582414627075,0.0003564402689531425,0.03879890246732504,0.06688336212662882,0.0713153555984632,0.08624034388143735,0.23018609215573557,0.5062119196659473,7.58383550964133e-06,0.03499636734279088,0.09409113040101805,0.07360870745657876,0.1020465738506318,0.3022901666472015,0.38668612173269407,0.00628093256908495,0.0,0.0236964524334253,0.09703517534586081,0.07209800742305819,0.09570042029616395,0.2688515191180909,0.4205843496936889,0.02203407568971192,0.0,0.14988085794414355,0.0,0.0,0.0,0.0,0.0,0.0,0.8501191420558565,0.0331944480257001,0.616081978228325,0.20280844596593037,0.11253198482626191,0.03256802321260373,0.002707429276941955,0.00010617369713497862,1.516767101928266e-06,0.0003564402689531425,0.03879890246732504,0.06688336212662882,0.0713153555984632,0.08624034388143735,0.23018609215573557,0.5062119196659473,7.58383550964133e-06,0.009939374818935927,0.07779346789079884,0.07185077438544389,0.07339636006230879,0.16383814881608744,0.4775010351935471,0.12568083883287806,0.0,0.0,0.0,0.0,0.0,0.9999969664657962,3.033534203856532e-06,0.0,0.0,0.0,0.0,0.0,0.006279415801983022,0.993720584198017,0.0,0.0,0.0
tip_middle_root_1_2_2,59,舌尖,161058,207.00999450683594,11.411294937133789,142.86871337890625,11.658312797546387,155.14230346679688,12.21094799041748,173.50836181640625,10.615849494934082,79.07561492919922,10.208395957946777,207.00999450683594,11.411294937133789,168.28382873535156,10.322488784790039,154.0435028076172,3.4290404319763184,131.49693298339844,2.06541109085083,0.0,0.0,0.0,0.0,0.0,0.10398738342708838,0.8672465819766793,0.028766034596232413,0.0,0.0,0.0,0.10356517527847112,0.8399086043537111,0.056526220367817806,0.0,0.0,0.0,0.0,0.0,0.013020154230153113,0.5960523538104285,0.39092128301605633,6.208943362018652e-06,0.0,0.0037936643941933962,0.0,0.0,0.0,0.0,0.0,0.0,0.9962063356058066,0.0006395211662879211,0.05080778353139863,0.8985210296911672,0.050031665611146296,0.0,0.0,0.0,0.0,0.0,0.0,0.0,0.0,0.0,0.10398738342708838,0.8672465819766793,0.028766034596232413,0.0,0.0,0.0,0.0,0.2065591277676365,0.7931490518943486,0.00029182033801487665,0.0,0.0,0.0,0.0,0.0,0.9582448558904245,0.04175514410957543,0.0,0.0,0.0,0.0,0.0,0.03044865824733947,0.9695513417526606,0.0,0.0,0.0
tip_middle_root_1_2_2,59,舌中,398412,207.29544067382812,4.379748821258545,167.085693359375,13.169358253479004,176.6239013671875,10.810118675231934,165.83346557617188,33.51798629760742,49.544490814208984,15.71554183959961,207.29544067382812,4.379748821258545,184.6481170654297,9.124265670776367,144.2603302001953,5.51810359954834,128.8424072265625,1.9910597801208496,0.0,0.0,0.0,0.0,0.0,0.0020380912221519432,0.9979568888487295,5.019929118600845e-06,0.0,0.0,0.0,0.0013578908265815288,0.2700019075730651,0.7235324237221771,0.00510777787817636,0.0,0.0,0.0,0.0,0.0001330281216429224,0.08231177775769806,0.8728050359928918,0.04475015812776723,0.0,0.0397754083712338,0.0,0.0,0.0,0.0,0.0,0.00020581709386263466,0.9600187745349036,0.0801783078822927,0.7239540977681395,0.18981606979709448,0.006051524552473319,0.0,0.0,0.0,0.0,0.0,0.0,0.0,0.0,0.0,0.0020380912221519432,0.9979568888487295,5.019929118600845e-06,0.0,0.0,0.0,0.0,0.003052116904109314,0.7502108370229812,0.24673704607290944,0.0,0.0,0.0,0.0,0.0,0.990416955312591,0.009583044687409014,0.0,0.0,0.0,0.0,0.0,0.22311576960533316,0.7768842303946668,0.0,0.0,0.0
tip_middle_root_1_2_2,59,舌左邊,138425,199.1905059814453,13.100366592407227,155.48243713378906,20.671051025390625,165.91650390625,20.46888542175293,172.48443603515625,5.055604934692383,56.755584716796875,15.517200469970703,199.1905059814453,13.100366592407227,174.5131378173828,17.464479446411133,145.9592742919922,4.1732096672058105,129.0312042236328,1.8943549394607544,0.0,0.0,0.0,0.0,0.009210763951598339,0.22644031063752934,0.7643489254108723,0.0,0.0,0.0,0.0006284991872855337,0.12710854253205708,0.3873144301968575,0.4808018782734333,0.004146649810366624,0.0,0.0,0.0,0.0002167238576846668,0.04352537475167058,0.3119234242369514,0.589597254831136,0.054737222322557344,0.0,0.0007007404731804226,0.0,0.0,0.0,0.0,0.0,0.0,0.9992992595268195,0.022040816326530613,0.6344518692432726,0.34013364637890553,0.003373668051291313,0.0,0.0,0.0,0.0,0.0,0.0,0.0,0.0,0.009210763951598339,0.22644031063752934,0.7643489254108723,0.0,0.0,0.0,0.0,0.003359219794112335,0.21426042983565108,0.6101715730540004,0.17220877731623624,0.0,0.0,0.0,0.0,0.0,1.0,0.0,0.0,0.0,0.0,0.0,0.0,0.18399133104569262,0.8160086689543073,0.0,0.0,0.0
tip_middle_root_1_2_2,59,舌右邊,127554,198.2586212158203,15.807572364807129,154.11276245117188,22.435489654541016,162.17250061035156,22.42156219482422,162.83563232421875,42.69109344482422,57.85068893432617,15.84748363494873,198.2586212158203,15.807572364807129,173.1296844482422,19.400592803955078,145.777099609375,4.45598840713501,130.31932067871094,2.2820475101470947,0.0,0.0,0.0,0.0,0.03325650312808693,0.22511250137196795,0.7415761167819119,5.487871803314675e-05,0.0,0.0,0.003935588064662809,0.1461733853897173,0.3830456120545024,0.45117362058422317,0.015671793906894334,0.0,0.0,0.0,0.0045078946955799115,0.08498361478275868,0.29353058312557817,0.5767204478103392,0.040257459585744074,0.0,0.06525863555827335,0.0,0.0,0.0,0.0,0.0,0.0,0.9347413644417266,0.03205701114821958,0.5901892531790457,0.36591561221129876,0.01183812346143594,0.0,0.0,0.0,0.0,0.0,0.0,0.0,0.0,0.03325650312808693,0.22511250137196795,0.7415761167819119,5.487871803314675e-05,0.0,0.0,0.0,0.017490631418850055,0.22823274848299543,0.5823337566834439,0.17194286341471063,0.0,0.0,0.0,0.0,0.0,0.9998275240290386,0.00017247597096131835,0.0,0.0,0.0,0.0,0.0,0.08678677266099064,0.9132132273390093,0.0,0.0,0.0
tip_middle_root_1_2_2,59,舌根,695195,186.93995666503906,27.17469024658203,153.5982208251953,32.066200256347656,150.058837890625,37.60273742675781,81.97362518310547,83.04096221923828,58.11624526977539,29.67828941345215,186.94412231445312,27.170873641967773,168.8686981201172,30.316225051879883,140.08819580078125,3.716179132461548,134.7690887451172,7.141659259796143,0.0009421816900294163,0.0018023719963463488,0.006698839893842735,0.04139989499349103,0.08821553664799085,0.27080459439437854,0.5901351419385927,1.438445328289185e-06,0.0038449643625169914,0.014764202849560195,0.05279813577485454,0.10209653406598149,0.27443379195765216,0.5329065945526076,0.019155776436827077,0.0,0.00564733635886334,0.031214263623875315,0.06530685634965729,0.13747653536058227,0.23552096893677313,0.4727263573529729,0.05210768201727573,0.0,0.5491423269730076,0.0,0.0,0.0,0.0,0.00034522687878940444,0.0012226785290458072,0.44928976761915723,0.13242759225828724,0.5498414114025562,0.20113349491869187,0.08001639827674249,0.02742971396514647,0.008433604959759491,0.0007033997655334115,1.4384453282891851e-05,0.0009421816900294163,0.0018023719963463488,0.006698839893842735,0.04139989499349103,0.08797387783283826,0.27104625320953113,0.5901351419385927,1.438445328289185e-06,0.0023791885729903123,0.004414588712519509,0.030102345385107775,0.0686569955192428,0.18425765432720315,0.48568818820618676,0.2245010392767497,0.0,0.0,0.0,0.0,0.0,0.999979861765404,2.013823459604859e-05,0.0,0.0,0.0,0.0,0.0,0.10811498931954344,0.8918850106804566,0.0,0.0,0.0
tip_middle_root_1_2_2,6,舌尖,66238,143.93104553222656,13.163381576538086,92.05818176269531,10.350604057312012,111.01155090332031,12.16653823852539,168.920166015625,5.608989238739014,92.04537963867188,8.465947151184082,143.93104553222656,13.163381576538086,115.54805755615234,11.314192771911621,152.0421600341797,2.6211841106414795,126.19759368896484,1.8490220308303833,0.0,0.0,0.00045291222561067666,0.14402608774419517,0.8143059874996226,0.041215012530571575,0.0,0.0,0.0,0.01216824179474018,0.5915486578701048,0.3957245085902352,0.0005585917449198346,0.0,0.0,0.0,0.0,0.004514025181919744,0.09022011534164678,0.8578912406775567,0.04737461879887678,0.0,0.0,0.0,0.0009662127479694435,0.0,0.0,0.0,0.0,0.0,0.0,0.9990337872520305,0.0,0.0011624747124007366,0.6638183520033818,0.33393218394275187,0.001086989341465624,0.0,0.0,0.0,0.0,0.0,0.00045291222561067666,0.14402608774419517,0.8143059874996226,0.041215012530571575,0.0,0.0,0.0,4.529122256106766e-05,0.06216975150215888,0.8386273740149159,0.09915758326036414,0.0,0.0,0.0,0.0,0.0,0.0,0.0,1.0,0.0,0.0,0.0,0.0,0.0,0.0,0.818608653642924,0.181391346357076,0.0,0.0,0.0
tip_middle_root_1_2_2,6,舌中,151914,141.8926544189453,11.577518463134766,104.68185424804688,11.376348495483398,120.82928466796875,11.047396659851074,166.72804260253906,3.0816149711608887,66.9256362915039,13.799982070922852,141.8926544189453,11.577518463134766,123.64977264404297,10.958674430847168,145.56211853027344,3.616711378097534,124.98097229003906,1.846112847328186,0.0,0.0,0.00023039351211869873,0.11703332148452414,0.8390010137314533,0.04373527127190384,0.0,0.0,0.0,0.0016654159590294509,0.17295970088339455,0.8220769645983912,0.003297918559184802,0.0,0.0,0.0,0.0,0.00046078702423739745,0.03153758047316245,0.6822873467883145,0.2857142857142857,0.0,0.0,0.0,0.0,0.0,0.0,0.0,0.0,0.0,0.0007833379412035757,0.9992166620587964,9.874007662229945e-05,0.46671801150651027,0.5019945495477705,0.03113603749489843,5.2661374198559714e-05,0.0,0.0,0.0,0.0,0.0,0.00023039351211869873,0.11703332148452414,0.8390010137314533,0.04373527127190384,0.0,0.0,0.0,6.582671774819964e-06,0.02923364535197546,0.5518977842726805,0.41886198770356914,0.0,0.0,0.0,0.0,0.0,0.0,0.0,1.0,0.0,0.0,0.0,0.0,0.0,0.0,0.9050976210224205,0.09490237897757942,0.0,0.0,0.0
tip_middle_root_1_2_2,6,舌左邊,53889,135.6682586669922,13.808302879333496,102.12761688232422,13.267391204833984,116.90940856933594,14.175625801086426,166.1707763671875,3.1570487022399902,62.99289321899414,16.258699417114258,135.6682586669922,13.808302879333496,119.89374542236328,13.017250061035156,143.97364807128906,4.188165664672852,125.11516571044922,1.4329277276992798,0.0,0.0,0.0,0.27705097515262855,0.7103861641522389,0.012562860695132587,0.0,0.0,0.0,5.566998830930246e-05,0.3134777041696821,0.6819202434634155,0.0045463823785930335,0.0,0.0,0.0,0.0,0.0,0.10599565774091188,0.6179368702332573,0.2760674720258309,0.0,0.0,0.0,0.0,0.0,0.0,0.0,0.0,0.0,0.0029319527176232627,0.9970680472823767,0.0005938132086325595,0.6066544192692386,0.3607229675815101,0.03202879994061868,0.0,0.0,0.0,0.0,0.0,0.0,0.0,0.27705097515262855,0.7103861641522389,0.012562860695132587,0.0,0.0,0.0,0.0,0.04474011393790941,0.6063760693276921,0.3488838167343985,0.0,0.0,0.0,0.0,0.0,0.0,0.0,1.0,0.0,0.0,0.0,0.0,0.0,0.0,0.9586743120117278,0.041325687988272186,0.0,0.0,0.0
tip_middle_root_1_2_2,6,舌右邊,13547,116.0406723022461,7.852193355560303,73.63829803466797,15.829691886901855,94.53244018554688,14.331748962402344,164.72967529296875,2.7805237770080566,94.56005096435547,24.96180534362793,116.0406723022461,7.852193355560303,93.7992935180664,13.589462280273438,149.38540649414062,4.424117088317871,123.43832397460938,1.4812431335449219,0.0,0.0,0.00014763416254521297,0.8955488299992618,0.10430353583819296,0.0,0.0,0.0,0.0,0.3179301690411161,0.5607145493467188,0.12135528161216505,0.0,0.0,0.0,0.0,0.0,7.381708127260648e-05,0.5865505277921311,0.40606776408060824,0.007307891045988042,0.0,0.0,0.0,0.0,0.0,0.0,0.0,0.0,0.0,0.010629659703255334,0.9893703402967446,0.0,0.14172879604340444,0.33763932974090205,0.43234664501365616,0.08828522920203735,0.0,0.0,0.0,0.0,0.0,0.00014763416254521297,0.8955488299992618,0.10430353583819296,0.0,0.0,0.0,0.0,0.0004429024876356389,0.6067025909795527,0.39137816490735955,0.0014763416254521297,0.0,0.0,0.0,0.0,0.0,0.0,0.0,1.0,0.0,0.0,0.0,0.0,0.0,0.0,0.9925444747914668,0.007455525208533254,0.0,0.0,0.0
tip_middle_root_1_2_2,6,舌根,252862,110.94371032714844,27.83380699157715,83.6825942993164,25.925121307373047,96.70999908447266,28.300081253051758,165.51690673828125,10.068668365478516,66.41472625732422,20.802452087402344,110.94374084472656,27.83371353149414,98.27485656738281,28.79205322265625,141.60110473632812,3.7982141971588135,124.99699401855469,2.364680290222168,0.026820953721792915,0.053562812917717965,0.13487198550988286,0.4789727202980282,0.3057715275525781,0.0,0.0,0.0,0.056141294461010356,0.14521359476710616,0.3929930159533659,0.40498374607493415,0.0006683487435834566,0.0,0.0,0.0,0.04503246830286876,0.08819435106896252,0.2333446702153744,0.5525899502495433,0.0808385601632511,0.0,0.0,0.0,0.0030095467092722513,0.0,0.0,0.0,0.0,0.0,0.01028228836282241,0.9867081649279054,0.001316923855699947,0.5433793927122303,0.3460227317667344,0.0994890493628936,0.009783992849854862,7.909452586786468e-06,0.0,0.0,0.026820953721792915,0.053562812917717965,0.13487198550988286,0.4789727202980282,0.3057715275525781,0.0,0.0,0.0,0.04353758176396612,0.08168882631633065,0.22490528430527323,0.5533136651612341,0.09655464245319581,0.0,0.0,0.0,0.0,0.0,0.0,0.0,1.0,0.0,0.0,0.0,0.0,0.0,0.0,0.8589270036620765,0.14107299633792345,0.0,0.0,0.0
tip_middle_root_1_2_2,60,舌尖,204487,208.85748291015625,10.447487831115723,161.79339599609375,14.363631248474121,182.9440460205078,15.658173561096191,162.6438446044922,22.71440315246582,57.937957763671875,11.331244468688965,208.85748291015625,10.447487831115723,182.11976623535156,12.122103691101074,148.7509765625,3.723238706588745,123.9091567993164,2.5504937171936035,0.0,0.0,0.0,0.0,0.0009144835613021855,0.0676766738227858,0.913099610244172,0.018309232371740012,0.0,0.0,0.0,0.009805024280272096,0.4257287749343479,0.5538493889587113,0.010616811826668689,0.0,0.0,0.0,4.401257781668272e-05,0.009218189909382992,0.04269709076860632,0.6349352281563131,0.3129147574173419,0.00019072117053895848,0.020363152669851874,0.0,0.0,0.0,0.0,0.0,0.0008851418427577303,0.9787517054873904,0.0014670859272227575,0.6790505019879014,0.31793708157486783,0.0015453305100079711,0.0,0.0,0.0,0.0,0.0,0.0,0.0,0.0,0.0009144835613021855,0.0676766738227858,0.913099610244172,0.018309232371740012,0.0,0.0,0.0,0.0,0.033170812814506546,0.7420569522756948,0.22477223490979867,0.0,0.0,0.0,0.0,0.0,0.9976966750942603,0.002303324905739729,0.0,0.0,0.0,0.0,0.0,0.9567258554333528,0.04327414456664727,0.0,0.0,0.0
tip_middle_root_1_2_2,60,舌中,372240,214.72744750976562,5.37507963180542,179.00833129882812,9.46507453918457,197.9767303466797,8.867326736450195,163.90211486816406,2.9097235202789307,42.513675689697266,7.837520122528076,214.7283477783203,5.373927593231201,195.2601776123047,7.522119045257568,144.0061492919922,2.7493722438812256,123.38714599609375,1.648295521736145,0.0,0.0,0.0,0.0,0.0,0.0018858800773694391,0.9656323877068558,0.03248173221577477,0.0,0.0,0.0,0.0,0.025666236836449603,0.8877122286696755,0.08662153449387491,0.0,0.0,0.0,0.0,0.0,0.0017569310122501612,0.17430689877498387,0.8232242639157533,0.00071190629701268,0.0,0.0,0.0,0.0,0.0,0.0,0.012983558994197291,0.9870164410058027,0.07472061035890823,0.9187191059531485,0.006560283687943262,0.0,0.0,0.0,0.0,0.0,0.0,0.0,0.0,0.0,0.0,0.0018751343219428325,0.9656431334622824,0.03248173221577477,0.0,0.0,0.0,0.0,0.00013163550397592952,0.29477756286266926,0.7050908016333548,0.0,0.0,0.0,0.0,0.0,1.0,0.0,0.0,0.0,0.0,0.0,0.0,0.9745083816892327,0.025491618310767246,0.0,0.0,0.0
tip_middle_root_1_2_2,60,舌左邊,144438,211.79296875,13.554342269897461,176.0189208984375,17.00775146484375,192.75596618652344,16.54610824584961,165.65579223632812,2.4320414066314697,43.43399429321289,10.161477088928223,211.79296875,13.55435562133789,192.27734375,14.925973892211914,143.7344512939453,3.062748670578003,124.45020294189453,1.174294352531433,0.0,0.0,0.0,0.0,0.010426619033772276,0.08447223029950567,0.8460308229136377,0.05907032775308437,0.0,0.0,0.0,0.015986097841288304,0.13603068444592142,0.7154349963306055,0.13254822138218475,0.0,0.0,0.0,0.0,0.00247857212091001,0.05887647295033163,0.27058668771375954,0.6671443802877359,0.0009138869272629086,0.0,0.0,0.0,0.0,0.0,0.0,0.004915603926944433,0.9950843960730555,0.09527963555297082,0.8718204350655645,0.03289992938146471,0.0,0.0,0.0,0.0,0.0,0.0,0.0,0.0,0.0,0.010426619033772276,0.08447223029950567,0.8460308229136377,0.05907032775308437,0.0,0.0,0.0,5.5387086500782343e-05,0.054307038314017085,0.27742006951079357,0.6682175050886886,0.0,0.0,0.0,0.0,0.0,1.0,0.0,0.0,0.0,0.0,0.0,0.0,0.9803445076780348,0.019655492321965135,0.0,0.0,0.0
tip_middle_root_1_2_2,60,舌右邊,149384,214.33987426757812,15.631285667419434,174.426513671875,16.262508392333984,190.63919067382812,19.88743019104004,161.02215576171875,30.807796478271484,48.074527740478516,8.139541625976562,214.33987426757812,15.631285667419434,191.72654724121094,15.165335655212402,145.11572265625,2.778399705886841,125.30988311767578,2.7079365253448486,0.0,0.0,0.0,0.0,0.005877470144058266,0.09762089648155091,0.6148583516306967,0.28164328174369413,0.0,0.0,0.0,0.005455738231671397,0.16825764472768168,0.7382584480265624,0.0880281690140845,0.0,0.0,0.0,0.0,0.01119932522894018,0.0841254752851711,0.2513990788839501,0.6528476945322123,0.00042842606972634284,0.03741364537032078,0.0,0.0,0.0,0.0,0.0,0.0004752851711026616,0.9621110694585766,0.008207036898195255,0.9406897659722594,0.051103197129545336,0.0,0.0,0.0,0.0,0.0,0.0,0.0,0.0,0.0,0.005877470144058266,0.09762089648155091,0.6148583516306967,0.28164328174369413,0.0,0.0,0.0,0.00012718898945000804,0.06780511969153323,0.27808868419643334,0.6539790071225834,0.0,0.0,0.0,0.0,0.0,1.0,0.0,0.0,0.0,0.0,0.0,0.0,0.8710973062710866,0.12890269372891341,0.0,0.0,0.0
tip_middle_root_1_2_2,60,舌根,601517,190.11911010742188,33.80329132080078,155.24795532226562,37.303504943847656,169.81570434570312,38.24299240112305,166.58641052246094,8.904767990112305,49.726497650146484,20.890037536621094,190.1217041015625,33.80451202392578,171.794921875,35.498897552490234,143.4947052001953,4.124005317687988,125.49661254882812,2.347135543823242,0.0,0.00029425602268930053,0.017063524389169384,0.07206778860780327,0.07880076539815167,0.17186546681141182,0.6456575624629063,0.014250636307868273,0.0015593906739127905,0.029169582904556315,0.0715158507573352,0.08769660707843668,0.23935150627496812,0.45888644876204665,0.11182061354874426,0.0,0.0005569252406831394,0.013454316336861635,0.06298242609934548,0.07139947831898351,0.12720338743543408,0.3640329367249803,0.3603023688441058,6.816099960599617e-05,0.002302511815958651,0.0,0.0,0.0,0.0,3.1586804695461644e-05,0.014265598478513492,0.9834003029008324,0.17362601555733254,0.6200822254400125,0.16944325763029142,0.0306807621397234,0.0046831594119534446,0.0013948067968153851,8.977302387131203e-05,0.0,0.0,0.00029425602268930053,0.017063524389169384,0.07206612614439825,0.07879411554453157,0.17184884217736157,0.645637612902046,0.01429552281980393,0.00014795924304716242,0.0061827014032853605,0.053290264448053834,0.07581165619591798,0.11725853134657874,0.384740580897963,0.3625533442945087,1.4962170645218672e-05,0.0,0.0,0.0,0.0,0.9996242832704645,0.0003757167295354911,0.0,0.0,0.0,0.0,0.0,0.8297903467399924,0.17020965326000762,0.0,0.0,0.0
tip_middle_root_1_2_2,64,舌尖,188809,135.5807342529297,14.589395523071289,77.4002914428711,16.776626586914062,88.42167663574219,16.509693145751953,169.04823303222656,27.854463577270508,111.28128051757812,18.503726959228516,135.5807342529297,14.589395523071289,102.20816040039062,15.6146879196167,153.89166259765625,4.174798965454102,132.39910888671875,3.1767544746398926,0.0,0.0,0.0055241010756902475,0.23163620378265867,0.7232917922344804,0.034002616400701235,0.005455248425657675,9.00380808118257e-05,0.00024363245396141073,0.16153890969180495,0.7241339131079556,0.09820506437722779,0.013797011794988587,0.002033801354808298,4.766721925331949e-05,0.0,0.0,0.04198952380447966,0.7119311049791058,0.22053503805433003,0.020115566524900826,0.005211615971696264,0.00021715066548734434,0.0,0.028843964005953106,0.0,0.0,0.0,0.0,0.0,0.00013770530006514519,0.9710183306939818,1.588907308443983e-05,0.013235597879338378,0.1694993353071093,0.6346996170733387,0.17926052253865016,0.003289038128479045,0.0,0.0,0.0,0.0,0.0055241010756902475,0.23163620378265867,0.7232917922344804,0.034002616400701235,0.005455248425657675,9.00380808118257e-05,0.0,0.0057306590257879654,0.293375845431097,0.6510759550657013,0.04029468934213941,0.009136217023552903,0.0003866341117213692,0.0,0.0,0.0,0.0,0.0,0.9434084180309201,0.05659158196907987,0.0,0.0,0.0,0.0,0.0,0.03803314460645414,0.9619668553935459,0.0,0.0,0.0
tip_middle_root_1_2_2,64,舌中,393024,135.79917907714844,8.286355018615723,96.30351257324219,10.207181930541992,108.31890106201172,9.906830787658691,170.72837829589844,3.0557010173797607,74.41612243652344,12.42592716217041,135.79917907714844,8.286355018615723,115.4921646118164,9.334444046020508,145.97691345214844,2.8168656826019287,127.64584350585938,1.7298610210418701,0.0,0.0,0.0,0.15766467187754438,0.8406942069695489,0.0016385767790262173,2.544373880475493e-06,0.0,0.0,0.0009414183357759323,0.47861962628236443,0.5200598436736688,0.0003791117081908484,0.0,0.0,0.0,0.0,0.0,0.08926172447484124,0.888243466047875,0.02249480947728383,0.0,0.0,0.0,0.00012721869402377464,0.0,0.0,0.0,0.0,0.0,0.0,0.9998727813059762,0.0,0.19394235466536394,0.7439291239211855,0.06143899609184172,0.0006895253216088585,0.0,0.0,0.0,0.0,0.0,0.0,0.15766467187754438,0.8406942069695489,0.0016385767790262173,2.544373880475493e-06,0.0,0.0,0.0,0.015266243282852955,0.8731146189545677,0.1116165933886989,2.544373880475493e-06,0.0,0.0,0.0,0.0,0.0,0.0,0.9995801783097216,0.00041982169027845627,0.0,0.0,0.0,0.0,0.0,0.4734316479400749,0.5265683520599251,0.0,0.0,0.0
tip_middle_root_1_2_2,64,舌左邊,147880,140.60025024414062,10.84814453125,92.3913345336914,12.538832664489746,101.40851593017578,13.19359016418457,173.50473022460938,12.344788551330566,88.15045166015625,12.32876205444336,140.60025024414062,10.84814453125,113.829345703125,12.060401916503906,149.07752990722656,2.2221531867980957,130.9970245361328,1.7625983953475952,0.0,0.0,2.028671896131999e-05,0.12737354611847443,0.8553218826075196,0.017128753043007844,0.00015553151203678657,0.0,0.0,0.03192453340546389,0.5200635650527454,0.44603732756288883,0.0019610494995942656,1.352447930754666e-05,0.0,0.0,0.0,0.0032323505545036515,0.2682039491479578,0.7164931025155532,0.012009737625101434,6.086015688395997e-05,0.0,0.0,0.004990532864484717,0.0,0.0,0.0,0.0,0.0,0.0,0.9950094671355153,0.0,0.006383554233162023,0.7818569110089262,0.2000743846361915,0.011685150121720314,0.0,0.0,0.0,0.0,0.0,2.028671896131999e-05,0.12737354611847443,0.8553218826075196,0.017128753043007844,0.00015553151203678657,0.0,0.0,0.0,0.09512442520962942,0.820347579118204,0.08413578577224777,0.0003922098999188531,0.0,0.0,0.0,0.0,0.0,0.0,0.9999864755206924,1.352447930754666e-05,0.0,0.0,0.0,0.0,0.0,0.007519610494995943,0.9924803895050041,0.0,0.0,0.0
tip_middle_root_1_2_2,64,舌右邊,134973,138.1605224609375,11.630791664123535,90.7718734741211,13.270280838012695,103.5841293334961,14.102134704589844,170.7014923095703,14.051383018493652,88.2544174194336,13.072514533996582,138.1605224609375,11.630791664123535,112.330078125,12.867093086242676,149.41329956054688,2.4376721382141113,128.76394653320312,1.9237396717071533,0.0,0.0001704044512606225,0.003148777903728894,0.15765375297281678,0.8210605083979758,0.017929511828291583,3.7044445926222285e-05,0.0,0.0002889466782245338,0.023834396508931415,0.5994013617538323,0.37363028161187795,0.002807969001207649,3.7044445926222285e-05,0.0,0.0,0.00014817778370488914,0.00633460025338401,0.2548657879724093,0.71101627732954,0.02756106776910938,7.408889185244457e-05,0.0,0.0,0.006719862491016722,0.0,0.0,0.0,0.0,0.0,0.0,0.9932801375089833,0.0,0.013773124995369444,0.7298200380816904,0.2517985078497181,0.004608329073222052,0.0,0.0,0.0,0.0,0.0001704044512606225,0.003148777903728894,0.15765375297281678,0.8210605083979758,0.017929511828291583,3.7044445926222285e-05,0.0,5.927111348195565e-05,0.0021337600853504036,0.10021263511961652,0.797818823023864,0.09959028842805598,0.0001852222296311114,0.0,0.0,0.0,0.0,0.0,0.0,0.9999777733324443,2.2226667555733368e-05,0.0,0.0,0.0,0.0,0.0,0.2282382402406407,0.7717617597593592,0.0,0.0,0.0
tip_middle_root_1_2_2,64,舌根,699651,116.9524917602539,31.114633560180664,81.79533386230469,24.773292541503906,87.29735565185547,27.174724578857422,141.60572814941406,67.89852905273438,79.18383026123047,21.1138916015625,116.9524917602539,31.114633560180664,98.07232666015625,28.7935791015625,143.49049377441406,5.532960414886475,130.7928924560547,1.8133409023284912,0.014918866692107922,0.08649455228392441,0.10147487818926865,0.2612230955147638,0.5354283778626773,0.0004602294572579758,0.0,0.0,0.06274699814621862,0.14429479840663417,0.46070683812357877,0.3321413104533546,0.00011005487021386376,0.0,0.0,0.0,0.06451073463769794,0.12626866823602054,0.30807931382932346,0.49826270526305255,0.0028785780339054758,0.0,0.0,0.0,0.19123534447889018,0.0,0.0,0.0,0.0,0.0,0.0,0.8087646555211098,0.0,0.3208185223775854,0.4548181879251227,0.20591695002222538,0.01663829537869595,0.0017923221720543528,1.572212431626625e-05,0.0,0.014918866692107922,0.08649455228392441,0.10147487818926865,0.2612230955147638,0.5354283778626773,0.0004602294572579758,0.0,0.0,0.04804538262648092,0.09967540959707054,0.15708260261187362,0.6349422783644989,0.06025432680007604,0.0,0.0,0.0,0.0,0.0,0.0,0.0,1.0,0.0,0.0,0.0,0.0,0.0,0.0,0.026604692911180002,0.97339530708882,0.0,0.0,0.0
tip_middle_root_1_2_2,68,舌尖,125699,132.12472534179688,13.552629470825195,100.71932220458984,19.36577606201172,120.2072982788086,21.56442642211914,157.31239318847656,20.051776885986328,62.77157974243164,20.119924545288086,132.3897705078125,13.895548820495605,118.193359375,18.1043701171875,144.1656036376953,3.4515044689178467,122.15569305419922,3.406968832015991,0.0,0.0,0.003166294083485151,0.352954279668096,0.6328053524689934,0.01104225172833515,3.1822051090303024e-05,0.0,0.0,0.02315054216819545,0.36440226254783253,0.5320646942298666,0.08002450297933954,0.000357998074765909,0.0,0.0,0.0,0.009339771995003939,0.12984192396120892,0.4548405317464737,0.39273979904374734,0.01319819568970318,3.977756386287878e-05,0.0,0.014582454912131362,0.0,0.0,0.0,0.0,7.955512772575756e-05,0.3805837755272516,0.6047542144328912,0.015592805034248482,0.5540855535843563,0.3541635176095275,0.07335778327592105,0.0028003404959466662,0.0,0.0,0.0,0.0,0.0,0.003166294083485151,0.352484904414514,0.627936578652177,0.016364489773188332,4.773307663545454e-05,0.0,0.0,0.0006364410218060605,0.12553799155124543,0.5406566480242484,0.32894454212046237,0.004224377282237727,0.0,0.0,0.0,0.0,0.0,0.0,0.9997056460274147,0.000294353972585303,0.0,0.0,0.0,0.0,0.0,0.9442477664897891,0.0557522335102109,0.0,0.0,0.0
tip_middle_root_1_2_2,68,舌中,246942,142.76516723632812,12.495933532714844,119.38243103027344,15.408329963684082,140.98037719726562,15.532815933227539,151.7409210205078,5.450455188751221,44.1030158996582,10.639845848083496,143.87728881835938,13.243978500366211,135.09439086914062,14.606964111328125,141.11239624023438,2.3691487312316895,119.73303985595703,1.6030713319778442,0.0,0.0,0.0023122838561281597,0.10973831911946935,0.8243474176122328,0.06354933547148724,5.264394068242745e-05,0.0,1.2148601695944797e-05,0.00310599250026322,0.06025706441188619,0.6089000656024491,0.32674069214633394,0.0009840367373715286,0.0,0.0,0.0,0.0002956159746013234,0.008900875509228887,0.17385458933676734,0.722120983874756,0.09466190441480185,0.0001660308898445789,0.0,0.0,0.0,0.0,0.0,0.0,0.0007208170339593913,0.8681633743956071,0.13111580857043353,0.06182828356456172,0.8894882199058888,0.0458771695377862,0.002640296101918669,0.00016198135594593061,4.0495338986482655e-06,0.0,0.0,0.0,0.0,0.0023082343222295115,0.10536077297503058,0.78888564926177,0.10327931255112537,0.0001660308898445789,0.0,0.0,0.00034421038138510255,0.010609778814458456,0.27332734002316333,0.6938835839994817,0.021814839112018206,2.0247669493241327e-05,0.0,0.0,0.0,0.0,0.0,1.0,0.0,0.0,0.0,0.0,0.0,0.0,0.9998015728389662,0.000198427161033765,0.0,0.0,0.0
tip_middle_root_1_2_2,68,舌左邊,71210,121.6246566772461,12.814516067504883,89.1407241821289,20.076446533203125,113.30032348632812,21.458633422851562,155.99917602539062,7.5906548500061035,71.81324005126953,22.552474975585938,122.62728881835938,14.034452438354492,107.02587890625,18.62261962890625,145.77239990234375,3.670198917388916,119.66816711425781,2.6275382041931152,0.0,0.0,0.005996348827411881,0.6690914197444179,0.3228479146187333,0.002050273837944109,1.404297149276787e-05,0.0,0.0,0.11613537424519028,0.48686982165426207,0.3722089594158124,0.02465945794130038,0.00012638674343491083,0.0,0.0,0.0,0.0010110939474792867,0.24312596545429013,0.46955483780367924,0.2796938632214577,0.006572110658615363,4.212891447830361e-05,0.0,0.0,0.0,0.0,0.0,0.0,1.404297149276787e-05,0.49050695127088895,0.5094790057576183,5.617188597107148e-05,0.4431821373402612,0.3720825726723775,0.18099985957028508,0.003679258531105182,0.0,0.0,0.0,0.0,0.0,0.005982305855919113,0.6461873332397136,0.34115994944530265,0.006628282544586434,4.212891447830361e-05,0.0,0.0,0.000547675888217947,0.30297710995646676,0.5450919814632776,0.15033000983008005,0.0010532228619575903,0.0,0.0,0.0,0.0,0.0,0.0,1.0,0.0,0.0,0.0,0.0,0.0,0.0,0.9965313860412863,0.0034686139587136637,0.0,0.0,0.0
tip_middle_root_1_2_2,68,舌右邊,116488,136.67945861816406,16.528635025024414,107.28413391113281,23.866968154907227,128.78196716308594,25.483797073364258,156.14390563964844,8.029239654541016,58.21622848510742,22.51089859008789,137.2918701171875,17.27172088623047,124.39302062988281,22.23412322998047,143.6668701171875,3.620051145553589,120.77898406982422,2.7065577507019043,0.0,0.0,0.0054340361238925895,0.26006112217567473,0.6678713687246755,0.06600679898358629,0.0006266739921708674,0.0,8.584575235217362e-06,0.049636014010026784,0.23391250600920266,0.5031076162351487,0.20789265847125885,0.005416866973422155,2.5753725705652085e-05,0.0,0.0,0.004352379644255202,0.13537875145937778,0.27261177116956253,0.5026011262962709,0.08347640958725362,0.0015795618432799946,0.0,0.0002918755579973903,0.0,0.0,0.0,0.0,0.00025753725705652083,0.5889619531625575,0.41048863402238855,0.026371815122587735,0.6475602637181512,0.2371918137490557,0.08328754893207885,0.005571389327656068,1.7169150470434724e-05,0.0,0.0,0.0,0.0,0.0054340361238925895,0.25926275667879956,0.6459377789986951,0.0877686972048623,0.0015967309937504291,0.0,0.0,0.0015795618432799946,0.13299223954398737,0.38100920266465216,0.4526818213034819,0.0314968065380125,0.00024036810658608612,0.0,0.0,0.0,0.0,0.0,1.0,0.0,0.0,0.0,0.0,0.0,0.0,0.9747527642332258,0.02524723576677426,0.0,0.0,0.0
tip_middle_root_1_2_2,68,舌根,431271,97.05418395996094,31.29227638244629,75.87800598144531,29.335769653320312,93.23643493652344,33.11517333984375,154.22134399414062,9.49016284942627,62.413089752197266,23.86973762512207,97.8419418334961,31.846040725708008,88.34986114501953,32.9080696105957,140.27334594726562,3.6204323768615723,121.36543273925781,2.484394073486328,0.024501995265158102,0.1645670587635153,0.2084930357014499,0.44874104681279287,0.1532678988385493,0.00042896461853451776,0.0,0.0,0.0909335429463145,0.2376974106768134,0.3682603281927141,0.2945502943624774,0.008558423821680568,0.0,0.0,0.0,0.04620296750766919,0.17581984413512616,0.22336303623475726,0.4160307556037851,0.137859953486323,0.0007234430323392948,0.0,0.0,0.001532678988385493,0.0,0.0,2.31872766775415e-06,0.00014144238773300315,0.002833485209995571,0.6694236338636264,0.32606644082259184,0.020564795685311554,0.5751650354417523,0.3022136893044049,0.08784963514820147,0.012370412107468389,0.0010086465354730552,0.00032694060115333513,0.0005008451762348963,0.02449967653749035,0.16376014153513685,0.2045836608536164,0.4322803990994062,0.17401587400961344,0.0008602479647367897,0.0,0.0,0.0660118579732929,0.18220098267678558,0.24803661734732918,0.41886424081378065,0.08482601426945006,6.02869193616079e-05,0.0,0.0,0.0,0.0,0.0,1.39123660065249e-05,0.9999860876339934,0.0,0.0,0.0,0.0,0.0,0.0,0.9844181500726921,0.015581849927307887,0.0,0.0,0.0
tip_middle_root_1_2_2,7,舌尖,129100,154.03591918945312,10.982946395874023,107.63980102539062,14.564489364624023,120.18927764892578,14.915020942687988,171.79244995117188,2.198014974594116,77.57575225830078,13.591609954833984,154.03591918945312,10.982946395874023,128.95889282226562,13.42651653289795,148.45242309570312,2.646662950515747,128.5870361328125,1.6015362739562988,0.0,0.0,0.0,0.044810224632068164,0.6049573973663827,0.35023237800154916,0.0,0.0,0.0,0.002013942680092951,0.18426800929512005,0.7710224632068164,0.04269558481797057,0.0,0.0,0.0,0.0,0.0,0.07656080557707204,0.5634004647560031,0.3599612703330751,7.745933384972889e-05,0.0,0.0,5.422153369481022e-05,0.0,0.0,0.0,0.0,0.0,0.0,0.9999457784663052,0.0,0.1418280402788536,0.7478698683191325,0.110286599535244,1.549186676994578e-05,0.0,0.0,0.0,0.0,0.0,0.0,0.044810224632068164,0.6049573973663827,0.35023237800154916,0.0,0.0,0.0,0.0,0.027358636715724246,0.34019364833462434,0.6315801704105345,0.0008675445391169636,0.0,0.0,0.0,0.0,0.0,0.0,1.0,0.0,0.0,0.0,0.0,0.0,0.0,0.24853601859024013,0.7514639814097599,0.0,0.0,0.0
tip_middle_root_1_2_2,7,舌中,275456,155.0071563720703,8.01819133758545,119.4666748046875,7.581215858459473,129.82797241210938,8.181873321533203,170.32400512695312,13.39138412475586,58.444679260253906,8.230055809020996,155.0071563720703,8.01819133758545,137.56504821777344,7.298329830169678,143.54498291015625,2.620859146118164,127.75547790527344,1.467942476272583,0.0,0.0,0.0,0.00026864544609665427,0.6581994946561338,0.3415318598977695,0.0,0.0,0.0,3.630343866171004e-05,0.003096683317843866,0.8607690520446096,0.13609796119888476,0.0,0.0,0.0,0.0,1.089103159851301e-05,0.0007260687732342007,0.36555021491635686,0.6337128252788105,0.0,0.0,0.0,0.006033631505576208,0.0,0.0,0.0,0.0,0.0,0.0,0.9939663684944238,0.0004755750464684015,0.7387749767657993,0.2603936744888476,0.00035214335501858736,3.6303438661710035e-06,0.0,0.0,0.0,0.0,0.0,0.0,0.00026864544609665427,0.6581994946561338,0.3415318598977695,0.0,0.0,0.0,0.0,0.00010891031598513011,0.08749854786245354,0.9123598687267658,3.267309479553903e-05,0.0,0.0,0.0,0.0,0.0,0.0,1.0,0.0,0.0,0.0,0.0,0.0,0.0,0.41341629879182157,0.5865837012081785,0.0,0.0,0.0
tip_middle_root_1_2_2,7,舌左邊,76451,158.19216918945312,6.115738868713379,122.57626342773438,8.228689193725586,131.01524353027344,8.629169464111328,172.92208862304688,2.6528289318084717,57.57133483886719,7.510611057281494,158.19216918945312,6.115738868713379,140.463134765625,7.436955451965332,143.22093200683594,1.866923451423645,128.7151641845703,1.0346661806106567,0.0,0.0,0.0,0.0001569632836718944,0.5485605158859923,0.45128252083033576,0.0,0.0,0.0,0.0,0.00196204104589868,0.7303763194726034,0.26766163948149796,0.0,0.0,0.0,0.0,0.0,0.00017004355731121894,0.30147414683915186,0.6983558096035369,0.0,0.0,0.0,0.00014388301003256989,0.0,0.0,0.0,0.0,0.0,0.0,0.9998561169899675,0.0,0.805692535087834,0.19430746491216597,0.0,0.0,0.0,0.0,0.0,0.0,0.0,0.0,0.0001569632836718944,0.5485605158859923,0.45128252083033576,0.0,0.0,0.0,0.0,0.0,0.04861937711736929,0.9501118363396163,0.0012687865430144798,0.0,0.0,0.0,0.0,0.0,0.0,1.0,0.0,0.0,0.0,0.0,0.0,0.0,0.06001229545722096,0.939987704542779,0.0,0.0,0.0
tip_middle_root_1_2_2,7,舌右邊,115027,149.82298278808594,13.106998443603516,108.56453704833984,17.92816925048828,119.95881652832031,19.25391960144043,171.53509521484375,2.7139480113983154,71.48502349853516,17.334169387817383,149.82298278808594,13.106998443603516,128.22227478027344,16.576370239257812,146.28318786621094,3.152400255203247,128.3876495361328,2.1003594398498535,0.0,0.0,5.2161666391368984e-05,0.09066566979926452,0.7092943395898355,0.19998782894450867,0.0,0.0,0.0,0.008406721900075634,0.22521668825580082,0.6943587157797735,0.0720178740643501,0.0,0.0,0.0,0.0,0.0014083649925669625,0.16395281107913795,0.33379119684943537,0.5008476270788598,0.0,0.0,0.0,6.954888852182531e-05,0.0,0.0,0.0,0.0,0.0,0.0,0.9999304511114782,0.0,0.409677727837812,0.45751866952976256,0.13274274735496883,6.0855277456597146e-05,0.0,0.0,0.0,0.0,0.0,5.2161666391368984e-05,0.09066566979926452,0.7092943395898355,0.19998782894450867,0.0,0.0,0.0,0.0,0.060959600789379884,0.26514644387839376,0.6738939553322264,0.0,0.0,0.0,0.0,0.0,0.0,0.0,1.0,0.0,0.0,0.0,0.0,0.0,0.0,0.466716510036774,0.533283489963226,0.0,0.0,0.0
tip_middle_root_1_2_2,7,舌根,430751,111.8089828491211,34.01475524902344,85.0562515258789,30.003732681274414,88.0923843383789,30.60540199279785,141.13372802734375,69.29671478271484,65.91899108886719,20.17083168029785,111.8089828491211,34.01475524902344,98.50106811523438,33.41536331176758,139.61672973632812,3.035220146179199,130.57765197753906,1.660467505455017,0.0022031289538503684,0.10889121557465914,0.22241387715872976,0.2285078850658501,0.43007445136517386,0.00790944188173678,0.0,0.0,0.05880195286836246,0.19741335481519487,0.2904531852508758,0.4257726621644523,0.027556523374292805,2.3215268217601353e-06,0.0,0.0,0.04652571903489487,0.19021197861409492,0.2921595074648695,0.4003380143052483,0.07076013752724893,4.643053643520271e-06,0.0,0.0,0.1982491044710285,0.0,0.0,0.0,0.0,0.0,0.0,0.8017508955289715,0.0028438703566561656,0.5593509939617087,0.3540560555866382,0.06439915403562615,0.018393457008805552,0.0009564690505651757,0.0,0.0,0.0022031289538503684,0.10889121557465914,0.22241387715872976,0.2285078850658501,0.43007445136517386,0.00790944188173678,0.0,0.0,0.03807536140368798,0.14279479327964414,0.2387342107157035,0.3384530738175884,0.2419309531492672,1.1607634108800676e-05,0.0,0.0,0.0,0.0,0.0,0.0,1.0,0.0,0.0,0.0,0.0,0.0,0.0,0.02284150239929797,0.9771584976007021,0.0,0.0,0.0
tip_middle_root_1_2_2,70,舌尖,64140,139.93646240234375,11.129146575927734,80.231201171875,14.015365600585938,86.8586654663086,15.202840805053711,168.73487854003906,36.060546875,109.67266845703125,15.752340316772461,139.93646240234375,11.129146575927734,105.30453491210938,12.90201473236084,153.82066345214844,3.0454463958740234,135.1512451171875,2.76479434967041,0.0,0.0,0.0,0.15542563143124416,0.8190053009042719,0.025085749922045524,0.00048331774243841596,0.0,0.0,0.09554100405363268,0.7792485188649828,0.11889616463985032,0.005581540380417836,0.0007327720611163081,0.0,0.0,0.0,0.035843467415029626,0.7100093545369505,0.24134705332086062,0.011053944496414093,0.0016838166510757717,6.236357966947302e-05,0.0,0.04370127845338322,0.0,0.0,0.0,0.0,0.0,0.00017149984409105083,0.9561272217025257,0.00037418147801683815,0.007062675397567821,0.16039912690988462,0.7353757405675085,0.09582164016214531,0.0009666354848768319,0.0,0.0,0.0,0.0,0.0,0.15542563143124416,0.8190053009042719,0.025085749922045524,0.00048331774243841596,0.0,0.0,0.0,0.22452447770502026,0.7316027439975055,0.041300280636108515,0.0025257249766136576,4.677268475210477e-05,0.0,0.0,0.0,0.0,0.0,0.9638758964764578,0.03612410352354225,0.0,0.0,0.0,0.0,0.0,0.007499220455254131,0.9925007795447459,0.0,0.0,0.0
tip_middle_root_1_2_2,70,舌中,151864,148.7584991455078,6.6174211502075195,104.7353744506836,16.111955642700195,114.61032104492188,16.58867645263672,172.2605743408203,9.71249008178711,75.9854507446289,22.619569778442383,148.75860595703125,6.618157386779785,125.31741333007812,12.830410957336426,147.24668884277344,5.297497749328613,129.7290496826172,3.0043728351593018,0.0,0.0,0.0,0.0011852710319759784,0.9541695200969288,0.04433572143496813,0.00030948743612706106,0.0,0.0,0.0012445345835747775,0.28717141653058,0.6296620660591055,0.0814610440920824,0.00045435389559079175,6.584839066533214e-06,0.0,0.0,0.00012511194226413108,0.13871621977558868,0.6224780066375177,0.2371924880155929,0.001356476847705842,0.00013169678133066428,0.0,0.002903914028341147,0.0,0.0,0.0,0.0,0.0,0.0003358267923931939,0.9967602591792657,0.0034965495443291367,0.3230653742822525,0.46188036664383925,0.19983669599114998,0.011721013538429121,0.0,0.0,0.0,0.0,0.0,0.0,0.0011852710319759784,0.9541695200969288,0.0443291365959016,0.0003160722751935943,0.0,0.0,0.0,0.0035294737396618027,0.5656903545277353,0.4286071748406469,0.002067639466891429,0.00010535742506453143,0.0,0.0,0.0,0.0,0.0,0.9937378180477269,0.006262181952273086,0.0,0.0,0.0,0.0,0.0,0.2395564452404783,0.7604435547595216,0.0,0.0,0.0
tip_middle_root_1_2_2,70,舌左邊,55981,134.8835906982422,15.313796997070312,78.36309051513672,16.507080078125,84.5807876586914,19.393585205078125,145.34906005859375,66.34352111816406,108.27165985107422,20.604496002197266,134.8835906982422,15.313796997070312,102.2708969116211,16.073711395263672,152.5791015625,4.429934501647949,134.85435485839844,3.7490394115448,0.003876315178364088,0.002036405208910166,0.006252121255425948,0.2558368017720298,0.7256747825154963,0.006323574069773673,0.0,0.0,0.008752969757596327,0.10187385005626909,0.7189224915596363,0.1688072738965006,0.0016434147299976777,0.0,0.0,0.0,0.00835997927868384,0.057787463603722694,0.6967363927046677,0.21191118415176577,0.025169253853986173,3.572640717386256e-05,0.0,0.0,0.17332666440399422,0.0,0.0,0.0,0.0,0.0,8.93160179346564e-05,0.8265840195780711,3.572640717386256e-05,0.023293617477358388,0.21832407423947411,0.6289455350922635,0.12316678873189117,0.003376145477930012,0.002036405208910166,0.0008217073649988389,0.003876315178364088,0.002036405208910166,0.006252121255425948,0.2558368017720298,0.7256747825154963,0.006323574069773673,0.0,0.0,0.0056804987406441475,0.005287508261731659,0.33388113824333254,0.5795716403779854,0.0754898983583716,8.93160179346564e-05,0.0,0.0,0.0,0.0,0.0,0.0,0.9633268430360301,0.036673156963969916,0.0,0.0,0.0,0.0,0.0,0.040996052232007286,0.9590039477679927,0.0,0.0,0.0
tip_middle_root_1_2_2,70,舌右邊,46275,136.2660675048828,12.611647605895996,79.68732452392578,17.759490966796875,85.86033630371094,20.25653648376465,161.72946166992188,48.352325439453125,107.50208282470703,21.67202377319336,136.2660675048828,12.611647605895996,103.64080047607422,16.166553497314453,152.58697509765625,3.8851053714752197,134.8759307861328,3.5917088985443115,0.00010804970286331713,0.0018584548892490547,0.0012965964343598054,0.29000540248514317,0.6936790923824959,0.012576985413290113,0.00047541869259859536,0.0,0.0020529443544030253,0.16736898973527822,0.6326094003241491,0.18757428417071853,0.010070232306861156,0.00032414910858995135,0.0,0.0,0.002225823878984333,0.11077255537547272,0.5941653160453809,0.25759049162614805,0.03459751485683414,0.000561858454889249,8.64397622906537e-05,0.0,0.08226904376012965,0.0,0.0,0.0,0.0,0.0,0.0,0.9177309562398703,2.1609940572663425e-05,0.037493246893571044,0.22696920583468397,0.5917017828200972,0.14122096164235548,0.0011453268503511616,0.0006266882766072393,0.0008211777417612102,0.00010804970286331713,0.0018584548892490547,0.0012965964343598054,0.29000540248514317,0.6936790923824959,0.012576985413290113,0.00047541869259859536,0.0,0.0017720151269584009,0.0009724473257698541,0.37231766612641815,0.5411345218800648,0.08291734197730956,0.0007779578606158833,0.00010804970286331713,0.0,0.0,0.0,0.0,0.0,0.9934521880064829,0.0065478119935170175,0.0,0.0,0.0,0.0,0.0,0.03183144246353323,0.9681685575364668,0.0,0.0,0.0
tip_middle_root_1_2_2,70,舌根,253731,109.54102325439453,35.32697677612305,75.5749740600586,33.363277435302734,80.80133819580078,35.50293731689453,158.83555603027344,50.01492691040039,86.90267944335938,34.41884994506836,109.54261016845703,35.32686233520508,90.8333969116211,36.40595245361328,143.35279846191406,5.0698041915893555,130.9999542236328,3.314330577850342,0.011906310226184423,0.134402181838246,0.17767241685091692,0.271050837304074,0.39699524299356403,0.007973010787014595,0.0,0.0,0.12541234614611538,0.2485585127556349,0.28039143817665163,0.31281948204988747,0.03281822087171059,0.0,0.0,0.0,0.10596261394941887,0.23795279252436635,0.2508483393830474,0.3191569023887503,0.08595323393672827,0.00012611781768881217,0.0,0.0,0.09056441664597546,0.0,0.0,0.0,0.0,0.0002955886352081535,0.00134788417654918,0.9077921105422672,0.005805360795488135,0.30641900280218026,0.3282807382621753,0.19336620278956848,0.1484288478743236,0.01692737584292026,0.0005123536343607995,0.0002601179989831751,0.011906310226184423,0.134402181838246,0.17767241685091692,0.27104689612227123,0.39699524299356403,0.00797695196881737,0.0,0.0,0.0795291075982044,0.1739755883199136,0.24166144460077799,0.3319302726115453,0.17250946868928116,0.000394118180277538,0.0,0.0,0.0,0.0,0.0,0.0,0.9997044113647918,0.0002955886352081535,0.0,0.0,0.0,0.0,0.0,0.10691243876388774,0.8930875612361122,0.0,0.0,0.0
tip_middle_root_1_2_2,72,舌尖,251532,132.88572692871094,12.69878101348877,75.40109252929688,16.733530044555664,93.43073272705078,17.99569320678711,169.92547607421875,7.370512962341309,111.10255432128906,25.068180084228516,132.8857421875,12.698803901672363,100.62943267822266,14.76916790008545,154.68344116210938,5.377458095550537,128.39370727539062,3.398681402206421,0.0,0.0,0.012710112431022692,0.24458915764197,0.7343638185201088,0.008269325572889334,6.758583400919168e-05,0.0,0.0015147178092648251,0.26039231588823686,0.6182036480447816,0.11736478857560867,0.0024847733091614586,3.9756372946583335e-05,0.0,0.0,7.951274589316667e-05,0.04792630758710621,0.4818790452109473,0.44869837634972887,0.020438751331838492,0.0009700554998966335,7.951274589316668e-06,0.0,0.0016141087416312835,0.0,0.0,0.0,0.0,0.0,0.0009183722150660751,0.9974675190433027,3.975637294658334e-06,0.03326813288170093,0.23596600034985607,0.4501812890606364,0.26623650271138466,0.014280489162412735,6.361019671453334e-05,0.0,0.0,0.0,0.012710112431022692,0.24458915764197,0.7343638185201088,0.008269325572889334,6.758583400919168e-05,0.0,0.0,0.009704530636260993,0.31796749518947887,0.6468838954884468,0.024819903630551976,0.0006201994179667001,3.975637294658334e-06,0.0,0.0,0.0,0.0,0.0,0.820106388054005,0.17989361194599493,0.0,0.0,0.0,0.0,0.0,0.4437089515449327,0.5562910484550674,0.0,0.0,0.0
tip_middle_root_1_2_2,72,舌中,474780,135.60269165039062,9.711639404296875,99.84038543701172,15.519233703613281,112.91179656982422,14.424147605895996,168.956298828125,3.2752492427825928,68.1013412475586,20.873842239379883,135.60269165039062,9.711639404296875,118.14160919189453,13.583894729614258,144.63619995117188,4.495629787445068,126.4708023071289,1.9321216344833374,0.0,0.0,0.0024642992543915075,0.17021567884072622,0.8254033447070221,0.0019166771978600615,0.0,0.0,0.0003538480980664729,0.025769830237162474,0.2996229832764649,0.6646973335018325,0.009556004886473735,0.0,0.0,0.0,0.0,0.008273305530982772,0.1005960655461477,0.759598129660053,0.13150301192131092,2.9487341505539407e-05,0.0,0.0,7.582459244281562e-05,0.0,0.0,0.0,0.0,0.0,0.0007161211508488141,0.9992080542567083,0.0019166771978600615,0.5049117485993513,0.3886115674628249,0.08795231475630819,0.014537259362230928,0.0020641139053877585,6.318716036901302e-06,0.0,0.0,0.0,0.0024642992543915075,0.17021567884072622,0.8254033447070221,0.0019166771978600615,0.0,0.0,0.0,0.003306794725978348,0.05592906188129239,0.6909073676228991,0.24981254475757192,4.423101225830911e-05,0.0,0.0,0.0,0.0,0.0,0.0,0.9980917477568558,0.0019082522431441932,0.0,0.0,0.0,0.0,0.0,0.7334344327899237,0.26656556721007624,0.0,0.0,0.0
tip_middle_root_1_2_2,72,舌左邊,203761,135.48834228515625,15.123842239379883,91.64400482177734,22.879453659057617,106.54219055175781,23.237545013427734,169.40298461914062,3.698728322982788,85.04023742675781,27.7863712310791,135.48834228515625,15.123842239379883,112.30840301513672,20.74312973022461,148.42437744140625,5.0504655838012695,127.16059875488281,2.821568250656128,0.0,4.907710503972792e-06,0.023954534969891195,0.20279150573465973,0.7623637496871335,0.010870578766299734,1.4723131511918374e-05,0.0,0.00286610293432011,0.11829545398776017,0.40293284779717414,0.44169394535755124,0.034192019081178436,1.9630842015891168e-05,0.0,0.0,6.870794705561909e-05,0.056036238534361335,0.2439573814419835,0.507221696006596,0.1924804059658129,0.000235570104190694,0.0,0.0,0.00015213902562315654,0.0,0.0,0.0,0.0,0.0,0.000117785052095347,0.9997300759222815,0.00013250818360726536,0.2687462271975501,0.38693861926472684,0.26413297932381563,0.0760302511275465,0.004019414902753716,0.0,0.0,0.0,4.907710503972792e-06,0.023954534969891195,0.20279150573465973,0.7623637496871335,0.010870578766299734,1.4723131511918374e-05,0.0,0.0,0.02121603250867438,0.19207797370448712,0.5253164246347436,0.26110001423236046,0.0002895549197343947,0.0,0.0,0.0,0.0,0.0,0.0,0.9906066420953961,0.009393357904603923,0.0,0.0,0.0,0.0,0.0,0.6293647950294708,0.3706352049705292,0.0,0.0,0.0
tip_middle_root_1_2_2,72,舌右邊,194567,137.85755920410156,16.274030685424805,88.21012115478516,21.814298629760742,102.29664611816406,23.174589157104492,171.1193389892578,4.758218765258789,94.06098937988281,26.27983283996582,137.85755920410156,16.274030685424805,110.57258605957031,20.24109649658203,150.6409454345703,4.937228202819824,128.78472900390625,2.9949069023132324,0.0,0.00030837706291406044,0.03642961036558101,0.13252504278731747,0.8012150056278814,0.02946028874372324,5.653579486757775e-05,5.139617715234341e-06,0.011857098069045625,0.1131332651477383,0.4984606844942873,0.3489543447758356,0.02749181515878849,9.251311887421814e-05,1.0279235430468682e-05,0.0,0.00331505342632615,0.052706779669728164,0.29260357614600624,0.5196050717747613,0.13064908232125694,0.0010741801024839771,4.625655943710907e-05,0.0,0.0005088221538081997,0.0,0.0,0.0,0.0,0.0,0.0002004450908941393,0.9992907327552977,0.00018502623774843628,0.13995693000354634,0.38003875271757287,0.37431835820051707,0.09679956004872357,0.008701372791891739,0.0,0.0,0.0,0.00030837706291406044,0.03642961036558101,0.13252504278731747,0.8012150056278814,0.02946028874372324,5.653579486757775e-05,5.139617715234341e-06,1.5418853145703023e-05,0.03343321323759939,0.15680973649179974,0.6153612894272924,0.19309029794363894,0.0012540667225171792,3.5977324006640383e-05,0.0,0.0,0.0,0.0,0.0,0.96479875826836,0.03520124173164,0.0,0.0,0.0,0.0,0.0,0.3826034219574748,0.6173965780425252,0.0,0.0,0.0
tip_middle_root_1_2_2,72,舌根,687661,108.55799865722656,31.708702087402344,79.57645416259766,27.54734230041504,87.90628051757812,29.1036434173584,170.5620880126953,13.376920700073242,71.15902709960938,21.103897094726562,108.55799865722656,31.708702087402344,93.91886138916016,31.147764205932617,141.55679321289062,4.6096649169921875,128.00991821289062,1.7998440265655518,0.013656438274091449,0.11744158822443035,0.14108695999918563,0.3919983829241443,0.33309726740356077,0.0027193631745874784,0.0,0.0,0.08072000593315602,0.17802376461657707,0.4055501184449896,0.3275262084079219,0.00817699418754299,2.908409812393025e-06,0.0,0.0,0.061799345898633194,0.14525034864562625,0.3095246058741153,0.4432402012037908,0.04014332643555473,4.217194227969886e-05,0.0,0.0,0.005956423295780915,0.0,0.0,0.0,0.0,0.0,0.00013669526118247218,0.9939068814430366,0.0028197033131150376,0.4148541214348349,0.44240112497291545,0.13149938705263203,0.008274425916258156,0.00014687469552584776,4.362614718589537e-06,0.0,0.013656438274091449,0.11744158822443035,0.14108695999918563,0.3919983829241443,0.33309726740356077,0.0027193631745874784,0.0,0.0,0.057599602129537665,0.12693900046679976,0.23182207512131706,0.486857623160249,0.0966537290903512,0.0001279700317452931,0.0,0.0,0.0,0.0,0.0,0.0,0.9995157497662366,0.00048425023376343865,0.0,0.0,0.0,0.0,0.0,0.4157382780178024,0.5842617219821976,0.0,0.0,0.0
tip_middle_root_1_2_2,74,舌尖,394385,132.61358642578125,15.656487464904785,88.18531799316406,12.21475601196289,103.65270233154297,13.03779125213623,166.1090087890625,21.276870727539062,85.7343978881836,12.640851020812988,132.65980529785156,15.564651489257812,108.95899200439453,13.183975219726562,148.7440948486328,3.413158893585205,126.7198486328125,2.72345232963562,0.0,0.0,0.00832181751334356,0.3383191551402817,0.6510389593924718,0.0023200679539029123,0.0,0.0,0.0,0.01929079452818946,0.669452438606945,0.31125676686486553,0.0,0.0,0.0,0.0,0.0,0.00024848815243987474,0.3001204406861316,0.6820949072606717,0.017536163900756876,0.0,0.0,0.0,0.01669181130113975,0.0,0.0,0.0,0.0,3.5498307491410675e-05,0.03183944622640313,0.9514332441649657,0.0,0.04764126424686537,0.7376066533970612,0.21425764164458588,0.0004944407114875059,0.0,0.0,0.0,0.0,0.0,0.006483512303966936,0.3401574603496583,0.6510389593924718,0.0023200679539029123,0.0,0.0,0.0,5.07118678448724e-06,0.194827389479823,0.7459386132839738,0.05922892604941871,0.0,0.0,0.0,0.0,0.0,0.0,0.0,1.0,0.0,0.0,0.0,0.0,0.0,0.0,0.6855838837683988,0.3144161162316011,0.0,0.0,0.0
tip_middle_root_1_2_2,74,舌中,565348,148.35113525390625,6.178318023681641,112.25006103515625,12.743795394897461,126.57137298583984,10.98939037322998,167.92881774902344,3.291494369506836,62.47311019897461,15.832812309265137,148.35218811035156,6.180278301239014,130.8417510986328,10.48868179321289,144.67686462402344,3.926347255706787,125.76769256591797,1.6775559186935425,0.0,0.0,0.0,0.0010542179330253225,0.9703191662480455,0.028626615818929228,0.0,0.0,0.0,0.0,0.08786092813629835,0.7815363280669605,0.13057621146621196,2.65323305291608e-05,0.0,0.0,0.0,0.0,0.0020182259422514984,0.5237906563744809,0.47360386876755556,0.0005872489157120924,0.0,0.0,6.544641530526331e-05,0.0,0.0,0.0,0.0,0.0,0.004606012579862315,0.9953285410048324,0.0113576062885161,0.5304520401593354,0.44918351174851595,0.009006841803632454,0.0,0.0,0.0,0.0,0.0,0.0,0.0,0.0010542179330253225,0.9702501821886697,0.028695599878305045,0.0,0.0,0.0,0.0,0.00020341453405689947,0.3983068835478325,0.6000693378237829,0.0014203640943277415,0.0,0.0,0.0,0.0,0.0,0.0,1.0,0.0,0.0,0.0,0.0,0.0,0.0,0.8542384513609317,0.14576154863906832,0.0,0.0,0.0
tip_middle_root_1_2_2,74,舌左邊,224786,138.4794464111328,9.042715072631836,95.51339721679688,13.41217041015625,110.52935791015625,14.8753023147583,169.075439453125,4.533613204956055,79.78733825683594,16.025577545166016,138.47947692871094,9.042668342590332,116.02059173583984,12.106712341308594,147.90859985351562,3.1082639694213867,126.72151947021484,2.2966489791870117,0.0,0.0,0.0,0.12785493758508093,0.8711218670201881,0.0010231953947309885,0.0,0.0,0.0,0.003412134207646384,0.45150943564100965,0.5413237479202442,0.0037546822310998017,0.0,0.0,0.0,0.0,4.448675629265168e-06,0.20278842988442342,0.6878898152020143,0.10921943537408914,9.787086384383369e-05,0.0,0.0,0.0004404188872972516,0.0,0.0,0.0,0.0,0.0,0.0018462003861450446,0.9977133807265577,2.6692053775591007e-05,0.14066267472173533,0.6688094454280961,0.1898160917494862,0.0006850960469068358,0.0,0.0,0.0,0.0,0.0,0.0,0.12785493758508093,0.8711218670201881,0.0010231953947309885,0.0,0.0,0.0,0.0,0.0506392746879254,0.7821172137054799,0.16721237087718985,3.114072940485617e-05,0.0,0.0,0.0,0.0,0.0,0.0,1.0,0.0,0.0,0.0,0.0,0.0,0.0,0.6667719519898926,0.3332280480101074,0.0,0.0,0.0
tip_middle_root_1_2_2,74,舌右邊,252236,148.15867614746094,8.839366912841797,109.66243743896484,15.995484352111816,120.98863220214844,16.456714630126953,170.51754760742188,5.1916279792785645,67.00138854980469,19.50733757019043,148.15890502929688,8.839885711669922,128.67083740234375,13.765851020812988,145.19161987304688,4.258713245391846,127.87648010253906,2.2955105304718018,0.0,0.0,0.0,0.032239648583072995,0.9261842084397152,0.041576142977211815,0.0,0.0,0.0,0.0017800789736595885,0.19898032001776114,0.6674780760874737,0.13172980859195357,3.171632915206394e-05,0.0,0.0,0.0,1.1893623432023978e-05,0.08863524635658669,0.5051182226169143,0.40548137458570543,0.0007532628173615186,0.0,0.0,0.0005748584658811589,0.0,0.0,0.0,0.0,0.0,0.0011497169317623178,0.9982754246023565,0.012504162768201208,0.4209113687181846,0.48171157170269113,0.08487289681092311,0.0,0.0,0.0,0.0,0.0,0.0,0.0,0.032239648583072995,0.9261762793574272,0.041584072059499835,0.0,0.0,0.0,0.0,0.014490397881349213,0.39951077562282944,0.5845359108136824,0.0014629156821389492,0.0,0.0,0.0,0.0,0.0,0.0,1.0,0.0,0.0,0.0,0.0,0.0,0.0,0.4881579156028481,0.5118420843971518,0.0,0.0,0.0
tip_middle_root_1_2_2,74,舌根,934817,122.76632690429688,30.27937126159668,92.72276306152344,27.04334259033203,102.57328796386719,29.854970932006836,164.71258544921875,29.277456283569336,64.28833770751953,20.249597549438477,122.76752471923828,30.279857635498047,108.25824737548828,29.952301025390625,141.9397735595703,4.777345657348633,127.32511138916016,2.509209394454956,0.02134856340866715,0.054791472555591095,0.07392035018618617,0.24049626825357262,0.6079318198107223,0.0015115257852606446,0.0,0.0,0.04725202900674678,0.08176787542374604,0.3407800671147401,0.48619462418847753,0.04400540426628955,0.0,0.0,0.0,0.043419193275261364,0.06878244619000297,0.22277087387157057,0.4569140270234709,0.20803323003325785,8.022960643633994e-05,0.0,0.0,0.030066847308082758,0.0,0.0,0.0,0.0,1.8185377458903722e-05,0.007180014912009517,0.9627349524024488,0.012287966521789826,0.5355775515421735,0.35786041546099395,0.093931753487581,0.0003423129874617171,0.0,0.0,0.0,0.02134856340866715,0.054791472555591095,0.07391286208958545,0.2404877104288861,0.607910425249006,0.0015489662682642699,0.0,0.0,0.040564089014213475,0.05871844435862848,0.12290105977961462,0.49111216419898224,0.2866486167880986,5.562586046252903e-05,0.0,0.0,0.0,0.0,0.0,0.0,1.0,0.0,0.0,0.0,0.0,0.0,0.0,0.554686104339138,0.445313895660862,0.0,0.0,0.0
tip_middle_root_1_2_2,8,舌尖,151026,144.19371032714844,10.696026802062988,102.20819854736328,9.74481201171875,113.85010528564453,9.606687545776367,168.71646118164062,21.285411834716797,74.49590301513672,9.623748779296875,144.19503784179688,10.691402435302734,122.14665222167969,9.71603775024414,146.74942016601562,2.667161226272583,128.22071838378906,1.981972575187683,0.0,0.0,0.0,0.08989180670877862,0.8982029584309986,0.011905234860222743,0.0,0.0,0.0,3.9728258710420725e-05,0.22327281395256446,0.7742110629957756,0.0024763947929495583,0.0,0.0,0.0,0.0,0.0014434600664786196,0.04061552315495345,0.9065988637718009,0.05134215300676705,0.0,0.0,0.0,0.016295207447724232,0.0,0.0,0.0,0.0,0.0,0.003615271542648286,0.9800895210096274,0.0,0.11687391574960602,0.8694330777482023,0.013587064478963887,0.0001059420232277886,0.0,0.0,0.0,0.0,0.0,0.0,0.08989180670877862,0.8982029584309986,0.011905234860222743,0.0,0.0,0.0,0.0,0.009746666136956551,0.6962377339001231,0.2940155999629203,0.0,0.0,0.0,0.0,0.0,0.0,0.0,1.0,0.0,0.0,0.0,0.0,0.0,0.0,0.2729331373405904,0.7270668626594097,0.0,0.0,0.0
tip_middle_root_1_2_2,8,舌中,304200,154.7176971435547,5.7952656745910645,122.89273834228516,9.64669418334961,129.98565673828125,8.604737281799316,168.38726806640625,28.47614860534668,52.64757537841797,11.59581184387207,154.7176971435547,5.7952656745910645,139.7506561279297,8.127636909484863,141.54214477539062,3.1022226810455322,128.81369018554688,1.5231401920318604,0.0,0.0,0.0,0.00031886916502301115,0.7977646285338593,0.20191650230111768,0.0,0.0,0.0,0.0,0.007186061801446417,0.6398487836949376,0.35296515450361604,0.0,0.0,0.0,0.0,0.0,0.0009368836291913214,0.35543063773833006,0.6436324786324786,0.0,0.0,0.0,0.02787639710716634,0.0,0.0,0.0,0.0,0.0,0.0,0.9721236028928336,0.020210387902695595,0.7944674556213017,0.18471400394477316,0.0006081525312294543,0.0,0.0,0.0,0.0,0.0,0.0,0.0,0.00031886916502301115,0.7977646285338593,0.20191650230111768,0.0,0.0,0.0,0.0,0.0,0.07606508875739645,0.9232117028270874,0.0007232084155161078,0.0,0.0,0.0,0.0,0.0,0.0,1.0,0.0,0.0,0.0,0.0,0.0,0.0,0.20617028270874424,0.7938297172912557,0.0,0.0,0.0
tip_middle_root_1_2_2,8,舌左邊,87112,151.86827087402344,6.840160846710205,114.64893341064453,15.264577865600586,120.76000213623047,12.32299518585205,136.51844787597656,70.84911346435547,63.85045623779297,17.87779998779297,151.86827087402344,6.840160846710205,132.90924072265625,12.518733978271484,143.6968536376953,4.764516830444336,130.3493194580078,1.9234364032745361,0.0,0.0,0.0,0.0010446321976306364,0.8828060427954817,0.11614932500688768,0.0,0.0,0.0,0.0,0.1389820001836716,0.6204656074938011,0.24055239232252731,0.0,0.0,0.0,0.0,0.0,0.025725502800991826,0.6437574616585545,0.3305170355404537,0.0,0.0,0.0,0.21709982551198456,0.0,0.0,0.0,0.0,0.0,0.0,0.7829001744880154,0.0009298374506382588,0.5568922766094223,0.4105978510423363,0.03158003489760309,0.0,0.0,0.0,0.0,0.0,0.0,0.0,0.0010446321976306364,0.8828060427954817,0.11614932500688768,0.0,0.0,0.0,0.0,0.0,0.33549912755992284,0.6627904307098907,0.0017104417301864268,0.0,0.0,0.0,0.0,0.0,0.0,1.0,0.0,0.0,0.0,0.0,0.0,0.0,0.07102350996418404,0.928976490035816,0.0,0.0,0.0
tip_middle_root_1_2_2,8,舌右邊,136506,141.70059204101562,12.871801376342773,107.20985412597656,17.95062828063965,118.15422821044922,18.648073196411133,167.1077880859375,21.605140686035156,63.51301956176758,19.06450843811035,141.70059204101562,12.871801376342773,124.96414947509766,16.608190536499023,143.61856079101562,3.591759204864502,127.43692016601562,2.482572555541992,0.0,0.0,0.00021244487421798308,0.14464565660117504,0.8478162132067455,0.007325685317861486,0.0,0.0,0.0,0.02741271445943768,0.19499509179083704,0.7164007442896283,0.06119144946009699,0.0,0.0,0.0,0.0,0.002988879609687486,0.14974433358240663,0.4524489766017611,0.39481781020614476,0.0,0.0,0.0,0.016973612881485065,0.0,0.0,0.0,0.0,0.0,0.00021977055953584457,0.982806616558979,0.00458587900898129,0.6110500637334623,0.29072714752465095,0.09056744758472154,0.0030694621481839627,0.0,0.0,0.0,0.0,0.0,0.00021244487421798308,0.14464565660117504,0.8478162132067455,0.007325685317861486,0.0,0.0,0.0,0.0,0.07695632426413491,0.35594772390957174,0.5670959518262934,0.0,0.0,0.0,0.0,0.0,0.0,0.0,1.0,0.0,0.0,0.0,0.0,0.0,0.0,0.6618610170981495,0.33813898290185046,0.0,0.0,0.0
tip_middle_root_1_2_2,8,舌根,524837,124.00962829589844,28.098899841308594,96.11384582519531,26.973100662231445,100.021240234375,28.299856185913086,134.05917358398438,72.02262115478516,61.97726821899414,18.589174270629883,124.00962829589844,28.098899841308594,110.74818420410156,28.83866310119629,140.04254150390625,2.8618271350860596,130.20840454101562,2.7375905513763428,0.0003029512019922376,0.04155194850972778,0.14265190906891093,0.23109270116245614,0.5798143042506531,0.004586185806259848,0.0,0.0,0.012821123510728092,0.14427717558022776,0.23731558560086274,0.546038103258726,0.059548012049455354,0.0,0.0,0.0,0.010279381979547936,0.13257830526430112,0.2180448405886018,0.48017003374381,0.1589274384237392,0.0,0.0,0.0,0.23173861598934525,0.0,0.0,0.0,0.0,0.0,0.0001352800964870998,0.7681261039141677,0.008661736882117686,0.5861667527251319,0.351453879966542,0.05058713467228873,0.002541741531180157,0.0005449310928916978,4.382312984793374e-05,0.0,0.0003029512019922376,0.04155194850972778,0.14265190906891093,0.23109270116245614,0.5798143042506531,0.004586185806259848,0.0,0.0,0.0043327737945304924,0.09296410123524065,0.1651712817503339,0.36099589015256167,0.3765340477138616,1.905353471649293e-06,0.0,0.0,0.0,0.0,0.0,0.0,1.0,0.0,0.0,0.0,0.0,0.0,0.0,0.15339429194206963,0.8466057080579303,0.0,0.0,0.0
tip_middle_root_1_2_2,85,舌尖,157723,150.93199157714844,14.575369834899902,83.8314437866211,14.168451309204102,97.39738464355469,14.475349426269531,171.96237182617188,17.379390716552734,113.81964874267578,16.298139572143555,150.93199157714844,14.575369834899902,112.060791015625,13.373541831970215,157.41944885253906,4.370438575744629,132.63677978515625,2.674360752105713,0.0,0.0,0.0,0.0820742694470686,0.6147423013764638,0.3002479029691294,0.0029355262073381813,0.0,0.0,0.051007145438521966,0.7441337027573658,0.19864572700240293,0.006156362737203832,5.706206450549381e-05,0.0,0.0,0.0,0.0028594434546641897,0.47785040862778416,0.49561573137716125,0.02275508327891303,0.0009193332614774002,0.0,0.0,0.01051210032778986,0.0,0.0,0.0,0.0,0.0,0.0001648459641269821,0.9893230537080832,0.0,0.0026945974905372076,0.1272357233884722,0.6624905689087831,0.20681194245607806,0.0007671677561294168,0.0,0.0,0.0,0.0,0.0,0.0820742694470686,0.6147423013764638,0.3002479029691294,0.0029355262073381813,0.0,0.0,0.0,0.10889977999404019,0.7688986387527501,0.11950698376267253,0.0026945974905372076,0.0,0.0,0.0,0.0,0.0,0.0,0.6850998269117377,0.31490017308826235,0.0,0.0,0.0,0.0,0.0,0.02664164389467611,0.9733583561053238,0.0,0.0,0.0
tip_middle_root_1_2_2,85,舌中,322000,153.9716033935547,8.681220054626465,98.18270111083984,12.6116304397583,111.46531677246094,11.608743667602539,172.9099884033203,1.607977271080017,92.88683319091797,13.948002815246582,153.9716033935547,8.681220054626465,122.4857406616211,10.925111770629883,152.4893035888672,3.2994508743286133,130.013671875,1.4090752601623535,0.0,0.0,0.0,0.002127329192546584,0.7570993788819875,0.239972049689441,0.0008012422360248447,0.0,0.0,0.0026055900621118015,0.4095341614906832,0.5746739130434783,0.01311801242236025,6.832298136645963e-05,0.0,0.0,0.0,1.5527950310559007e-05,0.0773385093167702,0.8445745341614906,0.0772919254658385,0.0007795031055900622,0.0,0.0,3.1055900621118014e-05,0.0,0.0,0.0,0.0,0.0,0.0,0.9999689440993789,0.0,0.009782608695652175,0.5858198757763975,0.393527950310559,0.01086335403726708,6.2111801242236025e-06,0.0,0.0,0.0,0.0,0.0,0.002127329192546584,0.7570993788819875,0.239972049689441,0.0008012422360248447,0.0,0.0,0.0,0.0066055900621118015,0.6856024844720497,0.30516149068322984,0.002630434782608696,0.0,0.0,0.0,0.0,0.0,0.0,0.9794378881987578,0.020562111801242237,0.0,0.0,0.0,0.0,0.0,0.03125776397515528,0.9687422360248448,0.0,0.0,0.0
tip_middle_root_1_2_2,85,舌左邊,89707,146.20208740234375,9.806770324707031,93.12335968017578,12.64969253540039,104.0989990234375,12.2239990234375,173.80813598632812,1.0773404836654663,93.20382690429688,13.037840843200684,146.20208740234375,9.806770324707031,116.3233871459961,11.528388977050781,151.27145385742188,2.632856607437134,130.8481903076172,1.3948508501052856,0.0,0.0,0.0,0.036084140591035256,0.8791287190520249,0.08478714035693982,0.0,0.0,0.0,0.007981539902125809,0.5602684294425184,0.4299775937217831,0.001772436933572631,0.0,0.0,0.0,0.0,2.229480419588215e-05,0.2491667316931789,0.7243358935200152,0.026475079982610054,0.0,0.0,0.0,0.0,0.0,0.0,0.0,0.0,0.0,0.0,1.0,0.0,0.0027645557202893864,0.6024613463832253,0.3853991327321168,0.009374965164368443,0.0,0.0,0.0,0.0,0.0,0.0,0.036084140591035256,0.8791287190520249,0.08478714035693982,0.0,0.0,0.0,0.0,0.03689790094418496,0.7923461937195536,0.1707336105320655,2.229480419588215e-05,0.0,0.0,0.0,0.0,0.0,0.0,0.9935902437936839,0.006409756206316118,0.0,0.0,0.0,0.0,0.0,0.004314044611903196,0.9956859553880968,0.0,0.0,0.0
tip_middle_root_1_2_2,85,舌右邊,56154,139.59263610839844,11.257308959960938,83.95310974121094,16.030927658081055,92.72660827636719,15.588948249816895,175.1049041748047,5.008986949920654,102.86708068847656,17.208087921142578,139.59263610839844,11.257308959960938,107.736083984375,14.434450149536133,152.33724975585938,3.1240317821502686,132.93304443359375,1.8533427715301514,0.0,0.0,0.0,0.12713252840403177,0.814064892972896,0.05855326423763223,0.0002493143854400399,0.0,0.0,0.06829433344018236,0.7171706378886633,0.1973857605869573,0.01686433735797984,0.00028493072621718846,0.0,0.0,0.0,0.00333012786266339,0.6227695266588311,0.3410620792819746,0.03230402108487374,0.0005342451116572283,0.0,0.0,0.0007657513267086939,0.0,0.0,0.0,0.0,0.0,0.0,0.9992342486732914,0.0,0.02361363393524949,0.2977348007265734,0.6152366705844642,0.06341489475371301,0.0,0.0,0.0,0.0,0.0,0.0,0.12713252840403177,0.814064892972896,0.05855326423763223,0.0002493143854400399,0.0,0.0,0.0,0.2026391708515867,0.7042775225273356,0.0913202977526089,0.0017630088684688534,0.0,0.0,0.0,0.0,0.0,0.0,0.9926630337999074,0.0073369662000926025,0.0,0.0,0.0,0.0,0.0,0.00033835523738291127,0.9996616447626171,0.0,0.0,0.0
tip_middle_root_1_2_2,85,舌根,540771,127.49195861816406,29.341402053833008,81.79026794433594,23.767059326171875,87.8239517211914,25.069059371948242,173.8443603515625,20.058486938476562,94.1742935180664,17.354990005493164,127.4919662475586,29.341337203979492,101.48804473876953,27.10356330871582,147.96908569335938,3.8067214488983154,132.48704528808594,1.6839293241500854,0.004134837112197215,0.052889300646669295,0.08219745511501171,0.2223048203398481,0.5920010503521823,0.04646329037614813,9.246057943195919e-06,0.0,0.054653448502231076,0.13870381362905926,0.47983527223168404,0.32558143835375786,0.0012260272832677788,0.0,0.0,0.0,0.04489885737215938,0.11250048541804201,0.38749858997616365,0.44666041633149706,0.008441650902137873,0.0,0.0,0.0,0.013062830662147194,0.0,0.0,0.0,0.0,0.0,0.00034580256707552736,0.9865913667707773,0.0,0.014599525492306356,0.5882490000388334,0.34716728522794305,0.04883952726754948,0.0011446619733676546,0.0,0.0,0.004134837112197215,0.052889300646669295,0.08219745511501171,0.2223048203398481,0.5920010503521823,0.04646329037614813,9.246057943195919e-06,0.0,0.028426080540561532,0.0827207819945966,0.18979013297680533,0.5780358044347792,0.1209902158214845,3.6984231772783674e-05,0.0,0.0,0.0,0.0,0.0,0.0,0.9990901878983895,0.0009098121016104784,0.0,0.0,0.0,0.0,0.0,0.0016735364877184613,0.9983264635122815,0.0,0.0,0.0
tip_middle_root_1_2_2,87,舌尖,71647,146.5422821044922,10.346858024597168,81.16126251220703,13.0755033493042,89.1859130859375,12.045673370361328,172.7732391357422,24.035446166992188,114.7319107055664,14.739171981811523,146.5422821044922,10.346858024597168,108.3928451538086,11.626832962036133,156.1715087890625,3.5808615684509277,135.52334594726562,1.9686387777328491,0.0,0.0,0.0,0.0579926584504585,0.8675310899270032,0.07447625162253828,0.0,0.0,0.0,0.08469300877915335,0.7775761720658227,0.13692129468086592,0.0008095244741580247,0.0,0.0,0.0,0.0,0.005373567630186889,0.7014389995394085,0.29024243862269183,0.0029449942077128142,0.0,0.0,0.0,0.02009853866875096,0.0,0.0,0.0,0.0,0.0,0.0,0.979901461331249,0.0,4.187195555989783e-05,0.08766591762390609,0.710650829762586,0.19943612433179336,0.002205256326154619,0.0,0.0,0.0,0.0,0.0,0.0579926584504585,0.8675310899270032,0.07447625162253828,0.0,0.0,0.0,0.0,0.15015283263779364,0.8009686379052856,0.04886457213840077,1.3957318519965944e-05,0.0,0.0,0.0,0.0,0.0,0.0,0.8321492874788896,0.16785071252111045,0.0,0.0,0.0,0.0,0.0,0.0,1.0,0.0,0.0,0.0
tip_middle_root_1_2_2,87,舌中,163800,157.1184539794922,8.283392906188965,106.43189239501953,13.202370643615723,108.23623657226562,12.149351119995117,115.6005859375,82.57551574707031,86.52865600585938,14.245562553405762,157.1184539794922,8.283392906188965,128.39572143554688,11.011509895324707,148.54660034179688,4.553534507751465,135.3051300048828,3.241530179977417,0.0,0.0,0.0,0.0010561660561660563,0.5881135531135531,0.4108058608058608,2.442002442002442e-05,0.0,0.0,0.0002503052503052503,0.21467643467643469,0.7456532356532356,0.03942002442002442,0.0,0.0,0.0,0.0,0.0009768009768009768,0.14887667887667888,0.805018315018315,0.045115995115995115,1.221001221001221e-05,0.0,0.0,0.35285714285714287,0.0,0.0,0.0,0.0,0.0,0.0,0.6471428571428571,0.0,0.0292002442002442,0.7199450549450549,0.24487179487179486,0.005982905982905983,0.0,0.0,0.0,0.0,0.0,0.0,0.0010561660561660563,0.5881135531135531,0.4108058608058608,2.442002442002442e-05,0.0,0.0,0.0,0.0008608058608058608,0.43715506715506713,0.5616178266178267,0.0003663003663003663,0.0,0.0,0.0,0.0,0.0,0.0,0.9951098901098901,0.00489010989010989,0.0,0.0,0.0,0.0,0.0,3.0525030525030525e-05,0.999969474969475,0.0,0.0,0.0
tip_middle_root_1_2_2,87,舌左邊,52738,135.63453674316406,9.265687942504883,74.49967956542969,14.646157264709473,79.74225616455078,15.552397727966309,149.1219940185547,63.98974609375,116.31536865234375,19.979061126708984,135.63453674316406,9.265687942504883,100.00367736816406,12.453229904174805,154.46246337890625,4.249545097351074,136.59922790527344,3.263519525527954,0.0,0.0,0.00018961659524441578,0.17545223557965794,0.8186127649891919,0.005745382835905799,0.0,0.0,0.0,0.24898555121544239,0.652053547726497,0.09890401607948728,5.6884978573324735e-05,0.0,0.0,0.0,0.0,0.1388183093784368,0.6737456862224582,0.18658272972050513,0.0008532746785998711,0.0,0.0,0.0,0.15713527247904738,0.0,0.0,0.0,0.0,0.0,0.0,0.8428647275209527,0.0,0.00047404148811103946,0.1683226515984679,0.497895255792787,0.3287572528347681,0.004550798285865979,0.0,0.0,0.0,0.0,0.00018961659524441578,0.17545223557965794,0.8186127649891919,0.005745382835905799,0.0,0.0,0.0,0.00034130987143994845,0.3955402176798513,0.5756570215025218,0.02846145094618681,0.0,0.0,0.0,0.0,0.0,0.0,0.0,0.88217224771512,0.11782775228487997,0.0,0.0,0.0,0.0,0.0,0.0,1.0,0.0,0.0,0.0
tip_middle_root_1_2_2,87,舌右邊,67624,137.4442596435547,11.014660835266113,79.71776580810547,16.386608123779297,86.45565032958984,17.213125228881836,165.27137756347656,42.45102310180664,108.48027038574219,20.37090301513672,137.4442596435547,11.014660835266113,104.10246276855469,14.506268501281738,153.07412719726562,3.8991284370422363,134.75245666503906,2.8782424926757812,0.0,0.0,0.0,0.19428013722938603,0.7922335265586182,0.013486336211995742,0.0,0.0,2.9575298710516975e-05,0.17385839346977405,0.6548414763989117,0.1696291257541701,0.0016414290784336923,0.0,0.0,0.0,0.0,0.10077783035608659,0.594448716432036,0.2990506329113924,0.005722820300485035,0.0,0.0,0.0,0.06231515438305927,0.0,0.0,0.0,0.0,0.0,0.0,0.9376848456169408,0.0,0.011785756536141015,0.24313853069916005,0.5819975156749083,0.15580267360700342,0.0072755234827871764,0.0,0.0,0.0,0.0,0.0,0.19428013722938603,0.7922335265586182,0.013486336211995742,0.0,0.0,0.0,0.0001478764935525849,0.2929581213770259,0.645480894357033,0.0614131077723885,0.0,0.0,0.0,0.0,0.0,0.0,0.0,0.9592600260262628,0.04073997397373713,0.0,0.0,0.0,0.0,0.0,0.0013456760913285225,0.9986543239086715,0.0,0.0,0.0
tip_middle_root_1_2_2,87,舌根,272212,134.0863800048828,16.54107093811035,95.2408447265625,18.578529357910156,81.8973159790039,20.01907730102539,32.3232307434082,58.680580139160156,102.40569305419922,23.06712532043457,134.0863800048828,16.54107093811035,112.51110076904297,18.019433975219727,142.0581817626953,5.364115238189697,142.02767944335938,5.478564262390137,0.000951464299883914,0.004360571907189984,0.009187691945983277,0.278540255389182,0.6839999706111413,0.022960045846619547,0.0,0.0,0.005154071091649156,0.038209189896110385,0.422883634814042,0.5178316900063186,0.015921414191879858,0.0,0.0,0.0,0.008941560254507517,0.17044435954329715,0.546511542474248,0.27193143579269097,0.0021711019352563445,0.0,0.0,0.0,0.8608290597034665,0.0,0.0,0.0,0.0,0.0,0.0,0.1391709402965336,0.0,0.021538359807796864,0.39589731532775924,0.45135041805651477,0.1131397587174702,0.01741657237741172,0.00045185370226147266,0.00020572201078571114,0.000951464299883914,0.004360571907189984,0.009187691945983277,0.278540255389182,0.6839999706111413,0.022960045846619547,0.0,0.0,0.004709564604058601,0.005635313652594302,0.15387639046037646,0.6216441596990581,0.21413457158391253,0.0,0.0,0.0,0.0,0.0,0.0,0.0,0.9995848823710931,0.0004151176289068814,0.0,0.0,0.0,0.0,0.0,0.0002718469428239754,0.999728153057176,0.0,0.0,0.0
tip_middle_root_1_2_2,9,舌尖,129485,158.3123779296875,6.847023010253906,105.7084732055664,12.783662796020508,119.6669692993164,13.376166343688965,171.85366821289062,2.181168794631958,85.16313171386719,14.890437126159668,158.3123779296875,6.847023010253906,129.1192626953125,10.665470123291016,151.1381072998047,3.3610241413116455,128.99049377441406,2.2661099433898926,0.0,0.0,0.0,7.722902266671815e-06,0.5684210526315789,0.4314476580298876,0.00012356643626674905,0.0,0.0,0.0,0.22103718577441403,0.733876510792756,0.045032243116963355,5.406031586670271e-05,0.0,0.0,0.0,0.0,0.03188014055682125,0.6833610070664555,0.2831679345097888,0.001590917866934394,0.0,0.0,0.0,0.0,0.0,0.0,0.0,0.0,0.0,1.0,0.0,0.06980731358844654,0.6738309456693825,0.2545545816117697,0.0018071591304012048,0.0,0.0,0.0,0.0,0.0,0.0,7.722902266671815e-06,0.5684210526315789,0.4314476580298876,0.00012356643626674905,0.0,0.0,0.0,7.722902266671815e-05,0.45080897401243386,0.5462486002239642,0.0028651967409352433,0.0,0.0,0.0,0.0,0.0,0.0,0.9932579063211955,0.006742093678804495,0.0,0.0,0.0,0.0,0.0,0.2522840483453682,0.7477159516546318,0.0,0.0,0.0
tip_middle_root_1_2_2,9,舌中,243904,159.78643798828125,7.31696891784668,120.91059112548828,11.216779708862305,137.66111755371094,11.036361694335938,166.89556884765625,2.7590231895446777,62.350399017333984,11.200651168823242,159.7866668701172,7.317584037780762,140.41444396972656,9.713037490844727,145.90586853027344,2.8400633335113525,124.90548706054688,1.8335700035095215,0.0,0.0,0.0,0.0002910981369719234,0.4783275387037523,0.5203522697454737,0.0010290934138021516,0.0,0.0,0.0,0.010545132511151929,0.7331614077669902,0.2526731828916295,0.0035710771451062714,4.919968512201522e-05,0.0,0.0,0.0,0.001127492784046182,0.1566968971398583,0.8176741668853319,0.024144745473628968,0.0003566977171346103,0.0,0.0,0.0,0.0,0.0,0.0,0.0,0.0032348792967725006,0.9967651207032275,0.004054874048806088,0.529491111256888,0.46306743636840725,0.003386578325898714,0.0,0.0,0.0,0.0,0.0,0.0,0.0,0.0002910981369719234,0.4783275387037523,0.5203481697717135,0.0010331933875623197,0.0,0.0,0.0,0.00010249934400419837,0.07931809236420886,0.8926872868013644,0.027625623196011546,0.0002664982944109158,0.0,0.0,0.0,0.0,0.0,1.0,0.0,0.0,0.0,0.0,0.0,0.0,0.9209115061663605,0.07908849383363946,0.0,0.0,0.0
tip_middle_root_1_2_2,9,舌左邊,99185,152.9988250732422,10.028417587280273,107.2374267578125,14.597200393676758,122.15557098388672,15.957632064819336,169.97377014160156,2.5446293354034424,76.975341796875,14.21982192993164,152.9988250732422,10.028417587280273,128.61502075195312,13.147732734680176,148.62440490722656,2.8025243282318115,127.1804428100586,2.1443958282470703,0.0,0.0,0.0,0.004436154660482936,0.7274487069617381,0.2676311942329989,0.0004839441447799567,0.0,0.0,5.041084841457882e-05,0.23114382215052678,0.6826334627211776,0.0856379492866865,0.0005343549931945354,0.0,0.0,0.0,0.0,0.03968341987195644,0.5690275747340827,0.3851993749054797,0.0060493018097494584,4.0328678731663054e-05,0.0,0.0,0.0,0.0,0.0,0.0,0.0,0.00024197207238997834,0.99975802792761,5.041084841457882e-05,0.18565307254121086,0.7113978928265363,0.10287845944447245,2.0164339365831527e-05,0.0,0.0,0.0,0.0,0.0,0.0,0.004436154660482936,0.7274487069617381,0.2676311942329989,0.0004839441447799567,0.0,0.0,0.0,0.001663557997681101,0.4749508494227958,0.5157029792811413,0.007652366789333064,3.0246509048747292e-05,0.0,0.0,0.0,0.0,0.0,1.0,0.0,0.0,0.0,0.0,0.0,0.0,0.5710137621616171,0.4289862378383828,0.0,0.0,0.0
tip_middle_root_1_2_2,9,舌右邊,96878,145.27015686035156,9.264866828918457,98.78742218017578,12.164656639099121,109.39690399169922,13.62062931060791,170.48419189453125,20.282546997070312,82.06790161132812,13.732497215270996,145.27015686035156,9.264866828918457,119.9570083618164,11.047423362731934,148.44606018066406,3.155169725418091,129.71417236328125,2.162302017211914,0.0,0.0,0.0,0.028768141373686492,0.9084828340799769,0.06263547967546812,0.00011354487086851503,0.0,0.0,0.0007328805301513243,0.43242015731125744,0.5510022915419394,0.015741448006771405,0.00010322260988046821,0.0,0.0,0.0,0.00012386713185656185,0.136904147484465,0.7577468568715291,0.1047399822457111,0.0004438572224860133,4.1289043952187285e-05,0.0,0.014368587295361175,0.0,0.0,0.0,0.0,0.0,0.0,0.9856314127046388,0.0,0.09890790478746464,0.7440801833233551,0.15615516422717232,0.0008567476620078862,0.0,0.0,0.0,0.0,0.0,0.0,0.028768141373686492,0.9084828340799769,0.06263547967546812,0.00011354487086851503,0.0,0.0,0.0,0.009878403765560808,0.7569417205144615,0.23228183901401764,0.000867069922995933,3.0966782964140464e-05,0.0,0.0,0.0,0.0,0.0,0.9990090629451475,0.0009909370548524948,0.0,0.0,0.0,0.0,0.0,0.1315881830756209,0.8684118169243791,0.0,0.0,0.0
tip_middle_root_1_2_2,9,舌根,410109,128.5022430419922,28.071821212768555,94.3404769897461,27.05316162109375,103.59825134277344,28.96965789794922,171.59034729003906,6.387549877166748,71.12808227539062,19.609682083129883,128.5022430419922,28.071821212768555,111.0993423461914,28.736570358276367,143.5089874267578,2.75154972076416,128.32638549804688,1.91309654712677,0.0,0.035853882748244977,0.10620103435915818,0.22577412346473744,0.5471545369645631,0.08487011989495476,0.00014630256834158724,0.0,0.022413553469931166,0.12186028592398607,0.32495507291963843,0.44365034661516817,0.08620878839528028,0.0009119526759958938,0.0,0.0,0.013876798607199549,0.09817146173334407,0.20958086752546273,0.4658005554620845,0.20800323816351263,0.004550009875423363,1.7068632973185178e-05,0.0,0.0011192146478131424,0.0,0.0,0.0,0.0,0.0,0.00026822137529290994,0.9986125639768939,0.0012752707207108354,0.4083524136266212,0.4850466583274203,0.09594034756613486,0.007568719535538113,0.0007388279701250155,0.0008607467770763382,0.0002170154763733544,0.0,0.035853882748244977,0.10620103435915818,0.22577412346473744,0.5471545369645631,0.08487011989495476,0.00014630256834158724,0.0,0.008475795459255954,0.07790124088961715,0.15573420724734155,0.44212879990441567,0.30768649310305307,0.008053956387204377,1.950700911221163e-05,0.0,0.0,0.0,0.0,0.0,1.0,0.0,0.0,0.0,0.0,0.0,0.0,0.35038977442582336,0.6496102255741766,0.0,0.0,0.0
tip_middle_root_1_2_2,96,舌尖,72528,152.11148071289062,12.966621398925781,88.76419067382812,14.97300910949707,96.92786407470703,15.152058601379395,172.38388061523438,24.758041381835938,107.1621322631836,15.15071964263916,152.11148071289062,12.966621398925781,115.21809387207031,13.86131763458252,155.10328674316406,3.1557247638702393,134.73605346679688,2.2935280799865723,0.0,0.0,0.0,0.04825722479594088,0.6994953673064196,0.24673229649238915,0.00550132362673726,1.3787778513125965e-05,0.0,0.03582064857710126,0.6798202073681888,0.2676759320538275,0.015980035296712995,0.0007031767041694242,0.0,0.0,0.0,0.01544231193470108,0.4584160600044121,0.49636002647253474,0.028168431502316345,0.0015993823075226119,1.3787778513125965e-05,0.0,0.020598941098610192,0.0,0.0,0.0,0.0,0.0,0.0,0.9794010589013898,0.0,0.004384513567174057,0.19374586366644606,0.7193773439223472,0.08125137877785131,0.001240900066181337,0.0,0.0,0.0,0.0,0.0,0.04825722479594088,0.6994953673064196,0.24673229649238915,0.00550132362673726,1.3787778513125965e-05,0.0,0.0,0.07186190161041253,0.7662971542025149,0.1553744760644165,0.006411317008603574,5.515111405250386e-05,0.0,0.0,0.0,0.0,0.0,0.9274349216854181,0.07256507831458195,0.0,0.0,0.0,0.0,0.0,0.0,1.0,0.0,0.0,0.0
tip_middle_root_1_2_2,96,舌中,184962,162.9198455810547,10.105158805847168,108.27301025390625,15.195186614990234,112.87569427490234,14.371268272399902,150.90492248535156,62.59705352783203,86.57804107666016,14.893738746643066,162.9198455810547,10.105158805847168,131.55813598632812,13.129681587219238,150.4676055908203,3.6016058921813965,134.44859313964844,1.8009772300720215,0.0,0.0,0.0,0.0010326445432034688,0.3801267287334696,0.6121689860620019,0.00654188427893297,0.0001297563823920589,0.0,0.0028762664763573057,0.19930039683826947,0.6857408548782993,0.11103361771607141,0.0010434575750694738,5.406515933002455e-06,0.0,0.0,0.003530454904250603,0.0878775099750219,0.7552578367448449,0.15119862458234665,0.00204906953860793,8.650425492803927e-05,0.0,0.1482682929466593,0.0,0.0,0.0,0.0,0.0,0.0,0.8517317070533407,0.0,0.04800445496912879,0.6831511337463911,0.2597452449692369,0.008926157805387053,0.00017300850985607855,0.0,0.0,0.0,0.0,0.0,0.0010326445432034688,0.3801267287334696,0.6121689860620019,0.00654188427893297,0.0001297563823920589,0.0,0.0,0.0038332197964987403,0.3868578410700576,0.5901590596987489,0.018868740606178568,0.0002811388285161276,0.0,0.0,0.0,0.0,0.0,0.9930418139942259,0.006958186005774159,0.0,0.0,0.0,0.0,0.0,0.0,1.0,0.0,0.0,0.0
tip_middle_root_1_2_2,96,舌左邊,70200,144.29678344726562,17.123170852661133,90.56001281738281,19.21658706665039,94.78256225585938,20.098112106323242,143.6214599609375,69.0593490600586,97.04931640625,18.732805252075195,144.29678344726562,17.123170852661133,113.44570922851562,18.427637100219727,150.7000274658203,3.5722920894622803,135.00958251953125,2.334329843521118,0.0,0.0,0.0001282051282051282,0.1941025641025641,0.6143019943019943,0.1877065527065527,0.0037321937321937323,2.849002849002849e-05,0.0,0.07877492877492877,0.5098433048433049,0.38276353276353275,0.027991452991452993,0.0006267806267806268,0.0,0.0,0.0,0.0735042735042735,0.4105270655270655,0.47170940170940173,0.042792022792022794,0.0014672364672364672,0.0,0.0,0.1895868945868946,0.0,0.0,0.0,0.0,0.0,0.0,0.8104131054131054,0.0,0.015712250712250714,0.5060683760683761,0.40665242165242166,0.06917378917378918,0.002393162393162393,0.0,0.0,0.0,0.0,0.0001282051282051282,0.1941025641025641,0.6143019943019943,0.1877065527065527,0.0037321937321937323,2.849002849002849e-05,0.0,0.00048433048433048435,0.1892022792022792,0.5851282051282052,0.21853276353276355,0.006581196581196581,7.122507122507122e-05,0.0,0.0,0.0,0.0,0.0,0.9853418803418803,0.014658119658119658,0.0,0.0,0.0,0.0,0.0,0.0,1.0,0.0,0.0,0.0
tip_middle_root_1_2_2,96,舌右邊,45618,141.6630096435547,10.061996459960938,77.36625671386719,19.44898796081543,78.3628158569336,19.802316665649414,79.39466857910156,88.2199478149414,118.5302734375,26.380128860473633,141.6630096435547,10.061996459960938,103.99947357177734,15.804110527038574,155.10589599609375,5.507561683654785,139.8155975341797,3.812321662902832,0.0,0.0,4.384234293480644e-05,0.058617212503836204,0.8985707396203253,0.042658599675566664,0.0001096058573370161,0.0,0.0,0.3098557586917445,0.4680827743434609,0.2173264939278355,0.0047349730369590955,0.0,0.0,0.0,0.0,0.30428778113902405,0.45964312332851065,0.22920776886316804,0.006861326669297207,0.0,0.0,0.0,0.5563593318426937,0.0,0.0,0.0,0.0,0.0,0.0,0.44364066815730635,0.0,0.00504186943750274,0.2557323863387259,0.2949712832653777,0.40652812486299267,0.037726336095400936,0.0,0.0,0.0,0.0,4.384234293480644e-05,0.058617212503836204,0.8985707396203253,0.042658599675566664,0.0001096058573370161,0.0,0.0,0.0006357139725546933,0.362510412556447,0.5621026787671534,0.07411548073129028,0.0006357139725546933,0.0,0.0,0.0,0.0,0.0,0.0,0.7429523433732299,0.25704765662677015,0.0,0.0,0.0,0.0,0.0,0.0,1.0,0.0,0.0,0.0
tip_middle_root_1_2_2,96,舌根,319190,122.0946273803711,39.53031921386719,80.49817657470703,33.47480010986328,76.58303833007812,32.734352111816406,28.25731086730957,61.599937438964844,103.4288558959961,26.14969825744629,122.0946273803711,39.53031921386719,97.58612823486328,37.83949279785156,144.95098876953125,3.5019805431365967,137.48695373535156,2.757467031478882,0.022619756258028135,0.09627807888718318,0.11971552993514835,0.19492465302797707,0.43286130517873367,0.133500422945581,0.00010025376734860114,0.0,0.12126633039882202,0.17218584542122248,0.2825119834581284,0.3920423572167048,0.0319621542028259,3.132930229643786e-05,0.0,0.0,0.13094708480842132,0.19521601553933393,0.32012281086500205,0.3321313324352267,0.02154829411948996,3.4462232526081644e-05,0.0,0.0,0.8564397380870328,0.0,0.0,0.0,0.0,0.0,0.0,0.1435602619129672,0.0,0.01695541840283217,0.46211974059337696,0.3186002067733952,0.17400921081487516,0.028280961182994453,3.4462232526081644e-05,0.0,0.022619756258028135,0.09627807888718318,0.11971552993514835,0.19492465302797707,0.43286130517873367,0.133500422945581,0.00010025376734860114,0.0,0.09131551740342743,0.1156834487295968,0.17417212318681663,0.3787462013220966,0.23850684545255177,0.0015758639055108244,0.0,0.0,0.0,0.0,0.0,0.0,0.9979604624205018,0.0020395375794981046,0.0,0.0,0.0,0.0,0.0,0.0,1.0,0.0,0.0,0.0
